year,period,state,category,data_item,value,unit
2005,annual,California,gross_value_of_production,Milk sold,13.99,dollars_per_cwt
2005,annual,California,gross_value_of_production,Cattle,1.15,dollars_per_cwt
2005,annual,California,gross_value_of_production,Other income 2/,0.5,dollars_per_cwt
2005,annual,California,gross_value_of_production,"Total, gross value of production",15.64,dollars_per_cwt
2005,annual,California,operating_costs,Purchased feed,6.61,dollars_per_cwt
2005,annual,California,operating_costs,Homegrown harvested feed,1.51,dollars_per_cwt
2005,annual,California,operating_costs,Grazed feed,0.05,dollars_per_cwt
2005,annual,California,operating_costs,"Total, feed costs",8.170000000000002,dollars_per_cwt
2005,annual,California,operating_costs,Veterinary and medicine,0.54,dollars_per_cwt
2005,annual,California,operating_costs,Bedding and litter,0.04,dollars_per_cwt
2005,annual,California,operating_costs,Marketing,0.28,dollars_per_cwt
2005,annual,California,operating_costs,Custom services,0.31,dollars_per_cwt
2005,annual,California,operating_costs,"Fuel, lube, and electricity",0.41,dollars_per_cwt
2005,annual,California,operating_costs,Repairs,0.33,dollars_per_cwt
2005,annual,California,operating_costs,Other operating costs 3/,0.0,dollars_per_cwt
2005,annual,California,operating_costs,Interest on operating capital,0.17,dollars_per_cwt
2005,annual,California,operating_costs,"Total, operating cost",10.25,dollars_per_cwt
2005,annual,California,allocated_overhead,Hired labor,1.41,dollars_per_cwt
2005,annual,California,allocated_overhead,Opportunity cost of unpaid labor,0.39,dollars_per_cwt
2005,annual,California,allocated_overhead,Capital recovery of machinery and equipment 4/,1.74,dollars_per_cwt
2005,annual,California,allocated_overhead,Opportunity cost of land (rental rate),0.0,dollars_per_cwt
2005,annual,California,allocated_overhead,Taxes and insurance,0.14,dollars_per_cwt
2005,annual,California,allocated_overhead,General farm overhead,0.23,dollars_per_cwt
2005,annual,California,allocated_overhead,"Total, allocated overhead",3.91,dollars_per_cwt
2005,annual,California,total_costs,Total costs listed,14.16,dollars_per_cwt
2005,annual,California,net_value,Value of production less total costs listed,1.4800000000000004,dollars_per_cwt
2005,annual,California,net_value,Value of production less operating costs,5.390000000000001,dollars_per_cwt
2005,annual,California,supporting_information,Milk cows (head per farm),980.0,head_per_farm
2005,annual,California,supporting_information,Output per cow (pounds),19973.0,pounds
2005,annual,California,supporting_information,Milking frequency more than twice per day (percent of farms),9.75,percent_of_farms
2005,annual,California,supporting_information,Milk cows injected with bST (head per farm),94.0,head_per_farm
2005,annual,California,supporting_information,Organic milk sold (percent of sales),0.32,percent_of_sales
2005,annual,Florida,gross_value_of_production,Milk sold,18.0,dollars_per_cwt
2005,annual,Florida,gross_value_of_production,Cattle,1.08,dollars_per_cwt
2005,annual,Florida,gross_value_of_production,Other income 2/,0.56,dollars_per_cwt
2005,annual,Florida,gross_value_of_production,"Total, gross value of production",19.64,dollars_per_cwt
2005,annual,Florida,operating_costs,Purchased feed,7.22,dollars_per_cwt
2005,annual,Florida,operating_costs,Homegrown harvested feed,1.72,dollars_per_cwt
2005,annual,Florida,operating_costs,Grazed feed,0.12,dollars_per_cwt
2005,annual,Florida,operating_costs,"Total, feed costs",9.06,dollars_per_cwt
2005,annual,Florida,operating_costs,Veterinary and medicine,0.79,dollars_per_cwt
2005,annual,Florida,operating_costs,Bedding and litter,0.03,dollars_per_cwt
2005,annual,Florida,operating_costs,Marketing,0.18,dollars_per_cwt
2005,annual,Florida,operating_costs,Custom services,0.72,dollars_per_cwt
2005,annual,Florida,operating_costs,"Fuel, lube, and electricity",0.7,dollars_per_cwt
2005,annual,Florida,operating_costs,Repairs,0.73,dollars_per_cwt
2005,annual,Florida,operating_costs,Other operating costs 3/,0.0,dollars_per_cwt
2005,annual,Florida,operating_costs,Interest on operating capital,0.21,dollars_per_cwt
2005,annual,Florida,operating_costs,"Total, operating cost",12.419999999999998,dollars_per_cwt
2005,annual,Florida,allocated_overhead,Hired labor,3.05,dollars_per_cwt
2005,annual,Florida,allocated_overhead,Opportunity cost of unpaid labor,0.42,dollars_per_cwt
2005,annual,Florida,allocated_overhead,Capital recovery of machinery and equipment 4/,2.21,dollars_per_cwt
2005,annual,Florida,allocated_overhead,Opportunity cost of land (rental rate),0.02,dollars_per_cwt
2005,annual,Florida,allocated_overhead,Taxes and insurance,0.24,dollars_per_cwt
2005,annual,Florida,allocated_overhead,General farm overhead,0.48,dollars_per_cwt
2005,annual,Florida,allocated_overhead,"Total, allocated overhead",6.42,dollars_per_cwt
2005,annual,Florida,total_costs,Total costs listed,18.84,dollars_per_cwt
2005,annual,Florida,net_value,Value of production less total costs listed,0.8000000000000007,dollars_per_cwt
2005,annual,Florida,net_value,Value of production less operating costs,7.219999999999999,dollars_per_cwt
2005,annual,Florida,supporting_information,Milk cows (head per farm),1013.0,head_per_farm
2005,annual,Florida,supporting_information,Output per cow (pounds),17572.0,pounds
2005,annual,Florida,supporting_information,Milking frequency more than twice per day (percent of farms),36.16,percent_of_farms
2005,annual,Florida,supporting_information,Milk cows injected with bST (head per farm),167.0,head_per_farm
2005,annual,Florida,supporting_information,Organic milk sold (percent of sales),0.0,percent_of_sales
2005,annual,Georgia,gross_value_of_production,Milk sold,16.94,dollars_per_cwt
2005,annual,Georgia,gross_value_of_production,Cattle,0.95,dollars_per_cwt
2005,annual,Georgia,gross_value_of_production,Other income 2/,0.48,dollars_per_cwt
2005,annual,Georgia,gross_value_of_production,"Total, gross value of production",18.37,dollars_per_cwt
2005,annual,Georgia,operating_costs,Purchased feed,5.44,dollars_per_cwt
2005,annual,Georgia,operating_costs,Homegrown harvested feed,1.95,dollars_per_cwt
2005,annual,Georgia,operating_costs,Grazed feed,0.2,dollars_per_cwt
2005,annual,Georgia,operating_costs,"Total, feed costs",7.590000000000001,dollars_per_cwt
2005,annual,Georgia,operating_costs,Veterinary and medicine,0.62,dollars_per_cwt
2005,annual,Georgia,operating_costs,Bedding and litter,0.03,dollars_per_cwt
2005,annual,Georgia,operating_costs,Marketing,0.7,dollars_per_cwt
2005,annual,Georgia,operating_costs,Custom services,0.79,dollars_per_cwt
2005,annual,Georgia,operating_costs,"Fuel, lube, and electricity",0.59,dollars_per_cwt
2005,annual,Georgia,operating_costs,Repairs,0.56,dollars_per_cwt
2005,annual,Georgia,operating_costs,Other operating costs 3/,0.0,dollars_per_cwt
2005,annual,Georgia,operating_costs,Interest on operating capital,0.18,dollars_per_cwt
2005,annual,Georgia,operating_costs,"Total, operating cost",11.06,dollars_per_cwt
2005,annual,Georgia,allocated_overhead,Hired labor,2.19,dollars_per_cwt
2005,annual,Georgia,allocated_overhead,Opportunity cost of unpaid labor,1.56,dollars_per_cwt
2005,annual,Georgia,allocated_overhead,Capital recovery of machinery and equipment 4/,3.11,dollars_per_cwt
2005,annual,Georgia,allocated_overhead,Opportunity cost of land (rental rate),0.06,dollars_per_cwt
2005,annual,Georgia,allocated_overhead,Taxes and insurance,0.17,dollars_per_cwt
2005,annual,Georgia,allocated_overhead,General farm overhead,0.33,dollars_per_cwt
2005,annual,Georgia,allocated_overhead,"Total, allocated overhead",7.419999999999999,dollars_per_cwt
2005,annual,Georgia,total_costs,Total costs listed,18.48,dollars_per_cwt
2005,annual,Georgia,net_value,Value of production less total costs listed,-0.1099999999999994,dollars_per_cwt
2005,annual,Georgia,net_value,Value of production less operating costs,7.31,dollars_per_cwt
2005,annual,Georgia,supporting_information,Milk cows (head per farm),273.0,head_per_farm
2005,annual,Georgia,supporting_information,Output per cow (pounds),17294.0,pounds
2005,annual,Georgia,supporting_information,Milking frequency more than twice per day (percent of farms),8.6,percent_of_farms
2005,annual,Georgia,supporting_information,Milk cows injected with bST (head per farm),58.0,head_per_farm
2005,annual,Georgia,supporting_information,Organic milk sold (percent of sales),0.0,percent_of_sales
2005,annual,Idaho,gross_value_of_production,Milk sold,14.82,dollars_per_cwt
2005,annual,Idaho,gross_value_of_production,Cattle,1.29,dollars_per_cwt
2005,annual,Idaho,gross_value_of_production,Other income 2/,0.46,dollars_per_cwt
2005,annual,Idaho,gross_value_of_production,"Total, gross value of production",16.57,dollars_per_cwt
2005,annual,Idaho,operating_costs,Purchased feed,5.68,dollars_per_cwt
2005,annual,Idaho,operating_costs,Homegrown harvested feed,3.17,dollars_per_cwt
2005,annual,Idaho,operating_costs,Grazed feed,0.09,dollars_per_cwt
2005,annual,Idaho,operating_costs,"Total, feed costs",8.94,dollars_per_cwt
2005,annual,Idaho,operating_costs,Veterinary and medicine,0.65,dollars_per_cwt
2005,annual,Idaho,operating_costs,Bedding and litter,0.22,dollars_per_cwt
2005,annual,Idaho,operating_costs,Marketing,0.25,dollars_per_cwt
2005,annual,Idaho,operating_costs,Custom services,0.53,dollars_per_cwt
2005,annual,Idaho,operating_costs,"Fuel, lube, and electricity",0.55,dollars_per_cwt
2005,annual,Idaho,operating_costs,Repairs,0.64,dollars_per_cwt
2005,annual,Idaho,operating_costs,Other operating costs 3/,0.0,dollars_per_cwt
2005,annual,Idaho,operating_costs,Interest on operating capital,0.2,dollars_per_cwt
2005,annual,Idaho,operating_costs,"Total, operating cost",11.98,dollars_per_cwt
2005,annual,Idaho,allocated_overhead,Hired labor,1.53,dollars_per_cwt
2005,annual,Idaho,allocated_overhead,Opportunity cost of unpaid labor,3.17,dollars_per_cwt
2005,annual,Idaho,allocated_overhead,Capital recovery of machinery and equipment 4/,3.5,dollars_per_cwt
2005,annual,Idaho,allocated_overhead,Opportunity cost of land (rental rate),0.01,dollars_per_cwt
2005,annual,Idaho,allocated_overhead,Taxes and insurance,0.21,dollars_per_cwt
2005,annual,Idaho,allocated_overhead,General farm overhead,0.56,dollars_per_cwt
2005,annual,Idaho,allocated_overhead,"Total, allocated overhead",8.98,dollars_per_cwt
2005,annual,Idaho,total_costs,Total costs listed,20.96,dollars_per_cwt
2005,annual,Idaho,net_value,Value of production less total costs listed,-4.390000000000001,dollars_per_cwt
2005,annual,Idaho,net_value,Value of production less operating costs,4.59,dollars_per_cwt
2005,annual,Idaho,supporting_information,Milk cows (head per farm),134.0,head_per_farm
2005,annual,Idaho,supporting_information,Output per cow (pounds),17969.0,pounds
2005,annual,Idaho,supporting_information,Milking frequency more than twice per day (percent of farms),1.26,percent_of_farms
2005,annual,Idaho,supporting_information,Milk cows injected with bST (head per farm),10.0,head_per_farm
2005,annual,Idaho,supporting_information,Organic milk sold (percent of sales),1.08,percent_of_sales
2005,annual,Illinois,gross_value_of_production,Milk sold,15.39,dollars_per_cwt
2005,annual,Illinois,gross_value_of_production,Cattle,1.25,dollars_per_cwt
2005,annual,Illinois,gross_value_of_production,Other income 2/,0.84,dollars_per_cwt
2005,annual,Illinois,gross_value_of_production,"Total, gross value of production",17.48,dollars_per_cwt
2005,annual,Illinois,operating_costs,Purchased feed,4.21,dollars_per_cwt
2005,annual,Illinois,operating_costs,Homegrown harvested feed,3.33,dollars_per_cwt
2005,annual,Illinois,operating_costs,Grazed feed,0.05,dollars_per_cwt
2005,annual,Illinois,operating_costs,"Total, feed costs",7.59,dollars_per_cwt
2005,annual,Illinois,operating_costs,Veterinary and medicine,1.11,dollars_per_cwt
2005,annual,Illinois,operating_costs,Bedding and litter,0.32,dollars_per_cwt
2005,annual,Illinois,operating_costs,Marketing,0.29,dollars_per_cwt
2005,annual,Illinois,operating_costs,Custom services,0.43,dollars_per_cwt
2005,annual,Illinois,operating_costs,"Fuel, lube, and electricity",0.59,dollars_per_cwt
2005,annual,Illinois,operating_costs,Repairs,0.72,dollars_per_cwt
2005,annual,Illinois,operating_costs,Other operating costs 3/,0.0,dollars_per_cwt
2005,annual,Illinois,operating_costs,Interest on operating capital,0.19,dollars_per_cwt
2005,annual,Illinois,operating_costs,"Total, operating cost",11.239999999999998,dollars_per_cwt
2005,annual,Illinois,allocated_overhead,Hired labor,1.31,dollars_per_cwt
2005,annual,Illinois,allocated_overhead,Opportunity cost of unpaid labor,3.59,dollars_per_cwt
2005,annual,Illinois,allocated_overhead,Capital recovery of machinery and equipment 4/,3.97,dollars_per_cwt
2005,annual,Illinois,allocated_overhead,Opportunity cost of land (rental rate),0.03,dollars_per_cwt
2005,annual,Illinois,allocated_overhead,Taxes and insurance,0.2,dollars_per_cwt
2005,annual,Illinois,allocated_overhead,General farm overhead,0.49,dollars_per_cwt
2005,annual,Illinois,allocated_overhead,"Total, allocated overhead",9.59,dollars_per_cwt
2005,annual,Illinois,total_costs,Total costs listed,20.83,dollars_per_cwt
2005,annual,Illinois,net_value,Value of production less total costs listed,-3.349999999999998,dollars_per_cwt
2005,annual,Illinois,net_value,Value of production less operating costs,6.240000000000002,dollars_per_cwt
2005,annual,Illinois,supporting_information,Milk cows (head per farm),126.0,head_per_farm
2005,annual,Illinois,supporting_information,Output per cow (pounds),18362.0,pounds
2005,annual,Illinois,supporting_information,Milking frequency more than twice per day (percent of farms),2.07,percent_of_farms
2005,annual,Illinois,supporting_information,Milk cows injected with bST (head per farm),17.0,head_per_farm
2005,annual,Illinois,supporting_information,Organic milk sold (percent of sales),0.13,percent_of_sales
2005,annual,Indiana,gross_value_of_production,Milk sold,15.48,dollars_per_cwt
2005,annual,Indiana,gross_value_of_production,Cattle,1.36,dollars_per_cwt
2005,annual,Indiana,gross_value_of_production,Other income 2/,0.51,dollars_per_cwt
2005,annual,Indiana,gross_value_of_production,"Total, gross value of production",17.35,dollars_per_cwt
2005,annual,Indiana,operating_costs,Purchased feed,4.3,dollars_per_cwt
2005,annual,Indiana,operating_costs,Homegrown harvested feed,2.9,dollars_per_cwt
2005,annual,Indiana,operating_costs,Grazed feed,0.09,dollars_per_cwt
2005,annual,Indiana,operating_costs,"Total, feed costs",7.289999999999999,dollars_per_cwt
2005,annual,Indiana,operating_costs,Veterinary and medicine,0.98,dollars_per_cwt
2005,annual,Indiana,operating_costs,Bedding and litter,0.38,dollars_per_cwt
2005,annual,Indiana,operating_costs,Marketing,0.22,dollars_per_cwt
2005,annual,Indiana,operating_costs,Custom services,0.65,dollars_per_cwt
2005,annual,Indiana,operating_costs,"Fuel, lube, and electricity",0.61,dollars_per_cwt
2005,annual,Indiana,operating_costs,Repairs,0.67,dollars_per_cwt
2005,annual,Indiana,operating_costs,Other operating costs 3/,0.0,dollars_per_cwt
2005,annual,Indiana,operating_costs,Interest on operating capital,0.18,dollars_per_cwt
2005,annual,Indiana,operating_costs,"Total, operating cost",10.98,dollars_per_cwt
2005,annual,Indiana,allocated_overhead,Hired labor,1.22,dollars_per_cwt
2005,annual,Indiana,allocated_overhead,Opportunity cost of unpaid labor,2.92,dollars_per_cwt
2005,annual,Indiana,allocated_overhead,Capital recovery of machinery and equipment 4/,3.2,dollars_per_cwt
2005,annual,Indiana,allocated_overhead,Opportunity cost of land (rental rate),0.05,dollars_per_cwt
2005,annual,Indiana,allocated_overhead,Taxes and insurance,0.2,dollars_per_cwt
2005,annual,Indiana,allocated_overhead,General farm overhead,0.5,dollars_per_cwt
2005,annual,Indiana,allocated_overhead,"Total, allocated overhead",8.09,dollars_per_cwt
2005,annual,Indiana,total_costs,Total costs listed,19.07,dollars_per_cwt
2005,annual,Indiana,net_value,Value of production less total costs listed,-1.7199999999999989,dollars_per_cwt
2005,annual,Indiana,net_value,Value of production less operating costs,6.370000000000001,dollars_per_cwt
2005,annual,Indiana,supporting_information,Milk cows (head per farm),130.0,head_per_farm
2005,annual,Indiana,supporting_information,Output per cow (pounds),17750.0,pounds
2005,annual,Indiana,supporting_information,Milking frequency more than twice per day (percent of farms),4.49,percent_of_farms
2005,annual,Indiana,supporting_information,Milk cows injected with bST (head per farm),45.0,head_per_farm
2005,annual,Indiana,supporting_information,Organic milk sold (percent of sales),0.05,percent_of_sales
2005,annual,Iowa,gross_value_of_production,Milk sold,15.13,dollars_per_cwt
2005,annual,Iowa,gross_value_of_production,Cattle,1.14,dollars_per_cwt
2005,annual,Iowa,gross_value_of_production,Other income 2/,0.39,dollars_per_cwt
2005,annual,Iowa,gross_value_of_production,"Total, gross value of production",16.66,dollars_per_cwt
2005,annual,Iowa,operating_costs,Purchased feed,3.87,dollars_per_cwt
2005,annual,Iowa,operating_costs,Homegrown harvested feed,3.54,dollars_per_cwt
2005,annual,Iowa,operating_costs,Grazed feed,0.17,dollars_per_cwt
2005,annual,Iowa,operating_costs,"Total, feed costs",7.58,dollars_per_cwt
2005,annual,Iowa,operating_costs,Veterinary and medicine,0.97,dollars_per_cwt
2005,annual,Iowa,operating_costs,Bedding and litter,0.27,dollars_per_cwt
2005,annual,Iowa,operating_costs,Marketing,0.28,dollars_per_cwt
2005,annual,Iowa,operating_costs,Custom services,0.4,dollars_per_cwt
2005,annual,Iowa,operating_costs,"Fuel, lube, and electricity",0.45,dollars_per_cwt
2005,annual,Iowa,operating_costs,Repairs,0.7,dollars_per_cwt
2005,annual,Iowa,operating_costs,Other operating costs 3/,0.0,dollars_per_cwt
2005,annual,Iowa,operating_costs,Interest on operating capital,0.18,dollars_per_cwt
2005,annual,Iowa,operating_costs,"Total, operating cost",10.829999999999998,dollars_per_cwt
2005,annual,Iowa,allocated_overhead,Hired labor,1.13,dollars_per_cwt
2005,annual,Iowa,allocated_overhead,Opportunity cost of unpaid labor,3.11,dollars_per_cwt
2005,annual,Iowa,allocated_overhead,Capital recovery of machinery and equipment 4/,4.35,dollars_per_cwt
2005,annual,Iowa,allocated_overhead,Opportunity cost of land (rental rate),0.05,dollars_per_cwt
2005,annual,Iowa,allocated_overhead,Taxes and insurance,0.15,dollars_per_cwt
2005,annual,Iowa,allocated_overhead,General farm overhead,0.84,dollars_per_cwt
2005,annual,Iowa,allocated_overhead,"Total, allocated overhead",9.63,dollars_per_cwt
2005,annual,Iowa,total_costs,Total costs listed,20.46,dollars_per_cwt
2005,annual,Iowa,net_value,Value of production less total costs listed,-3.8000000000000007,dollars_per_cwt
2005,annual,Iowa,net_value,Value of production less operating costs,5.830000000000002,dollars_per_cwt
2005,annual,Iowa,supporting_information,Milk cows (head per farm),104.0,head_per_farm
2005,annual,Iowa,supporting_information,Output per cow (pounds),19403.0,pounds
2005,annual,Iowa,supporting_information,Milking frequency more than twice per day (percent of farms),1.3,percent_of_farms
2005,annual,Iowa,supporting_information,Milk cows injected with bST (head per farm),23.0,head_per_farm
2005,annual,Iowa,supporting_information,Organic milk sold (percent of sales),0.9,percent_of_sales
2005,annual,Kentucky,gross_value_of_production,Milk sold,15.41,dollars_per_cwt
2005,annual,Kentucky,gross_value_of_production,Cattle,1.98,dollars_per_cwt
2005,annual,Kentucky,gross_value_of_production,Other income 2/,0.54,dollars_per_cwt
2005,annual,Kentucky,gross_value_of_production,"Total, gross value of production",17.93,dollars_per_cwt
2005,annual,Kentucky,operating_costs,Purchased feed,4.03,dollars_per_cwt
2005,annual,Kentucky,operating_costs,Homegrown harvested feed,4.87,dollars_per_cwt
2005,annual,Kentucky,operating_costs,Grazed feed,0.39,dollars_per_cwt
2005,annual,Kentucky,operating_costs,"Total, feed costs",9.29,dollars_per_cwt
2005,annual,Kentucky,operating_costs,Veterinary and medicine,0.49,dollars_per_cwt
2005,annual,Kentucky,operating_costs,Bedding and litter,0.19,dollars_per_cwt
2005,annual,Kentucky,operating_costs,Marketing,0.24,dollars_per_cwt
2005,annual,Kentucky,operating_costs,Custom services,0.37,dollars_per_cwt
2005,annual,Kentucky,operating_costs,"Fuel, lube, and electricity",0.51,dollars_per_cwt
2005,annual,Kentucky,operating_costs,Repairs,0.57,dollars_per_cwt
2005,annual,Kentucky,operating_costs,Other operating costs 3/,0.0,dollars_per_cwt
2005,annual,Kentucky,operating_costs,Interest on operating capital,0.2,dollars_per_cwt
2005,annual,Kentucky,operating_costs,"Total, operating cost",11.86,dollars_per_cwt
2005,annual,Kentucky,allocated_overhead,Hired labor,0.96,dollars_per_cwt
2005,annual,Kentucky,allocated_overhead,Opportunity cost of unpaid labor,5.79,dollars_per_cwt
2005,annual,Kentucky,allocated_overhead,Capital recovery of machinery and equipment 4/,6.34,dollars_per_cwt
2005,annual,Kentucky,allocated_overhead,Opportunity cost of land (rental rate),0.09,dollars_per_cwt
2005,annual,Kentucky,allocated_overhead,Taxes and insurance,0.18,dollars_per_cwt
2005,annual,Kentucky,allocated_overhead,General farm overhead,0.64,dollars_per_cwt
2005,annual,Kentucky,allocated_overhead,"Total, allocated overhead",14.0,dollars_per_cwt
2005,annual,Kentucky,total_costs,Total costs listed,25.86,dollars_per_cwt
2005,annual,Kentucky,net_value,Value of production less total costs listed,-7.93,dollars_per_cwt
2005,annual,Kentucky,net_value,Value of production less operating costs,6.07,dollars_per_cwt
2005,annual,Kentucky,supporting_information,Milk cows (head per farm),77.0,head_per_farm
2005,annual,Kentucky,supporting_information,Output per cow (pounds),13534.0,pounds
2005,annual,Kentucky,supporting_information,Milking frequency more than twice per day (percent of farms),0.72,percent_of_farms
2005,annual,Kentucky,supporting_information,Milk cows injected with bST (head per farm),2.0,head_per_farm
2005,annual,Kentucky,supporting_information,Organic milk sold (percent of sales),0.0,percent_of_sales
2005,annual,Maine,gross_value_of_production,Milk sold,17.71,dollars_per_cwt
2005,annual,Maine,gross_value_of_production,Cattle,1.0,dollars_per_cwt
2005,annual,Maine,gross_value_of_production,Other income 2/,0.54,dollars_per_cwt
2005,annual,Maine,gross_value_of_production,"Total, gross value of production",19.25,dollars_per_cwt
2005,annual,Maine,operating_costs,Purchased feed,5.34,dollars_per_cwt
2005,annual,Maine,operating_costs,Homegrown harvested feed,4.84,dollars_per_cwt
2005,annual,Maine,operating_costs,Grazed feed,0.17,dollars_per_cwt
2005,annual,Maine,operating_costs,"Total, feed costs",10.35,dollars_per_cwt
2005,annual,Maine,operating_costs,Veterinary and medicine,0.87,dollars_per_cwt
2005,annual,Maine,operating_costs,Bedding and litter,0.33,dollars_per_cwt
2005,annual,Maine,operating_costs,Marketing,0.29,dollars_per_cwt
2005,annual,Maine,operating_costs,Custom services,0.29,dollars_per_cwt
2005,annual,Maine,operating_costs,"Fuel, lube, and electricity",0.73,dollars_per_cwt
2005,annual,Maine,operating_costs,Repairs,0.78,dollars_per_cwt
2005,annual,Maine,operating_costs,Other operating costs 3/,0.01,dollars_per_cwt
2005,annual,Maine,operating_costs,Interest on operating capital,0.23,dollars_per_cwt
2005,annual,Maine,operating_costs,"Total, operating cost",13.879999999999995,dollars_per_cwt
2005,annual,Maine,allocated_overhead,Hired labor,2.98,dollars_per_cwt
2005,annual,Maine,allocated_overhead,Opportunity cost of unpaid labor,5.8,dollars_per_cwt
2005,annual,Maine,allocated_overhead,Capital recovery of machinery and equipment 4/,5.18,dollars_per_cwt
2005,annual,Maine,allocated_overhead,Opportunity cost of land (rental rate),0.05,dollars_per_cwt
2005,annual,Maine,allocated_overhead,Taxes and insurance,0.44,dollars_per_cwt
2005,annual,Maine,allocated_overhead,General farm overhead,1.09,dollars_per_cwt
2005,annual,Maine,allocated_overhead,"Total, allocated overhead",15.54,dollars_per_cwt
2005,annual,Maine,total_costs,Total costs listed,29.419999999999995,dollars_per_cwt
2005,annual,Maine,net_value,Value of production less total costs listed,-10.169999999999996,dollars_per_cwt
2005,annual,Maine,net_value,Value of production less operating costs,5.370000000000003,dollars_per_cwt
2005,annual,Maine,supporting_information,Milk cows (head per farm),89.0,head_per_farm
2005,annual,Maine,supporting_information,Output per cow (pounds),18152.0,pounds
2005,annual,Maine,supporting_information,Milking frequency more than twice per day (percent of farms),2.15,percent_of_farms
2005,annual,Maine,supporting_information,Milk cows injected with bST (head per farm),6.0,head_per_farm
2005,annual,Maine,supporting_information,Organic milk sold (percent of sales),7.49,percent_of_sales
2005,annual,Michigan,gross_value_of_production,Milk sold,15.67,dollars_per_cwt
2005,annual,Michigan,gross_value_of_production,Cattle,1.56,dollars_per_cwt
2005,annual,Michigan,gross_value_of_production,Other income 2/,0.48,dollars_per_cwt
2005,annual,Michigan,gross_value_of_production,"Total, gross value of production",17.71,dollars_per_cwt
2005,annual,Michigan,operating_costs,Purchased feed,3.98,dollars_per_cwt
2005,annual,Michigan,operating_costs,Homegrown harvested feed,3.67,dollars_per_cwt
2005,annual,Michigan,operating_costs,Grazed feed,0.04,dollars_per_cwt
2005,annual,Michigan,operating_costs,"Total, feed costs",7.69,dollars_per_cwt
2005,annual,Michigan,operating_costs,Veterinary and medicine,0.93,dollars_per_cwt
2005,annual,Michigan,operating_costs,Bedding and litter,0.22,dollars_per_cwt
2005,annual,Michigan,operating_costs,Marketing,0.21,dollars_per_cwt
2005,annual,Michigan,operating_costs,Custom services,0.44,dollars_per_cwt
2005,annual,Michigan,operating_costs,"Fuel, lube, and electricity",0.62,dollars_per_cwt
2005,annual,Michigan,operating_costs,Repairs,0.71,dollars_per_cwt
2005,annual,Michigan,operating_costs,Other operating costs 3/,0.0,dollars_per_cwt
2005,annual,Michigan,operating_costs,Interest on operating capital,0.18,dollars_per_cwt
2005,annual,Michigan,operating_costs,"Total, operating cost",11.0,dollars_per_cwt
2005,annual,Michigan,allocated_overhead,Hired labor,1.55,dollars_per_cwt
2005,annual,Michigan,allocated_overhead,Opportunity cost of unpaid labor,1.98,dollars_per_cwt
2005,annual,Michigan,allocated_overhead,Capital recovery of machinery and equipment 4/,3.12,dollars_per_cwt
2005,annual,Michigan,allocated_overhead,Opportunity cost of land (rental rate),0.03,dollars_per_cwt
2005,annual,Michigan,allocated_overhead,Taxes and insurance,0.22,dollars_per_cwt
2005,annual,Michigan,allocated_overhead,General farm overhead,0.8,dollars_per_cwt
2005,annual,Michigan,allocated_overhead,"Total, allocated overhead",7.7,dollars_per_cwt
2005,annual,Michigan,total_costs,Total costs listed,18.7,dollars_per_cwt
2005,annual,Michigan,net_value,Value of production less total costs listed,-0.9899999999999984,dollars_per_cwt
2005,annual,Michigan,net_value,Value of production less operating costs,6.710000000000001,dollars_per_cwt
2005,annual,Michigan,supporting_information,Milk cows (head per farm),145.0,head_per_farm
2005,annual,Michigan,supporting_information,Output per cow (pounds),20664.0,pounds
2005,annual,Michigan,supporting_information,Milking frequency more than twice per day (percent of farms),20.09,percent_of_farms
2005,annual,Michigan,supporting_information,Milk cows injected with bST (head per farm),50.0,head_per_farm
2005,annual,Michigan,supporting_information,Organic milk sold (percent of sales),0.15,percent_of_sales
2005,annual,Minnesota,gross_value_of_production,Milk sold,15.46,dollars_per_cwt
2005,annual,Minnesota,gross_value_of_production,Cattle,1.53,dollars_per_cwt
2005,annual,Minnesota,gross_value_of_production,Other income 2/,0.52,dollars_per_cwt
2005,annual,Minnesota,gross_value_of_production,"Total, gross value of production",17.51,dollars_per_cwt
2005,annual,Minnesota,operating_costs,Purchased feed,3.25,dollars_per_cwt
2005,annual,Minnesota,operating_costs,Homegrown harvested feed,4.28,dollars_per_cwt
2005,annual,Minnesota,operating_costs,Grazed feed,0.07,dollars_per_cwt
2005,annual,Minnesota,operating_costs,"Total, feed costs",7.6,dollars_per_cwt
2005,annual,Minnesota,operating_costs,Veterinary and medicine,1.09,dollars_per_cwt
2005,annual,Minnesota,operating_costs,Bedding and litter,0.3,dollars_per_cwt
2005,annual,Minnesota,operating_costs,Marketing,0.21,dollars_per_cwt
2005,annual,Minnesota,operating_costs,Custom services,0.3,dollars_per_cwt
2005,annual,Minnesota,operating_costs,"Fuel, lube, and electricity",0.68,dollars_per_cwt
2005,annual,Minnesota,operating_costs,Repairs,0.61,dollars_per_cwt
2005,annual,Minnesota,operating_costs,Other operating costs 3/,0.0,dollars_per_cwt
2005,annual,Minnesota,operating_costs,Interest on operating capital,0.18,dollars_per_cwt
2005,annual,Minnesota,operating_costs,"Total, operating cost",10.970000000000002,dollars_per_cwt
2005,annual,Minnesota,allocated_overhead,Hired labor,1.39,dollars_per_cwt
2005,annual,Minnesota,allocated_overhead,Opportunity cost of unpaid labor,3.7,dollars_per_cwt
2005,annual,Minnesota,allocated_overhead,Capital recovery of machinery and equipment 4/,4.02,dollars_per_cwt
2005,annual,Minnesota,allocated_overhead,Opportunity cost of land (rental rate),0.04,dollars_per_cwt
2005,annual,Minnesota,allocated_overhead,Taxes and insurance,0.25,dollars_per_cwt
2005,annual,Minnesota,allocated_overhead,General farm overhead,0.68,dollars_per_cwt
2005,annual,Minnesota,allocated_overhead,"Total, allocated overhead",10.079999999999998,dollars_per_cwt
2005,annual,Minnesota,total_costs,Total costs listed,21.05,dollars_per_cwt
2005,annual,Minnesota,net_value,Value of production less total costs listed,-3.539999999999999,dollars_per_cwt
2005,annual,Minnesota,net_value,Value of production less operating costs,6.539999999999999,dollars_per_cwt
2005,annual,Minnesota,supporting_information,Milk cows (head per farm),89.0,head_per_farm
2005,annual,Minnesota,supporting_information,Output per cow (pounds),18943.0,pounds
2005,annual,Minnesota,supporting_information,Milking frequency more than twice per day (percent of farms),3.82,percent_of_farms
2005,annual,Minnesota,supporting_information,Milk cows injected with bST (head per farm),15.0,head_per_farm
2005,annual,Minnesota,supporting_information,Organic milk sold (percent of sales),0.72,percent_of_sales
2005,annual,Missouri,gross_value_of_production,Milk sold,14.59,dollars_per_cwt
2005,annual,Missouri,gross_value_of_production,Cattle,3.41,dollars_per_cwt
2005,annual,Missouri,gross_value_of_production,Other income 2/,0.5,dollars_per_cwt
2005,annual,Missouri,gross_value_of_production,"Total, gross value of production",18.5,dollars_per_cwt
2005,annual,Missouri,operating_costs,Purchased feed,5.13,dollars_per_cwt
2005,annual,Missouri,operating_costs,Homegrown harvested feed,1.98,dollars_per_cwt
2005,annual,Missouri,operating_costs,Grazed feed,0.29,dollars_per_cwt
2005,annual,Missouri,operating_costs,"Total, feed costs",7.399999999999999,dollars_per_cwt
2005,annual,Missouri,operating_costs,Veterinary and medicine,0.73,dollars_per_cwt
2005,annual,Missouri,operating_costs,Bedding and litter,0.13,dollars_per_cwt
2005,annual,Missouri,operating_costs,Marketing,0.38,dollars_per_cwt
2005,annual,Missouri,operating_costs,Custom services,0.16,dollars_per_cwt
2005,annual,Missouri,operating_costs,"Fuel, lube, and electricity",0.6,dollars_per_cwt
2005,annual,Missouri,operating_costs,Repairs,0.74,dollars_per_cwt
2005,annual,Missouri,operating_costs,Other operating costs 3/,0.0,dollars_per_cwt
2005,annual,Missouri,operating_costs,Interest on operating capital,0.17,dollars_per_cwt
2005,annual,Missouri,operating_costs,"Total, operating cost",10.31,dollars_per_cwt
2005,annual,Missouri,allocated_overhead,Hired labor,1.05,dollars_per_cwt
2005,annual,Missouri,allocated_overhead,Opportunity cost of unpaid labor,5.38,dollars_per_cwt
2005,annual,Missouri,allocated_overhead,Capital recovery of machinery and equipment 4/,4.9,dollars_per_cwt
2005,annual,Missouri,allocated_overhead,Opportunity cost of land (rental rate),0.19,dollars_per_cwt
2005,annual,Missouri,allocated_overhead,Taxes and insurance,0.35,dollars_per_cwt
2005,annual,Missouri,allocated_overhead,General farm overhead,0.36,dollars_per_cwt
2005,annual,Missouri,allocated_overhead,"Total, allocated overhead",12.23,dollars_per_cwt
2005,annual,Missouri,total_costs,Total costs listed,22.54,dollars_per_cwt
2005,annual,Missouri,net_value,Value of production less total costs listed,-4.039999999999999,dollars_per_cwt
2005,annual,Missouri,net_value,Value of production less operating costs,8.19,dollars_per_cwt
2005,annual,Missouri,supporting_information,Milk cows (head per farm),101.0,head_per_farm
2005,annual,Missouri,supporting_information,Output per cow (pounds),15170.0,pounds
2005,annual,Missouri,supporting_information,Milking frequency more than twice per day (percent of farms),0.14,percent_of_farms
2005,annual,Missouri,supporting_information,Milk cows injected with bST (head per farm),8.0,head_per_farm
2005,annual,Missouri,supporting_information,Organic milk sold (percent of sales),0.0,percent_of_sales
2005,annual,Mexico,gross_value_of_production,Milk sold,13.8,dollars_per_cwt
2005,annual,Mexico,gross_value_of_production,Cattle,2.25,dollars_per_cwt
2005,annual,Mexico,gross_value_of_production,Other income 2/,0.46,dollars_per_cwt
2005,annual,Mexico,gross_value_of_production,"Total, gross value of production",16.51,dollars_per_cwt
2005,annual,Mexico,operating_costs,Purchased feed,5.51,dollars_per_cwt
2005,annual,Mexico,operating_costs,Homegrown harvested feed,0.87,dollars_per_cwt
2005,annual,Mexico,operating_costs,Grazed feed,0.01,dollars_per_cwt
2005,annual,Mexico,operating_costs,"Total, feed costs",6.39,dollars_per_cwt
2005,annual,Mexico,operating_costs,Veterinary and medicine,0.51,dollars_per_cwt
2005,annual,Mexico,operating_costs,Bedding and litter,0.0,dollars_per_cwt
2005,annual,Mexico,operating_costs,Marketing,0.36,dollars_per_cwt
2005,annual,Mexico,operating_costs,Custom services,0.41,dollars_per_cwt
2005,annual,Mexico,operating_costs,"Fuel, lube, and electricity",0.29,dollars_per_cwt
2005,annual,Mexico,operating_costs,Repairs,0.25,dollars_per_cwt
2005,annual,Mexico,operating_costs,Other operating costs 3/,0.0,dollars_per_cwt
2005,annual,Mexico,operating_costs,Interest on operating capital,0.14,dollars_per_cwt
2005,annual,Mexico,operating_costs,"Total, operating cost",8.350000000000001,dollars_per_cwt
2005,annual,Mexico,allocated_overhead,Hired labor,1.41,dollars_per_cwt
2005,annual,Mexico,allocated_overhead,Opportunity cost of unpaid labor,0.15,dollars_per_cwt
2005,annual,Mexico,allocated_overhead,Capital recovery of machinery and equipment 4/,1.1,dollars_per_cwt
2005,annual,Mexico,allocated_overhead,Opportunity cost of land (rental rate),0.0,dollars_per_cwt
2005,annual,Mexico,allocated_overhead,Taxes and insurance,0.09,dollars_per_cwt
2005,annual,Mexico,allocated_overhead,General farm overhead,0.17,dollars_per_cwt
2005,annual,Mexico,allocated_overhead,"Total, allocated overhead",2.92,dollars_per_cwt
2005,annual,Mexico,total_costs,Total costs listed,11.27,dollars_per_cwt
2005,annual,Mexico,net_value,Value of production less total costs listed,5.24,dollars_per_cwt
2005,annual,Mexico,net_value,Value of production less operating costs,8.16,dollars_per_cwt
2005,annual,Mexico,supporting_information,Milk cows (head per farm),2344.0,head_per_farm
2005,annual,Mexico,supporting_information,Output per cow (pounds),16928.0,pounds
2005,annual,Mexico,supporting_information,Milking frequency more than twice per day (percent of farms),64.11,percent_of_farms
2005,annual,Mexico,supporting_information,Milk cows injected with bST (head per farm),285.0,head_per_farm
2005,annual,Mexico,supporting_information,Organic milk sold (percent of sales),0.0,percent_of_sales
2005,annual,York,gross_value_of_production,Milk sold,15.91,dollars_per_cwt
2005,annual,York,gross_value_of_production,Cattle,1.11,dollars_per_cwt
2005,annual,York,gross_value_of_production,Other income 2/,0.55,dollars_per_cwt
2005,annual,York,gross_value_of_production,"Total, gross value of production",17.57,dollars_per_cwt
2005,annual,York,operating_costs,Purchased feed,3.93,dollars_per_cwt
2005,annual,York,operating_costs,Homegrown harvested feed,4.83,dollars_per_cwt
2005,annual,York,operating_costs,Grazed feed,0.1,dollars_per_cwt
2005,annual,York,operating_costs,"Total, feed costs",8.86,dollars_per_cwt
2005,annual,York,operating_costs,Veterinary and medicine,0.8,dollars_per_cwt
2005,annual,York,operating_costs,Bedding and litter,0.44,dollars_per_cwt
2005,annual,York,operating_costs,Marketing,0.23,dollars_per_cwt
2005,annual,York,operating_costs,Custom services,0.52,dollars_per_cwt
2005,annual,York,operating_costs,"Fuel, lube, and electricity",0.75,dollars_per_cwt
2005,annual,York,operating_costs,Repairs,0.77,dollars_per_cwt
2005,annual,York,operating_costs,Other operating costs 3/,0.0,dollars_per_cwt
2005,annual,York,operating_costs,Interest on operating capital,0.21,dollars_per_cwt
2005,annual,York,operating_costs,"Total, operating cost",12.58,dollars_per_cwt
2005,annual,York,allocated_overhead,Hired labor,1.75,dollars_per_cwt
2005,annual,York,allocated_overhead,Opportunity cost of unpaid labor,3.63,dollars_per_cwt
2005,annual,York,allocated_overhead,Capital recovery of machinery and equipment 4/,3.6,dollars_per_cwt
2005,annual,York,allocated_overhead,Opportunity cost of land (rental rate),0.02,dollars_per_cwt
2005,annual,York,allocated_overhead,Taxes and insurance,0.28,dollars_per_cwt
2005,annual,York,allocated_overhead,General farm overhead,0.74,dollars_per_cwt
2005,annual,York,allocated_overhead,"Total, allocated overhead",10.02,dollars_per_cwt
2005,annual,York,total_costs,Total costs listed,22.6,dollars_per_cwt
2005,annual,York,net_value,Value of production less total costs listed,-5.030000000000001,dollars_per_cwt
2005,annual,York,net_value,Value of production less operating costs,4.99,dollars_per_cwt
2005,annual,York,supporting_information,Milk cows (head per farm),119.0,head_per_farm
2005,annual,York,supporting_information,Output per cow (pounds),18835.0,pounds
2005,annual,York,supporting_information,Milking frequency more than twice per day (percent of farms),5.35,percent_of_farms
2005,annual,York,supporting_information,Milk cows injected with bST (head per farm),20.0,head_per_farm
2005,annual,York,supporting_information,Organic milk sold (percent of sales),0.4,percent_of_sales
2005,annual,Ohio,gross_value_of_production,Milk sold,15.54,dollars_per_cwt
2005,annual,Ohio,gross_value_of_production,Cattle,1.41,dollars_per_cwt
2005,annual,Ohio,gross_value_of_production,Other income 2/,0.44,dollars_per_cwt
2005,annual,Ohio,gross_value_of_production,"Total, gross value of production",17.39,dollars_per_cwt
2005,annual,Ohio,operating_costs,Purchased feed,4.17,dollars_per_cwt
2005,annual,Ohio,operating_costs,Homegrown harvested feed,3.32,dollars_per_cwt
2005,annual,Ohio,operating_costs,Grazed feed,0.08,dollars_per_cwt
2005,annual,Ohio,operating_costs,"Total, feed costs",7.57,dollars_per_cwt
2005,annual,Ohio,operating_costs,Veterinary and medicine,1.01,dollars_per_cwt
2005,annual,Ohio,operating_costs,Bedding and litter,0.34,dollars_per_cwt
2005,annual,Ohio,operating_costs,Marketing,0.26,dollars_per_cwt
2005,annual,Ohio,operating_costs,Custom services,0.47,dollars_per_cwt
2005,annual,Ohio,operating_costs,"Fuel, lube, and electricity",0.56,dollars_per_cwt
2005,annual,Ohio,operating_costs,Repairs,0.69,dollars_per_cwt
2005,annual,Ohio,operating_costs,Other operating costs 3/,0.0,dollars_per_cwt
2005,annual,Ohio,operating_costs,Interest on operating capital,0.18,dollars_per_cwt
2005,annual,Ohio,operating_costs,"Total, operating cost",11.08,dollars_per_cwt
2005,annual,Ohio,allocated_overhead,Hired labor,1.36,dollars_per_cwt
2005,annual,Ohio,allocated_overhead,Opportunity cost of unpaid labor,3.43,dollars_per_cwt
2005,annual,Ohio,allocated_overhead,Capital recovery of machinery and equipment 4/,3.68,dollars_per_cwt
2005,annual,Ohio,allocated_overhead,Opportunity cost of land (rental rate),0.06,dollars_per_cwt
2005,annual,Ohio,allocated_overhead,Taxes and insurance,0.22,dollars_per_cwt
2005,annual,Ohio,allocated_overhead,General farm overhead,0.66,dollars_per_cwt
2005,annual,Ohio,allocated_overhead,"Total, allocated overhead",9.410000000000002,dollars_per_cwt
2005,annual,Ohio,total_costs,Total costs listed,20.49,dollars_per_cwt
2005,annual,Ohio,net_value,Value of production less total costs listed,-3.1000000000000014,dollars_per_cwt
2005,annual,Ohio,net_value,Value of production less operating costs,6.3100000000000005,dollars_per_cwt
2005,annual,Ohio,supporting_information,Milk cows (head per farm),97.0,head_per_farm
2005,annual,Ohio,supporting_information,Output per cow (pounds),17912.0,pounds
2005,annual,Ohio,supporting_information,Milking frequency more than twice per day (percent of farms),2.6,percent_of_farms
2005,annual,Ohio,supporting_information,Milk cows injected with bST (head per farm),21.0,head_per_farm
2005,annual,Ohio,supporting_information,Organic milk sold (percent of sales),0.43,percent_of_sales
2005,annual,Oregon,gross_value_of_production,Milk sold,15.64,dollars_per_cwt
2005,annual,Oregon,gross_value_of_production,Cattle,1.07,dollars_per_cwt
2005,annual,Oregon,gross_value_of_production,Other income 2/,0.69,dollars_per_cwt
2005,annual,Oregon,gross_value_of_production,"Total, gross value of production",17.400000000000002,dollars_per_cwt
2005,annual,Oregon,operating_costs,Purchased feed,6.63,dollars_per_cwt
2005,annual,Oregon,operating_costs,Homegrown harvested feed,1.83,dollars_per_cwt
2005,annual,Oregon,operating_costs,Grazed feed,0.18,dollars_per_cwt
2005,annual,Oregon,operating_costs,"Total, feed costs",8.64,dollars_per_cwt
2005,annual,Oregon,operating_costs,Veterinary and medicine,0.67,dollars_per_cwt
2005,annual,Oregon,operating_costs,Bedding and litter,0.16,dollars_per_cwt
2005,annual,Oregon,operating_costs,Marketing,0.21,dollars_per_cwt
2005,annual,Oregon,operating_costs,Custom services,0.38,dollars_per_cwt
2005,annual,Oregon,operating_costs,"Fuel, lube, and electricity",0.57,dollars_per_cwt
2005,annual,Oregon,operating_costs,Repairs,0.72,dollars_per_cwt
2005,annual,Oregon,operating_costs,Other operating costs 3/,0.0,dollars_per_cwt
2005,annual,Oregon,operating_costs,Interest on operating capital,0.19,dollars_per_cwt
2005,annual,Oregon,operating_costs,"Total, operating cost",11.540000000000004,dollars_per_cwt
2005,annual,Oregon,allocated_overhead,Hired labor,1.97,dollars_per_cwt
2005,annual,Oregon,allocated_overhead,Opportunity cost of unpaid labor,1.7,dollars_per_cwt
2005,annual,Oregon,allocated_overhead,Capital recovery of machinery and equipment 4/,2.33,dollars_per_cwt
2005,annual,Oregon,allocated_overhead,Opportunity cost of land (rental rate),0.02,dollars_per_cwt
2005,annual,Oregon,allocated_overhead,Taxes and insurance,0.19,dollars_per_cwt
2005,annual,Oregon,allocated_overhead,General farm overhead,0.53,dollars_per_cwt
2005,annual,Oregon,allocated_overhead,"Total, allocated overhead",6.74,dollars_per_cwt
2005,annual,Oregon,total_costs,Total costs listed,18.28,dollars_per_cwt
2005,annual,Oregon,net_value,Value of production less total costs listed,-0.879999999999999,dollars_per_cwt
2005,annual,Oregon,net_value,Value of production less operating costs,5.859999999999999,dollars_per_cwt
2005,annual,Oregon,supporting_information,Milk cows (head per farm),292.0,head_per_farm
2005,annual,Oregon,supporting_information,Output per cow (pounds),18243.0,pounds
2005,annual,Oregon,supporting_information,Milking frequency more than twice per day (percent of farms),5.95,percent_of_farms
2005,annual,Oregon,supporting_information,Milk cows injected with bST (head per farm),7.0,head_per_farm
2005,annual,Oregon,supporting_information,Organic milk sold (percent of sales),5.36,percent_of_sales
2005,annual,Pennsylvania,gross_value_of_production,Milk sold,16.02,dollars_per_cwt
2005,annual,Pennsylvania,gross_value_of_production,Cattle,1.17,dollars_per_cwt
2005,annual,Pennsylvania,gross_value_of_production,Other income 2/,0.47,dollars_per_cwt
2005,annual,Pennsylvania,gross_value_of_production,"Total, gross value of production",17.659999999999997,dollars_per_cwt
2005,annual,Pennsylvania,operating_costs,Purchased feed,4.1,dollars_per_cwt
2005,annual,Pennsylvania,operating_costs,Homegrown harvested feed,4.97,dollars_per_cwt
2005,annual,Pennsylvania,operating_costs,Grazed feed,0.12,dollars_per_cwt
2005,annual,Pennsylvania,operating_costs,"Total, feed costs",9.19,dollars_per_cwt
2005,annual,Pennsylvania,operating_costs,Veterinary and medicine,1.02,dollars_per_cwt
2005,annual,Pennsylvania,operating_costs,Bedding and litter,0.56,dollars_per_cwt
2005,annual,Pennsylvania,operating_costs,Marketing,0.3,dollars_per_cwt
2005,annual,Pennsylvania,operating_costs,Custom services,0.56,dollars_per_cwt
2005,annual,Pennsylvania,operating_costs,"Fuel, lube, and electricity",0.75,dollars_per_cwt
2005,annual,Pennsylvania,operating_costs,Repairs,0.76,dollars_per_cwt
2005,annual,Pennsylvania,operating_costs,Other operating costs 3/,0.0,dollars_per_cwt
2005,annual,Pennsylvania,operating_costs,Interest on operating capital,0.22,dollars_per_cwt
2005,annual,Pennsylvania,operating_costs,"Total, operating cost",13.36,dollars_per_cwt
2005,annual,Pennsylvania,allocated_overhead,Hired labor,0.89,dollars_per_cwt
2005,annual,Pennsylvania,allocated_overhead,Opportunity cost of unpaid labor,4.22,dollars_per_cwt
2005,annual,Pennsylvania,allocated_overhead,Capital recovery of machinery and equipment 4/,3.19,dollars_per_cwt
2005,annual,Pennsylvania,allocated_overhead,Opportunity cost of land (rental rate),0.05,dollars_per_cwt
2005,annual,Pennsylvania,allocated_overhead,Taxes and insurance,0.27,dollars_per_cwt
2005,annual,Pennsylvania,allocated_overhead,General farm overhead,0.63,dollars_per_cwt
2005,annual,Pennsylvania,allocated_overhead,"Total, allocated overhead",9.25,dollars_per_cwt
2005,annual,Pennsylvania,total_costs,Total costs listed,22.61,dollars_per_cwt
2005,annual,Pennsylvania,net_value,Value of production less total costs listed,-4.950000000000003,dollars_per_cwt
2005,annual,Pennsylvania,net_value,Value of production less operating costs,4.299999999999995,dollars_per_cwt
2005,annual,Pennsylvania,supporting_information,Milk cows (head per farm),85.0,head_per_farm
2005,annual,Pennsylvania,supporting_information,Output per cow (pounds),19069.0,pounds
2005,annual,Pennsylvania,supporting_information,Milking frequency more than twice per day (percent of farms),13.14,percent_of_farms
2005,annual,Pennsylvania,supporting_information,Milk cows injected with bST (head per farm),19.0,head_per_farm
2005,annual,Pennsylvania,supporting_information,Organic milk sold (percent of sales),0.59,percent_of_sales
2005,annual,Tennessee,gross_value_of_production,Milk sold,16.04,dollars_per_cwt
2005,annual,Tennessee,gross_value_of_production,Cattle,1.35,dollars_per_cwt
2005,annual,Tennessee,gross_value_of_production,Other income 2/,0.64,dollars_per_cwt
2005,annual,Tennessee,gross_value_of_production,"Total, gross value of production",18.03,dollars_per_cwt
2005,annual,Tennessee,operating_costs,Purchased feed,5.6,dollars_per_cwt
2005,annual,Tennessee,operating_costs,Homegrown harvested feed,4.47,dollars_per_cwt
2005,annual,Tennessee,operating_costs,Grazed feed,0.27,dollars_per_cwt
2005,annual,Tennessee,operating_costs,"Total, feed costs",10.34,dollars_per_cwt
2005,annual,Tennessee,operating_costs,Veterinary and medicine,0.73,dollars_per_cwt
2005,annual,Tennessee,operating_costs,Bedding and litter,0.09,dollars_per_cwt
2005,annual,Tennessee,operating_costs,Marketing,0.26,dollars_per_cwt
2005,annual,Tennessee,operating_costs,Custom services,0.58,dollars_per_cwt
2005,annual,Tennessee,operating_costs,"Fuel, lube, and electricity",0.87,dollars_per_cwt
2005,annual,Tennessee,operating_costs,Repairs,0.76,dollars_per_cwt
2005,annual,Tennessee,operating_costs,Other operating costs 3/,0.0,dollars_per_cwt
2005,annual,Tennessee,operating_costs,Interest on operating capital,0.23,dollars_per_cwt
2005,annual,Tennessee,operating_costs,"Total, operating cost",13.86,dollars_per_cwt
2005,annual,Tennessee,allocated_overhead,Hired labor,1.97,dollars_per_cwt
2005,annual,Tennessee,allocated_overhead,Opportunity cost of unpaid labor,4.64,dollars_per_cwt
2005,annual,Tennessee,allocated_overhead,Capital recovery of machinery and equipment 4/,5.73,dollars_per_cwt
2005,annual,Tennessee,allocated_overhead,Opportunity cost of land (rental rate),0.08,dollars_per_cwt
2005,annual,Tennessee,allocated_overhead,Taxes and insurance,0.24,dollars_per_cwt
2005,annual,Tennessee,allocated_overhead,General farm overhead,0.6,dollars_per_cwt
2005,annual,Tennessee,allocated_overhead,"Total, allocated overhead",13.26,dollars_per_cwt
2005,annual,Tennessee,total_costs,Total costs listed,27.12,dollars_per_cwt
2005,annual,Tennessee,net_value,Value of production less total costs listed,-9.089999999999996,dollars_per_cwt
2005,annual,Tennessee,net_value,Value of production less operating costs,4.170000000000002,dollars_per_cwt
2005,annual,Tennessee,supporting_information,Milk cows (head per farm),110.0,head_per_farm
2005,annual,Tennessee,supporting_information,Output per cow (pounds),14558.0,pounds
2005,annual,Tennessee,supporting_information,Milking frequency more than twice per day (percent of farms),1.44,percent_of_farms
2005,annual,Tennessee,supporting_information,Milk cows injected with bST (head per farm),4.0,head_per_farm
2005,annual,Tennessee,supporting_information,Organic milk sold (percent of sales),0.0,percent_of_sales
2005,annual,Texas,gross_value_of_production,Milk sold,15.07,dollars_per_cwt
2005,annual,Texas,gross_value_of_production,Cattle,1.2,dollars_per_cwt
2005,annual,Texas,gross_value_of_production,Other income 2/,0.47,dollars_per_cwt
2005,annual,Texas,gross_value_of_production,"Total, gross value of production",16.74,dollars_per_cwt
2005,annual,Texas,operating_costs,Purchased feed,7.18,dollars_per_cwt
2005,annual,Texas,operating_costs,Homegrown harvested feed,0.91,dollars_per_cwt
2005,annual,Texas,operating_costs,Grazed feed,0.16,dollars_per_cwt
2005,annual,Texas,operating_costs,"Total, feed costs",8.25,dollars_per_cwt
2005,annual,Texas,operating_costs,Veterinary and medicine,0.59,dollars_per_cwt
2005,annual,Texas,operating_costs,Bedding and litter,0.14,dollars_per_cwt
2005,annual,Texas,operating_costs,Marketing,0.27,dollars_per_cwt
2005,annual,Texas,operating_costs,Custom services,0.46,dollars_per_cwt
2005,annual,Texas,operating_costs,"Fuel, lube, and electricity",0.61,dollars_per_cwt
2005,annual,Texas,operating_costs,Repairs,0.43,dollars_per_cwt
2005,annual,Texas,operating_costs,Other operating costs 3/,0.0,dollars_per_cwt
2005,annual,Texas,operating_costs,Interest on operating capital,0.18,dollars_per_cwt
2005,annual,Texas,operating_costs,"Total, operating cost",10.93,dollars_per_cwt
2005,annual,Texas,allocated_overhead,Hired labor,1.27,dollars_per_cwt
2005,annual,Texas,allocated_overhead,Opportunity cost of unpaid labor,1.29,dollars_per_cwt
2005,annual,Texas,allocated_overhead,Capital recovery of machinery and equipment 4/,2.72,dollars_per_cwt
2005,annual,Texas,allocated_overhead,Opportunity cost of land (rental rate),0.02,dollars_per_cwt
2005,annual,Texas,allocated_overhead,Taxes and insurance,0.14,dollars_per_cwt
2005,annual,Texas,allocated_overhead,General farm overhead,0.35,dollars_per_cwt
2005,annual,Texas,allocated_overhead,"Total, allocated overhead",5.789999999999999,dollars_per_cwt
2005,annual,Texas,total_costs,Total costs listed,16.72,dollars_per_cwt
2005,annual,Texas,net_value,Value of production less total costs listed,0.0199999999999995,dollars_per_cwt
2005,annual,Texas,net_value,Value of production less operating costs,5.809999999999999,dollars_per_cwt
2005,annual,Texas,supporting_information,Milk cows (head per farm),403.0,head_per_farm
2005,annual,Texas,supporting_information,Output per cow (pounds),16708.0,pounds
2005,annual,Texas,supporting_information,Milking frequency more than twice per day (percent of farms),14.81,percent_of_farms
2005,annual,Texas,supporting_information,Milk cows injected with bST (head per farm),43.0,head_per_farm
2005,annual,Texas,supporting_information,Organic milk sold (percent of sales),0.08,percent_of_sales
2005,annual,Vermont,gross_value_of_production,Milk sold,16.23,dollars_per_cwt
2005,annual,Vermont,gross_value_of_production,Cattle,1.11,dollars_per_cwt
2005,annual,Vermont,gross_value_of_production,Other income 2/,0.68,dollars_per_cwt
2005,annual,Vermont,gross_value_of_production,"Total, gross value of production",18.02,dollars_per_cwt
2005,annual,Vermont,operating_costs,Purchased feed,4.29,dollars_per_cwt
2005,annual,Vermont,operating_costs,Homegrown harvested feed,3.8,dollars_per_cwt
2005,annual,Vermont,operating_costs,Grazed feed,0.17,dollars_per_cwt
2005,annual,Vermont,operating_costs,"Total, feed costs",8.26,dollars_per_cwt
2005,annual,Vermont,operating_costs,Veterinary and medicine,0.76,dollars_per_cwt
2005,annual,Vermont,operating_costs,Bedding and litter,0.37,dollars_per_cwt
2005,annual,Vermont,operating_costs,Marketing,0.24,dollars_per_cwt
2005,annual,Vermont,operating_costs,Custom services,0.4,dollars_per_cwt
2005,annual,Vermont,operating_costs,"Fuel, lube, and electricity",0.66,dollars_per_cwt
2005,annual,Vermont,operating_costs,Repairs,0.5,dollars_per_cwt
2005,annual,Vermont,operating_costs,Other operating costs 3/,0.0,dollars_per_cwt
2005,annual,Vermont,operating_costs,Interest on operating capital,0.19,dollars_per_cwt
2005,annual,Vermont,operating_costs,"Total, operating cost",11.38,dollars_per_cwt
2005,annual,Vermont,allocated_overhead,Hired labor,1.8,dollars_per_cwt
2005,annual,Vermont,allocated_overhead,Opportunity cost of unpaid labor,2.98,dollars_per_cwt
2005,annual,Vermont,allocated_overhead,Capital recovery of machinery and equipment 4/,3.21,dollars_per_cwt
2005,annual,Vermont,allocated_overhead,Opportunity cost of land (rental rate),0.06,dollars_per_cwt
2005,annual,Vermont,allocated_overhead,Taxes and insurance,0.33,dollars_per_cwt
2005,annual,Vermont,allocated_overhead,General farm overhead,1.0,dollars_per_cwt
2005,annual,Vermont,allocated_overhead,"Total, allocated overhead",9.38,dollars_per_cwt
2005,annual,Vermont,total_costs,Total costs listed,20.76,dollars_per_cwt
2005,annual,Vermont,net_value,Value of production less total costs listed,-2.7399999999999984,dollars_per_cwt
2005,annual,Vermont,net_value,Value of production less operating costs,6.640000000000001,dollars_per_cwt
2005,annual,Vermont,supporting_information,Milk cows (head per farm),127.0,head_per_farm
2005,annual,Vermont,supporting_information,Output per cow (pounds),17968.0,pounds
2005,annual,Vermont,supporting_information,Milking frequency more than twice per day (percent of farms),6.78,percent_of_farms
2005,annual,Vermont,supporting_information,Milk cows injected with bST (head per farm),10.0,head_per_farm
2005,annual,Vermont,supporting_information,Organic milk sold (percent of sales),2.44,percent_of_sales
2005,annual,Virginia,gross_value_of_production,Milk sold,16.43,dollars_per_cwt
2005,annual,Virginia,gross_value_of_production,Cattle,1.55,dollars_per_cwt
2005,annual,Virginia,gross_value_of_production,Other income 2/,0.6,dollars_per_cwt
2005,annual,Virginia,gross_value_of_production,"Total, gross value of production",18.58,dollars_per_cwt
2005,annual,Virginia,operating_costs,Purchased feed,4.82,dollars_per_cwt
2005,annual,Virginia,operating_costs,Homegrown harvested feed,4.74,dollars_per_cwt
2005,annual,Virginia,operating_costs,Grazed feed,0.13,dollars_per_cwt
2005,annual,Virginia,operating_costs,"Total, feed costs",9.69,dollars_per_cwt
2005,annual,Virginia,operating_costs,Veterinary and medicine,1.18,dollars_per_cwt
2005,annual,Virginia,operating_costs,Bedding and litter,0.23,dollars_per_cwt
2005,annual,Virginia,operating_costs,Marketing,0.33,dollars_per_cwt
2005,annual,Virginia,operating_costs,Custom services,0.54,dollars_per_cwt
2005,annual,Virginia,operating_costs,"Fuel, lube, and electricity",0.66,dollars_per_cwt
2005,annual,Virginia,operating_costs,Repairs,0.85,dollars_per_cwt
2005,annual,Virginia,operating_costs,Other operating costs 3/,0.0,dollars_per_cwt
2005,annual,Virginia,operating_costs,Interest on operating capital,0.23,dollars_per_cwt
2005,annual,Virginia,operating_costs,"Total, operating cost",13.710000000000004,dollars_per_cwt
2005,annual,Virginia,allocated_overhead,Hired labor,1.96,dollars_per_cwt
2005,annual,Virginia,allocated_overhead,Opportunity cost of unpaid labor,3.12,dollars_per_cwt
2005,annual,Virginia,allocated_overhead,Capital recovery of machinery and equipment 4/,4.01,dollars_per_cwt
2005,annual,Virginia,allocated_overhead,Opportunity cost of land (rental rate),0.04,dollars_per_cwt
2005,annual,Virginia,allocated_overhead,Taxes and insurance,0.3,dollars_per_cwt
2005,annual,Virginia,allocated_overhead,General farm overhead,0.86,dollars_per_cwt
2005,annual,Virginia,allocated_overhead,"Total, allocated overhead",10.29,dollars_per_cwt
2005,annual,Virginia,total_costs,Total costs listed,24.0,dollars_per_cwt
2005,annual,Virginia,net_value,Value of production less total costs listed,-5.419999999999998,dollars_per_cwt
2005,annual,Virginia,net_value,Value of production less operating costs,4.869999999999999,dollars_per_cwt
2005,annual,Virginia,supporting_information,Milk cows (head per farm),125.0,head_per_farm
2005,annual,Virginia,supporting_information,Output per cow (pounds),18933.0,pounds
2005,annual,Virginia,supporting_information,Milking frequency more than twice per day (percent of farms),5.86,percent_of_farms
2005,annual,Virginia,supporting_information,Milk cows injected with bST (head per farm),21.0,head_per_farm
2005,annual,Virginia,supporting_information,Organic milk sold (percent of sales),0.0,percent_of_sales
2005,annual,Washington,gross_value_of_production,Milk sold,15.03,dollars_per_cwt
2005,annual,Washington,gross_value_of_production,Cattle,0.8,dollars_per_cwt
2005,annual,Washington,gross_value_of_production,Other income 2/,0.37,dollars_per_cwt
2005,annual,Washington,gross_value_of_production,"Total, gross value of production",16.2,dollars_per_cwt
2005,annual,Washington,operating_costs,Purchased feed,5.67,dollars_per_cwt
2005,annual,Washington,operating_costs,Homegrown harvested feed,1.37,dollars_per_cwt
2005,annual,Washington,operating_costs,Grazed feed,0.03,dollars_per_cwt
2005,annual,Washington,operating_costs,"Total, feed costs",7.07,dollars_per_cwt
2005,annual,Washington,operating_costs,Veterinary and medicine,0.73,dollars_per_cwt
2005,annual,Washington,operating_costs,Bedding and litter,0.19,dollars_per_cwt
2005,annual,Washington,operating_costs,Marketing,0.28,dollars_per_cwt
2005,annual,Washington,operating_costs,Custom services,0.35,dollars_per_cwt
2005,annual,Washington,operating_costs,"Fuel, lube, and electricity",0.34,dollars_per_cwt
2005,annual,Washington,operating_costs,Repairs,0.46,dollars_per_cwt
2005,annual,Washington,operating_costs,Other operating costs 3/,0.0,dollars_per_cwt
2005,annual,Washington,operating_costs,Interest on operating capital,0.16,dollars_per_cwt
2005,annual,Washington,operating_costs,"Total, operating cost",9.580000000000002,dollars_per_cwt
2005,annual,Washington,allocated_overhead,Hired labor,1.74,dollars_per_cwt
2005,annual,Washington,allocated_overhead,Opportunity cost of unpaid labor,0.48,dollars_per_cwt
2005,annual,Washington,allocated_overhead,Capital recovery of machinery and equipment 4/,1.41,dollars_per_cwt
2005,annual,Washington,allocated_overhead,Opportunity cost of land (rental rate),0.01,dollars_per_cwt
2005,annual,Washington,allocated_overhead,Taxes and insurance,0.13,dollars_per_cwt
2005,annual,Washington,allocated_overhead,General farm overhead,0.31,dollars_per_cwt
2005,annual,Washington,allocated_overhead,"Total, allocated overhead",4.079999999999999,dollars_per_cwt
2005,annual,Washington,total_costs,Total costs listed,13.66,dollars_per_cwt
2005,annual,Washington,net_value,Value of production less total costs listed,2.539999999999999,dollars_per_cwt
2005,annual,Washington,net_value,Value of production less operating costs,6.619999999999997,dollars_per_cwt
2005,annual,Washington,supporting_information,Milk cows (head per farm),645.0,head_per_farm
2005,annual,Washington,supporting_information,Output per cow (pounds),23467.0,pounds
2005,annual,Washington,supporting_information,Milking frequency more than twice per day (percent of farms),36.45,percent_of_farms
2005,annual,Washington,supporting_information,Milk cows injected with bST (head per farm),72.0,head_per_farm
2005,annual,Washington,supporting_information,Organic milk sold (percent of sales),0.56,percent_of_sales
2005,annual,Wisconsin,gross_value_of_production,Milk sold,15.92,dollars_per_cwt
2005,annual,Wisconsin,gross_value_of_production,Cattle,1.28,dollars_per_cwt
2005,annual,Wisconsin,gross_value_of_production,Other income 2/,0.48,dollars_per_cwt
2005,annual,Wisconsin,gross_value_of_production,"Total, gross value of production",17.68,dollars_per_cwt
2005,annual,Wisconsin,operating_costs,Purchased feed,3.6,dollars_per_cwt
2005,annual,Wisconsin,operating_costs,Homegrown harvested feed,4.32,dollars_per_cwt
2005,annual,Wisconsin,operating_costs,Grazed feed,0.1,dollars_per_cwt
2005,annual,Wisconsin,operating_costs,"Total, feed costs",8.02,dollars_per_cwt
2005,annual,Wisconsin,operating_costs,Veterinary and medicine,0.94,dollars_per_cwt
2005,annual,Wisconsin,operating_costs,Bedding and litter,0.23,dollars_per_cwt
2005,annual,Wisconsin,operating_costs,Marketing,0.2,dollars_per_cwt
2005,annual,Wisconsin,operating_costs,Custom services,0.37,dollars_per_cwt
2005,annual,Wisconsin,operating_costs,"Fuel, lube, and electricity",0.56,dollars_per_cwt
2005,annual,Wisconsin,operating_costs,Repairs,0.62,dollars_per_cwt
2005,annual,Wisconsin,operating_costs,Other operating costs 3/,0.0,dollars_per_cwt
2005,annual,Wisconsin,operating_costs,Interest on operating capital,0.18,dollars_per_cwt
2005,annual,Wisconsin,operating_costs,"Total, operating cost",11.119999999999996,dollars_per_cwt
2005,annual,Wisconsin,allocated_overhead,Hired labor,1.4,dollars_per_cwt
2005,annual,Wisconsin,allocated_overhead,Opportunity cost of unpaid labor,3.3,dollars_per_cwt
2005,annual,Wisconsin,allocated_overhead,Capital recovery of machinery and equipment 4/,2.97,dollars_per_cwt
2005,annual,Wisconsin,allocated_overhead,Opportunity cost of land (rental rate),0.03,dollars_per_cwt
2005,annual,Wisconsin,allocated_overhead,Taxes and insurance,0.29,dollars_per_cwt
2005,annual,Wisconsin,allocated_overhead,General farm overhead,0.69,dollars_per_cwt
2005,annual,Wisconsin,allocated_overhead,"Total, allocated overhead",8.68,dollars_per_cwt
2005,annual,Wisconsin,total_costs,Total costs listed,19.8,dollars_per_cwt
2005,annual,Wisconsin,net_value,Value of production less total costs listed,-2.119999999999997,dollars_per_cwt
2005,annual,Wisconsin,net_value,Value of production less operating costs,6.560000000000002,dollars_per_cwt
2005,annual,Wisconsin,supporting_information,Milk cows (head per farm),92.0,head_per_farm
2005,annual,Wisconsin,supporting_information,Output per cow (pounds),19581.0,pounds
2005,annual,Wisconsin,supporting_information,Milking frequency more than twice per day (percent of farms),6.24,percent_of_farms
2005,annual,Wisconsin,supporting_information,Milk cows injected with bST (head per farm),16.0,head_per_farm
2005,annual,Wisconsin,supporting_information,Organic milk sold (percent of sales),0.82,percent_of_sales
2005,annual,States,gross_value_of_production,Milk sold,15.23,dollars_per_cwt
2005,annual,States,gross_value_of_production,Cattle,1.3,dollars_per_cwt
2005,annual,States,gross_value_of_production,Other income 2/,0.5,dollars_per_cwt
2005,annual,States,gross_value_of_production,"Total, gross value of production",17.03,dollars_per_cwt
2005,annual,States,operating_costs,Purchased feed,5.03,dollars_per_cwt
2005,annual,States,operating_costs,Homegrown harvested feed,3.02,dollars_per_cwt
2005,annual,States,operating_costs,Grazed feed,0.09,dollars_per_cwt
2005,annual,States,operating_costs,"Total, feed costs",8.14,dollars_per_cwt
2005,annual,States,operating_costs,Veterinary and medicine,0.78,dollars_per_cwt
2005,annual,States,operating_costs,Bedding and litter,0.22,dollars_per_cwt
2005,annual,States,operating_costs,Marketing,0.26,dollars_per_cwt
2005,annual,States,operating_costs,Custom services,0.41,dollars_per_cwt
2005,annual,States,operating_costs,"Fuel, lube, and electricity",0.55,dollars_per_cwt
2005,annual,States,operating_costs,Repairs,0.56,dollars_per_cwt
2005,annual,States,operating_costs,Other operating costs 3/,0.0,dollars_per_cwt
2005,annual,States,operating_costs,Interest on operating capital,0.18,dollars_per_cwt
2005,annual,States,operating_costs,"Total, operating cost",11.1,dollars_per_cwt
2005,annual,States,allocated_overhead,Hired labor,1.47,dollars_per_cwt
2005,annual,States,allocated_overhead,Opportunity cost of unpaid labor,2.3,dollars_per_cwt
2005,annual,States,allocated_overhead,Capital recovery of machinery and equipment 4/,2.83,dollars_per_cwt
2005,annual,States,allocated_overhead,Opportunity cost of land (rental rate),0.03,dollars_per_cwt
2005,annual,States,allocated_overhead,Taxes and insurance,0.21,dollars_per_cwt
2005,annual,States,allocated_overhead,General farm overhead,0.52,dollars_per_cwt
2005,annual,States,allocated_overhead,"Total, allocated overhead",7.359999999999999,dollars_per_cwt
2005,annual,States,total_costs,Total costs listed,18.46,dollars_per_cwt
2005,annual,States,net_value,Value of production less total costs listed,-1.4299999999999995,dollars_per_cwt
2005,annual,States,net_value,Value of production less operating costs,5.93,dollars_per_cwt
2005,annual,States,supporting_information,Milk cows (head per farm),155.0,head_per_farm
2005,annual,States,supporting_information,Output per cow (pounds),18951.0,pounds
2005,annual,States,supporting_information,Milking frequency more than twice per day (percent of farms),7.02,percent_of_farms
2005,annual,States,supporting_information,Milk cows injected with bST (head per farm),24.0,head_per_farm
2005,annual,States,supporting_information,Organic milk sold (percent of sales),0.59,percent_of_sales
2006,annual,California,gross_value_of_production,Milk sold,11.64,dollars_per_cwt
2006,annual,California,gross_value_of_production,Cattle,1.05,dollars_per_cwt
2006,annual,California,gross_value_of_production,Other income 2/,0.54,dollars_per_cwt
2006,annual,California,gross_value_of_production,"Total, gross value of production",13.23,dollars_per_cwt
2006,annual,California,operating_costs,Purchased feed,6.95,dollars_per_cwt
2006,annual,California,operating_costs,Homegrown harvested feed,1.31,dollars_per_cwt
2006,annual,California,operating_costs,Grazed feed,0.05,dollars_per_cwt
2006,annual,California,operating_costs,"Total, feed costs",8.31,dollars_per_cwt
2006,annual,California,operating_costs,Veterinary and medicine,0.56,dollars_per_cwt
2006,annual,California,operating_costs,Bedding and litter,0.05,dollars_per_cwt
2006,annual,California,operating_costs,Marketing,0.3,dollars_per_cwt
2006,annual,California,operating_costs,Custom services,0.32,dollars_per_cwt
2006,annual,California,operating_costs,"Fuel, lube, and electricity",0.45,dollars_per_cwt
2006,annual,California,operating_costs,Repairs,0.35,dollars_per_cwt
2006,annual,California,operating_costs,Other operating costs 3/,0.0,dollars_per_cwt
2006,annual,California,operating_costs,Interest on operating capital,0.25,dollars_per_cwt
2006,annual,California,operating_costs,"Total, operating cost",10.590000000000002,dollars_per_cwt
2006,annual,California,allocated_overhead,Hired labor,1.46,dollars_per_cwt
2006,annual,California,allocated_overhead,Opportunity cost of unpaid labor,0.39,dollars_per_cwt
2006,annual,California,allocated_overhead,Capital recovery of machinery and equipment 4/,1.84,dollars_per_cwt
2006,annual,California,allocated_overhead,Opportunity cost of land (rental rate),0.0,dollars_per_cwt
2006,annual,California,allocated_overhead,Taxes and insurance,0.15,dollars_per_cwt
2006,annual,California,allocated_overhead,General farm overhead,0.24,dollars_per_cwt
2006,annual,California,allocated_overhead,"Total, allocated overhead",4.08,dollars_per_cwt
2006,annual,California,total_costs,Total costs listed,14.670000000000002,dollars_per_cwt
2006,annual,California,net_value,Value of production less total costs listed,-1.4400000000000013,dollars_per_cwt
2006,annual,California,net_value,Value of production less operating costs,2.639999999999999,dollars_per_cwt
2006,annual,California,supporting_information,Milk cows (head per farm),987.0,head_per_farm
2006,annual,California,supporting_information,Output per cow (pounds),19986.0,pounds
2006,annual,California,supporting_information,Milking frequency more than twice per day (percent of farms),9.74,percent_of_farms
2006,annual,California,supporting_information,Milk cows injected with bST (head per farm),95.0,head_per_farm
2006,annual,California,supporting_information,Organic milk sold (percent of sales),0.32,percent_of_sales
2006,annual,Florida,gross_value_of_production,Milk sold,15.39,dollars_per_cwt
2006,annual,Florida,gross_value_of_production,Cattle,1.0,dollars_per_cwt
2006,annual,Florida,gross_value_of_production,Other income 2/,0.6,dollars_per_cwt
2006,annual,Florida,gross_value_of_production,"Total, gross value of production",16.990000000000002,dollars_per_cwt
2006,annual,Florida,operating_costs,Purchased feed,7.07,dollars_per_cwt
2006,annual,Florida,operating_costs,Homegrown harvested feed,1.77,dollars_per_cwt
2006,annual,Florida,operating_costs,Grazed feed,0.14,dollars_per_cwt
2006,annual,Florida,operating_costs,"Total, feed costs",8.98,dollars_per_cwt
2006,annual,Florida,operating_costs,Veterinary and medicine,0.83,dollars_per_cwt
2006,annual,Florida,operating_costs,Bedding and litter,0.03,dollars_per_cwt
2006,annual,Florida,operating_costs,Marketing,0.19,dollars_per_cwt
2006,annual,Florida,operating_costs,Custom services,0.75,dollars_per_cwt
2006,annual,Florida,operating_costs,"Fuel, lube, and electricity",0.78,dollars_per_cwt
2006,annual,Florida,operating_costs,Repairs,0.78,dollars_per_cwt
2006,annual,Florida,operating_costs,Other operating costs 3/,0.0,dollars_per_cwt
2006,annual,Florida,operating_costs,Interest on operating capital,0.29,dollars_per_cwt
2006,annual,Florida,operating_costs,"Total, operating cost",12.629999999999995,dollars_per_cwt
2006,annual,Florida,allocated_overhead,Hired labor,3.03,dollars_per_cwt
2006,annual,Florida,allocated_overhead,Opportunity cost of unpaid labor,0.44,dollars_per_cwt
2006,annual,Florida,allocated_overhead,Capital recovery of machinery and equipment 4/,2.35,dollars_per_cwt
2006,annual,Florida,allocated_overhead,Opportunity cost of land (rental rate),0.03,dollars_per_cwt
2006,annual,Florida,allocated_overhead,Taxes and insurance,0.25,dollars_per_cwt
2006,annual,Florida,allocated_overhead,General farm overhead,0.5,dollars_per_cwt
2006,annual,Florida,allocated_overhead,"Total, allocated overhead",6.6000000000000005,dollars_per_cwt
2006,annual,Florida,total_costs,Total costs listed,19.23,dollars_per_cwt
2006,annual,Florida,net_value,Value of production less total costs listed,-2.239999999999995,dollars_per_cwt
2006,annual,Florida,net_value,Value of production less operating costs,4.360000000000005,dollars_per_cwt
2006,annual,Florida,supporting_information,Milk cows (head per farm),1015.0,head_per_farm
2006,annual,Florida,supporting_information,Output per cow (pounds),17576.0,pounds
2006,annual,Florida,supporting_information,Milking frequency more than twice per day (percent of farms),36.05,percent_of_farms
2006,annual,Florida,supporting_information,Milk cows injected with bST (head per farm),168.0,head_per_farm
2006,annual,Florida,supporting_information,Organic milk sold (percent of sales),0.0,percent_of_sales
2006,annual,Georgia,gross_value_of_production,Milk sold,15.24,dollars_per_cwt
2006,annual,Georgia,gross_value_of_production,Cattle,0.86,dollars_per_cwt
2006,annual,Georgia,gross_value_of_production,Other income 2/,0.51,dollars_per_cwt
2006,annual,Georgia,gross_value_of_production,"Total, gross value of production",16.610000000000003,dollars_per_cwt
2006,annual,Georgia,operating_costs,Purchased feed,5.32,dollars_per_cwt
2006,annual,Georgia,operating_costs,Homegrown harvested feed,2.15,dollars_per_cwt
2006,annual,Georgia,operating_costs,Grazed feed,0.23,dollars_per_cwt
2006,annual,Georgia,operating_costs,"Total, feed costs",7.700000000000001,dollars_per_cwt
2006,annual,Georgia,operating_costs,Veterinary and medicine,0.65,dollars_per_cwt
2006,annual,Georgia,operating_costs,Bedding and litter,0.04,dollars_per_cwt
2006,annual,Georgia,operating_costs,Marketing,0.73,dollars_per_cwt
2006,annual,Georgia,operating_costs,Custom services,0.82,dollars_per_cwt
2006,annual,Georgia,operating_costs,"Fuel, lube, and electricity",0.66,dollars_per_cwt
2006,annual,Georgia,operating_costs,Repairs,0.6,dollars_per_cwt
2006,annual,Georgia,operating_costs,Other operating costs 3/,0.0,dollars_per_cwt
2006,annual,Georgia,operating_costs,Interest on operating capital,0.27,dollars_per_cwt
2006,annual,Georgia,operating_costs,"Total, operating cost",11.47,dollars_per_cwt
2006,annual,Georgia,allocated_overhead,Hired labor,2.26,dollars_per_cwt
2006,annual,Georgia,allocated_overhead,Opportunity cost of unpaid labor,1.56,dollars_per_cwt
2006,annual,Georgia,allocated_overhead,Capital recovery of machinery and equipment 4/,3.29,dollars_per_cwt
2006,annual,Georgia,allocated_overhead,Opportunity cost of land (rental rate),0.07,dollars_per_cwt
2006,annual,Georgia,allocated_overhead,Taxes and insurance,0.17,dollars_per_cwt
2006,annual,Georgia,allocated_overhead,General farm overhead,0.35,dollars_per_cwt
2006,annual,Georgia,allocated_overhead,"Total, allocated overhead",7.699999999999999,dollars_per_cwt
2006,annual,Georgia,total_costs,Total costs listed,19.17,dollars_per_cwt
2006,annual,Georgia,net_value,Value of production less total costs listed,-2.5599999999999987,dollars_per_cwt
2006,annual,Georgia,net_value,Value of production less operating costs,5.140000000000002,dollars_per_cwt
2006,annual,Georgia,supporting_information,Milk cows (head per farm),277.0,head_per_farm
2006,annual,Georgia,supporting_information,Output per cow (pounds),17306.0,pounds
2006,annual,Georgia,supporting_information,Milking frequency more than twice per day (percent of farms),8.79,percent_of_farms
2006,annual,Georgia,supporting_information,Milk cows injected with bST (head per farm),59.0,head_per_farm
2006,annual,Georgia,supporting_information,Organic milk sold (percent of sales),0.0,percent_of_sales
2006,annual,Idaho,gross_value_of_production,Milk sold,12.51,dollars_per_cwt
2006,annual,Idaho,gross_value_of_production,Cattle,1.11,dollars_per_cwt
2006,annual,Idaho,gross_value_of_production,Other income 2/,0.49,dollars_per_cwt
2006,annual,Idaho,gross_value_of_production,"Total, gross value of production",14.11,dollars_per_cwt
2006,annual,Idaho,operating_costs,Purchased feed,5.41,dollars_per_cwt
2006,annual,Idaho,operating_costs,Homegrown harvested feed,3.33,dollars_per_cwt
2006,annual,Idaho,operating_costs,Grazed feed,0.09,dollars_per_cwt
2006,annual,Idaho,operating_costs,"Total, feed costs",8.83,dollars_per_cwt
2006,annual,Idaho,operating_costs,Veterinary and medicine,0.69,dollars_per_cwt
2006,annual,Idaho,operating_costs,Bedding and litter,0.23,dollars_per_cwt
2006,annual,Idaho,operating_costs,Marketing,0.26,dollars_per_cwt
2006,annual,Idaho,operating_costs,Custom services,0.56,dollars_per_cwt
2006,annual,Idaho,operating_costs,"Fuel, lube, and electricity",0.61,dollars_per_cwt
2006,annual,Idaho,operating_costs,Repairs,0.67,dollars_per_cwt
2006,annual,Idaho,operating_costs,Other operating costs 3/,0.0,dollars_per_cwt
2006,annual,Idaho,operating_costs,Interest on operating capital,0.28,dollars_per_cwt
2006,annual,Idaho,operating_costs,"Total, operating cost",12.13,dollars_per_cwt
2006,annual,Idaho,allocated_overhead,Hired labor,1.64,dollars_per_cwt
2006,annual,Idaho,allocated_overhead,Opportunity cost of unpaid labor,3.51,dollars_per_cwt
2006,annual,Idaho,allocated_overhead,Capital recovery of machinery and equipment 4/,3.68,dollars_per_cwt
2006,annual,Idaho,allocated_overhead,Opportunity cost of land (rental rate),0.01,dollars_per_cwt
2006,annual,Idaho,allocated_overhead,Taxes and insurance,0.22,dollars_per_cwt
2006,annual,Idaho,allocated_overhead,General farm overhead,0.58,dollars_per_cwt
2006,annual,Idaho,allocated_overhead,"Total, allocated overhead",9.64,dollars_per_cwt
2006,annual,Idaho,total_costs,Total costs listed,21.77,dollars_per_cwt
2006,annual,Idaho,net_value,Value of production less total costs listed,-7.66,dollars_per_cwt
2006,annual,Idaho,net_value,Value of production less operating costs,1.9800000000000004,dollars_per_cwt
2006,annual,Idaho,supporting_information,Milk cows (head per farm),137.0,head_per_farm
2006,annual,Idaho,supporting_information,Output per cow (pounds),18010.0,pounds
2006,annual,Idaho,supporting_information,Milking frequency more than twice per day (percent of farms),1.33,percent_of_farms
2006,annual,Idaho,supporting_information,Milk cows injected with bST (head per farm),10.0,head_per_farm
2006,annual,Idaho,supporting_information,Organic milk sold (percent of sales),1.08,percent_of_sales
2006,annual,Illinois,gross_value_of_production,Milk sold,14.29,dollars_per_cwt
2006,annual,Illinois,gross_value_of_production,Cattle,1.15,dollars_per_cwt
2006,annual,Illinois,gross_value_of_production,Other income 2/,0.88,dollars_per_cwt
2006,annual,Illinois,gross_value_of_production,"Total, gross value of production",16.32,dollars_per_cwt
2006,annual,Illinois,operating_costs,Purchased feed,4.21,dollars_per_cwt
2006,annual,Illinois,operating_costs,Homegrown harvested feed,3.33,dollars_per_cwt
2006,annual,Illinois,operating_costs,Grazed feed,0.04,dollars_per_cwt
2006,annual,Illinois,operating_costs,"Total, feed costs",7.58,dollars_per_cwt
2006,annual,Illinois,operating_costs,Veterinary and medicine,1.17,dollars_per_cwt
2006,annual,Illinois,operating_costs,Bedding and litter,0.33,dollars_per_cwt
2006,annual,Illinois,operating_costs,Marketing,0.3,dollars_per_cwt
2006,annual,Illinois,operating_costs,Custom services,0.45,dollars_per_cwt
2006,annual,Illinois,operating_costs,"Fuel, lube, and electricity",0.65,dollars_per_cwt
2006,annual,Illinois,operating_costs,Repairs,0.76,dollars_per_cwt
2006,annual,Illinois,operating_costs,Other operating costs 3/,0.0,dollars_per_cwt
2006,annual,Illinois,operating_costs,Interest on operating capital,0.27,dollars_per_cwt
2006,annual,Illinois,operating_costs,"Total, operating cost",11.51,dollars_per_cwt
2006,annual,Illinois,allocated_overhead,Hired labor,1.47,dollars_per_cwt
2006,annual,Illinois,allocated_overhead,Opportunity cost of unpaid labor,3.55,dollars_per_cwt
2006,annual,Illinois,allocated_overhead,Capital recovery of machinery and equipment 4/,4.17,dollars_per_cwt
2006,annual,Illinois,allocated_overhead,Opportunity cost of land (rental rate),0.03,dollars_per_cwt
2006,annual,Illinois,allocated_overhead,Taxes and insurance,0.2,dollars_per_cwt
2006,annual,Illinois,allocated_overhead,General farm overhead,0.5,dollars_per_cwt
2006,annual,Illinois,allocated_overhead,"Total, allocated overhead",9.919999999999998,dollars_per_cwt
2006,annual,Illinois,total_costs,Total costs listed,21.43,dollars_per_cwt
2006,annual,Illinois,net_value,Value of production less total costs listed,-5.109999999999999,dollars_per_cwt
2006,annual,Illinois,net_value,Value of production less operating costs,4.8100000000000005,dollars_per_cwt
2006,annual,Illinois,supporting_information,Milk cows (head per farm),129.0,head_per_farm
2006,annual,Illinois,supporting_information,Output per cow (pounds),18433.0,pounds
2006,annual,Illinois,supporting_information,Milking frequency more than twice per day (percent of farms),2.23,percent_of_farms
2006,annual,Illinois,supporting_information,Milk cows injected with bST (head per farm),17.0,head_per_farm
2006,annual,Illinois,supporting_information,Organic milk sold (percent of sales),0.13,percent_of_sales
2006,annual,Indiana,gross_value_of_production,Milk sold,13.33,dollars_per_cwt
2006,annual,Indiana,gross_value_of_production,Cattle,1.27,dollars_per_cwt
2006,annual,Indiana,gross_value_of_production,Other income 2/,0.53,dollars_per_cwt
2006,annual,Indiana,gross_value_of_production,"Total, gross value of production",15.13,dollars_per_cwt
2006,annual,Indiana,operating_costs,Purchased feed,4.3,dollars_per_cwt
2006,annual,Indiana,operating_costs,Homegrown harvested feed,2.75,dollars_per_cwt
2006,annual,Indiana,operating_costs,Grazed feed,0.08,dollars_per_cwt
2006,annual,Indiana,operating_costs,"Total, feed costs",7.13,dollars_per_cwt
2006,annual,Indiana,operating_costs,Veterinary and medicine,1.02,dollars_per_cwt
2006,annual,Indiana,operating_costs,Bedding and litter,0.41,dollars_per_cwt
2006,annual,Indiana,operating_costs,Marketing,0.23,dollars_per_cwt
2006,annual,Indiana,operating_costs,Custom services,0.71,dollars_per_cwt
2006,annual,Indiana,operating_costs,"Fuel, lube, and electricity",0.67,dollars_per_cwt
2006,annual,Indiana,operating_costs,Repairs,0.7,dollars_per_cwt
2006,annual,Indiana,operating_costs,Other operating costs 3/,0.0,dollars_per_cwt
2006,annual,Indiana,operating_costs,Interest on operating capital,0.26,dollars_per_cwt
2006,annual,Indiana,operating_costs,"Total, operating cost",11.13,dollars_per_cwt
2006,annual,Indiana,allocated_overhead,Hired labor,1.43,dollars_per_cwt
2006,annual,Indiana,allocated_overhead,Opportunity cost of unpaid labor,2.7,dollars_per_cwt
2006,annual,Indiana,allocated_overhead,Capital recovery of machinery and equipment 4/,3.2,dollars_per_cwt
2006,annual,Indiana,allocated_overhead,Opportunity cost of land (rental rate),0.05,dollars_per_cwt
2006,annual,Indiana,allocated_overhead,Taxes and insurance,0.2,dollars_per_cwt
2006,annual,Indiana,allocated_overhead,General farm overhead,0.51,dollars_per_cwt
2006,annual,Indiana,allocated_overhead,"Total, allocated overhead",8.09,dollars_per_cwt
2006,annual,Indiana,total_costs,Total costs listed,19.22,dollars_per_cwt
2006,annual,Indiana,net_value,Value of production less total costs listed,-4.09,dollars_per_cwt
2006,annual,Indiana,net_value,Value of production less operating costs,4.0,dollars_per_cwt
2006,annual,Indiana,supporting_information,Milk cows (head per farm),142.0,head_per_farm
2006,annual,Indiana,supporting_information,Output per cow (pounds),17934.0,pounds
2006,annual,Indiana,supporting_information,Milking frequency more than twice per day (percent of farms),5.22,percent_of_farms
2006,annual,Indiana,supporting_information,Milk cows injected with bST (head per farm),52.0,head_per_farm
2006,annual,Indiana,supporting_information,Organic milk sold (percent of sales),0.05,percent_of_sales
2006,annual,Iowa,gross_value_of_production,Milk sold,12.88,dollars_per_cwt
2006,annual,Iowa,gross_value_of_production,Cattle,1.1,dollars_per_cwt
2006,annual,Iowa,gross_value_of_production,Other income 2/,0.41,dollars_per_cwt
2006,annual,Iowa,gross_value_of_production,"Total, gross value of production",14.39,dollars_per_cwt
2006,annual,Iowa,operating_costs,Purchased feed,3.86,dollars_per_cwt
2006,annual,Iowa,operating_costs,Homegrown harvested feed,3.66,dollars_per_cwt
2006,annual,Iowa,operating_costs,Grazed feed,0.18,dollars_per_cwt
2006,annual,Iowa,operating_costs,"Total, feed costs",7.699999999999999,dollars_per_cwt
2006,annual,Iowa,operating_costs,Veterinary and medicine,1.02,dollars_per_cwt
2006,annual,Iowa,operating_costs,Bedding and litter,0.28,dollars_per_cwt
2006,annual,Iowa,operating_costs,Marketing,0.29,dollars_per_cwt
2006,annual,Iowa,operating_costs,Custom services,0.44,dollars_per_cwt
2006,annual,Iowa,operating_costs,"Fuel, lube, and electricity",0.5,dollars_per_cwt
2006,annual,Iowa,operating_costs,Repairs,0.74,dollars_per_cwt
2006,annual,Iowa,operating_costs,Other operating costs 3/,0.0,dollars_per_cwt
2006,annual,Iowa,operating_costs,Interest on operating capital,0.26,dollars_per_cwt
2006,annual,Iowa,operating_costs,"Total, operating cost",11.229999999999997,dollars_per_cwt
2006,annual,Iowa,allocated_overhead,Hired labor,1.22,dollars_per_cwt
2006,annual,Iowa,allocated_overhead,Opportunity cost of unpaid labor,3.07,dollars_per_cwt
2006,annual,Iowa,allocated_overhead,Capital recovery of machinery and equipment 4/,4.55,dollars_per_cwt
2006,annual,Iowa,allocated_overhead,Opportunity cost of land (rental rate),0.05,dollars_per_cwt
2006,annual,Iowa,allocated_overhead,Taxes and insurance,0.16,dollars_per_cwt
2006,annual,Iowa,allocated_overhead,General farm overhead,0.85,dollars_per_cwt
2006,annual,Iowa,allocated_overhead,"Total, allocated overhead",9.9,dollars_per_cwt
2006,annual,Iowa,total_costs,Total costs listed,21.129999999999995,dollars_per_cwt
2006,annual,Iowa,net_value,Value of production less total costs listed,-6.739999999999995,dollars_per_cwt
2006,annual,Iowa,net_value,Value of production less operating costs,3.160000000000004,dollars_per_cwt
2006,annual,Iowa,supporting_information,Milk cows (head per farm),106.0,head_per_farm
2006,annual,Iowa,supporting_information,Output per cow (pounds),19452.0,pounds
2006,annual,Iowa,supporting_information,Milking frequency more than twice per day (percent of farms),1.53,percent_of_farms
2006,annual,Iowa,supporting_information,Milk cows injected with bST (head per farm),24.0,head_per_farm
2006,annual,Iowa,supporting_information,Organic milk sold (percent of sales),0.9,percent_of_sales
2006,annual,Kentucky,gross_value_of_production,Milk sold,13.28,dollars_per_cwt
2006,annual,Kentucky,gross_value_of_production,Cattle,1.83,dollars_per_cwt
2006,annual,Kentucky,gross_value_of_production,Other income 2/,0.57,dollars_per_cwt
2006,annual,Kentucky,gross_value_of_production,"Total, gross value of production",15.68,dollars_per_cwt
2006,annual,Kentucky,operating_costs,Purchased feed,4.22,dollars_per_cwt
2006,annual,Kentucky,operating_costs,Homegrown harvested feed,4.91,dollars_per_cwt
2006,annual,Kentucky,operating_costs,Grazed feed,0.4,dollars_per_cwt
2006,annual,Kentucky,operating_costs,"Total, feed costs",9.53,dollars_per_cwt
2006,annual,Kentucky,operating_costs,Veterinary and medicine,0.51,dollars_per_cwt
2006,annual,Kentucky,operating_costs,Bedding and litter,0.2,dollars_per_cwt
2006,annual,Kentucky,operating_costs,Marketing,0.25,dollars_per_cwt
2006,annual,Kentucky,operating_costs,Custom services,0.38,dollars_per_cwt
2006,annual,Kentucky,operating_costs,"Fuel, lube, and electricity",0.57,dollars_per_cwt
2006,annual,Kentucky,operating_costs,Repairs,0.6,dollars_per_cwt
2006,annual,Kentucky,operating_costs,Other operating costs 3/,0.0,dollars_per_cwt
2006,annual,Kentucky,operating_costs,Interest on operating capital,0.29,dollars_per_cwt
2006,annual,Kentucky,operating_costs,"Total, operating cost",12.329999999999998,dollars_per_cwt
2006,annual,Kentucky,allocated_overhead,Hired labor,1.04,dollars_per_cwt
2006,annual,Kentucky,allocated_overhead,Opportunity cost of unpaid labor,5.82,dollars_per_cwt
2006,annual,Kentucky,allocated_overhead,Capital recovery of machinery and equipment 4/,6.71,dollars_per_cwt
2006,annual,Kentucky,allocated_overhead,Opportunity cost of land (rental rate),0.09,dollars_per_cwt
2006,annual,Kentucky,allocated_overhead,Taxes and insurance,0.19,dollars_per_cwt
2006,annual,Kentucky,allocated_overhead,General farm overhead,0.67,dollars_per_cwt
2006,annual,Kentucky,allocated_overhead,"Total, allocated overhead",14.52,dollars_per_cwt
2006,annual,Kentucky,total_costs,Total costs listed,26.85,dollars_per_cwt
2006,annual,Kentucky,net_value,Value of production less total costs listed,-11.169999999999998,dollars_per_cwt
2006,annual,Kentucky,net_value,Value of production less operating costs,3.3500000000000014,dollars_per_cwt
2006,annual,Kentucky,supporting_information,Milk cows (head per farm),79.0,head_per_farm
2006,annual,Kentucky,supporting_information,Output per cow (pounds),13502.0,pounds
2006,annual,Kentucky,supporting_information,Milking frequency more than twice per day (percent of farms),0.71,percent_of_farms
2006,annual,Kentucky,supporting_information,Milk cows injected with bST (head per farm),2.0,head_per_farm
2006,annual,Kentucky,supporting_information,Organic milk sold (percent of sales),0.0,percent_of_sales
2006,annual,Maine,gross_value_of_production,Milk sold,15.48,dollars_per_cwt
2006,annual,Maine,gross_value_of_production,Cattle,0.89,dollars_per_cwt
2006,annual,Maine,gross_value_of_production,Other income 2/,0.58,dollars_per_cwt
2006,annual,Maine,gross_value_of_production,"Total, gross value of production",16.95,dollars_per_cwt
2006,annual,Maine,operating_costs,Purchased feed,5.81,dollars_per_cwt
2006,annual,Maine,operating_costs,Homegrown harvested feed,5.17,dollars_per_cwt
2006,annual,Maine,operating_costs,Grazed feed,0.18,dollars_per_cwt
2006,annual,Maine,operating_costs,"Total, feed costs",11.16,dollars_per_cwt
2006,annual,Maine,operating_costs,Veterinary and medicine,0.91,dollars_per_cwt
2006,annual,Maine,operating_costs,Bedding and litter,0.34,dollars_per_cwt
2006,annual,Maine,operating_costs,Marketing,0.3,dollars_per_cwt
2006,annual,Maine,operating_costs,Custom services,0.31,dollars_per_cwt
2006,annual,Maine,operating_costs,"Fuel, lube, and electricity",0.8,dollars_per_cwt
2006,annual,Maine,operating_costs,Repairs,0.82,dollars_per_cwt
2006,annual,Maine,operating_costs,Other operating costs 3/,0.01,dollars_per_cwt
2006,annual,Maine,operating_costs,Interest on operating capital,0.35,dollars_per_cwt
2006,annual,Maine,operating_costs,"Total, operating cost",15.000000000000002,dollars_per_cwt
2006,annual,Maine,allocated_overhead,Hired labor,3.12,dollars_per_cwt
2006,annual,Maine,allocated_overhead,Opportunity cost of unpaid labor,5.99,dollars_per_cwt
2006,annual,Maine,allocated_overhead,Capital recovery of machinery and equipment 4/,5.44,dollars_per_cwt
2006,annual,Maine,allocated_overhead,Opportunity cost of land (rental rate),0.06,dollars_per_cwt
2006,annual,Maine,allocated_overhead,Taxes and insurance,0.46,dollars_per_cwt
2006,annual,Maine,allocated_overhead,General farm overhead,1.12,dollars_per_cwt
2006,annual,Maine,allocated_overhead,"Total, allocated overhead",16.19,dollars_per_cwt
2006,annual,Maine,total_costs,Total costs listed,31.190000000000005,dollars_per_cwt
2006,annual,Maine,net_value,Value of production less total costs listed,-14.240000000000006,dollars_per_cwt
2006,annual,Maine,net_value,Value of production less operating costs,1.9499999999999973,dollars_per_cwt
2006,annual,Maine,supporting_information,Milk cows (head per farm),92.0,head_per_farm
2006,annual,Maine,supporting_information,Output per cow (pounds),18288.0,pounds
2006,annual,Maine,supporting_information,Milking frequency more than twice per day (percent of farms),2.3,percent_of_farms
2006,annual,Maine,supporting_information,Milk cows injected with bST (head per farm),6.0,head_per_farm
2006,annual,Maine,supporting_information,Organic milk sold (percent of sales),7.49,percent_of_sales
2006,annual,Michigan,gross_value_of_production,Milk sold,13.54,dollars_per_cwt
2006,annual,Michigan,gross_value_of_production,Cattle,1.48,dollars_per_cwt
2006,annual,Michigan,gross_value_of_production,Other income 2/,0.5,dollars_per_cwt
2006,annual,Michigan,gross_value_of_production,"Total, gross value of production",15.52,dollars_per_cwt
2006,annual,Michigan,operating_costs,Purchased feed,4.6,dollars_per_cwt
2006,annual,Michigan,operating_costs,Homegrown harvested feed,3.76,dollars_per_cwt
2006,annual,Michigan,operating_costs,Grazed feed,0.03,dollars_per_cwt
2006,annual,Michigan,operating_costs,"Total, feed costs",8.389999999999999,dollars_per_cwt
2006,annual,Michigan,operating_costs,Veterinary and medicine,0.98,dollars_per_cwt
2006,annual,Michigan,operating_costs,Bedding and litter,0.23,dollars_per_cwt
2006,annual,Michigan,operating_costs,Marketing,0.22,dollars_per_cwt
2006,annual,Michigan,operating_costs,Custom services,0.45,dollars_per_cwt
2006,annual,Michigan,operating_costs,"Fuel, lube, and electricity",0.68,dollars_per_cwt
2006,annual,Michigan,operating_costs,Repairs,0.74,dollars_per_cwt
2006,annual,Michigan,operating_costs,Other operating costs 3/,0.0,dollars_per_cwt
2006,annual,Michigan,operating_costs,Interest on operating capital,0.28,dollars_per_cwt
2006,annual,Michigan,operating_costs,"Total, operating cost",11.97,dollars_per_cwt
2006,annual,Michigan,allocated_overhead,Hired labor,1.58,dollars_per_cwt
2006,annual,Michigan,allocated_overhead,Opportunity cost of unpaid labor,1.9,dollars_per_cwt
2006,annual,Michigan,allocated_overhead,Capital recovery of machinery and equipment 4/,3.27,dollars_per_cwt
2006,annual,Michigan,allocated_overhead,Opportunity cost of land (rental rate),0.02,dollars_per_cwt
2006,annual,Michigan,allocated_overhead,Taxes and insurance,0.23,dollars_per_cwt
2006,annual,Michigan,allocated_overhead,General farm overhead,0.81,dollars_per_cwt
2006,annual,Michigan,allocated_overhead,"Total, allocated overhead",7.81,dollars_per_cwt
2006,annual,Michigan,total_costs,Total costs listed,19.78,dollars_per_cwt
2006,annual,Michigan,net_value,Value of production less total costs listed,-4.260000000000002,dollars_per_cwt
2006,annual,Michigan,net_value,Value of production less operating costs,3.5500000000000007,dollars_per_cwt
2006,annual,Michigan,supporting_information,Milk cows (head per farm),152.0,head_per_farm
2006,annual,Michigan,supporting_information,Output per cow (pounds),20875.0,pounds
2006,annual,Michigan,supporting_information,Milking frequency more than twice per day (percent of farms),20.78,percent_of_farms
2006,annual,Michigan,supporting_information,Milk cows injected with bST (head per farm),54.0,head_per_farm
2006,annual,Michigan,supporting_information,Organic milk sold (percent of sales),0.15,percent_of_sales
2006,annual,Minnesota,gross_value_of_production,Milk sold,13.07,dollars_per_cwt
2006,annual,Minnesota,gross_value_of_production,Cattle,1.39,dollars_per_cwt
2006,annual,Minnesota,gross_value_of_production,Other income 2/,0.56,dollars_per_cwt
2006,annual,Minnesota,gross_value_of_production,"Total, gross value of production",15.02,dollars_per_cwt
2006,annual,Minnesota,operating_costs,Purchased feed,3.8,dollars_per_cwt
2006,annual,Minnesota,operating_costs,Homegrown harvested feed,4.34,dollars_per_cwt
2006,annual,Minnesota,operating_costs,Grazed feed,0.05,dollars_per_cwt
2006,annual,Minnesota,operating_costs,"Total, feed costs",8.190000000000001,dollars_per_cwt
2006,annual,Minnesota,operating_costs,Veterinary and medicine,1.16,dollars_per_cwt
2006,annual,Minnesota,operating_costs,Bedding and litter,0.3,dollars_per_cwt
2006,annual,Minnesota,operating_costs,Marketing,0.22,dollars_per_cwt
2006,annual,Minnesota,operating_costs,Custom services,0.31,dollars_per_cwt
2006,annual,Minnesota,operating_costs,"Fuel, lube, and electricity",0.74,dollars_per_cwt
2006,annual,Minnesota,operating_costs,Repairs,0.64,dollars_per_cwt
2006,annual,Minnesota,operating_costs,Other operating costs 3/,0.0,dollars_per_cwt
2006,annual,Minnesota,operating_costs,Interest on operating capital,0.27,dollars_per_cwt
2006,annual,Minnesota,operating_costs,"Total, operating cost",11.830000000000004,dollars_per_cwt
2006,annual,Minnesota,allocated_overhead,Hired labor,1.45,dollars_per_cwt
2006,annual,Minnesota,allocated_overhead,Opportunity cost of unpaid labor,3.58,dollars_per_cwt
2006,annual,Minnesota,allocated_overhead,Capital recovery of machinery and equipment 4/,4.13,dollars_per_cwt
2006,annual,Minnesota,allocated_overhead,Opportunity cost of land (rental rate),0.03,dollars_per_cwt
2006,annual,Minnesota,allocated_overhead,Taxes and insurance,0.25,dollars_per_cwt
2006,annual,Minnesota,allocated_overhead,General farm overhead,0.68,dollars_per_cwt
2006,annual,Minnesota,allocated_overhead,"Total, allocated overhead",10.12,dollars_per_cwt
2006,annual,Minnesota,total_costs,Total costs listed,21.950000000000003,dollars_per_cwt
2006,annual,Minnesota,net_value,Value of production less total costs listed,-6.9300000000000015,dollars_per_cwt
2006,annual,Minnesota,net_value,Value of production less operating costs,3.1899999999999977,dollars_per_cwt
2006,annual,Minnesota,supporting_information,Milk cows (head per farm),94.0,head_per_farm
2006,annual,Minnesota,supporting_information,Output per cow (pounds),19192.0,pounds
2006,annual,Minnesota,supporting_information,Milking frequency more than twice per day (percent of farms),4.56,percent_of_farms
2006,annual,Minnesota,supporting_information,Milk cows injected with bST (head per farm),17.0,head_per_farm
2006,annual,Minnesota,supporting_information,Organic milk sold (percent of sales),0.72,percent_of_sales
2006,annual,Missouri,gross_value_of_production,Milk sold,12.5,dollars_per_cwt
2006,annual,Missouri,gross_value_of_production,Cattle,3.12,dollars_per_cwt
2006,annual,Missouri,gross_value_of_production,Other income 2/,0.53,dollars_per_cwt
2006,annual,Missouri,gross_value_of_production,"Total, gross value of production",16.150000000000002,dollars_per_cwt
2006,annual,Missouri,operating_costs,Purchased feed,5.07,dollars_per_cwt
2006,annual,Missouri,operating_costs,Homegrown harvested feed,2.26,dollars_per_cwt
2006,annual,Missouri,operating_costs,Grazed feed,0.28,dollars_per_cwt
2006,annual,Missouri,operating_costs,"Total, feed costs",7.61,dollars_per_cwt
2006,annual,Missouri,operating_costs,Veterinary and medicine,0.77,dollars_per_cwt
2006,annual,Missouri,operating_costs,Bedding and litter,0.14,dollars_per_cwt
2006,annual,Missouri,operating_costs,Marketing,0.39,dollars_per_cwt
2006,annual,Missouri,operating_costs,Custom services,0.17,dollars_per_cwt
2006,annual,Missouri,operating_costs,"Fuel, lube, and electricity",0.67,dollars_per_cwt
2006,annual,Missouri,operating_costs,Repairs,0.79,dollars_per_cwt
2006,annual,Missouri,operating_costs,Other operating costs 3/,0.0,dollars_per_cwt
2006,annual,Missouri,operating_costs,Interest on operating capital,0.25,dollars_per_cwt
2006,annual,Missouri,operating_costs,"Total, operating cost",10.790000000000004,dollars_per_cwt
2006,annual,Missouri,allocated_overhead,Hired labor,1.08,dollars_per_cwt
2006,annual,Missouri,allocated_overhead,Opportunity cost of unpaid labor,5.21,dollars_per_cwt
2006,annual,Missouri,allocated_overhead,Capital recovery of machinery and equipment 4/,5.19,dollars_per_cwt
2006,annual,Missouri,allocated_overhead,Opportunity cost of land (rental rate),0.18,dollars_per_cwt
2006,annual,Missouri,allocated_overhead,Taxes and insurance,0.37,dollars_per_cwt
2006,annual,Missouri,allocated_overhead,General farm overhead,0.37,dollars_per_cwt
2006,annual,Missouri,allocated_overhead,"Total, allocated overhead",12.4,dollars_per_cwt
2006,annual,Missouri,total_costs,Total costs listed,23.19,dollars_per_cwt
2006,annual,Missouri,net_value,Value of production less total costs listed,-7.039999999999999,dollars_per_cwt
2006,annual,Missouri,net_value,Value of production less operating costs,5.359999999999999,dollars_per_cwt
2006,annual,Missouri,supporting_information,Milk cows (head per farm),104.0,head_per_farm
2006,annual,Missouri,supporting_information,Output per cow (pounds),15210.0,pounds
2006,annual,Missouri,supporting_information,Milking frequency more than twice per day (percent of farms),0.15,percent_of_farms
2006,annual,Missouri,supporting_information,Milk cows injected with bST (head per farm),9.0,head_per_farm
2006,annual,Missouri,supporting_information,Organic milk sold (percent of sales),0.0,percent_of_sales
2006,annual,Mexico,gross_value_of_production,Milk sold,11.68,dollars_per_cwt
2006,annual,Mexico,gross_value_of_production,Cattle,1.88,dollars_per_cwt
2006,annual,Mexico,gross_value_of_production,Other income 2/,0.49,dollars_per_cwt
2006,annual,Mexico,gross_value_of_production,"Total, gross value of production",14.05,dollars_per_cwt
2006,annual,Mexico,operating_costs,Purchased feed,5.22,dollars_per_cwt
2006,annual,Mexico,operating_costs,Homegrown harvested feed,1.13,dollars_per_cwt
2006,annual,Mexico,operating_costs,Grazed feed,0.01,dollars_per_cwt
2006,annual,Mexico,operating_costs,"Total, feed costs",6.359999999999999,dollars_per_cwt
2006,annual,Mexico,operating_costs,Veterinary and medicine,0.54,dollars_per_cwt
2006,annual,Mexico,operating_costs,Bedding and litter,0.0,dollars_per_cwt
2006,annual,Mexico,operating_costs,Marketing,0.38,dollars_per_cwt
2006,annual,Mexico,operating_costs,Custom services,0.43,dollars_per_cwt
2006,annual,Mexico,operating_costs,"Fuel, lube, and electricity",0.32,dollars_per_cwt
2006,annual,Mexico,operating_costs,Repairs,0.26,dollars_per_cwt
2006,annual,Mexico,operating_costs,Other operating costs 3/,0.0,dollars_per_cwt
2006,annual,Mexico,operating_costs,Interest on operating capital,0.2,dollars_per_cwt
2006,annual,Mexico,operating_costs,"Total, operating cost",8.489999999999998,dollars_per_cwt
2006,annual,Mexico,allocated_overhead,Hired labor,1.4,dollars_per_cwt
2006,annual,Mexico,allocated_overhead,Opportunity cost of unpaid labor,0.15,dollars_per_cwt
2006,annual,Mexico,allocated_overhead,Capital recovery of machinery and equipment 4/,1.17,dollars_per_cwt
2006,annual,Mexico,allocated_overhead,Opportunity cost of land (rental rate),0.0,dollars_per_cwt
2006,annual,Mexico,allocated_overhead,Taxes and insurance,0.1,dollars_per_cwt
2006,annual,Mexico,allocated_overhead,General farm overhead,0.18,dollars_per_cwt
2006,annual,Mexico,allocated_overhead,"Total, allocated overhead",3.0,dollars_per_cwt
2006,annual,Mexico,total_costs,Total costs listed,11.489999999999998,dollars_per_cwt
2006,annual,Mexico,net_value,Value of production less total costs listed,2.5600000000000005,dollars_per_cwt
2006,annual,Mexico,net_value,Value of production less operating costs,5.5600000000000005,dollars_per_cwt
2006,annual,Mexico,supporting_information,Milk cows (head per farm),2344.0,head_per_farm
2006,annual,Mexico,supporting_information,Output per cow (pounds),16928.0,pounds
2006,annual,Mexico,supporting_information,Milking frequency more than twice per day (percent of farms),64.11,percent_of_farms
2006,annual,Mexico,supporting_information,Milk cows injected with bST (head per farm),285.0,head_per_farm
2006,annual,Mexico,supporting_information,Organic milk sold (percent of sales),0.0,percent_of_sales
2006,annual,York,gross_value_of_production,Milk sold,13.41,dollars_per_cwt
2006,annual,York,gross_value_of_production,Cattle,0.98,dollars_per_cwt
2006,annual,York,gross_value_of_production,Other income 2/,0.58,dollars_per_cwt
2006,annual,York,gross_value_of_production,"Total, gross value of production",14.97,dollars_per_cwt
2006,annual,York,operating_costs,Purchased feed,4.29,dollars_per_cwt
2006,annual,York,operating_costs,Homegrown harvested feed,5.49,dollars_per_cwt
2006,annual,York,operating_costs,Grazed feed,0.1,dollars_per_cwt
2006,annual,York,operating_costs,"Total, feed costs",9.88,dollars_per_cwt
2006,annual,York,operating_costs,Veterinary and medicine,0.84,dollars_per_cwt
2006,annual,York,operating_costs,Bedding and litter,0.46,dollars_per_cwt
2006,annual,York,operating_costs,Marketing,0.24,dollars_per_cwt
2006,annual,York,operating_costs,Custom services,0.54,dollars_per_cwt
2006,annual,York,operating_costs,"Fuel, lube, and electricity",0.83,dollars_per_cwt
2006,annual,York,operating_costs,Repairs,0.81,dollars_per_cwt
2006,annual,York,operating_costs,Other operating costs 3/,0.0,dollars_per_cwt
2006,annual,York,operating_costs,Interest on operating capital,0.32,dollars_per_cwt
2006,annual,York,operating_costs,"Total, operating cost",13.920000000000002,dollars_per_cwt
2006,annual,York,allocated_overhead,Hired labor,1.87,dollars_per_cwt
2006,annual,York,allocated_overhead,Opportunity cost of unpaid labor,3.71,dollars_per_cwt
2006,annual,York,allocated_overhead,Capital recovery of machinery and equipment 4/,3.81,dollars_per_cwt
2006,annual,York,allocated_overhead,Opportunity cost of land (rental rate),0.02,dollars_per_cwt
2006,annual,York,allocated_overhead,Taxes and insurance,0.29,dollars_per_cwt
2006,annual,York,allocated_overhead,General farm overhead,0.78,dollars_per_cwt
2006,annual,York,allocated_overhead,"Total, allocated overhead",10.48,dollars_per_cwt
2006,annual,York,total_costs,Total costs listed,24.4,dollars_per_cwt
2006,annual,York,net_value,Value of production less total costs listed,-9.429999999999998,dollars_per_cwt
2006,annual,York,net_value,Value of production less operating costs,1.049999999999999,dollars_per_cwt
2006,annual,York,supporting_information,Milk cows (head per farm),119.0,head_per_farm
2006,annual,York,supporting_information,Output per cow (pounds),18824.0,pounds
2006,annual,York,supporting_information,Milking frequency more than twice per day (percent of farms),5.32,percent_of_farms
2006,annual,York,supporting_information,Milk cows injected with bST (head per farm),20.0,head_per_farm
2006,annual,York,supporting_information,Organic milk sold (percent of sales),0.4,percent_of_sales
2006,annual,Ohio,gross_value_of_production,Milk sold,13.59,dollars_per_cwt
2006,annual,Ohio,gross_value_of_production,Cattle,1.33,dollars_per_cwt
2006,annual,Ohio,gross_value_of_production,Other income 2/,0.47,dollars_per_cwt
2006,annual,Ohio,gross_value_of_production,"Total, gross value of production",15.39,dollars_per_cwt
2006,annual,Ohio,operating_costs,Purchased feed,4.14,dollars_per_cwt
2006,annual,Ohio,operating_costs,Homegrown harvested feed,3.27,dollars_per_cwt
2006,annual,Ohio,operating_costs,Grazed feed,0.08,dollars_per_cwt
2006,annual,Ohio,operating_costs,"Total, feed costs",7.49,dollars_per_cwt
2006,annual,Ohio,operating_costs,Veterinary and medicine,1.05,dollars_per_cwt
2006,annual,Ohio,operating_costs,Bedding and litter,0.35,dollars_per_cwt
2006,annual,Ohio,operating_costs,Marketing,0.27,dollars_per_cwt
2006,annual,Ohio,operating_costs,Custom services,0.49,dollars_per_cwt
2006,annual,Ohio,operating_costs,"Fuel, lube, and electricity",0.62,dollars_per_cwt
2006,annual,Ohio,operating_costs,Repairs,0.71,dollars_per_cwt
2006,annual,Ohio,operating_costs,Other operating costs 3/,0.0,dollars_per_cwt
2006,annual,Ohio,operating_costs,Interest on operating capital,0.26,dollars_per_cwt
2006,annual,Ohio,operating_costs,"Total, operating cost",11.24,dollars_per_cwt
2006,annual,Ohio,allocated_overhead,Hired labor,1.43,dollars_per_cwt
2006,annual,Ohio,allocated_overhead,Opportunity cost of unpaid labor,3.33,dollars_per_cwt
2006,annual,Ohio,allocated_overhead,Capital recovery of machinery and equipment 4/,3.82,dollars_per_cwt
2006,annual,Ohio,allocated_overhead,Opportunity cost of land (rental rate),0.06,dollars_per_cwt
2006,annual,Ohio,allocated_overhead,Taxes and insurance,0.23,dollars_per_cwt
2006,annual,Ohio,allocated_overhead,General farm overhead,0.68,dollars_per_cwt
2006,annual,Ohio,allocated_overhead,"Total, allocated overhead",9.55,dollars_per_cwt
2006,annual,Ohio,total_costs,Total costs listed,20.79,dollars_per_cwt
2006,annual,Ohio,net_value,Value of production less total costs listed,-5.399999999999999,dollars_per_cwt
2006,annual,Ohio,net_value,Value of production less operating costs,4.15,dollars_per_cwt
2006,annual,Ohio,supporting_information,Milk cows (head per farm),100.0,head_per_farm
2006,annual,Ohio,supporting_information,Output per cow (pounds),18071.0,pounds
2006,annual,Ohio,supporting_information,Milking frequency more than twice per day (percent of farms),2.88,percent_of_farms
2006,annual,Ohio,supporting_information,Milk cows injected with bST (head per farm),22.0,head_per_farm
2006,annual,Ohio,supporting_information,Organic milk sold (percent of sales),0.43,percent_of_sales
2006,annual,Oregon,gross_value_of_production,Milk sold,14.69,dollars_per_cwt
2006,annual,Oregon,gross_value_of_production,Cattle,0.95,dollars_per_cwt
2006,annual,Oregon,gross_value_of_production,Other income 2/,0.74,dollars_per_cwt
2006,annual,Oregon,gross_value_of_production,"Total, gross value of production",16.38,dollars_per_cwt
2006,annual,Oregon,operating_costs,Purchased feed,7.06,dollars_per_cwt
2006,annual,Oregon,operating_costs,Homegrown harvested feed,1.99,dollars_per_cwt
2006,annual,Oregon,operating_costs,Grazed feed,0.2,dollars_per_cwt
2006,annual,Oregon,operating_costs,"Total, feed costs",9.249999999999998,dollars_per_cwt
2006,annual,Oregon,operating_costs,Veterinary and medicine,0.71,dollars_per_cwt
2006,annual,Oregon,operating_costs,Bedding and litter,0.17,dollars_per_cwt
2006,annual,Oregon,operating_costs,Marketing,0.23,dollars_per_cwt
2006,annual,Oregon,operating_costs,Custom services,0.39,dollars_per_cwt
2006,annual,Oregon,operating_costs,"Fuel, lube, and electricity",0.62,dollars_per_cwt
2006,annual,Oregon,operating_costs,Repairs,0.76,dollars_per_cwt
2006,annual,Oregon,operating_costs,Other operating costs 3/,0.0,dollars_per_cwt
2006,annual,Oregon,operating_costs,Interest on operating capital,0.29,dollars_per_cwt
2006,annual,Oregon,operating_costs,"Total, operating cost",12.419999999999996,dollars_per_cwt
2006,annual,Oregon,allocated_overhead,Hired labor,2.08,dollars_per_cwt
2006,annual,Oregon,allocated_overhead,Opportunity cost of unpaid labor,1.73,dollars_per_cwt
2006,annual,Oregon,allocated_overhead,Capital recovery of machinery and equipment 4/,2.47,dollars_per_cwt
2006,annual,Oregon,allocated_overhead,Opportunity cost of land (rental rate),0.02,dollars_per_cwt
2006,annual,Oregon,allocated_overhead,Taxes and insurance,0.19,dollars_per_cwt
2006,annual,Oregon,allocated_overhead,General farm overhead,0.55,dollars_per_cwt
2006,annual,Oregon,allocated_overhead,"Total, allocated overhead",7.04,dollars_per_cwt
2006,annual,Oregon,total_costs,Total costs listed,19.46,dollars_per_cwt
2006,annual,Oregon,net_value,Value of production less total costs listed,-3.0799999999999983,dollars_per_cwt
2006,annual,Oregon,net_value,Value of production less operating costs,3.960000000000002,dollars_per_cwt
2006,annual,Oregon,supporting_information,Milk cows (head per farm),293.0,head_per_farm
2006,annual,Oregon,supporting_information,Output per cow (pounds),18300.0,pounds
2006,annual,Oregon,supporting_information,Milking frequency more than twice per day (percent of farms),5.89,percent_of_farms
2006,annual,Oregon,supporting_information,Milk cows injected with bST (head per farm),7.0,head_per_farm
2006,annual,Oregon,supporting_information,Organic milk sold (percent of sales),5.36,percent_of_sales
2006,annual,Pennsylvania,gross_value_of_production,Milk sold,13.84,dollars_per_cwt
2006,annual,Pennsylvania,gross_value_of_production,Cattle,1.07,dollars_per_cwt
2006,annual,Pennsylvania,gross_value_of_production,Other income 2/,0.5,dollars_per_cwt
2006,annual,Pennsylvania,gross_value_of_production,"Total, gross value of production",15.41,dollars_per_cwt
2006,annual,Pennsylvania,operating_costs,Purchased feed,4.48,dollars_per_cwt
2006,annual,Pennsylvania,operating_costs,Homegrown harvested feed,5.16,dollars_per_cwt
2006,annual,Pennsylvania,operating_costs,Grazed feed,0.12,dollars_per_cwt
2006,annual,Pennsylvania,operating_costs,"Total, feed costs",9.76,dollars_per_cwt
2006,annual,Pennsylvania,operating_costs,Veterinary and medicine,1.08,dollars_per_cwt
2006,annual,Pennsylvania,operating_costs,Bedding and litter,0.57,dollars_per_cwt
2006,annual,Pennsylvania,operating_costs,Marketing,0.31,dollars_per_cwt
2006,annual,Pennsylvania,operating_costs,Custom services,0.58,dollars_per_cwt
2006,annual,Pennsylvania,operating_costs,"Fuel, lube, and electricity",0.82,dollars_per_cwt
2006,annual,Pennsylvania,operating_costs,Repairs,0.81,dollars_per_cwt
2006,annual,Pennsylvania,operating_costs,Other operating costs 3/,0.0,dollars_per_cwt
2006,annual,Pennsylvania,operating_costs,Interest on operating capital,0.33,dollars_per_cwt
2006,annual,Pennsylvania,operating_costs,"Total, operating cost",14.260000000000002,dollars_per_cwt
2006,annual,Pennsylvania,allocated_overhead,Hired labor,0.95,dollars_per_cwt
2006,annual,Pennsylvania,allocated_overhead,Opportunity cost of unpaid labor,4.16,dollars_per_cwt
2006,annual,Pennsylvania,allocated_overhead,Capital recovery of machinery and equipment 4/,3.36,dollars_per_cwt
2006,annual,Pennsylvania,allocated_overhead,Opportunity cost of land (rental rate),0.05,dollars_per_cwt
2006,annual,Pennsylvania,allocated_overhead,Taxes and insurance,0.28,dollars_per_cwt
2006,annual,Pennsylvania,allocated_overhead,General farm overhead,0.65,dollars_per_cwt
2006,annual,Pennsylvania,allocated_overhead,"Total, allocated overhead",9.45,dollars_per_cwt
2006,annual,Pennsylvania,total_costs,Total costs listed,23.71,dollars_per_cwt
2006,annual,Pennsylvania,net_value,Value of production less total costs listed,-8.3,dollars_per_cwt
2006,annual,Pennsylvania,net_value,Value of production less operating costs,1.1499999999999986,dollars_per_cwt
2006,annual,Pennsylvania,supporting_information,Milk cows (head per farm),87.0,head_per_farm
2006,annual,Pennsylvania,supporting_information,Output per cow (pounds),19106.0,pounds
2006,annual,Pennsylvania,supporting_information,Milking frequency more than twice per day (percent of farms),13.19,percent_of_farms
2006,annual,Pennsylvania,supporting_information,Milk cows injected with bST (head per farm),20.0,head_per_farm
2006,annual,Pennsylvania,supporting_information,Organic milk sold (percent of sales),0.59,percent_of_sales
2006,annual,Tennessee,gross_value_of_production,Milk sold,14.23,dollars_per_cwt
2006,annual,Tennessee,gross_value_of_production,Cattle,1.25,dollars_per_cwt
2006,annual,Tennessee,gross_value_of_production,Other income 2/,0.68,dollars_per_cwt
2006,annual,Tennessee,gross_value_of_production,"Total, gross value of production",16.16,dollars_per_cwt
2006,annual,Tennessee,operating_costs,Purchased feed,5.92,dollars_per_cwt
2006,annual,Tennessee,operating_costs,Homegrown harvested feed,4.5,dollars_per_cwt
2006,annual,Tennessee,operating_costs,Grazed feed,0.29,dollars_per_cwt
2006,annual,Tennessee,operating_costs,"Total, feed costs",10.71,dollars_per_cwt
2006,annual,Tennessee,operating_costs,Veterinary and medicine,0.77,dollars_per_cwt
2006,annual,Tennessee,operating_costs,Bedding and litter,0.09,dollars_per_cwt
2006,annual,Tennessee,operating_costs,Marketing,0.27,dollars_per_cwt
2006,annual,Tennessee,operating_costs,Custom services,0.61,dollars_per_cwt
2006,annual,Tennessee,operating_costs,"Fuel, lube, and electricity",0.96,dollars_per_cwt
2006,annual,Tennessee,operating_costs,Repairs,0.8,dollars_per_cwt
2006,annual,Tennessee,operating_costs,Other operating costs 3/,0.0,dollars_per_cwt
2006,annual,Tennessee,operating_costs,Interest on operating capital,0.34,dollars_per_cwt
2006,annual,Tennessee,operating_costs,"Total, operating cost",14.549999999999995,dollars_per_cwt
2006,annual,Tennessee,allocated_overhead,Hired labor,1.97,dollars_per_cwt
2006,annual,Tennessee,allocated_overhead,Opportunity cost of unpaid labor,4.72,dollars_per_cwt
2006,annual,Tennessee,allocated_overhead,Capital recovery of machinery and equipment 4/,6.12,dollars_per_cwt
2006,annual,Tennessee,allocated_overhead,Opportunity cost of land (rental rate),0.08,dollars_per_cwt
2006,annual,Tennessee,allocated_overhead,Taxes and insurance,0.25,dollars_per_cwt
2006,annual,Tennessee,allocated_overhead,General farm overhead,0.62,dollars_per_cwt
2006,annual,Tennessee,allocated_overhead,"Total, allocated overhead",13.759999999999998,dollars_per_cwt
2006,annual,Tennessee,total_costs,Total costs listed,28.309999999999995,dollars_per_cwt
2006,annual,Tennessee,net_value,Value of production less total costs listed,-12.149999999999997,dollars_per_cwt
2006,annual,Tennessee,net_value,Value of production less operating costs,1.610000000000003,dollars_per_cwt
2006,annual,Tennessee,supporting_information,Milk cows (head per farm),108.0,head_per_farm
2006,annual,Tennessee,supporting_information,Output per cow (pounds),14507.0,pounds
2006,annual,Tennessee,supporting_information,Milking frequency more than twice per day (percent of farms),1.41,percent_of_farms
2006,annual,Tennessee,supporting_information,Milk cows injected with bST (head per farm),4.0,head_per_farm
2006,annual,Tennessee,supporting_information,Organic milk sold (percent of sales),0.0,percent_of_sales
2006,annual,Texas,gross_value_of_production,Milk sold,13.08,dollars_per_cwt
2006,annual,Texas,gross_value_of_production,Cattle,1.04,dollars_per_cwt
2006,annual,Texas,gross_value_of_production,Other income 2/,0.5,dollars_per_cwt
2006,annual,Texas,gross_value_of_production,"Total, gross value of production",14.62,dollars_per_cwt
2006,annual,Texas,operating_costs,Purchased feed,7.77,dollars_per_cwt
2006,annual,Texas,operating_costs,Homegrown harvested feed,1.26,dollars_per_cwt
2006,annual,Texas,operating_costs,Grazed feed,0.14,dollars_per_cwt
2006,annual,Texas,operating_costs,"Total, feed costs",9.17,dollars_per_cwt
2006,annual,Texas,operating_costs,Veterinary and medicine,0.62,dollars_per_cwt
2006,annual,Texas,operating_costs,Bedding and litter,0.15,dollars_per_cwt
2006,annual,Texas,operating_costs,Marketing,0.28,dollars_per_cwt
2006,annual,Texas,operating_costs,Custom services,0.47,dollars_per_cwt
2006,annual,Texas,operating_costs,"Fuel, lube, and electricity",0.66,dollars_per_cwt
2006,annual,Texas,operating_costs,Repairs,0.45,dollars_per_cwt
2006,annual,Texas,operating_costs,Other operating costs 3/,0.0,dollars_per_cwt
2006,annual,Texas,operating_costs,Interest on operating capital,0.28,dollars_per_cwt
2006,annual,Texas,operating_costs,"Total, operating cost",12.079999999999998,dollars_per_cwt
2006,annual,Texas,allocated_overhead,Hired labor,1.32,dollars_per_cwt
2006,annual,Texas,allocated_overhead,Opportunity cost of unpaid labor,1.14,dollars_per_cwt
2006,annual,Texas,allocated_overhead,Capital recovery of machinery and equipment 4/,2.8,dollars_per_cwt
2006,annual,Texas,allocated_overhead,Opportunity cost of land (rental rate),0.02,dollars_per_cwt
2006,annual,Texas,allocated_overhead,Taxes and insurance,0.15,dollars_per_cwt
2006,annual,Texas,allocated_overhead,General farm overhead,0.35,dollars_per_cwt
2006,annual,Texas,allocated_overhead,"Total, allocated overhead",5.779999999999999,dollars_per_cwt
2006,annual,Texas,total_costs,Total costs listed,17.86,dollars_per_cwt
2006,annual,Texas,net_value,Value of production less total costs listed,-3.2399999999999984,dollars_per_cwt
2006,annual,Texas,net_value,Value of production less operating costs,2.5400000000000027,dollars_per_cwt
2006,annual,Texas,supporting_information,Milk cows (head per farm),437.0,head_per_farm
2006,annual,Texas,supporting_information,Output per cow (pounds),16920.0,pounds
2006,annual,Texas,supporting_information,Milking frequency more than twice per day (percent of farms),16.3,percent_of_farms
2006,annual,Texas,supporting_information,Milk cows injected with bST (head per farm),49.0,head_per_farm
2006,annual,Texas,supporting_information,Organic milk sold (percent of sales),0.08,percent_of_sales
2006,annual,Vermont,gross_value_of_production,Milk sold,13.89,dollars_per_cwt
2006,annual,Vermont,gross_value_of_production,Cattle,0.99,dollars_per_cwt
2006,annual,Vermont,gross_value_of_production,Other income 2/,0.73,dollars_per_cwt
2006,annual,Vermont,gross_value_of_production,"Total, gross value of production",15.61,dollars_per_cwt
2006,annual,Vermont,operating_costs,Purchased feed,4.67,dollars_per_cwt
2006,annual,Vermont,operating_costs,Homegrown harvested feed,4.07,dollars_per_cwt
2006,annual,Vermont,operating_costs,Grazed feed,0.18,dollars_per_cwt
2006,annual,Vermont,operating_costs,"Total, feed costs",8.92,dollars_per_cwt
2006,annual,Vermont,operating_costs,Veterinary and medicine,0.79,dollars_per_cwt
2006,annual,Vermont,operating_costs,Bedding and litter,0.38,dollars_per_cwt
2006,annual,Vermont,operating_costs,Marketing,0.25,dollars_per_cwt
2006,annual,Vermont,operating_costs,Custom services,0.42,dollars_per_cwt
2006,annual,Vermont,operating_costs,"Fuel, lube, and electricity",0.72,dollars_per_cwt
2006,annual,Vermont,operating_costs,Repairs,0.53,dollars_per_cwt
2006,annual,Vermont,operating_costs,Other operating costs 3/,0.0,dollars_per_cwt
2006,annual,Vermont,operating_costs,Interest on operating capital,0.29,dollars_per_cwt
2006,annual,Vermont,operating_costs,"Total, operating cost",12.3,dollars_per_cwt
2006,annual,Vermont,allocated_overhead,Hired labor,1.88,dollars_per_cwt
2006,annual,Vermont,allocated_overhead,Opportunity cost of unpaid labor,3.05,dollars_per_cwt
2006,annual,Vermont,allocated_overhead,Capital recovery of machinery and equipment 4/,3.39,dollars_per_cwt
2006,annual,Vermont,allocated_overhead,Opportunity cost of land (rental rate),0.06,dollars_per_cwt
2006,annual,Vermont,allocated_overhead,Taxes and insurance,0.34,dollars_per_cwt
2006,annual,Vermont,allocated_overhead,General farm overhead,1.04,dollars_per_cwt
2006,annual,Vermont,allocated_overhead,"Total, allocated overhead",9.760000000000002,dollars_per_cwt
2006,annual,Vermont,total_costs,Total costs listed,22.06,dollars_per_cwt
2006,annual,Vermont,net_value,Value of production less total costs listed,-6.450000000000001,dollars_per_cwt
2006,annual,Vermont,net_value,Value of production less operating costs,3.3100000000000005,dollars_per_cwt
2006,annual,Vermont,supporting_information,Milk cows (head per farm),129.0,head_per_farm
2006,annual,Vermont,supporting_information,Output per cow (pounds),18013.0,pounds
2006,annual,Vermont,supporting_information,Milking frequency more than twice per day (percent of farms),6.9,percent_of_farms
2006,annual,Vermont,supporting_information,Milk cows injected with bST (head per farm),11.0,head_per_farm
2006,annual,Vermont,supporting_information,Organic milk sold (percent of sales),2.44,percent_of_sales
2006,annual,Virginia,gross_value_of_production,Milk sold,15.03,dollars_per_cwt
2006,annual,Virginia,gross_value_of_production,Cattle,1.35,dollars_per_cwt
2006,annual,Virginia,gross_value_of_production,Other income 2/,0.64,dollars_per_cwt
2006,annual,Virginia,gross_value_of_production,"Total, gross value of production",17.02,dollars_per_cwt
2006,annual,Virginia,operating_costs,Purchased feed,5.09,dollars_per_cwt
2006,annual,Virginia,operating_costs,Homegrown harvested feed,4.92,dollars_per_cwt
2006,annual,Virginia,operating_costs,Grazed feed,0.13,dollars_per_cwt
2006,annual,Virginia,operating_costs,"Total, feed costs",10.14,dollars_per_cwt
2006,annual,Virginia,operating_costs,Veterinary and medicine,1.23,dollars_per_cwt
2006,annual,Virginia,operating_costs,Bedding and litter,0.23,dollars_per_cwt
2006,annual,Virginia,operating_costs,Marketing,0.34,dollars_per_cwt
2006,annual,Virginia,operating_costs,Custom services,0.56,dollars_per_cwt
2006,annual,Virginia,operating_costs,"Fuel, lube, and electricity",0.72,dollars_per_cwt
2006,annual,Virginia,operating_costs,Repairs,0.89,dollars_per_cwt
2006,annual,Virginia,operating_costs,Other operating costs 3/,0.0,dollars_per_cwt
2006,annual,Virginia,operating_costs,Interest on operating capital,0.34,dollars_per_cwt
2006,annual,Virginia,operating_costs,"Total, operating cost",14.450000000000005,dollars_per_cwt
2006,annual,Virginia,allocated_overhead,Hired labor,2.01,dollars_per_cwt
2006,annual,Virginia,allocated_overhead,Opportunity cost of unpaid labor,3.11,dollars_per_cwt
2006,annual,Virginia,allocated_overhead,Capital recovery of machinery and equipment 4/,4.19,dollars_per_cwt
2006,annual,Virginia,allocated_overhead,Opportunity cost of land (rental rate),0.04,dollars_per_cwt
2006,annual,Virginia,allocated_overhead,Taxes and insurance,0.31,dollars_per_cwt
2006,annual,Virginia,allocated_overhead,General farm overhead,0.91,dollars_per_cwt
2006,annual,Virginia,allocated_overhead,"Total, allocated overhead",10.57,dollars_per_cwt
2006,annual,Virginia,total_costs,Total costs listed,25.020000000000003,dollars_per_cwt
2006,annual,Virginia,net_value,Value of production less total costs listed,-8.000000000000004,dollars_per_cwt
2006,annual,Virginia,net_value,Value of production less operating costs,2.5699999999999967,dollars_per_cwt
2006,annual,Virginia,supporting_information,Milk cows (head per farm),128.0,head_per_farm
2006,annual,Virginia,supporting_information,Output per cow (pounds),18952.0,pounds
2006,annual,Virginia,supporting_information,Milking frequency more than twice per day (percent of farms),6.77,percent_of_farms
2006,annual,Virginia,supporting_information,Milk cows injected with bST (head per farm),22.0,head_per_farm
2006,annual,Virginia,supporting_information,Organic milk sold (percent of sales),0.0,percent_of_sales
2006,annual,Washington,gross_value_of_production,Milk sold,12.71,dollars_per_cwt
2006,annual,Washington,gross_value_of_production,Cattle,0.73,dollars_per_cwt
2006,annual,Washington,gross_value_of_production,Other income 2/,0.4,dollars_per_cwt
2006,annual,Washington,gross_value_of_production,"Total, gross value of production",13.840000000000002,dollars_per_cwt
2006,annual,Washington,operating_costs,Purchased feed,5.96,dollars_per_cwt
2006,annual,Washington,operating_costs,Homegrown harvested feed,1.53,dollars_per_cwt
2006,annual,Washington,operating_costs,Grazed feed,0.03,dollars_per_cwt
2006,annual,Washington,operating_costs,"Total, feed costs",7.52,dollars_per_cwt
2006,annual,Washington,operating_costs,Veterinary and medicine,0.76,dollars_per_cwt
2006,annual,Washington,operating_costs,Bedding and litter,0.2,dollars_per_cwt
2006,annual,Washington,operating_costs,Marketing,0.29,dollars_per_cwt
2006,annual,Washington,operating_costs,Custom services,0.37,dollars_per_cwt
2006,annual,Washington,operating_costs,"Fuel, lube, and electricity",0.37,dollars_per_cwt
2006,annual,Washington,operating_costs,Repairs,0.48,dollars_per_cwt
2006,annual,Washington,operating_costs,Other operating costs 3/,0.0,dollars_per_cwt
2006,annual,Washington,operating_costs,Interest on operating capital,0.24,dollars_per_cwt
2006,annual,Washington,operating_costs,"Total, operating cost",10.23,dollars_per_cwt
2006,annual,Washington,allocated_overhead,Hired labor,1.92,dollars_per_cwt
2006,annual,Washington,allocated_overhead,Opportunity cost of unpaid labor,0.51,dollars_per_cwt
2006,annual,Washington,allocated_overhead,Capital recovery of machinery and equipment 4/,1.49,dollars_per_cwt
2006,annual,Washington,allocated_overhead,Opportunity cost of land (rental rate),0.01,dollars_per_cwt
2006,annual,Washington,allocated_overhead,Taxes and insurance,0.14,dollars_per_cwt
2006,annual,Washington,allocated_overhead,General farm overhead,0.32,dollars_per_cwt
2006,annual,Washington,allocated_overhead,"Total, allocated overhead",4.39,dollars_per_cwt
2006,annual,Washington,total_costs,Total costs listed,14.619999999999996,dollars_per_cwt
2006,annual,Washington,net_value,Value of production less total costs listed,-0.7799999999999958,dollars_per_cwt
2006,annual,Washington,net_value,Value of production less operating costs,3.610000000000003,dollars_per_cwt
2006,annual,Washington,supporting_information,Milk cows (head per farm),641.0,head_per_farm
2006,annual,Washington,supporting_information,Output per cow (pounds),23465.0,pounds
2006,annual,Washington,supporting_information,Milking frequency more than twice per day (percent of farms),35.91,percent_of_farms
2006,annual,Washington,supporting_information,Milk cows injected with bST (head per farm),72.0,head_per_farm
2006,annual,Washington,supporting_information,Organic milk sold (percent of sales),0.56,percent_of_sales
2006,annual,Wisconsin,gross_value_of_production,Milk sold,13.6,dollars_per_cwt
2006,annual,Wisconsin,gross_value_of_production,Cattle,1.15,dollars_per_cwt
2006,annual,Wisconsin,gross_value_of_production,Other income 2/,0.51,dollars_per_cwt
2006,annual,Wisconsin,gross_value_of_production,"Total, gross value of production",15.26,dollars_per_cwt
2006,annual,Wisconsin,operating_costs,Purchased feed,4.15,dollars_per_cwt
2006,annual,Wisconsin,operating_costs,Homegrown harvested feed,2.49,dollars_per_cwt
2006,annual,Wisconsin,operating_costs,Grazed feed,0.09,dollars_per_cwt
2006,annual,Wisconsin,operating_costs,"Total, feed costs",6.73,dollars_per_cwt
2006,annual,Wisconsin,operating_costs,Veterinary and medicine,0.98,dollars_per_cwt
2006,annual,Wisconsin,operating_costs,Bedding and litter,0.24,dollars_per_cwt
2006,annual,Wisconsin,operating_costs,Marketing,0.21,dollars_per_cwt
2006,annual,Wisconsin,operating_costs,Custom services,0.39,dollars_per_cwt
2006,annual,Wisconsin,operating_costs,"Fuel, lube, and electricity",0.61,dollars_per_cwt
2006,annual,Wisconsin,operating_costs,Repairs,0.65,dollars_per_cwt
2006,annual,Wisconsin,operating_costs,Other operating costs 3/,0.0,dollars_per_cwt
2006,annual,Wisconsin,operating_costs,Interest on operating capital,0.23,dollars_per_cwt
2006,annual,Wisconsin,operating_costs,"Total, operating cost",10.040000000000004,dollars_per_cwt
2006,annual,Wisconsin,allocated_overhead,Hired labor,1.54,dollars_per_cwt
2006,annual,Wisconsin,allocated_overhead,Opportunity cost of unpaid labor,3.21,dollars_per_cwt
2006,annual,Wisconsin,allocated_overhead,Capital recovery of machinery and equipment 4/,3.1,dollars_per_cwt
2006,annual,Wisconsin,allocated_overhead,Opportunity cost of land (rental rate),0.03,dollars_per_cwt
2006,annual,Wisconsin,allocated_overhead,Taxes and insurance,0.3,dollars_per_cwt
2006,annual,Wisconsin,allocated_overhead,General farm overhead,0.71,dollars_per_cwt
2006,annual,Wisconsin,allocated_overhead,"Total, allocated overhead",8.89,dollars_per_cwt
2006,annual,Wisconsin,total_costs,Total costs listed,18.930000000000003,dollars_per_cwt
2006,annual,Wisconsin,net_value,Value of production less total costs listed,-3.670000000000004,dollars_per_cwt
2006,annual,Wisconsin,net_value,Value of production less operating costs,5.219999999999997,dollars_per_cwt
2006,annual,Wisconsin,supporting_information,Milk cows (head per farm),96.0,head_per_farm
2006,annual,Wisconsin,supporting_information,Output per cow (pounds),19712.0,pounds
2006,annual,Wisconsin,supporting_information,Milking frequency more than twice per day (percent of farms),6.56,percent_of_farms
2006,annual,Wisconsin,supporting_information,Milk cows injected with bST (head per farm),18.0,head_per_farm
2006,annual,Wisconsin,supporting_information,Organic milk sold (percent of sales),0.82,percent_of_sales
2006,annual,States,gross_value_of_production,Milk sold,12.99,dollars_per_cwt
2006,annual,States,gross_value_of_production,Cattle,1.18,dollars_per_cwt
2006,annual,States,gross_value_of_production,Other income 2/,0.53,dollars_per_cwt
2006,annual,States,gross_value_of_production,"Total, gross value of production",14.7,dollars_per_cwt
2006,annual,States,operating_costs,Purchased feed,5.32,dollars_per_cwt
2006,annual,States,operating_costs,Homegrown harvested feed,2.81,dollars_per_cwt
2006,annual,States,operating_costs,Grazed feed,0.09,dollars_per_cwt
2006,annual,States,operating_costs,"Total, feed costs",8.22,dollars_per_cwt
2006,annual,States,operating_costs,Veterinary and medicine,0.82,dollars_per_cwt
2006,annual,States,operating_costs,Bedding and litter,0.22,dollars_per_cwt
2006,annual,States,operating_costs,Marketing,0.27,dollars_per_cwt
2006,annual,States,operating_costs,Custom services,0.43,dollars_per_cwt
2006,annual,States,operating_costs,"Fuel, lube, and electricity",0.61,dollars_per_cwt
2006,annual,States,operating_costs,Repairs,0.59,dollars_per_cwt
2006,annual,States,operating_costs,Other operating costs 3/,0.0,dollars_per_cwt
2006,annual,States,operating_costs,Interest on operating capital,0.27,dollars_per_cwt
2006,annual,States,operating_costs,"Total, operating cost",11.43,dollars_per_cwt
2006,annual,States,allocated_overhead,Hired labor,1.55,dollars_per_cwt
2006,annual,States,allocated_overhead,Opportunity cost of unpaid labor,2.29,dollars_per_cwt
2006,annual,States,allocated_overhead,Capital recovery of machinery and equipment 4/,2.97,dollars_per_cwt
2006,annual,States,allocated_overhead,Opportunity cost of land (rental rate),0.03,dollars_per_cwt
2006,annual,States,allocated_overhead,Taxes and insurance,0.22,dollars_per_cwt
2006,annual,States,allocated_overhead,General farm overhead,0.54,dollars_per_cwt
2006,annual,States,allocated_overhead,"Total, allocated overhead",7.6,dollars_per_cwt
2006,annual,States,total_costs,Total costs listed,19.03,dollars_per_cwt
2006,annual,States,net_value,Value of production less total costs listed,-4.330000000000002,dollars_per_cwt
2006,annual,States,net_value,Value of production less operating costs,3.27,dollars_per_cwt
2006,annual,States,supporting_information,Milk cows (head per farm),159.0,head_per_farm
2006,annual,States,supporting_information,Output per cow (pounds),19029.0,pounds
2006,annual,States,supporting_information,Milking frequency more than twice per day (percent of farms),7.34,percent_of_farms
2006,annual,States,supporting_information,Milk cows injected with bST (head per farm),25.0,head_per_farm
2006,annual,States,supporting_information,Organic milk sold (percent of sales),0.59,percent_of_sales
2007,annual,California,gross_value_of_production,Milk sold,18.12,dollars_per_cwt
2007,annual,California,gross_value_of_production,Cattle,1.05,dollars_per_cwt
2007,annual,California,gross_value_of_production,Other income 2/,0.67,dollars_per_cwt
2007,annual,California,gross_value_of_production,"Total, gross value of production",19.840000000000003,dollars_per_cwt
2007,annual,California,operating_costs,Purchased feed,8.47,dollars_per_cwt
2007,annual,California,operating_costs,Homegrown harvested feed,1.81,dollars_per_cwt
2007,annual,California,operating_costs,Grazed feed,0.05,dollars_per_cwt
2007,annual,California,operating_costs,"Total, feed costs",10.330000000000002,dollars_per_cwt
2007,annual,California,operating_costs,Veterinary and medicine,0.58,dollars_per_cwt
2007,annual,California,operating_costs,Bedding and litter,0.05,dollars_per_cwt
2007,annual,California,operating_costs,Marketing,0.31,dollars_per_cwt
2007,annual,California,operating_costs,Custom services,0.34,dollars_per_cwt
2007,annual,California,operating_costs,"Fuel, lube, and electricity",0.5,dollars_per_cwt
2007,annual,California,operating_costs,Repairs,0.37,dollars_per_cwt
2007,annual,California,operating_costs,Other operating costs 3/,0.0,dollars_per_cwt
2007,annual,California,operating_costs,Interest on operating capital,0.28,dollars_per_cwt
2007,annual,California,operating_costs,"Total, operating cost",12.760000000000002,dollars_per_cwt
2007,annual,California,allocated_overhead,Hired labor,1.52,dollars_per_cwt
2007,annual,California,allocated_overhead,Opportunity cost of unpaid labor,0.4,dollars_per_cwt
2007,annual,California,allocated_overhead,Capital recovery of machinery and equipment 4/,1.91,dollars_per_cwt
2007,annual,California,allocated_overhead,Opportunity cost of land (rental rate),0.01,dollars_per_cwt
2007,annual,California,allocated_overhead,Taxes and insurance,0.15,dollars_per_cwt
2007,annual,California,allocated_overhead,General farm overhead,0.25,dollars_per_cwt
2007,annual,California,allocated_overhead,"Total, allocated overhead",4.24,dollars_per_cwt
2007,annual,California,total_costs,Total costs listed,17.0,dollars_per_cwt
2007,annual,California,net_value,Value of production less total costs listed,2.8400000000000034,dollars_per_cwt
2007,annual,California,net_value,Value of production less operating costs,7.080000000000002,dollars_per_cwt
2007,annual,California,supporting_information,Milk cows (head per farm),992.0,head_per_farm
2007,annual,California,supporting_information,Output per cow (pounds),19987.0,pounds
2007,annual,California,supporting_information,Milking frequency more than twice per day (percent of farms),9.8,percent_of_farms
2007,annual,California,supporting_information,Milk cows injected with bST (head per farm),96.0,head_per_farm
2007,annual,California,supporting_information,Organic milk sold (percent of sales),0.32,percent_of_sales
2007,annual,Florida,gross_value_of_production,Milk sold,21.2,dollars_per_cwt
2007,annual,Florida,gross_value_of_production,Cattle,1.04,dollars_per_cwt
2007,annual,Florida,gross_value_of_production,Other income 2/,0.75,dollars_per_cwt
2007,annual,Florida,gross_value_of_production,"Total, gross value of production",22.99,dollars_per_cwt
2007,annual,Florida,operating_costs,Purchased feed,7.82,dollars_per_cwt
2007,annual,Florida,operating_costs,Homegrown harvested feed,2.04,dollars_per_cwt
2007,annual,Florida,operating_costs,Grazed feed,0.15,dollars_per_cwt
2007,annual,Florida,operating_costs,"Total, feed costs",10.01,dollars_per_cwt
2007,annual,Florida,operating_costs,Veterinary and medicine,0.86,dollars_per_cwt
2007,annual,Florida,operating_costs,Bedding and litter,0.03,dollars_per_cwt
2007,annual,Florida,operating_costs,Marketing,0.19,dollars_per_cwt
2007,annual,Florida,operating_costs,Custom services,0.78,dollars_per_cwt
2007,annual,Florida,operating_costs,"Fuel, lube, and electricity",0.86,dollars_per_cwt
2007,annual,Florida,operating_costs,Repairs,0.8,dollars_per_cwt
2007,annual,Florida,operating_costs,Other operating costs 3/,0.0,dollars_per_cwt
2007,annual,Florida,operating_costs,Interest on operating capital,0.3,dollars_per_cwt
2007,annual,Florida,operating_costs,"Total, operating cost",13.829999999999998,dollars_per_cwt
2007,annual,Florida,allocated_overhead,Hired labor,3.14,dollars_per_cwt
2007,annual,Florida,allocated_overhead,Opportunity cost of unpaid labor,0.48,dollars_per_cwt
2007,annual,Florida,allocated_overhead,Capital recovery of machinery and equipment 4/,2.43,dollars_per_cwt
2007,annual,Florida,allocated_overhead,Opportunity cost of land (rental rate),0.03,dollars_per_cwt
2007,annual,Florida,allocated_overhead,Taxes and insurance,0.26,dollars_per_cwt
2007,annual,Florida,allocated_overhead,General farm overhead,0.52,dollars_per_cwt
2007,annual,Florida,allocated_overhead,"Total, allocated overhead",6.860000000000001,dollars_per_cwt
2007,annual,Florida,total_costs,Total costs listed,20.69,dollars_per_cwt
2007,annual,Florida,net_value,Value of production less total costs listed,2.3000000000000007,dollars_per_cwt
2007,annual,Florida,net_value,Value of production less operating costs,9.16,dollars_per_cwt
2007,annual,Florida,supporting_information,Milk cows (head per farm),1017.0,head_per_farm
2007,annual,Florida,supporting_information,Output per cow (pounds),17581.0,pounds
2007,annual,Florida,supporting_information,Milking frequency more than twice per day (percent of farms),35.93,percent_of_farms
2007,annual,Florida,supporting_information,Milk cows injected with bST (head per farm),169.0,head_per_farm
2007,annual,Florida,supporting_information,Organic milk sold (percent of sales),0.0,percent_of_sales
2007,annual,Georgia,gross_value_of_production,Milk sold,21.46,dollars_per_cwt
2007,annual,Georgia,gross_value_of_production,Cattle,0.87,dollars_per_cwt
2007,annual,Georgia,gross_value_of_production,Other income 2/,0.63,dollars_per_cwt
2007,annual,Georgia,gross_value_of_production,"Total, gross value of production",22.96,dollars_per_cwt
2007,annual,Georgia,operating_costs,Purchased feed,5.8,dollars_per_cwt
2007,annual,Georgia,operating_costs,Homegrown harvested feed,2.45,dollars_per_cwt
2007,annual,Georgia,operating_costs,Grazed feed,0.22,dollars_per_cwt
2007,annual,Georgia,operating_costs,"Total, feed costs",8.47,dollars_per_cwt
2007,annual,Georgia,operating_costs,Veterinary and medicine,0.68,dollars_per_cwt
2007,annual,Georgia,operating_costs,Bedding and litter,0.04,dollars_per_cwt
2007,annual,Georgia,operating_costs,Marketing,0.75,dollars_per_cwt
2007,annual,Georgia,operating_costs,Custom services,0.87,dollars_per_cwt
2007,annual,Georgia,operating_costs,"Fuel, lube, and electricity",0.72,dollars_per_cwt
2007,annual,Georgia,operating_costs,Repairs,0.62,dollars_per_cwt
2007,annual,Georgia,operating_costs,Other operating costs 3/,0.0,dollars_per_cwt
2007,annual,Georgia,operating_costs,Interest on operating capital,0.27,dollars_per_cwt
2007,annual,Georgia,operating_costs,"Total, operating cost",12.419999999999998,dollars_per_cwt
2007,annual,Georgia,allocated_overhead,Hired labor,2.26,dollars_per_cwt
2007,annual,Georgia,allocated_overhead,Opportunity cost of unpaid labor,1.52,dollars_per_cwt
2007,annual,Georgia,allocated_overhead,Capital recovery of machinery and equipment 4/,3.32,dollars_per_cwt
2007,annual,Georgia,allocated_overhead,Opportunity cost of land (rental rate),0.06,dollars_per_cwt
2007,annual,Georgia,allocated_overhead,Taxes and insurance,0.18,dollars_per_cwt
2007,annual,Georgia,allocated_overhead,General farm overhead,0.35,dollars_per_cwt
2007,annual,Georgia,allocated_overhead,"Total, allocated overhead",7.689999999999999,dollars_per_cwt
2007,annual,Georgia,total_costs,Total costs listed,20.11,dollars_per_cwt
2007,annual,Georgia,net_value,Value of production less total costs listed,2.850000000000005,dollars_per_cwt
2007,annual,Georgia,net_value,Value of production less operating costs,10.540000000000004,dollars_per_cwt
2007,annual,Georgia,supporting_information,Milk cows (head per farm),286.0,head_per_farm
2007,annual,Georgia,supporting_information,Output per cow (pounds),17434.0,pounds
2007,annual,Georgia,supporting_information,Milking frequency more than twice per day (percent of farms),9.22,percent_of_farms
2007,annual,Georgia,supporting_information,Milk cows injected with bST (head per farm),63.0,head_per_farm
2007,annual,Georgia,supporting_information,Organic milk sold (percent of sales),0.0,percent_of_sales
2007,annual,Idaho,gross_value_of_production,Milk sold,18.89,dollars_per_cwt
2007,annual,Idaho,gross_value_of_production,Cattle,1.15,dollars_per_cwt
2007,annual,Idaho,gross_value_of_production,Other income 2/,0.62,dollars_per_cwt
2007,annual,Idaho,gross_value_of_production,"Total, gross value of production",20.66,dollars_per_cwt
2007,annual,Idaho,operating_costs,Purchased feed,6.15,dollars_per_cwt
2007,annual,Idaho,operating_costs,Homegrown harvested feed,3.95,dollars_per_cwt
2007,annual,Idaho,operating_costs,Grazed feed,0.14,dollars_per_cwt
2007,annual,Idaho,operating_costs,"Total, feed costs",10.240000000000002,dollars_per_cwt
2007,annual,Idaho,operating_costs,Veterinary and medicine,0.71,dollars_per_cwt
2007,annual,Idaho,operating_costs,Bedding and litter,0.24,dollars_per_cwt
2007,annual,Idaho,operating_costs,Marketing,0.28,dollars_per_cwt
2007,annual,Idaho,operating_costs,Custom services,0.58,dollars_per_cwt
2007,annual,Idaho,operating_costs,"Fuel, lube, and electricity",0.67,dollars_per_cwt
2007,annual,Idaho,operating_costs,Repairs,0.7,dollars_per_cwt
2007,annual,Idaho,operating_costs,Other operating costs 3/,0.0,dollars_per_cwt
2007,annual,Idaho,operating_costs,Interest on operating capital,0.3,dollars_per_cwt
2007,annual,Idaho,operating_costs,"Total, operating cost",13.720000000000002,dollars_per_cwt
2007,annual,Idaho,allocated_overhead,Hired labor,1.62,dollars_per_cwt
2007,annual,Idaho,allocated_overhead,Opportunity cost of unpaid labor,3.95,dollars_per_cwt
2007,annual,Idaho,allocated_overhead,Capital recovery of machinery and equipment 4/,3.81,dollars_per_cwt
2007,annual,Idaho,allocated_overhead,Opportunity cost of land (rental rate),0.01,dollars_per_cwt
2007,annual,Idaho,allocated_overhead,Taxes and insurance,0.22,dollars_per_cwt
2007,annual,Idaho,allocated_overhead,General farm overhead,0.6,dollars_per_cwt
2007,annual,Idaho,allocated_overhead,"Total, allocated overhead",10.21,dollars_per_cwt
2007,annual,Idaho,total_costs,Total costs listed,23.930000000000003,dollars_per_cwt
2007,annual,Idaho,net_value,Value of production less total costs listed,-3.270000000000003,dollars_per_cwt
2007,annual,Idaho,net_value,Value of production less operating costs,6.939999999999998,dollars_per_cwt
2007,annual,Idaho,supporting_information,Milk cows (head per farm),137.0,head_per_farm
2007,annual,Idaho,supporting_information,Output per cow (pounds),18007.0,pounds
2007,annual,Idaho,supporting_information,Milking frequency more than twice per day (percent of farms),1.34,percent_of_farms
2007,annual,Idaho,supporting_information,Milk cows injected with bST (head per farm),10.0,head_per_farm
2007,annual,Idaho,supporting_information,Organic milk sold (percent of sales),1.08,percent_of_sales
2007,annual,Illinois,gross_value_of_production,Milk sold,19.99,dollars_per_cwt
2007,annual,Illinois,gross_value_of_production,Cattle,1.2,dollars_per_cwt
2007,annual,Illinois,gross_value_of_production,Other income 2/,1.08,dollars_per_cwt
2007,annual,Illinois,gross_value_of_production,"Total, gross value of production",22.27,dollars_per_cwt
2007,annual,Illinois,operating_costs,Purchased feed,5.58,dollars_per_cwt
2007,annual,Illinois,operating_costs,Homegrown harvested feed,4.33,dollars_per_cwt
2007,annual,Illinois,operating_costs,Grazed feed,0.04,dollars_per_cwt
2007,annual,Illinois,operating_costs,"Total, feed costs",9.95,dollars_per_cwt
2007,annual,Illinois,operating_costs,Veterinary and medicine,1.23,dollars_per_cwt
2007,annual,Illinois,operating_costs,Bedding and litter,0.34,dollars_per_cwt
2007,annual,Illinois,operating_costs,Marketing,0.31,dollars_per_cwt
2007,annual,Illinois,operating_costs,Custom services,0.47,dollars_per_cwt
2007,annual,Illinois,operating_costs,"Fuel, lube, and electricity",0.72,dollars_per_cwt
2007,annual,Illinois,operating_costs,Repairs,0.78,dollars_per_cwt
2007,annual,Illinois,operating_costs,Other operating costs 3/,0.0,dollars_per_cwt
2007,annual,Illinois,operating_costs,Interest on operating capital,0.31,dollars_per_cwt
2007,annual,Illinois,operating_costs,"Total, operating cost",14.11,dollars_per_cwt
2007,annual,Illinois,allocated_overhead,Hired labor,1.45,dollars_per_cwt
2007,annual,Illinois,allocated_overhead,Opportunity cost of unpaid labor,3.57,dollars_per_cwt
2007,annual,Illinois,allocated_overhead,Capital recovery of machinery and equipment 4/,4.26,dollars_per_cwt
2007,annual,Illinois,allocated_overhead,Opportunity cost of land (rental rate),0.03,dollars_per_cwt
2007,annual,Illinois,allocated_overhead,Taxes and insurance,0.21,dollars_per_cwt
2007,annual,Illinois,allocated_overhead,General farm overhead,0.51,dollars_per_cwt
2007,annual,Illinois,allocated_overhead,"Total, allocated overhead",10.03,dollars_per_cwt
2007,annual,Illinois,total_costs,Total costs listed,24.14,dollars_per_cwt
2007,annual,Illinois,net_value,Value of production less total costs listed,-1.8700000000000043,dollars_per_cwt
2007,annual,Illinois,net_value,Value of production less operating costs,8.159999999999995,dollars_per_cwt
2007,annual,Illinois,supporting_information,Milk cows (head per farm),132.0,head_per_farm
2007,annual,Illinois,supporting_information,Output per cow (pounds),18516.0,pounds
2007,annual,Illinois,supporting_information,Milking frequency more than twice per day (percent of farms),2.4,percent_of_farms
2007,annual,Illinois,supporting_information,Milk cows injected with bST (head per farm),18.0,head_per_farm
2007,annual,Illinois,supporting_information,Organic milk sold (percent of sales),0.13,percent_of_sales
2007,annual,Indiana,gross_value_of_production,Milk sold,19.19,dollars_per_cwt
2007,annual,Indiana,gross_value_of_production,Cattle,1.29,dollars_per_cwt
2007,annual,Indiana,gross_value_of_production,Other income 2/,0.66,dollars_per_cwt
2007,annual,Indiana,gross_value_of_production,"Total, gross value of production",21.14,dollars_per_cwt
2007,annual,Indiana,operating_costs,Purchased feed,5.69,dollars_per_cwt
2007,annual,Indiana,operating_costs,Homegrown harvested feed,3.71,dollars_per_cwt
2007,annual,Indiana,operating_costs,Grazed feed,0.08,dollars_per_cwt
2007,annual,Indiana,operating_costs,"Total, feed costs",9.48,dollars_per_cwt
2007,annual,Indiana,operating_costs,Veterinary and medicine,1.05,dollars_per_cwt
2007,annual,Indiana,operating_costs,Bedding and litter,0.42,dollars_per_cwt
2007,annual,Indiana,operating_costs,Marketing,0.24,dollars_per_cwt
2007,annual,Indiana,operating_costs,Custom services,0.75,dollars_per_cwt
2007,annual,Indiana,operating_costs,"Fuel, lube, and electricity",0.73,dollars_per_cwt
2007,annual,Indiana,operating_costs,Repairs,0.72,dollars_per_cwt
2007,annual,Indiana,operating_costs,Other operating costs 3/,0.0,dollars_per_cwt
2007,annual,Indiana,operating_costs,Interest on operating capital,0.3,dollars_per_cwt
2007,annual,Indiana,operating_costs,"Total, operating cost",13.690000000000005,dollars_per_cwt
2007,annual,Indiana,allocated_overhead,Hired labor,1.42,dollars_per_cwt
2007,annual,Indiana,allocated_overhead,Opportunity cost of unpaid labor,2.64,dollars_per_cwt
2007,annual,Indiana,allocated_overhead,Capital recovery of machinery and equipment 4/,3.24,dollars_per_cwt
2007,annual,Indiana,allocated_overhead,Opportunity cost of land (rental rate),0.05,dollars_per_cwt
2007,annual,Indiana,allocated_overhead,Taxes and insurance,0.21,dollars_per_cwt
2007,annual,Indiana,allocated_overhead,General farm overhead,0.52,dollars_per_cwt
2007,annual,Indiana,allocated_overhead,"Total, allocated overhead",8.08,dollars_per_cwt
2007,annual,Indiana,total_costs,Total costs listed,21.770000000000003,dollars_per_cwt
2007,annual,Indiana,net_value,Value of production less total costs listed,-0.6300000000000026,dollars_per_cwt
2007,annual,Indiana,net_value,Value of production less operating costs,7.449999999999997,dollars_per_cwt
2007,annual,Indiana,supporting_information,Milk cows (head per farm),146.0,head_per_farm
2007,annual,Indiana,supporting_information,Output per cow (pounds),17996.0,pounds
2007,annual,Indiana,supporting_information,Milking frequency more than twice per day (percent of farms),5.36,percent_of_farms
2007,annual,Indiana,supporting_information,Milk cows injected with bST (head per farm),54.0,head_per_farm
2007,annual,Indiana,supporting_information,Organic milk sold (percent of sales),0.05,percent_of_sales
2007,annual,Iowa,gross_value_of_production,Milk sold,19.03,dollars_per_cwt
2007,annual,Iowa,gross_value_of_production,Cattle,1.16,dollars_per_cwt
2007,annual,Iowa,gross_value_of_production,Other income 2/,0.51,dollars_per_cwt
2007,annual,Iowa,gross_value_of_production,"Total, gross value of production",20.700000000000003,dollars_per_cwt
2007,annual,Iowa,operating_costs,Purchased feed,5.08,dollars_per_cwt
2007,annual,Iowa,operating_costs,Homegrown harvested feed,4.64,dollars_per_cwt
2007,annual,Iowa,operating_costs,Grazed feed,0.17,dollars_per_cwt
2007,annual,Iowa,operating_costs,"Total, feed costs",9.89,dollars_per_cwt
2007,annual,Iowa,operating_costs,Veterinary and medicine,1.08,dollars_per_cwt
2007,annual,Iowa,operating_costs,Bedding and litter,0.29,dollars_per_cwt
2007,annual,Iowa,operating_costs,Marketing,0.29,dollars_per_cwt
2007,annual,Iowa,operating_costs,Custom services,0.5,dollars_per_cwt
2007,annual,Iowa,operating_costs,"Fuel, lube, and electricity",0.55,dollars_per_cwt
2007,annual,Iowa,operating_costs,Repairs,0.75,dollars_per_cwt
2007,annual,Iowa,operating_costs,Other operating costs 3/,0.0,dollars_per_cwt
2007,annual,Iowa,operating_costs,Interest on operating capital,0.3,dollars_per_cwt
2007,annual,Iowa,operating_costs,"Total, operating cost",13.65,dollars_per_cwt
2007,annual,Iowa,allocated_overhead,Hired labor,1.3,dollars_per_cwt
2007,annual,Iowa,allocated_overhead,Opportunity cost of unpaid labor,2.94,dollars_per_cwt
2007,annual,Iowa,allocated_overhead,Capital recovery of machinery and equipment 4/,4.52,dollars_per_cwt
2007,annual,Iowa,allocated_overhead,Opportunity cost of land (rental rate),0.05,dollars_per_cwt
2007,annual,Iowa,allocated_overhead,Taxes and insurance,0.17,dollars_per_cwt
2007,annual,Iowa,allocated_overhead,General farm overhead,0.83,dollars_per_cwt
2007,annual,Iowa,allocated_overhead,"Total, allocated overhead",9.81,dollars_per_cwt
2007,annual,Iowa,total_costs,Total costs listed,23.46,dollars_per_cwt
2007,annual,Iowa,net_value,Value of production less total costs listed,-2.759999999999998,dollars_per_cwt
2007,annual,Iowa,net_value,Value of production less operating costs,7.050000000000004,dollars_per_cwt
2007,annual,Iowa,supporting_information,Milk cows (head per farm),114.0,head_per_farm
2007,annual,Iowa,supporting_information,Output per cow (pounds),19540.0,pounds
2007,annual,Iowa,supporting_information,Milking frequency more than twice per day (percent of farms),2.15,percent_of_farms
2007,annual,Iowa,supporting_information,Milk cows injected with bST (head per farm),26.0,head_per_farm
2007,annual,Iowa,supporting_information,Organic milk sold (percent of sales),0.9,percent_of_sales
2007,annual,Kentucky,gross_value_of_production,Milk sold,19.19,dollars_per_cwt
2007,annual,Kentucky,gross_value_of_production,Cattle,1.8,dollars_per_cwt
2007,annual,Kentucky,gross_value_of_production,Other income 2/,0.71,dollars_per_cwt
2007,annual,Kentucky,gross_value_of_production,"Total, gross value of production",21.700000000000003,dollars_per_cwt
2007,annual,Kentucky,operating_costs,Purchased feed,4.96,dollars_per_cwt
2007,annual,Kentucky,operating_costs,Homegrown harvested feed,5.99,dollars_per_cwt
2007,annual,Kentucky,operating_costs,Grazed feed,0.41,dollars_per_cwt
2007,annual,Kentucky,operating_costs,"Total, feed costs",11.36,dollars_per_cwt
2007,annual,Kentucky,operating_costs,Veterinary and medicine,0.54,dollars_per_cwt
2007,annual,Kentucky,operating_costs,Bedding and litter,0.21,dollars_per_cwt
2007,annual,Kentucky,operating_costs,Marketing,0.26,dollars_per_cwt
2007,annual,Kentucky,operating_costs,Custom services,0.4,dollars_per_cwt
2007,annual,Kentucky,operating_costs,"Fuel, lube, and electricity",0.63,dollars_per_cwt
2007,annual,Kentucky,operating_costs,Repairs,0.61,dollars_per_cwt
2007,annual,Kentucky,operating_costs,Other operating costs 3/,0.0,dollars_per_cwt
2007,annual,Kentucky,operating_costs,Interest on operating capital,0.31,dollars_per_cwt
2007,annual,Kentucky,operating_costs,"Total, operating cost",14.32,dollars_per_cwt
2007,annual,Kentucky,allocated_overhead,Hired labor,1.06,dollars_per_cwt
2007,annual,Kentucky,allocated_overhead,Opportunity cost of unpaid labor,5.76,dollars_per_cwt
2007,annual,Kentucky,allocated_overhead,Capital recovery of machinery and equipment 4/,6.94,dollars_per_cwt
2007,annual,Kentucky,allocated_overhead,Opportunity cost of land (rental rate),0.09,dollars_per_cwt
2007,annual,Kentucky,allocated_overhead,Taxes and insurance,0.2,dollars_per_cwt
2007,annual,Kentucky,allocated_overhead,General farm overhead,0.68,dollars_per_cwt
2007,annual,Kentucky,allocated_overhead,"Total, allocated overhead",14.73,dollars_per_cwt
2007,annual,Kentucky,total_costs,Total costs listed,29.05,dollars_per_cwt
2007,annual,Kentucky,net_value,Value of production less total costs listed,-7.349999999999998,dollars_per_cwt
2007,annual,Kentucky,net_value,Value of production less operating costs,7.380000000000003,dollars_per_cwt
2007,annual,Kentucky,supporting_information,Milk cows (head per farm),79.0,head_per_farm
2007,annual,Kentucky,supporting_information,Output per cow (pounds),13525.0,pounds
2007,annual,Kentucky,supporting_information,Milking frequency more than twice per day (percent of farms),0.75,percent_of_farms
2007,annual,Kentucky,supporting_information,Milk cows injected with bST (head per farm),3.0,head_per_farm
2007,annual,Kentucky,supporting_information,Organic milk sold (percent of sales),0.0,percent_of_sales
2007,annual,Maine,gross_value_of_production,Milk sold,23.01,dollars_per_cwt
2007,annual,Maine,gross_value_of_production,Cattle,0.85,dollars_per_cwt
2007,annual,Maine,gross_value_of_production,Other income 2/,0.72,dollars_per_cwt
2007,annual,Maine,gross_value_of_production,"Total, gross value of production",24.58,dollars_per_cwt
2007,annual,Maine,operating_costs,Purchased feed,6.69,dollars_per_cwt
2007,annual,Maine,operating_costs,Homegrown harvested feed,5.0,dollars_per_cwt
2007,annual,Maine,operating_costs,Grazed feed,0.19,dollars_per_cwt
2007,annual,Maine,operating_costs,"Total, feed costs",11.88,dollars_per_cwt
2007,annual,Maine,operating_costs,Veterinary and medicine,0.96,dollars_per_cwt
2007,annual,Maine,operating_costs,Bedding and litter,0.35,dollars_per_cwt
2007,annual,Maine,operating_costs,Marketing,0.31,dollars_per_cwt
2007,annual,Maine,operating_costs,Custom services,0.31,dollars_per_cwt
2007,annual,Maine,operating_costs,"Fuel, lube, and electricity",0.85,dollars_per_cwt
2007,annual,Maine,operating_costs,Repairs,0.83,dollars_per_cwt
2007,annual,Maine,operating_costs,Other operating costs 3/,0.01,dollars_per_cwt
2007,annual,Maine,operating_costs,Interest on operating capital,0.34,dollars_per_cwt
2007,annual,Maine,operating_costs,"Total, operating cost",15.84,dollars_per_cwt
2007,annual,Maine,allocated_overhead,Hired labor,3.06,dollars_per_cwt
2007,annual,Maine,allocated_overhead,Opportunity cost of unpaid labor,5.65,dollars_per_cwt
2007,annual,Maine,allocated_overhead,Capital recovery of machinery and equipment 4/,5.51,dollars_per_cwt
2007,annual,Maine,allocated_overhead,Opportunity cost of land (rental rate),0.06,dollars_per_cwt
2007,annual,Maine,allocated_overhead,Taxes and insurance,0.48,dollars_per_cwt
2007,annual,Maine,allocated_overhead,General farm overhead,1.16,dollars_per_cwt
2007,annual,Maine,allocated_overhead,"Total, allocated overhead",15.920000000000002,dollars_per_cwt
2007,annual,Maine,total_costs,Total costs listed,31.76,dollars_per_cwt
2007,annual,Maine,net_value,Value of production less total costs listed,-7.18,dollars_per_cwt
2007,annual,Maine,net_value,Value of production less operating costs,8.740000000000002,dollars_per_cwt
2007,annual,Maine,supporting_information,Milk cows (head per farm),98.0,head_per_farm
2007,annual,Maine,supporting_information,Output per cow (pounds),18551.0,pounds
2007,annual,Maine,supporting_information,Milking frequency more than twice per day (percent of farms),2.47,percent_of_farms
2007,annual,Maine,supporting_information,Milk cows injected with bST (head per farm),8.0,head_per_farm
2007,annual,Maine,supporting_information,Organic milk sold (percent of sales),7.49,percent_of_sales
2007,annual,Michigan,gross_value_of_production,Milk sold,20.05,dollars_per_cwt
2007,annual,Michigan,gross_value_of_production,Cattle,1.49,dollars_per_cwt
2007,annual,Michigan,gross_value_of_production,Other income 2/,0.63,dollars_per_cwt
2007,annual,Michigan,gross_value_of_production,"Total, gross value of production",22.17,dollars_per_cwt
2007,annual,Michigan,operating_costs,Purchased feed,5.14,dollars_per_cwt
2007,annual,Michigan,operating_costs,Homegrown harvested feed,4.69,dollars_per_cwt
2007,annual,Michigan,operating_costs,Grazed feed,0.03,dollars_per_cwt
2007,annual,Michigan,operating_costs,"Total, feed costs",9.86,dollars_per_cwt
2007,annual,Michigan,operating_costs,Veterinary and medicine,1.03,dollars_per_cwt
2007,annual,Michigan,operating_costs,Bedding and litter,0.24,dollars_per_cwt
2007,annual,Michigan,operating_costs,Marketing,0.23,dollars_per_cwt
2007,annual,Michigan,operating_costs,Custom services,0.47,dollars_per_cwt
2007,annual,Michigan,operating_costs,"Fuel, lube, and electricity",0.75,dollars_per_cwt
2007,annual,Michigan,operating_costs,Repairs,0.76,dollars_per_cwt
2007,annual,Michigan,operating_costs,Other operating costs 3/,0.0,dollars_per_cwt
2007,annual,Michigan,operating_costs,Interest on operating capital,0.3,dollars_per_cwt
2007,annual,Michigan,operating_costs,"Total, operating cost",13.64,dollars_per_cwt
2007,annual,Michigan,allocated_overhead,Hired labor,1.73,dollars_per_cwt
2007,annual,Michigan,allocated_overhead,Opportunity cost of unpaid labor,1.9,dollars_per_cwt
2007,annual,Michigan,allocated_overhead,Capital recovery of machinery and equipment 4/,3.36,dollars_per_cwt
2007,annual,Michigan,allocated_overhead,Opportunity cost of land (rental rate),0.03,dollars_per_cwt
2007,annual,Michigan,allocated_overhead,Taxes and insurance,0.24,dollars_per_cwt
2007,annual,Michigan,allocated_overhead,General farm overhead,0.83,dollars_per_cwt
2007,annual,Michigan,allocated_overhead,"Total, allocated overhead",8.09,dollars_per_cwt
2007,annual,Michigan,total_costs,Total costs listed,21.73,dollars_per_cwt
2007,annual,Michigan,net_value,Value of production less total costs listed,0.4399999999999977,dollars_per_cwt
2007,annual,Michigan,net_value,Value of production less operating costs,8.529999999999998,dollars_per_cwt
2007,annual,Michigan,supporting_information,Milk cows (head per farm),154.0,head_per_farm
2007,annual,Michigan,supporting_information,Output per cow (pounds),20918.0,pounds
2007,annual,Michigan,supporting_information,Milking frequency more than twice per day (percent of farms),20.96,percent_of_farms
2007,annual,Michigan,supporting_information,Milk cows injected with bST (head per farm),55.0,head_per_farm
2007,annual,Michigan,supporting_information,Organic milk sold (percent of sales),0.15,percent_of_sales
2007,annual,Minnesota,gross_value_of_production,Milk sold,19.93,dollars_per_cwt
2007,annual,Minnesota,gross_value_of_production,Cattle,1.36,dollars_per_cwt
2007,annual,Minnesota,gross_value_of_production,Other income 2/,0.69,dollars_per_cwt
2007,annual,Minnesota,gross_value_of_production,"Total, gross value of production",21.98,dollars_per_cwt
2007,annual,Minnesota,operating_costs,Purchased feed,4.29,dollars_per_cwt
2007,annual,Minnesota,operating_costs,Homegrown harvested feed,6.6,dollars_per_cwt
2007,annual,Minnesota,operating_costs,Grazed feed,0.04,dollars_per_cwt
2007,annual,Minnesota,operating_costs,"Total, feed costs",10.93,dollars_per_cwt
2007,annual,Minnesota,operating_costs,Veterinary and medicine,1.22,dollars_per_cwt
2007,annual,Minnesota,operating_costs,Bedding and litter,0.31,dollars_per_cwt
2007,annual,Minnesota,operating_costs,Marketing,0.23,dollars_per_cwt
2007,annual,Minnesota,operating_costs,Custom services,0.32,dollars_per_cwt
2007,annual,Minnesota,operating_costs,"Fuel, lube, and electricity",0.81,dollars_per_cwt
2007,annual,Minnesota,operating_costs,Repairs,0.66,dollars_per_cwt
2007,annual,Minnesota,operating_costs,Other operating costs 3/,0.0,dollars_per_cwt
2007,annual,Minnesota,operating_costs,Interest on operating capital,0.32,dollars_per_cwt
2007,annual,Minnesota,operating_costs,"Total, operating cost",14.800000000000002,dollars_per_cwt
2007,annual,Minnesota,allocated_overhead,Hired labor,1.47,dollars_per_cwt
2007,annual,Minnesota,allocated_overhead,Opportunity cost of unpaid labor,3.43,dollars_per_cwt
2007,annual,Minnesota,allocated_overhead,Capital recovery of machinery and equipment 4/,4.17,dollars_per_cwt
2007,annual,Minnesota,allocated_overhead,Opportunity cost of land (rental rate),0.03,dollars_per_cwt
2007,annual,Minnesota,allocated_overhead,Taxes and insurance,0.25,dollars_per_cwt
2007,annual,Minnesota,allocated_overhead,General farm overhead,0.68,dollars_per_cwt
2007,annual,Minnesota,allocated_overhead,"Total, allocated overhead",10.03,dollars_per_cwt
2007,annual,Minnesota,total_costs,Total costs listed,24.83,dollars_per_cwt
2007,annual,Minnesota,net_value,Value of production less total costs listed,-2.8500000000000014,dollars_per_cwt
2007,annual,Minnesota,net_value,Value of production less operating costs,7.179999999999998,dollars_per_cwt
2007,annual,Minnesota,supporting_information,Milk cows (head per farm),99.0,head_per_farm
2007,annual,Minnesota,supporting_information,Output per cow (pounds),19372.0,pounds
2007,annual,Minnesota,supporting_information,Milking frequency more than twice per day (percent of farms),5.12,percent_of_farms
2007,annual,Minnesota,supporting_information,Milk cows injected with bST (head per farm),19.0,head_per_farm
2007,annual,Minnesota,supporting_information,Organic milk sold (percent of sales),0.72,percent_of_sales
2007,annual,Missouri,gross_value_of_production,Milk sold,18.19,dollars_per_cwt
2007,annual,Missouri,gross_value_of_production,Cattle,3.51,dollars_per_cwt
2007,annual,Missouri,gross_value_of_production,Other income 2/,0.61,dollars_per_cwt
2007,annual,Missouri,gross_value_of_production,"Total, gross value of production",22.31,dollars_per_cwt
2007,annual,Missouri,operating_costs,Purchased feed,6.52,dollars_per_cwt
2007,annual,Missouri,operating_costs,Homegrown harvested feed,3.44,dollars_per_cwt
2007,annual,Missouri,operating_costs,Grazed feed,0.21,dollars_per_cwt
2007,annual,Missouri,operating_costs,"Total, feed costs",10.17,dollars_per_cwt
2007,annual,Missouri,operating_costs,Veterinary and medicine,0.85,dollars_per_cwt
2007,annual,Missouri,operating_costs,Bedding and litter,0.18,dollars_per_cwt
2007,annual,Missouri,operating_costs,Marketing,0.39,dollars_per_cwt
2007,annual,Missouri,operating_costs,Custom services,0.16,dollars_per_cwt
2007,annual,Missouri,operating_costs,"Fuel, lube, and electricity",0.66,dollars_per_cwt
2007,annual,Missouri,operating_costs,Repairs,0.73,dollars_per_cwt
2007,annual,Missouri,operating_costs,Other operating costs 3/,0.0,dollars_per_cwt
2007,annual,Missouri,operating_costs,Interest on operating capital,0.29,dollars_per_cwt
2007,annual,Missouri,operating_costs,"Total, operating cost",13.43,dollars_per_cwt
2007,annual,Missouri,allocated_overhead,Hired labor,1.49,dollars_per_cwt
2007,annual,Missouri,allocated_overhead,Opportunity cost of unpaid labor,3.92,dollars_per_cwt
2007,annual,Missouri,allocated_overhead,Capital recovery of machinery and equipment 4/,4.88,dollars_per_cwt
2007,annual,Missouri,allocated_overhead,Opportunity cost of land (rental rate),0.18,dollars_per_cwt
2007,annual,Missouri,allocated_overhead,Taxes and insurance,0.43,dollars_per_cwt
2007,annual,Missouri,allocated_overhead,General farm overhead,0.35,dollars_per_cwt
2007,annual,Missouri,allocated_overhead,"Total, allocated overhead",11.249999999999998,dollars_per_cwt
2007,annual,Missouri,total_costs,Total costs listed,24.68,dollars_per_cwt
2007,annual,Missouri,net_value,Value of production less total costs listed,-2.369999999999997,dollars_per_cwt
2007,annual,Missouri,net_value,Value of production less operating costs,8.880000000000003,dollars_per_cwt
2007,annual,Missouri,supporting_information,Milk cows (head per farm),131.0,head_per_farm
2007,annual,Missouri,supporting_information,Output per cow (pounds),15785.0,pounds
2007,annual,Missouri,supporting_information,Milking frequency more than twice per day (percent of farms),0.32,percent_of_farms
2007,annual,Missouri,supporting_information,Milk cows injected with bST (head per farm),17.0,head_per_farm
2007,annual,Missouri,supporting_information,Organic milk sold (percent of sales),0.0,percent_of_sales
2007,annual,Mexico,gross_value_of_production,Milk sold,18.15,dollars_per_cwt
2007,annual,Mexico,gross_value_of_production,Cattle,2.09,dollars_per_cwt
2007,annual,Mexico,gross_value_of_production,Other income 2/,0.62,dollars_per_cwt
2007,annual,Mexico,gross_value_of_production,"Total, gross value of production",20.86,dollars_per_cwt
2007,annual,Mexico,operating_costs,Purchased feed,5.93,dollars_per_cwt
2007,annual,Mexico,operating_costs,Homegrown harvested feed,1.13,dollars_per_cwt
2007,annual,Mexico,operating_costs,Grazed feed,0.01,dollars_per_cwt
2007,annual,Mexico,operating_costs,"Total, feed costs",7.069999999999999,dollars_per_cwt
2007,annual,Mexico,operating_costs,Veterinary and medicine,0.56,dollars_per_cwt
2007,annual,Mexico,operating_costs,Bedding and litter,0.0,dollars_per_cwt
2007,annual,Mexico,operating_costs,Marketing,0.4,dollars_per_cwt
2007,annual,Mexico,operating_costs,Custom services,0.45,dollars_per_cwt
2007,annual,Mexico,operating_costs,"Fuel, lube, and electricity",0.36,dollars_per_cwt
2007,annual,Mexico,operating_costs,Repairs,0.27,dollars_per_cwt
2007,annual,Mexico,operating_costs,Other operating costs 3/,0.0,dollars_per_cwt
2007,annual,Mexico,operating_costs,Interest on operating capital,0.2,dollars_per_cwt
2007,annual,Mexico,operating_costs,"Total, operating cost",9.309999999999995,dollars_per_cwt
2007,annual,Mexico,allocated_overhead,Hired labor,1.51,dollars_per_cwt
2007,annual,Mexico,allocated_overhead,Opportunity cost of unpaid labor,0.16,dollars_per_cwt
2007,annual,Mexico,allocated_overhead,Capital recovery of machinery and equipment 4/,1.21,dollars_per_cwt
2007,annual,Mexico,allocated_overhead,Opportunity cost of land (rental rate),0.0,dollars_per_cwt
2007,annual,Mexico,allocated_overhead,Taxes and insurance,0.1,dollars_per_cwt
2007,annual,Mexico,allocated_overhead,General farm overhead,0.19,dollars_per_cwt
2007,annual,Mexico,allocated_overhead,"Total, allocated overhead",3.17,dollars_per_cwt
2007,annual,Mexico,total_costs,Total costs listed,12.479999999999997,dollars_per_cwt
2007,annual,Mexico,net_value,Value of production less total costs listed,8.380000000000003,dollars_per_cwt
2007,annual,Mexico,net_value,Value of production less operating costs,11.550000000000002,dollars_per_cwt
2007,annual,Mexico,supporting_information,Milk cows (head per farm),2344.0,head_per_farm
2007,annual,Mexico,supporting_information,Output per cow (pounds),16928.0,pounds
2007,annual,Mexico,supporting_information,Milking frequency more than twice per day (percent of farms),64.11,percent_of_farms
2007,annual,Mexico,supporting_information,Milk cows injected with bST (head per farm),285.0,head_per_farm
2007,annual,Mexico,supporting_information,Organic milk sold (percent of sales),0.0,percent_of_sales
2007,annual,York,gross_value_of_production,Milk sold,19.73,dollars_per_cwt
2007,annual,York,gross_value_of_production,Cattle,1.01,dollars_per_cwt
2007,annual,York,gross_value_of_production,Other income 2/,0.73,dollars_per_cwt
2007,annual,York,gross_value_of_production,"Total, gross value of production",21.47,dollars_per_cwt
2007,annual,York,operating_costs,Purchased feed,4.96,dollars_per_cwt
2007,annual,York,operating_costs,Homegrown harvested feed,5.17,dollars_per_cwt
2007,annual,York,operating_costs,Grazed feed,0.12,dollars_per_cwt
2007,annual,York,operating_costs,"Total, feed costs",10.249999999999998,dollars_per_cwt
2007,annual,York,operating_costs,Veterinary and medicine,0.89,dollars_per_cwt
2007,annual,York,operating_costs,Bedding and litter,0.48,dollars_per_cwt
2007,annual,York,operating_costs,Marketing,0.25,dollars_per_cwt
2007,annual,York,operating_costs,Custom services,0.55,dollars_per_cwt
2007,annual,York,operating_costs,"Fuel, lube, and electricity",0.9,dollars_per_cwt
2007,annual,York,operating_costs,Repairs,0.82,dollars_per_cwt
2007,annual,York,operating_costs,Other operating costs 3/,0.0,dollars_per_cwt
2007,annual,York,operating_costs,Interest on operating capital,0.31,dollars_per_cwt
2007,annual,York,operating_costs,"Total, operating cost",14.45,dollars_per_cwt
2007,annual,York,allocated_overhead,Hired labor,2.03,dollars_per_cwt
2007,annual,York,allocated_overhead,Opportunity cost of unpaid labor,3.51,dollars_per_cwt
2007,annual,York,allocated_overhead,Capital recovery of machinery and equipment 4/,3.89,dollars_per_cwt
2007,annual,York,allocated_overhead,Opportunity cost of land (rental rate),0.02,dollars_per_cwt
2007,annual,York,allocated_overhead,Taxes and insurance,0.29,dollars_per_cwt
2007,annual,York,allocated_overhead,General farm overhead,0.8,dollars_per_cwt
2007,annual,York,allocated_overhead,"Total, allocated overhead",10.54,dollars_per_cwt
2007,annual,York,total_costs,Total costs listed,24.99,dollars_per_cwt
2007,annual,York,net_value,Value of production less total costs listed,-3.52,dollars_per_cwt
2007,annual,York,net_value,Value of production less operating costs,7.020000000000001,dollars_per_cwt
2007,annual,York,supporting_information,Milk cows (head per farm),125.0,head_per_farm
2007,annual,York,supporting_information,Output per cow (pounds),19047.0,pounds
2007,annual,York,supporting_information,Milking frequency more than twice per day (percent of farms),5.89,percent_of_farms
2007,annual,York,supporting_information,Milk cows injected with bST (head per farm),22.0,head_per_farm
2007,annual,York,supporting_information,Organic milk sold (percent of sales),0.4,percent_of_sales
2007,annual,Ohio,gross_value_of_production,Milk sold,19.59,dollars_per_cwt
2007,annual,Ohio,gross_value_of_production,Cattle,1.35,dollars_per_cwt
2007,annual,Ohio,gross_value_of_production,Other income 2/,0.59,dollars_per_cwt
2007,annual,Ohio,gross_value_of_production,"Total, gross value of production",21.53,dollars_per_cwt
2007,annual,Ohio,operating_costs,Purchased feed,5.44,dollars_per_cwt
2007,annual,Ohio,operating_costs,Homegrown harvested feed,4.25,dollars_per_cwt
2007,annual,Ohio,operating_costs,Grazed feed,0.08,dollars_per_cwt
2007,annual,Ohio,operating_costs,"Total, feed costs",9.77,dollars_per_cwt
2007,annual,Ohio,operating_costs,Veterinary and medicine,1.09,dollars_per_cwt
2007,annual,Ohio,operating_costs,Bedding and litter,0.37,dollars_per_cwt
2007,annual,Ohio,operating_costs,Marketing,0.28,dollars_per_cwt
2007,annual,Ohio,operating_costs,Custom services,0.52,dollars_per_cwt
2007,annual,Ohio,operating_costs,"Fuel, lube, and electricity",0.69,dollars_per_cwt
2007,annual,Ohio,operating_costs,Repairs,0.74,dollars_per_cwt
2007,annual,Ohio,operating_costs,Other operating costs 3/,0.0,dollars_per_cwt
2007,annual,Ohio,operating_costs,Interest on operating capital,0.3,dollars_per_cwt
2007,annual,Ohio,operating_costs,"Total, operating cost",13.76,dollars_per_cwt
2007,annual,Ohio,allocated_overhead,Hired labor,1.44,dollars_per_cwt
2007,annual,Ohio,allocated_overhead,Opportunity cost of unpaid labor,3.47,dollars_per_cwt
2007,annual,Ohio,allocated_overhead,Capital recovery of machinery and equipment 4/,4.0,dollars_per_cwt
2007,annual,Ohio,allocated_overhead,Opportunity cost of land (rental rate),0.07,dollars_per_cwt
2007,annual,Ohio,allocated_overhead,Taxes and insurance,0.24,dollars_per_cwt
2007,annual,Ohio,allocated_overhead,General farm overhead,0.71,dollars_per_cwt
2007,annual,Ohio,allocated_overhead,"Total, allocated overhead",9.93,dollars_per_cwt
2007,annual,Ohio,total_costs,Total costs listed,23.69,dollars_per_cwt
2007,annual,Ohio,net_value,Value of production less total costs listed,-2.1599999999999966,dollars_per_cwt
2007,annual,Ohio,net_value,Value of production less operating costs,7.770000000000001,dollars_per_cwt
2007,annual,Ohio,supporting_information,Milk cows (head per farm),97.0,head_per_farm
2007,annual,Ohio,supporting_information,Output per cow (pounds),17956.0,pounds
2007,annual,Ohio,supporting_information,Milking frequency more than twice per day (percent of farms),2.69,percent_of_farms
2007,annual,Ohio,supporting_information,Milk cows injected with bST (head per farm),21.0,head_per_farm
2007,annual,Ohio,supporting_information,Organic milk sold (percent of sales),0.43,percent_of_sales
2007,annual,Oregon,gross_value_of_production,Milk sold,18.23,dollars_per_cwt
2007,annual,Oregon,gross_value_of_production,Cattle,1.02,dollars_per_cwt
2007,annual,Oregon,gross_value_of_production,Other income 2/,0.91,dollars_per_cwt
2007,annual,Oregon,gross_value_of_production,"Total, gross value of production",20.16,dollars_per_cwt
2007,annual,Oregon,operating_costs,Purchased feed,8.55,dollars_per_cwt
2007,annual,Oregon,operating_costs,Homegrown harvested feed,2.4,dollars_per_cwt
2007,annual,Oregon,operating_costs,Grazed feed,0.22,dollars_per_cwt
2007,annual,Oregon,operating_costs,"Total, feed costs",11.170000000000002,dollars_per_cwt
2007,annual,Oregon,operating_costs,Veterinary and medicine,0.74,dollars_per_cwt
2007,annual,Oregon,operating_costs,Bedding and litter,0.18,dollars_per_cwt
2007,annual,Oregon,operating_costs,Marketing,0.23,dollars_per_cwt
2007,annual,Oregon,operating_costs,Custom services,0.41,dollars_per_cwt
2007,annual,Oregon,operating_costs,"Fuel, lube, and electricity",0.69,dollars_per_cwt
2007,annual,Oregon,operating_costs,Repairs,0.79,dollars_per_cwt
2007,annual,Oregon,operating_costs,Other operating costs 3/,0.0,dollars_per_cwt
2007,annual,Oregon,operating_costs,Interest on operating capital,0.31,dollars_per_cwt
2007,annual,Oregon,operating_costs,"Total, operating cost",14.52,dollars_per_cwt
2007,annual,Oregon,allocated_overhead,Hired labor,2.16,dollars_per_cwt
2007,annual,Oregon,allocated_overhead,Opportunity cost of unpaid labor,1.71,dollars_per_cwt
2007,annual,Oregon,allocated_overhead,Capital recovery of machinery and equipment 4/,2.52,dollars_per_cwt
2007,annual,Oregon,allocated_overhead,Opportunity cost of land (rental rate),0.02,dollars_per_cwt
2007,annual,Oregon,allocated_overhead,Taxes and insurance,0.2,dollars_per_cwt
2007,annual,Oregon,allocated_overhead,General farm overhead,0.55,dollars_per_cwt
2007,annual,Oregon,allocated_overhead,"Total, allocated overhead",7.16,dollars_per_cwt
2007,annual,Oregon,total_costs,Total costs listed,21.68,dollars_per_cwt
2007,annual,Oregon,net_value,Value of production less total costs listed,-1.5199999999999996,dollars_per_cwt
2007,annual,Oregon,net_value,Value of production less operating costs,5.639999999999999,dollars_per_cwt
2007,annual,Oregon,supporting_information,Milk cows (head per farm),311.0,head_per_farm
2007,annual,Oregon,supporting_information,Output per cow (pounds),18336.0,pounds
2007,annual,Oregon,supporting_information,Milking frequency more than twice per day (percent of farms),6.51,percent_of_farms
2007,annual,Oregon,supporting_information,Milk cows injected with bST (head per farm),8.0,head_per_farm
2007,annual,Oregon,supporting_information,Organic milk sold (percent of sales),5.36,percent_of_sales
2007,annual,Pennsylvania,gross_value_of_production,Milk sold,19.82,dollars_per_cwt
2007,annual,Pennsylvania,gross_value_of_production,Cattle,1.1,dollars_per_cwt
2007,annual,Pennsylvania,gross_value_of_production,Other income 2/,0.63,dollars_per_cwt
2007,annual,Pennsylvania,gross_value_of_production,"Total, gross value of production",21.55,dollars_per_cwt
2007,annual,Pennsylvania,operating_costs,Purchased feed,5.17,dollars_per_cwt
2007,annual,Pennsylvania,operating_costs,Homegrown harvested feed,6.2,dollars_per_cwt
2007,annual,Pennsylvania,operating_costs,Grazed feed,0.15,dollars_per_cwt
2007,annual,Pennsylvania,operating_costs,"Total, feed costs",11.52,dollars_per_cwt
2007,annual,Pennsylvania,operating_costs,Veterinary and medicine,1.12,dollars_per_cwt
2007,annual,Pennsylvania,operating_costs,Bedding and litter,0.59,dollars_per_cwt
2007,annual,Pennsylvania,operating_costs,Marketing,0.33,dollars_per_cwt
2007,annual,Pennsylvania,operating_costs,Custom services,0.6,dollars_per_cwt
2007,annual,Pennsylvania,operating_costs,"Fuel, lube, and electricity",0.9,dollars_per_cwt
2007,annual,Pennsylvania,operating_costs,Repairs,0.83,dollars_per_cwt
2007,annual,Pennsylvania,operating_costs,Other operating costs 3/,0.0,dollars_per_cwt
2007,annual,Pennsylvania,operating_costs,Interest on operating capital,0.35,dollars_per_cwt
2007,annual,Pennsylvania,operating_costs,"Total, operating cost",16.240000000000002,dollars_per_cwt
2007,annual,Pennsylvania,allocated_overhead,Hired labor,1.01,dollars_per_cwt
2007,annual,Pennsylvania,allocated_overhead,Opportunity cost of unpaid labor,4.14,dollars_per_cwt
2007,annual,Pennsylvania,allocated_overhead,Capital recovery of machinery and equipment 4/,3.46,dollars_per_cwt
2007,annual,Pennsylvania,allocated_overhead,Opportunity cost of land (rental rate),0.06,dollars_per_cwt
2007,annual,Pennsylvania,allocated_overhead,Taxes and insurance,0.29,dollars_per_cwt
2007,annual,Pennsylvania,allocated_overhead,General farm overhead,0.67,dollars_per_cwt
2007,annual,Pennsylvania,allocated_overhead,"Total, allocated overhead",9.63,dollars_per_cwt
2007,annual,Pennsylvania,total_costs,Total costs listed,25.87,dollars_per_cwt
2007,annual,Pennsylvania,net_value,Value of production less total costs listed,-4.32,dollars_per_cwt
2007,annual,Pennsylvania,net_value,Value of production less operating costs,5.309999999999999,dollars_per_cwt
2007,annual,Pennsylvania,supporting_information,Milk cows (head per farm),88.0,head_per_farm
2007,annual,Pennsylvania,supporting_information,Output per cow (pounds),19131.0,pounds
2007,annual,Pennsylvania,supporting_information,Milking frequency more than twice per day (percent of farms),13.26,percent_of_farms
2007,annual,Pennsylvania,supporting_information,Milk cows injected with bST (head per farm),20.0,head_per_farm
2007,annual,Pennsylvania,supporting_information,Organic milk sold (percent of sales),0.59,percent_of_sales
2007,annual,Tennessee,gross_value_of_production,Milk sold,20.34,dollars_per_cwt
2007,annual,Tennessee,gross_value_of_production,Cattle,1.21,dollars_per_cwt
2007,annual,Tennessee,gross_value_of_production,Other income 2/,0.85,dollars_per_cwt
2007,annual,Tennessee,gross_value_of_production,"Total, gross value of production",22.4,dollars_per_cwt
2007,annual,Tennessee,operating_costs,Purchased feed,6.9,dollars_per_cwt
2007,annual,Tennessee,operating_costs,Homegrown harvested feed,6.62,dollars_per_cwt
2007,annual,Tennessee,operating_costs,Grazed feed,0.32,dollars_per_cwt
2007,annual,Tennessee,operating_costs,"Total, feed costs",13.84,dollars_per_cwt
2007,annual,Tennessee,operating_costs,Veterinary and medicine,0.79,dollars_per_cwt
2007,annual,Tennessee,operating_costs,Bedding and litter,0.09,dollars_per_cwt
2007,annual,Tennessee,operating_costs,Marketing,0.28,dollars_per_cwt
2007,annual,Tennessee,operating_costs,Custom services,0.63,dollars_per_cwt
2007,annual,Tennessee,operating_costs,"Fuel, lube, and electricity",1.05,dollars_per_cwt
2007,annual,Tennessee,operating_costs,Repairs,0.83,dollars_per_cwt
2007,annual,Tennessee,operating_costs,Other operating costs 3/,0.0,dollars_per_cwt
2007,annual,Tennessee,operating_costs,Interest on operating capital,0.39,dollars_per_cwt
2007,annual,Tennessee,operating_costs,"Total, operating cost",17.9,dollars_per_cwt
2007,annual,Tennessee,allocated_overhead,Hired labor,2.2,dollars_per_cwt
2007,annual,Tennessee,allocated_overhead,Opportunity cost of unpaid labor,4.53,dollars_per_cwt
2007,annual,Tennessee,allocated_overhead,Capital recovery of machinery and equipment 4/,6.24,dollars_per_cwt
2007,annual,Tennessee,allocated_overhead,Opportunity cost of land (rental rate),0.09,dollars_per_cwt
2007,annual,Tennessee,allocated_overhead,Taxes and insurance,0.25,dollars_per_cwt
2007,annual,Tennessee,allocated_overhead,General farm overhead,0.63,dollars_per_cwt
2007,annual,Tennessee,allocated_overhead,"Total, allocated overhead",13.94,dollars_per_cwt
2007,annual,Tennessee,total_costs,Total costs listed,31.84,dollars_per_cwt
2007,annual,Tennessee,net_value,Value of production less total costs listed,-9.439999999999998,dollars_per_cwt
2007,annual,Tennessee,net_value,Value of production less operating costs,4.500000000000004,dollars_per_cwt
2007,annual,Tennessee,supporting_information,Milk cows (head per farm),116.0,head_per_farm
2007,annual,Tennessee,supporting_information,Output per cow (pounds),14616.0,pounds
2007,annual,Tennessee,supporting_information,Milking frequency more than twice per day (percent of farms),1.64,percent_of_farms
2007,annual,Tennessee,supporting_information,Milk cows injected with bST (head per farm),5.0,head_per_farm
2007,annual,Tennessee,supporting_information,Organic milk sold (percent of sales),0.0,percent_of_sales
2007,annual,Texas,gross_value_of_production,Milk sold,19.37,dollars_per_cwt
2007,annual,Texas,gross_value_of_production,Cattle,1.13,dollars_per_cwt
2007,annual,Texas,gross_value_of_production,Other income 2/,0.62,dollars_per_cwt
2007,annual,Texas,gross_value_of_production,"Total, gross value of production",21.12,dollars_per_cwt
2007,annual,Texas,operating_costs,Purchased feed,9.65,dollars_per_cwt
2007,annual,Texas,operating_costs,Homegrown harvested feed,1.35,dollars_per_cwt
2007,annual,Texas,operating_costs,Grazed feed,0.14,dollars_per_cwt
2007,annual,Texas,operating_costs,"Total, feed costs",11.14,dollars_per_cwt
2007,annual,Texas,operating_costs,Veterinary and medicine,0.65,dollars_per_cwt
2007,annual,Texas,operating_costs,Bedding and litter,0.15,dollars_per_cwt
2007,annual,Texas,operating_costs,Marketing,0.29,dollars_per_cwt
2007,annual,Texas,operating_costs,Custom services,0.49,dollars_per_cwt
2007,annual,Texas,operating_costs,"Fuel, lube, and electricity",0.72,dollars_per_cwt
2007,annual,Texas,operating_costs,Repairs,0.46,dollars_per_cwt
2007,annual,Texas,operating_costs,Other operating costs 3/,0.0,dollars_per_cwt
2007,annual,Texas,operating_costs,Interest on operating capital,0.31,dollars_per_cwt
2007,annual,Texas,operating_costs,"Total, operating cost",14.210000000000004,dollars_per_cwt
2007,annual,Texas,allocated_overhead,Hired labor,1.36,dollars_per_cwt
2007,annual,Texas,allocated_overhead,Opportunity cost of unpaid labor,1.08,dollars_per_cwt
2007,annual,Texas,allocated_overhead,Capital recovery of machinery and equipment 4/,2.84,dollars_per_cwt
2007,annual,Texas,allocated_overhead,Opportunity cost of land (rental rate),0.02,dollars_per_cwt
2007,annual,Texas,allocated_overhead,Taxes and insurance,0.15,dollars_per_cwt
2007,annual,Texas,allocated_overhead,General farm overhead,0.36,dollars_per_cwt
2007,annual,Texas,allocated_overhead,"Total, allocated overhead",5.8100000000000005,dollars_per_cwt
2007,annual,Texas,total_costs,Total costs listed,20.020000000000003,dollars_per_cwt
2007,annual,Texas,net_value,Value of production less total costs listed,1.099999999999998,dollars_per_cwt
2007,annual,Texas,net_value,Value of production less operating costs,6.909999999999998,dollars_per_cwt
2007,annual,Texas,supporting_information,Milk cows (head per farm),456.0,head_per_farm
2007,annual,Texas,supporting_information,Output per cow (pounds),17006.0,pounds
2007,annual,Texas,supporting_information,Milking frequency more than twice per day (percent of farms),17.15,percent_of_farms
2007,annual,Texas,supporting_information,Milk cows injected with bST (head per farm),53.0,head_per_farm
2007,annual,Texas,supporting_information,Organic milk sold (percent of sales),0.08,percent_of_sales
2007,annual,Vermont,gross_value_of_production,Milk sold,20.89,dollars_per_cwt
2007,annual,Vermont,gross_value_of_production,Cattle,1.0,dollars_per_cwt
2007,annual,Vermont,gross_value_of_production,Other income 2/,0.91,dollars_per_cwt
2007,annual,Vermont,gross_value_of_production,"Total, gross value of production",22.8,dollars_per_cwt
2007,annual,Vermont,operating_costs,Purchased feed,5.4,dollars_per_cwt
2007,annual,Vermont,operating_costs,Homegrown harvested feed,4.11,dollars_per_cwt
2007,annual,Vermont,operating_costs,Grazed feed,0.2,dollars_per_cwt
2007,annual,Vermont,operating_costs,"Total, feed costs",9.71,dollars_per_cwt
2007,annual,Vermont,operating_costs,Veterinary and medicine,0.83,dollars_per_cwt
2007,annual,Vermont,operating_costs,Bedding and litter,0.4,dollars_per_cwt
2007,annual,Vermont,operating_costs,Marketing,0.26,dollars_per_cwt
2007,annual,Vermont,operating_costs,Custom services,0.44,dollars_per_cwt
2007,annual,Vermont,operating_costs,"Fuel, lube, and electricity",0.79,dollars_per_cwt
2007,annual,Vermont,operating_costs,Repairs,0.55,dollars_per_cwt
2007,annual,Vermont,operating_costs,Other operating costs 3/,0.0,dollars_per_cwt
2007,annual,Vermont,operating_costs,Interest on operating capital,0.29,dollars_per_cwt
2007,annual,Vermont,operating_costs,"Total, operating cost",13.27,dollars_per_cwt
2007,annual,Vermont,allocated_overhead,Hired labor,1.83,dollars_per_cwt
2007,annual,Vermont,allocated_overhead,Opportunity cost of unpaid labor,3.08,dollars_per_cwt
2007,annual,Vermont,allocated_overhead,Capital recovery of machinery and equipment 4/,3.47,dollars_per_cwt
2007,annual,Vermont,allocated_overhead,Opportunity cost of land (rental rate),0.07,dollars_per_cwt
2007,annual,Vermont,allocated_overhead,Taxes and insurance,0.35,dollars_per_cwt
2007,annual,Vermont,allocated_overhead,General farm overhead,1.09,dollars_per_cwt
2007,annual,Vermont,allocated_overhead,"Total, allocated overhead",9.89,dollars_per_cwt
2007,annual,Vermont,total_costs,Total costs listed,23.16,dollars_per_cwt
2007,annual,Vermont,net_value,Value of production less total costs listed,-0.3599999999999994,dollars_per_cwt
2007,annual,Vermont,net_value,Value of production less operating costs,9.53,dollars_per_cwt
2007,annual,Vermont,supporting_information,Milk cows (head per farm),134.0,head_per_farm
2007,annual,Vermont,supporting_information,Output per cow (pounds),18129.0,pounds
2007,annual,Vermont,supporting_information,Milking frequency more than twice per day (percent of farms),7.4,percent_of_farms
2007,annual,Vermont,supporting_information,Milk cows injected with bST (head per farm),11.0,head_per_farm
2007,annual,Vermont,supporting_information,Organic milk sold (percent of sales),2.44,percent_of_sales
2007,annual,Virginia,gross_value_of_production,Milk sold,21.21,dollars_per_cwt
2007,annual,Virginia,gross_value_of_production,Cattle,1.41,dollars_per_cwt
2007,annual,Virginia,gross_value_of_production,Other income 2/,0.8,dollars_per_cwt
2007,annual,Virginia,gross_value_of_production,"Total, gross value of production",23.42,dollars_per_cwt
2007,annual,Virginia,operating_costs,Purchased feed,5.99,dollars_per_cwt
2007,annual,Virginia,operating_costs,Homegrown harvested feed,6.2,dollars_per_cwt
2007,annual,Virginia,operating_costs,Grazed feed,0.13,dollars_per_cwt
2007,annual,Virginia,operating_costs,"Total, feed costs",12.320000000000002,dollars_per_cwt
2007,annual,Virginia,operating_costs,Veterinary and medicine,1.29,dollars_per_cwt
2007,annual,Virginia,operating_costs,Bedding and litter,0.23,dollars_per_cwt
2007,annual,Virginia,operating_costs,Marketing,0.35,dollars_per_cwt
2007,annual,Virginia,operating_costs,Custom services,0.59,dollars_per_cwt
2007,annual,Virginia,operating_costs,"Fuel, lube, and electricity",0.79,dollars_per_cwt
2007,annual,Virginia,operating_costs,Repairs,0.92,dollars_per_cwt
2007,annual,Virginia,operating_costs,Other operating costs 3/,0.0,dollars_per_cwt
2007,annual,Virginia,operating_costs,Interest on operating capital,0.37,dollars_per_cwt
2007,annual,Virginia,operating_costs,"Total, operating cost",16.860000000000007,dollars_per_cwt
2007,annual,Virginia,allocated_overhead,Hired labor,1.91,dollars_per_cwt
2007,annual,Virginia,allocated_overhead,Opportunity cost of unpaid labor,3.15,dollars_per_cwt
2007,annual,Virginia,allocated_overhead,Capital recovery of machinery and equipment 4/,4.28,dollars_per_cwt
2007,annual,Virginia,allocated_overhead,Opportunity cost of land (rental rate),0.04,dollars_per_cwt
2007,annual,Virginia,allocated_overhead,Taxes and insurance,0.33,dollars_per_cwt
2007,annual,Virginia,allocated_overhead,General farm overhead,0.96,dollars_per_cwt
2007,annual,Virginia,allocated_overhead,"Total, allocated overhead",10.669999999999998,dollars_per_cwt
2007,annual,Virginia,total_costs,Total costs listed,27.530000000000005,dollars_per_cwt
2007,annual,Virginia,net_value,Value of production less total costs listed,-4.110000000000003,dollars_per_cwt
2007,annual,Virginia,net_value,Value of production less operating costs,6.559999999999995,dollars_per_cwt
2007,annual,Virginia,supporting_information,Milk cows (head per farm),133.0,head_per_farm
2007,annual,Virginia,supporting_information,Output per cow (pounds),18983.0,pounds
2007,annual,Virginia,supporting_information,Milking frequency more than twice per day (percent of farms),6.82,percent_of_farms
2007,annual,Virginia,supporting_information,Milk cows injected with bST (head per farm),24.0,head_per_farm
2007,annual,Virginia,supporting_information,Organic milk sold (percent of sales),0.0,percent_of_sales
2007,annual,Washington,gross_value_of_production,Milk sold,19.38,dollars_per_cwt
2007,annual,Washington,gross_value_of_production,Cattle,0.73,dollars_per_cwt
2007,annual,Washington,gross_value_of_production,Other income 2/,0.49,dollars_per_cwt
2007,annual,Washington,gross_value_of_production,"Total, gross value of production",20.6,dollars_per_cwt
2007,annual,Washington,operating_costs,Purchased feed,7.26,dollars_per_cwt
2007,annual,Washington,operating_costs,Homegrown harvested feed,1.7,dollars_per_cwt
2007,annual,Washington,operating_costs,Grazed feed,0.04,dollars_per_cwt
2007,annual,Washington,operating_costs,"Total, feed costs",8.999999999999998,dollars_per_cwt
2007,annual,Washington,operating_costs,Veterinary and medicine,0.8,dollars_per_cwt
2007,annual,Washington,operating_costs,Bedding and litter,0.21,dollars_per_cwt
2007,annual,Washington,operating_costs,Marketing,0.3,dollars_per_cwt
2007,annual,Washington,operating_costs,Custom services,0.38,dollars_per_cwt
2007,annual,Washington,operating_costs,"Fuel, lube, and electricity",0.41,dollars_per_cwt
2007,annual,Washington,operating_costs,Repairs,0.5,dollars_per_cwt
2007,annual,Washington,operating_costs,Other operating costs 3/,0.0,dollars_per_cwt
2007,annual,Washington,operating_costs,Interest on operating capital,0.26,dollars_per_cwt
2007,annual,Washington,operating_costs,"Total, operating cost",11.86,dollars_per_cwt
2007,annual,Washington,allocated_overhead,Hired labor,1.97,dollars_per_cwt
2007,annual,Washington,allocated_overhead,Opportunity cost of unpaid labor,0.5,dollars_per_cwt
2007,annual,Washington,allocated_overhead,Capital recovery of machinery and equipment 4/,1.53,dollars_per_cwt
2007,annual,Washington,allocated_overhead,Opportunity cost of land (rental rate),0.01,dollars_per_cwt
2007,annual,Washington,allocated_overhead,Taxes and insurance,0.14,dollars_per_cwt
2007,annual,Washington,allocated_overhead,General farm overhead,0.33,dollars_per_cwt
2007,annual,Washington,allocated_overhead,"Total, allocated overhead",4.48,dollars_per_cwt
2007,annual,Washington,total_costs,Total costs listed,16.34,dollars_per_cwt
2007,annual,Washington,net_value,Value of production less total costs listed,4.259999999999998,dollars_per_cwt
2007,annual,Washington,net_value,Value of production less operating costs,8.739999999999997,dollars_per_cwt
2007,annual,Washington,supporting_information,Milk cows (head per farm),668.0,head_per_farm
2007,annual,Washington,supporting_information,Output per cow (pounds),23506.0,pounds
2007,annual,Washington,supporting_information,Milking frequency more than twice per day (percent of farms),36.76,percent_of_farms
2007,annual,Washington,supporting_information,Milk cows injected with bST (head per farm),76.0,head_per_farm
2007,annual,Washington,supporting_information,Organic milk sold (percent of sales),0.56,percent_of_sales
2007,annual,Wisconsin,gross_value_of_production,Milk sold,19.75,dollars_per_cwt
2007,annual,Wisconsin,gross_value_of_production,Cattle,1.15,dollars_per_cwt
2007,annual,Wisconsin,gross_value_of_production,Other income 2/,0.63,dollars_per_cwt
2007,annual,Wisconsin,gross_value_of_production,"Total, gross value of production",21.53,dollars_per_cwt
2007,annual,Wisconsin,operating_costs,Purchased feed,4.66,dollars_per_cwt
2007,annual,Wisconsin,operating_costs,Homegrown harvested feed,2.92,dollars_per_cwt
2007,annual,Wisconsin,operating_costs,Grazed feed,0.09,dollars_per_cwt
2007,annual,Wisconsin,operating_costs,"Total, feed costs",7.67,dollars_per_cwt
2007,annual,Wisconsin,operating_costs,Veterinary and medicine,1.03,dollars_per_cwt
2007,annual,Wisconsin,operating_costs,Bedding and litter,0.25,dollars_per_cwt
2007,annual,Wisconsin,operating_costs,Marketing,0.22,dollars_per_cwt
2007,annual,Wisconsin,operating_costs,Custom services,0.41,dollars_per_cwt
2007,annual,Wisconsin,operating_costs,"Fuel, lube, and electricity",0.67,dollars_per_cwt
2007,annual,Wisconsin,operating_costs,Repairs,0.67,dollars_per_cwt
2007,annual,Wisconsin,operating_costs,Other operating costs 3/,0.0,dollars_per_cwt
2007,annual,Wisconsin,operating_costs,Interest on operating capital,0.24,dollars_per_cwt
2007,annual,Wisconsin,operating_costs,"Total, operating cost",11.16,dollars_per_cwt
2007,annual,Wisconsin,allocated_overhead,Hired labor,1.67,dollars_per_cwt
2007,annual,Wisconsin,allocated_overhead,Opportunity cost of unpaid labor,3.23,dollars_per_cwt
2007,annual,Wisconsin,allocated_overhead,Capital recovery of machinery and equipment 4/,3.15,dollars_per_cwt
2007,annual,Wisconsin,allocated_overhead,Opportunity cost of land (rental rate),0.03,dollars_per_cwt
2007,annual,Wisconsin,allocated_overhead,Taxes and insurance,0.3,dollars_per_cwt
2007,annual,Wisconsin,allocated_overhead,General farm overhead,0.73,dollars_per_cwt
2007,annual,Wisconsin,allocated_overhead,"Total, allocated overhead",9.11,dollars_per_cwt
2007,annual,Wisconsin,total_costs,Total costs listed,20.270000000000003,dollars_per_cwt
2007,annual,Wisconsin,net_value,Value of production less total costs listed,1.2599999999999945,dollars_per_cwt
2007,annual,Wisconsin,net_value,Value of production less operating costs,10.369999999999996,dollars_per_cwt
2007,annual,Wisconsin,supporting_information,Milk cows (head per farm),100.0,head_per_farm
2007,annual,Wisconsin,supporting_information,Output per cow (pounds),19838.0,pounds
2007,annual,Wisconsin,supporting_information,Milking frequency more than twice per day (percent of farms),6.98,percent_of_farms
2007,annual,Wisconsin,supporting_information,Milk cows injected with bST (head per farm),19.0,head_per_farm
2007,annual,Wisconsin,supporting_information,Organic milk sold (percent of sales),0.82,percent_of_sales
2007,annual,States,gross_value_of_production,Milk sold,19.28,dollars_per_cwt
2007,annual,States,gross_value_of_production,Cattle,1.21,dollars_per_cwt
2007,annual,States,gross_value_of_production,Other income 2/,0.66,dollars_per_cwt
2007,annual,States,gross_value_of_production,"Total, gross value of production",21.15,dollars_per_cwt
2007,annual,States,operating_costs,Purchased feed,6.29,dollars_per_cwt
2007,annual,States,operating_costs,Homegrown harvested feed,3.4,dollars_per_cwt
2007,annual,States,operating_costs,Grazed feed,0.09,dollars_per_cwt
2007,annual,States,operating_costs,"Total, feed costs",9.78,dollars_per_cwt
2007,annual,States,operating_costs,Veterinary and medicine,0.86,dollars_per_cwt
2007,annual,States,operating_costs,Bedding and litter,0.23,dollars_per_cwt
2007,annual,States,operating_costs,Marketing,0.28,dollars_per_cwt
2007,annual,States,operating_costs,Custom services,0.45,dollars_per_cwt
2007,annual,States,operating_costs,"Fuel, lube, and electricity",0.66,dollars_per_cwt
2007,annual,States,operating_costs,Repairs,0.61,dollars_per_cwt
2007,annual,States,operating_costs,Other operating costs 3/,0.0,dollars_per_cwt
2007,annual,States,operating_costs,Interest on operating capital,0.29,dollars_per_cwt
2007,annual,States,operating_costs,"Total, operating cost",13.159999999999997,dollars_per_cwt
2007,annual,States,allocated_overhead,Hired labor,1.62,dollars_per_cwt
2007,annual,States,allocated_overhead,Opportunity cost of unpaid labor,2.27,dollars_per_cwt
2007,annual,States,allocated_overhead,Capital recovery of machinery and equipment 4/,3.04,dollars_per_cwt
2007,annual,States,allocated_overhead,Opportunity cost of land (rental rate),0.03,dollars_per_cwt
2007,annual,States,allocated_overhead,Taxes and insurance,0.23,dollars_per_cwt
2007,annual,States,allocated_overhead,General farm overhead,0.55,dollars_per_cwt
2007,annual,States,allocated_overhead,"Total, allocated overhead",7.74,dollars_per_cwt
2007,annual,States,total_costs,Total costs listed,20.9,dollars_per_cwt
2007,annual,States,net_value,Value of production less total costs listed,0.2500000000000035,dollars_per_cwt
2007,annual,States,net_value,Value of production less operating costs,7.990000000000005,dollars_per_cwt
2007,annual,States,supporting_information,Milk cows (head per farm),164.0,head_per_farm
2007,annual,States,supporting_information,Output per cow (pounds),19107.0,pounds
2007,annual,States,supporting_information,Milking frequency more than twice per day (percent of farms),7.69,percent_of_farms
2007,annual,States,supporting_information,Milk cows injected with bST (head per farm),27.0,head_per_farm
2007,annual,States,supporting_information,Organic milk sold (percent of sales),0.59,percent_of_sales
2008,annual,California,gross_value_of_production,Milk sold,16.91,dollars_per_cwt
2008,annual,California,gross_value_of_production,Cattle,1.03,dollars_per_cwt
2008,annual,California,gross_value_of_production,Other income 2/,1.2,dollars_per_cwt
2008,annual,California,gross_value_of_production,"Total, gross value of production",19.14,dollars_per_cwt
2008,annual,California,operating_costs,Purchased feed,12.26,dollars_per_cwt
2008,annual,California,operating_costs,Homegrown harvested feed,2.31,dollars_per_cwt
2008,annual,California,operating_costs,Grazed feed,0.05,dollars_per_cwt
2008,annual,California,operating_costs,"Total, feed costs",14.62,dollars_per_cwt
2008,annual,California,operating_costs,Veterinary and medicine,0.59,dollars_per_cwt
2008,annual,California,operating_costs,Bedding and litter,0.05,dollars_per_cwt
2008,annual,California,operating_costs,Marketing,0.31,dollars_per_cwt
2008,annual,California,operating_costs,Custom services,0.34,dollars_per_cwt
2008,annual,California,operating_costs,"Fuel, lube, and electricity",0.65,dollars_per_cwt
2008,annual,California,operating_costs,Repairs,0.39,dollars_per_cwt
2008,annual,California,operating_costs,Other operating costs 3/,0.0,dollars_per_cwt
2008,annual,California,operating_costs,Interest on operating capital,0.15,dollars_per_cwt
2008,annual,California,operating_costs,"Total, operating cost",17.1,dollars_per_cwt
2008,annual,California,allocated_overhead,Hired labor,1.59,dollars_per_cwt
2008,annual,California,allocated_overhead,Opportunity cost of unpaid labor,0.4,dollars_per_cwt
2008,annual,California,allocated_overhead,Capital recovery of machinery and equipment 4/,2.06,dollars_per_cwt
2008,annual,California,allocated_overhead,Opportunity cost of land (rental rate),0.01,dollars_per_cwt
2008,annual,California,allocated_overhead,Taxes and insurance,0.15,dollars_per_cwt
2008,annual,California,allocated_overhead,General farm overhead,0.25,dollars_per_cwt
2008,annual,California,allocated_overhead,"Total, allocated overhead",4.460000000000001,dollars_per_cwt
2008,annual,California,total_costs,Total costs listed,21.56,dollars_per_cwt
2008,annual,California,net_value,Value of production less total costs listed,-2.4200000000000017,dollars_per_cwt
2008,annual,California,net_value,Value of production less operating costs,2.039999999999999,dollars_per_cwt
2008,annual,California,supporting_information,Milk cows (head per farm),1017.0,head_per_farm
2008,annual,California,supporting_information,Output per cow (pounds),20023.0,pounds
2008,annual,California,supporting_information,Milking frequency more than twice per day (percent of farms),9.82,percent_of_farms
2008,annual,California,supporting_information,Milk cows injected with bST (head per farm),98.0,head_per_farm
2008,annual,California,supporting_information,Organic milk sold (percent of sales),0.32,percent_of_sales
2008,annual,Florida,gross_value_of_production,Milk sold,21.87,dollars_per_cwt
2008,annual,Florida,gross_value_of_production,Cattle,1.12,dollars_per_cwt
2008,annual,Florida,gross_value_of_production,Other income 2/,1.34,dollars_per_cwt
2008,annual,Florida,gross_value_of_production,"Total, gross value of production",24.33,dollars_per_cwt
2008,annual,Florida,operating_costs,Purchased feed,10.38,dollars_per_cwt
2008,annual,Florida,operating_costs,Homegrown harvested feed,2.38,dollars_per_cwt
2008,annual,Florida,operating_costs,Grazed feed,0.15,dollars_per_cwt
2008,annual,Florida,operating_costs,"Total, feed costs",12.910000000000002,dollars_per_cwt
2008,annual,Florida,operating_costs,Veterinary and medicine,0.87,dollars_per_cwt
2008,annual,Florida,operating_costs,Bedding and litter,0.03,dollars_per_cwt
2008,annual,Florida,operating_costs,Marketing,0.2,dollars_per_cwt
2008,annual,Florida,operating_costs,Custom services,0.78,dollars_per_cwt
2008,annual,Florida,operating_costs,"Fuel, lube, and electricity",1.12,dollars_per_cwt
2008,annual,Florida,operating_costs,Repairs,0.87,dollars_per_cwt
2008,annual,Florida,operating_costs,Other operating costs 3/,0.0,dollars_per_cwt
2008,annual,Florida,operating_costs,Interest on operating capital,0.15,dollars_per_cwt
2008,annual,Florida,operating_costs,"Total, operating cost",16.93,dollars_per_cwt
2008,annual,Florida,allocated_overhead,Hired labor,3.26,dollars_per_cwt
2008,annual,Florida,allocated_overhead,Opportunity cost of unpaid labor,0.52,dollars_per_cwt
2008,annual,Florida,allocated_overhead,Capital recovery of machinery and equipment 4/,2.62,dollars_per_cwt
2008,annual,Florida,allocated_overhead,Opportunity cost of land (rental rate),0.03,dollars_per_cwt
2008,annual,Florida,allocated_overhead,Taxes and insurance,0.26,dollars_per_cwt
2008,annual,Florida,allocated_overhead,General farm overhead,0.53,dollars_per_cwt
2008,annual,Florida,allocated_overhead,"Total, allocated overhead",7.220000000000001,dollars_per_cwt
2008,annual,Florida,total_costs,Total costs listed,24.15,dollars_per_cwt
2008,annual,Florida,net_value,Value of production less total costs listed,0.1800000000000032,dollars_per_cwt
2008,annual,Florida,net_value,Value of production less operating costs,7.400000000000002,dollars_per_cwt
2008,annual,Florida,supporting_information,Milk cows (head per farm),1054.0,head_per_farm
2008,annual,Florida,supporting_information,Output per cow (pounds),17609.0,pounds
2008,annual,Florida,supporting_information,Milking frequency more than twice per day (percent of farms),37.01,percent_of_farms
2008,annual,Florida,supporting_information,Milk cows injected with bST (head per farm),178.0,head_per_farm
2008,annual,Florida,supporting_information,Organic milk sold (percent of sales),0.0,percent_of_sales
2008,annual,Georgia,gross_value_of_production,Milk sold,22.08,dollars_per_cwt
2008,annual,Georgia,gross_value_of_production,Cattle,0.95,dollars_per_cwt
2008,annual,Georgia,gross_value_of_production,Other income 2/,1.13,dollars_per_cwt
2008,annual,Georgia,gross_value_of_production,"Total, gross value of production",24.16,dollars_per_cwt
2008,annual,Georgia,operating_costs,Purchased feed,7.65,dollars_per_cwt
2008,annual,Georgia,operating_costs,Homegrown harvested feed,3.05,dollars_per_cwt
2008,annual,Georgia,operating_costs,Grazed feed,0.23,dollars_per_cwt
2008,annual,Georgia,operating_costs,"Total, feed costs",10.93,dollars_per_cwt
2008,annual,Georgia,operating_costs,Veterinary and medicine,0.69,dollars_per_cwt
2008,annual,Georgia,operating_costs,Bedding and litter,0.04,dollars_per_cwt
2008,annual,Georgia,operating_costs,Marketing,0.75,dollars_per_cwt
2008,annual,Georgia,operating_costs,Custom services,0.88,dollars_per_cwt
2008,annual,Georgia,operating_costs,"Fuel, lube, and electricity",0.93,dollars_per_cwt
2008,annual,Georgia,operating_costs,Repairs,0.67,dollars_per_cwt
2008,annual,Georgia,operating_costs,Other operating costs 3/,0.0,dollars_per_cwt
2008,annual,Georgia,operating_costs,Interest on operating capital,0.13,dollars_per_cwt
2008,annual,Georgia,operating_costs,"Total, operating cost",15.02,dollars_per_cwt
2008,annual,Georgia,allocated_overhead,Hired labor,2.3,dollars_per_cwt
2008,annual,Georgia,allocated_overhead,Opportunity cost of unpaid labor,1.49,dollars_per_cwt
2008,annual,Georgia,allocated_overhead,Capital recovery of machinery and equipment 4/,3.54,dollars_per_cwt
2008,annual,Georgia,allocated_overhead,Opportunity cost of land (rental rate),0.07,dollars_per_cwt
2008,annual,Georgia,allocated_overhead,Taxes and insurance,0.19,dollars_per_cwt
2008,annual,Georgia,allocated_overhead,General farm overhead,0.36,dollars_per_cwt
2008,annual,Georgia,allocated_overhead,"Total, allocated overhead",7.950000000000001,dollars_per_cwt
2008,annual,Georgia,total_costs,Total costs listed,22.97,dollars_per_cwt
2008,annual,Georgia,net_value,Value of production less total costs listed,1.1899999999999975,dollars_per_cwt
2008,annual,Georgia,net_value,Value of production less operating costs,9.139999999999995,dollars_per_cwt
2008,annual,Georgia,supporting_information,Milk cows (head per farm),291.0,head_per_farm
2008,annual,Georgia,supporting_information,Output per cow (pounds),17516.0,pounds
2008,annual,Georgia,supporting_information,Milking frequency more than twice per day (percent of farms),9.45,percent_of_farms
2008,annual,Georgia,supporting_information,Milk cows injected with bST (head per farm),66.0,head_per_farm
2008,annual,Georgia,supporting_information,Organic milk sold (percent of sales),0.0,percent_of_sales
2008,annual,Idaho,gross_value_of_production,Milk sold,18.14,dollars_per_cwt
2008,annual,Idaho,gross_value_of_production,Cattle,1.22,dollars_per_cwt
2008,annual,Idaho,gross_value_of_production,Other income 2/,1.1,dollars_per_cwt
2008,annual,Idaho,gross_value_of_production,"Total, gross value of production",20.46,dollars_per_cwt
2008,annual,Idaho,operating_costs,Purchased feed,7.45,dollars_per_cwt
2008,annual,Idaho,operating_costs,Homegrown harvested feed,5.78,dollars_per_cwt
2008,annual,Idaho,operating_costs,Grazed feed,0.1,dollars_per_cwt
2008,annual,Idaho,operating_costs,"Total, feed costs",13.33,dollars_per_cwt
2008,annual,Idaho,operating_costs,Veterinary and medicine,0.72,dollars_per_cwt
2008,annual,Idaho,operating_costs,Bedding and litter,0.24,dollars_per_cwt
2008,annual,Idaho,operating_costs,Marketing,0.28,dollars_per_cwt
2008,annual,Idaho,operating_costs,Custom services,0.59,dollars_per_cwt
2008,annual,Idaho,operating_costs,"Fuel, lube, and electricity",0.87,dollars_per_cwt
2008,annual,Idaho,operating_costs,Repairs,0.75,dollars_per_cwt
2008,annual,Idaho,operating_costs,Other operating costs 3/,0.0,dollars_per_cwt
2008,annual,Idaho,operating_costs,Interest on operating capital,0.15,dollars_per_cwt
2008,annual,Idaho,operating_costs,"Total, operating cost",16.93,dollars_per_cwt
2008,annual,Idaho,allocated_overhead,Hired labor,1.76,dollars_per_cwt
2008,annual,Idaho,allocated_overhead,Opportunity cost of unpaid labor,4.17,dollars_per_cwt
2008,annual,Idaho,allocated_overhead,Capital recovery of machinery and equipment 4/,4.11,dollars_per_cwt
2008,annual,Idaho,allocated_overhead,Opportunity cost of land (rental rate),0.01,dollars_per_cwt
2008,annual,Idaho,allocated_overhead,Taxes and insurance,0.23,dollars_per_cwt
2008,annual,Idaho,allocated_overhead,General farm overhead,0.61,dollars_per_cwt
2008,annual,Idaho,allocated_overhead,"Total, allocated overhead",10.89,dollars_per_cwt
2008,annual,Idaho,total_costs,Total costs listed,27.82,dollars_per_cwt
2008,annual,Idaho,net_value,Value of production less total costs listed,-7.359999999999999,dollars_per_cwt
2008,annual,Idaho,net_value,Value of production less operating costs,3.530000000000001,dollars_per_cwt
2008,annual,Idaho,supporting_information,Milk cows (head per farm),136.0,head_per_farm
2008,annual,Idaho,supporting_information,Output per cow (pounds),18005.0,pounds
2008,annual,Idaho,supporting_information,Milking frequency more than twice per day (percent of farms),1.3,percent_of_farms
2008,annual,Idaho,supporting_information,Milk cows injected with bST (head per farm),10.0,head_per_farm
2008,annual,Idaho,supporting_information,Organic milk sold (percent of sales),1.08,percent_of_sales
2008,annual,Illinois,gross_value_of_production,Milk sold,19.9,dollars_per_cwt
2008,annual,Illinois,gross_value_of_production,Cattle,1.28,dollars_per_cwt
2008,annual,Illinois,gross_value_of_production,Other income 2/,1.93,dollars_per_cwt
2008,annual,Illinois,gross_value_of_production,"Total, gross value of production",23.11,dollars_per_cwt
2008,annual,Illinois,operating_costs,Purchased feed,6.4,dollars_per_cwt
2008,annual,Illinois,operating_costs,Homegrown harvested feed,4.89,dollars_per_cwt
2008,annual,Illinois,operating_costs,Grazed feed,0.05,dollars_per_cwt
2008,annual,Illinois,operating_costs,"Total, feed costs",11.34,dollars_per_cwt
2008,annual,Illinois,operating_costs,Veterinary and medicine,1.23,dollars_per_cwt
2008,annual,Illinois,operating_costs,Bedding and litter,0.34,dollars_per_cwt
2008,annual,Illinois,operating_costs,Marketing,0.32,dollars_per_cwt
2008,annual,Illinois,operating_costs,Custom services,0.47,dollars_per_cwt
2008,annual,Illinois,operating_costs,"Fuel, lube, and electricity",0.93,dollars_per_cwt
2008,annual,Illinois,operating_costs,Repairs,0.85,dollars_per_cwt
2008,annual,Illinois,operating_costs,Other operating costs 3/,0.0,dollars_per_cwt
2008,annual,Illinois,operating_costs,Interest on operating capital,0.14,dollars_per_cwt
2008,annual,Illinois,operating_costs,"Total, operating cost",15.62,dollars_per_cwt
2008,annual,Illinois,allocated_overhead,Hired labor,1.52,dollars_per_cwt
2008,annual,Illinois,allocated_overhead,Opportunity cost of unpaid labor,3.54,dollars_per_cwt
2008,annual,Illinois,allocated_overhead,Capital recovery of machinery and equipment 4/,4.57,dollars_per_cwt
2008,annual,Illinois,allocated_overhead,Opportunity cost of land (rental rate),0.03,dollars_per_cwt
2008,annual,Illinois,allocated_overhead,Taxes and insurance,0.21,dollars_per_cwt
2008,annual,Illinois,allocated_overhead,General farm overhead,0.53,dollars_per_cwt
2008,annual,Illinois,allocated_overhead,"Total, allocated overhead",10.4,dollars_per_cwt
2008,annual,Illinois,total_costs,Total costs listed,26.020000000000003,dollars_per_cwt
2008,annual,Illinois,net_value,Value of production less total costs listed,-2.910000000000004,dollars_per_cwt
2008,annual,Illinois,net_value,Value of production less operating costs,7.489999999999998,dollars_per_cwt
2008,annual,Illinois,supporting_information,Milk cows (head per farm),132.0,head_per_farm
2008,annual,Illinois,supporting_information,Output per cow (pounds),18513.0,pounds
2008,annual,Illinois,supporting_information,Milking frequency more than twice per day (percent of farms),2.38,percent_of_farms
2008,annual,Illinois,supporting_information,Milk cows injected with bST (head per farm),18.0,head_per_farm
2008,annual,Illinois,supporting_information,Organic milk sold (percent of sales),0.13,percent_of_sales
2008,annual,Indiana,gross_value_of_production,Milk sold,19.12,dollars_per_cwt
2008,annual,Indiana,gross_value_of_production,Cattle,1.3,dollars_per_cwt
2008,annual,Indiana,gross_value_of_production,Other income 2/,1.18,dollars_per_cwt
2008,annual,Indiana,gross_value_of_production,"Total, gross value of production",21.6,dollars_per_cwt
2008,annual,Indiana,operating_costs,Purchased feed,6.5,dollars_per_cwt
2008,annual,Indiana,operating_costs,Homegrown harvested feed,3.85,dollars_per_cwt
2008,annual,Indiana,operating_costs,Grazed feed,0.08,dollars_per_cwt
2008,annual,Indiana,operating_costs,"Total, feed costs",10.43,dollars_per_cwt
2008,annual,Indiana,operating_costs,Veterinary and medicine,1.06,dollars_per_cwt
2008,annual,Indiana,operating_costs,Bedding and litter,0.43,dollars_per_cwt
2008,annual,Indiana,operating_costs,Marketing,0.24,dollars_per_cwt
2008,annual,Indiana,operating_costs,Custom services,0.77,dollars_per_cwt
2008,annual,Indiana,operating_costs,"Fuel, lube, and electricity",0.95,dollars_per_cwt
2008,annual,Indiana,operating_costs,Repairs,0.77,dollars_per_cwt
2008,annual,Indiana,operating_costs,Other operating costs 3/,0.0,dollars_per_cwt
2008,annual,Indiana,operating_costs,Interest on operating capital,0.13,dollars_per_cwt
2008,annual,Indiana,operating_costs,"Total, operating cost",14.78,dollars_per_cwt
2008,annual,Indiana,allocated_overhead,Hired labor,1.5,dollars_per_cwt
2008,annual,Indiana,allocated_overhead,Opportunity cost of unpaid labor,2.55,dollars_per_cwt
2008,annual,Indiana,allocated_overhead,Capital recovery of machinery and equipment 4/,3.43,dollars_per_cwt
2008,annual,Indiana,allocated_overhead,Opportunity cost of land (rental rate),0.05,dollars_per_cwt
2008,annual,Indiana,allocated_overhead,Taxes and insurance,0.21,dollars_per_cwt
2008,annual,Indiana,allocated_overhead,General farm overhead,0.53,dollars_per_cwt
2008,annual,Indiana,allocated_overhead,"Total, allocated overhead",8.27,dollars_per_cwt
2008,annual,Indiana,total_costs,Total costs listed,23.05,dollars_per_cwt
2008,annual,Indiana,net_value,Value of production less total costs listed,-1.4499999999999955,dollars_per_cwt
2008,annual,Indiana,net_value,Value of production less operating costs,6.820000000000002,dollars_per_cwt
2008,annual,Indiana,supporting_information,Milk cows (head per farm),149.0,head_per_farm
2008,annual,Indiana,supporting_information,Output per cow (pounds),18040.0,pounds
2008,annual,Indiana,supporting_information,Milking frequency more than twice per day (percent of farms),5.56,percent_of_farms
2008,annual,Indiana,supporting_information,Milk cows injected with bST (head per farm),56.0,head_per_farm
2008,annual,Indiana,supporting_information,Organic milk sold (percent of sales),0.05,percent_of_sales
2008,annual,Iowa,gross_value_of_production,Milk sold,18.44,dollars_per_cwt
2008,annual,Iowa,gross_value_of_production,Cattle,1.2,dollars_per_cwt
2008,annual,Iowa,gross_value_of_production,Other income 2/,0.92,dollars_per_cwt
2008,annual,Iowa,gross_value_of_production,"Total, gross value of production",20.56,dollars_per_cwt
2008,annual,Iowa,operating_costs,Purchased feed,5.83,dollars_per_cwt
2008,annual,Iowa,operating_costs,Homegrown harvested feed,5.71,dollars_per_cwt
2008,annual,Iowa,operating_costs,Grazed feed,0.18,dollars_per_cwt
2008,annual,Iowa,operating_costs,"Total, feed costs",11.72,dollars_per_cwt
2008,annual,Iowa,operating_costs,Veterinary and medicine,1.09,dollars_per_cwt
2008,annual,Iowa,operating_costs,Bedding and litter,0.29,dollars_per_cwt
2008,annual,Iowa,operating_costs,Marketing,0.3,dollars_per_cwt
2008,annual,Iowa,operating_costs,Custom services,0.51,dollars_per_cwt
2008,annual,Iowa,operating_costs,"Fuel, lube, and electricity",0.72,dollars_per_cwt
2008,annual,Iowa,operating_costs,Repairs,0.82,dollars_per_cwt
2008,annual,Iowa,operating_costs,Other operating costs 3/,0.0,dollars_per_cwt
2008,annual,Iowa,operating_costs,Interest on operating capital,0.14,dollars_per_cwt
2008,annual,Iowa,operating_costs,"Total, operating cost",15.59,dollars_per_cwt
2008,annual,Iowa,allocated_overhead,Hired labor,1.32,dollars_per_cwt
2008,annual,Iowa,allocated_overhead,Opportunity cost of unpaid labor,2.89,dollars_per_cwt
2008,annual,Iowa,allocated_overhead,Capital recovery of machinery and equipment 4/,4.87,dollars_per_cwt
2008,annual,Iowa,allocated_overhead,Opportunity cost of land (rental rate),0.05,dollars_per_cwt
2008,annual,Iowa,allocated_overhead,Taxes and insurance,0.17,dollars_per_cwt
2008,annual,Iowa,allocated_overhead,General farm overhead,0.85,dollars_per_cwt
2008,annual,Iowa,allocated_overhead,"Total, allocated overhead",10.15,dollars_per_cwt
2008,annual,Iowa,total_costs,Total costs listed,25.74,dollars_per_cwt
2008,annual,Iowa,net_value,Value of production less total costs listed,-5.18,dollars_per_cwt
2008,annual,Iowa,net_value,Value of production less operating costs,4.970000000000002,dollars_per_cwt
2008,annual,Iowa,supporting_information,Milk cows (head per farm),114.0,head_per_farm
2008,annual,Iowa,supporting_information,Output per cow (pounds),19557.0,pounds
2008,annual,Iowa,supporting_information,Milking frequency more than twice per day (percent of farms),2.23,percent_of_farms
2008,annual,Iowa,supporting_information,Milk cows injected with bST (head per farm),27.0,head_per_farm
2008,annual,Iowa,supporting_information,Organic milk sold (percent of sales),0.9,percent_of_sales
2008,annual,Kentucky,gross_value_of_production,Milk sold,19.02,dollars_per_cwt
2008,annual,Kentucky,gross_value_of_production,Cattle,2.0,dollars_per_cwt
2008,annual,Kentucky,gross_value_of_production,Other income 2/,1.28,dollars_per_cwt
2008,annual,Kentucky,gross_value_of_production,"Total, gross value of production",22.3,dollars_per_cwt
2008,annual,Kentucky,operating_costs,Purchased feed,6.17,dollars_per_cwt
2008,annual,Kentucky,operating_costs,Homegrown harvested feed,7.3,dollars_per_cwt
2008,annual,Kentucky,operating_costs,Grazed feed,0.42,dollars_per_cwt
2008,annual,Kentucky,operating_costs,"Total, feed costs",13.89,dollars_per_cwt
2008,annual,Kentucky,operating_costs,Veterinary and medicine,0.54,dollars_per_cwt
2008,annual,Kentucky,operating_costs,Bedding and litter,0.21,dollars_per_cwt
2008,annual,Kentucky,operating_costs,Marketing,0.27,dollars_per_cwt
2008,annual,Kentucky,operating_costs,Custom services,0.4,dollars_per_cwt
2008,annual,Kentucky,operating_costs,"Fuel, lube, and electricity",0.82,dollars_per_cwt
2008,annual,Kentucky,operating_costs,Repairs,0.66,dollars_per_cwt
2008,annual,Kentucky,operating_costs,Other operating costs 3/,0.0,dollars_per_cwt
2008,annual,Kentucky,operating_costs,Interest on operating capital,0.15,dollars_per_cwt
2008,annual,Kentucky,operating_costs,"Total, operating cost",16.939999999999998,dollars_per_cwt
2008,annual,Kentucky,allocated_overhead,Hired labor,1.13,dollars_per_cwt
2008,annual,Kentucky,allocated_overhead,Opportunity cost of unpaid labor,5.94,dollars_per_cwt
2008,annual,Kentucky,allocated_overhead,Capital recovery of machinery and equipment 4/,7.5,dollars_per_cwt
2008,annual,Kentucky,allocated_overhead,Opportunity cost of land (rental rate),0.1,dollars_per_cwt
2008,annual,Kentucky,allocated_overhead,Taxes and insurance,0.2,dollars_per_cwt
2008,annual,Kentucky,allocated_overhead,General farm overhead,0.7,dollars_per_cwt
2008,annual,Kentucky,allocated_overhead,"Total, allocated overhead",15.57,dollars_per_cwt
2008,annual,Kentucky,total_costs,Total costs listed,32.51,dollars_per_cwt
2008,annual,Kentucky,net_value,Value of production less total costs listed,-10.209999999999996,dollars_per_cwt
2008,annual,Kentucky,net_value,Value of production less operating costs,5.360000000000003,dollars_per_cwt
2008,annual,Kentucky,supporting_information,Milk cows (head per farm),79.0,head_per_farm
2008,annual,Kentucky,supporting_information,Output per cow (pounds),13528.0,pounds
2008,annual,Kentucky,supporting_information,Milking frequency more than twice per day (percent of farms),0.76,percent_of_farms
2008,annual,Kentucky,supporting_information,Milk cows injected with bST (head per farm),3.0,head_per_farm
2008,annual,Kentucky,supporting_information,Organic milk sold (percent of sales),0.0,percent_of_sales
2008,annual,Maine,gross_value_of_production,Milk sold,21.73,dollars_per_cwt
2008,annual,Maine,gross_value_of_production,Cattle,0.83,dollars_per_cwt
2008,annual,Maine,gross_value_of_production,Other income 2/,1.28,dollars_per_cwt
2008,annual,Maine,gross_value_of_production,"Total, gross value of production",23.84,dollars_per_cwt
2008,annual,Maine,operating_costs,Purchased feed,8.39,dollars_per_cwt
2008,annual,Maine,operating_costs,Homegrown harvested feed,6.01,dollars_per_cwt
2008,annual,Maine,operating_costs,Grazed feed,0.17,dollars_per_cwt
2008,annual,Maine,operating_costs,"Total, feed costs",14.57,dollars_per_cwt
2008,annual,Maine,operating_costs,Veterinary and medicine,0.97,dollars_per_cwt
2008,annual,Maine,operating_costs,Bedding and litter,0.35,dollars_per_cwt
2008,annual,Maine,operating_costs,Marketing,0.31,dollars_per_cwt
2008,annual,Maine,operating_costs,Custom services,0.31,dollars_per_cwt
2008,annual,Maine,operating_costs,"Fuel, lube, and electricity",1.1,dollars_per_cwt
2008,annual,Maine,operating_costs,Repairs,0.89,dollars_per_cwt
2008,annual,Maine,operating_costs,Other operating costs 3/,0.01,dollars_per_cwt
2008,annual,Maine,operating_costs,Interest on operating capital,0.17,dollars_per_cwt
2008,annual,Maine,operating_costs,"Total, operating cost",18.680000000000003,dollars_per_cwt
2008,annual,Maine,allocated_overhead,Hired labor,3.19,dollars_per_cwt
2008,annual,Maine,allocated_overhead,Opportunity cost of unpaid labor,5.83,dollars_per_cwt
2008,annual,Maine,allocated_overhead,Capital recovery of machinery and equipment 4/,5.94,dollars_per_cwt
2008,annual,Maine,allocated_overhead,Opportunity cost of land (rental rate),0.06,dollars_per_cwt
2008,annual,Maine,allocated_overhead,Taxes and insurance,0.49,dollars_per_cwt
2008,annual,Maine,allocated_overhead,General farm overhead,1.19,dollars_per_cwt
2008,annual,Maine,allocated_overhead,"Total, allocated overhead",16.700000000000003,dollars_per_cwt
2008,annual,Maine,total_costs,Total costs listed,35.38000000000001,dollars_per_cwt
2008,annual,Maine,net_value,Value of production less total costs listed,-11.54000000000001,dollars_per_cwt
2008,annual,Maine,net_value,Value of production less operating costs,5.159999999999997,dollars_per_cwt
2008,annual,Maine,supporting_information,Milk cows (head per farm),98.0,head_per_farm
2008,annual,Maine,supporting_information,Output per cow (pounds),18547.0,pounds
2008,annual,Maine,supporting_information,Milking frequency more than twice per day (percent of farms),2.38,percent_of_farms
2008,annual,Maine,supporting_information,Milk cows injected with bST (head per farm),8.0,head_per_farm
2008,annual,Maine,supporting_information,Organic milk sold (percent of sales),7.49,percent_of_sales
2008,annual,Michigan,gross_value_of_production,Milk sold,19.54,dollars_per_cwt
2008,annual,Michigan,gross_value_of_production,Cattle,1.59,dollars_per_cwt
2008,annual,Michigan,gross_value_of_production,Other income 2/,1.13,dollars_per_cwt
2008,annual,Michigan,gross_value_of_production,"Total, gross value of production",22.26,dollars_per_cwt
2008,annual,Michigan,operating_costs,Purchased feed,6.69,dollars_per_cwt
2008,annual,Michigan,operating_costs,Homegrown harvested feed,6.06,dollars_per_cwt
2008,annual,Michigan,operating_costs,Grazed feed,0.03,dollars_per_cwt
2008,annual,Michigan,operating_costs,"Total, feed costs",12.78,dollars_per_cwt
2008,annual,Michigan,operating_costs,Veterinary and medicine,1.05,dollars_per_cwt
2008,annual,Michigan,operating_costs,Bedding and litter,0.23,dollars_per_cwt
2008,annual,Michigan,operating_costs,Marketing,0.23,dollars_per_cwt
2008,annual,Michigan,operating_costs,Custom services,0.48,dollars_per_cwt
2008,annual,Michigan,operating_costs,"Fuel, lube, and electricity",0.97,dollars_per_cwt
2008,annual,Michigan,operating_costs,Repairs,0.81,dollars_per_cwt
2008,annual,Michigan,operating_costs,Other operating costs 3/,0.0,dollars_per_cwt
2008,annual,Michigan,operating_costs,Interest on operating capital,0.15,dollars_per_cwt
2008,annual,Michigan,operating_costs,"Total, operating cost",16.7,dollars_per_cwt
2008,annual,Michigan,allocated_overhead,Hired labor,1.8,dollars_per_cwt
2008,annual,Michigan,allocated_overhead,Opportunity cost of unpaid labor,1.87,dollars_per_cwt
2008,annual,Michigan,allocated_overhead,Capital recovery of machinery and equipment 4/,3.6,dollars_per_cwt
2008,annual,Michigan,allocated_overhead,Opportunity cost of land (rental rate),0.02,dollars_per_cwt
2008,annual,Michigan,allocated_overhead,Taxes and insurance,0.23,dollars_per_cwt
2008,annual,Michigan,allocated_overhead,General farm overhead,0.85,dollars_per_cwt
2008,annual,Michigan,allocated_overhead,"Total, allocated overhead",8.37,dollars_per_cwt
2008,annual,Michigan,total_costs,Total costs listed,25.07,dollars_per_cwt
2008,annual,Michigan,net_value,Value of production less total costs listed,-2.8100000000000023,dollars_per_cwt
2008,annual,Michigan,net_value,Value of production less operating costs,5.559999999999999,dollars_per_cwt
2008,annual,Michigan,supporting_information,Milk cows (head per farm),155.0,head_per_farm
2008,annual,Michigan,supporting_information,Output per cow (pounds),20962.0,pounds
2008,annual,Michigan,supporting_information,Milking frequency more than twice per day (percent of farms),21.08,percent_of_farms
2008,annual,Michigan,supporting_information,Milk cows injected with bST (head per farm),56.0,head_per_farm
2008,annual,Michigan,supporting_information,Organic milk sold (percent of sales),0.15,percent_of_sales
2008,annual,Minnesota,gross_value_of_production,Milk sold,19.23,dollars_per_cwt
2008,annual,Minnesota,gross_value_of_production,Cattle,1.49,dollars_per_cwt
2008,annual,Minnesota,gross_value_of_production,Other income 2/,1.24,dollars_per_cwt
2008,annual,Minnesota,gross_value_of_production,"Total, gross value of production",21.96,dollars_per_cwt
2008,annual,Minnesota,operating_costs,Purchased feed,5.54,dollars_per_cwt
2008,annual,Minnesota,operating_costs,Homegrown harvested feed,7.59,dollars_per_cwt
2008,annual,Minnesota,operating_costs,Grazed feed,0.05,dollars_per_cwt
2008,annual,Minnesota,operating_costs,"Total, feed costs",13.18,dollars_per_cwt
2008,annual,Minnesota,operating_costs,Veterinary and medicine,1.23,dollars_per_cwt
2008,annual,Minnesota,operating_costs,Bedding and litter,0.31,dollars_per_cwt
2008,annual,Minnesota,operating_costs,Marketing,0.23,dollars_per_cwt
2008,annual,Minnesota,operating_costs,Custom services,0.33,dollars_per_cwt
2008,annual,Minnesota,operating_costs,"Fuel, lube, and electricity",1.05,dollars_per_cwt
2008,annual,Minnesota,operating_costs,Repairs,0.71,dollars_per_cwt
2008,annual,Minnesota,operating_costs,Other operating costs 3/,0.0,dollars_per_cwt
2008,annual,Minnesota,operating_costs,Interest on operating capital,0.15,dollars_per_cwt
2008,annual,Minnesota,operating_costs,"Total, operating cost",17.19,dollars_per_cwt
2008,annual,Minnesota,allocated_overhead,Hired labor,1.52,dollars_per_cwt
2008,annual,Minnesota,allocated_overhead,Opportunity cost of unpaid labor,3.47,dollars_per_cwt
2008,annual,Minnesota,allocated_overhead,Capital recovery of machinery and equipment 4/,4.48,dollars_per_cwt
2008,annual,Minnesota,allocated_overhead,Opportunity cost of land (rental rate),0.03,dollars_per_cwt
2008,annual,Minnesota,allocated_overhead,Taxes and insurance,0.25,dollars_per_cwt
2008,annual,Minnesota,allocated_overhead,General farm overhead,0.69,dollars_per_cwt
2008,annual,Minnesota,allocated_overhead,"Total, allocated overhead",10.44,dollars_per_cwt
2008,annual,Minnesota,total_costs,Total costs listed,27.630000000000003,dollars_per_cwt
2008,annual,Minnesota,net_value,Value of production less total costs listed,-5.670000000000005,dollars_per_cwt
2008,annual,Minnesota,net_value,Value of production less operating costs,4.769999999999996,dollars_per_cwt
2008,annual,Minnesota,supporting_information,Milk cows (head per farm),100.0,head_per_farm
2008,annual,Minnesota,supporting_information,Output per cow (pounds),19388.0,pounds
2008,annual,Minnesota,supporting_information,Milking frequency more than twice per day (percent of farms),5.17,percent_of_farms
2008,annual,Minnesota,supporting_information,Milk cows injected with bST (head per farm),20.0,head_per_farm
2008,annual,Minnesota,supporting_information,Organic milk sold (percent of sales),0.72,percent_of_sales
2008,annual,Missouri,gross_value_of_production,Milk sold,17.63,dollars_per_cwt
2008,annual,Missouri,gross_value_of_production,Cattle,3.69,dollars_per_cwt
2008,annual,Missouri,gross_value_of_production,Other income 2/,1.09,dollars_per_cwt
2008,annual,Missouri,gross_value_of_production,"Total, gross value of production",22.41,dollars_per_cwt
2008,annual,Missouri,operating_costs,Purchased feed,7.43,dollars_per_cwt
2008,annual,Missouri,operating_costs,Homegrown harvested feed,3.3,dollars_per_cwt
2008,annual,Missouri,operating_costs,Grazed feed,0.21,dollars_per_cwt
2008,annual,Missouri,operating_costs,"Total, feed costs",10.94,dollars_per_cwt
2008,annual,Missouri,operating_costs,Veterinary and medicine,0.86,dollars_per_cwt
2008,annual,Missouri,operating_costs,Bedding and litter,0.18,dollars_per_cwt
2008,annual,Missouri,operating_costs,Marketing,0.4,dollars_per_cwt
2008,annual,Missouri,operating_costs,Custom services,0.16,dollars_per_cwt
2008,annual,Missouri,operating_costs,"Fuel, lube, and electricity",0.85,dollars_per_cwt
2008,annual,Missouri,operating_costs,Repairs,0.78,dollars_per_cwt
2008,annual,Missouri,operating_costs,Other operating costs 3/,0.0,dollars_per_cwt
2008,annual,Missouri,operating_costs,Interest on operating capital,0.13,dollars_per_cwt
2008,annual,Missouri,operating_costs,"Total, operating cost",14.3,dollars_per_cwt
2008,annual,Missouri,allocated_overhead,Hired labor,1.53,dollars_per_cwt
2008,annual,Missouri,allocated_overhead,Opportunity cost of unpaid labor,4.01,dollars_per_cwt
2008,annual,Missouri,allocated_overhead,Capital recovery of machinery and equipment 4/,5.24,dollars_per_cwt
2008,annual,Missouri,allocated_overhead,Opportunity cost of land (rental rate),0.18,dollars_per_cwt
2008,annual,Missouri,allocated_overhead,Taxes and insurance,0.43,dollars_per_cwt
2008,annual,Missouri,allocated_overhead,General farm overhead,0.36,dollars_per_cwt
2008,annual,Missouri,allocated_overhead,"Total, allocated overhead",11.75,dollars_per_cwt
2008,annual,Missouri,total_costs,Total costs listed,26.05,dollars_per_cwt
2008,annual,Missouri,net_value,Value of production less total costs listed,-3.640000000000001,dollars_per_cwt
2008,annual,Missouri,net_value,Value of production less operating costs,8.11,dollars_per_cwt
2008,annual,Missouri,supporting_information,Milk cows (head per farm),133.0,head_per_farm
2008,annual,Missouri,supporting_information,Output per cow (pounds),15840.0,pounds
2008,annual,Missouri,supporting_information,Milking frequency more than twice per day (percent of farms),0.34,percent_of_farms
2008,annual,Missouri,supporting_information,Milk cows injected with bST (head per farm),18.0,head_per_farm
2008,annual,Missouri,supporting_information,Organic milk sold (percent of sales),0.0,percent_of_sales
2008,annual,Mexico,gross_value_of_production,Milk sold,16.89,dollars_per_cwt
2008,annual,Mexico,gross_value_of_production,Cattle,2.29,dollars_per_cwt
2008,annual,Mexico,gross_value_of_production,Other income 2/,1.1,dollars_per_cwt
2008,annual,Mexico,gross_value_of_production,"Total, gross value of production",20.28,dollars_per_cwt
2008,annual,Mexico,operating_costs,Purchased feed,7.19,dollars_per_cwt
2008,annual,Mexico,operating_costs,Homegrown harvested feed,1.31,dollars_per_cwt
2008,annual,Mexico,operating_costs,Grazed feed,0.02,dollars_per_cwt
2008,annual,Mexico,operating_costs,"Total, feed costs",8.52,dollars_per_cwt
2008,annual,Mexico,operating_costs,Veterinary and medicine,0.56,dollars_per_cwt
2008,annual,Mexico,operating_costs,Bedding and litter,0.0,dollars_per_cwt
2008,annual,Mexico,operating_costs,Marketing,0.4,dollars_per_cwt
2008,annual,Mexico,operating_costs,Custom services,0.46,dollars_per_cwt
2008,annual,Mexico,operating_costs,"Fuel, lube, and electricity",0.46,dollars_per_cwt
2008,annual,Mexico,operating_costs,Repairs,0.3,dollars_per_cwt
2008,annual,Mexico,operating_costs,Other operating costs 3/,0.0,dollars_per_cwt
2008,annual,Mexico,operating_costs,Interest on operating capital,0.1,dollars_per_cwt
2008,annual,Mexico,operating_costs,"Total, operating cost",10.800000000000002,dollars_per_cwt
2008,annual,Mexico,allocated_overhead,Hired labor,1.68,dollars_per_cwt
2008,annual,Mexico,allocated_overhead,Opportunity cost of unpaid labor,0.16,dollars_per_cwt
2008,annual,Mexico,allocated_overhead,Capital recovery of machinery and equipment 4/,1.31,dollars_per_cwt
2008,annual,Mexico,allocated_overhead,Opportunity cost of land (rental rate),0.0,dollars_per_cwt
2008,annual,Mexico,allocated_overhead,Taxes and insurance,0.1,dollars_per_cwt
2008,annual,Mexico,allocated_overhead,General farm overhead,0.19,dollars_per_cwt
2008,annual,Mexico,allocated_overhead,"Total, allocated overhead",3.44,dollars_per_cwt
2008,annual,Mexico,total_costs,Total costs listed,14.240000000000002,dollars_per_cwt
2008,annual,Mexico,net_value,Value of production less total costs listed,6.039999999999999,dollars_per_cwt
2008,annual,Mexico,net_value,Value of production less operating costs,9.48,dollars_per_cwt
2008,annual,Mexico,supporting_information,Milk cows (head per farm),2348.0,head_per_farm
2008,annual,Mexico,supporting_information,Output per cow (pounds),16926.0,pounds
2008,annual,Mexico,supporting_information,Milking frequency more than twice per day (percent of farms),64.03,percent_of_farms
2008,annual,Mexico,supporting_information,Milk cows injected with bST (head per farm),285.0,head_per_farm
2008,annual,Mexico,supporting_information,Organic milk sold (percent of sales),0.0,percent_of_sales
2008,annual,York,gross_value_of_production,Milk sold,18.63,dollars_per_cwt
2008,annual,York,gross_value_of_production,Cattle,1.07,dollars_per_cwt
2008,annual,York,gross_value_of_production,Other income 2/,1.3,dollars_per_cwt
2008,annual,York,gross_value_of_production,"Total, gross value of production",21.0,dollars_per_cwt
2008,annual,York,operating_costs,Purchased feed,6.22,dollars_per_cwt
2008,annual,York,operating_costs,Homegrown harvested feed,5.91,dollars_per_cwt
2008,annual,York,operating_costs,Grazed feed,0.1,dollars_per_cwt
2008,annual,York,operating_costs,"Total, feed costs",12.23,dollars_per_cwt
2008,annual,York,operating_costs,Veterinary and medicine,0.9,dollars_per_cwt
2008,annual,York,operating_costs,Bedding and litter,0.49,dollars_per_cwt
2008,annual,York,operating_costs,Marketing,0.25,dollars_per_cwt
2008,annual,York,operating_costs,Custom services,0.55,dollars_per_cwt
2008,annual,York,operating_costs,"Fuel, lube, and electricity",1.17,dollars_per_cwt
2008,annual,York,operating_costs,Repairs,0.88,dollars_per_cwt
2008,annual,York,operating_costs,Other operating costs 3/,0.0,dollars_per_cwt
2008,annual,York,operating_costs,Interest on operating capital,0.15,dollars_per_cwt
2008,annual,York,operating_costs,"Total, operating cost",16.619999999999997,dollars_per_cwt
2008,annual,York,allocated_overhead,Hired labor,2.16,dollars_per_cwt
2008,annual,York,allocated_overhead,Opportunity cost of unpaid labor,3.46,dollars_per_cwt
2008,annual,York,allocated_overhead,Capital recovery of machinery and equipment 4/,4.19,dollars_per_cwt
2008,annual,York,allocated_overhead,Opportunity cost of land (rental rate),0.02,dollars_per_cwt
2008,annual,York,allocated_overhead,Taxes and insurance,0.29,dollars_per_cwt
2008,annual,York,allocated_overhead,General farm overhead,0.81,dollars_per_cwt
2008,annual,York,allocated_overhead,"Total, allocated overhead",10.93,dollars_per_cwt
2008,annual,York,total_costs,Total costs listed,27.55,dollars_per_cwt
2008,annual,York,net_value,Value of production less total costs listed,-6.549999999999997,dollars_per_cwt
2008,annual,York,net_value,Value of production less operating costs,4.380000000000003,dollars_per_cwt
2008,annual,York,supporting_information,Milk cows (head per farm),126.0,head_per_farm
2008,annual,York,supporting_information,Output per cow (pounds),19128.0,pounds
2008,annual,York,supporting_information,Milking frequency more than twice per day (percent of farms),5.92,percent_of_farms
2008,annual,York,supporting_information,Milk cows injected with bST (head per farm),23.0,head_per_farm
2008,annual,York,supporting_information,Organic milk sold (percent of sales),0.4,percent_of_sales
2008,annual,Ohio,gross_value_of_production,Milk sold,19.4,dollars_per_cwt
2008,annual,Ohio,gross_value_of_production,Cattle,1.42,dollars_per_cwt
2008,annual,Ohio,gross_value_of_production,Other income 2/,1.05,dollars_per_cwt
2008,annual,Ohio,gross_value_of_production,"Total, gross value of production",21.87,dollars_per_cwt
2008,annual,Ohio,operating_costs,Purchased feed,6.21,dollars_per_cwt
2008,annual,Ohio,operating_costs,Homegrown harvested feed,4.41,dollars_per_cwt
2008,annual,Ohio,operating_costs,Grazed feed,0.08,dollars_per_cwt
2008,annual,Ohio,operating_costs,"Total, feed costs",10.7,dollars_per_cwt
2008,annual,Ohio,operating_costs,Veterinary and medicine,1.1,dollars_per_cwt
2008,annual,Ohio,operating_costs,Bedding and litter,0.37,dollars_per_cwt
2008,annual,Ohio,operating_costs,Marketing,0.29,dollars_per_cwt
2008,annual,Ohio,operating_costs,Custom services,0.52,dollars_per_cwt
2008,annual,Ohio,operating_costs,"Fuel, lube, and electricity",0.9,dollars_per_cwt
2008,annual,Ohio,operating_costs,Repairs,0.8,dollars_per_cwt
2008,annual,Ohio,operating_costs,Other operating costs 3/,0.0,dollars_per_cwt
2008,annual,Ohio,operating_costs,Interest on operating capital,0.13,dollars_per_cwt
2008,annual,Ohio,operating_costs,"Total, operating cost",14.81,dollars_per_cwt
2008,annual,Ohio,allocated_overhead,Hired labor,1.52,dollars_per_cwt
2008,annual,Ohio,allocated_overhead,Opportunity cost of unpaid labor,3.47,dollars_per_cwt
2008,annual,Ohio,allocated_overhead,Capital recovery of machinery and equipment 4/,4.32,dollars_per_cwt
2008,annual,Ohio,allocated_overhead,Opportunity cost of land (rental rate),0.07,dollars_per_cwt
2008,annual,Ohio,allocated_overhead,Taxes and insurance,0.24,dollars_per_cwt
2008,annual,Ohio,allocated_overhead,General farm overhead,0.73,dollars_per_cwt
2008,annual,Ohio,allocated_overhead,"Total, allocated overhead",10.35,dollars_per_cwt
2008,annual,Ohio,total_costs,Total costs listed,25.160000000000004,dollars_per_cwt
2008,annual,Ohio,net_value,Value of production less total costs listed,-3.2900000000000027,dollars_per_cwt
2008,annual,Ohio,net_value,Value of production less operating costs,7.0600000000000005,dollars_per_cwt
2008,annual,Ohio,supporting_information,Milk cows (head per farm),96.0,head_per_farm
2008,annual,Ohio,supporting_information,Output per cow (pounds),17979.0,pounds
2008,annual,Ohio,supporting_information,Milking frequency more than twice per day (percent of farms),2.7,percent_of_farms
2008,annual,Ohio,supporting_information,Milk cows injected with bST (head per farm),21.0,head_per_farm
2008,annual,Ohio,supporting_information,Organic milk sold (percent of sales),0.43,percent_of_sales
2008,annual,Oregon,gross_value_of_production,Milk sold,18.19,dollars_per_cwt
2008,annual,Oregon,gross_value_of_production,Cattle,1.03,dollars_per_cwt
2008,annual,Oregon,gross_value_of_production,Other income 2/,1.63,dollars_per_cwt
2008,annual,Oregon,gross_value_of_production,"Total, gross value of production",20.85,dollars_per_cwt
2008,annual,Oregon,operating_costs,Purchased feed,12.3,dollars_per_cwt
2008,annual,Oregon,operating_costs,Homegrown harvested feed,3.33,dollars_per_cwt
2008,annual,Oregon,operating_costs,Grazed feed,0.23,dollars_per_cwt
2008,annual,Oregon,operating_costs,"Total, feed costs",15.86,dollars_per_cwt
2008,annual,Oregon,operating_costs,Veterinary and medicine,0.74,dollars_per_cwt
2008,annual,Oregon,operating_costs,Bedding and litter,0.17,dollars_per_cwt
2008,annual,Oregon,operating_costs,Marketing,0.24,dollars_per_cwt
2008,annual,Oregon,operating_costs,Custom services,0.42,dollars_per_cwt
2008,annual,Oregon,operating_costs,"Fuel, lube, and electricity",0.91,dollars_per_cwt
2008,annual,Oregon,operating_costs,Repairs,0.85,dollars_per_cwt
2008,annual,Oregon,operating_costs,Other operating costs 3/,0.0,dollars_per_cwt
2008,annual,Oregon,operating_costs,Interest on operating capital,0.17,dollars_per_cwt
2008,annual,Oregon,operating_costs,"Total, operating cost",19.360000000000007,dollars_per_cwt
2008,annual,Oregon,allocated_overhead,Hired labor,2.17,dollars_per_cwt
2008,annual,Oregon,allocated_overhead,Opportunity cost of unpaid labor,1.73,dollars_per_cwt
2008,annual,Oregon,allocated_overhead,Capital recovery of machinery and equipment 4/,2.73,dollars_per_cwt
2008,annual,Oregon,allocated_overhead,Opportunity cost of land (rental rate),0.02,dollars_per_cwt
2008,annual,Oregon,allocated_overhead,Taxes and insurance,0.2,dollars_per_cwt
2008,annual,Oregon,allocated_overhead,General farm overhead,0.57,dollars_per_cwt
2008,annual,Oregon,allocated_overhead,"Total, allocated overhead",7.42,dollars_per_cwt
2008,annual,Oregon,total_costs,Total costs listed,26.78000000000001,dollars_per_cwt
2008,annual,Oregon,net_value,Value of production less total costs listed,-5.930000000000007,dollars_per_cwt
2008,annual,Oregon,net_value,Value of production less operating costs,1.4899999999999949,dollars_per_cwt
2008,annual,Oregon,supporting_information,Milk cows (head per farm),315.0,head_per_farm
2008,annual,Oregon,supporting_information,Output per cow (pounds),18317.0,pounds
2008,annual,Oregon,supporting_information,Milking frequency more than twice per day (percent of farms),6.83,percent_of_farms
2008,annual,Oregon,supporting_information,Milk cows injected with bST (head per farm),8.0,head_per_farm
2008,annual,Oregon,supporting_information,Organic milk sold (percent of sales),5.36,percent_of_sales
2008,annual,Pennsylvania,gross_value_of_production,Milk sold,19.16,dollars_per_cwt
2008,annual,Pennsylvania,gross_value_of_production,Cattle,1.2,dollars_per_cwt
2008,annual,Pennsylvania,gross_value_of_production,Other income 2/,1.13,dollars_per_cwt
2008,annual,Pennsylvania,gross_value_of_production,"Total, gross value of production",21.49,dollars_per_cwt
2008,annual,Pennsylvania,operating_costs,Purchased feed,6.49,dollars_per_cwt
2008,annual,Pennsylvania,operating_costs,Homegrown harvested feed,6.44,dollars_per_cwt
2008,annual,Pennsylvania,operating_costs,Grazed feed,0.15,dollars_per_cwt
2008,annual,Pennsylvania,operating_costs,"Total, feed costs",13.08,dollars_per_cwt
2008,annual,Pennsylvania,operating_costs,Veterinary and medicine,1.13,dollars_per_cwt
2008,annual,Pennsylvania,operating_costs,Bedding and litter,0.59,dollars_per_cwt
2008,annual,Pennsylvania,operating_costs,Marketing,0.33,dollars_per_cwt
2008,annual,Pennsylvania,operating_costs,Custom services,0.61,dollars_per_cwt
2008,annual,Pennsylvania,operating_costs,"Fuel, lube, and electricity",1.17,dollars_per_cwt
2008,annual,Pennsylvania,operating_costs,Repairs,0.9,dollars_per_cwt
2008,annual,Pennsylvania,operating_costs,Other operating costs 3/,0.0,dollars_per_cwt
2008,annual,Pennsylvania,operating_costs,Interest on operating capital,0.16,dollars_per_cwt
2008,annual,Pennsylvania,operating_costs,"Total, operating cost",17.97,dollars_per_cwt
2008,annual,Pennsylvania,allocated_overhead,Hired labor,0.99,dollars_per_cwt
2008,annual,Pennsylvania,allocated_overhead,Opportunity cost of unpaid labor,4.2,dollars_per_cwt
2008,annual,Pennsylvania,allocated_overhead,Capital recovery of machinery and equipment 4/,3.72,dollars_per_cwt
2008,annual,Pennsylvania,allocated_overhead,Opportunity cost of land (rental rate),0.06,dollars_per_cwt
2008,annual,Pennsylvania,allocated_overhead,Taxes and insurance,0.29,dollars_per_cwt
2008,annual,Pennsylvania,allocated_overhead,General farm overhead,0.69,dollars_per_cwt
2008,annual,Pennsylvania,allocated_overhead,"Total, allocated overhead",9.95,dollars_per_cwt
2008,annual,Pennsylvania,total_costs,Total costs listed,27.92,dollars_per_cwt
2008,annual,Pennsylvania,net_value,Value of production less total costs listed,-6.43,dollars_per_cwt
2008,annual,Pennsylvania,net_value,Value of production less operating costs,3.52,dollars_per_cwt
2008,annual,Pennsylvania,supporting_information,Milk cows (head per farm),88.0,head_per_farm
2008,annual,Pennsylvania,supporting_information,Output per cow (pounds),19133.0,pounds
2008,annual,Pennsylvania,supporting_information,Milking frequency more than twice per day (percent of farms),13.02,percent_of_farms
2008,annual,Pennsylvania,supporting_information,Milk cows injected with bST (head per farm),20.0,head_per_farm
2008,annual,Pennsylvania,supporting_information,Organic milk sold (percent of sales),0.59,percent_of_sales
2008,annual,Tennessee,gross_value_of_production,Milk sold,20.25,dollars_per_cwt
2008,annual,Tennessee,gross_value_of_production,Cattle,1.33,dollars_per_cwt
2008,annual,Tennessee,gross_value_of_production,Other income 2/,1.52,dollars_per_cwt
2008,annual,Tennessee,gross_value_of_production,"Total, gross value of production",23.1,dollars_per_cwt
2008,annual,Tennessee,operating_costs,Purchased feed,8.56,dollars_per_cwt
2008,annual,Tennessee,operating_costs,Homegrown harvested feed,8.34,dollars_per_cwt
2008,annual,Tennessee,operating_costs,Grazed feed,0.32,dollars_per_cwt
2008,annual,Tennessee,operating_costs,"Total, feed costs",17.22,dollars_per_cwt
2008,annual,Tennessee,operating_costs,Veterinary and medicine,0.8,dollars_per_cwt
2008,annual,Tennessee,operating_costs,Bedding and litter,0.1,dollars_per_cwt
2008,annual,Tennessee,operating_costs,Marketing,0.28,dollars_per_cwt
2008,annual,Tennessee,operating_costs,Custom services,0.64,dollars_per_cwt
2008,annual,Tennessee,operating_costs,"Fuel, lube, and electricity",1.37,dollars_per_cwt
2008,annual,Tennessee,operating_costs,Repairs,0.9,dollars_per_cwt
2008,annual,Tennessee,operating_costs,Other operating costs 3/,0.0,dollars_per_cwt
2008,annual,Tennessee,operating_costs,Interest on operating capital,0.19,dollars_per_cwt
2008,annual,Tennessee,operating_costs,"Total, operating cost",21.500000000000004,dollars_per_cwt
2008,annual,Tennessee,allocated_overhead,Hired labor,2.33,dollars_per_cwt
2008,annual,Tennessee,allocated_overhead,Opportunity cost of unpaid labor,4.62,dollars_per_cwt
2008,annual,Tennessee,allocated_overhead,Capital recovery of machinery and equipment 4/,6.73,dollars_per_cwt
2008,annual,Tennessee,allocated_overhead,Opportunity cost of land (rental rate),0.09,dollars_per_cwt
2008,annual,Tennessee,allocated_overhead,Taxes and insurance,0.26,dollars_per_cwt
2008,annual,Tennessee,allocated_overhead,General farm overhead,0.65,dollars_per_cwt
2008,annual,Tennessee,allocated_overhead,"Total, allocated overhead",14.68,dollars_per_cwt
2008,annual,Tennessee,total_costs,Total costs listed,36.18000000000001,dollars_per_cwt
2008,annual,Tennessee,net_value,Value of production less total costs listed,-13.080000000000007,dollars_per_cwt
2008,annual,Tennessee,net_value,Value of production less operating costs,1.5999999999999943,dollars_per_cwt
2008,annual,Tennessee,supporting_information,Milk cows (head per farm),116.0,head_per_farm
2008,annual,Tennessee,supporting_information,Output per cow (pounds),14630.0,pounds
2008,annual,Tennessee,supporting_information,Milking frequency more than twice per day (percent of farms),1.67,percent_of_farms
2008,annual,Tennessee,supporting_information,Milk cows injected with bST (head per farm),5.0,head_per_farm
2008,annual,Tennessee,supporting_information,Organic milk sold (percent of sales),0.0,percent_of_sales
2008,annual,Texas,gross_value_of_production,Milk sold,18.38,dollars_per_cwt
2008,annual,Texas,gross_value_of_production,Cattle,1.17,dollars_per_cwt
2008,annual,Texas,gross_value_of_production,Other income 2/,1.1,dollars_per_cwt
2008,annual,Texas,gross_value_of_production,"Total, gross value of production",20.65,dollars_per_cwt
2008,annual,Texas,operating_costs,Purchased feed,10.94,dollars_per_cwt
2008,annual,Texas,operating_costs,Homegrown harvested feed,1.16,dollars_per_cwt
2008,annual,Texas,operating_costs,Grazed feed,0.11,dollars_per_cwt
2008,annual,Texas,operating_costs,"Total, feed costs",12.21,dollars_per_cwt
2008,annual,Texas,operating_costs,Veterinary and medicine,0.65,dollars_per_cwt
2008,annual,Texas,operating_costs,Bedding and litter,0.15,dollars_per_cwt
2008,annual,Texas,operating_costs,Marketing,0.29,dollars_per_cwt
2008,annual,Texas,operating_costs,Custom services,0.49,dollars_per_cwt
2008,annual,Texas,operating_costs,"Fuel, lube, and electricity",0.94,dollars_per_cwt
2008,annual,Texas,operating_costs,Repairs,0.49,dollars_per_cwt
2008,annual,Texas,operating_costs,Other operating costs 3/,0.0,dollars_per_cwt
2008,annual,Texas,operating_costs,Interest on operating capital,0.14,dollars_per_cwt
2008,annual,Texas,operating_costs,"Total, operating cost",15.36,dollars_per_cwt
2008,annual,Texas,allocated_overhead,Hired labor,1.4,dollars_per_cwt
2008,annual,Texas,allocated_overhead,Opportunity cost of unpaid labor,1.07,dollars_per_cwt
2008,annual,Texas,allocated_overhead,Capital recovery of machinery and equipment 4/,3.04,dollars_per_cwt
2008,annual,Texas,allocated_overhead,Opportunity cost of land (rental rate),0.01,dollars_per_cwt
2008,annual,Texas,allocated_overhead,Taxes and insurance,0.15,dollars_per_cwt
2008,annual,Texas,allocated_overhead,General farm overhead,0.36,dollars_per_cwt
2008,annual,Texas,allocated_overhead,"Total, allocated overhead",6.03,dollars_per_cwt
2008,annual,Texas,total_costs,Total costs listed,21.39,dollars_per_cwt
2008,annual,Texas,net_value,Value of production less total costs listed,-0.740000000000002,dollars_per_cwt
2008,annual,Texas,net_value,Value of production less operating costs,5.289999999999999,dollars_per_cwt
2008,annual,Texas,supporting_information,Milk cows (head per farm),468.0,head_per_farm
2008,annual,Texas,supporting_information,Output per cow (pounds),17082.0,pounds
2008,annual,Texas,supporting_information,Milking frequency more than twice per day (percent of farms),17.57,percent_of_farms
2008,annual,Texas,supporting_information,Milk cows injected with bST (head per farm),55.0,head_per_farm
2008,annual,Texas,supporting_information,Organic milk sold (percent of sales),0.08,percent_of_sales
2008,annual,Vermont,gross_value_of_production,Milk sold,19.78,dollars_per_cwt
2008,annual,Vermont,gross_value_of_production,Cattle,1.01,dollars_per_cwt
2008,annual,Vermont,gross_value_of_production,Other income 2/,1.62,dollars_per_cwt
2008,annual,Vermont,gross_value_of_production,"Total, gross value of production",22.410000000000004,dollars_per_cwt
2008,annual,Vermont,operating_costs,Purchased feed,6.77,dollars_per_cwt
2008,annual,Vermont,operating_costs,Homegrown harvested feed,4.91,dollars_per_cwt
2008,annual,Vermont,operating_costs,Grazed feed,0.18,dollars_per_cwt
2008,annual,Vermont,operating_costs,"Total, feed costs",11.86,dollars_per_cwt
2008,annual,Vermont,operating_costs,Veterinary and medicine,0.84,dollars_per_cwt
2008,annual,Vermont,operating_costs,Bedding and litter,0.4,dollars_per_cwt
2008,annual,Vermont,operating_costs,Marketing,0.27,dollars_per_cwt
2008,annual,Vermont,operating_costs,Custom services,0.45,dollars_per_cwt
2008,annual,Vermont,operating_costs,"Fuel, lube, and electricity",1.04,dollars_per_cwt
2008,annual,Vermont,operating_costs,Repairs,0.6,dollars_per_cwt
2008,annual,Vermont,operating_costs,Other operating costs 3/,0.0,dollars_per_cwt
2008,annual,Vermont,operating_costs,Interest on operating capital,0.14,dollars_per_cwt
2008,annual,Vermont,operating_costs,"Total, operating cost",15.6,dollars_per_cwt
2008,annual,Vermont,allocated_overhead,Hired labor,1.9,dollars_per_cwt
2008,annual,Vermont,allocated_overhead,Opportunity cost of unpaid labor,3.11,dollars_per_cwt
2008,annual,Vermont,allocated_overhead,Capital recovery of machinery and equipment 4/,3.77,dollars_per_cwt
2008,annual,Vermont,allocated_overhead,Opportunity cost of land (rental rate),0.06,dollars_per_cwt
2008,annual,Vermont,allocated_overhead,Taxes and insurance,0.36,dollars_per_cwt
2008,annual,Vermont,allocated_overhead,General farm overhead,1.11,dollars_per_cwt
2008,annual,Vermont,allocated_overhead,"Total, allocated overhead",10.31,dollars_per_cwt
2008,annual,Vermont,total_costs,Total costs listed,25.91,dollars_per_cwt
2008,annual,Vermont,net_value,Value of production less total costs listed,-3.499999999999993,dollars_per_cwt
2008,annual,Vermont,net_value,Value of production less operating costs,6.810000000000004,dollars_per_cwt
2008,annual,Vermont,supporting_information,Milk cows (head per farm),133.0,head_per_farm
2008,annual,Vermont,supporting_information,Output per cow (pounds),18117.0,pounds
2008,annual,Vermont,supporting_information,Milking frequency more than twice per day (percent of farms),7.42,percent_of_farms
2008,annual,Vermont,supporting_information,Milk cows injected with bST (head per farm),11.0,head_per_farm
2008,annual,Vermont,supporting_information,Organic milk sold (percent of sales),2.44,percent_of_sales
2008,annual,Virginia,gross_value_of_production,Milk sold,21.5,dollars_per_cwt
2008,annual,Virginia,gross_value_of_production,Cattle,1.58,dollars_per_cwt
2008,annual,Virginia,gross_value_of_production,Other income 2/,1.43,dollars_per_cwt
2008,annual,Virginia,gross_value_of_production,"Total, gross value of production",24.51,dollars_per_cwt
2008,annual,Virginia,operating_costs,Purchased feed,7.43,dollars_per_cwt
2008,annual,Virginia,operating_costs,Homegrown harvested feed,7.52,dollars_per_cwt
2008,annual,Virginia,operating_costs,Grazed feed,0.13,dollars_per_cwt
2008,annual,Virginia,operating_costs,"Total, feed costs",15.08,dollars_per_cwt
2008,annual,Virginia,operating_costs,Veterinary and medicine,1.3,dollars_per_cwt
2008,annual,Virginia,operating_costs,Bedding and litter,0.23,dollars_per_cwt
2008,annual,Virginia,operating_costs,Marketing,0.35,dollars_per_cwt
2008,annual,Virginia,operating_costs,Custom services,0.59,dollars_per_cwt
2008,annual,Virginia,operating_costs,"Fuel, lube, and electricity",1.03,dollars_per_cwt
2008,annual,Virginia,operating_costs,Repairs,1.0,dollars_per_cwt
2008,annual,Virginia,operating_costs,Other operating costs 3/,0.0,dollars_per_cwt
2008,annual,Virginia,operating_costs,Interest on operating capital,0.18,dollars_per_cwt
2008,annual,Virginia,operating_costs,"Total, operating cost",19.76,dollars_per_cwt
2008,annual,Virginia,allocated_overhead,Hired labor,2.02,dollars_per_cwt
2008,annual,Virginia,allocated_overhead,Opportunity cost of unpaid labor,3.29,dollars_per_cwt
2008,annual,Virginia,allocated_overhead,Capital recovery of machinery and equipment 4/,4.62,dollars_per_cwt
2008,annual,Virginia,allocated_overhead,Opportunity cost of land (rental rate),0.04,dollars_per_cwt
2008,annual,Virginia,allocated_overhead,Taxes and insurance,0.33,dollars_per_cwt
2008,annual,Virginia,allocated_overhead,General farm overhead,0.98,dollars_per_cwt
2008,annual,Virginia,allocated_overhead,"Total, allocated overhead",11.28,dollars_per_cwt
2008,annual,Virginia,total_costs,Total costs listed,31.04,dollars_per_cwt
2008,annual,Virginia,net_value,Value of production less total costs listed,-6.530000000000001,dollars_per_cwt
2008,annual,Virginia,net_value,Value of production less operating costs,4.7499999999999964,dollars_per_cwt
2008,annual,Virginia,supporting_information,Milk cows (head per farm),133.0,head_per_farm
2008,annual,Virginia,supporting_information,Output per cow (pounds),18983.0,pounds
2008,annual,Virginia,supporting_information,Milking frequency more than twice per day (percent of farms),6.98,percent_of_farms
2008,annual,Virginia,supporting_information,Milk cows injected with bST (head per farm),24.0,head_per_farm
2008,annual,Virginia,supporting_information,Organic milk sold (percent of sales),0.0,percent_of_sales
2008,annual,Washington,gross_value_of_production,Milk sold,17.79,dollars_per_cwt
2008,annual,Washington,gross_value_of_production,Cattle,0.7,dollars_per_cwt
2008,annual,Washington,gross_value_of_production,Other income 2/,0.88,dollars_per_cwt
2008,annual,Washington,gross_value_of_production,"Total, gross value of production",19.37,dollars_per_cwt
2008,annual,Washington,operating_costs,Purchased feed,10.49,dollars_per_cwt
2008,annual,Washington,operating_costs,Homegrown harvested feed,2.62,dollars_per_cwt
2008,annual,Washington,operating_costs,Grazed feed,0.04,dollars_per_cwt
2008,annual,Washington,operating_costs,"Total, feed costs",13.15,dollars_per_cwt
2008,annual,Washington,operating_costs,Veterinary and medicine,0.8,dollars_per_cwt
2008,annual,Washington,operating_costs,Bedding and litter,0.21,dollars_per_cwt
2008,annual,Washington,operating_costs,Marketing,0.3,dollars_per_cwt
2008,annual,Washington,operating_costs,Custom services,0.39,dollars_per_cwt
2008,annual,Washington,operating_costs,"Fuel, lube, and electricity",0.52,dollars_per_cwt
2008,annual,Washington,operating_costs,Repairs,0.54,dollars_per_cwt
2008,annual,Washington,operating_costs,Other operating costs 3/,0.0,dollars_per_cwt
2008,annual,Washington,operating_costs,Interest on operating capital,0.14,dollars_per_cwt
2008,annual,Washington,operating_costs,"Total, operating cost",16.05,dollars_per_cwt
2008,annual,Washington,allocated_overhead,Hired labor,1.97,dollars_per_cwt
2008,annual,Washington,allocated_overhead,Opportunity cost of unpaid labor,0.49,dollars_per_cwt
2008,annual,Washington,allocated_overhead,Capital recovery of machinery and equipment 4/,1.63,dollars_per_cwt
2008,annual,Washington,allocated_overhead,Opportunity cost of land (rental rate),0.01,dollars_per_cwt
2008,annual,Washington,allocated_overhead,Taxes and insurance,0.14,dollars_per_cwt
2008,annual,Washington,allocated_overhead,General farm overhead,0.33,dollars_per_cwt
2008,annual,Washington,allocated_overhead,"Total, allocated overhead",4.569999999999999,dollars_per_cwt
2008,annual,Washington,total_costs,Total costs listed,20.62,dollars_per_cwt
2008,annual,Washington,net_value,Value of production less total costs listed,-1.2500000000000036,dollars_per_cwt
2008,annual,Washington,net_value,Value of production less operating costs,3.3199999999999967,dollars_per_cwt
2008,annual,Washington,supporting_information,Milk cows (head per farm),691.0,head_per_farm
2008,annual,Washington,supporting_information,Output per cow (pounds),23528.0,pounds
2008,annual,Washington,supporting_information,Milking frequency more than twice per day (percent of farms),36.75,percent_of_farms
2008,annual,Washington,supporting_information,Milk cows injected with bST (head per farm),79.0,head_per_farm
2008,annual,Washington,supporting_information,Organic milk sold (percent of sales),0.56,percent_of_sales
2008,annual,Wisconsin,gross_value_of_production,Milk sold,19.35,dollars_per_cwt
2008,annual,Wisconsin,gross_value_of_production,Cattle,1.2,dollars_per_cwt
2008,annual,Wisconsin,gross_value_of_production,Other income 2/,1.13,dollars_per_cwt
2008,annual,Wisconsin,gross_value_of_production,"Total, gross value of production",21.68,dollars_per_cwt
2008,annual,Wisconsin,operating_costs,Purchased feed,5.99,dollars_per_cwt
2008,annual,Wisconsin,operating_costs,Homegrown harvested feed,4.37,dollars_per_cwt
2008,annual,Wisconsin,operating_costs,Grazed feed,0.08,dollars_per_cwt
2008,annual,Wisconsin,operating_costs,"Total, feed costs",10.44,dollars_per_cwt
2008,annual,Wisconsin,operating_costs,Veterinary and medicine,1.04,dollars_per_cwt
2008,annual,Wisconsin,operating_costs,Bedding and litter,0.25,dollars_per_cwt
2008,annual,Wisconsin,operating_costs,Marketing,0.22,dollars_per_cwt
2008,annual,Wisconsin,operating_costs,Custom services,0.42,dollars_per_cwt
2008,annual,Wisconsin,operating_costs,"Fuel, lube, and electricity",0.87,dollars_per_cwt
2008,annual,Wisconsin,operating_costs,Repairs,0.71,dollars_per_cwt
2008,annual,Wisconsin,operating_costs,Other operating costs 3/,0.0,dollars_per_cwt
2008,annual,Wisconsin,operating_costs,Interest on operating capital,0.13,dollars_per_cwt
2008,annual,Wisconsin,operating_costs,"Total, operating cost",14.08,dollars_per_cwt
2008,annual,Wisconsin,allocated_overhead,Hired labor,1.74,dollars_per_cwt
2008,annual,Wisconsin,allocated_overhead,Opportunity cost of unpaid labor,3.31,dollars_per_cwt
2008,annual,Wisconsin,allocated_overhead,Capital recovery of machinery and equipment 4/,3.39,dollars_per_cwt
2008,annual,Wisconsin,allocated_overhead,Opportunity cost of land (rental rate),0.03,dollars_per_cwt
2008,annual,Wisconsin,allocated_overhead,Taxes and insurance,0.3,dollars_per_cwt
2008,annual,Wisconsin,allocated_overhead,General farm overhead,0.75,dollars_per_cwt
2008,annual,Wisconsin,allocated_overhead,"Total, allocated overhead",9.52,dollars_per_cwt
2008,annual,Wisconsin,total_costs,Total costs listed,23.6,dollars_per_cwt
2008,annual,Wisconsin,net_value,Value of production less total costs listed,-1.9200000000000017,dollars_per_cwt
2008,annual,Wisconsin,net_value,Value of production less operating costs,7.6,dollars_per_cwt
2008,annual,Wisconsin,supporting_information,Milk cows (head per farm),100.0,head_per_farm
2008,annual,Wisconsin,supporting_information,Output per cow (pounds),19861.0,pounds
2008,annual,Wisconsin,supporting_information,Milking frequency more than twice per day (percent of farms),7.02,percent_of_farms
2008,annual,Wisconsin,supporting_information,Milk cows injected with bST (head per farm),20.0,head_per_farm
2008,annual,Wisconsin,supporting_information,Organic milk sold (percent of sales),0.82,percent_of_sales
2008,annual,States,gross_value_of_production,Milk sold,18.48,dollars_per_cwt
2008,annual,States,gross_value_of_production,Cattle,1.26,dollars_per_cwt
2008,annual,States,gross_value_of_production,Other income 2/,1.19,dollars_per_cwt
2008,annual,States,gross_value_of_production,"Total, gross value of production",20.930000000000003,dollars_per_cwt
2008,annual,States,operating_costs,Purchased feed,8.31,dollars_per_cwt
2008,annual,States,operating_costs,Homegrown harvested feed,4.14,dollars_per_cwt
2008,annual,States,operating_costs,Grazed feed,0.09,dollars_per_cwt
2008,annual,States,operating_costs,"Total, feed costs",12.54,dollars_per_cwt
2008,annual,States,operating_costs,Veterinary and medicine,0.86,dollars_per_cwt
2008,annual,States,operating_costs,Bedding and litter,0.23,dollars_per_cwt
2008,annual,States,operating_costs,Marketing,0.28,dollars_per_cwt
2008,annual,States,operating_costs,Custom services,0.45,dollars_per_cwt
2008,annual,States,operating_costs,"Fuel, lube, and electricity",0.86,dollars_per_cwt
2008,annual,States,operating_costs,Repairs,0.65,dollars_per_cwt
2008,annual,States,operating_costs,Other operating costs 3/,0.0,dollars_per_cwt
2008,annual,States,operating_costs,Interest on operating capital,0.14,dollars_per_cwt
2008,annual,States,operating_costs,"Total, operating cost",16.009999999999998,dollars_per_cwt
2008,annual,States,allocated_overhead,Hired labor,1.69,dollars_per_cwt
2008,annual,States,allocated_overhead,Opportunity cost of unpaid labor,2.27,dollars_per_cwt
2008,annual,States,allocated_overhead,Capital recovery of machinery and equipment 4/,3.25,dollars_per_cwt
2008,annual,States,allocated_overhead,Opportunity cost of land (rental rate),0.03,dollars_per_cwt
2008,annual,States,allocated_overhead,Taxes and insurance,0.23,dollars_per_cwt
2008,annual,States,allocated_overhead,General farm overhead,0.56,dollars_per_cwt
2008,annual,States,allocated_overhead,"Total, allocated overhead",8.030000000000001,dollars_per_cwt
2008,annual,States,total_costs,Total costs listed,24.04,dollars_per_cwt
2008,annual,States,net_value,Value of production less total costs listed,-3.109999999999996,dollars_per_cwt
2008,annual,States,net_value,Value of production less operating costs,4.920000000000005,dollars_per_cwt
2008,annual,States,supporting_information,Milk cows (head per farm),168.0,head_per_farm
2008,annual,States,supporting_information,Output per cow (pounds),19142.0,pounds
2008,annual,States,supporting_information,Milking frequency more than twice per day (percent of farms),7.72,percent_of_farms
2008,annual,States,supporting_information,Milk cows injected with bST (head per farm),27.0,head_per_farm
2008,annual,States,supporting_information,Organic milk sold (percent of sales),0.59,percent_of_sales
2009,annual,California,gross_value_of_production,Milk sold,11.54,dollars_per_cwt
2009,annual,California,gross_value_of_production,Cattle,1.01,dollars_per_cwt
2009,annual,California,gross_value_of_production,Other income 2/,0.84,dollars_per_cwt
2009,annual,California,gross_value_of_production,"Total, gross value of production",13.39,dollars_per_cwt
2009,annual,California,operating_costs,Purchased feed,9.82,dollars_per_cwt
2009,annual,California,operating_costs,Homegrown harvested feed,1.39,dollars_per_cwt
2009,annual,California,operating_costs,Grazed feed,0.05,dollars_per_cwt
2009,annual,California,operating_costs,"Total, feed costs",11.260000000000002,dollars_per_cwt
2009,annual,California,operating_costs,Veterinary and medicine,0.64,dollars_per_cwt
2009,annual,California,operating_costs,Bedding and litter,0.05,dollars_per_cwt
2009,annual,California,operating_costs,Marketing,0.34,dollars_per_cwt
2009,annual,California,operating_costs,Custom services,0.37,dollars_per_cwt
2009,annual,California,operating_costs,"Fuel, lube, and electricity",0.43,dollars_per_cwt
2009,annual,California,operating_costs,Repairs,0.4,dollars_per_cwt
2009,annual,California,operating_costs,Other operating costs 3/,0.0,dollars_per_cwt
2009,annual,California,operating_costs,Interest on operating capital,0.02,dollars_per_cwt
2009,annual,California,operating_costs,"Total, operating cost",13.510000000000002,dollars_per_cwt
2009,annual,California,allocated_overhead,Hired labor,1.6,dollars_per_cwt
2009,annual,California,allocated_overhead,Opportunity cost of unpaid labor,0.42,dollars_per_cwt
2009,annual,California,allocated_overhead,Capital recovery of machinery and equipment 4/,2.11,dollars_per_cwt
2009,annual,California,allocated_overhead,Opportunity cost of land (rental rate),0.0,dollars_per_cwt
2009,annual,California,allocated_overhead,Taxes and insurance,0.17,dollars_per_cwt
2009,annual,California,allocated_overhead,General farm overhead,0.26,dollars_per_cwt
2009,annual,California,allocated_overhead,"Total, allocated overhead",4.56,dollars_per_cwt
2009,annual,California,total_costs,Total costs listed,18.07,dollars_per_cwt
2009,annual,California,net_value,Value of production less total costs listed,-4.6800000000000015,dollars_per_cwt
2009,annual,California,net_value,Value of production less operating costs,-0.1200000000000027,dollars_per_cwt
2009,annual,California,supporting_information,Milk cows (head per farm),1023.0,head_per_farm
2009,annual,California,supporting_information,Output per cow (pounds),20031.0,pounds
2009,annual,California,supporting_information,Milking frequency more than twice per day (percent of farms),9.82,percent_of_farms
2009,annual,California,supporting_information,Milk cows injected with bST (head per farm),99.0,head_per_farm
2009,annual,California,supporting_information,Organic milk sold (percent of sales),0.32,percent_of_sales
2009,annual,Florida,gross_value_of_production,Milk sold,16.29,dollars_per_cwt
2009,annual,Florida,gross_value_of_production,Cattle,0.94,dollars_per_cwt
2009,annual,Florida,gross_value_of_production,Other income 2/,0.94,dollars_per_cwt
2009,annual,Florida,gross_value_of_production,"Total, gross value of production",18.17,dollars_per_cwt
2009,annual,Florida,operating_costs,Purchased feed,11.28,dollars_per_cwt
2009,annual,Florida,operating_costs,Homegrown harvested feed,1.48,dollars_per_cwt
2009,annual,Florida,operating_costs,Grazed feed,0.11,dollars_per_cwt
2009,annual,Florida,operating_costs,"Total, feed costs",12.87,dollars_per_cwt
2009,annual,Florida,operating_costs,Veterinary and medicine,0.95,dollars_per_cwt
2009,annual,Florida,operating_costs,Bedding and litter,0.03,dollars_per_cwt
2009,annual,Florida,operating_costs,Marketing,0.21,dollars_per_cwt
2009,annual,Florida,operating_costs,Custom services,0.85,dollars_per_cwt
2009,annual,Florida,operating_costs,"Fuel, lube, and electricity",0.74,dollars_per_cwt
2009,annual,Florida,operating_costs,Repairs,0.89,dollars_per_cwt
2009,annual,Florida,operating_costs,Other operating costs 3/,0.0,dollars_per_cwt
2009,annual,Florida,operating_costs,Interest on operating capital,0.02,dollars_per_cwt
2009,annual,Florida,operating_costs,"Total, operating cost",16.56,dollars_per_cwt
2009,annual,Florida,allocated_overhead,Hired labor,3.38,dollars_per_cwt
2009,annual,Florida,allocated_overhead,Opportunity cost of unpaid labor,0.56,dollars_per_cwt
2009,annual,Florida,allocated_overhead,Capital recovery of machinery and equipment 4/,2.68,dollars_per_cwt
2009,annual,Florida,allocated_overhead,Opportunity cost of land (rental rate),0.02,dollars_per_cwt
2009,annual,Florida,allocated_overhead,Taxes and insurance,0.29,dollars_per_cwt
2009,annual,Florida,allocated_overhead,General farm overhead,0.55,dollars_per_cwt
2009,annual,Florida,allocated_overhead,"Total, allocated overhead",7.479999999999999,dollars_per_cwt
2009,annual,Florida,total_costs,Total costs listed,24.04,dollars_per_cwt
2009,annual,Florida,net_value,Value of production less total costs listed,-5.869999999999997,dollars_per_cwt
2009,annual,Florida,net_value,Value of production less operating costs,1.610000000000003,dollars_per_cwt
2009,annual,Florida,supporting_information,Milk cows (head per farm),1059.0,head_per_farm
2009,annual,Florida,supporting_information,Output per cow (pounds),17613.0,pounds
2009,annual,Florida,supporting_information,Milking frequency more than twice per day (percent of farms),37.13,percent_of_farms
2009,annual,Florida,supporting_information,Milk cows injected with bST (head per farm),180.0,head_per_farm
2009,annual,Florida,supporting_information,Organic milk sold (percent of sales),0.0,percent_of_sales
2009,annual,Georgia,gross_value_of_production,Milk sold,17.54,dollars_per_cwt
2009,annual,Georgia,gross_value_of_production,Cattle,0.84,dollars_per_cwt
2009,annual,Georgia,gross_value_of_production,Other income 2/,0.79,dollars_per_cwt
2009,annual,Georgia,gross_value_of_production,"Total, gross value of production",19.17,dollars_per_cwt
2009,annual,Georgia,operating_costs,Purchased feed,8.3,dollars_per_cwt
2009,annual,Georgia,operating_costs,Homegrown harvested feed,2.71,dollars_per_cwt
2009,annual,Georgia,operating_costs,Grazed feed,0.21,dollars_per_cwt
2009,annual,Georgia,operating_costs,"Total, feed costs",11.220000000000002,dollars_per_cwt
2009,annual,Georgia,operating_costs,Veterinary and medicine,0.75,dollars_per_cwt
2009,annual,Georgia,operating_costs,Bedding and litter,0.04,dollars_per_cwt
2009,annual,Georgia,operating_costs,Marketing,0.82,dollars_per_cwt
2009,annual,Georgia,operating_costs,Custom services,0.96,dollars_per_cwt
2009,annual,Georgia,operating_costs,"Fuel, lube, and electricity",0.62,dollars_per_cwt
2009,annual,Georgia,operating_costs,Repairs,0.68,dollars_per_cwt
2009,annual,Georgia,operating_costs,Other operating costs 3/,0.0,dollars_per_cwt
2009,annual,Georgia,operating_costs,Interest on operating capital,0.02,dollars_per_cwt
2009,annual,Georgia,operating_costs,"Total, operating cost",15.110000000000005,dollars_per_cwt
2009,annual,Georgia,allocated_overhead,Hired labor,2.36,dollars_per_cwt
2009,annual,Georgia,allocated_overhead,Opportunity cost of unpaid labor,1.54,dollars_per_cwt
2009,annual,Georgia,allocated_overhead,Capital recovery of machinery and equipment 4/,3.62,dollars_per_cwt
2009,annual,Georgia,allocated_overhead,Opportunity cost of land (rental rate),0.06,dollars_per_cwt
2009,annual,Georgia,allocated_overhead,Taxes and insurance,0.2,dollars_per_cwt
2009,annual,Georgia,allocated_overhead,General farm overhead,0.37,dollars_per_cwt
2009,annual,Georgia,allocated_overhead,"Total, allocated overhead",8.149999999999999,dollars_per_cwt
2009,annual,Georgia,total_costs,Total costs listed,23.26,dollars_per_cwt
2009,annual,Georgia,net_value,Value of production less total costs listed,-4.090000000000003,dollars_per_cwt
2009,annual,Georgia,net_value,Value of production less operating costs,4.059999999999995,dollars_per_cwt
2009,annual,Georgia,supporting_information,Milk cows (head per farm),292.0,head_per_farm
2009,annual,Georgia,supporting_information,Output per cow (pounds),17531.0,pounds
2009,annual,Georgia,supporting_information,Milking frequency more than twice per day (percent of farms),9.51,percent_of_farms
2009,annual,Georgia,supporting_information,Milk cows injected with bST (head per farm),66.0,head_per_farm
2009,annual,Georgia,supporting_information,Organic milk sold (percent of sales),0.0,percent_of_sales
2009,annual,Idaho,gross_value_of_production,Milk sold,12.64,dollars_per_cwt
2009,annual,Idaho,gross_value_of_production,Cattle,1.12,dollars_per_cwt
2009,annual,Idaho,gross_value_of_production,Other income 2/,0.77,dollars_per_cwt
2009,annual,Idaho,gross_value_of_production,"Total, gross value of production",14.53,dollars_per_cwt
2009,annual,Idaho,operating_costs,Purchased feed,8.72,dollars_per_cwt
2009,annual,Idaho,operating_costs,Homegrown harvested feed,3.75,dollars_per_cwt
2009,annual,Idaho,operating_costs,Grazed feed,0.1,dollars_per_cwt
2009,annual,Idaho,operating_costs,"Total, feed costs",12.57,dollars_per_cwt
2009,annual,Idaho,operating_costs,Veterinary and medicine,0.78,dollars_per_cwt
2009,annual,Idaho,operating_costs,Bedding and litter,0.27,dollars_per_cwt
2009,annual,Idaho,operating_costs,Marketing,0.3,dollars_per_cwt
2009,annual,Idaho,operating_costs,Custom services,0.64,dollars_per_cwt
2009,annual,Idaho,operating_costs,"Fuel, lube, and electricity",0.58,dollars_per_cwt
2009,annual,Idaho,operating_costs,Repairs,0.77,dollars_per_cwt
2009,annual,Idaho,operating_costs,Other operating costs 3/,0.0,dollars_per_cwt
2009,annual,Idaho,operating_costs,Interest on operating capital,0.02,dollars_per_cwt
2009,annual,Idaho,operating_costs,"Total, operating cost",15.93,dollars_per_cwt
2009,annual,Idaho,allocated_overhead,Hired labor,1.82,dollars_per_cwt
2009,annual,Idaho,allocated_overhead,Opportunity cost of unpaid labor,4.23,dollars_per_cwt
2009,annual,Idaho,allocated_overhead,Capital recovery of machinery and equipment 4/,4.21,dollars_per_cwt
2009,annual,Idaho,allocated_overhead,Opportunity cost of land (rental rate),0.01,dollars_per_cwt
2009,annual,Idaho,allocated_overhead,Taxes and insurance,0.25,dollars_per_cwt
2009,annual,Idaho,allocated_overhead,General farm overhead,0.62,dollars_per_cwt
2009,annual,Idaho,allocated_overhead,"Total, allocated overhead",11.14,dollars_per_cwt
2009,annual,Idaho,total_costs,Total costs listed,27.07,dollars_per_cwt
2009,annual,Idaho,net_value,Value of production less total costs listed,-12.54,dollars_per_cwt
2009,annual,Idaho,net_value,Value of production less operating costs,-1.3999999999999986,dollars_per_cwt
2009,annual,Idaho,supporting_information,Milk cows (head per farm),136.0,head_per_farm
2009,annual,Idaho,supporting_information,Output per cow (pounds),18013.0,pounds
2009,annual,Idaho,supporting_information,Milking frequency more than twice per day (percent of farms),1.3,percent_of_farms
2009,annual,Idaho,supporting_information,Milk cows injected with bST (head per farm),10.0,head_per_farm
2009,annual,Idaho,supporting_information,Organic milk sold (percent of sales),1.08,percent_of_sales
2009,annual,Illinois,gross_value_of_production,Milk sold,13.54,dollars_per_cwt
2009,annual,Illinois,gross_value_of_production,Cattle,1.1,dollars_per_cwt
2009,annual,Illinois,gross_value_of_production,Other income 2/,1.36,dollars_per_cwt
2009,annual,Illinois,gross_value_of_production,"Total, gross value of production",15.999999999999998,dollars_per_cwt
2009,annual,Illinois,operating_costs,Purchased feed,6.02,dollars_per_cwt
2009,annual,Illinois,operating_costs,Homegrown harvested feed,4.23,dollars_per_cwt
2009,annual,Illinois,operating_costs,Grazed feed,0.04,dollars_per_cwt
2009,annual,Illinois,operating_costs,"Total, feed costs",10.29,dollars_per_cwt
2009,annual,Illinois,operating_costs,Veterinary and medicine,1.34,dollars_per_cwt
2009,annual,Illinois,operating_costs,Bedding and litter,0.37,dollars_per_cwt
2009,annual,Illinois,operating_costs,Marketing,0.34,dollars_per_cwt
2009,annual,Illinois,operating_costs,Custom services,0.51,dollars_per_cwt
2009,annual,Illinois,operating_costs,"Fuel, lube, and electricity",0.62,dollars_per_cwt
2009,annual,Illinois,operating_costs,Repairs,0.87,dollars_per_cwt
2009,annual,Illinois,operating_costs,Other operating costs 3/,0.0,dollars_per_cwt
2009,annual,Illinois,operating_costs,Interest on operating capital,0.02,dollars_per_cwt
2009,annual,Illinois,operating_costs,"Total, operating cost",14.36,dollars_per_cwt
2009,annual,Illinois,allocated_overhead,Hired labor,1.52,dollars_per_cwt
2009,annual,Illinois,allocated_overhead,Opportunity cost of unpaid labor,3.56,dollars_per_cwt
2009,annual,Illinois,allocated_overhead,Capital recovery of machinery and equipment 4/,4.67,dollars_per_cwt
2009,annual,Illinois,allocated_overhead,Opportunity cost of land (rental rate),0.03,dollars_per_cwt
2009,annual,Illinois,allocated_overhead,Taxes and insurance,0.23,dollars_per_cwt
2009,annual,Illinois,allocated_overhead,General farm overhead,0.53,dollars_per_cwt
2009,annual,Illinois,allocated_overhead,"Total, allocated overhead",10.54,dollars_per_cwt
2009,annual,Illinois,total_costs,Total costs listed,24.9,dollars_per_cwt
2009,annual,Illinois,net_value,Value of production less total costs listed,-8.9,dollars_per_cwt
2009,annual,Illinois,net_value,Value of production less operating costs,1.6399999999999988,dollars_per_cwt
2009,annual,Illinois,supporting_information,Milk cows (head per farm),133.0,head_per_farm
2009,annual,Illinois,supporting_information,Output per cow (pounds),18518.0,pounds
2009,annual,Illinois,supporting_information,Milking frequency more than twice per day (percent of farms),2.38,percent_of_farms
2009,annual,Illinois,supporting_information,Milk cows injected with bST (head per farm),18.0,head_per_farm
2009,annual,Illinois,supporting_information,Organic milk sold (percent of sales),0.13,percent_of_sales
2009,annual,Indiana,gross_value_of_production,Milk sold,13.11,dollars_per_cwt
2009,annual,Indiana,gross_value_of_production,Cattle,1.18,dollars_per_cwt
2009,annual,Indiana,gross_value_of_production,Other income 2/,0.82,dollars_per_cwt
2009,annual,Indiana,gross_value_of_production,"Total, gross value of production",15.11,dollars_per_cwt
2009,annual,Indiana,operating_costs,Purchased feed,6.11,dollars_per_cwt
2009,annual,Indiana,operating_costs,Homegrown harvested feed,3.2,dollars_per_cwt
2009,annual,Indiana,operating_costs,Grazed feed,0.08,dollars_per_cwt
2009,annual,Indiana,operating_costs,"Total, feed costs",9.39,dollars_per_cwt
2009,annual,Indiana,operating_costs,Veterinary and medicine,1.15,dollars_per_cwt
2009,annual,Indiana,operating_costs,Bedding and litter,0.47,dollars_per_cwt
2009,annual,Indiana,operating_costs,Marketing,0.26,dollars_per_cwt
2009,annual,Indiana,operating_costs,Custom services,0.84,dollars_per_cwt
2009,annual,Indiana,operating_costs,"Fuel, lube, and electricity",0.63,dollars_per_cwt
2009,annual,Indiana,operating_costs,Repairs,0.79,dollars_per_cwt
2009,annual,Indiana,operating_costs,Other operating costs 3/,0.0,dollars_per_cwt
2009,annual,Indiana,operating_costs,Interest on operating capital,0.02,dollars_per_cwt
2009,annual,Indiana,operating_costs,"Total, operating cost",13.55,dollars_per_cwt
2009,annual,Indiana,allocated_overhead,Hired labor,1.51,dollars_per_cwt
2009,annual,Indiana,allocated_overhead,Opportunity cost of unpaid labor,2.57,dollars_per_cwt
2009,annual,Indiana,allocated_overhead,Capital recovery of machinery and equipment 4/,3.49,dollars_per_cwt
2009,annual,Indiana,allocated_overhead,Opportunity cost of land (rental rate),0.05,dollars_per_cwt
2009,annual,Indiana,allocated_overhead,Taxes and insurance,0.22,dollars_per_cwt
2009,annual,Indiana,allocated_overhead,General farm overhead,0.54,dollars_per_cwt
2009,annual,Indiana,allocated_overhead,"Total, allocated overhead",8.379999999999999,dollars_per_cwt
2009,annual,Indiana,total_costs,Total costs listed,21.93,dollars_per_cwt
2009,annual,Indiana,net_value,Value of production less total costs listed,-6.82,dollars_per_cwt
2009,annual,Indiana,net_value,Value of production less operating costs,1.5599999999999987,dollars_per_cwt
2009,annual,Indiana,supporting_information,Milk cows (head per farm),151.0,head_per_farm
2009,annual,Indiana,supporting_information,Output per cow (pounds),18063.0,pounds
2009,annual,Indiana,supporting_information,Milking frequency more than twice per day (percent of farms),5.69,percent_of_farms
2009,annual,Indiana,supporting_information,Milk cows injected with bST (head per farm),58.0,head_per_farm
2009,annual,Indiana,supporting_information,Organic milk sold (percent of sales),0.05,percent_of_sales
2009,annual,Iowa,gross_value_of_production,Milk sold,13.11,dollars_per_cwt
2009,annual,Iowa,gross_value_of_production,Cattle,1.08,dollars_per_cwt
2009,annual,Iowa,gross_value_of_production,Other income 2/,0.64,dollars_per_cwt
2009,annual,Iowa,gross_value_of_production,"Total, gross value of production",14.83,dollars_per_cwt
2009,annual,Iowa,operating_costs,Purchased feed,5.48,dollars_per_cwt
2009,annual,Iowa,operating_costs,Homegrown harvested feed,4.67,dollars_per_cwt
2009,annual,Iowa,operating_costs,Grazed feed,0.19,dollars_per_cwt
2009,annual,Iowa,operating_costs,"Total, feed costs",10.34,dollars_per_cwt
2009,annual,Iowa,operating_costs,Veterinary and medicine,1.19,dollars_per_cwt
2009,annual,Iowa,operating_costs,Bedding and litter,0.32,dollars_per_cwt
2009,annual,Iowa,operating_costs,Marketing,0.32,dollars_per_cwt
2009,annual,Iowa,operating_costs,Custom services,0.56,dollars_per_cwt
2009,annual,Iowa,operating_costs,"Fuel, lube, and electricity",0.48,dollars_per_cwt
2009,annual,Iowa,operating_costs,Repairs,0.84,dollars_per_cwt
2009,annual,Iowa,operating_costs,Other operating costs 3/,0.0,dollars_per_cwt
2009,annual,Iowa,operating_costs,Interest on operating capital,0.02,dollars_per_cwt
2009,annual,Iowa,operating_costs,"Total, operating cost",14.07,dollars_per_cwt
2009,annual,Iowa,allocated_overhead,Hired labor,1.32,dollars_per_cwt
2009,annual,Iowa,allocated_overhead,Opportunity cost of unpaid labor,2.89,dollars_per_cwt
2009,annual,Iowa,allocated_overhead,Capital recovery of machinery and equipment 4/,4.98,dollars_per_cwt
2009,annual,Iowa,allocated_overhead,Opportunity cost of land (rental rate),0.05,dollars_per_cwt
2009,annual,Iowa,allocated_overhead,Taxes and insurance,0.18,dollars_per_cwt
2009,annual,Iowa,allocated_overhead,General farm overhead,0.86,dollars_per_cwt
2009,annual,Iowa,allocated_overhead,"Total, allocated overhead",10.28,dollars_per_cwt
2009,annual,Iowa,total_costs,Total costs listed,24.35,dollars_per_cwt
2009,annual,Iowa,net_value,Value of production less total costs listed,-9.52,dollars_per_cwt
2009,annual,Iowa,net_value,Value of production less operating costs,0.7599999999999998,dollars_per_cwt
2009,annual,Iowa,supporting_information,Milk cows (head per farm),115.0,head_per_farm
2009,annual,Iowa,supporting_information,Output per cow (pounds),19581.0,pounds
2009,annual,Iowa,supporting_information,Milking frequency more than twice per day (percent of farms),2.27,percent_of_farms
2009,annual,Iowa,supporting_information,Milk cows injected with bST (head per farm),27.0,head_per_farm
2009,annual,Iowa,supporting_information,Organic milk sold (percent of sales),0.9,percent_of_sales
2009,annual,Kentucky,gross_value_of_production,Milk sold,12.85,dollars_per_cwt
2009,annual,Kentucky,gross_value_of_production,Cattle,1.73,dollars_per_cwt
2009,annual,Kentucky,gross_value_of_production,Other income 2/,0.9,dollars_per_cwt
2009,annual,Kentucky,gross_value_of_production,"Total, gross value of production",15.48,dollars_per_cwt
2009,annual,Kentucky,operating_costs,Purchased feed,5.38,dollars_per_cwt
2009,annual,Kentucky,operating_costs,Homegrown harvested feed,6.57,dollars_per_cwt
2009,annual,Kentucky,operating_costs,Grazed feed,0.37,dollars_per_cwt
2009,annual,Kentucky,operating_costs,"Total, feed costs",12.32,dollars_per_cwt
2009,annual,Kentucky,operating_costs,Veterinary and medicine,0.59,dollars_per_cwt
2009,annual,Kentucky,operating_costs,Bedding and litter,0.23,dollars_per_cwt
2009,annual,Kentucky,operating_costs,Marketing,0.29,dollars_per_cwt
2009,annual,Kentucky,operating_costs,Custom services,0.44,dollars_per_cwt
2009,annual,Kentucky,operating_costs,"Fuel, lube, and electricity",0.54,dollars_per_cwt
2009,annual,Kentucky,operating_costs,Repairs,0.68,dollars_per_cwt
2009,annual,Kentucky,operating_costs,Other operating costs 3/,0.0,dollars_per_cwt
2009,annual,Kentucky,operating_costs,Interest on operating capital,0.02,dollars_per_cwt
2009,annual,Kentucky,operating_costs,"Total, operating cost",15.11,dollars_per_cwt
2009,annual,Kentucky,allocated_overhead,Hired labor,1.16,dollars_per_cwt
2009,annual,Kentucky,allocated_overhead,Opportunity cost of unpaid labor,6.16,dollars_per_cwt
2009,annual,Kentucky,allocated_overhead,Capital recovery of machinery and equipment 4/,7.69,dollars_per_cwt
2009,annual,Kentucky,allocated_overhead,Opportunity cost of land (rental rate),0.09,dollars_per_cwt
2009,annual,Kentucky,allocated_overhead,Taxes and insurance,0.22,dollars_per_cwt
2009,annual,Kentucky,allocated_overhead,General farm overhead,0.71,dollars_per_cwt
2009,annual,Kentucky,allocated_overhead,"Total, allocated overhead",16.03,dollars_per_cwt
2009,annual,Kentucky,total_costs,Total costs listed,31.14,dollars_per_cwt
2009,annual,Kentucky,net_value,Value of production less total costs listed,-15.66,dollars_per_cwt
2009,annual,Kentucky,net_value,Value of production less operating costs,0.370000000000001,dollars_per_cwt
2009,annual,Kentucky,supporting_information,Milk cows (head per farm),79.0,head_per_farm
2009,annual,Kentucky,supporting_information,Output per cow (pounds),13527.0,pounds
2009,annual,Kentucky,supporting_information,Milking frequency more than twice per day (percent of farms),0.78,percent_of_farms
2009,annual,Kentucky,supporting_information,Milk cows injected with bST (head per farm),3.0,head_per_farm
2009,annual,Kentucky,supporting_information,Organic milk sold (percent of sales),0.0,percent_of_sales
2009,annual,Maine,gross_value_of_production,Milk sold,14.29,dollars_per_cwt
2009,annual,Maine,gross_value_of_production,Cattle,0.7,dollars_per_cwt
2009,annual,Maine,gross_value_of_production,Other income 2/,0.9,dollars_per_cwt
2009,annual,Maine,gross_value_of_production,"Total, gross value of production",15.89,dollars_per_cwt
2009,annual,Maine,operating_costs,Purchased feed,7.21,dollars_per_cwt
2009,annual,Maine,operating_costs,Homegrown harvested feed,4.24,dollars_per_cwt
2009,annual,Maine,operating_costs,Grazed feed,0.19,dollars_per_cwt
2009,annual,Maine,operating_costs,"Total, feed costs",11.64,dollars_per_cwt
2009,annual,Maine,operating_costs,Veterinary and medicine,1.05,dollars_per_cwt
2009,annual,Maine,operating_costs,Bedding and litter,0.38,dollars_per_cwt
2009,annual,Maine,operating_costs,Marketing,0.34,dollars_per_cwt
2009,annual,Maine,operating_costs,Custom services,0.34,dollars_per_cwt
2009,annual,Maine,operating_costs,"Fuel, lube, and electricity",0.72,dollars_per_cwt
2009,annual,Maine,operating_costs,Repairs,0.91,dollars_per_cwt
2009,annual,Maine,operating_costs,Other operating costs 3/,0.01,dollars_per_cwt
2009,annual,Maine,operating_costs,Interest on operating capital,0.02,dollars_per_cwt
2009,annual,Maine,operating_costs,"Total, operating cost",15.409999999999998,dollars_per_cwt
2009,annual,Maine,allocated_overhead,Hired labor,3.15,dollars_per_cwt
2009,annual,Maine,allocated_overhead,Opportunity cost of unpaid labor,5.85,dollars_per_cwt
2009,annual,Maine,allocated_overhead,Capital recovery of machinery and equipment 4/,6.08,dollars_per_cwt
2009,annual,Maine,allocated_overhead,Opportunity cost of land (rental rate),0.07,dollars_per_cwt
2009,annual,Maine,allocated_overhead,Taxes and insurance,0.53,dollars_per_cwt
2009,annual,Maine,allocated_overhead,General farm overhead,1.22,dollars_per_cwt
2009,annual,Maine,allocated_overhead,"Total, allocated overhead",16.9,dollars_per_cwt
2009,annual,Maine,total_costs,Total costs listed,32.309999999999995,dollars_per_cwt
2009,annual,Maine,net_value,Value of production less total costs listed,-16.419999999999995,dollars_per_cwt
2009,annual,Maine,net_value,Value of production less operating costs,0.4800000000000004,dollars_per_cwt
2009,annual,Maine,supporting_information,Milk cows (head per farm),99.0,head_per_farm
2009,annual,Maine,supporting_information,Output per cow (pounds),18565.0,pounds
2009,annual,Maine,supporting_information,Milking frequency more than twice per day (percent of farms),2.38,percent_of_farms
2009,annual,Maine,supporting_information,Milk cows injected with bST (head per farm),8.0,head_per_farm
2009,annual,Maine,supporting_information,Organic milk sold (percent of sales),7.49,percent_of_sales
2009,annual,Michigan,gross_value_of_production,Milk sold,13.72,dollars_per_cwt
2009,annual,Michigan,gross_value_of_production,Cattle,1.41,dollars_per_cwt
2009,annual,Michigan,gross_value_of_production,Other income 2/,0.79,dollars_per_cwt
2009,annual,Michigan,gross_value_of_production,"Total, gross value of production",15.920000000000002,dollars_per_cwt
2009,annual,Michigan,operating_costs,Purchased feed,6.38,dollars_per_cwt
2009,annual,Michigan,operating_costs,Homegrown harvested feed,5.77,dollars_per_cwt
2009,annual,Michigan,operating_costs,Grazed feed,0.03,dollars_per_cwt
2009,annual,Michigan,operating_costs,"Total, feed costs",12.179999999999998,dollars_per_cwt
2009,annual,Michigan,operating_costs,Veterinary and medicine,1.14,dollars_per_cwt
2009,annual,Michigan,operating_costs,Bedding and litter,0.25,dollars_per_cwt
2009,annual,Michigan,operating_costs,Marketing,0.25,dollars_per_cwt
2009,annual,Michigan,operating_costs,Custom services,0.52,dollars_per_cwt
2009,annual,Michigan,operating_costs,"Fuel, lube, and electricity",0.64,dollars_per_cwt
2009,annual,Michigan,operating_costs,Repairs,0.83,dollars_per_cwt
2009,annual,Michigan,operating_costs,Other operating costs 3/,0.0,dollars_per_cwt
2009,annual,Michigan,operating_costs,Interest on operating capital,0.02,dollars_per_cwt
2009,annual,Michigan,operating_costs,"Total, operating cost",15.829999999999998,dollars_per_cwt
2009,annual,Michigan,allocated_overhead,Hired labor,1.8,dollars_per_cwt
2009,annual,Michigan,allocated_overhead,Opportunity cost of unpaid labor,1.8,dollars_per_cwt
2009,annual,Michigan,allocated_overhead,Capital recovery of machinery and equipment 4/,3.68,dollars_per_cwt
2009,annual,Michigan,allocated_overhead,Opportunity cost of land (rental rate),0.02,dollars_per_cwt
2009,annual,Michigan,allocated_overhead,Taxes and insurance,0.25,dollars_per_cwt
2009,annual,Michigan,allocated_overhead,General farm overhead,0.86,dollars_per_cwt
2009,annual,Michigan,allocated_overhead,"Total, allocated overhead",8.41,dollars_per_cwt
2009,annual,Michigan,total_costs,Total costs listed,24.24,dollars_per_cwt
2009,annual,Michigan,net_value,Value of production less total costs listed,-8.319999999999997,dollars_per_cwt
2009,annual,Michigan,net_value,Value of production less operating costs,0.0900000000000034,dollars_per_cwt
2009,annual,Michigan,supporting_information,Milk cows (head per farm),157.0,head_per_farm
2009,annual,Michigan,supporting_information,Output per cow (pounds),20995.0,pounds
2009,annual,Michigan,supporting_information,Milking frequency more than twice per day (percent of farms),21.34,percent_of_farms
2009,annual,Michigan,supporting_information,Milk cows injected with bST (head per farm),57.0,head_per_farm
2009,annual,Michigan,supporting_information,Organic milk sold (percent of sales),0.15,percent_of_sales
2009,annual,Minnesota,gross_value_of_production,Milk sold,12.82,dollars_per_cwt
2009,annual,Minnesota,gross_value_of_production,Cattle,1.3,dollars_per_cwt
2009,annual,Minnesota,gross_value_of_production,Other income 2/,0.87,dollars_per_cwt
2009,annual,Minnesota,gross_value_of_production,"Total, gross value of production",14.99,dollars_per_cwt
2009,annual,Minnesota,operating_costs,Purchased feed,5.28,dollars_per_cwt
2009,annual,Minnesota,operating_costs,Homegrown harvested feed,6.12,dollars_per_cwt
2009,annual,Minnesota,operating_costs,Grazed feed,0.05,dollars_per_cwt
2009,annual,Minnesota,operating_costs,"Total, feed costs",11.45,dollars_per_cwt
2009,annual,Minnesota,operating_costs,Veterinary and medicine,1.34,dollars_per_cwt
2009,annual,Minnesota,operating_costs,Bedding and litter,0.34,dollars_per_cwt
2009,annual,Minnesota,operating_costs,Marketing,0.25,dollars_per_cwt
2009,annual,Minnesota,operating_costs,Custom services,0.35,dollars_per_cwt
2009,annual,Minnesota,operating_costs,"Fuel, lube, and electricity",0.69,dollars_per_cwt
2009,annual,Minnesota,operating_costs,Repairs,0.73,dollars_per_cwt
2009,annual,Minnesota,operating_costs,Other operating costs 3/,0.0,dollars_per_cwt
2009,annual,Minnesota,operating_costs,Interest on operating capital,0.02,dollars_per_cwt
2009,annual,Minnesota,operating_costs,"Total, operating cost",15.170000000000002,dollars_per_cwt
2009,annual,Minnesota,allocated_overhead,Hired labor,1.52,dollars_per_cwt
2009,annual,Minnesota,allocated_overhead,Opportunity cost of unpaid labor,3.61,dollars_per_cwt
2009,annual,Minnesota,allocated_overhead,Capital recovery of machinery and equipment 4/,4.58,dollars_per_cwt
2009,annual,Minnesota,allocated_overhead,Opportunity cost of land (rental rate),0.03,dollars_per_cwt
2009,annual,Minnesota,allocated_overhead,Taxes and insurance,0.28,dollars_per_cwt
2009,annual,Minnesota,allocated_overhead,General farm overhead,0.7,dollars_per_cwt
2009,annual,Minnesota,allocated_overhead,"Total, allocated overhead",10.72,dollars_per_cwt
2009,annual,Minnesota,total_costs,Total costs listed,25.89,dollars_per_cwt
2009,annual,Minnesota,net_value,Value of production less total costs listed,-10.9,dollars_per_cwt
2009,annual,Minnesota,net_value,Value of production less operating costs,-0.1800000000000015,dollars_per_cwt
2009,annual,Minnesota,supporting_information,Milk cows (head per farm),100.0,head_per_farm
2009,annual,Minnesota,supporting_information,Output per cow (pounds),19416.0,pounds
2009,annual,Minnesota,supporting_information,Milking frequency more than twice per day (percent of farms),5.24,percent_of_farms
2009,annual,Minnesota,supporting_information,Milk cows injected with bST (head per farm),20.0,head_per_farm
2009,annual,Minnesota,supporting_information,Organic milk sold (percent of sales),0.72,percent_of_sales
2009,annual,Missouri,gross_value_of_production,Milk sold,11.65,dollars_per_cwt
2009,annual,Missouri,gross_value_of_production,Cattle,3.27,dollars_per_cwt
2009,annual,Missouri,gross_value_of_production,Other income 2/,0.76,dollars_per_cwt
2009,annual,Missouri,gross_value_of_production,"Total, gross value of production",15.68,dollars_per_cwt
2009,annual,Missouri,operating_costs,Purchased feed,6.97,dollars_per_cwt
2009,annual,Missouri,operating_costs,Homegrown harvested feed,2.68,dollars_per_cwt
2009,annual,Missouri,operating_costs,Grazed feed,0.2,dollars_per_cwt
2009,annual,Missouri,operating_costs,"Total, feed costs",9.85,dollars_per_cwt
2009,annual,Missouri,operating_costs,Veterinary and medicine,0.94,dollars_per_cwt
2009,annual,Missouri,operating_costs,Bedding and litter,0.2,dollars_per_cwt
2009,annual,Missouri,operating_costs,Marketing,0.43,dollars_per_cwt
2009,annual,Missouri,operating_costs,Custom services,0.17,dollars_per_cwt
2009,annual,Missouri,operating_costs,"Fuel, lube, and electricity",0.56,dollars_per_cwt
2009,annual,Missouri,operating_costs,Repairs,0.8,dollars_per_cwt
2009,annual,Missouri,operating_costs,Other operating costs 3/,0.0,dollars_per_cwt
2009,annual,Missouri,operating_costs,Interest on operating capital,0.02,dollars_per_cwt
2009,annual,Missouri,operating_costs,"Total, operating cost",12.97,dollars_per_cwt
2009,annual,Missouri,allocated_overhead,Hired labor,1.53,dollars_per_cwt
2009,annual,Missouri,allocated_overhead,Opportunity cost of unpaid labor,4.14,dollars_per_cwt
2009,annual,Missouri,allocated_overhead,Capital recovery of machinery and equipment 4/,5.36,dollars_per_cwt
2009,annual,Missouri,allocated_overhead,Opportunity cost of land (rental rate),0.18,dollars_per_cwt
2009,annual,Missouri,allocated_overhead,Taxes and insurance,0.47,dollars_per_cwt
2009,annual,Missouri,allocated_overhead,General farm overhead,0.36,dollars_per_cwt
2009,annual,Missouri,allocated_overhead,"Total, allocated overhead",12.04,dollars_per_cwt
2009,annual,Missouri,total_costs,Total costs listed,25.01,dollars_per_cwt
2009,annual,Missouri,net_value,Value of production less total costs listed,-9.329999999999998,dollars_per_cwt
2009,annual,Missouri,net_value,Value of production less operating costs,2.710000000000001,dollars_per_cwt
2009,annual,Missouri,supporting_information,Milk cows (head per farm),134.0,head_per_farm
2009,annual,Missouri,supporting_information,Output per cow (pounds),15865.0,pounds
2009,annual,Missouri,supporting_information,Milking frequency more than twice per day (percent of farms),0.35,percent_of_farms
2009,annual,Missouri,supporting_information,Milk cows injected with bST (head per farm),18.0,head_per_farm
2009,annual,Missouri,supporting_information,Organic milk sold (percent of sales),0.0,percent_of_sales
2009,annual,Mexico,gross_value_of_production,Milk sold,12.33,dollars_per_cwt
2009,annual,Mexico,gross_value_of_production,Cattle,2.03,dollars_per_cwt
2009,annual,Mexico,gross_value_of_production,Other income 2/,0.77,dollars_per_cwt
2009,annual,Mexico,gross_value_of_production,"Total, gross value of production",15.13,dollars_per_cwt
2009,annual,Mexico,operating_costs,Purchased feed,8.41,dollars_per_cwt
2009,annual,Mexico,operating_costs,Homegrown harvested feed,1.14,dollars_per_cwt
2009,annual,Mexico,operating_costs,Grazed feed,0.01,dollars_per_cwt
2009,annual,Mexico,operating_costs,"Total, feed costs",9.56,dollars_per_cwt
2009,annual,Mexico,operating_costs,Veterinary and medicine,0.61,dollars_per_cwt
2009,annual,Mexico,operating_costs,Bedding and litter,0.0,dollars_per_cwt
2009,annual,Mexico,operating_costs,Marketing,0.43,dollars_per_cwt
2009,annual,Mexico,operating_costs,Custom services,0.5,dollars_per_cwt
2009,annual,Mexico,operating_costs,"Fuel, lube, and electricity",0.31,dollars_per_cwt
2009,annual,Mexico,operating_costs,Repairs,0.3,dollars_per_cwt
2009,annual,Mexico,operating_costs,Other operating costs 3/,0.0,dollars_per_cwt
2009,annual,Mexico,operating_costs,Interest on operating capital,0.02,dollars_per_cwt
2009,annual,Mexico,operating_costs,"Total, operating cost",11.73,dollars_per_cwt
2009,annual,Mexico,allocated_overhead,Hired labor,1.68,dollars_per_cwt
2009,annual,Mexico,allocated_overhead,Opportunity cost of unpaid labor,0.16,dollars_per_cwt
2009,annual,Mexico,allocated_overhead,Capital recovery of machinery and equipment 4/,1.34,dollars_per_cwt
2009,annual,Mexico,allocated_overhead,Opportunity cost of land (rental rate),0.0,dollars_per_cwt
2009,annual,Mexico,allocated_overhead,Taxes and insurance,0.11,dollars_per_cwt
2009,annual,Mexico,allocated_overhead,General farm overhead,0.2,dollars_per_cwt
2009,annual,Mexico,allocated_overhead,"Total, allocated overhead",3.49,dollars_per_cwt
2009,annual,Mexico,total_costs,Total costs listed,15.22,dollars_per_cwt
2009,annual,Mexico,net_value,Value of production less total costs listed,-0.0900000000000016,dollars_per_cwt
2009,annual,Mexico,net_value,Value of production less operating costs,3.3999999999999986,dollars_per_cwt
2009,annual,Mexico,supporting_information,Milk cows (head per farm),2348.0,head_per_farm
2009,annual,Mexico,supporting_information,Output per cow (pounds),16926.0,pounds
2009,annual,Mexico,supporting_information,Milking frequency more than twice per day (percent of farms),64.03,percent_of_farms
2009,annual,Mexico,supporting_information,Milk cows injected with bST (head per farm),285.0,head_per_farm
2009,annual,Mexico,supporting_information,Organic milk sold (percent of sales),0.0,percent_of_sales
2009,annual,York,gross_value_of_production,Milk sold,13.78,dollars_per_cwt
2009,annual,York,gross_value_of_production,Cattle,1.06,dollars_per_cwt
2009,annual,York,gross_value_of_production,Other income 2/,0.91,dollars_per_cwt
2009,annual,York,gross_value_of_production,"Total, gross value of production",15.75,dollars_per_cwt
2009,annual,York,operating_costs,Purchased feed,5.35,dollars_per_cwt
2009,annual,York,operating_costs,Homegrown harvested feed,5.49,dollars_per_cwt
2009,annual,York,operating_costs,Grazed feed,0.12,dollars_per_cwt
2009,annual,York,operating_costs,"Total, feed costs",10.96,dollars_per_cwt
2009,annual,York,operating_costs,Veterinary and medicine,0.98,dollars_per_cwt
2009,annual,York,operating_costs,Bedding and litter,0.54,dollars_per_cwt
2009,annual,York,operating_costs,Marketing,0.27,dollars_per_cwt
2009,annual,York,operating_costs,Custom services,0.59,dollars_per_cwt
2009,annual,York,operating_costs,"Fuel, lube, and electricity",0.77,dollars_per_cwt
2009,annual,York,operating_costs,Repairs,0.9,dollars_per_cwt
2009,annual,York,operating_costs,Other operating costs 3/,0.0,dollars_per_cwt
2009,annual,York,operating_costs,Interest on operating capital,0.02,dollars_per_cwt
2009,annual,York,operating_costs,"Total, operating cost",15.029999999999998,dollars_per_cwt
2009,annual,York,allocated_overhead,Hired labor,2.14,dollars_per_cwt
2009,annual,York,allocated_overhead,Opportunity cost of unpaid labor,3.41,dollars_per_cwt
2009,annual,York,allocated_overhead,Capital recovery of machinery and equipment 4/,4.29,dollars_per_cwt
2009,annual,York,allocated_overhead,Opportunity cost of land (rental rate),0.03,dollars_per_cwt
2009,annual,York,allocated_overhead,Taxes and insurance,0.32,dollars_per_cwt
2009,annual,York,allocated_overhead,General farm overhead,0.83,dollars_per_cwt
2009,annual,York,allocated_overhead,"Total, allocated overhead",11.02,dollars_per_cwt
2009,annual,York,total_costs,Total costs listed,26.05,dollars_per_cwt
2009,annual,York,net_value,Value of production less total costs listed,-10.299999999999995,dollars_per_cwt
2009,annual,York,net_value,Value of production less operating costs,0.7200000000000024,dollars_per_cwt
2009,annual,York,supporting_information,Milk cows (head per farm),128.0,head_per_farm
2009,annual,York,supporting_information,Output per cow (pounds),19165.0,pounds
2009,annual,York,supporting_information,Milking frequency more than twice per day (percent of farms),6.0,percent_of_farms
2009,annual,York,supporting_information,Milk cows injected with bST (head per farm),24.0,head_per_farm
2009,annual,York,supporting_information,Organic milk sold (percent of sales),0.4,percent_of_sales
2009,annual,Ohio,gross_value_of_production,Milk sold,13.52,dollars_per_cwt
2009,annual,Ohio,gross_value_of_production,Cattle,1.23,dollars_per_cwt
2009,annual,Ohio,gross_value_of_production,Other income 2/,0.74,dollars_per_cwt
2009,annual,Ohio,gross_value_of_production,"Total, gross value of production",15.49,dollars_per_cwt
2009,annual,Ohio,operating_costs,Purchased feed,5.82,dollars_per_cwt
2009,annual,Ohio,operating_costs,Homegrown harvested feed,3.96,dollars_per_cwt
2009,annual,Ohio,operating_costs,Grazed feed,0.08,dollars_per_cwt
2009,annual,Ohio,operating_costs,"Total, feed costs",9.86,dollars_per_cwt
2009,annual,Ohio,operating_costs,Veterinary and medicine,1.19,dollars_per_cwt
2009,annual,Ohio,operating_costs,Bedding and litter,0.41,dollars_per_cwt
2009,annual,Ohio,operating_costs,Marketing,0.31,dollars_per_cwt
2009,annual,Ohio,operating_costs,Custom services,0.57,dollars_per_cwt
2009,annual,Ohio,operating_costs,"Fuel, lube, and electricity",0.6,dollars_per_cwt
2009,annual,Ohio,operating_costs,Repairs,0.82,dollars_per_cwt
2009,annual,Ohio,operating_costs,Other operating costs 3/,0.0,dollars_per_cwt
2009,annual,Ohio,operating_costs,Interest on operating capital,0.02,dollars_per_cwt
2009,annual,Ohio,operating_costs,"Total, operating cost",13.78,dollars_per_cwt
2009,annual,Ohio,allocated_overhead,Hired labor,1.52,dollars_per_cwt
2009,annual,Ohio,allocated_overhead,Opportunity cost of unpaid labor,3.3,dollars_per_cwt
2009,annual,Ohio,allocated_overhead,Capital recovery of machinery and equipment 4/,4.42,dollars_per_cwt
2009,annual,Ohio,allocated_overhead,Opportunity cost of land (rental rate),0.06,dollars_per_cwt
2009,annual,Ohio,allocated_overhead,Taxes and insurance,0.26,dollars_per_cwt
2009,annual,Ohio,allocated_overhead,General farm overhead,0.74,dollars_per_cwt
2009,annual,Ohio,allocated_overhead,"Total, allocated overhead",10.3,dollars_per_cwt
2009,annual,Ohio,total_costs,Total costs listed,24.08,dollars_per_cwt
2009,annual,Ohio,net_value,Value of production less total costs listed,-8.590000000000002,dollars_per_cwt
2009,annual,Ohio,net_value,Value of production less operating costs,1.709999999999999,dollars_per_cwt
2009,annual,Ohio,supporting_information,Milk cows (head per farm),97.0,head_per_farm
2009,annual,Ohio,supporting_information,Output per cow (pounds),18005.0,pounds
2009,annual,Ohio,supporting_information,Milking frequency more than twice per day (percent of farms),2.76,percent_of_farms
2009,annual,Ohio,supporting_information,Milk cows injected with bST (head per farm),22.0,head_per_farm
2009,annual,Ohio,supporting_information,Organic milk sold (percent of sales),0.43,percent_of_sales
2009,annual,Oregon,gross_value_of_production,Milk sold,14.15,dollars_per_cwt
2009,annual,Oregon,gross_value_of_production,Cattle,1.01,dollars_per_cwt
2009,annual,Oregon,gross_value_of_production,Other income 2/,1.14,dollars_per_cwt
2009,annual,Oregon,gross_value_of_production,"Total, gross value of production",16.3,dollars_per_cwt
2009,annual,Oregon,operating_costs,Purchased feed,9.83,dollars_per_cwt
2009,annual,Oregon,operating_costs,Homegrown harvested feed,2.32,dollars_per_cwt
2009,annual,Oregon,operating_costs,Grazed feed,0.21,dollars_per_cwt
2009,annual,Oregon,operating_costs,"Total, feed costs",12.36,dollars_per_cwt
2009,annual,Oregon,operating_costs,Veterinary and medicine,0.8,dollars_per_cwt
2009,annual,Oregon,operating_costs,Bedding and litter,0.19,dollars_per_cwt
2009,annual,Oregon,operating_costs,Marketing,0.26,dollars_per_cwt
2009,annual,Oregon,operating_costs,Custom services,0.45,dollars_per_cwt
2009,annual,Oregon,operating_costs,"Fuel, lube, and electricity",0.6,dollars_per_cwt
2009,annual,Oregon,operating_costs,Repairs,0.87,dollars_per_cwt
2009,annual,Oregon,operating_costs,Other operating costs 3/,0.0,dollars_per_cwt
2009,annual,Oregon,operating_costs,Interest on operating capital,0.02,dollars_per_cwt
2009,annual,Oregon,operating_costs,"Total, operating cost",15.55,dollars_per_cwt
2009,annual,Oregon,allocated_overhead,Hired labor,2.34,dollars_per_cwt
2009,annual,Oregon,allocated_overhead,Opportunity cost of unpaid labor,1.8,dollars_per_cwt
2009,annual,Oregon,allocated_overhead,Capital recovery of machinery and equipment 4/,2.81,dollars_per_cwt
2009,annual,Oregon,allocated_overhead,Opportunity cost of land (rental rate),0.02,dollars_per_cwt
2009,annual,Oregon,allocated_overhead,Taxes and insurance,0.22,dollars_per_cwt
2009,annual,Oregon,allocated_overhead,General farm overhead,0.58,dollars_per_cwt
2009,annual,Oregon,allocated_overhead,"Total, allocated overhead",7.769999999999999,dollars_per_cwt
2009,annual,Oregon,total_costs,Total costs listed,23.32,dollars_per_cwt
2009,annual,Oregon,net_value,Value of production less total costs listed,-7.02,dollars_per_cwt
2009,annual,Oregon,net_value,Value of production less operating costs,0.75,dollars_per_cwt
2009,annual,Oregon,supporting_information,Milk cows (head per farm),316.0,head_per_farm
2009,annual,Oregon,supporting_information,Output per cow (pounds),18309.0,pounds
2009,annual,Oregon,supporting_information,Milking frequency more than twice per day (percent of farms),6.94,percent_of_farms
2009,annual,Oregon,supporting_information,Milk cows injected with bST (head per farm),8.0,head_per_farm
2009,annual,Oregon,supporting_information,Organic milk sold (percent of sales),5.36,percent_of_sales
2009,annual,Pennsylvania,gross_value_of_production,Milk sold,12.64,dollars_per_cwt
2009,annual,Pennsylvania,gross_value_of_production,Cattle,1.03,dollars_per_cwt
2009,annual,Pennsylvania,gross_value_of_production,Other income 2/,0.79,dollars_per_cwt
2009,annual,Pennsylvania,gross_value_of_production,"Total, gross value of production",14.46,dollars_per_cwt
2009,annual,Pennsylvania,operating_costs,Purchased feed,5.58,dollars_per_cwt
2009,annual,Pennsylvania,operating_costs,Homegrown harvested feed,5.02,dollars_per_cwt
2009,annual,Pennsylvania,operating_costs,Grazed feed,0.15,dollars_per_cwt
2009,annual,Pennsylvania,operating_costs,"Total, feed costs",10.75,dollars_per_cwt
2009,annual,Pennsylvania,operating_costs,Veterinary and medicine,1.24,dollars_per_cwt
2009,annual,Pennsylvania,operating_costs,Bedding and litter,0.64,dollars_per_cwt
2009,annual,Pennsylvania,operating_costs,Marketing,0.35,dollars_per_cwt
2009,annual,Pennsylvania,operating_costs,Custom services,0.66,dollars_per_cwt
2009,annual,Pennsylvania,operating_costs,"Fuel, lube, and electricity",0.77,dollars_per_cwt
2009,annual,Pennsylvania,operating_costs,Repairs,0.92,dollars_per_cwt
2009,annual,Pennsylvania,operating_costs,Other operating costs 3/,0.0,dollars_per_cwt
2009,annual,Pennsylvania,operating_costs,Interest on operating capital,0.02,dollars_per_cwt
2009,annual,Pennsylvania,operating_costs,"Total, operating cost",15.35,dollars_per_cwt
2009,annual,Pennsylvania,allocated_overhead,Hired labor,1.04,dollars_per_cwt
2009,annual,Pennsylvania,allocated_overhead,Opportunity cost of unpaid labor,4.31,dollars_per_cwt
2009,annual,Pennsylvania,allocated_overhead,Capital recovery of machinery and equipment 4/,3.81,dollars_per_cwt
2009,annual,Pennsylvania,allocated_overhead,Opportunity cost of land (rental rate),0.06,dollars_per_cwt
2009,annual,Pennsylvania,allocated_overhead,Taxes and insurance,0.32,dollars_per_cwt
2009,annual,Pennsylvania,allocated_overhead,General farm overhead,0.7,dollars_per_cwt
2009,annual,Pennsylvania,allocated_overhead,"Total, allocated overhead",10.24,dollars_per_cwt
2009,annual,Pennsylvania,total_costs,Total costs listed,25.59,dollars_per_cwt
2009,annual,Pennsylvania,net_value,Value of production less total costs listed,-11.13,dollars_per_cwt
2009,annual,Pennsylvania,net_value,Value of production less operating costs,-0.8899999999999988,dollars_per_cwt
2009,annual,Pennsylvania,supporting_information,Milk cows (head per farm),89.0,head_per_farm
2009,annual,Pennsylvania,supporting_information,Output per cow (pounds),19146.0,pounds
2009,annual,Pennsylvania,supporting_information,Milking frequency more than twice per day (percent of farms),13.06,percent_of_farms
2009,annual,Pennsylvania,supporting_information,Milk cows injected with bST (head per farm),20.0,head_per_farm
2009,annual,Pennsylvania,supporting_information,Organic milk sold (percent of sales),0.59,percent_of_sales
2009,annual,Tennessee,gross_value_of_production,Milk sold,15.79,dollars_per_cwt
2009,annual,Tennessee,gross_value_of_production,Cattle,1.13,dollars_per_cwt
2009,annual,Tennessee,gross_value_of_production,Other income 2/,1.06,dollars_per_cwt
2009,annual,Tennessee,gross_value_of_production,"Total, gross value of production",17.979999999999997,dollars_per_cwt
2009,annual,Tennessee,operating_costs,Purchased feed,7.47,dollars_per_cwt
2009,annual,Tennessee,operating_costs,Homegrown harvested feed,6.76,dollars_per_cwt
2009,annual,Tennessee,operating_costs,Grazed feed,0.29,dollars_per_cwt
2009,annual,Tennessee,operating_costs,"Total, feed costs",14.52,dollars_per_cwt
2009,annual,Tennessee,operating_costs,Veterinary and medicine,0.87,dollars_per_cwt
2009,annual,Tennessee,operating_costs,Bedding and litter,0.1,dollars_per_cwt
2009,annual,Tennessee,operating_costs,Marketing,0.31,dollars_per_cwt
2009,annual,Tennessee,operating_costs,Custom services,0.69,dollars_per_cwt
2009,annual,Tennessee,operating_costs,"Fuel, lube, and electricity",0.91,dollars_per_cwt
2009,annual,Tennessee,operating_costs,Repairs,0.92,dollars_per_cwt
2009,annual,Tennessee,operating_costs,Other operating costs 3/,0.0,dollars_per_cwt
2009,annual,Tennessee,operating_costs,Interest on operating capital,0.03,dollars_per_cwt
2009,annual,Tennessee,operating_costs,"Total, operating cost",18.35,dollars_per_cwt
2009,annual,Tennessee,allocated_overhead,Hired labor,2.4,dollars_per_cwt
2009,annual,Tennessee,allocated_overhead,Opportunity cost of unpaid labor,4.61,dollars_per_cwt
2009,annual,Tennessee,allocated_overhead,Capital recovery of machinery and equipment 4/,6.89,dollars_per_cwt
2009,annual,Tennessee,allocated_overhead,Opportunity cost of land (rental rate),0.09,dollars_per_cwt
2009,annual,Tennessee,allocated_overhead,Taxes and insurance,0.28,dollars_per_cwt
2009,annual,Tennessee,allocated_overhead,General farm overhead,0.66,dollars_per_cwt
2009,annual,Tennessee,allocated_overhead,"Total, allocated overhead",14.929999999999998,dollars_per_cwt
2009,annual,Tennessee,total_costs,Total costs listed,33.279999999999994,dollars_per_cwt
2009,annual,Tennessee,net_value,Value of production less total costs listed,-15.299999999999995,dollars_per_cwt
2009,annual,Tennessee,net_value,Value of production less operating costs,-0.370000000000001,dollars_per_cwt
2009,annual,Tennessee,supporting_information,Milk cows (head per farm),116.0,head_per_farm
2009,annual,Tennessee,supporting_information,Output per cow (pounds),14641.0,pounds
2009,annual,Tennessee,supporting_information,Milking frequency more than twice per day (percent of farms),1.69,percent_of_farms
2009,annual,Tennessee,supporting_information,Milk cows injected with bST (head per farm),5.0,head_per_farm
2009,annual,Tennessee,supporting_information,Organic milk sold (percent of sales),0.0,percent_of_sales
2009,annual,Texas,gross_value_of_production,Milk sold,12.24,dollars_per_cwt
2009,annual,Texas,gross_value_of_production,Cattle,1.01,dollars_per_cwt
2009,annual,Texas,gross_value_of_production,Other income 2/,0.77,dollars_per_cwt
2009,annual,Texas,gross_value_of_production,"Total, gross value of production",14.02,dollars_per_cwt
2009,annual,Texas,operating_costs,Purchased feed,12.01,dollars_per_cwt
2009,annual,Texas,operating_costs,Homegrown harvested feed,1.15,dollars_per_cwt
2009,annual,Texas,operating_costs,Grazed feed,0.1,dollars_per_cwt
2009,annual,Texas,operating_costs,"Total, feed costs",13.26,dollars_per_cwt
2009,annual,Texas,operating_costs,Veterinary and medicine,0.71,dollars_per_cwt
2009,annual,Texas,operating_costs,Bedding and litter,0.17,dollars_per_cwt
2009,annual,Texas,operating_costs,Marketing,0.32,dollars_per_cwt
2009,annual,Texas,operating_costs,Custom services,0.53,dollars_per_cwt
2009,annual,Texas,operating_costs,"Fuel, lube, and electricity",0.62,dollars_per_cwt
2009,annual,Texas,operating_costs,Repairs,0.51,dollars_per_cwt
2009,annual,Texas,operating_costs,Other operating costs 3/,0.0,dollars_per_cwt
2009,annual,Texas,operating_costs,Interest on operating capital,0.02,dollars_per_cwt
2009,annual,Texas,operating_costs,"Total, operating cost",16.14,dollars_per_cwt
2009,annual,Texas,allocated_overhead,Hired labor,1.46,dollars_per_cwt
2009,annual,Texas,allocated_overhead,Opportunity cost of unpaid labor,1.13,dollars_per_cwt
2009,annual,Texas,allocated_overhead,Capital recovery of machinery and equipment 4/,3.11,dollars_per_cwt
2009,annual,Texas,allocated_overhead,Opportunity cost of land (rental rate),0.01,dollars_per_cwt
2009,annual,Texas,allocated_overhead,Taxes and insurance,0.17,dollars_per_cwt
2009,annual,Texas,allocated_overhead,General farm overhead,0.37,dollars_per_cwt
2009,annual,Texas,allocated_overhead,"Total, allocated overhead",6.249999999999999,dollars_per_cwt
2009,annual,Texas,total_costs,Total costs listed,22.39,dollars_per_cwt
2009,annual,Texas,net_value,Value of production less total costs listed,-8.370000000000001,dollars_per_cwt
2009,annual,Texas,net_value,Value of production less operating costs,-2.120000000000001,dollars_per_cwt
2009,annual,Texas,supporting_information,Milk cows (head per farm),471.0,head_per_farm
2009,annual,Texas,supporting_information,Output per cow (pounds),17100.0,pounds
2009,annual,Texas,supporting_information,Milking frequency more than twice per day (percent of farms),17.68,percent_of_farms
2009,annual,Texas,supporting_information,Milk cows injected with bST (head per farm),56.0,head_per_farm
2009,annual,Texas,supporting_information,Organic milk sold (percent of sales),0.08,percent_of_sales
2009,annual,Vermont,gross_value_of_production,Milk sold,13.81,dollars_per_cwt
2009,annual,Vermont,gross_value_of_production,Cattle,0.86,dollars_per_cwt
2009,annual,Vermont,gross_value_of_production,Other income 2/,1.13,dollars_per_cwt
2009,annual,Vermont,gross_value_of_production,"Total, gross value of production",15.8,dollars_per_cwt
2009,annual,Vermont,operating_costs,Purchased feed,5.82,dollars_per_cwt
2009,annual,Vermont,operating_costs,Homegrown harvested feed,3.58,dollars_per_cwt
2009,annual,Vermont,operating_costs,Grazed feed,0.21,dollars_per_cwt
2009,annual,Vermont,operating_costs,"Total, feed costs",9.61,dollars_per_cwt
2009,annual,Vermont,operating_costs,Veterinary and medicine,0.91,dollars_per_cwt
2009,annual,Vermont,operating_costs,Bedding and litter,0.43,dollars_per_cwt
2009,annual,Vermont,operating_costs,Marketing,0.29,dollars_per_cwt
2009,annual,Vermont,operating_costs,Custom services,0.49,dollars_per_cwt
2009,annual,Vermont,operating_costs,"Fuel, lube, and electricity",0.69,dollars_per_cwt
2009,annual,Vermont,operating_costs,Repairs,0.62,dollars_per_cwt
2009,annual,Vermont,operating_costs,Other operating costs 3/,0.0,dollars_per_cwt
2009,annual,Vermont,operating_costs,Interest on operating capital,0.02,dollars_per_cwt
2009,annual,Vermont,operating_costs,"Total, operating cost",13.060000000000002,dollars_per_cwt
2009,annual,Vermont,allocated_overhead,Hired labor,1.88,dollars_per_cwt
2009,annual,Vermont,allocated_overhead,Opportunity cost of unpaid labor,3.09,dollars_per_cwt
2009,annual,Vermont,allocated_overhead,Capital recovery of machinery and equipment 4/,3.86,dollars_per_cwt
2009,annual,Vermont,allocated_overhead,Opportunity cost of land (rental rate),0.07,dollars_per_cwt
2009,annual,Vermont,allocated_overhead,Taxes and insurance,0.39,dollars_per_cwt
2009,annual,Vermont,allocated_overhead,General farm overhead,1.14,dollars_per_cwt
2009,annual,Vermont,allocated_overhead,"Total, allocated overhead",10.43,dollars_per_cwt
2009,annual,Vermont,total_costs,Total costs listed,23.49,dollars_per_cwt
2009,annual,Vermont,net_value,Value of production less total costs listed,-7.690000000000001,dollars_per_cwt
2009,annual,Vermont,net_value,Value of production less operating costs,2.7399999999999984,dollars_per_cwt
2009,annual,Vermont,supporting_information,Milk cows (head per farm),133.0,head_per_farm
2009,annual,Vermont,supporting_information,Output per cow (pounds),18125.0,pounds
2009,annual,Vermont,supporting_information,Milking frequency more than twice per day (percent of farms),7.47,percent_of_farms
2009,annual,Vermont,supporting_information,Milk cows injected with bST (head per farm),11.0,head_per_farm
2009,annual,Vermont,supporting_information,Organic milk sold (percent of sales),2.44,percent_of_sales
2009,annual,Virginia,gross_value_of_production,Milk sold,15.19,dollars_per_cwt
2009,annual,Virginia,gross_value_of_production,Cattle,1.36,dollars_per_cwt
2009,annual,Virginia,gross_value_of_production,Other income 2/,1.0,dollars_per_cwt
2009,annual,Virginia,gross_value_of_production,"Total, gross value of production",17.55,dollars_per_cwt
2009,annual,Virginia,operating_costs,Purchased feed,6.49,dollars_per_cwt
2009,annual,Virginia,operating_costs,Homegrown harvested feed,4.27,dollars_per_cwt
2009,annual,Virginia,operating_costs,Grazed feed,0.12,dollars_per_cwt
2009,annual,Virginia,operating_costs,"Total, feed costs",10.88,dollars_per_cwt
2009,annual,Virginia,operating_costs,Veterinary and medicine,1.41,dollars_per_cwt
2009,annual,Virginia,operating_costs,Bedding and litter,0.26,dollars_per_cwt
2009,annual,Virginia,operating_costs,Marketing,0.38,dollars_per_cwt
2009,annual,Virginia,operating_costs,Custom services,0.65,dollars_per_cwt
2009,annual,Virginia,operating_costs,"Fuel, lube, and electricity",0.68,dollars_per_cwt
2009,annual,Virginia,operating_costs,Repairs,1.02,dollars_per_cwt
2009,annual,Virginia,operating_costs,Other operating costs 3/,0.0,dollars_per_cwt
2009,annual,Virginia,operating_costs,Interest on operating capital,0.02,dollars_per_cwt
2009,annual,Virginia,operating_costs,"Total, operating cost",15.3,dollars_per_cwt
2009,annual,Virginia,allocated_overhead,Hired labor,2.07,dollars_per_cwt
2009,annual,Virginia,allocated_overhead,Opportunity cost of unpaid labor,3.34,dollars_per_cwt
2009,annual,Virginia,allocated_overhead,Capital recovery of machinery and equipment 4/,4.74,dollars_per_cwt
2009,annual,Virginia,allocated_overhead,Opportunity cost of land (rental rate),0.04,dollars_per_cwt
2009,annual,Virginia,allocated_overhead,Taxes and insurance,0.36,dollars_per_cwt
2009,annual,Virginia,allocated_overhead,General farm overhead,1.0,dollars_per_cwt
2009,annual,Virginia,allocated_overhead,"Total, allocated overhead",11.55,dollars_per_cwt
2009,annual,Virginia,total_costs,Total costs listed,26.85,dollars_per_cwt
2009,annual,Virginia,net_value,Value of production less total costs listed,-9.299999999999995,dollars_per_cwt
2009,annual,Virginia,net_value,Value of production less operating costs,2.2500000000000018,dollars_per_cwt
2009,annual,Virginia,supporting_information,Milk cows (head per farm),133.0,head_per_farm
2009,annual,Virginia,supporting_information,Output per cow (pounds),18988.0,pounds
2009,annual,Virginia,supporting_information,Milking frequency more than twice per day (percent of farms),6.96,percent_of_farms
2009,annual,Virginia,supporting_information,Milk cows injected with bST (head per farm),24.0,head_per_farm
2009,annual,Virginia,supporting_information,Organic milk sold (percent of sales),0.0,percent_of_sales
2009,annual,Washington,gross_value_of_production,Milk sold,12.34,dollars_per_cwt
2009,annual,Washington,gross_value_of_production,Cattle,0.65,dollars_per_cwt
2009,annual,Washington,gross_value_of_production,Other income 2/,0.62,dollars_per_cwt
2009,annual,Washington,gross_value_of_production,"Total, gross value of production",13.61,dollars_per_cwt
2009,annual,Washington,operating_costs,Purchased feed,8.4,dollars_per_cwt
2009,annual,Washington,operating_costs,Homegrown harvested feed,1.82,dollars_per_cwt
2009,annual,Washington,operating_costs,Grazed feed,0.03,dollars_per_cwt
2009,annual,Washington,operating_costs,"Total, feed costs",10.25,dollars_per_cwt
2009,annual,Washington,operating_costs,Veterinary and medicine,0.87,dollars_per_cwt
2009,annual,Washington,operating_costs,Bedding and litter,0.23,dollars_per_cwt
2009,annual,Washington,operating_costs,Marketing,0.33,dollars_per_cwt
2009,annual,Washington,operating_costs,Custom services,0.42,dollars_per_cwt
2009,annual,Washington,operating_costs,"Fuel, lube, and electricity",0.35,dollars_per_cwt
2009,annual,Washington,operating_costs,Repairs,0.55,dollars_per_cwt
2009,annual,Washington,operating_costs,Other operating costs 3/,0.0,dollars_per_cwt
2009,annual,Washington,operating_costs,Interest on operating capital,0.02,dollars_per_cwt
2009,annual,Washington,operating_costs,"Total, operating cost",13.02,dollars_per_cwt
2009,annual,Washington,allocated_overhead,Hired labor,2.13,dollars_per_cwt
2009,annual,Washington,allocated_overhead,Opportunity cost of unpaid labor,0.54,dollars_per_cwt
2009,annual,Washington,allocated_overhead,Capital recovery of machinery and equipment 4/,1.66,dollars_per_cwt
2009,annual,Washington,allocated_overhead,Opportunity cost of land (rental rate),0.01,dollars_per_cwt
2009,annual,Washington,allocated_overhead,Taxes and insurance,0.16,dollars_per_cwt
2009,annual,Washington,allocated_overhead,General farm overhead,0.34,dollars_per_cwt
2009,annual,Washington,allocated_overhead,"Total, allocated overhead",4.84,dollars_per_cwt
2009,annual,Washington,total_costs,Total costs listed,17.86,dollars_per_cwt
2009,annual,Washington,net_value,Value of production less total costs listed,-4.25,dollars_per_cwt
2009,annual,Washington,net_value,Value of production less operating costs,0.5899999999999999,dollars_per_cwt
2009,annual,Washington,supporting_information,Milk cows (head per farm),699.0,head_per_farm
2009,annual,Washington,supporting_information,Output per cow (pounds),23536.0,pounds
2009,annual,Washington,supporting_information,Milking frequency more than twice per day (percent of farms),36.82,percent_of_farms
2009,annual,Washington,supporting_information,Milk cows injected with bST (head per farm),80.0,head_per_farm
2009,annual,Washington,supporting_information,Organic milk sold (percent of sales),0.56,percent_of_sales
2009,annual,Wisconsin,gross_value_of_production,Milk sold,13.27,dollars_per_cwt
2009,annual,Wisconsin,gross_value_of_production,Cattle,1.03,dollars_per_cwt
2009,annual,Wisconsin,gross_value_of_production,Other income 2/,0.79,dollars_per_cwt
2009,annual,Wisconsin,gross_value_of_production,"Total, gross value of production",15.09,dollars_per_cwt
2009,annual,Wisconsin,operating_costs,Purchased feed,5.7,dollars_per_cwt
2009,annual,Wisconsin,operating_costs,Homegrown harvested feed,3.66,dollars_per_cwt
2009,annual,Wisconsin,operating_costs,Grazed feed,0.08,dollars_per_cwt
2009,annual,Wisconsin,operating_costs,"Total, feed costs",9.44,dollars_per_cwt
2009,annual,Wisconsin,operating_costs,Veterinary and medicine,1.13,dollars_per_cwt
2009,annual,Wisconsin,operating_costs,Bedding and litter,0.28,dollars_per_cwt
2009,annual,Wisconsin,operating_costs,Marketing,0.24,dollars_per_cwt
2009,annual,Wisconsin,operating_costs,Custom services,0.46,dollars_per_cwt
2009,annual,Wisconsin,operating_costs,"Fuel, lube, and electricity",0.58,dollars_per_cwt
2009,annual,Wisconsin,operating_costs,Repairs,0.73,dollars_per_cwt
2009,annual,Wisconsin,operating_costs,Other operating costs 3/,0.0,dollars_per_cwt
2009,annual,Wisconsin,operating_costs,Interest on operating capital,0.02,dollars_per_cwt
2009,annual,Wisconsin,operating_costs,"Total, operating cost",12.88,dollars_per_cwt
2009,annual,Wisconsin,allocated_overhead,Hired labor,1.74,dollars_per_cwt
2009,annual,Wisconsin,allocated_overhead,Opportunity cost of unpaid labor,3.31,dollars_per_cwt
2009,annual,Wisconsin,allocated_overhead,Capital recovery of machinery and equipment 4/,3.46,dollars_per_cwt
2009,annual,Wisconsin,allocated_overhead,Opportunity cost of land (rental rate),0.03,dollars_per_cwt
2009,annual,Wisconsin,allocated_overhead,Taxes and insurance,0.33,dollars_per_cwt
2009,annual,Wisconsin,allocated_overhead,General farm overhead,0.76,dollars_per_cwt
2009,annual,Wisconsin,allocated_overhead,"Total, allocated overhead",9.63,dollars_per_cwt
2009,annual,Wisconsin,total_costs,Total costs listed,22.51,dollars_per_cwt
2009,annual,Wisconsin,net_value,Value of production less total costs listed,-7.419999999999998,dollars_per_cwt
2009,annual,Wisconsin,net_value,Value of production less operating costs,2.210000000000001,dollars_per_cwt
2009,annual,Wisconsin,supporting_information,Milk cows (head per farm),101.0,head_per_farm
2009,annual,Wisconsin,supporting_information,Output per cow (pounds),19889.0,pounds
2009,annual,Wisconsin,supporting_information,Milking frequency more than twice per day (percent of farms),7.13,percent_of_farms
2009,annual,Wisconsin,supporting_information,Milk cows injected with bST (head per farm),20.0,head_per_farm
2009,annual,Wisconsin,supporting_information,Organic milk sold (percent of sales),0.82,percent_of_sales
2009,annual,States,gross_value_of_production,Milk sold,12.81,dollars_per_cwt
2009,annual,States,gross_value_of_production,Cattle,1.14,dollars_per_cwt
2009,annual,States,gross_value_of_production,Other income 2/,0.83,dollars_per_cwt
2009,annual,States,gross_value_of_production,"Total, gross value of production",14.78,dollars_per_cwt
2009,annual,States,operating_costs,Purchased feed,7.54,dollars_per_cwt
2009,annual,States,operating_costs,Homegrown harvested feed,3.27,dollars_per_cwt
2009,annual,States,operating_costs,Grazed feed,0.09,dollars_per_cwt
2009,annual,States,operating_costs,"Total, feed costs",10.9,dollars_per_cwt
2009,annual,States,operating_costs,Veterinary and medicine,0.94,dollars_per_cwt
2009,annual,States,operating_costs,Bedding and litter,0.25,dollars_per_cwt
2009,annual,States,operating_costs,Marketing,0.31,dollars_per_cwt
2009,annual,States,operating_costs,Custom services,0.49,dollars_per_cwt
2009,annual,States,operating_costs,"Fuel, lube, and electricity",0.57,dollars_per_cwt
2009,annual,States,operating_costs,Repairs,0.66,dollars_per_cwt
2009,annual,States,operating_costs,Other operating costs 3/,0.0,dollars_per_cwt
2009,annual,States,operating_costs,Interest on operating capital,0.02,dollars_per_cwt
2009,annual,States,operating_costs,"Total, operating cost",14.14,dollars_per_cwt
2009,annual,States,allocated_overhead,Hired labor,1.71,dollars_per_cwt
2009,annual,States,allocated_overhead,Opportunity cost of unpaid labor,2.28,dollars_per_cwt
2009,annual,States,allocated_overhead,Capital recovery of machinery and equipment 4/,3.31,dollars_per_cwt
2009,annual,States,allocated_overhead,Opportunity cost of land (rental rate),0.03,dollars_per_cwt
2009,annual,States,allocated_overhead,Taxes and insurance,0.24,dollars_per_cwt
2009,annual,States,allocated_overhead,General farm overhead,0.57,dollars_per_cwt
2009,annual,States,allocated_overhead,"Total, allocated overhead",8.14,dollars_per_cwt
2009,annual,States,total_costs,Total costs listed,22.28,dollars_per_cwt
2009,annual,States,net_value,Value of production less total costs listed,-7.5,dollars_per_cwt
2009,annual,States,net_value,Value of production less operating costs,0.6400000000000006,dollars_per_cwt
2009,annual,States,supporting_information,Milk cows (head per farm),170.0,head_per_farm
2009,annual,States,supporting_information,Output per cow (pounds),19161.0,pounds
2009,annual,States,supporting_information,Milking frequency more than twice per day (percent of farms),7.81,percent_of_farms
2009,annual,States,supporting_information,Milk cows injected with bST (head per farm),28.0,head_per_farm
2009,annual,States,supporting_information,Organic milk sold (percent of sales),0.59,percent_of_sales
