week_ending_date,created_date,report_year,report_month,narrative,advanced_skim_milk_class_2_Price,butterfat_Price,nonfat_solids_Price,protein_Price,other_solids_Price,somatic_cell_adjustment_Rate,butter_monthly_avg_Price,nfdm_monthly_avg_Price,cheese_monthly_avg_Price,cheese_monthly_40p_Price,cheese_monthly_500p_Price,whey_monthly_avg_Price,report_title,slug_name,slug_id,office_name,office_code,office_city,office_state,market_location_name,market_location_city,market_location_state,market_type,market_type_category,published_date,year,period,data_item,value,category,unit
04/25/2026,04/29/2026,2026,Apr,,12.70,1.8692,1.5241,2.5190,0.3888,0.00082,1.7707,1.7788,1.6427,,,0.6443,Announcement of Class and Component Prices (PDF),DYMCLASSPRICES,2991,Dairy MMR,DY-WA,Washington,DC,"Washington, DC",Washington,DC,FMMOS,FMMOS - non-mars,04/29/2026 13:05:26,2026,2026-APR,class_2_Price,18.82,lmprs,
03/28/2026,04/01/2026,2026,Mar,,10.61,2.0220,1.3215,2.0905,0.4178,0.00078,1.8969,1.5741,1.5607,,,0.6724,Announcement of Class and Component Prices (PDF),DYMCLASSPRICES,2991,Dairy MMR,DY-WA,Washington,DC,"Washington, DC",Washington,DC,FMMOS,FMMOS - non-mars,04/01/2026 13:05:21,2026,2026-MAR,class_2_Price,17.34,lmprs,
02/28/2026,03/04/2026,2026,Feb,,9.42,1.7794,1.1220,1.9373,0.4391,0.00072,1.6966,1.3726,1.4338,,,0.6931,Announcement of Class and Component Prices (PDF),DYMCLASSPRICES,2991,Dairy MMR,DY-WA,Washington,DC,"Washington, DC",Washington,DC,FMMOS,FMMOS - non-mars,03/04/2026 12:54:48,2026,2026-FEB,class_2_Price,15.34,lmprs,
01/31/2026,02/04/2026,2026,Jan,,9.13,1.4525,0.9433,2.1768,0.4448,0.00070,1.4266,1.1921,1.4003,,,0.6986,Announcement of Class and Component Prices (PDF),DYMCLASSPRICES,2991,Dairy MMR,DY-WA,Washington,DC,"Washington, DC",Washington,DC,FMMOS,FMMOS - non-mars,02/04/2026 13:08:03,2026,2026-JAN,class_2_Price,13.92,lmprs,
12/27/2025,12/31/2025,2025,Dec,,9.19,1.5761,0.9057,2.4563,0.4352,0.00076,1.5287,1.1541,1.5271,,,0.6893,Announcement of Class and Component Prices (PDF),DYMCLASSPRICES,2991,Dairy MMR,DY-WA,Washington,DC,"Washington, DC",Washington,DC,FMMOS,FMMOS - non-mars,12/31/2025 13:05:26,2025,2025-DEC,class_2_Price,14.41,lmprs,
11/29/2025,12/03/2025,2025,Nov,,8.85,1.7061,0.9124,3.0143,0.3859,0.00087,1.6360,1.1609,1.7419,,,0.6415,Announcement of Class and Component Prices (PDF),DYMCLASSPRICES,2991,Dairy MMR,DY-WA,Washington,DC,"Washington, DC",Washington,DC,FMMOS,FMMOS - non-mars,12/03/2025 13:02:43,2025,2025-NOV,class_2_Price,14.54,lmprs,
11/01/2025,11/05/2025,2025,Oct,,9.96,1.8252,0.9116,2.8761,0.3360,0.00087,1.7344,1.1601,1.7384,,,0.5930,Announcement of Class and Component Prices (PDF),DYMCLASSPRICES,2991,Dairy MMR,DY-WA,Washington,DC,"Washington, DC",Washington,DC,FMMOS,FMMOS - non-mars,11/05/2025 13:05:19,2025,2025-OCT,class_2_Price,16.02,lmprs,
09/27/2025,10/01/2025,2025,Sep,,10.04,2.1925,0.9773,2.7062,0.3207,0.00090,2.0377,1.2265,1.8066,,,0.5782,Announcement of Class and Component Prices (PDF),DYMCLASSPRICES,2991,Dairy MMR,DY-WA,Washington,DC,"Washington, DC",Washington,DC,FMMOS,FMMOS - non-mars,10/01/2025 13:05:44,2025,2025-SEP,class_2_Price,17.39,lmprs,
08/30/2025,09/04/2025,2025,Aug,,9.96,2.7255,1.0323,1.9646,0.3204,0.00088,2.4778,1.2820,1.7529,,,0.5779,Announcement of Class and Component Prices (PDF),DYMCLASSPRICES,2991,Dairy MMR,DY-WA,Washington,DC,"Washington, DC",Washington,DC,FMMOS,FMMOS - non-mars,09/04/2025 13:05:39,2025,2025-AUG,class_2_Price,19.18,lmprs,
07/26/2025,07/30/2025,2025,Jul,,9.67,2.8435,1.0286,1.8730,0.3092,0.00088,2.5753,1.2783,1.7634,,,0.5670,Announcement of Class and Component Prices (PDF),DYMCLASSPRICES,2991,Dairy MMR,DY-WA,Washington,DC,"Washington, DC",Washington,DC,FMMOS,FMMOS - non-mars,07/30/2025 13:05:25,2025,2025-JUL,class_2_Price,19.31,lmprs,
06/28/2025,07/02/2025,2025,Jun,,9.14,2.7378,1.0037,2.5328,0.2914,0.00097,2.4880,1.2531,1.9322,,,0.5497,Announcement of Class and Component Prices (PDF),DYMCLASSPRICES,2991,Dairy MMR,DY-WA,Washington,DC,"Washington, DC",Washington,DC,FMMOS,FMMOS - non-mars,07/02/2025 13:05:29,2025,2025-JUN,class_2_Price,18.43,lmprs,
05/31/2025,06/04/2025,2025,May,,9.72,2.6627,1.0145,2.4810,0.3222,0.00092,2.3703,1.1925,1.8404,1.8177,1.8284,0.5119,Announcement of Class and Component Prices (PDF),DYMCLASSPRICES,2991,Dairy MMR,DY-WA,Washington,DC,"Washington, DC",Washington,DC,FMMOS,FMMOS - non-mars,06/04/2025 13:05:20,2025,2025-MAY,class_2_Price,18.72,lmprs,
04/26/2025,04/30/2025,2025,Apr,,10.31,2.6406,0.9994,2.1682,0.3087,0.00087,2.3520,1.1773,1.7361,1.7117,1.7244,0.4988,Announcement of Class and Component Prices (PDF),DYMCLASSPRICES,2991,Dairy MMR,DY-WA,Washington,DC,"Washington, DC",Washington,DC,FMMOS,FMMOS - non-mars,04/30/2025 13:04:13,2025,2025-APR,class_2_Price,19.22,lmprs,
03/29/2025,04/02/2025,2025,Mar,,11.31,2.6242,1.0393,2.4606,0.3647,0.00091,2.3385,1.2176,1.8215,1.8420,1.7732,0.5532,Announcement of Class and Component Prices (PDF),DYMCLASSPRICES,2991,Dairy MMR,DY-WA,Washington,DC,"Washington, DC",Washington,DC,FMMOS,FMMOS - non-mars,04/02/2025 13:05:07,2025,2025-MAR,class_2_Price,20.12,lmprs,
03/01/2025,03/05/2025,2025,Feb,,11.60,2.8186,1.1552,2.5337,0.4799,0.00095,2.4990,1.3347,1.9077,1.9158,1.8707,0.6650,Announcement of Class and Component Prices (PDF),DYMCLASSPRICES,2991,Dairy MMR,DY-WA,Washington,DC,"Washington, DC",Washington,DC,FMMOS,FMMOS - non-mars,03/05/2025 13:05:17,2025,2025-FEB,class_2_Price,21.08,lmprs,
02/01/2025,02/05/2025,2025,Jan,,11.65,2.9460,1.2002,2.3267,0.5384,0.00094,2.6042,1.3801,1.8851,1.8954,1.8477,0.7218,Announcement of Class and Component Prices (PDF),DYMCLASSPRICES,2991,Dairy MMR,DY-WA,Washington,DC,"Washington, DC",Washington,DC,FMMOS,FMMOS - non-mars,02/05/2025 13:05:17,2025,2025-JAN,class_2_Price,21.58,lmprs,
12/28/2024,01/02/2025,2024,Dec,,11.47,2.9104,1.2151,1.9637,0.4493,0.00088,2.5748,1.3952,1.7608,1.7583,1.7326,0.6353,Announcement of Class and Component Prices (PDF),DYMCLASSPRICES,2991,Dairy MMR,DY-WA,Washington,DC,"Washington, DC",Washington,DC,FMMOS,FMMOS - non-mars,01/02/2025 13:05:22,2024,2024-DEC,class_2_Price,21.28,lmprs,
11/30/2024,12/04/2024,2024,Nov,,11.17,3.0623,1.1974,2.3160,0.4049,0.00096,2.7002,1.3773,1.9198,1.9096,1.8973,0.5922,Announcement of Class and Component Prices (PDF),DYMCLASSPRICES,2991,Dairy MMR,DY-WA,Washington,DC,"Washington, DC",Washington,DC,FMMOS,FMMOS - non-mars,12/04/2024 13:05:26,2024,2024-NOV,class_2_Price,21.52,lmprs,
10/26/2024,10/30/2024,2024,Oct,,10.56,3.0851,1.1628,3.3238,0.3705,0.00112,2.7191,1.3423,2.2400,2.1605,2.2760,0.5588,Announcement of Class and Component Prices (PDF),DYMCLASSPRICES,2991,Dairy MMR,DY-WA,Washington,DC,"Washington, DC",Washington,DC,FMMOS,FMMOS - non-mars,10/30/2024 13:05:20,2024,2024-OCT,class_2_Price,21.01,lmprs,
09/28/2024,10/02/2024,2024,Sep,,10.09,3.6114,1.1109,2.9249,0.3430,0.00114,3.1537,1.2899,2.2882,2.2013,2.3319,0.5321,Announcement of Class and Component Prices (PDF),DYMCLASSPRICES,2991,Dairy MMR,DY-WA,Washington,DC,"Washington, DC",Washington,DC,FMMOS,FMMOS - non-mars,10/02/2024 13:05:28,2024,2024-SEP,class_2_Price,22.40,lmprs,
08/31/2024,09/05/2024,2024,Aug,,9.90,3.5632,1.0484,2.1756,0.2959,0.00102,3.1139,1.2268,2.0399,1.9812,2.0573,0.4864,Announcement of Class and Component Prices (PDF),DYMCLASSPRICES,2991,Dairy MMR,DY-WA,Washington,DC,"Washington, DC",Washington,DC,FMMOS,FMMOS - non-mars,09/05/2024 13:04:24,2024,2024-AUG,class_2_Price,22.05,lmprs,
07/27/2024,07/31/2024,2024,Jul,,9.63,3.5720,1.0149,1.9466,0.2571,0.00099,3.1211,1.1930,1.9717,1.9458,1.9635,0.4487,Announcement of Class and Component Prices (PDF),DYMCLASSPRICES,2991,Dairy MMR,DY-WA,Washington,DC,"Washington, DC",Washington,DC,FMMOS,FMMOS - non-mars,07/31/2024 13:05:31,2024,2024-JUL,class_2_Price,21.82,lmprs,
06/29/2024,07/03/2024,2024,Jun,,9.50,3.5444,0.9991,2.0546,0.2326,0.00100,3.0983,1.1770,1.9962,1.9154,2.0345,0.4249,Announcement of Class and Component Prices (PDF),DYMCLASSPRICES,2991,Dairy MMR,DY-WA,Washington,DC,"Washington, DC",Washington,DC,FMMOS,FMMOS - non-mars,07/03/2024 13:04:46,2024,2024-JUN,class_2_Price,21.60,lmprs,
06/01/2024,06/05/2024,2024,May,,9.69,3.4636,0.9647,1.7349,0.2181,0.00094,3.0316,1.1422,1.8706,1.8062,1.8952,0.4108,Announcement of Class and Component Prices (PDF),DYMCLASSPRICES,2991,Dairy MMR,DY-WA,Washington,DC,"Washington, DC",Washington,DC,FMMOS,FMMOS - non-mars,06/05/2024 13:05:24,2024,2024-MAY,class_2_Price,21.50,lmprs,
04/27/2024,05/01/2024,2024,Apr,,9.89,3.3309,0.9730,0.8345,0.2367,0.00077,2.9220,1.1506,1.5478,1.5170,1.5447,0.4289,Announcement of Class and Component Prices (PDF),DYMCLASSPRICES,2991,Dairy MMR,DY-WA,Washington,DC,"Washington, DC",Washington,DC,FMMOS,FMMOS - non-mars,05/01/2024 13:05:25,2024,2024-APR,class_2_Price,21.23,lmprs,
03/30/2024,04/03/2024,2024,Mar,,10.11,3.2385,1.0083,1.1265,0.2881,0.00080,2.8457,1.1863,1.6082,1.5730,1.6085,0.4788,Announcement of Class and Component Prices (PDF),DYMCLASSPRICES,2991,Dairy MMR,DY-WA,Washington,DC,"Washington, DC",Washington,DC,FMMOS,FMMOS - non-mars,04/03/2024 13:05:20,2024,2024-MAR,class_2_Price,21.12,lmprs,
02/24/2024,02/28/2024,2024,Feb,,9.99,3.1031,1.0343,1.2255,0.2738,0.00080,2.7339,1.2125,1.5947,1.6021,1.5586,0.4649,Announcement of Class and Component Prices (PDF),DYMCLASSPRICES,2991,Dairy MMR,DY-WA,Washington,DC,"Washington, DC",Washington,DC,FMMOS,FMMOS - non-mars,02/28/2024 13:05:37,2024,2024-FEB,class_2_Price,20.53,lmprs,
01/27/2024,01/31/2024,2024,Jan,,9.95,2.9765,1.0330,1.1265,0.2417,0.00076,2.6294,1.2112,1.5226,1.5260,1.4895,0.4338,Announcement of Class and Component Prices (PDF),DYMCLASSPRICES,2991,Dairy MMR,DY-WA,Washington,DC,"Washington, DC",Washington,DC,FMMOS,FMMOS - non-mars,01/31/2024 13:10:03,2024,2024-JAN,class_2_Price,20.04,lmprs,
12/30/2023,01/04/2024,2023,Dec,,9.78,2.9778,1.0144,1.4499,0.2242,0.00081,2.6305,1.1924,1.6234,1.6385,1.5813,0.4168,Announcement of Class and Component Prices (PDF),DYMCLASSPRICES,2991,Dairy MMR,DY-WA,Washington,DC,"Washington, DC",Washington,DC,FMMOS,FMMOS - non-mars,01/04/2024 13:04:47,2023,2023-DEC,class_2_Price,19.88,lmprs,
11/25/2023,11/29/2023,2023,Nov,,9.40,3.4608,1.0080,1.3238,0.1895,0.00087,3.0293,1.1860,1.7421,1.7511,1.7034,0.3831,Announcement of Class and Component Prices (PDF),DYMCLASSPRICES,2991,Dairy MMR,DY-WA,Washington,DC,"Washington, DC",Washington,DC,FMMOS,FMMOS - non-mars,11/29/2023 13:05:36,2023,2023-NOV,class_2_Price,21.21,lmprs,
10/28/2023,11/01/2023,2023,Oct,,9.25,3.7144,0.9781,1.0468,0.1243,0.00087,3.2387,1.1558,1.7390,1.8044,1.6502,0.3198,Announcement of Class and Component Prices (PDF),DYMCLASSPRICES,2991,Dairy MMR,DY-WA,Washington,DC,"Washington, DC",Washington,DC,FMMOS,FMMOS - non-mars,11/01/2023 13:05:20,2023,2023-OCT,class_2_Price,21.95,lmprs,
09/30/2023,10/04/2023,2023,Sep,,9.34,3.1264,0.9382,2.3027,0.0992,0.00097,2.7532,1.1155,1.9366,1.9895,1.8616,0.2954,Announcement of Class and Component Prices (PDF),DYMCLASSPRICES,2991,Dairy MMR,DY-WA,Washington,DC,"Washington, DC",Washington,DC,FMMOS,FMMOS - non-mars,10/04/2023 13:05:28,2023,2023-SEP,class_2_Price,19.98,lmprs,
08/26/2023,08/30/2023,2023,Aug,,9.65,3.0218,0.9599,2.0851,0.0648,0.00092,2.6668,1.1374,1.8349,1.8625,1.7764,0.2620,Announcement of Class and Component Prices (PDF),DYMCLASSPRICES,2991,Dairy MMR,DY-WA,Washington,DC,"Washington, DC",Washington,DC,FMMOS,FMMOS - non-mars,08/30/2023 13:05:53,2023,2023-AUG,class_2_Price,19.91,lmprs,
07/29/2023,08/02/2023,2023,Jul,,9.64,2.7986,0.9746,1.1991,0.0689,0.00074,2.4825,1.1522,1.4870,1.4614,1.4789,0.2660,Announcement of Class and Component Prices (PDF),DYMCLASSPRICES,2991,Dairy MMR,DY-WA,Washington,DC,"Washington, DC",Washington,DC,FMMOS,FMMOS - non-mars,08/02/2023 13:05:22,2023,2023-JUL,class_2_Price,19.12,lmprs,
06/24/2023,06/28/2023,2023,Jun,,9.48,2.7605,0.9896,1.5144,0.1266,0.00079,2.4510,1.1674,1.5724,1.5568,1.5561,0.3220,Announcement of Class and Component Prices (PDF),DYMCLASSPRICES,2991,Dairy MMR,DY-WA,Washington,DC,"Washington, DC",Washington,DC,FMMOS,FMMOS - non-mars,06/28/2023 13:06:22,2023,2023-JUN,class_2_Price,18.83,lmprs,
05/27/2023,06/01/2023,2023,May,,9.78,2.7572,0.9729,1.8002,0.1877,0.00083,2.4483,1.1505,1.6600,1.7277,1.5715,0.3813,Announcement of Class and Component Prices (PDF),DYMCLASSPRICES,2991,Dairy MMR,DY-WA,Washington,DC,"Washington, DC",Washington,DC,FMMOS,FMMOS - non-mars,06/01/2023 13:05:28,2023,2023-MAY,class_2_Price,19.11,lmprs,
04/29/2023,05/03/2023,2023,Apr,,10.07,2.7009,0.9774,2.5603,0.2479,0.00094,2.4018,1.1551,1.8775,1.9406,1.7942,0.4398,Announcement of Class and Component Prices (PDF),DYMCLASSPRICES,2991,Dairy MMR,DY-WA,Washington,DC,"Washington, DC",Washington,DC,FMMOS,FMMOS - non-mars,05/03/2023 13:06:24,2023,2023-APR,class_2_Price,19.20,lmprs,
04/01/2023,04/05/2023,2023,Mar,,10.30,2.7300,1.0154,2.4085,0.2338,0.00092,2.4258,1.1935,1.8399,1.9503,1.7188,0.4261,Announcement of Class and Component Prices (PDF),DYMCLASSPRICES,2991,Dairy MMR,DY-WA,Washington,DC,"Washington, DC",Washington,DC,FMMOS,FMMOS - non-mars,04/05/2023 13:05:21,2023,2023-MAR,class_2_Price,19.52,lmprs,
02/25/2023,03/01/2023,2023,Feb,,11.70,2.7178,1.0766,2.3650,0.2101,0.00091,2.4158,1.2553,1.8224,1.9874,1.6602,0.4031,Announcement of Class and Component Prices (PDF),DYMCLASSPRICES,2991,Dairy MMR,DY-WA,Washington,DC,"Washington, DC",Washington,DC,FMMOS,FMMOS - non-mars,03/01/2023 13:05:11,2023,2023-FEB,class_2_Price,20.83,lmprs,
01/28/2023,02/01/2023,2023,Jan,,12.32,2.7713,1.1864,2.8058,0.2343,0.00099,2.4599,1.3662,1.9767,2.1147,1.8226,0.4266,Announcement of Class and Component Prices (PDF),DYMCLASSPRICES,2991,Dairy MMR,DY-WA,Washington,DC,"Washington, DC",Washington,DC,FMMOS,FMMOS - non-mars,02/01/2023 13:04:20,2023,2023-JAN,class_2_Price,21.61,lmprs,
12/31/2022,01/05/2023,2022,Dec,,12.48,3.1539,1.2752,2.6568,0.2652,0.00103,2.7759,1.4559,2.0555,2.1594,1.9293,0.4566,Announcement of Class and Component Prices (PDF),DYMCLASSPRICES,2991,Dairy MMR,DY-WA,Washington,DC,"Washington, DC",Washington,DC,FMMOS,FMMOS - non-mars,01/05/2023 13:01:32,2022,2022-DEC,class_2_Price,23.11,lmprs,
11/26/2022,11/30/2022,2022,Nov,,13.31,3.3720,1.3233,2.5374,0.2837,0.00104,2.9560,1.5045,2.0897,2.0748,2.0744,0.4745,Announcement of Class and Component Prices (PDF),DYMCLASSPRICES,2991,Dairy MMR,DY-WA,Washington,DC,"Washington, DC",Washington,DC,FMMOS,FMMOS - non-mars,11/30/2022 13:08:10,2022,2022-NOV,class_2_Price,24.67,lmprs,
10/29/2022,11/02/2022,2022,Oct,,13.37,3.6567,1.4000,2.4512,0.2952,0.00108,3.1911,1.5819,2.1560,2.0453,2.2210,0.4857,Announcement of Class and Component Prices (PDF),DYMCLASSPRICES,2991,Dairy MMR,DY-WA,Washington,DC,"Washington, DC",Washington,DC,FMMOS,FMMOS - non-mars,11/02/2022 13:05:49,2022,2022-OCT,class_2_Price,25.73,lmprs,
10/01/2022,10/05/2022,2022,Sep,,14.52,3.5653,1.3984,1.8847,0.2998,0.00098,3.1156,1.5803,1.9503,1.8835,1.9830,0.4902,Announcement of Class and Component Prices (PDF),DYMCLASSPRICES,2991,Dairy MMR,DY-WA,Washington,DC,"Washington, DC",Washington,DC,FMMOS,FMMOS - non-mars,10/05/2022 13:05:11,2022,2022-SEP,class_2_Price,26.51,lmprs,
08/27/2022,08/31/2022,2022,Aug,,15.53,3.4001,1.4862,2.1417,0.3146,0.00099,2.9792,1.6690,1.9761,1.9484,1.9698,0.5045,Announcement of Class and Component Prices (PDF),DYMCLASSPRICES,2991,Dairy MMR,DY-WA,Washington,DC,"Washington, DC",Washington,DC,FMMOS,FMMOS - non-mars,08/31/2022 13:05:24,2022,2022-AUG,class_2_Price,26.91,lmprs,
07/30/2022,08/03/2022,2022,Jul,,15.42,3.3600,1.6160,2.9116,0.3596,0.00110,2.9461,1.8001,2.2019,2.1622,2.2054,0.5482,Announcement of Class and Component Prices (PDF),DYMCLASSPRICES,2991,Dairy MMR,DY-WA,Washington,DC,"Washington, DC",Washington,DC,FMMOS,FMMOS - non-mars,08/03/2022 13:07:36,2022,2022-JUL,class_2_Price,26.66,lmprs,
06/25/2022,06/29/2022,2022,Jun,,15.50,3.3323,1.6313,3.4173,0.4295,0.00117,2.9232,1.8156,2.3498,2.3214,2.3472,0.6161,Announcement of Class and Component Prices (PDF),DYMCLASSPRICES,2991,Dairy MMR,DY-WA,Washington,DC,"Washington, DC",Washington,DC,FMMOS,FMMOS - non-mars,06/29/2022 13:04:26,2022,2022-JUN,class_2_Price,26.65,lmprs,
05/28/2022,06/02/2022,2022,May,,15.52,3.1056,1.6253,3.8696,0.4857,0.00121,2.7360,1.8095,2.4161,2.3798,2.4187,0.6707,Announcement of Class and Component Prices (PDF),DYMCLASSPRICES,2991,Dairy MMR,DY-WA,Washington,DC,"Washington, DC",Washington,DC,FMMOS,FMMOS - non-mars,06/02/2022 13:04:58,2022,2022-MAY,class_2_Price,25.87,lmprs,
04/30/2022,05/04/2022,2022,Apr,,15.21,3.1461,1.6470,3.4239,0.5565,0.00115,2.7694,1.8314,2.2910,2.2759,2.2759,0.7394,Announcement of Class and Component Prices (PDF),DYMCLASSPRICES,2991,Dairy MMR,DY-WA,Washington,DC,"Washington, DC",Washington,DC,FMMOS,FMMOS - non-mars,05/04/2022 13:05:49,2022,2022-APR,class_2_Price,25.71,lmprs,
03/26/2022,03/30/2022,2022,Mar,,14.41,3.0935,1.6113,2.7182,0.6131,0.00103,2.7260,1.7954,2.0548,2.0748,2.0066,0.7943,Announcement of Class and Component Prices (PDF),DYMCLASSPRICES,2991,Dairy MMR,DY-WA,Washington,DC,"Washington, DC",Washington,DC,FMMOS,FMMOS - non-mars,03/30/2022 13:05:10,2022,2022-MAR,class_2_Price,24.76,lmprs,
02/26/2022,03/02/2022,2022,Feb,,13.67,3.0218,1.5450,2.3168,0.5983,0.00095,2.6668,1.7284,1.9068,1.9091,1.8746,0.7800,Announcement of Class and Component Prices (PDF),DYMCLASSPRICES,2991,Dairy MMR,DY-WA,Washington,DC,"Washington, DC",Washington,DC,FMMOS,FMMOS - non-mars,03/02/2022 13:02:51,2022,2022-FEB,class_2_Price,23.79,lmprs,
01/29/2022,02/02/2022,2022,Jan,,12.91,2.9567,1.4662,2.3563,0.5249,0.00095,2.6130,1.6488,1.8978,1.9787,1.7951,0.7087,Announcement of Class and Component Prices (PDF),DYMCLASSPRICES,2991,Dairy MMR,DY-WA,Washington,DC,"Washington, DC",Washington,DC,FMMOS,FMMOS - non-mars,02/02/2022 13:05:34,2022,2022-JAN,class_2_Price,22.83,lmprs,
01/01/2022,01/05/2022,2021,Dec,,12.22,2.2919,1.3655,2.5937,0.4532,0.00088,2.0641,1.5471,1.7542,1.8633,1.6263,0.6391,Announcement of Class and Component Prices (PDF),DYMCLASSPRICES,2991,Dairy MMR,DY-WA,Washington,DC,"Washington, DC",Washington,DC,FMMOS,FMMOS - non-mars,01/05/2022 13:26:36,2021,2021-DEC,class_2_Price,19.84,lmprs,
11/27/2021,12/01/2021,2021,Nov,,11.23,2.1541,1.2960,2.7536,0.3949,0.00088,1.9503,1.4769,1.7588,1.7605,1.7272,0.5825,Announcement of Class and Component Prices (PDF),DYMCLASSPRICES,2991,Dairy MMR,DY-WA,Washington,DC,"Washington, DC",Washington,DC,FMMOS,FMMOS - non-mars,12/01/2021 13:04:41,2021,2021-NOV,class_2_Price,18.40,lmprs,
10/30/2021,11/03/2021,2021,Oct,,10.63,1.9414,1.1801,3.0130,0.3560,0.00088,1.7746,1.3598,1.7698,1.8070,1.7011,0.5447,Announcement of Class and Component Prices (PDF),DYMCLASSPRICES,2991,Dairy MMR,DY-WA,Washington,DC,"Washington, DC",Washington,DC,FMMOS,FMMOS - non-mars,11/03/2021 13:05:14,2021,2021-OCT,class_2_Price,17.08,lmprs,
09/25/2021,09/29/2021,2021,Sep,,10.45,1.9388,1.1027,2.6010,0.3445,0.00082,1.7725,1.2816,1.6411,1.7761,1.4873,0.5336,Announcement of Class and Component Prices (PDF),DYMCLASSPRICES,2991,Dairy MMR,DY-WA,Washington,DC,"Washington, DC",Washington,DC,FMMOS,FMMOS - non-mars,09/29/2021 13:06:40,2021,2021-SEP,class_2_Price,16.89,lmprs,
08/28/2021,09/01/2021,2021,Aug,,10.37,1.8508,1.0872,2.4582,0.3735,0.00078,1.6998,1.2660,1.5680,1.6902,1.4371,0.5617,Announcement of Class and Component Prices (PDF),DYMCLASSPRICES,2991,Dairy MMR,DY-WA,Washington,DC,"Washington, DC",Washington,DC,FMMOS,FMMOS - non-mars,09/01/2021 13:04:00,2021,2021-AUG,class_2_Price,16.51,lmprs,
07/31/2021,08/04/2021,2021,Jul,,10.53,1.8996,1.0765,2.4957,0.4181,0.00080,1.7401,1.2552,1.5956,1.5948,1.5663,0.6050,Announcement of Class and Component Prices (PDF),DYMCLASSPRICES,2991,Dairy MMR,DY-WA,Washington,DC,"Washington, DC",Washington,DC,FMMOS,FMMOS - non-mars,08/04/2021 13:05:40,2021,2021-JUL,class_2_Price,16.83,lmprs,
06/26/2021,06/30/2021,2021,Jun,,10.12,1.9641,1.0908,2.5834,0.4579,0.00082,1.7934,1.2696,1.6439,1.6058,1.6506,0.6437,Announcement of Class and Component Prices (PDF),DYMCLASSPRICES,2991,Dairy MMR,DY-WA,Washington,DC,"Washington, DC",Washington,DC,FMMOS,FMMOS - non-mars,06/30/2021 13:04:48,2021,2021-JUN,class_2_Price,16.66,lmprs,
05/29/2021,06/03/2021,2021,May,,9.58,1.9851,1.0607,3.1307,0.4645,0.00091,1.8107,1.2392,1.8206,1.8072,1.8035,0.6501,Announcement of Class and Component Prices (PDF),DYMCLASSPRICES,2991,Dairy MMR,DY-WA,Washington,DC,"Washington, DC",Washington,DC,FMMOS,FMMOS - non-mars,06/03/2021 13:06:19,2021,2021-MAY,class_2_Price,16.22,lmprs,
05/01/2021,05/05/2021,2021,Apr,,9.03,1.9496,0.9902,2.8136,0.4268,0.00086,1.7814,1.1680,1.7106,1.7918,1.6011,0.6135,Announcement of Class and Component Prices (PDF),DYMCLASSPRICES,2991,Dairy MMR,DY-WA,Washington,DC,"Washington, DC",Washington,DC,FMMOS,FMMOS - non-mars,05/05/2021 13:08:26,2021,2021-APR,class_2_Price,15.56,lmprs,
03/27/2021,03/31/2021,2021,Mar,,9.36,1.7176,0.9396,2.6954,0.3652,0.00080,1.5898,1.1169,1.5981,1.6695,1.5023,0.5537,Announcement of Class and Component Prices (PDF),DYMCLASSPRICES,2991,Dairy MMR,DY-WA,Washington,DC,"Washington, DC",Washington,DC,FMMOS,FMMOS - non-mars,03/31/2021 13:03:13,2021,2021-MAR,class_2_Price,15.07,lmprs,
02/27/2021,03/03/2021,2021,Feb,,9.27,1.4376,0.9391,2.9816,0.3161,0.00080,1.3586,1.1164,1.5954,1.6870,1.4841,0.5060,Announcement of Class and Component Prices (PDF),DYMCLASSPRICES,2991,Dairy MMR,DY-WA,Washington,DC,"Washington, DC",Washington,DC,FMMOS,FMMOS - non-mars,03/03/2021 13:04:40,2021,2021-FEB,class_2_Price,14.00,lmprs,
01/30/2021,02/03/2021,2021,Jan,,9.03,1.5541,0.9570,3.0355,0.2682,0.00083,1.4548,1.1345,1.6502,1.7171,1.5601,0.4595,Announcement of Class and Component Prices (PDF),DYMCLASSPRICES,2991,Dairy MMR,DY-WA,Washington,DC,"Washington, DC",Washington,DC,FMMOS,FMMOS - non-mars,02/03/2021 13:02:18,2021,2021-JAN,class_2_Price,14.18,lmprs,
12/26/2020,12/30/2020,2020,Dec,,8.91,1.5399,0.9180,3.0282,0.2245,0.00082,1.4431,1.0951,1.6433,1.7708,1.4944,0.4171,Announcement of Class and Component Prices (PDF),DYMCLASSPRICES,2991,Dairy MMR,DY-WA,Washington,DC,"Washington, DC",Washington,DC,FMMOS,FMMOS - non-mars,12/30/2020 13:03:18,2020,2020-DEC,class_2_Price,14.01,lmprs,
11/28/2020,12/02/2020,2020,Nov,,8.70,1.5553,0.9047,5.6226,0.1894,0.00123,1.4558,1.0816,2.4535,2.5808,2.2929,0.3830,Announcement of Class and Component Prices (PDF),DYMCLASSPRICES,2991,Dairy MMR,DY-WA,Washington,DC,"Washington, DC",Washington,DC,FMMOS,FMMOS - non-mars,12/02/2020 13:06:51,2020,2020-NOV,class_2_Price,13.86,lmprs,
10/31/2020,11/04/2020,2020,Oct,,8.15,1.6388,0.8902,5.0146,0.1534,0.00115,1.5248,1.0670,2.2921,2.5692,1.9640,0.3480,Announcement of Class and Component Prices (PDF),DYMCLASSPRICES,2991,Dairy MMR,DY-WA,Washington,DC,"Washington, DC",Washington,DC,FMMOS,FMMOS - non-mars,11/04/2020 12:56:06,2020,2020-OCT,class_2_Price,13.63,lmprs,
09/26/2020,09/30/2020,2020,Sep,,7.83,1.5932,0.8253,3.3935,0.1241,0.00089,1.4871,1.0014,1.7741,1.9496,1.5736,0.3196,Announcement of Class and Component Prices (PDF),DYMCLASSPRICES,2991,Dairy MMR,DY-WA,Washington,DC,"Washington, DC",Washington,DC,FMMOS,FMMOS - non-mars,09/30/2020 13:06:10,2020,2020-SEP,class_2_Price,13.16,lmprs,
08/29/2020,09/02/2020,2020,Aug,,7.82,1.6275,0.7862,4.4394,0.1387,0.00105,1.5154,0.9619,2.1099,2.2144,1.9817,0.3338,Announcement of Class and Component Prices (PDF),DYMCLASSPRICES,2991,Dairy MMR,DY-WA,Washington,DC,"Washington, DC",Washington,DC,FMMOS,FMMOS - non-mars,09/02/2020 13:07:48,2020,2020-AUG,class_2_Price,13.27,lmprs,
08/01/2020,08/05/2020,2020,Jul,,7.16,1.9583,0.7959,5.6294,0.1492,0.00129,1.7886,0.9717,2.5873,2.6978,2.4374,0.3440,Announcement of Class and Component Prices (PDF),DYMCLASSPRICES,2991,Dairy MMR,DY-WA,Washington,DC,"Washington, DC",Washington,DC,FMMOS,FMMOS - non-mars,08/05/2020 13:05:32,2020,2020-JUL,class_2_Price,13.79,lmprs,
06/27/2020,07/01/2020,2020,Jun,,6.69,1.8591,0.7354,4.5349,0.1696,0.00111,1.7067,0.9106,2.2152,2.2566,2.1482,0.3638,Announcement of Class and Component Prices (PDF),DYMCLASSPRICES,2991,Dairy MMR,DY-WA,Washington,DC,"Washington, DC",Washington,DC,FMMOS,FMMOS - non-mars,07/01/2020 13:06:28,2020,2020-JUN,class_2_Price,12.99,lmprs,
05/30/2020,06/03/2020,2020,May,,7.73,1.3756,0.6746,2.0918,0.1882,0.00065,1.3074,0.8492,1.2990,1.3049,1.2641,0.3818,Announcement of Class and Component Prices (PDF),DYMCLASSPRICES,2991,Dairy MMR,DY-WA,Washington,DC,"Washington, DC",Washington,DC,FMMOS,FMMOS - non-mars,06/03/2020 13:03:03,2020,2020-MAY,class_2_Price,12.30,lmprs,
04/25/2020,04/29/2020,2020,Apr,,9.55,1.3218,0.7795,2.4822,0.1793,0.00070,1.2630,0.9552,1.4026,1.5264,1.2744,0.3732,Announcement of Class and Component Prices (PDF),DYMCLASSPRICES,2991,Dairy MMR,DY-WA,Washington,DC,"Washington, DC",Washington,DC,FMMOS,FMMOS - non-mars,04/29/2020 13:03:20,2020,2020-APR,class_2_Price,13.87,lmprs,
03/28/2020,04/01/2020,2020,Mar,,10.38,1.9177,0.9387,2.8424,0.1810,0.00085,1.7551,1.1160,1.7091,1.8133,1.5761,0.3748,Announcement of Class and Component Prices (PDF),DYMCLASSPRICES,2991,Dairy MMR,DY-WA,Washington,DC,"Washington, DC",Washington,DC,FMMOS,FMMOS - non-mars,04/01/2020 13:04:59,2020,2020-MAR,class_2_Price,16.75,lmprs,
02/29/2020,03/04/2020,2020,Feb,,10.24,1.9813,1.0667,3.0309,0.1750,0.00089,1.8076,1.2453,1.7884,1.9467,1.6007,0.3690,Announcement of Class and Component Prices (PDF),DYMCLASSPRICES,2991,Dairy MMR,DY-WA,Washington,DC,"Washington, DC",Washington,DC,FMMOS,FMMOS - non-mars,03/04/2020 13:22:00,2020,2020-FEB,class_2_Price,16.84,lmprs,
02/01/2020,02/05/2020,2020,Jan,,9.98,2.1117,1.0665,2.9606,0.1417,0.00090,1.9153,1.2451,1.8092,1.8995,1.6869,0.3367,Announcement of Class and Component Prices (PDF),DYMCLASSPRICES,2991,Dairy MMR,DY-WA,Washington,DC,"Washington, DC",Washington,DC,FMMOS,FMMOS - non-mars,02/05/2020 13:07:49,2020,2020-JAN,class_2_Price,17.05,lmprs,
12/28/2019,01/02/2020,2019,Dec,,9.43,2.1952,1.0378,3.6515,0.1341,0.00103,1.9842,1.2161,2.0509,1.9363,2.1395,0.3293,Announcement of Class and Component Prices (PDF),DYMCLASSPRICES,2991,Dairy MMR,DY-WA,Washington,DC,"Washington, DC",Washington,DC,FMMOS,FMMOS - non-mars,01/02/2020 13:02:40,2019,2019-DEC,class_2_Price,16.81,lmprs,
11/30/2019,12/04/2019,2019,Nov,,9.02,2.3195,0.9763,3.9118,0.1112,0.00109,2.0869,1.1540,2.1723,2.0987,2.2280,0.3071,Announcement of Class and Component Prices (PDF),DYMCLASSPRICES,2991,Dairy MMR,DY-WA,Washington,DC,"Washington, DC",Washington,DC,FMMOS,FMMOS - non-mars,12/04/2019 13:05:21,2019,2019-NOV,class_2_Price,16.85,lmprs,
10/26/2019,10/30/2019,2019,Oct,,8.54,2.4031,0.9186,3.1700,0.1447,0.00098,2.1559,1.0957,1.9694,2.0569,1.8379,0.3396,Announcement of Class and Component Prices (PDF),DYMCLASSPRICES,2991,Dairy MMR,DY-WA,Washington,DC,"Washington, DC",Washington,DC,FMMOS,FMMOS - non-mars,10/30/2019 13:03:28,2019,2019-OCT,class_2_Price,16.68,lmprs,
09/28/2019,10/02/2019,2019,Sep,,8.46,2.4982,0.8753,2.8633,0.1758,0.00095,2.2344,1.0519,1.9053,1.9843,1.7913,0.3698,Announcement of Class and Component Prices (PDF),DYMCLASSPRICES,2991,Dairy MMR,DY-WA,Washington,DC,"Washington, DC",Washington,DC,FMMOS,FMMOS - non-mars,10/02/2019 13:08:22,2019,2019-SEP,class_2_Price,16.93,lmprs,
08/31/2019,09/05/2019,2019,Aug,,8.57,2.6574,0.8570,2.4453,0.1730,0.00091,2.3659,1.0335,1.8276,,,0.3671,Announcement of Class and Component Prices (PDF),DYMCLASSPRICES,2991,Dairy MMR,DY-WA,Washington,DC,"Washington, DC",Washington,DC,FMMOS,FMMOS - non-mars,09/05/2019 13:05:13,2019,2019-AUG,class_2_Price,17.60,lmprs,
07/27/2019,07/31/2019,2019,Jul,,8.48,2.6858,0.8628,2.4032,0.1689,0.00091,2.3893,1.0393,1.8238,,,0.3631,Announcement of Class and Component Prices (PDF),DYMCLASSPRICES,2991,Dairy MMR,DY-WA,Washington,DC,"Washington, DC",Washington,DC,FMMOS,FMMOS - non-mars,07/31/2019 13:05:14,2019,2019-JUL,class_2_Price,17.61,lmprs,
06/29/2019,07/03/2019,2019,Jun,,8.26,2.6579,0.8665,2.0046,0.1702,0.00085,2.3663,1.0431,1.6910,,,0.3643,Announcement of Class and Component Prices (PDF),DYMCLASSPRICES,2991,Dairy MMR,DY-WA,Washington,DC,"Washington, DC",Washington,DC,FMMOS,FMMOS - non-mars,07/03/2019 13:03:40,2019,2019-JUN,class_2_Price,17.30,lmprs,
06/01/2019,06/05/2019,2019,May,,7.72,2.5718,0.8386,2.1159,0.1847,0.00085,2.2952,1.0149,1.6974,,,0.3784,Announcement of Class and Component Prices (PDF),DYMCLASSPRICES,2991,Dairy MMR,DY-WA,Washington,DC,"Washington, DC",Washington,DC,FMMOS,FMMOS - non-mars,06/05/2019 13:05:15,2019,2019-MAY,class_2_Price,16.48,lmprs,
04/27/2019,05/01/2019,2019,Apr,,7.75,2.5375,0.7883,1.9890,0.1990,0.00082,2.2669,0.9641,1.6468,,,0.3923,Announcement of Class and Component Prices (PDF),DYMCLASSPRICES,2991,Dairy MMR,DY-WA,Washington,DC,"Washington, DC",Washington,DC,FMMOS,FMMOS - non-mars,05/01/2019 13:05:18,2019,2019-APR,class_2_Price,16.38,lmprs,
03/30/2019,04/03/2019,2019,Mar,,7.95,2.5461,0.7832,1.6303,0.2200,0.00077,2.2740,0.9589,1.5383,,,0.4127,Announcement of Class and Component Prices (PDF),DYMCLASSPRICES,2991,Dairy MMR,DY-WA,Washington,DC,"Washington, DC",Washington,DC,FMMOS,FMMOS - non-mars,04/03/2019 13:05:13,2019,2019-MAR,class_2_Price,16.61,lmprs,
02/23/2019,02/27/2019,2019,Feb,,7.50,2.5345,0.8041,1.1776,0.2631,0.00070,2.2644,0.9800,1.3940,,,0.4545,Announcement of Class and Component Prices (PDF),DYMCLASSPRICES,2991,Dairy MMR,DY-WA,Washington,DC,"Washington, DC",Washington,DC,FMMOS,FMMOS - non-mars,02/27/2019 13:05:35,2019,2019-FEB,class_2_Price,16.13,lmprs,
01/26/2019,01/30/2019,2019,Jan,,7.22,2.4981,0.7757,1.1927,0.2898,0.00069,2.2343,0.9513,1.3868,,,0.4805,Announcement of Class and Component Prices (PDF),DYMCLASSPRICES,2991,Dairy MMR,DY-WA,Washington,DC,"Washington, DC",Washington,DC,FMMOS,FMMOS - non-mars,01/30/2019 13:10:29,2019,2019-JAN,class_2_Price,15.74,lmprs,
12/29/2018,01/03/2019,2018,Dec,,7.12,2.5080,0.7269,1.1417,0.2775,0.00069,2.2425,0.9020,1.3742,,,0.4685,Announcement of Class and Component Prices (PDF),DYMCLASSPRICES,2991,Dairy MMR,DY-WA,Washington,DC,"Washington, DC",Washington,DC,FMMOS,FMMOS - non-mars,01/03/2019 13:05:53,2018,2018-DEC,class_2_Price,15.67,lmprs,
12/01/2018,12/05/2018,2018,Nov,,6.96,2.5385,0.7110,1.3419,0.2714,0.00072,2.2677,0.8860,1.4463,,,0.4626,Announcement of Class and Component Prices (PDF),DYMCLASSPRICES,2991,Dairy MMR,DY-WA,Washington,DC,"Washington, DC",Washington,DC,FMMOS,FMMOS - non-mars,12/05/2018 13:03:22,2018,2018-NOV,class_2_Price,15.63,lmprs,
10/27/2018,10/31/2018,2018,Oct,,6.81,2.5551,0.6990,1.7185,0.2553,0.00078,2.2814,0.8739,1.5686,,,0.4470,Announcement of Class and Component Prices (PDF),DYMCLASSPRICES,2991,Dairy MMR,DY-WA,Washington,DC,"Washington, DC",Washington,DC,FMMOS,FMMOS - non-mars,10/31/2018 13:14:21,2018,2018-OCT,class_2_Price,15.54,lmprs,
09/29/2018,10/03/2018,2018,Sep,,6.43,2.5442,0.6801,2.0029,0.2098,0.00083,2.2724,0.8548,1.6533,,,0.4028,Announcement of Class and Component Prices (PDF),DYMCLASSPRICES,2991,Dairy MMR,DY-WA,Washington,DC,"Washington, DC",Washington,DC,FMMOS,FMMOS - non-mars,10/03/2018 13:06:16,2018,2018-SEP,class_2_Price,15.13,lmprs,
08/25/2018,08/29/2018,2018,Aug,,6.16,2.6009,0.6369,1.6245,0.1741,0.00078,2.3192,0.8111,1.5544,,,0.3681,Announcement of Class and Component Prices (PDF),DYMCLASSPRICES,2991,Dairy MMR,DY-WA,Washington,DC,"Washington, DC",Washington,DC,FMMOS,FMMOS - non-mars,08/29/2018 13:28:17,2018,2018-AUG,class_2_Price,15.07,lmprs,
07/28/2018,08/01/2018,2018,Jul,,6.55,2.5287,0.6085,1.4827,0.1422,0.00074,2.2596,0.7824,1.4868,,,0.3372,Announcement of Class and Component Prices (PDF),DYMCLASSPRICES,2991,Dairy MMR,DY-WA,Washington,DC,"Washington, DC",Washington,DC,FMMOS,FMMOS - non-mars,08/01/2018 13:03:26,2018,2018-JUL,class_2_Price,15.20,lmprs,
06/30/2018,07/05/2018,2018,Jun,,6.33,2.6692,0.6407,1.7478,0.1128,0.00081,2.3756,0.8150,1.6150,,,0.3086,Announcement of Class and Component Prices (PDF),DYMCLASSPRICES,2991,Dairy MMR,DY-WA,Washington,DC,"Washington, DC",Washington,DC,FMMOS,FMMOS - non-mars,07/05/2018 13:03:18,2018,2018-JUN,class_2_Price,15.48,lmprs,
05/26/2018,05/31/2018,2018,May,,5.45,2.6239,0.6196,1.8609,0.0742,0.00082,2.3382,0.7937,1.6353,,,0.2711,Announcement of Class and Component Prices (PDF),DYMCLASSPRICES,2991,Dairy MMR,DY-WA,Washington,DC,"Washington, DC",Washington,DC,FMMOS,FMMOS - non-mars,05/31/2018 13:05:26,2018,2018-MAY,class_2_Price,14.47,lmprs,
04/28/2018,05/02/2018,2018,Apr,,5.41,2.5113,0.5401,1.7810,0.0619,0.00079,2.2452,0.7134,1.5737,,,0.2592,Announcement of Class and Component Prices (PDF),DYMCLASSPRICES,2991,Dairy MMR,DY-WA,Washington,DC,"Washington, DC",Washington,DC,FMMOS,FMMOS - non-mars,05/02/2018 13:05:35,2018,2018-APR,class_2_Price,14.03,lmprs,
03/31/2018,04/04/2018,2018,Mar,,5.55,2.4273,0.5232,1.8066,0.0556,0.00078,2.1759,0.6963,1.5542,,,0.2531,Announcement of Class and Component Prices (PDF),DYMCLASSPRICES,2991,Dairy MMR,DY-WA,Washington,DC,"Washington, DC",Washington,DC,FMMOS,FMMOS - non-mars,04/04/2018 13:05:22,2018,2018-MAR,class_2_Price,13.88,lmprs,
02/24/2018,02/28/2018,2018,Feb,,5.38,2.3490,0.5352,1.6265,0.0550,0.00074,2.1112,0.7084,1.4727,,,0.2525,Announcement of Class and Component Prices (PDF),DYMCLASSPRICES,2991,Dairy MMR,DY-WA,Washington,DC,"Washington, DC",Washington,DC,FMMOS,FMMOS - non-mars,02/28/2018 13:05:27,2018,2018-FEB,class_2_Price,13.44,lmprs,
01/27/2018,01/31/2018,2018,Jan,,5.70,2.4531,0.5235,1.6612,0.0787,0.00076,2.1972,0.6966,1.5175,,,0.2755,Announcement of Class and Component Prices (PDF),DYMCLASSPRICES,2991,Dairy MMR,DY-WA,Washington,DC,"Washington, DC",Washington,DC,FMMOS,FMMOS - non-mars,01/31/2018 13:05:37,2018,2018-JAN,class_2_Price,14.11,lmprs,
12/30/2017,01/04/2018,2017,Dec,,5.94,2.4951,0.5503,2.0378,0.1070,0.00082,2.2319,0.7237,1.6481,,,0.3030,Announcement of Class and Component Prices (PDF),DYMCLASSPRICES,2991,Dairy MMR,DY-WA,Washington,DC,"Washington, DC",Washington,DC,FMMOS,FMMOS - non-mars,01/04/2018 13:05:59,2017,2017-DEC,class_2_Price,14.49,lmprs,
11/25/2017,11/29/2017,2017,Nov,,6.58,2.5546,0.5816,2.3412,0.1644,0.00088,2.2810,0.7553,1.7617,,,0.3587,Announcement of Class and Component Prices (PDF),DYMCLASSPRICES,2991,Dairy MMR,DY-WA,Washington,DC,"Washington, DC",Washington,DC,FMMOS,FMMOS - non-mars,11/29/2017 13:05:28,2017,2017-NOV,class_2_Price,15.32,lmprs,
10/28/2017,11/01/2017,2017,Oct,,6.84,2.6646,0.6357,2.1084,0.1853,0.00086,2.3718,0.8099,1.7254,,,0.3790,Announcement of Class and Component Prices (PDF),DYMCLASSPRICES,2991,Dairy MMR,DY-WA,Washington,DC,"Washington, DC",Washington,DC,FMMOS,FMMOS - non-mars,11/01/2017 13:05:31,2017,2017-OCT,class_2_Price,15.95,lmprs,
09/30/2017,10/04/2017,2017,Sep,,7.03,2.8559,0.6753,1.6988,0.2241,0.00083,2.5298,0.8499,1.6608,,,0.4167,Announcement of Class and Component Prices (PDF),DYMCLASSPRICES,2991,Dairy MMR,DY-WA,Washington,DC,"Washington, DC",Washington,DC,FMMOS,FMMOS - non-mars,10/04/2017 13:07:11,2017,2017-SEP,class_2_Price,16.80,lmprs,
08/26/2017,08/30/2017,2017,Aug,,7.25,3.0109,0.6984,1.5536,0.2425,0.00083,2.6578,0.8733,1.6664,,,0.4345,Announcement of Class and Component Prices (PDF),DYMCLASSPRICES,2991,Dairy MMR,DY-WA,Washington,DC,"Washington, DC",Washington,DC,FMMOS,FMMOS - non-mars,08/30/2017 13:07:16,2017,2017-AUG,class_2_Price,17.56,lmprs,
07/29/2017,08/02/2017,2017,Jul,,7.41,2.9456,0.7240,1.2248,0.2599,0.00077,2.6039,0.8991,1.5430,,,0.4514,Announcement of Class and Component Prices (PDF),DYMCLASSPRICES,2991,Dairy MMR,DY-WA,Washington,DC,"Washington, DC",Washington,DC,FMMOS,FMMOS - non-mars,08/02/2017 13:18:44,2017,2017-JUL,class_2_Price,17.48,lmprs,
06/24/2017,06/28/2017,2017,Jun,,6.89,2.7066,0.7384,1.7545,0.3014,0.00081,2.4065,0.9137,1.6293,,,0.4917,Announcement of Class and Component Prices (PDF),DYMCLASSPRICES,2991,Dairy MMR,DY-WA,Washington,DC,"Washington, DC",Washington,DC,FMMOS,FMMOS - non-mars,06/28/2017 13:03:02,2017,2017-JUN,class_2_Price,16.15,lmprs,
05/27/2017,06/01/2017,2017,May,,6.60,2.4134,0.6956,1.7723,0.3196,0.00077,2.1644,0.8704,1.5390,,,0.5094,Announcement of Class and Component Prices (PDF),DYMCLASSPRICES,2991,Dairy MMR,DY-WA,Washington,DC,"Washington, DC",Washington,DC,FMMOS,FMMOS - non-mars,06/01/2017 13:05:29,2017,2017-MAY,class_2_Price,14.84,lmprs,
04/29/2017,05/03/2017,2017,Apr,,6.78,2.3548,0.6641,1.6955,0.3350,0.00075,2.1160,0.8386,1.4960,,,0.5243,Announcement of Class and Component Prices (PDF),DYMCLASSPRICES,2991,Dairy MMR,DY-WA,Washington,DC,"Washington, DC",Washington,DC,FMMOS,FMMOS - non-mars,05/03/2017 13:05:57,2017,2017-APR,class_2_Price,14.81,lmprs,
04/01/2017,04/05/2017,2017,Mar,,8.00,2.4176,0.6747,1.8198,0.3345,0.00078,2.1679,0.8493,1.5551,,,0.5239,Announcement of Class and Component Prices (PDF),DYMCLASSPRICES,2991,Dairy MMR,DY-WA,Washington,DC,"Washington, DC",Washington,DC,FMMOS,FMMOS - non-mars,04/05/2017 13:05:00,2017,2017-MAR,class_2_Price,16.21,lmprs,
02/25/2017,03/01/2017,2017,Feb,,8.29,2.4274,0.8166,2.2348,0.2990,0.00084,2.1760,0.9926,1.6871,,,0.4894,Announcement of Class and Component Prices (PDF),DYMCLASSPRICES,2991,Dairy MMR,DY-WA,Washington,DC,"Washington, DC",Washington,DC,FMMOS,FMMOS - non-mars,03/01/2017 13:01:16,2017,2017-FEB,class_2_Price,16.52,lmprs,
01/28/2017,02/01/2017,2017,Jan,,7.77,2.5253,0.8465,2.1768,0.2503,0.00085,2.2568,1.0229,1.7011,,,0.4421,Announcement of Class and Component Prices (PDF),DYMCLASSPRICES,2991,Dairy MMR,DY-WA,Washington,DC,"Washington, DC",Washington,DC,FMMOS,FMMOS - non-mars,02/01/2017 13:06:58,2017,2017-JAN,class_2_Price,16.36,lmprs,
12/31/2016,01/05/2017,2016,Dec,,7.32,2.3354,0.7822,2.6922,0.2063,0.00090,2.1000,0.9579,1.7990,,,0.3994,Announcement of Class and Component Prices (PDF),DYMCLASSPRICES,2991,Dairy MMR,DY-WA,Washington,DC,"Washington, DC",Washington,DC,FMMOS,FMMOS - non-mars,01/05/2017 12:55:11,2016,2016-DEC,class_2_Price,15.26,lmprs,
11/26/2016,11/30/2016,2016,Nov,,7.47,2.1044,0.7367,2.8085,0.1750,0.00088,1.9092,0.9119,1.7596,,,0.3690,Announcement of Class and Component Prices (PDF),DYMCLASSPRICES,2991,Dairy MMR,DY-WA,Washington,DC,"Washington, DC",Washington,DC,FMMOS,FMMOS - non-mars,11/30/2016 13:04:41,2016,2016-NOV,class_2_Price,14.60,lmprs,
10/29/2016,11/02/2016,2016,Oct,,7.14,2.0493,0.7469,2.2975,0.1351,0.00079,1.8637,0.9222,1.5830,,,0.3303,Announcement of Class and Component Prices (PDF),DYMCLASSPRICES,2991,Dairy MMR,DY-WA,Washington,DC,"Washington, DC",Washington,DC,FMMOS,FMMOS - non-mars,11/02/2016 13:47:24,2016,2016-OCT,class_2_Price,14.09,lmprs,
10/01/2016,10/05/2016,2016,Sep,,6.79,2.3082,0.7097,2.5675,0.1096,0.00088,2.0775,0.8847,1.7514,,,0.3055,Announcement of Class and Component Prices (PDF),DYMCLASSPRICES,2991,Dairy MMR,DY-WA,Washington,DC,"Washington, DC",Washington,DC,FMMOS,FMMOS - non-mars,10/05/2016 13:04:16,2016,2016-SEP,class_2_Price,14.66,lmprs,
08/27/2016,08/31/2016,2016,Aug,,6.71,2.4873,0.6841,2.5738,0.0881,0.00091,2.2254,0.8588,1.8119,,,0.2846,Announcement of Class and Component Prices (PDF),DYMCLASSPRICES,2991,Dairy MMR,DY-WA,Washington,DC,"Washington, DC",Washington,DC,FMMOS,FMMOS - non-mars,08/31/2016 13:03:02,2016,2016-AUG,class_2_Price,15.21,lmprs,
07/30/2016,08/03/2016,2016,Jul,,6.27,2.5964,0.6618,1.9112,0.0774,0.00082,2.3155,0.8363,1.6419,,,0.2742,Announcement of Class and Component Prices (PDF),DYMCLASSPRICES,2991,Dairy MMR,DY-WA,Washington,DC,"Washington, DC",Washington,DC,FMMOS,FMMOS - non-mars,08/03/2016 13:09:56,2016,2016-JUL,class_2_Price,15.16,lmprs,
06/25/2016,06/29/2016,2016,Jun,,5.86,2.4109,0.6148,1.4807,0.0628,0.00072,2.1623,0.7888,1.4477,,,0.2601,Announcement of Class and Component Prices (PDF),DYMCLASSPRICES,2991,Dairy MMR,DY-WA,Washington,DC,"Washington, DC",Washington,DC,FMMOS,FMMOS - non-mars,06/29/2016 13:03:34,2016,2016-JUN,class_2_Price,14.12,lmprs,
05/28/2016,06/02/2016,2016,May,,5.71,2.2846,0.5870,1.4935,0.0529,0.00071,2.0580,0.7607,1.4104,,,0.2505,Announcement of Class and Component Prices (PDF),DYMCLASSPRICES,2991,Dairy MMR,DY-WA,Washington,DC,"Washington, DC",Washington,DC,FMMOS,FMMOS - non-mars,06/02/2016 13:14:45,2016,2016-MAY,class_2_Price,13.53,lmprs,
04/30/2016,05/04/2016,2016,Apr,,5.89,2.2376,0.5573,1.8450,0.0489,0.00075,2.0192,0.7307,1.5041,,,0.2466,Announcement of Class and Component Prices (PDF),DYMCLASSPRICES,2991,Dairy MMR,DY-WA,Washington,DC,"Washington, DC",Washington,DC,FMMOS,FMMOS - non-mars,05/04/2016 13:07:06,2016,2016-APR,class_2_Price,13.54,lmprs,
03/26/2016,03/30/2016,2016,Mar,,6.05,2.2028,0.5786,1.9206,0.0501,0.00076,1.9905,0.7522,1.5162,,,0.2477,Announcement of Class and Component Prices (PDF),DYMCLASSPRICES,2991,Dairy MMR,DY-WA,Washington,DC,"Washington, DC",Washington,DC,FMMOS,FMMOS - non-mars,03/30/2016 13:05:26,2016,2016-MAR,class_2_Price,13.57,lmprs,
02/27/2016,03/02/2016,2016,Feb,,6.17,2.3778,0.5951,1.7389,0.0492,0.00076,2.1350,0.7689,1.5170,,,0.2469,Announcement of Class and Component Prices (PDF),DYMCLASSPRICES,2991,Dairy MMR,DY-WA,Washington,DC,"Washington, DC",Washington,DC,FMMOS,FMMOS - non-mars,03/02/2016 13:14:46,2016,2016-FEB,class_2_Price,14.30,lmprs,
01/30/2016,02/03/2016,2016,Jan,,6.31,2.3062,0.6037,1.8169,0.0371,0.00076,2.0759,0.7776,1.5178,,,0.2351,Announcement of Class and Component Prices (PDF),DYMCLASSPRICES,2991,Dairy MMR,DY-WA,Washington,DC,"Washington, DC",Washington,DC,FMMOS,FMMOS - non-mars,02/03/2016 13:05:06,2016,2016-JAN,class_2_Price,14.19,lmprs,
12/26/2015,12/30/2015,2015,Dec,,6.75,2.9057,0.6153,1.3599,0.0355,0.00079,2.5709,0.7893,1.5719,,,0.2336,Announcement of Class and Component Prices (PDF),DYMCLASSPRICES,2991,Dairy MMR,DY-WA,Washington,DC,"Washington, DC",Washington,DC,FMMOS,FMMOS - non-mars,12/30/2015 13:04:22,2015,2015-DEC,class_2_Price,16.71,lmprs,
11/28/2015,12/02/2015,2015,Nov,,7.35,3.1830,0.6627,1.3205,0.0361,0.00083,2.7999,0.8372,1.6503,,,0.2341,Announcement of Class and Component Prices (PDF),DYMCLASSPRICES,2991,Dairy MMR,DY-WA,Washington,DC,"Washington, DC",Washington,DC,FMMOS,FMMOS - non-mars,12/02/2015 13:11:34,2015,2015-NOV,class_2_Price,18.26,lmprs,
10/31/2015,11/04/2015,2015,Oct,,6.46,2.9087,0.7200,1.7019,0.0328,0.00084,2.5734,0.8951,1.6790,,,0.2309,Announcement of Class and Component Prices (PDF),DYMCLASSPRICES,2991,Dairy MMR,DY-WA,Washington,DC,"Washington, DC",Washington,DC,FMMOS,FMMOS - non-mars,11/04/2015 13:33:23,2015,2015-OCT,class_2_Price,16.44,lmprs,
09/26/2015,09/30/2015,2015,Sep,,5.91,2.7531,0.6266,1.9801,0.0465,0.00086,2.4449,0.8007,1.7145,,,0.2442,Announcement of Class and Component Prices (PDF),DYMCLASSPRICES,2991,Dairy MMR,DY-WA,Washington,DC,"Washington, DC",Washington,DC,FMMOS,FMMOS - non-mars,09/30/2015 13:06:29,2015,2015-SEP,class_2_Price,15.36,lmprs,
08/29/2015,09/02/2015,2015,Aug,,6.82,2.2674,0.5707,2.5692,0.1151,0.00087,2.0438,0.7443,1.7386,,,0.3108,Announcement of Class and Component Prices (PDF),DYMCLASSPRICES,2991,Dairy MMR,DY-WA,Washington,DC,"Washington, DC",Washington,DC,FMMOS,FMMOS - non-mars,09/02/2015 13:02:58,2015,2015-AUG,class_2_Price,14.54,lmprs,
08/01/2015,08/05/2015,2015,Jul,,7.55,2.1125,0.6621,2.6070,0.2004,0.00085,1.9159,0.8366,1.6997,,,0.3937,Announcement of Class and Component Prices (PDF),DYMCLASSPRICES,2991,Dairy MMR,DY-WA,Washington,DC,"Washington, DC",Washington,DC,FMMOS,FMMOS - non-mars,08/05/2015 13:00:39,2015,2015-JUL,class_2_Price,14.70,lmprs,
06/27/2015,07/01/2015,2015,Jun,,7.66,2.1011,0.7529,2.6915,0.2322,0.00086,1.9065,0.9283,1.7222,,,0.4245,Announcement of Class and Component Prices (PDF),DYMCLASSPRICES,2991,Dairy MMR,DY-WA,Washington,DC,"Washington, DC",Washington,DC,FMMOS,FMMOS - non-mars,07/01/2015 13:32:09,2015,2015-JUN,class_2_Price,14.77,lmprs,
05/30/2015,06/03/2015,2015,May,,7.85,2.0599,0.7708,2.5206,0.2533,0.00083,1.8725,0.9464,1.6557,,,0.4450,Announcement of Class and Component Prices (PDF),DYMCLASSPRICES,2991,Dairy MMR,DY-WA,Washington,DC,"Washington, DC",Washington,DC,FMMOS,FMMOS - non-mars,06/03/2015 13:18:15,2015,2015-MAY,class_2_Price,14.81,lmprs,
04/25/2015,04/29/2015,2015,Apr,,8.63,1.8940,0.7926,2.5551,0.2698,0.00081,1.7355,0.9684,1.6122,,,0.4610,Announcement of Class and Component Prices (PDF),DYMCLASSPRICES,2991,Dairy MMR,DY-WA,Washington,DC,"Washington, DC",Washington,DC,FMMOS,FMMOS - non-mars,04/29/2015 13:10:22,2015,2015-APR,class_2_Price,14.98,lmprs,
03/28/2015,04/01/2015,2015,Mar,,8.31,1.8444,0.8454,2.4875,0.2918,0.00079,1.6945,1.0217,1.5750,,,0.4824,Announcement of Class and Component Prices (PDF),DYMCLASSPRICES,2991,Dairy MMR,DY-WA,Washington,DC,"Washington, DC",Washington,DC,FMMOS,FMMOS - non-mars,04/01/2015 13:31:23,2015,2015-MAR,class_2_Price,14.50,lmprs,
02/28/2015,03/04/2015,2015,Feb,,8.34,1.8296,0.8544,2.4051,0.3273,0.00077,1.6823,1.0308,1.5446,,,0.5169,Announcement of Class and Component Prices (PDF),DYMCLASSPRICES,2991,Dairy MMR,DY-WA,Washington,DC,"Washington, DC",Washington,DC,FMMOS,FMMOS - non-mars,03/04/2015 13:02:40,2015,2015-FEB,class_2_Price,14.48,lmprs,
01/31/2015,02/04/2015,2015,Jan,,10.63,1.6855,0.8439,2.6731,0.4001,0.00079,1.5633,1.0202,1.5807,,,0.5875,Announcement of Class and Component Prices (PDF),DYMCLASSPRICES,2991,Dairy MMR,DY-WA,Washington,DC,"Washington, DC",Washington,DC,FMMOS,FMMOS - non-mars,02/04/2015 13:08:32,2015,2015-JAN,class_2_Price,16.18,lmprs,
12/27/2014,12/31/2014,2014,Dec,,12.14,2.0991,1.0767,2.7387,0.3996,0.00087,1.9049,1.2554,1.7362,,,0.5871,Announcement of Class and Component Prices (PDF),DYMCLASSPRICES,2991,Dairy MMR,DY-WA,Washington,DC,"Washington, DC",Washington,DC,FMMOS,FMMOS - non-mars,12/31/2014 13:28:06,2014,2014-DEC,class_2_Price,19.09,lmprs,
11/29/2014,12/03/2014,2014,Nov,,12.62,2.2011,1.2102,3.9018,0.4505,0.00107,1.9891,1.3902,2.1305,,,0.6365,Announcement of Class and Component Prices (PDF),DYMCLASSPRICES,2991,Dairy MMR,DY-WA,Washington,DC,"Washington, DC",Washington,DC,FMMOS,FMMOS - non-mars,12/03/2014 13:13:21,2014,2014-NOV,class_2_Price,19.91,lmprs,
11/01/2014,11/05/2014,2014,Oct,,12.36,2.8507,1.3090,3.7362,0.4670,0.00115,2.5255,1.4900,2.2914,,,0.6525,Announcement of Class and Component Prices (PDF),DYMCLASSPRICES,2991,Dairy MMR,DY-WA,Washington,DC,"Washington, DC",Washington,DC,FMMOS,FMMOS - non-mars,11/05/2014 13:49:38,2014,2014-OCT,class_2_Price,21.93,lmprs,
09/27/2014,10/01/2014,2014,Sep,,15.26,3.2467,1.2910,3.4991,0.4876,0.00117,2.8525,1.4718,2.3472,,,0.6725,Announcement of Class and Component Prices (PDF),DYMCLASSPRICES,2991,Dairy MMR,DY-WA,Washington,DC,"Washington, DC",Washington,DC,FMMOS,FMMOS - non-mars,10/01/2014 13:37:58,2014,2014-SEP,class_2_Price,26.11,lmprs,
08/30/2014,09/04/2014,2014,Aug,,15.92,2.8448,1.6047,3.1496,0.5036,0.00105,2.5206,1.7887,2.1074,,,0.6880,Announcement of Class and Component Prices (PDF),DYMCLASSPRICES,2991,Dairy MMR,DY-WA,Washington,DC,"Washington, DC",Washington,DC,FMMOS,FMMOS - non-mars,09/04/2014 13:52:02,2014,2014-AUG,class_2_Price,25.34,lmprs,
07/26/2014,07/30/2014,2014,Jul,,15.71,2.6349,1.6770,3.1798,0.5046,0.00102,2.3473,1.8617,2.0482,,,0.6890,Announcement of Class and Component Prices (PDF),DYMCLASSPRICES,2991,Dairy MMR,DY-WA,Washington,DC,"Washington, DC",Washington,DC,FMMOS,FMMOS - non-mars,07/30/2014 13:22:12,2014,2014-JUL,class_2_Price,24.41,lmprs,
06/28/2014,07/02/2014,2014,Jun,,15.93,2.4413,1.6785,3.3437,0.4942,0.00102,2.1874,1.8633,2.0358,,,0.6789,Announcement of Class and Component Prices (PDF),DYMCLASSPRICES,2991,Dairy MMR,DY-WA,Washington,DC,"Washington, DC",Washington,DC,FMMOS,FMMOS - non-mars,07/02/2014 13:05:55,2014,2014-JUN,class_2_Price,23.94,lmprs,
05/31/2014,06/04/2014,2014,May,,17.06,2.2721,1.6919,3.9553,0.4897,0.00109,2.0477,1.8768,2.1703,,,0.6745,Announcement of Class and Component Prices (PDF),DYMCLASSPRICES,2991,Dairy MMR,DY-WA,Washington,DC,"Washington, DC",Washington,DC,FMMOS,FMMOS - non-mars,06/04/2014 13:47:22,2014,2014-MAY,class_2_Price,24.44,lmprs,
04/26/2014,04/30/2014,2014,Apr,,17.92,2.1207,1.8328,4.7089,0.4926,0.00118,1.9227,2.0191,2.3547,,,0.6774,Announcement of Class and Component Prices (PDF),DYMCLASSPRICES,2991,Dairy MMR,DY-WA,Washington,DC,"Washington, DC",Washington,DC,FMMOS,FMMOS - non-mars,04/30/2014 14:03:41,2014,2014-APR,class_2_Price,24.74,lmprs,
03/29/2014,04/02/2014,2014,Mar,,17.67,2.0402,1.9027,4.5172,0.4700,0.00113,1.8562,2.0897,2.2689,,,0.6554,Announcement of Class and Component Prices (PDF),DYMCLASSPRICES,2991,Dairy MMR,DY-WA,Washington,DC,"Washington, DC",Washington,DC,FMMOS,FMMOS - non-mars,04/02/2014 13:03:12,2014,2014-MAR,class_2_Price,24.22,lmprs,
03/01/2014,03/05/2014,2014,Feb,,17.27,2.0109,1.8914,4.6044,0.4453,0.00114,1.8320,2.0783,2.2864,,,0.6314,Announcement of Class and Component Prices (PDF),DYMCLASSPRICES,2991,Dairy MMR,DY-WA,Washington,DC,"Washington, DC",Washington,DC,FMMOS,FMMOS - non-mars,03/05/2014 13:32:06,2014,2014-FEB,class_2_Price,23.73,lmprs,
02/01/2014,02/05/2014,2014,Jan,,16.51,1.7874,1.8470,4.1870,0.4155,0.00104,1.6475,2.0335,2.0838,,,0.6025,Announcement of Class and Component Prices (PDF),DYMCLASSPRICES,2991,Dairy MMR,DY-WA,Washington,DC,"Washington, DC",Washington,DC,FMMOS,FMMOS - non-mars,02/05/2014 13:33:25,2014,2014-JAN,class_2_Price,22.21,lmprs,
12/28/2013,01/02/2014,2013,Dec,,16.01,1.7672,1.7680,3.5390,0.3826,0.00094,1.6308,1.9537,1.8761,,,0.5706,Announcement of Class and Component Prices (PDF),DYMCLASSPRICES,2991,Dairy MMR,DY-WA,Washington,DC,"Washington, DC",Washington,DC,FMMOS,FMMOS - non-mars,01/02/2014 13:04:33,2013,2013-DEC,class_2_Price,21.66,lmprs,
11/30/2013,12/04/2013,2013,Nov,,15.56,1.6336,1.7042,3.6316,0.3955,0.00093,1.5205,1.8892,1.8612,,,0.5831,Announcement of Class and Component Prices (PDF),DYMCLASSPRICES,2991,Dairy MMR,DY-WA,Washington,DC,"Washington, DC",Washington,DC,FMMOS,FMMOS - non-mars,12/04/2013 13:42:24,2013,2013-NOV,class_2_Price,20.76,lmprs,
10/26/2013,10/30/2013,2013,Oct,,15.25,1.6638,1.6521,3.4107,0.3852,0.00090,1.5454,1.8366,1.8025,,,0.5731,Announcement of Class and Component Prices (PDF),DYMCLASSPRICES,2991,Dairy MMR,DY-WA,Washington,DC,"Washington, DC",Washington,DC,FMMOS,FMMOS - non-mars,10/30/2013 13:29:32,2013,2013-OCT,class_2_Price,20.56,lmprs,
09/28/2013,10/18/2013,2013,Sep,,14.96,1.5196,1.6243,3.5419,0.3914,0.00090,1.4263,1.8085,1.7961,,,0.5791,Announcement of Class and Component Prices (PDF),DYMCLASSPRICES,2991,Dairy MMR,DY-WA,Washington,DC,"Washington, DC",Washington,DC,FMMOS,FMMOS - non-mars,10/18/2013 10:41:45,2013,2013-SEP,class_2_Price,19.78,lmprs,
08/31/2013,09/05/2013,2013,Aug,,14.47,1.5104,1.5868,3.4775,0.3901,0.00089,1.4187,1.7706,1.7731,,,0.5778,Announcement of Class and Component Prices (PDF),DYMCLASSPRICES,2991,Dairy MMR,DY-WA,Washington,DC,"Washington, DC",Washington,DC,FMMOS,FMMOS - non-mars,09/05/2013 13:06:42,2013,2013-AUG,class_2_Price,19.27,lmprs,
07/27/2013,07/31/2013,2013,Jul,,14.20,1.5693,1.5438,3.2257,0.3927,0.00086,1.4674,1.7272,1.7142,,,0.5804,Announcement of Class and Component Prices (PDF),DYMCLASSPRICES,2991,Dairy MMR,DY-WA,Washington,DC,"Washington, DC",Washington,DC,FMMOS,FMMOS - non-mars,07/31/2013 13:04:38,2013,2013-JUL,class_2_Price,19.22,lmprs,
06/29/2013,07/03/2013,2013,Jun,,13.79,1.6599,1.5048,3.3455,0.3859,0.00089,1.5422,1.6878,1.7810,,,0.5738,Announcement of Class and Component Prices (PDF),DYMCLASSPRICES,2991,Dairy MMR,DY-WA,Washington,DC,"Washington, DC",Washington,DC,FMMOS,FMMOS - non-mars,07/03/2013 13:07:05,2013,2013-JUN,class_2_Price,19.14,lmprs,
06/01/2013,06/05/2013,2013,May,,12.59,1.7884,1.4549,3.3597,0.3887,0.00091,1.6483,1.6374,1.8274,,,0.5765,Announcement of Class and Component Prices (PDF),DYMCLASSPRICES,2991,Dairy MMR,DY-WA,Washington,DC,"Washington, DC",Washington,DC,FMMOS,FMMOS - non-mars,06/05/2013 13:37:51,2013,2013-MAY,class_2_Price,18.43,lmprs,
04/27/2013,05/01/2013,2013,Apr,,12.77,1.8227,1.3498,3.0130,0.3863,0.00087,1.6766,1.5312,1.7310,,,0.5741,Announcement of Class and Component Prices (PDF),DYMCLASSPRICES,2991,Dairy MMR,DY-WA,Washington,DC,"Washington, DC",Washington,DC,FMMOS,FMMOS - non-mars,05/01/2013 13:31:51,2013,2013-APR,class_2_Price,18.73,lmprs,
03/30/2013,04/03/2013,2013,Mar,,13.14,1.7476,1.3395,2.8204,0.4179,0.00082,1.6146,1.5208,1.6467,,,0.6048,Announcement of Class and Component Prices (PDF),DYMCLASSPRICES,2991,Dairy MMR,DY-WA,Washington,DC,"Washington, DC",Washington,DC,FMMOS,FMMOS - non-mars,04/03/2013 13:36:29,2013,2013-MAR,class_2_Price,18.82,lmprs,
02/23/2013,02/27/2013,2013,Feb,,13.11,1.6619,1.3742,2.9609,0.4534,0.00083,1.5438,1.5559,1.6623,,,0.6393,Announcement of Class and Component Prices (PDF),DYMCLASSPRICES,2991,Dairy MMR,DY-WA,Washington,DC,"Washington, DC",Washington,DC,FMMOS,FMMOS - non-mars,02/27/2013 13:03:22,2013,2013-FEB,class_2_Price,18.49,lmprs,
01/26/2013,01/30/2013,2013,Jan,,12.96,1.6168,1.3784,3.2862,0.4647,0.00087,1.5066,1.5601,1.7485,,,0.6503,Announcement of Class and Component Prices (PDF),DYMCLASSPRICES,2991,Dairy MMR,DY-WA,Washington,DC,"Washington, DC",Washington,DC,FMMOS,FMMOS - non-mars,01/30/2013 13:50:34,2013,2013-JAN,class_2_Price,18.19,lmprs,
12/29/2012,01/03/2013,2012,Dec,,12.67,1.7276,1.3569,3.3113,0.4758,0.00090,1.5981,1.5384,1.7925,,,0.6610,Announcement of Class and Component Prices (PDF),DYMCLASSPRICES,2991,Dairy MMR,DY-WA,Washington,DC,"Washington, DC",Washington,DC,FMMOS,FMMOS - non-mars,01/03/2013 13:44:27,2012,2012-DEC,class_2_Price,18.30,lmprs,
12/01/2012,12/05/2012,2012,Nov,,12.13,2.0218,1.3330,3.7172,0.4624,0.00101,1.8410,1.5143,2.0146,,,0.6480,Announcement of Class and Component Prices (PDF),DYMCLASSPRICES,2991,Dairy MMR,DY-WA,Washington,DC,"Washington, DC",Washington,DC,FMMOS,FMMOS - non-mars,12/05/2012 13:44:59,2012,2012-NOV,class_2_Price,18.81,lmprs,
10/27/2012,10/31/2012,2012,Oct,,11.42,2.1136,1.2828,3.7278,0.4340,0.00102,1.9168,1.4636,2.0479,,,0.6205,Announcement of Class and Component Prices (PDF),DYMCLASSPRICES,2991,Dairy MMR,DY-WA,Washington,DC,"Washington, DC",Washington,DC,FMMOS,FMMOS - non-mars,10/31/2012 13:24:09,2012,2012-OCT,class_2_Price,18.44,lmprs,
09/29/2012,10/03/2012,2012,Sep,,10.36,2.0047,1.1969,3.2521,0.3971,0.00093,1.8269,1.3768,1.8647,,,0.5846,Announcement of Class and Component Prices (PDF),DYMCLASSPRICES,2991,Dairy MMR,DY-WA,Washington,DC,"Washington, DC",Washington,DC,FMMOS,FMMOS - non-mars,10/03/2012 13:08:44,2012,2012-SEP,class_2_Price,17.04,lmprs,
08/25/2012,08/29/2012,2012,Aug,,9.53,1.8339,1.0756,3.1211,0.3462,0.00088,1.6859,1.2543,1.7682,,,0.5352,Announcement of Class and Component Prices (PDF),DYMCLASSPRICES,2991,Dairy MMR,DY-WA,Washington,DC,"Washington, DC",Washington,DC,FMMOS,FMMOS - non-mars,08/29/2012 13:03:29,2012,2012-AUG,class_2_Price,15.64,lmprs,
07/28/2012,08/01/2012,2012,Jul,,9.01,1.6556,0.9965,3.0430,0.3123,0.00084,1.5386,1.1744,1.6857,,,0.5023,Announcement of Class and Component Prices (PDF),DYMCLASSPRICES,2991,Dairy MMR,DY-WA,Washington,DC,"Washington, DC",Washington,DC,FMMOS,FMMOS - non-mars,08/01/2012 13:30:51,2012,2012-JUL,class_2_Price,14.51,lmprs,
06/30/2012,07/05/2012,2012,Jun,,9.42,1.4866,0.9252,2.8952,0.3113,0.00079,1.3991,1.1023,1.5846,,,0.5013,Announcement of Class and Component Prices (PDF),DYMCLASSPRICES,2991,Dairy MMR,DY-WA,Washington,DC,"Washington, DC",Washington,DC,FMMOS,FMMOS - non-mars,07/05/2012 13:47:57,2012,2012-JUN,class_2_Price,14.32,lmprs,
05/26/2012,05/31/2012,2012,May,,10.47,1.4462,0.9774,2.7344,0.3500,0.00076,1.3657,1.1551,1.5215,,,0.5389,Announcement of Class and Component Prices (PDF),DYMCLASSPRICES,2991,Dairy MMR,DY-WA,Washington,DC,"Washington, DC",Washington,DC,FMMOS,FMMOS - non-mars,05/31/2012 13:26:26,2012,2012-MAY,class_2_Price,15.19,lmprs,
04/28/2012,05/02/2012,2012,Apr,,11.09,1.5645,1.0728,2.6568,0.4048,0.00077,1.4634,1.2514,1.5361,,,0.5921,Announcement of Class and Component Prices (PDF),DYMCLASSPRICES,2991,Dairy MMR,DY-WA,Washington,DC,"Washington, DC",Washington,DC,FMMOS,FMMOS - non-mars,05/02/2012 13:55:44,2012,2012-APR,class_2_Price,16.20,lmprs,
03/24/2012,04/02/2012,2012,Mar,,,,,,0.0000,,,,,,,,Announcement of Class and Component Prices (PDF),DYMCLASSPRICES,2991,Dairy MMR,DY-WA,Washington,DC,"Washington, DC",Washington,DC,FMMOS,FMMOS - non-mars,04/02/2012 09:28:22,2012,2012-MAR,class_2_Price,,lmprs,
04/25/2026,04/29/2026,2026,Apr,,12.70,1.8692,1.5241,2.5190,0.3888,0.00082,1.7707,1.7788,1.6427,,,0.6443,Announcement of Class and Component Prices (PDF),DYMCLASSPRICES,2991,Dairy MMR,DY-WA,Washington,DC,"Washington, DC",Washington,DC,FMMOS,FMMOS - non-mars,04/29/2026 13:05:26,2026,2026-APR,class_2_butterfat_Price,1.8762,lmprs,
03/28/2026,04/01/2026,2026,Mar,,10.61,2.0220,1.3215,2.0905,0.4178,0.00078,1.8969,1.5741,1.5607,,,0.6724,Announcement of Class and Component Prices (PDF),DYMCLASSPRICES,2991,Dairy MMR,DY-WA,Washington,DC,"Washington, DC",Washington,DC,FMMOS,FMMOS - non-mars,04/01/2026 13:05:21,2026,2026-MAR,class_2_butterfat_Price,2.0290,lmprs,
02/28/2026,03/04/2026,2026,Feb,,9.42,1.7794,1.1220,1.9373,0.4391,0.00072,1.6966,1.3726,1.4338,,,0.6931,Announcement of Class and Component Prices (PDF),DYMCLASSPRICES,2991,Dairy MMR,DY-WA,Washington,DC,"Washington, DC",Washington,DC,FMMOS,FMMOS - non-mars,03/04/2026 12:54:48,2026,2026-FEB,class_2_butterfat_Price,1.7864,lmprs,
01/31/2026,02/04/2026,2026,Jan,,9.13,1.4525,0.9433,2.1768,0.4448,0.00070,1.4266,1.1921,1.4003,,,0.6986,Announcement of Class and Component Prices (PDF),DYMCLASSPRICES,2991,Dairy MMR,DY-WA,Washington,DC,"Washington, DC",Washington,DC,FMMOS,FMMOS - non-mars,02/04/2026 13:08:03,2026,2026-JAN,class_2_butterfat_Price,1.4595,lmprs,
12/27/2025,12/31/2025,2025,Dec,,9.19,1.5761,0.9057,2.4563,0.4352,0.00076,1.5287,1.1541,1.5271,,,0.6893,Announcement of Class and Component Prices (PDF),DYMCLASSPRICES,2991,Dairy MMR,DY-WA,Washington,DC,"Washington, DC",Washington,DC,FMMOS,FMMOS - non-mars,12/31/2025 13:05:26,2025,2025-DEC,class_2_butterfat_Price,1.5831,lmprs,
11/29/2025,12/03/2025,2025,Nov,,8.85,1.7061,0.9124,3.0143,0.3859,0.00087,1.6360,1.1609,1.7419,,,0.6415,Announcement of Class and Component Prices (PDF),DYMCLASSPRICES,2991,Dairy MMR,DY-WA,Washington,DC,"Washington, DC",Washington,DC,FMMOS,FMMOS - non-mars,12/03/2025 13:02:43,2025,2025-NOV,class_2_butterfat_Price,1.7131,lmprs,
11/01/2025,11/05/2025,2025,Oct,,9.96,1.8252,0.9116,2.8761,0.3360,0.00087,1.7344,1.1601,1.7384,,,0.5930,Announcement of Class and Component Prices (PDF),DYMCLASSPRICES,2991,Dairy MMR,DY-WA,Washington,DC,"Washington, DC",Washington,DC,FMMOS,FMMOS - non-mars,11/05/2025 13:05:19,2025,2025-OCT,class_2_butterfat_Price,1.8322,lmprs,
09/27/2025,10/01/2025,2025,Sep,,10.04,2.1925,0.9773,2.7062,0.3207,0.00090,2.0377,1.2265,1.8066,,,0.5782,Announcement of Class and Component Prices (PDF),DYMCLASSPRICES,2991,Dairy MMR,DY-WA,Washington,DC,"Washington, DC",Washington,DC,FMMOS,FMMOS - non-mars,10/01/2025 13:05:44,2025,2025-SEP,class_2_butterfat_Price,2.1995,lmprs,
08/30/2025,09/04/2025,2025,Aug,,9.96,2.7255,1.0323,1.9646,0.3204,0.00088,2.4778,1.2820,1.7529,,,0.5779,Announcement of Class and Component Prices (PDF),DYMCLASSPRICES,2991,Dairy MMR,DY-WA,Washington,DC,"Washington, DC",Washington,DC,FMMOS,FMMOS - non-mars,09/04/2025 13:05:39,2025,2025-AUG,class_2_butterfat_Price,2.7325,lmprs,
07/26/2025,07/30/2025,2025,Jul,,9.67,2.8435,1.0286,1.8730,0.3092,0.00088,2.5753,1.2783,1.7634,,,0.5670,Announcement of Class and Component Prices (PDF),DYMCLASSPRICES,2991,Dairy MMR,DY-WA,Washington,DC,"Washington, DC",Washington,DC,FMMOS,FMMOS - non-mars,07/30/2025 13:05:25,2025,2025-JUL,class_2_butterfat_Price,2.8505,lmprs,
06/28/2025,07/02/2025,2025,Jun,,9.14,2.7378,1.0037,2.5328,0.2914,0.00097,2.4880,1.2531,1.9322,,,0.5497,Announcement of Class and Component Prices (PDF),DYMCLASSPRICES,2991,Dairy MMR,DY-WA,Washington,DC,"Washington, DC",Washington,DC,FMMOS,FMMOS - non-mars,07/02/2025 13:05:29,2025,2025-JUN,class_2_butterfat_Price,2.7448,lmprs,
05/31/2025,06/04/2025,2025,May,,9.72,2.6627,1.0145,2.4810,0.3222,0.00092,2.3703,1.1925,1.8404,1.8177,1.8284,0.5119,Announcement of Class and Component Prices (PDF),DYMCLASSPRICES,2991,Dairy MMR,DY-WA,Washington,DC,"Washington, DC",Washington,DC,FMMOS,FMMOS - non-mars,06/04/2025 13:05:20,2025,2025-MAY,class_2_butterfat_Price,2.6697,lmprs,
04/26/2025,04/30/2025,2025,Apr,,10.31,2.6406,0.9994,2.1682,0.3087,0.00087,2.3520,1.1773,1.7361,1.7117,1.7244,0.4988,Announcement of Class and Component Prices (PDF),DYMCLASSPRICES,2991,Dairy MMR,DY-WA,Washington,DC,"Washington, DC",Washington,DC,FMMOS,FMMOS - non-mars,04/30/2025 13:04:13,2025,2025-APR,class_2_butterfat_Price,2.6476,lmprs,
03/29/2025,04/02/2025,2025,Mar,,11.31,2.6242,1.0393,2.4606,0.3647,0.00091,2.3385,1.2176,1.8215,1.8420,1.7732,0.5532,Announcement of Class and Component Prices (PDF),DYMCLASSPRICES,2991,Dairy MMR,DY-WA,Washington,DC,"Washington, DC",Washington,DC,FMMOS,FMMOS - non-mars,04/02/2025 13:05:07,2025,2025-MAR,class_2_butterfat_Price,2.6312,lmprs,
03/01/2025,03/05/2025,2025,Feb,,11.60,2.8186,1.1552,2.5337,0.4799,0.00095,2.4990,1.3347,1.9077,1.9158,1.8707,0.6650,Announcement of Class and Component Prices (PDF),DYMCLASSPRICES,2991,Dairy MMR,DY-WA,Washington,DC,"Washington, DC",Washington,DC,FMMOS,FMMOS - non-mars,03/05/2025 13:05:17,2025,2025-FEB,class_2_butterfat_Price,2.8256,lmprs,
02/01/2025,02/05/2025,2025,Jan,,11.65,2.9460,1.2002,2.3267,0.5384,0.00094,2.6042,1.3801,1.8851,1.8954,1.8477,0.7218,Announcement of Class and Component Prices (PDF),DYMCLASSPRICES,2991,Dairy MMR,DY-WA,Washington,DC,"Washington, DC",Washington,DC,FMMOS,FMMOS - non-mars,02/05/2025 13:05:17,2025,2025-JAN,class_2_butterfat_Price,2.9530,lmprs,
12/28/2024,01/02/2025,2024,Dec,,11.47,2.9104,1.2151,1.9637,0.4493,0.00088,2.5748,1.3952,1.7608,1.7583,1.7326,0.6353,Announcement of Class and Component Prices (PDF),DYMCLASSPRICES,2991,Dairy MMR,DY-WA,Washington,DC,"Washington, DC",Washington,DC,FMMOS,FMMOS - non-mars,01/02/2025 13:05:22,2024,2024-DEC,class_2_butterfat_Price,2.9174,lmprs,
11/30/2024,12/04/2024,2024,Nov,,11.17,3.0623,1.1974,2.3160,0.4049,0.00096,2.7002,1.3773,1.9198,1.9096,1.8973,0.5922,Announcement of Class and Component Prices (PDF),DYMCLASSPRICES,2991,Dairy MMR,DY-WA,Washington,DC,"Washington, DC",Washington,DC,FMMOS,FMMOS - non-mars,12/04/2024 13:05:26,2024,2024-NOV,class_2_butterfat_Price,3.0693,lmprs,
10/26/2024,10/30/2024,2024,Oct,,10.56,3.0851,1.1628,3.3238,0.3705,0.00112,2.7191,1.3423,2.2400,2.1605,2.2760,0.5588,Announcement of Class and Component Prices (PDF),DYMCLASSPRICES,2991,Dairy MMR,DY-WA,Washington,DC,"Washington, DC",Washington,DC,FMMOS,FMMOS - non-mars,10/30/2024 13:05:20,2024,2024-OCT,class_2_butterfat_Price,3.0921,lmprs,
09/28/2024,10/02/2024,2024,Sep,,10.09,3.6114,1.1109,2.9249,0.3430,0.00114,3.1537,1.2899,2.2882,2.2013,2.3319,0.5321,Announcement of Class and Component Prices (PDF),DYMCLASSPRICES,2991,Dairy MMR,DY-WA,Washington,DC,"Washington, DC",Washington,DC,FMMOS,FMMOS - non-mars,10/02/2024 13:05:28,2024,2024-SEP,class_2_butterfat_Price,3.6184,lmprs,
08/31/2024,09/05/2024,2024,Aug,,9.90,3.5632,1.0484,2.1756,0.2959,0.00102,3.1139,1.2268,2.0399,1.9812,2.0573,0.4864,Announcement of Class and Component Prices (PDF),DYMCLASSPRICES,2991,Dairy MMR,DY-WA,Washington,DC,"Washington, DC",Washington,DC,FMMOS,FMMOS - non-mars,09/05/2024 13:04:24,2024,2024-AUG,class_2_butterfat_Price,3.5702,lmprs,
07/27/2024,07/31/2024,2024,Jul,,9.63,3.5720,1.0149,1.9466,0.2571,0.00099,3.1211,1.1930,1.9717,1.9458,1.9635,0.4487,Announcement of Class and Component Prices (PDF),DYMCLASSPRICES,2991,Dairy MMR,DY-WA,Washington,DC,"Washington, DC",Washington,DC,FMMOS,FMMOS - non-mars,07/31/2024 13:05:31,2024,2024-JUL,class_2_butterfat_Price,3.5790,lmprs,
06/29/2024,07/03/2024,2024,Jun,,9.50,3.5444,0.9991,2.0546,0.2326,0.00100,3.0983,1.1770,1.9962,1.9154,2.0345,0.4249,Announcement of Class and Component Prices (PDF),DYMCLASSPRICES,2991,Dairy MMR,DY-WA,Washington,DC,"Washington, DC",Washington,DC,FMMOS,FMMOS - non-mars,07/03/2024 13:04:46,2024,2024-JUN,class_2_butterfat_Price,3.5514,lmprs,
06/01/2024,06/05/2024,2024,May,,9.69,3.4636,0.9647,1.7349,0.2181,0.00094,3.0316,1.1422,1.8706,1.8062,1.8952,0.4108,Announcement of Class and Component Prices (PDF),DYMCLASSPRICES,2991,Dairy MMR,DY-WA,Washington,DC,"Washington, DC",Washington,DC,FMMOS,FMMOS - non-mars,06/05/2024 13:05:24,2024,2024-MAY,class_2_butterfat_Price,3.4706,lmprs,
04/27/2024,05/01/2024,2024,Apr,,9.89,3.3309,0.9730,0.8345,0.2367,0.00077,2.9220,1.1506,1.5478,1.5170,1.5447,0.4289,Announcement of Class and Component Prices (PDF),DYMCLASSPRICES,2991,Dairy MMR,DY-WA,Washington,DC,"Washington, DC",Washington,DC,FMMOS,FMMOS - non-mars,05/01/2024 13:05:25,2024,2024-APR,class_2_butterfat_Price,3.3379,lmprs,
03/30/2024,04/03/2024,2024,Mar,,10.11,3.2385,1.0083,1.1265,0.2881,0.00080,2.8457,1.1863,1.6082,1.5730,1.6085,0.4788,Announcement of Class and Component Prices (PDF),DYMCLASSPRICES,2991,Dairy MMR,DY-WA,Washington,DC,"Washington, DC",Washington,DC,FMMOS,FMMOS - non-mars,04/03/2024 13:05:20,2024,2024-MAR,class_2_butterfat_Price,3.2455,lmprs,
02/24/2024,02/28/2024,2024,Feb,,9.99,3.1031,1.0343,1.2255,0.2738,0.00080,2.7339,1.2125,1.5947,1.6021,1.5586,0.4649,Announcement of Class and Component Prices (PDF),DYMCLASSPRICES,2991,Dairy MMR,DY-WA,Washington,DC,"Washington, DC",Washington,DC,FMMOS,FMMOS - non-mars,02/28/2024 13:05:37,2024,2024-FEB,class_2_butterfat_Price,3.1101,lmprs,
01/27/2024,01/31/2024,2024,Jan,,9.95,2.9765,1.0330,1.1265,0.2417,0.00076,2.6294,1.2112,1.5226,1.5260,1.4895,0.4338,Announcement of Class and Component Prices (PDF),DYMCLASSPRICES,2991,Dairy MMR,DY-WA,Washington,DC,"Washington, DC",Washington,DC,FMMOS,FMMOS - non-mars,01/31/2024 13:10:03,2024,2024-JAN,class_2_butterfat_Price,2.9835,lmprs,
12/30/2023,01/04/2024,2023,Dec,,9.78,2.9778,1.0144,1.4499,0.2242,0.00081,2.6305,1.1924,1.6234,1.6385,1.5813,0.4168,Announcement of Class and Component Prices (PDF),DYMCLASSPRICES,2991,Dairy MMR,DY-WA,Washington,DC,"Washington, DC",Washington,DC,FMMOS,FMMOS - non-mars,01/04/2024 13:04:47,2023,2023-DEC,class_2_butterfat_Price,2.9848,lmprs,
11/25/2023,11/29/2023,2023,Nov,,9.40,3.4608,1.0080,1.3238,0.1895,0.00087,3.0293,1.1860,1.7421,1.7511,1.7034,0.3831,Announcement of Class and Component Prices (PDF),DYMCLASSPRICES,2991,Dairy MMR,DY-WA,Washington,DC,"Washington, DC",Washington,DC,FMMOS,FMMOS - non-mars,11/29/2023 13:05:36,2023,2023-NOV,class_2_butterfat_Price,3.4678,lmprs,
10/28/2023,11/01/2023,2023,Oct,,9.25,3.7144,0.9781,1.0468,0.1243,0.00087,3.2387,1.1558,1.7390,1.8044,1.6502,0.3198,Announcement of Class and Component Prices (PDF),DYMCLASSPRICES,2991,Dairy MMR,DY-WA,Washington,DC,"Washington, DC",Washington,DC,FMMOS,FMMOS - non-mars,11/01/2023 13:05:20,2023,2023-OCT,class_2_butterfat_Price,3.7214,lmprs,
09/30/2023,10/04/2023,2023,Sep,,9.34,3.1264,0.9382,2.3027,0.0992,0.00097,2.7532,1.1155,1.9366,1.9895,1.8616,0.2954,Announcement of Class and Component Prices (PDF),DYMCLASSPRICES,2991,Dairy MMR,DY-WA,Washington,DC,"Washington, DC",Washington,DC,FMMOS,FMMOS - non-mars,10/04/2023 13:05:28,2023,2023-SEP,class_2_butterfat_Price,3.1334,lmprs,
08/26/2023,08/30/2023,2023,Aug,,9.65,3.0218,0.9599,2.0851,0.0648,0.00092,2.6668,1.1374,1.8349,1.8625,1.7764,0.2620,Announcement of Class and Component Prices (PDF),DYMCLASSPRICES,2991,Dairy MMR,DY-WA,Washington,DC,"Washington, DC",Washington,DC,FMMOS,FMMOS - non-mars,08/30/2023 13:05:53,2023,2023-AUG,class_2_butterfat_Price,3.0288,lmprs,
07/29/2023,08/02/2023,2023,Jul,,9.64,2.7986,0.9746,1.1991,0.0689,0.00074,2.4825,1.1522,1.4870,1.4614,1.4789,0.2660,Announcement of Class and Component Prices (PDF),DYMCLASSPRICES,2991,Dairy MMR,DY-WA,Washington,DC,"Washington, DC",Washington,DC,FMMOS,FMMOS - non-mars,08/02/2023 13:05:22,2023,2023-JUL,class_2_butterfat_Price,2.8056,lmprs,
06/24/2023,06/28/2023,2023,Jun,,9.48,2.7605,0.9896,1.5144,0.1266,0.00079,2.4510,1.1674,1.5724,1.5568,1.5561,0.3220,Announcement of Class and Component Prices (PDF),DYMCLASSPRICES,2991,Dairy MMR,DY-WA,Washington,DC,"Washington, DC",Washington,DC,FMMOS,FMMOS - non-mars,06/28/2023 13:06:22,2023,2023-JUN,class_2_butterfat_Price,2.7675,lmprs,
05/27/2023,06/01/2023,2023,May,,9.78,2.7572,0.9729,1.8002,0.1877,0.00083,2.4483,1.1505,1.6600,1.7277,1.5715,0.3813,Announcement of Class and Component Prices (PDF),DYMCLASSPRICES,2991,Dairy MMR,DY-WA,Washington,DC,"Washington, DC",Washington,DC,FMMOS,FMMOS - non-mars,06/01/2023 13:05:28,2023,2023-MAY,class_2_butterfat_Price,2.7642,lmprs,
04/29/2023,05/03/2023,2023,Apr,,10.07,2.7009,0.9774,2.5603,0.2479,0.00094,2.4018,1.1551,1.8775,1.9406,1.7942,0.4398,Announcement of Class and Component Prices (PDF),DYMCLASSPRICES,2991,Dairy MMR,DY-WA,Washington,DC,"Washington, DC",Washington,DC,FMMOS,FMMOS - non-mars,05/03/2023 13:06:24,2023,2023-APR,class_2_butterfat_Price,2.7079,lmprs,
04/01/2023,04/05/2023,2023,Mar,,10.30,2.7300,1.0154,2.4085,0.2338,0.00092,2.4258,1.1935,1.8399,1.9503,1.7188,0.4261,Announcement of Class and Component Prices (PDF),DYMCLASSPRICES,2991,Dairy MMR,DY-WA,Washington,DC,"Washington, DC",Washington,DC,FMMOS,FMMOS - non-mars,04/05/2023 13:05:21,2023,2023-MAR,class_2_butterfat_Price,2.7370,lmprs,
02/25/2023,03/01/2023,2023,Feb,,11.70,2.7178,1.0766,2.3650,0.2101,0.00091,2.4158,1.2553,1.8224,1.9874,1.6602,0.4031,Announcement of Class and Component Prices (PDF),DYMCLASSPRICES,2991,Dairy MMR,DY-WA,Washington,DC,"Washington, DC",Washington,DC,FMMOS,FMMOS - non-mars,03/01/2023 13:05:11,2023,2023-FEB,class_2_butterfat_Price,2.7248,lmprs,
01/28/2023,02/01/2023,2023,Jan,,12.32,2.7713,1.1864,2.8058,0.2343,0.00099,2.4599,1.3662,1.9767,2.1147,1.8226,0.4266,Announcement of Class and Component Prices (PDF),DYMCLASSPRICES,2991,Dairy MMR,DY-WA,Washington,DC,"Washington, DC",Washington,DC,FMMOS,FMMOS - non-mars,02/01/2023 13:04:20,2023,2023-JAN,class_2_butterfat_Price,2.7783,lmprs,
12/31/2022,01/05/2023,2022,Dec,,12.48,3.1539,1.2752,2.6568,0.2652,0.00103,2.7759,1.4559,2.0555,2.1594,1.9293,0.4566,Announcement of Class and Component Prices (PDF),DYMCLASSPRICES,2991,Dairy MMR,DY-WA,Washington,DC,"Washington, DC",Washington,DC,FMMOS,FMMOS - non-mars,01/05/2023 13:01:32,2022,2022-DEC,class_2_butterfat_Price,3.1609,lmprs,
11/26/2022,11/30/2022,2022,Nov,,13.31,3.3720,1.3233,2.5374,0.2837,0.00104,2.9560,1.5045,2.0897,2.0748,2.0744,0.4745,Announcement of Class and Component Prices (PDF),DYMCLASSPRICES,2991,Dairy MMR,DY-WA,Washington,DC,"Washington, DC",Washington,DC,FMMOS,FMMOS - non-mars,11/30/2022 13:08:10,2022,2022-NOV,class_2_butterfat_Price,3.3790,lmprs,
10/29/2022,11/02/2022,2022,Oct,,13.37,3.6567,1.4000,2.4512,0.2952,0.00108,3.1911,1.5819,2.1560,2.0453,2.2210,0.4857,Announcement of Class and Component Prices (PDF),DYMCLASSPRICES,2991,Dairy MMR,DY-WA,Washington,DC,"Washington, DC",Washington,DC,FMMOS,FMMOS - non-mars,11/02/2022 13:05:49,2022,2022-OCT,class_2_butterfat_Price,3.6637,lmprs,
10/01/2022,10/05/2022,2022,Sep,,14.52,3.5653,1.3984,1.8847,0.2998,0.00098,3.1156,1.5803,1.9503,1.8835,1.9830,0.4902,Announcement of Class and Component Prices (PDF),DYMCLASSPRICES,2991,Dairy MMR,DY-WA,Washington,DC,"Washington, DC",Washington,DC,FMMOS,FMMOS - non-mars,10/05/2022 13:05:11,2022,2022-SEP,class_2_butterfat_Price,3.5723,lmprs,
08/27/2022,08/31/2022,2022,Aug,,15.53,3.4001,1.4862,2.1417,0.3146,0.00099,2.9792,1.6690,1.9761,1.9484,1.9698,0.5045,Announcement of Class and Component Prices (PDF),DYMCLASSPRICES,2991,Dairy MMR,DY-WA,Washington,DC,"Washington, DC",Washington,DC,FMMOS,FMMOS - non-mars,08/31/2022 13:05:24,2022,2022-AUG,class_2_butterfat_Price,3.4071,lmprs,
07/30/2022,08/03/2022,2022,Jul,,15.42,3.3600,1.6160,2.9116,0.3596,0.00110,2.9461,1.8001,2.2019,2.1622,2.2054,0.5482,Announcement of Class and Component Prices (PDF),DYMCLASSPRICES,2991,Dairy MMR,DY-WA,Washington,DC,"Washington, DC",Washington,DC,FMMOS,FMMOS - non-mars,08/03/2022 13:07:36,2022,2022-JUL,class_2_butterfat_Price,3.3670,lmprs,
06/25/2022,06/29/2022,2022,Jun,,15.50,3.3323,1.6313,3.4173,0.4295,0.00117,2.9232,1.8156,2.3498,2.3214,2.3472,0.6161,Announcement of Class and Component Prices (PDF),DYMCLASSPRICES,2991,Dairy MMR,DY-WA,Washington,DC,"Washington, DC",Washington,DC,FMMOS,FMMOS - non-mars,06/29/2022 13:04:26,2022,2022-JUN,class_2_butterfat_Price,3.3393,lmprs,
05/28/2022,06/02/2022,2022,May,,15.52,3.1056,1.6253,3.8696,0.4857,0.00121,2.7360,1.8095,2.4161,2.3798,2.4187,0.6707,Announcement of Class and Component Prices (PDF),DYMCLASSPRICES,2991,Dairy MMR,DY-WA,Washington,DC,"Washington, DC",Washington,DC,FMMOS,FMMOS - non-mars,06/02/2022 13:04:58,2022,2022-MAY,class_2_butterfat_Price,3.1126,lmprs,
04/30/2022,05/04/2022,2022,Apr,,15.21,3.1461,1.6470,3.4239,0.5565,0.00115,2.7694,1.8314,2.2910,2.2759,2.2759,0.7394,Announcement of Class and Component Prices (PDF),DYMCLASSPRICES,2991,Dairy MMR,DY-WA,Washington,DC,"Washington, DC",Washington,DC,FMMOS,FMMOS - non-mars,05/04/2022 13:05:49,2022,2022-APR,class_2_butterfat_Price,3.1531,lmprs,
03/26/2022,03/30/2022,2022,Mar,,14.41,3.0935,1.6113,2.7182,0.6131,0.00103,2.7260,1.7954,2.0548,2.0748,2.0066,0.7943,Announcement of Class and Component Prices (PDF),DYMCLASSPRICES,2991,Dairy MMR,DY-WA,Washington,DC,"Washington, DC",Washington,DC,FMMOS,FMMOS - non-mars,03/30/2022 13:05:10,2022,2022-MAR,class_2_butterfat_Price,3.1005,lmprs,
02/26/2022,03/02/2022,2022,Feb,,13.67,3.0218,1.5450,2.3168,0.5983,0.00095,2.6668,1.7284,1.9068,1.9091,1.8746,0.7800,Announcement of Class and Component Prices (PDF),DYMCLASSPRICES,2991,Dairy MMR,DY-WA,Washington,DC,"Washington, DC",Washington,DC,FMMOS,FMMOS - non-mars,03/02/2022 13:02:51,2022,2022-FEB,class_2_butterfat_Price,3.0288,lmprs,
01/29/2022,02/02/2022,2022,Jan,,12.91,2.9567,1.4662,2.3563,0.5249,0.00095,2.6130,1.6488,1.8978,1.9787,1.7951,0.7087,Announcement of Class and Component Prices (PDF),DYMCLASSPRICES,2991,Dairy MMR,DY-WA,Washington,DC,"Washington, DC",Washington,DC,FMMOS,FMMOS - non-mars,02/02/2022 13:05:34,2022,2022-JAN,class_2_butterfat_Price,2.9637,lmprs,
01/01/2022,01/05/2022,2021,Dec,,12.22,2.2919,1.3655,2.5937,0.4532,0.00088,2.0641,1.5471,1.7542,1.8633,1.6263,0.6391,Announcement of Class and Component Prices (PDF),DYMCLASSPRICES,2991,Dairy MMR,DY-WA,Washington,DC,"Washington, DC",Washington,DC,FMMOS,FMMOS - non-mars,01/05/2022 13:26:36,2021,2021-DEC,class_2_butterfat_Price,2.2989,lmprs,
11/27/2021,12/01/2021,2021,Nov,,11.23,2.1541,1.2960,2.7536,0.3949,0.00088,1.9503,1.4769,1.7588,1.7605,1.7272,0.5825,Announcement of Class and Component Prices (PDF),DYMCLASSPRICES,2991,Dairy MMR,DY-WA,Washington,DC,"Washington, DC",Washington,DC,FMMOS,FMMOS - non-mars,12/01/2021 13:04:41,2021,2021-NOV,class_2_butterfat_Price,2.1611,lmprs,
10/30/2021,11/03/2021,2021,Oct,,10.63,1.9414,1.1801,3.0130,0.3560,0.00088,1.7746,1.3598,1.7698,1.8070,1.7011,0.5447,Announcement of Class and Component Prices (PDF),DYMCLASSPRICES,2991,Dairy MMR,DY-WA,Washington,DC,"Washington, DC",Washington,DC,FMMOS,FMMOS - non-mars,11/03/2021 13:05:14,2021,2021-OCT,class_2_butterfat_Price,1.9484,lmprs,
09/25/2021,09/29/2021,2021,Sep,,10.45,1.9388,1.1027,2.6010,0.3445,0.00082,1.7725,1.2816,1.6411,1.7761,1.4873,0.5336,Announcement of Class and Component Prices (PDF),DYMCLASSPRICES,2991,Dairy MMR,DY-WA,Washington,DC,"Washington, DC",Washington,DC,FMMOS,FMMOS - non-mars,09/29/2021 13:06:40,2021,2021-SEP,class_2_butterfat_Price,1.9458,lmprs,
08/28/2021,09/01/2021,2021,Aug,,10.37,1.8508,1.0872,2.4582,0.3735,0.00078,1.6998,1.2660,1.5680,1.6902,1.4371,0.5617,Announcement of Class and Component Prices (PDF),DYMCLASSPRICES,2991,Dairy MMR,DY-WA,Washington,DC,"Washington, DC",Washington,DC,FMMOS,FMMOS - non-mars,09/01/2021 13:04:00,2021,2021-AUG,class_2_butterfat_Price,1.8578,lmprs,
07/31/2021,08/04/2021,2021,Jul,,10.53,1.8996,1.0765,2.4957,0.4181,0.00080,1.7401,1.2552,1.5956,1.5948,1.5663,0.6050,Announcement of Class and Component Prices (PDF),DYMCLASSPRICES,2991,Dairy MMR,DY-WA,Washington,DC,"Washington, DC",Washington,DC,FMMOS,FMMOS - non-mars,08/04/2021 13:05:40,2021,2021-JUL,class_2_butterfat_Price,1.9066,lmprs,
06/26/2021,06/30/2021,2021,Jun,,10.12,1.9641,1.0908,2.5834,0.4579,0.00082,1.7934,1.2696,1.6439,1.6058,1.6506,0.6437,Announcement of Class and Component Prices (PDF),DYMCLASSPRICES,2991,Dairy MMR,DY-WA,Washington,DC,"Washington, DC",Washington,DC,FMMOS,FMMOS - non-mars,06/30/2021 13:04:48,2021,2021-JUN,class_2_butterfat_Price,1.9711,lmprs,
05/29/2021,06/03/2021,2021,May,,9.58,1.9851,1.0607,3.1307,0.4645,0.00091,1.8107,1.2392,1.8206,1.8072,1.8035,0.6501,Announcement of Class and Component Prices (PDF),DYMCLASSPRICES,2991,Dairy MMR,DY-WA,Washington,DC,"Washington, DC",Washington,DC,FMMOS,FMMOS - non-mars,06/03/2021 13:06:19,2021,2021-MAY,class_2_butterfat_Price,1.9921,lmprs,
05/01/2021,05/05/2021,2021,Apr,,9.03,1.9496,0.9902,2.8136,0.4268,0.00086,1.7814,1.1680,1.7106,1.7918,1.6011,0.6135,Announcement of Class and Component Prices (PDF),DYMCLASSPRICES,2991,Dairy MMR,DY-WA,Washington,DC,"Washington, DC",Washington,DC,FMMOS,FMMOS - non-mars,05/05/2021 13:08:26,2021,2021-APR,class_2_butterfat_Price,1.9566,lmprs,
03/27/2021,03/31/2021,2021,Mar,,9.36,1.7176,0.9396,2.6954,0.3652,0.00080,1.5898,1.1169,1.5981,1.6695,1.5023,0.5537,Announcement of Class and Component Prices (PDF),DYMCLASSPRICES,2991,Dairy MMR,DY-WA,Washington,DC,"Washington, DC",Washington,DC,FMMOS,FMMOS - non-mars,03/31/2021 13:03:13,2021,2021-MAR,class_2_butterfat_Price,1.7246,lmprs,
02/27/2021,03/03/2021,2021,Feb,,9.27,1.4376,0.9391,2.9816,0.3161,0.00080,1.3586,1.1164,1.5954,1.6870,1.4841,0.5060,Announcement of Class and Component Prices (PDF),DYMCLASSPRICES,2991,Dairy MMR,DY-WA,Washington,DC,"Washington, DC",Washington,DC,FMMOS,FMMOS - non-mars,03/03/2021 13:04:40,2021,2021-FEB,class_2_butterfat_Price,1.4446,lmprs,
01/30/2021,02/03/2021,2021,Jan,,9.03,1.5541,0.9570,3.0355,0.2682,0.00083,1.4548,1.1345,1.6502,1.7171,1.5601,0.4595,Announcement of Class and Component Prices (PDF),DYMCLASSPRICES,2991,Dairy MMR,DY-WA,Washington,DC,"Washington, DC",Washington,DC,FMMOS,FMMOS - non-mars,02/03/2021 13:02:18,2021,2021-JAN,class_2_butterfat_Price,1.5611,lmprs,
12/26/2020,12/30/2020,2020,Dec,,8.91,1.5399,0.9180,3.0282,0.2245,0.00082,1.4431,1.0951,1.6433,1.7708,1.4944,0.4171,Announcement of Class and Component Prices (PDF),DYMCLASSPRICES,2991,Dairy MMR,DY-WA,Washington,DC,"Washington, DC",Washington,DC,FMMOS,FMMOS - non-mars,12/30/2020 13:03:18,2020,2020-DEC,class_2_butterfat_Price,1.5469,lmprs,
11/28/2020,12/02/2020,2020,Nov,,8.70,1.5553,0.9047,5.6226,0.1894,0.00123,1.4558,1.0816,2.4535,2.5808,2.2929,0.3830,Announcement of Class and Component Prices (PDF),DYMCLASSPRICES,2991,Dairy MMR,DY-WA,Washington,DC,"Washington, DC",Washington,DC,FMMOS,FMMOS - non-mars,12/02/2020 13:06:51,2020,2020-NOV,class_2_butterfat_Price,1.5623,lmprs,
10/31/2020,11/04/2020,2020,Oct,,8.15,1.6388,0.8902,5.0146,0.1534,0.00115,1.5248,1.0670,2.2921,2.5692,1.9640,0.3480,Announcement of Class and Component Prices (PDF),DYMCLASSPRICES,2991,Dairy MMR,DY-WA,Washington,DC,"Washington, DC",Washington,DC,FMMOS,FMMOS - non-mars,11/04/2020 12:56:06,2020,2020-OCT,class_2_butterfat_Price,1.6458,lmprs,
09/26/2020,09/30/2020,2020,Sep,,7.83,1.5932,0.8253,3.3935,0.1241,0.00089,1.4871,1.0014,1.7741,1.9496,1.5736,0.3196,Announcement of Class and Component Prices (PDF),DYMCLASSPRICES,2991,Dairy MMR,DY-WA,Washington,DC,"Washington, DC",Washington,DC,FMMOS,FMMOS - non-mars,09/30/2020 13:06:10,2020,2020-SEP,class_2_butterfat_Price,1.6002,lmprs,
08/29/2020,09/02/2020,2020,Aug,,7.82,1.6275,0.7862,4.4394,0.1387,0.00105,1.5154,0.9619,2.1099,2.2144,1.9817,0.3338,Announcement of Class and Component Prices (PDF),DYMCLASSPRICES,2991,Dairy MMR,DY-WA,Washington,DC,"Washington, DC",Washington,DC,FMMOS,FMMOS - non-mars,09/02/2020 13:07:48,2020,2020-AUG,class_2_butterfat_Price,1.6345,lmprs,
08/01/2020,08/05/2020,2020,Jul,,7.16,1.9583,0.7959,5.6294,0.1492,0.00129,1.7886,0.9717,2.5873,2.6978,2.4374,0.3440,Announcement of Class and Component Prices (PDF),DYMCLASSPRICES,2991,Dairy MMR,DY-WA,Washington,DC,"Washington, DC",Washington,DC,FMMOS,FMMOS - non-mars,08/05/2020 13:05:32,2020,2020-JUL,class_2_butterfat_Price,1.9653,lmprs,
06/27/2020,07/01/2020,2020,Jun,,6.69,1.8591,0.7354,4.5349,0.1696,0.00111,1.7067,0.9106,2.2152,2.2566,2.1482,0.3638,Announcement of Class and Component Prices (PDF),DYMCLASSPRICES,2991,Dairy MMR,DY-WA,Washington,DC,"Washington, DC",Washington,DC,FMMOS,FMMOS - non-mars,07/01/2020 13:06:28,2020,2020-JUN,class_2_butterfat_Price,1.8661,lmprs,
05/30/2020,06/03/2020,2020,May,,7.73,1.3756,0.6746,2.0918,0.1882,0.00065,1.3074,0.8492,1.2990,1.3049,1.2641,0.3818,Announcement of Class and Component Prices (PDF),DYMCLASSPRICES,2991,Dairy MMR,DY-WA,Washington,DC,"Washington, DC",Washington,DC,FMMOS,FMMOS - non-mars,06/03/2020 13:03:03,2020,2020-MAY,class_2_butterfat_Price,1.3826,lmprs,
04/25/2020,04/29/2020,2020,Apr,,9.55,1.3218,0.7795,2.4822,0.1793,0.00070,1.2630,0.9552,1.4026,1.5264,1.2744,0.3732,Announcement of Class and Component Prices (PDF),DYMCLASSPRICES,2991,Dairy MMR,DY-WA,Washington,DC,"Washington, DC",Washington,DC,FMMOS,FMMOS - non-mars,04/29/2020 13:03:20,2020,2020-APR,class_2_butterfat_Price,1.3288,lmprs,
03/28/2020,04/01/2020,2020,Mar,,10.38,1.9177,0.9387,2.8424,0.1810,0.00085,1.7551,1.1160,1.7091,1.8133,1.5761,0.3748,Announcement of Class and Component Prices (PDF),DYMCLASSPRICES,2991,Dairy MMR,DY-WA,Washington,DC,"Washington, DC",Washington,DC,FMMOS,FMMOS - non-mars,04/01/2020 13:04:59,2020,2020-MAR,class_2_butterfat_Price,1.9247,lmprs,
02/29/2020,03/04/2020,2020,Feb,,10.24,1.9813,1.0667,3.0309,0.1750,0.00089,1.8076,1.2453,1.7884,1.9467,1.6007,0.3690,Announcement of Class and Component Prices (PDF),DYMCLASSPRICES,2991,Dairy MMR,DY-WA,Washington,DC,"Washington, DC",Washington,DC,FMMOS,FMMOS - non-mars,03/04/2020 13:22:00,2020,2020-FEB,class_2_butterfat_Price,1.9883,lmprs,
02/01/2020,02/05/2020,2020,Jan,,9.98,2.1117,1.0665,2.9606,0.1417,0.00090,1.9153,1.2451,1.8092,1.8995,1.6869,0.3367,Announcement of Class and Component Prices (PDF),DYMCLASSPRICES,2991,Dairy MMR,DY-WA,Washington,DC,"Washington, DC",Washington,DC,FMMOS,FMMOS - non-mars,02/05/2020 13:07:49,2020,2020-JAN,class_2_butterfat_Price,2.1187,lmprs,
12/28/2019,01/02/2020,2019,Dec,,9.43,2.1952,1.0378,3.6515,0.1341,0.00103,1.9842,1.2161,2.0509,1.9363,2.1395,0.3293,Announcement of Class and Component Prices (PDF),DYMCLASSPRICES,2991,Dairy MMR,DY-WA,Washington,DC,"Washington, DC",Washington,DC,FMMOS,FMMOS - non-mars,01/02/2020 13:02:40,2019,2019-DEC,class_2_butterfat_Price,2.2022,lmprs,
11/30/2019,12/04/2019,2019,Nov,,9.02,2.3195,0.9763,3.9118,0.1112,0.00109,2.0869,1.1540,2.1723,2.0987,2.2280,0.3071,Announcement of Class and Component Prices (PDF),DYMCLASSPRICES,2991,Dairy MMR,DY-WA,Washington,DC,"Washington, DC",Washington,DC,FMMOS,FMMOS - non-mars,12/04/2019 13:05:21,2019,2019-NOV,class_2_butterfat_Price,2.3265,lmprs,
10/26/2019,10/30/2019,2019,Oct,,8.54,2.4031,0.9186,3.1700,0.1447,0.00098,2.1559,1.0957,1.9694,2.0569,1.8379,0.3396,Announcement of Class and Component Prices (PDF),DYMCLASSPRICES,2991,Dairy MMR,DY-WA,Washington,DC,"Washington, DC",Washington,DC,FMMOS,FMMOS - non-mars,10/30/2019 13:03:28,2019,2019-OCT,class_2_butterfat_Price,2.4101,lmprs,
09/28/2019,10/02/2019,2019,Sep,,8.46,2.4982,0.8753,2.8633,0.1758,0.00095,2.2344,1.0519,1.9053,1.9843,1.7913,0.3698,Announcement of Class and Component Prices (PDF),DYMCLASSPRICES,2991,Dairy MMR,DY-WA,Washington,DC,"Washington, DC",Washington,DC,FMMOS,FMMOS - non-mars,10/02/2019 13:08:22,2019,2019-SEP,class_2_butterfat_Price,2.5052,lmprs,
08/31/2019,09/05/2019,2019,Aug,,8.57,2.6574,0.8570,2.4453,0.1730,0.00091,2.3659,1.0335,1.8276,,,0.3671,Announcement of Class and Component Prices (PDF),DYMCLASSPRICES,2991,Dairy MMR,DY-WA,Washington,DC,"Washington, DC",Washington,DC,FMMOS,FMMOS - non-mars,09/05/2019 13:05:13,2019,2019-AUG,class_2_butterfat_Price,2.6644,lmprs,
07/27/2019,07/31/2019,2019,Jul,,8.48,2.6858,0.8628,2.4032,0.1689,0.00091,2.3893,1.0393,1.8238,,,0.3631,Announcement of Class and Component Prices (PDF),DYMCLASSPRICES,2991,Dairy MMR,DY-WA,Washington,DC,"Washington, DC",Washington,DC,FMMOS,FMMOS - non-mars,07/31/2019 13:05:14,2019,2019-JUL,class_2_butterfat_Price,2.6928,lmprs,
06/29/2019,07/03/2019,2019,Jun,,8.26,2.6579,0.8665,2.0046,0.1702,0.00085,2.3663,1.0431,1.6910,,,0.3643,Announcement of Class and Component Prices (PDF),DYMCLASSPRICES,2991,Dairy MMR,DY-WA,Washington,DC,"Washington, DC",Washington,DC,FMMOS,FMMOS - non-mars,07/03/2019 13:03:40,2019,2019-JUN,class_2_butterfat_Price,2.6649,lmprs,
06/01/2019,06/05/2019,2019,May,,7.72,2.5718,0.8386,2.1159,0.1847,0.00085,2.2952,1.0149,1.6974,,,0.3784,Announcement of Class and Component Prices (PDF),DYMCLASSPRICES,2991,Dairy MMR,DY-WA,Washington,DC,"Washington, DC",Washington,DC,FMMOS,FMMOS - non-mars,06/05/2019 13:05:15,2019,2019-MAY,class_2_butterfat_Price,2.5788,lmprs,
04/27/2019,05/01/2019,2019,Apr,,7.75,2.5375,0.7883,1.9890,0.1990,0.00082,2.2669,0.9641,1.6468,,,0.3923,Announcement of Class and Component Prices (PDF),DYMCLASSPRICES,2991,Dairy MMR,DY-WA,Washington,DC,"Washington, DC",Washington,DC,FMMOS,FMMOS - non-mars,05/01/2019 13:05:18,2019,2019-APR,class_2_butterfat_Price,2.5445,lmprs,
03/30/2019,04/03/2019,2019,Mar,,7.95,2.5461,0.7832,1.6303,0.2200,0.00077,2.2740,0.9589,1.5383,,,0.4127,Announcement of Class and Component Prices (PDF),DYMCLASSPRICES,2991,Dairy MMR,DY-WA,Washington,DC,"Washington, DC",Washington,DC,FMMOS,FMMOS - non-mars,04/03/2019 13:05:13,2019,2019-MAR,class_2_butterfat_Price,2.5531,lmprs,
02/23/2019,02/27/2019,2019,Feb,,7.50,2.5345,0.8041,1.1776,0.2631,0.00070,2.2644,0.9800,1.3940,,,0.4545,Announcement of Class and Component Prices (PDF),DYMCLASSPRICES,2991,Dairy MMR,DY-WA,Washington,DC,"Washington, DC",Washington,DC,FMMOS,FMMOS - non-mars,02/27/2019 13:05:35,2019,2019-FEB,class_2_butterfat_Price,2.5415,lmprs,
01/26/2019,01/30/2019,2019,Jan,,7.22,2.4981,0.7757,1.1927,0.2898,0.00069,2.2343,0.9513,1.3868,,,0.4805,Announcement of Class and Component Prices (PDF),DYMCLASSPRICES,2991,Dairy MMR,DY-WA,Washington,DC,"Washington, DC",Washington,DC,FMMOS,FMMOS - non-mars,01/30/2019 13:10:29,2019,2019-JAN,class_2_butterfat_Price,2.5051,lmprs,
12/29/2018,01/03/2019,2018,Dec,,7.12,2.5080,0.7269,1.1417,0.2775,0.00069,2.2425,0.9020,1.3742,,,0.4685,Announcement of Class and Component Prices (PDF),DYMCLASSPRICES,2991,Dairy MMR,DY-WA,Washington,DC,"Washington, DC",Washington,DC,FMMOS,FMMOS - non-mars,01/03/2019 13:05:53,2018,2018-DEC,class_2_butterfat_Price,2.5150,lmprs,
12/01/2018,12/05/2018,2018,Nov,,6.96,2.5385,0.7110,1.3419,0.2714,0.00072,2.2677,0.8860,1.4463,,,0.4626,Announcement of Class and Component Prices (PDF),DYMCLASSPRICES,2991,Dairy MMR,DY-WA,Washington,DC,"Washington, DC",Washington,DC,FMMOS,FMMOS - non-mars,12/05/2018 13:03:22,2018,2018-NOV,class_2_butterfat_Price,2.5455,lmprs,
10/27/2018,10/31/2018,2018,Oct,,6.81,2.5551,0.6990,1.7185,0.2553,0.00078,2.2814,0.8739,1.5686,,,0.4470,Announcement of Class and Component Prices (PDF),DYMCLASSPRICES,2991,Dairy MMR,DY-WA,Washington,DC,"Washington, DC",Washington,DC,FMMOS,FMMOS - non-mars,10/31/2018 13:14:21,2018,2018-OCT,class_2_butterfat_Price,2.5621,lmprs,
09/29/2018,10/03/2018,2018,Sep,,6.43,2.5442,0.6801,2.0029,0.2098,0.00083,2.2724,0.8548,1.6533,,,0.4028,Announcement of Class and Component Prices (PDF),DYMCLASSPRICES,2991,Dairy MMR,DY-WA,Washington,DC,"Washington, DC",Washington,DC,FMMOS,FMMOS - non-mars,10/03/2018 13:06:16,2018,2018-SEP,class_2_butterfat_Price,2.5512,lmprs,
08/25/2018,08/29/2018,2018,Aug,,6.16,2.6009,0.6369,1.6245,0.1741,0.00078,2.3192,0.8111,1.5544,,,0.3681,Announcement of Class and Component Prices (PDF),DYMCLASSPRICES,2991,Dairy MMR,DY-WA,Washington,DC,"Washington, DC",Washington,DC,FMMOS,FMMOS - non-mars,08/29/2018 13:28:17,2018,2018-AUG,class_2_butterfat_Price,2.6079,lmprs,
07/28/2018,08/01/2018,2018,Jul,,6.55,2.5287,0.6085,1.4827,0.1422,0.00074,2.2596,0.7824,1.4868,,,0.3372,Announcement of Class and Component Prices (PDF),DYMCLASSPRICES,2991,Dairy MMR,DY-WA,Washington,DC,"Washington, DC",Washington,DC,FMMOS,FMMOS - non-mars,08/01/2018 13:03:26,2018,2018-JUL,class_2_butterfat_Price,2.5357,lmprs,
06/30/2018,07/05/2018,2018,Jun,,6.33,2.6692,0.6407,1.7478,0.1128,0.00081,2.3756,0.8150,1.6150,,,0.3086,Announcement of Class and Component Prices (PDF),DYMCLASSPRICES,2991,Dairy MMR,DY-WA,Washington,DC,"Washington, DC",Washington,DC,FMMOS,FMMOS - non-mars,07/05/2018 13:03:18,2018,2018-JUN,class_2_butterfat_Price,2.6762,lmprs,
05/26/2018,05/31/2018,2018,May,,5.45,2.6239,0.6196,1.8609,0.0742,0.00082,2.3382,0.7937,1.6353,,,0.2711,Announcement of Class and Component Prices (PDF),DYMCLASSPRICES,2991,Dairy MMR,DY-WA,Washington,DC,"Washington, DC",Washington,DC,FMMOS,FMMOS - non-mars,05/31/2018 13:05:26,2018,2018-MAY,class_2_butterfat_Price,2.6309,lmprs,
04/28/2018,05/02/2018,2018,Apr,,5.41,2.5113,0.5401,1.7810,0.0619,0.00079,2.2452,0.7134,1.5737,,,0.2592,Announcement of Class and Component Prices (PDF),DYMCLASSPRICES,2991,Dairy MMR,DY-WA,Washington,DC,"Washington, DC",Washington,DC,FMMOS,FMMOS - non-mars,05/02/2018 13:05:35,2018,2018-APR,class_2_butterfat_Price,2.5183,lmprs,
03/31/2018,04/04/2018,2018,Mar,,5.55,2.4273,0.5232,1.8066,0.0556,0.00078,2.1759,0.6963,1.5542,,,0.2531,Announcement of Class and Component Prices (PDF),DYMCLASSPRICES,2991,Dairy MMR,DY-WA,Washington,DC,"Washington, DC",Washington,DC,FMMOS,FMMOS - non-mars,04/04/2018 13:05:22,2018,2018-MAR,class_2_butterfat_Price,2.4343,lmprs,
02/24/2018,02/28/2018,2018,Feb,,5.38,2.3490,0.5352,1.6265,0.0550,0.00074,2.1112,0.7084,1.4727,,,0.2525,Announcement of Class and Component Prices (PDF),DYMCLASSPRICES,2991,Dairy MMR,DY-WA,Washington,DC,"Washington, DC",Washington,DC,FMMOS,FMMOS - non-mars,02/28/2018 13:05:27,2018,2018-FEB,class_2_butterfat_Price,2.3560,lmprs,
01/27/2018,01/31/2018,2018,Jan,,5.70,2.4531,0.5235,1.6612,0.0787,0.00076,2.1972,0.6966,1.5175,,,0.2755,Announcement of Class and Component Prices (PDF),DYMCLASSPRICES,2991,Dairy MMR,DY-WA,Washington,DC,"Washington, DC",Washington,DC,FMMOS,FMMOS - non-mars,01/31/2018 13:05:37,2018,2018-JAN,class_2_butterfat_Price,2.4601,lmprs,
12/30/2017,01/04/2018,2017,Dec,,5.94,2.4951,0.5503,2.0378,0.1070,0.00082,2.2319,0.7237,1.6481,,,0.3030,Announcement of Class and Component Prices (PDF),DYMCLASSPRICES,2991,Dairy MMR,DY-WA,Washington,DC,"Washington, DC",Washington,DC,FMMOS,FMMOS - non-mars,01/04/2018 13:05:59,2017,2017-DEC,class_2_butterfat_Price,2.5021,lmprs,
11/25/2017,11/29/2017,2017,Nov,,6.58,2.5546,0.5816,2.3412,0.1644,0.00088,2.2810,0.7553,1.7617,,,0.3587,Announcement of Class and Component Prices (PDF),DYMCLASSPRICES,2991,Dairy MMR,DY-WA,Washington,DC,"Washington, DC",Washington,DC,FMMOS,FMMOS - non-mars,11/29/2017 13:05:28,2017,2017-NOV,class_2_butterfat_Price,2.5616,lmprs,
10/28/2017,11/01/2017,2017,Oct,,6.84,2.6646,0.6357,2.1084,0.1853,0.00086,2.3718,0.8099,1.7254,,,0.3790,Announcement of Class and Component Prices (PDF),DYMCLASSPRICES,2991,Dairy MMR,DY-WA,Washington,DC,"Washington, DC",Washington,DC,FMMOS,FMMOS - non-mars,11/01/2017 13:05:31,2017,2017-OCT,class_2_butterfat_Price,2.6716,lmprs,
09/30/2017,10/04/2017,2017,Sep,,7.03,2.8559,0.6753,1.6988,0.2241,0.00083,2.5298,0.8499,1.6608,,,0.4167,Announcement of Class and Component Prices (PDF),DYMCLASSPRICES,2991,Dairy MMR,DY-WA,Washington,DC,"Washington, DC",Washington,DC,FMMOS,FMMOS - non-mars,10/04/2017 13:07:11,2017,2017-SEP,class_2_butterfat_Price,2.8629,lmprs,
08/26/2017,08/30/2017,2017,Aug,,7.25,3.0109,0.6984,1.5536,0.2425,0.00083,2.6578,0.8733,1.6664,,,0.4345,Announcement of Class and Component Prices (PDF),DYMCLASSPRICES,2991,Dairy MMR,DY-WA,Washington,DC,"Washington, DC",Washington,DC,FMMOS,FMMOS - non-mars,08/30/2017 13:07:16,2017,2017-AUG,class_2_butterfat_Price,3.0179,lmprs,
07/29/2017,08/02/2017,2017,Jul,,7.41,2.9456,0.7240,1.2248,0.2599,0.00077,2.6039,0.8991,1.5430,,,0.4514,Announcement of Class and Component Prices (PDF),DYMCLASSPRICES,2991,Dairy MMR,DY-WA,Washington,DC,"Washington, DC",Washington,DC,FMMOS,FMMOS - non-mars,08/02/2017 13:18:44,2017,2017-JUL,class_2_butterfat_Price,2.9526,lmprs,
06/24/2017,06/28/2017,2017,Jun,,6.89,2.7066,0.7384,1.7545,0.3014,0.00081,2.4065,0.9137,1.6293,,,0.4917,Announcement of Class and Component Prices (PDF),DYMCLASSPRICES,2991,Dairy MMR,DY-WA,Washington,DC,"Washington, DC",Washington,DC,FMMOS,FMMOS - non-mars,06/28/2017 13:03:02,2017,2017-JUN,class_2_butterfat_Price,2.7136,lmprs,
05/27/2017,06/01/2017,2017,May,,6.60,2.4134,0.6956,1.7723,0.3196,0.00077,2.1644,0.8704,1.5390,,,0.5094,Announcement of Class and Component Prices (PDF),DYMCLASSPRICES,2991,Dairy MMR,DY-WA,Washington,DC,"Washington, DC",Washington,DC,FMMOS,FMMOS - non-mars,06/01/2017 13:05:29,2017,2017-MAY,class_2_butterfat_Price,2.4204,lmprs,
04/29/2017,05/03/2017,2017,Apr,,6.78,2.3548,0.6641,1.6955,0.3350,0.00075,2.1160,0.8386,1.4960,,,0.5243,Announcement of Class and Component Prices (PDF),DYMCLASSPRICES,2991,Dairy MMR,DY-WA,Washington,DC,"Washington, DC",Washington,DC,FMMOS,FMMOS - non-mars,05/03/2017 13:05:57,2017,2017-APR,class_2_butterfat_Price,2.3618,lmprs,
04/01/2017,04/05/2017,2017,Mar,,8.00,2.4176,0.6747,1.8198,0.3345,0.00078,2.1679,0.8493,1.5551,,,0.5239,Announcement of Class and Component Prices (PDF),DYMCLASSPRICES,2991,Dairy MMR,DY-WA,Washington,DC,"Washington, DC",Washington,DC,FMMOS,FMMOS - non-mars,04/05/2017 13:05:00,2017,2017-MAR,class_2_butterfat_Price,2.4246,lmprs,
02/25/2017,03/01/2017,2017,Feb,,8.29,2.4274,0.8166,2.2348,0.2990,0.00084,2.1760,0.9926,1.6871,,,0.4894,Announcement of Class and Component Prices (PDF),DYMCLASSPRICES,2991,Dairy MMR,DY-WA,Washington,DC,"Washington, DC",Washington,DC,FMMOS,FMMOS - non-mars,03/01/2017 13:01:16,2017,2017-FEB,class_2_butterfat_Price,2.4344,lmprs,
01/28/2017,02/01/2017,2017,Jan,,7.77,2.5253,0.8465,2.1768,0.2503,0.00085,2.2568,1.0229,1.7011,,,0.4421,Announcement of Class and Component Prices (PDF),DYMCLASSPRICES,2991,Dairy MMR,DY-WA,Washington,DC,"Washington, DC",Washington,DC,FMMOS,FMMOS - non-mars,02/01/2017 13:06:58,2017,2017-JAN,class_2_butterfat_Price,2.5323,lmprs,
12/31/2016,01/05/2017,2016,Dec,,7.32,2.3354,0.7822,2.6922,0.2063,0.00090,2.1000,0.9579,1.7990,,,0.3994,Announcement of Class and Component Prices (PDF),DYMCLASSPRICES,2991,Dairy MMR,DY-WA,Washington,DC,"Washington, DC",Washington,DC,FMMOS,FMMOS - non-mars,01/05/2017 12:55:11,2016,2016-DEC,class_2_butterfat_Price,2.3424,lmprs,
11/26/2016,11/30/2016,2016,Nov,,7.47,2.1044,0.7367,2.8085,0.1750,0.00088,1.9092,0.9119,1.7596,,,0.3690,Announcement of Class and Component Prices (PDF),DYMCLASSPRICES,2991,Dairy MMR,DY-WA,Washington,DC,"Washington, DC",Washington,DC,FMMOS,FMMOS - non-mars,11/30/2016 13:04:41,2016,2016-NOV,class_2_butterfat_Price,2.1114,lmprs,
10/29/2016,11/02/2016,2016,Oct,,7.14,2.0493,0.7469,2.2975,0.1351,0.00079,1.8637,0.9222,1.5830,,,0.3303,Announcement of Class and Component Prices (PDF),DYMCLASSPRICES,2991,Dairy MMR,DY-WA,Washington,DC,"Washington, DC",Washington,DC,FMMOS,FMMOS - non-mars,11/02/2016 13:47:24,2016,2016-OCT,class_2_butterfat_Price,2.0563,lmprs,
10/01/2016,10/05/2016,2016,Sep,,6.79,2.3082,0.7097,2.5675,0.1096,0.00088,2.0775,0.8847,1.7514,,,0.3055,Announcement of Class and Component Prices (PDF),DYMCLASSPRICES,2991,Dairy MMR,DY-WA,Washington,DC,"Washington, DC",Washington,DC,FMMOS,FMMOS - non-mars,10/05/2016 13:04:16,2016,2016-SEP,class_2_butterfat_Price,2.3152,lmprs,
08/27/2016,08/31/2016,2016,Aug,,6.71,2.4873,0.6841,2.5738,0.0881,0.00091,2.2254,0.8588,1.8119,,,0.2846,Announcement of Class and Component Prices (PDF),DYMCLASSPRICES,2991,Dairy MMR,DY-WA,Washington,DC,"Washington, DC",Washington,DC,FMMOS,FMMOS - non-mars,08/31/2016 13:03:02,2016,2016-AUG,class_2_butterfat_Price,2.4943,lmprs,
07/30/2016,08/03/2016,2016,Jul,,6.27,2.5964,0.6618,1.9112,0.0774,0.00082,2.3155,0.8363,1.6419,,,0.2742,Announcement of Class and Component Prices (PDF),DYMCLASSPRICES,2991,Dairy MMR,DY-WA,Washington,DC,"Washington, DC",Washington,DC,FMMOS,FMMOS - non-mars,08/03/2016 13:09:56,2016,2016-JUL,class_2_butterfat_Price,2.6034,lmprs,
06/25/2016,06/29/2016,2016,Jun,,5.86,2.4109,0.6148,1.4807,0.0628,0.00072,2.1623,0.7888,1.4477,,,0.2601,Announcement of Class and Component Prices (PDF),DYMCLASSPRICES,2991,Dairy MMR,DY-WA,Washington,DC,"Washington, DC",Washington,DC,FMMOS,FMMOS - non-mars,06/29/2016 13:03:34,2016,2016-JUN,class_2_butterfat_Price,2.4179,lmprs,
05/28/2016,06/02/2016,2016,May,,5.71,2.2846,0.5870,1.4935,0.0529,0.00071,2.0580,0.7607,1.4104,,,0.2505,Announcement of Class and Component Prices (PDF),DYMCLASSPRICES,2991,Dairy MMR,DY-WA,Washington,DC,"Washington, DC",Washington,DC,FMMOS,FMMOS - non-mars,06/02/2016 13:14:45,2016,2016-MAY,class_2_butterfat_Price,2.2916,lmprs,
04/30/2016,05/04/2016,2016,Apr,,5.89,2.2376,0.5573,1.8450,0.0489,0.00075,2.0192,0.7307,1.5041,,,0.2466,Announcement of Class and Component Prices (PDF),DYMCLASSPRICES,2991,Dairy MMR,DY-WA,Washington,DC,"Washington, DC",Washington,DC,FMMOS,FMMOS - non-mars,05/04/2016 13:07:06,2016,2016-APR,class_2_butterfat_Price,2.2446,lmprs,
03/26/2016,03/30/2016,2016,Mar,,6.05,2.2028,0.5786,1.9206,0.0501,0.00076,1.9905,0.7522,1.5162,,,0.2477,Announcement of Class and Component Prices (PDF),DYMCLASSPRICES,2991,Dairy MMR,DY-WA,Washington,DC,"Washington, DC",Washington,DC,FMMOS,FMMOS - non-mars,03/30/2016 13:05:26,2016,2016-MAR,class_2_butterfat_Price,2.2098,lmprs,
02/27/2016,03/02/2016,2016,Feb,,6.17,2.3778,0.5951,1.7389,0.0492,0.00076,2.1350,0.7689,1.5170,,,0.2469,Announcement of Class and Component Prices (PDF),DYMCLASSPRICES,2991,Dairy MMR,DY-WA,Washington,DC,"Washington, DC",Washington,DC,FMMOS,FMMOS - non-mars,03/02/2016 13:14:46,2016,2016-FEB,class_2_butterfat_Price,2.3848,lmprs,
01/30/2016,02/03/2016,2016,Jan,,6.31,2.3062,0.6037,1.8169,0.0371,0.00076,2.0759,0.7776,1.5178,,,0.2351,Announcement of Class and Component Prices (PDF),DYMCLASSPRICES,2991,Dairy MMR,DY-WA,Washington,DC,"Washington, DC",Washington,DC,FMMOS,FMMOS - non-mars,02/03/2016 13:05:06,2016,2016-JAN,class_2_butterfat_Price,2.3132,lmprs,
12/26/2015,12/30/2015,2015,Dec,,6.75,2.9057,0.6153,1.3599,0.0355,0.00079,2.5709,0.7893,1.5719,,,0.2336,Announcement of Class and Component Prices (PDF),DYMCLASSPRICES,2991,Dairy MMR,DY-WA,Washington,DC,"Washington, DC",Washington,DC,FMMOS,FMMOS - non-mars,12/30/2015 13:04:22,2015,2015-DEC,class_2_butterfat_Price,2.9127,lmprs,
11/28/2015,12/02/2015,2015,Nov,,7.35,3.1830,0.6627,1.3205,0.0361,0.00083,2.7999,0.8372,1.6503,,,0.2341,Announcement of Class and Component Prices (PDF),DYMCLASSPRICES,2991,Dairy MMR,DY-WA,Washington,DC,"Washington, DC",Washington,DC,FMMOS,FMMOS - non-mars,12/02/2015 13:11:34,2015,2015-NOV,class_2_butterfat_Price,3.1900,lmprs,
10/31/2015,11/04/2015,2015,Oct,,6.46,2.9087,0.7200,1.7019,0.0328,0.00084,2.5734,0.8951,1.6790,,,0.2309,Announcement of Class and Component Prices (PDF),DYMCLASSPRICES,2991,Dairy MMR,DY-WA,Washington,DC,"Washington, DC",Washington,DC,FMMOS,FMMOS - non-mars,11/04/2015 13:33:23,2015,2015-OCT,class_2_butterfat_Price,2.9157,lmprs,
09/26/2015,09/30/2015,2015,Sep,,5.91,2.7531,0.6266,1.9801,0.0465,0.00086,2.4449,0.8007,1.7145,,,0.2442,Announcement of Class and Component Prices (PDF),DYMCLASSPRICES,2991,Dairy MMR,DY-WA,Washington,DC,"Washington, DC",Washington,DC,FMMOS,FMMOS - non-mars,09/30/2015 13:06:29,2015,2015-SEP,class_2_butterfat_Price,2.7601,lmprs,
08/29/2015,09/02/2015,2015,Aug,,6.82,2.2674,0.5707,2.5692,0.1151,0.00087,2.0438,0.7443,1.7386,,,0.3108,Announcement of Class and Component Prices (PDF),DYMCLASSPRICES,2991,Dairy MMR,DY-WA,Washington,DC,"Washington, DC",Washington,DC,FMMOS,FMMOS - non-mars,09/02/2015 13:02:58,2015,2015-AUG,class_2_butterfat_Price,2.2744,lmprs,
08/01/2015,08/05/2015,2015,Jul,,7.55,2.1125,0.6621,2.6070,0.2004,0.00085,1.9159,0.8366,1.6997,,,0.3937,Announcement of Class and Component Prices (PDF),DYMCLASSPRICES,2991,Dairy MMR,DY-WA,Washington,DC,"Washington, DC",Washington,DC,FMMOS,FMMOS - non-mars,08/05/2015 13:00:39,2015,2015-JUL,class_2_butterfat_Price,2.1195,lmprs,
06/27/2015,07/01/2015,2015,Jun,,7.66,2.1011,0.7529,2.6915,0.2322,0.00086,1.9065,0.9283,1.7222,,,0.4245,Announcement of Class and Component Prices (PDF),DYMCLASSPRICES,2991,Dairy MMR,DY-WA,Washington,DC,"Washington, DC",Washington,DC,FMMOS,FMMOS - non-mars,07/01/2015 13:32:09,2015,2015-JUN,class_2_butterfat_Price,2.1081,lmprs,
05/30/2015,06/03/2015,2015,May,,7.85,2.0599,0.7708,2.5206,0.2533,0.00083,1.8725,0.9464,1.6557,,,0.4450,Announcement of Class and Component Prices (PDF),DYMCLASSPRICES,2991,Dairy MMR,DY-WA,Washington,DC,"Washington, DC",Washington,DC,FMMOS,FMMOS - non-mars,06/03/2015 13:18:15,2015,2015-MAY,class_2_butterfat_Price,2.0669,lmprs,
04/25/2015,04/29/2015,2015,Apr,,8.63,1.8940,0.7926,2.5551,0.2698,0.00081,1.7355,0.9684,1.6122,,,0.4610,Announcement of Class and Component Prices (PDF),DYMCLASSPRICES,2991,Dairy MMR,DY-WA,Washington,DC,"Washington, DC",Washington,DC,FMMOS,FMMOS - non-mars,04/29/2015 13:10:22,2015,2015-APR,class_2_butterfat_Price,1.9010,lmprs,
03/28/2015,04/01/2015,2015,Mar,,8.31,1.8444,0.8454,2.4875,0.2918,0.00079,1.6945,1.0217,1.5750,,,0.4824,Announcement of Class and Component Prices (PDF),DYMCLASSPRICES,2991,Dairy MMR,DY-WA,Washington,DC,"Washington, DC",Washington,DC,FMMOS,FMMOS - non-mars,04/01/2015 13:31:23,2015,2015-MAR,class_2_butterfat_Price,1.8514,lmprs,
02/28/2015,03/04/2015,2015,Feb,,8.34,1.8296,0.8544,2.4051,0.3273,0.00077,1.6823,1.0308,1.5446,,,0.5169,Announcement of Class and Component Prices (PDF),DYMCLASSPRICES,2991,Dairy MMR,DY-WA,Washington,DC,"Washington, DC",Washington,DC,FMMOS,FMMOS - non-mars,03/04/2015 13:02:40,2015,2015-FEB,class_2_butterfat_Price,1.8366,lmprs,
01/31/2015,02/04/2015,2015,Jan,,10.63,1.6855,0.8439,2.6731,0.4001,0.00079,1.5633,1.0202,1.5807,,,0.5875,Announcement of Class and Component Prices (PDF),DYMCLASSPRICES,2991,Dairy MMR,DY-WA,Washington,DC,"Washington, DC",Washington,DC,FMMOS,FMMOS - non-mars,02/04/2015 13:08:32,2015,2015-JAN,class_2_butterfat_Price,1.6925,lmprs,
12/27/2014,12/31/2014,2014,Dec,,12.14,2.0991,1.0767,2.7387,0.3996,0.00087,1.9049,1.2554,1.7362,,,0.5871,Announcement of Class and Component Prices (PDF),DYMCLASSPRICES,2991,Dairy MMR,DY-WA,Washington,DC,"Washington, DC",Washington,DC,FMMOS,FMMOS - non-mars,12/31/2014 13:28:06,2014,2014-DEC,class_2_butterfat_Price,2.1061,lmprs,
11/29/2014,12/03/2014,2014,Nov,,12.62,2.2011,1.2102,3.9018,0.4505,0.00107,1.9891,1.3902,2.1305,,,0.6365,Announcement of Class and Component Prices (PDF),DYMCLASSPRICES,2991,Dairy MMR,DY-WA,Washington,DC,"Washington, DC",Washington,DC,FMMOS,FMMOS - non-mars,12/03/2014 13:13:21,2014,2014-NOV,class_2_butterfat_Price,2.2081,lmprs,
11/01/2014,11/05/2014,2014,Oct,,12.36,2.8507,1.3090,3.7362,0.4670,0.00115,2.5255,1.4900,2.2914,,,0.6525,Announcement of Class and Component Prices (PDF),DYMCLASSPRICES,2991,Dairy MMR,DY-WA,Washington,DC,"Washington, DC",Washington,DC,FMMOS,FMMOS - non-mars,11/05/2014 13:49:38,2014,2014-OCT,class_2_butterfat_Price,2.8577,lmprs,
09/27/2014,10/01/2014,2014,Sep,,15.26,3.2467,1.2910,3.4991,0.4876,0.00117,2.8525,1.4718,2.3472,,,0.6725,Announcement of Class and Component Prices (PDF),DYMCLASSPRICES,2991,Dairy MMR,DY-WA,Washington,DC,"Washington, DC",Washington,DC,FMMOS,FMMOS - non-mars,10/01/2014 13:37:58,2014,2014-SEP,class_2_butterfat_Price,3.2537,lmprs,
08/30/2014,09/04/2014,2014,Aug,,15.92,2.8448,1.6047,3.1496,0.5036,0.00105,2.5206,1.7887,2.1074,,,0.6880,Announcement of Class and Component Prices (PDF),DYMCLASSPRICES,2991,Dairy MMR,DY-WA,Washington,DC,"Washington, DC",Washington,DC,FMMOS,FMMOS - non-mars,09/04/2014 13:52:02,2014,2014-AUG,class_2_butterfat_Price,2.8518,lmprs,
07/26/2014,07/30/2014,2014,Jul,,15.71,2.6349,1.6770,3.1798,0.5046,0.00102,2.3473,1.8617,2.0482,,,0.6890,Announcement of Class and Component Prices (PDF),DYMCLASSPRICES,2991,Dairy MMR,DY-WA,Washington,DC,"Washington, DC",Washington,DC,FMMOS,FMMOS - non-mars,07/30/2014 13:22:12,2014,2014-JUL,class_2_butterfat_Price,2.6419,lmprs,
06/28/2014,07/02/2014,2014,Jun,,15.93,2.4413,1.6785,3.3437,0.4942,0.00102,2.1874,1.8633,2.0358,,,0.6789,Announcement of Class and Component Prices (PDF),DYMCLASSPRICES,2991,Dairy MMR,DY-WA,Washington,DC,"Washington, DC",Washington,DC,FMMOS,FMMOS - non-mars,07/02/2014 13:05:55,2014,2014-JUN,class_2_butterfat_Price,2.4483,lmprs,
05/31/2014,06/04/2014,2014,May,,17.06,2.2721,1.6919,3.9553,0.4897,0.00109,2.0477,1.8768,2.1703,,,0.6745,Announcement of Class and Component Prices (PDF),DYMCLASSPRICES,2991,Dairy MMR,DY-WA,Washington,DC,"Washington, DC",Washington,DC,FMMOS,FMMOS - non-mars,06/04/2014 13:47:22,2014,2014-MAY,class_2_butterfat_Price,2.2791,lmprs,
04/26/2014,04/30/2014,2014,Apr,,17.92,2.1207,1.8328,4.7089,0.4926,0.00118,1.9227,2.0191,2.3547,,,0.6774,Announcement of Class and Component Prices (PDF),DYMCLASSPRICES,2991,Dairy MMR,DY-WA,Washington,DC,"Washington, DC",Washington,DC,FMMOS,FMMOS - non-mars,04/30/2014 14:03:41,2014,2014-APR,class_2_butterfat_Price,2.1277,lmprs,
03/29/2014,04/02/2014,2014,Mar,,17.67,2.0402,1.9027,4.5172,0.4700,0.00113,1.8562,2.0897,2.2689,,,0.6554,Announcement of Class and Component Prices (PDF),DYMCLASSPRICES,2991,Dairy MMR,DY-WA,Washington,DC,"Washington, DC",Washington,DC,FMMOS,FMMOS - non-mars,04/02/2014 13:03:12,2014,2014-MAR,class_2_butterfat_Price,2.0472,lmprs,
03/01/2014,03/05/2014,2014,Feb,,17.27,2.0109,1.8914,4.6044,0.4453,0.00114,1.8320,2.0783,2.2864,,,0.6314,Announcement of Class and Component Prices (PDF),DYMCLASSPRICES,2991,Dairy MMR,DY-WA,Washington,DC,"Washington, DC",Washington,DC,FMMOS,FMMOS - non-mars,03/05/2014 13:32:06,2014,2014-FEB,class_2_butterfat_Price,2.0179,lmprs,
02/01/2014,02/05/2014,2014,Jan,,16.51,1.7874,1.8470,4.1870,0.4155,0.00104,1.6475,2.0335,2.0838,,,0.6025,Announcement of Class and Component Prices (PDF),DYMCLASSPRICES,2991,Dairy MMR,DY-WA,Washington,DC,"Washington, DC",Washington,DC,FMMOS,FMMOS - non-mars,02/05/2014 13:33:25,2014,2014-JAN,class_2_butterfat_Price,1.7944,lmprs,
12/28/2013,01/02/2014,2013,Dec,,16.01,1.7672,1.7680,3.5390,0.3826,0.00094,1.6308,1.9537,1.8761,,,0.5706,Announcement of Class and Component Prices (PDF),DYMCLASSPRICES,2991,Dairy MMR,DY-WA,Washington,DC,"Washington, DC",Washington,DC,FMMOS,FMMOS - non-mars,01/02/2014 13:04:33,2013,2013-DEC,class_2_butterfat_Price,1.7742,lmprs,
11/30/2013,12/04/2013,2013,Nov,,15.56,1.6336,1.7042,3.6316,0.3955,0.00093,1.5205,1.8892,1.8612,,,0.5831,Announcement of Class and Component Prices (PDF),DYMCLASSPRICES,2991,Dairy MMR,DY-WA,Washington,DC,"Washington, DC",Washington,DC,FMMOS,FMMOS - non-mars,12/04/2013 13:42:24,2013,2013-NOV,class_2_butterfat_Price,1.6406,lmprs,
10/26/2013,10/30/2013,2013,Oct,,15.25,1.6638,1.6521,3.4107,0.3852,0.00090,1.5454,1.8366,1.8025,,,0.5731,Announcement of Class and Component Prices (PDF),DYMCLASSPRICES,2991,Dairy MMR,DY-WA,Washington,DC,"Washington, DC",Washington,DC,FMMOS,FMMOS - non-mars,10/30/2013 13:29:32,2013,2013-OCT,class_2_butterfat_Price,1.6708,lmprs,
09/28/2013,10/18/2013,2013,Sep,,14.96,1.5196,1.6243,3.5419,0.3914,0.00090,1.4263,1.8085,1.7961,,,0.5791,Announcement of Class and Component Prices (PDF),DYMCLASSPRICES,2991,Dairy MMR,DY-WA,Washington,DC,"Washington, DC",Washington,DC,FMMOS,FMMOS - non-mars,10/18/2013 10:41:45,2013,2013-SEP,class_2_butterfat_Price,1.5266,lmprs,
08/31/2013,09/05/2013,2013,Aug,,14.47,1.5104,1.5868,3.4775,0.3901,0.00089,1.4187,1.7706,1.7731,,,0.5778,Announcement of Class and Component Prices (PDF),DYMCLASSPRICES,2991,Dairy MMR,DY-WA,Washington,DC,"Washington, DC",Washington,DC,FMMOS,FMMOS - non-mars,09/05/2013 13:06:42,2013,2013-AUG,class_2_butterfat_Price,1.5174,lmprs,
07/27/2013,07/31/2013,2013,Jul,,14.20,1.5693,1.5438,3.2257,0.3927,0.00086,1.4674,1.7272,1.7142,,,0.5804,Announcement of Class and Component Prices (PDF),DYMCLASSPRICES,2991,Dairy MMR,DY-WA,Washington,DC,"Washington, DC",Washington,DC,FMMOS,FMMOS - non-mars,07/31/2013 13:04:38,2013,2013-JUL,class_2_butterfat_Price,1.5763,lmprs,
06/29/2013,07/03/2013,2013,Jun,,13.79,1.6599,1.5048,3.3455,0.3859,0.00089,1.5422,1.6878,1.7810,,,0.5738,Announcement of Class and Component Prices (PDF),DYMCLASSPRICES,2991,Dairy MMR,DY-WA,Washington,DC,"Washington, DC",Washington,DC,FMMOS,FMMOS - non-mars,07/03/2013 13:07:05,2013,2013-JUN,class_2_butterfat_Price,1.6669,lmprs,
06/01/2013,06/05/2013,2013,May,,12.59,1.7884,1.4549,3.3597,0.3887,0.00091,1.6483,1.6374,1.8274,,,0.5765,Announcement of Class and Component Prices (PDF),DYMCLASSPRICES,2991,Dairy MMR,DY-WA,Washington,DC,"Washington, DC",Washington,DC,FMMOS,FMMOS - non-mars,06/05/2013 13:37:51,2013,2013-MAY,class_2_butterfat_Price,1.7954,lmprs,
04/27/2013,05/01/2013,2013,Apr,,12.77,1.8227,1.3498,3.0130,0.3863,0.00087,1.6766,1.5312,1.7310,,,0.5741,Announcement of Class and Component Prices (PDF),DYMCLASSPRICES,2991,Dairy MMR,DY-WA,Washington,DC,"Washington, DC",Washington,DC,FMMOS,FMMOS - non-mars,05/01/2013 13:31:51,2013,2013-APR,class_2_butterfat_Price,1.8297,lmprs,
03/30/2013,04/03/2013,2013,Mar,,13.14,1.7476,1.3395,2.8204,0.4179,0.00082,1.6146,1.5208,1.6467,,,0.6048,Announcement of Class and Component Prices (PDF),DYMCLASSPRICES,2991,Dairy MMR,DY-WA,Washington,DC,"Washington, DC",Washington,DC,FMMOS,FMMOS - non-mars,04/03/2013 13:36:29,2013,2013-MAR,class_2_butterfat_Price,1.7546,lmprs,
02/23/2013,02/27/2013,2013,Feb,,13.11,1.6619,1.3742,2.9609,0.4534,0.00083,1.5438,1.5559,1.6623,,,0.6393,Announcement of Class and Component Prices (PDF),DYMCLASSPRICES,2991,Dairy MMR,DY-WA,Washington,DC,"Washington, DC",Washington,DC,FMMOS,FMMOS - non-mars,02/27/2013 13:03:22,2013,2013-FEB,class_2_butterfat_Price,1.6689,lmprs,
01/26/2013,01/30/2013,2013,Jan,,12.96,1.6168,1.3784,3.2862,0.4647,0.00087,1.5066,1.5601,1.7485,,,0.6503,Announcement of Class and Component Prices (PDF),DYMCLASSPRICES,2991,Dairy MMR,DY-WA,Washington,DC,"Washington, DC",Washington,DC,FMMOS,FMMOS - non-mars,01/30/2013 13:50:34,2013,2013-JAN,class_2_butterfat_Price,1.6238,lmprs,
12/29/2012,01/03/2013,2012,Dec,,12.67,1.7276,1.3569,3.3113,0.4758,0.00090,1.5981,1.5384,1.7925,,,0.6610,Announcement of Class and Component Prices (PDF),DYMCLASSPRICES,2991,Dairy MMR,DY-WA,Washington,DC,"Washington, DC",Washington,DC,FMMOS,FMMOS - non-mars,01/03/2013 13:44:27,2012,2012-DEC,class_2_butterfat_Price,1.7346,lmprs,
12/01/2012,12/05/2012,2012,Nov,,12.13,2.0218,1.3330,3.7172,0.4624,0.00101,1.8410,1.5143,2.0146,,,0.6480,Announcement of Class and Component Prices (PDF),DYMCLASSPRICES,2991,Dairy MMR,DY-WA,Washington,DC,"Washington, DC",Washington,DC,FMMOS,FMMOS - non-mars,12/05/2012 13:44:59,2012,2012-NOV,class_2_butterfat_Price,2.0288,lmprs,
10/27/2012,10/31/2012,2012,Oct,,11.42,2.1136,1.2828,3.7278,0.4340,0.00102,1.9168,1.4636,2.0479,,,0.6205,Announcement of Class and Component Prices (PDF),DYMCLASSPRICES,2991,Dairy MMR,DY-WA,Washington,DC,"Washington, DC",Washington,DC,FMMOS,FMMOS - non-mars,10/31/2012 13:24:09,2012,2012-OCT,class_2_butterfat_Price,2.1206,lmprs,
09/29/2012,10/03/2012,2012,Sep,,10.36,2.0047,1.1969,3.2521,0.3971,0.00093,1.8269,1.3768,1.8647,,,0.5846,Announcement of Class and Component Prices (PDF),DYMCLASSPRICES,2991,Dairy MMR,DY-WA,Washington,DC,"Washington, DC",Washington,DC,FMMOS,FMMOS - non-mars,10/03/2012 13:08:44,2012,2012-SEP,class_2_butterfat_Price,2.0117,lmprs,
08/25/2012,08/29/2012,2012,Aug,,9.53,1.8339,1.0756,3.1211,0.3462,0.00088,1.6859,1.2543,1.7682,,,0.5352,Announcement of Class and Component Prices (PDF),DYMCLASSPRICES,2991,Dairy MMR,DY-WA,Washington,DC,"Washington, DC",Washington,DC,FMMOS,FMMOS - non-mars,08/29/2012 13:03:29,2012,2012-AUG,class_2_butterfat_Price,1.8409,lmprs,
07/28/2012,08/01/2012,2012,Jul,,9.01,1.6556,0.9965,3.0430,0.3123,0.00084,1.5386,1.1744,1.6857,,,0.5023,Announcement of Class and Component Prices (PDF),DYMCLASSPRICES,2991,Dairy MMR,DY-WA,Washington,DC,"Washington, DC",Washington,DC,FMMOS,FMMOS - non-mars,08/01/2012 13:30:51,2012,2012-JUL,class_2_butterfat_Price,1.6626,lmprs,
06/30/2012,07/05/2012,2012,Jun,,9.42,1.4866,0.9252,2.8952,0.3113,0.00079,1.3991,1.1023,1.5846,,,0.5013,Announcement of Class and Component Prices (PDF),DYMCLASSPRICES,2991,Dairy MMR,DY-WA,Washington,DC,"Washington, DC",Washington,DC,FMMOS,FMMOS - non-mars,07/05/2012 13:47:57,2012,2012-JUN,class_2_butterfat_Price,1.4936,lmprs,
05/26/2012,05/31/2012,2012,May,,10.47,1.4462,0.9774,2.7344,0.3500,0.00076,1.3657,1.1551,1.5215,,,0.5389,Announcement of Class and Component Prices (PDF),DYMCLASSPRICES,2991,Dairy MMR,DY-WA,Washington,DC,"Washington, DC",Washington,DC,FMMOS,FMMOS - non-mars,05/31/2012 13:26:26,2012,2012-MAY,class_2_butterfat_Price,1.4532,lmprs,
04/28/2012,05/02/2012,2012,Apr,,11.09,1.5645,1.0728,2.6568,0.4048,0.00077,1.4634,1.2514,1.5361,,,0.5921,Announcement of Class and Component Prices (PDF),DYMCLASSPRICES,2991,Dairy MMR,DY-WA,Washington,DC,"Washington, DC",Washington,DC,FMMOS,FMMOS - non-mars,05/02/2012 13:55:44,2012,2012-APR,class_2_butterfat_Price,1.5715,lmprs,
03/24/2012,04/02/2012,2012,Mar,,,,,,0.0000,,,,,,,,Announcement of Class and Component Prices (PDF),DYMCLASSPRICES,2991,Dairy MMR,DY-WA,Washington,DC,"Washington, DC",Washington,DC,FMMOS,FMMOS - non-mars,04/02/2012 09:28:22,2012,2012-MAR,class_2_butterfat_Price,,lmprs,
04/25/2026,04/29/2026,2026,Apr,,12.70,1.8692,1.5241,2.5190,0.3888,0.00082,1.7707,1.7788,1.6427,,,0.6443,Announcement of Class and Component Prices (PDF),DYMCLASSPRICES,2991,Dairy MMR,DY-WA,Washington,DC,"Washington, DC",Washington,DC,FMMOS,FMMOS - non-mars,04/29/2026 13:05:26,2026,2026-APR,class_3_Price,16.82,lmprs,
03/28/2026,04/01/2026,2026,Mar,,10.61,2.0220,1.3215,2.0905,0.4178,0.00078,1.8969,1.5741,1.5607,,,0.6724,Announcement of Class and Component Prices (PDF),DYMCLASSPRICES,2991,Dairy MMR,DY-WA,Washington,DC,"Washington, DC",Washington,DC,FMMOS,FMMOS - non-mars,04/01/2026 13:05:21,2026,2026-MAR,class_3_Price,16.16,lmprs,
02/28/2026,03/04/2026,2026,Feb,,9.42,1.7794,1.1220,1.9373,0.4391,0.00072,1.6966,1.3726,1.4338,,,0.6931,Announcement of Class and Component Prices (PDF),DYMCLASSPRICES,2991,Dairy MMR,DY-WA,Washington,DC,"Washington, DC",Washington,DC,FMMOS,FMMOS - non-mars,03/04/2026 12:54:48,2026,2026-FEB,class_3_Price,14.94,lmprs,
01/31/2026,02/04/2026,2026,Jan,,9.13,1.4525,0.9433,2.1768,0.4448,0.00070,1.4266,1.1921,1.4003,,,0.6986,Announcement of Class and Component Prices (PDF),DYMCLASSPRICES,2991,Dairy MMR,DY-WA,Washington,DC,"Washington, DC",Washington,DC,FMMOS,FMMOS - non-mars,02/04/2026 13:08:03,2026,2026-JAN,class_3_Price,14.59,lmprs,
12/27/2025,12/31/2025,2025,Dec,,9.19,1.5761,0.9057,2.4563,0.4352,0.00076,1.5287,1.1541,1.5271,,,0.6893,Announcement of Class and Component Prices (PDF),DYMCLASSPRICES,2991,Dairy MMR,DY-WA,Washington,DC,"Washington, DC",Washington,DC,FMMOS,FMMOS - non-mars,12/31/2025 13:05:26,2025,2025-DEC,class_3_Price,15.86,lmprs,
11/29/2025,12/03/2025,2025,Nov,,8.85,1.7061,0.9124,3.0143,0.3859,0.00087,1.6360,1.1609,1.7419,,,0.6415,Announcement of Class and Component Prices (PDF),DYMCLASSPRICES,2991,Dairy MMR,DY-WA,Washington,DC,"Washington, DC",Washington,DC,FMMOS,FMMOS - non-mars,12/03/2025 13:02:43,2025,2025-NOV,class_3_Price,17.18,lmprs,
11/01/2025,11/05/2025,2025,Oct,,9.96,1.8252,0.9116,2.8761,0.3360,0.00087,1.7344,1.1601,1.7384,,,0.5930,Announcement of Class and Component Prices (PDF),DYMCLASSPRICES,2991,Dairy MMR,DY-WA,Washington,DC,"Washington, DC",Washington,DC,FMMOS,FMMOS - non-mars,11/05/2025 13:05:19,2025,2025-OCT,class_3_Price,16.91,lmprs,
09/27/2025,10/01/2025,2025,Sep,,10.04,2.1925,0.9773,2.7062,0.3207,0.00090,2.0377,1.2265,1.8066,,,0.5782,Announcement of Class and Component Prices (PDF),DYMCLASSPRICES,2991,Dairy MMR,DY-WA,Washington,DC,"Washington, DC",Washington,DC,FMMOS,FMMOS - non-mars,10/01/2025 13:05:44,2025,2025-SEP,class_3_Price,17.59,lmprs,
08/30/2025,09/04/2025,2025,Aug,,9.96,2.7255,1.0323,1.9646,0.3204,0.00088,2.4778,1.2820,1.7529,,,0.5779,Announcement of Class and Component Prices (PDF),DYMCLASSPRICES,2991,Dairy MMR,DY-WA,Washington,DC,"Washington, DC",Washington,DC,FMMOS,FMMOS - non-mars,09/04/2025 13:05:39,2025,2025-AUG,class_3_Price,17.24,lmprs,
07/26/2025,07/30/2025,2025,Jul,,9.67,2.8435,1.0286,1.8730,0.3092,0.00088,2.5753,1.2783,1.7634,,,0.5670,Announcement of Class and Component Prices (PDF),DYMCLASSPRICES,2991,Dairy MMR,DY-WA,Washington,DC,"Washington, DC",Washington,DC,FMMOS,FMMOS - non-mars,07/30/2025 13:05:25,2025,2025-JUL,class_3_Price,17.32,lmprs,
06/28/2025,07/02/2025,2025,Jun,,9.14,2.7378,1.0037,2.5328,0.2914,0.00097,2.4880,1.2531,1.9322,,,0.5497,Announcement of Class and Component Prices (PDF),DYMCLASSPRICES,2991,Dairy MMR,DY-WA,Washington,DC,"Washington, DC",Washington,DC,FMMOS,FMMOS - non-mars,07/02/2025 13:05:29,2025,2025-JUN,class_3_Price,18.82,lmprs,
05/31/2025,06/04/2025,2025,May,,9.72,2.6627,1.0145,2.4810,0.3222,0.00092,2.3703,1.1925,1.8404,1.8177,1.8284,0.5119,Announcement of Class and Component Prices (PDF),DYMCLASSPRICES,2991,Dairy MMR,DY-WA,Washington,DC,"Washington, DC",Washington,DC,FMMOS,FMMOS - non-mars,06/04/2025 13:05:20,2025,2025-MAY,class_3_Price,18.57,lmprs,
04/26/2025,04/30/2025,2025,Apr,,10.31,2.6406,0.9994,2.1682,0.3087,0.00087,2.3520,1.1773,1.7361,1.7117,1.7244,0.4988,Announcement of Class and Component Prices (PDF),DYMCLASSPRICES,2991,Dairy MMR,DY-WA,Washington,DC,"Washington, DC",Washington,DC,FMMOS,FMMOS - non-mars,04/30/2025 13:04:13,2025,2025-APR,class_3_Price,17.48,lmprs,
03/29/2025,04/02/2025,2025,Mar,,11.31,2.6242,1.0393,2.4606,0.3647,0.00091,2.3385,1.2176,1.8215,1.8420,1.7732,0.5532,Announcement of Class and Component Prices (PDF),DYMCLASSPRICES,2991,Dairy MMR,DY-WA,Washington,DC,"Washington, DC",Washington,DC,FMMOS,FMMOS - non-mars,04/02/2025 13:05:07,2025,2025-MAR,class_3_Price,18.62,lmprs,
03/01/2025,03/05/2025,2025,Feb,,11.60,2.8186,1.1552,2.5337,0.4799,0.00095,2.4990,1.3347,1.9077,1.9158,1.8707,0.6650,Announcement of Class and Component Prices (PDF),DYMCLASSPRICES,2991,Dairy MMR,DY-WA,Washington,DC,"Washington, DC",Washington,DC,FMMOS,FMMOS - non-mars,03/05/2025 13:05:17,2025,2025-FEB,class_3_Price,20.18,lmprs,
02/01/2025,02/05/2025,2025,Jan,,11.65,2.9460,1.2002,2.3267,0.5384,0.00094,2.6042,1.3801,1.8851,1.8954,1.8477,0.7218,Announcement of Class and Component Prices (PDF),DYMCLASSPRICES,2991,Dairy MMR,DY-WA,Washington,DC,"Washington, DC",Washington,DC,FMMOS,FMMOS - non-mars,02/05/2025 13:05:17,2025,2025-JAN,class_3_Price,20.34,lmprs,
12/28/2024,01/02/2025,2024,Dec,,11.47,2.9104,1.2151,1.9637,0.4493,0.00088,2.5748,1.3952,1.7608,1.7583,1.7326,0.6353,Announcement of Class and Component Prices (PDF),DYMCLASSPRICES,2991,Dairy MMR,DY-WA,Washington,DC,"Washington, DC",Washington,DC,FMMOS,FMMOS - non-mars,01/02/2025 13:05:22,2024,2024-DEC,class_3_Price,18.62,lmprs,
11/30/2024,12/04/2024,2024,Nov,,11.17,3.0623,1.1974,2.3160,0.4049,0.00096,2.7002,1.3773,1.9198,1.9096,1.8973,0.5922,Announcement of Class and Component Prices (PDF),DYMCLASSPRICES,2991,Dairy MMR,DY-WA,Washington,DC,"Washington, DC",Washington,DC,FMMOS,FMMOS - non-mars,12/04/2024 13:05:26,2024,2024-NOV,class_3_Price,19.95,lmprs,
10/26/2024,10/30/2024,2024,Oct,,10.56,3.0851,1.1628,3.3238,0.3705,0.00112,2.7191,1.3423,2.2400,2.1605,2.2760,0.5588,Announcement of Class and Component Prices (PDF),DYMCLASSPRICES,2991,Dairy MMR,DY-WA,Washington,DC,"Washington, DC",Washington,DC,FMMOS,FMMOS - non-mars,10/30/2024 13:05:20,2024,2024-OCT,class_3_Price,22.85,lmprs,
09/28/2024,10/02/2024,2024,Sep,,10.09,3.6114,1.1109,2.9249,0.3430,0.00114,3.1537,1.2899,2.2882,2.2013,2.3319,0.5321,Announcement of Class and Component Prices (PDF),DYMCLASSPRICES,2991,Dairy MMR,DY-WA,Washington,DC,"Washington, DC",Washington,DC,FMMOS,FMMOS - non-mars,10/02/2024 13:05:28,2024,2024-SEP,class_3_Price,23.34,lmprs,
08/31/2024,09/05/2024,2024,Aug,,9.90,3.5632,1.0484,2.1756,0.2959,0.00102,3.1139,1.2268,2.0399,1.9812,2.0573,0.4864,Announcement of Class and Component Prices (PDF),DYMCLASSPRICES,2991,Dairy MMR,DY-WA,Washington,DC,"Washington, DC",Washington,DC,FMMOS,FMMOS - non-mars,09/05/2024 13:04:24,2024,2024-AUG,class_3_Price,20.66,lmprs,
07/27/2024,07/31/2024,2024,Jul,,9.63,3.5720,1.0149,1.9466,0.2571,0.00099,3.1211,1.1930,1.9717,1.9458,1.9635,0.4487,Announcement of Class and Component Prices (PDF),DYMCLASSPRICES,2991,Dairy MMR,DY-WA,Washington,DC,"Washington, DC",Washington,DC,FMMOS,FMMOS - non-mars,07/31/2024 13:05:31,2024,2024-JUL,class_3_Price,19.79,lmprs,
06/29/2024,07/03/2024,2024,Jun,,9.50,3.5444,0.9991,2.0546,0.2326,0.00100,3.0983,1.1770,1.9962,1.9154,2.0345,0.4249,Announcement of Class and Component Prices (PDF),DYMCLASSPRICES,2991,Dairy MMR,DY-WA,Washington,DC,"Washington, DC",Washington,DC,FMMOS,FMMOS - non-mars,07/03/2024 13:04:46,2024,2024-JUN,class_3_Price,19.87,lmprs,
06/01/2024,06/05/2024,2024,May,,9.69,3.4636,0.9647,1.7349,0.2181,0.00094,3.0316,1.1422,1.8706,1.8062,1.8952,0.4108,Announcement of Class and Component Prices (PDF),DYMCLASSPRICES,2991,Dairy MMR,DY-WA,Washington,DC,"Washington, DC",Washington,DC,FMMOS,FMMOS - non-mars,06/05/2024 13:05:24,2024,2024-MAY,class_3_Price,18.55,lmprs,
04/27/2024,05/01/2024,2024,Apr,,9.89,3.3309,0.9730,0.8345,0.2367,0.00077,2.9220,1.1506,1.5478,1.5170,1.5447,0.4289,Announcement of Class and Component Prices (PDF),DYMCLASSPRICES,2991,Dairy MMR,DY-WA,Washington,DC,"Washington, DC",Washington,DC,FMMOS,FMMOS - non-mars,05/01/2024 13:05:25,2024,2024-APR,class_3_Price,15.50,lmprs,
03/30/2024,04/03/2024,2024,Mar,,10.11,3.2385,1.0083,1.1265,0.2881,0.00080,2.8457,1.1863,1.6082,1.5730,1.6085,0.4788,Announcement of Class and Component Prices (PDF),DYMCLASSPRICES,2991,Dairy MMR,DY-WA,Washington,DC,"Washington, DC",Washington,DC,FMMOS,FMMOS - non-mars,04/03/2024 13:05:20,2024,2024-MAR,class_3_Price,16.34,lmprs,
02/24/2024,02/28/2024,2024,Feb,,9.99,3.1031,1.0343,1.2255,0.2738,0.00080,2.7339,1.2125,1.5947,1.6021,1.5586,0.4649,Announcement of Class and Component Prices (PDF),DYMCLASSPRICES,2991,Dairy MMR,DY-WA,Washington,DC,"Washington, DC",Washington,DC,FMMOS,FMMOS - non-mars,02/28/2024 13:05:37,2024,2024-FEB,class_3_Price,16.08,lmprs,
01/27/2024,01/31/2024,2024,Jan,,9.95,2.9765,1.0330,1.1265,0.2417,0.00076,2.6294,1.2112,1.5226,1.5260,1.4895,0.4338,Announcement of Class and Component Prices (PDF),DYMCLASSPRICES,2991,Dairy MMR,DY-WA,Washington,DC,"Washington, DC",Washington,DC,FMMOS,FMMOS - non-mars,01/31/2024 13:10:03,2024,2024-JAN,class_3_Price,15.17,lmprs,
12/30/2023,01/04/2024,2023,Dec,,9.78,2.9778,1.0144,1.4499,0.2242,0.00081,2.6305,1.1924,1.6234,1.6385,1.5813,0.4168,Announcement of Class and Component Prices (PDF),DYMCLASSPRICES,2991,Dairy MMR,DY-WA,Washington,DC,"Washington, DC",Washington,DC,FMMOS,FMMOS - non-mars,01/04/2024 13:04:47,2023,2023-DEC,class_3_Price,16.04,lmprs,
11/25/2023,11/29/2023,2023,Nov,,9.40,3.4608,1.0080,1.3238,0.1895,0.00087,3.0293,1.1860,1.7421,1.7511,1.7034,0.3831,Announcement of Class and Component Prices (PDF),DYMCLASSPRICES,2991,Dairy MMR,DY-WA,Washington,DC,"Washington, DC",Washington,DC,FMMOS,FMMOS - non-mars,11/29/2023 13:05:36,2023,2023-NOV,class_3_Price,17.15,lmprs,
10/28/2023,11/01/2023,2023,Oct,,9.25,3.7144,0.9781,1.0468,0.1243,0.00087,3.2387,1.1558,1.7390,1.8044,1.6502,0.3198,Announcement of Class and Component Prices (PDF),DYMCLASSPRICES,2991,Dairy MMR,DY-WA,Washington,DC,"Washington, DC",Washington,DC,FMMOS,FMMOS - non-mars,11/01/2023 13:05:20,2023,2023-OCT,class_3_Price,16.84,lmprs,
09/30/2023,10/04/2023,2023,Sep,,9.34,3.1264,0.9382,2.3027,0.0992,0.00097,2.7532,1.1155,1.9366,1.9895,1.8616,0.2954,Announcement of Class and Component Prices (PDF),DYMCLASSPRICES,2991,Dairy MMR,DY-WA,Washington,DC,"Washington, DC",Washington,DC,FMMOS,FMMOS - non-mars,10/04/2023 13:05:28,2023,2023-SEP,class_3_Price,18.39,lmprs,
08/26/2023,08/30/2023,2023,Aug,,9.65,3.0218,0.9599,2.0851,0.0648,0.00092,2.6668,1.1374,1.8349,1.8625,1.7764,0.2620,Announcement of Class and Component Prices (PDF),DYMCLASSPRICES,2991,Dairy MMR,DY-WA,Washington,DC,"Washington, DC",Washington,DC,FMMOS,FMMOS - non-mars,08/30/2023 13:05:53,2023,2023-AUG,class_3_Price,17.19,lmprs,
07/29/2023,08/02/2023,2023,Jul,,9.64,2.7986,0.9746,1.1991,0.0689,0.00074,2.4825,1.1522,1.4870,1.4614,1.4789,0.2660,Announcement of Class and Component Prices (PDF),DYMCLASSPRICES,2991,Dairy MMR,DY-WA,Washington,DC,"Washington, DC",Washington,DC,FMMOS,FMMOS - non-mars,08/02/2023 13:05:22,2023,2023-JUL,class_3_Price,13.77,lmprs,
06/24/2023,06/28/2023,2023,Jun,,9.48,2.7605,0.9896,1.5144,0.1266,0.00079,2.4510,1.1674,1.5724,1.5568,1.5561,0.3220,Announcement of Class and Component Prices (PDF),DYMCLASSPRICES,2991,Dairy MMR,DY-WA,Washington,DC,"Washington, DC",Washington,DC,FMMOS,FMMOS - non-mars,06/28/2023 13:06:22,2023,2023-JUN,class_3_Price,14.91,lmprs,
05/27/2023,06/01/2023,2023,May,,9.78,2.7572,0.9729,1.8002,0.1877,0.00083,2.4483,1.1505,1.6600,1.7277,1.5715,0.3813,Announcement of Class and Component Prices (PDF),DYMCLASSPRICES,2991,Dairy MMR,DY-WA,Washington,DC,"Washington, DC",Washington,DC,FMMOS,FMMOS - non-mars,06/01/2023 13:05:28,2023,2023-MAY,class_3_Price,16.11,lmprs,
04/29/2023,05/03/2023,2023,Apr,,10.07,2.7009,0.9774,2.5603,0.2479,0.00094,2.4018,1.1551,1.8775,1.9406,1.7942,0.4398,Announcement of Class and Component Prices (PDF),DYMCLASSPRICES,2991,Dairy MMR,DY-WA,Washington,DC,"Washington, DC",Washington,DC,FMMOS,FMMOS - non-mars,05/03/2023 13:06:24,2023,2023-APR,class_3_Price,18.52,lmprs,
04/01/2023,04/05/2023,2023,Mar,,10.30,2.7300,1.0154,2.4085,0.2338,0.00092,2.4258,1.1935,1.8399,1.9503,1.7188,0.4261,Announcement of Class and Component Prices (PDF),DYMCLASSPRICES,2991,Dairy MMR,DY-WA,Washington,DC,"Washington, DC",Washington,DC,FMMOS,FMMOS - non-mars,04/05/2023 13:05:21,2023,2023-MAR,class_3_Price,18.10,lmprs,
02/25/2023,03/01/2023,2023,Feb,,11.70,2.7178,1.0766,2.3650,0.2101,0.00091,2.4158,1.2553,1.8224,1.9874,1.6602,0.4031,Announcement of Class and Component Prices (PDF),DYMCLASSPRICES,2991,Dairy MMR,DY-WA,Washington,DC,"Washington, DC",Washington,DC,FMMOS,FMMOS - non-mars,03/01/2023 13:05:11,2023,2023-FEB,class_3_Price,17.78,lmprs,
01/28/2023,02/01/2023,2023,Jan,,12.32,2.7713,1.1864,2.8058,0.2343,0.00099,2.4599,1.3662,1.9767,2.1147,1.8226,0.4266,Announcement of Class and Component Prices (PDF),DYMCLASSPRICES,2991,Dairy MMR,DY-WA,Washington,DC,"Washington, DC",Washington,DC,FMMOS,FMMOS - non-mars,02/01/2023 13:04:20,2023,2023-JAN,class_3_Price,19.43,lmprs,
12/31/2022,01/05/2023,2022,Dec,,12.48,3.1539,1.2752,2.6568,0.2652,0.00103,2.7759,1.4559,2.0555,2.1594,1.9293,0.4566,Announcement of Class and Component Prices (PDF),DYMCLASSPRICES,2991,Dairy MMR,DY-WA,Washington,DC,"Washington, DC",Washington,DC,FMMOS,FMMOS - non-mars,01/05/2023 13:01:32,2022,2022-DEC,class_3_Price,20.50,lmprs,
11/26/2022,11/30/2022,2022,Nov,,13.31,3.3720,1.3233,2.5374,0.2837,0.00104,2.9560,1.5045,2.0897,2.0748,2.0744,0.4745,Announcement of Class and Component Prices (PDF),DYMCLASSPRICES,2991,Dairy MMR,DY-WA,Washington,DC,"Washington, DC",Washington,DC,FMMOS,FMMOS - non-mars,11/30/2022 13:08:10,2022,2022-NOV,class_3_Price,21.01,lmprs,
10/29/2022,11/02/2022,2022,Oct,,13.37,3.6567,1.4000,2.4512,0.2952,0.00108,3.1911,1.5819,2.1560,2.0453,2.2210,0.4857,Announcement of Class and Component Prices (PDF),DYMCLASSPRICES,2991,Dairy MMR,DY-WA,Washington,DC,"Washington, DC",Washington,DC,FMMOS,FMMOS - non-mars,11/02/2022 13:05:49,2022,2022-OCT,class_3_Price,21.81,lmprs,
10/01/2022,10/05/2022,2022,Sep,,14.52,3.5653,1.3984,1.8847,0.2998,0.00098,3.1156,1.5803,1.9503,1.8835,1.9830,0.4902,Announcement of Class and Component Prices (PDF),DYMCLASSPRICES,2991,Dairy MMR,DY-WA,Washington,DC,"Washington, DC",Washington,DC,FMMOS,FMMOS - non-mars,10/05/2022 13:05:11,2022,2022-SEP,class_3_Price,19.82,lmprs,
08/27/2022,08/31/2022,2022,Aug,,15.53,3.4001,1.4862,2.1417,0.3146,0.00099,2.9792,1.6690,1.9761,1.9484,1.9698,0.5045,Announcement of Class and Component Prices (PDF),DYMCLASSPRICES,2991,Dairy MMR,DY-WA,Washington,DC,"Washington, DC",Washington,DC,FMMOS,FMMOS - non-mars,08/31/2022 13:05:24,2022,2022-AUG,class_3_Price,20.10,lmprs,
07/30/2022,08/03/2022,2022,Jul,,15.42,3.3600,1.6160,2.9116,0.3596,0.00110,2.9461,1.8001,2.2019,2.1622,2.2054,0.5482,Announcement of Class and Component Prices (PDF),DYMCLASSPRICES,2991,Dairy MMR,DY-WA,Washington,DC,"Washington, DC",Washington,DC,FMMOS,FMMOS - non-mars,08/03/2022 13:07:36,2022,2022-JUL,class_3_Price,22.52,lmprs,
06/25/2022,06/29/2022,2022,Jun,,15.50,3.3323,1.6313,3.4173,0.4295,0.00117,2.9232,1.8156,2.3498,2.3214,2.3472,0.6161,Announcement of Class and Component Prices (PDF),DYMCLASSPRICES,2991,Dairy MMR,DY-WA,Washington,DC,"Washington, DC",Washington,DC,FMMOS,FMMOS - non-mars,06/29/2022 13:04:26,2022,2022-JUN,class_3_Price,24.33,lmprs,
05/28/2022,06/02/2022,2022,May,,15.52,3.1056,1.6253,3.8696,0.4857,0.00121,2.7360,1.8095,2.4161,2.3798,2.4187,0.6707,Announcement of Class and Component Prices (PDF),DYMCLASSPRICES,2991,Dairy MMR,DY-WA,Washington,DC,"Washington, DC",Washington,DC,FMMOS,FMMOS - non-mars,06/02/2022 13:04:58,2022,2022-MAY,class_3_Price,25.21,lmprs,
04/30/2022,05/04/2022,2022,Apr,,15.21,3.1461,1.6470,3.4239,0.5565,0.00115,2.7694,1.8314,2.2910,2.2759,2.2759,0.7394,Announcement of Class and Component Prices (PDF),DYMCLASSPRICES,2991,Dairy MMR,DY-WA,Washington,DC,"Washington, DC",Washington,DC,FMMOS,FMMOS - non-mars,05/04/2022 13:05:49,2022,2022-APR,class_3_Price,24.42,lmprs,
03/26/2022,03/30/2022,2022,Mar,,14.41,3.0935,1.6113,2.7182,0.6131,0.00103,2.7260,1.7954,2.0548,2.0748,2.0066,0.7943,Announcement of Class and Component Prices (PDF),DYMCLASSPRICES,2991,Dairy MMR,DY-WA,Washington,DC,"Washington, DC",Washington,DC,FMMOS,FMMOS - non-mars,03/30/2022 13:05:10,2022,2022-MAR,class_3_Price,22.45,lmprs,
02/26/2022,03/02/2022,2022,Feb,,13.67,3.0218,1.5450,2.3168,0.5983,0.00095,2.6668,1.7284,1.9068,1.9091,1.8746,0.7800,Announcement of Class and Component Prices (PDF),DYMCLASSPRICES,2991,Dairy MMR,DY-WA,Washington,DC,"Washington, DC",Washington,DC,FMMOS,FMMOS - non-mars,03/02/2022 13:02:51,2022,2022-FEB,class_3_Price,20.91,lmprs,
01/29/2022,02/02/2022,2022,Jan,,12.91,2.9567,1.4662,2.3563,0.5249,0.00095,2.6130,1.6488,1.8978,1.9787,1.7951,0.7087,Announcement of Class and Component Prices (PDF),DYMCLASSPRICES,2991,Dairy MMR,DY-WA,Washington,DC,"Washington, DC",Washington,DC,FMMOS,FMMOS - non-mars,02/02/2022 13:05:34,2022,2022-JAN,class_3_Price,20.38,lmprs,
01/01/2022,01/05/2022,2021,Dec,,12.22,2.2919,1.3655,2.5937,0.4532,0.00088,2.0641,1.5471,1.7542,1.8633,1.6263,0.6391,Announcement of Class and Component Prices (PDF),DYMCLASSPRICES,2991,Dairy MMR,DY-WA,Washington,DC,"Washington, DC",Washington,DC,FMMOS,FMMOS - non-mars,01/05/2022 13:26:36,2021,2021-DEC,class_3_Price,18.36,lmprs,
11/27/2021,12/01/2021,2021,Nov,,11.23,2.1541,1.2960,2.7536,0.3949,0.00088,1.9503,1.4769,1.7588,1.7605,1.7272,0.5825,Announcement of Class and Component Prices (PDF),DYMCLASSPRICES,2991,Dairy MMR,DY-WA,Washington,DC,"Washington, DC",Washington,DC,FMMOS,FMMOS - non-mars,12/01/2021 13:04:41,2021,2021-NOV,class_3_Price,18.03,lmprs,
10/30/2021,11/03/2021,2021,Oct,,10.63,1.9414,1.1801,3.0130,0.3560,0.00088,1.7746,1.3598,1.7698,1.8070,1.7011,0.5447,Announcement of Class and Component Prices (PDF),DYMCLASSPRICES,2991,Dairy MMR,DY-WA,Washington,DC,"Washington, DC",Washington,DC,FMMOS,FMMOS - non-mars,11/03/2021 13:05:14,2021,2021-OCT,class_3_Price,17.83,lmprs,
09/25/2021,09/29/2021,2021,Sep,,10.45,1.9388,1.1027,2.6010,0.3445,0.00082,1.7725,1.2816,1.6411,1.7761,1.4873,0.5336,Announcement of Class and Component Prices (PDF),DYMCLASSPRICES,2991,Dairy MMR,DY-WA,Washington,DC,"Washington, DC",Washington,DC,FMMOS,FMMOS - non-mars,09/29/2021 13:06:40,2021,2021-SEP,class_3_Price,16.53,lmprs,
08/28/2021,09/01/2021,2021,Aug,,10.37,1.8508,1.0872,2.4582,0.3735,0.00078,1.6998,1.2660,1.5680,1.6902,1.4371,0.5617,Announcement of Class and Component Prices (PDF),DYMCLASSPRICES,2991,Dairy MMR,DY-WA,Washington,DC,"Washington, DC",Washington,DC,FMMOS,FMMOS - non-mars,09/01/2021 13:04:00,2021,2021-AUG,class_3_Price,15.95,lmprs,
07/31/2021,08/04/2021,2021,Jul,,10.53,1.8996,1.0765,2.4957,0.4181,0.00080,1.7401,1.2552,1.5956,1.5948,1.5663,0.6050,Announcement of Class and Component Prices (PDF),DYMCLASSPRICES,2991,Dairy MMR,DY-WA,Washington,DC,"Washington, DC",Washington,DC,FMMOS,FMMOS - non-mars,08/04/2021 13:05:40,2021,2021-JUL,class_3_Price,16.49,lmprs,
06/26/2021,06/30/2021,2021,Jun,,10.12,1.9641,1.0908,2.5834,0.4579,0.00082,1.7934,1.2696,1.6439,1.6058,1.6506,0.6437,Announcement of Class and Component Prices (PDF),DYMCLASSPRICES,2991,Dairy MMR,DY-WA,Washington,DC,"Washington, DC",Washington,DC,FMMOS,FMMOS - non-mars,06/30/2021 13:04:48,2021,2021-JUN,class_3_Price,17.21,lmprs,
05/29/2021,06/03/2021,2021,May,,9.58,1.9851,1.0607,3.1307,0.4645,0.00091,1.8107,1.2392,1.8206,1.8072,1.8035,0.6501,Announcement of Class and Component Prices (PDF),DYMCLASSPRICES,2991,Dairy MMR,DY-WA,Washington,DC,"Washington, DC",Washington,DC,FMMOS,FMMOS - non-mars,06/03/2021 13:06:19,2021,2021-MAY,class_3_Price,18.96,lmprs,
05/01/2021,05/05/2021,2021,Apr,,9.03,1.9496,0.9902,2.8136,0.4268,0.00086,1.7814,1.1680,1.7106,1.7918,1.6011,0.6135,Announcement of Class and Component Prices (PDF),DYMCLASSPRICES,2991,Dairy MMR,DY-WA,Washington,DC,"Washington, DC",Washington,DC,FMMOS,FMMOS - non-mars,05/05/2021 13:08:26,2021,2021-APR,class_3_Price,17.67,lmprs,
03/27/2021,03/31/2021,2021,Mar,,9.36,1.7176,0.9396,2.6954,0.3652,0.00080,1.5898,1.1169,1.5981,1.6695,1.5023,0.5537,Announcement of Class and Component Prices (PDF),DYMCLASSPRICES,2991,Dairy MMR,DY-WA,Washington,DC,"Washington, DC",Washington,DC,FMMOS,FMMOS - non-mars,03/31/2021 13:03:13,2021,2021-MAR,class_3_Price,16.15,lmprs,
02/27/2021,03/03/2021,2021,Feb,,9.27,1.4376,0.9391,2.9816,0.3161,0.00080,1.3586,1.1164,1.5954,1.6870,1.4841,0.5060,Announcement of Class and Component Prices (PDF),DYMCLASSPRICES,2991,Dairy MMR,DY-WA,Washington,DC,"Washington, DC",Washington,DC,FMMOS,FMMOS - non-mars,03/03/2021 13:04:40,2021,2021-FEB,class_3_Price,15.75,lmprs,
01/30/2021,02/03/2021,2021,Jan,,9.03,1.5541,0.9570,3.0355,0.2682,0.00083,1.4548,1.1345,1.6502,1.7171,1.5601,0.4595,Announcement of Class and Component Prices (PDF),DYMCLASSPRICES,2991,Dairy MMR,DY-WA,Washington,DC,"Washington, DC",Washington,DC,FMMOS,FMMOS - non-mars,02/03/2021 13:02:18,2021,2021-JAN,class_3_Price,16.04,lmprs,
12/26/2020,12/30/2020,2020,Dec,,8.91,1.5399,0.9180,3.0282,0.2245,0.00082,1.4431,1.0951,1.6433,1.7708,1.4944,0.4171,Announcement of Class and Component Prices (PDF),DYMCLASSPRICES,2991,Dairy MMR,DY-WA,Washington,DC,"Washington, DC",Washington,DC,FMMOS,FMMOS - non-mars,12/30/2020 13:03:18,2020,2020-DEC,class_3_Price,15.72,lmprs,
11/28/2020,12/02/2020,2020,Nov,,8.70,1.5553,0.9047,5.6226,0.1894,0.00123,1.4558,1.0816,2.4535,2.5808,2.2929,0.3830,Announcement of Class and Component Prices (PDF),DYMCLASSPRICES,2991,Dairy MMR,DY-WA,Washington,DC,"Washington, DC",Washington,DC,FMMOS,FMMOS - non-mars,12/02/2020 13:06:51,2020,2020-NOV,class_3_Price,23.34,lmprs,
10/31/2020,11/04/2020,2020,Oct,,8.15,1.6388,0.8902,5.0146,0.1534,0.00115,1.5248,1.0670,2.2921,2.5692,1.9640,0.3480,Announcement of Class and Component Prices (PDF),DYMCLASSPRICES,2991,Dairy MMR,DY-WA,Washington,DC,"Washington, DC",Washington,DC,FMMOS,FMMOS - non-mars,11/04/2020 12:56:06,2020,2020-OCT,class_3_Price,21.61,lmprs,
09/26/2020,09/30/2020,2020,Sep,,7.83,1.5932,0.8253,3.3935,0.1241,0.00089,1.4871,1.0014,1.7741,1.9496,1.5736,0.3196,Announcement of Class and Component Prices (PDF),DYMCLASSPRICES,2991,Dairy MMR,DY-WA,Washington,DC,"Washington, DC",Washington,DC,FMMOS,FMMOS - non-mars,09/30/2020 13:06:10,2020,2020-SEP,class_3_Price,16.43,lmprs,
08/29/2020,09/02/2020,2020,Aug,,7.82,1.6275,0.7862,4.4394,0.1387,0.00105,1.5154,0.9619,2.1099,2.2144,1.9817,0.3338,Announcement of Class and Component Prices (PDF),DYMCLASSPRICES,2991,Dairy MMR,DY-WA,Washington,DC,"Washington, DC",Washington,DC,FMMOS,FMMOS - non-mars,09/02/2020 13:07:48,2020,2020-AUG,class_3_Price,19.77,lmprs,
08/01/2020,08/05/2020,2020,Jul,,7.16,1.9583,0.7959,5.6294,0.1492,0.00129,1.7886,0.9717,2.5873,2.6978,2.4374,0.3440,Announcement of Class and Component Prices (PDF),DYMCLASSPRICES,2991,Dairy MMR,DY-WA,Washington,DC,"Washington, DC",Washington,DC,FMMOS,FMMOS - non-mars,08/05/2020 13:05:32,2020,2020-JUL,class_3_Price,24.54,lmprs,
06/27/2020,07/01/2020,2020,Jun,,6.69,1.8591,0.7354,4.5349,0.1696,0.00111,1.7067,0.9106,2.2152,2.2566,2.1482,0.3638,Announcement of Class and Component Prices (PDF),DYMCLASSPRICES,2991,Dairy MMR,DY-WA,Washington,DC,"Washington, DC",Washington,DC,FMMOS,FMMOS - non-mars,07/01/2020 13:06:28,2020,2020-JUN,class_3_Price,21.04,lmprs,
05/30/2020,06/03/2020,2020,May,,7.73,1.3756,0.6746,2.0918,0.1882,0.00065,1.3074,0.8492,1.2990,1.3049,1.2641,0.3818,Announcement of Class and Component Prices (PDF),DYMCLASSPRICES,2991,Dairy MMR,DY-WA,Washington,DC,"Washington, DC",Washington,DC,FMMOS,FMMOS - non-mars,06/03/2020 13:03:03,2020,2020-MAY,class_3_Price,12.14,lmprs,
04/25/2020,04/29/2020,2020,Apr,,9.55,1.3218,0.7795,2.4822,0.1793,0.00070,1.2630,0.9552,1.4026,1.5264,1.2744,0.3732,Announcement of Class and Component Prices (PDF),DYMCLASSPRICES,2991,Dairy MMR,DY-WA,Washington,DC,"Washington, DC",Washington,DC,FMMOS,FMMOS - non-mars,04/29/2020 13:03:20,2020,2020-APR,class_3_Price,13.07,lmprs,
03/28/2020,04/01/2020,2020,Mar,,10.38,1.9177,0.9387,2.8424,0.1810,0.00085,1.7551,1.1160,1.7091,1.8133,1.5761,0.3748,Announcement of Class and Component Prices (PDF),DYMCLASSPRICES,2991,Dairy MMR,DY-WA,Washington,DC,"Washington, DC",Washington,DC,FMMOS,FMMOS - non-mars,04/01/2020 13:04:59,2020,2020-MAR,class_3_Price,16.25,lmprs,
02/29/2020,03/04/2020,2020,Feb,,10.24,1.9813,1.0667,3.0309,0.1750,0.00089,1.8076,1.2453,1.7884,1.9467,1.6007,0.3690,Announcement of Class and Component Prices (PDF),DYMCLASSPRICES,2991,Dairy MMR,DY-WA,Washington,DC,"Washington, DC",Washington,DC,FMMOS,FMMOS - non-mars,03/04/2020 13:22:00,2020,2020-FEB,class_3_Price,17.00,lmprs,
02/01/2020,02/05/2020,2020,Jan,,9.98,2.1117,1.0665,2.9606,0.1417,0.00090,1.9153,1.2451,1.8092,1.8995,1.6869,0.3367,Announcement of Class and Component Prices (PDF),DYMCLASSPRICES,2991,Dairy MMR,DY-WA,Washington,DC,"Washington, DC",Washington,DC,FMMOS,FMMOS - non-mars,02/05/2020 13:07:49,2020,2020-JAN,class_3_Price,17.05,lmprs,
12/28/2019,01/02/2020,2019,Dec,,9.43,2.1952,1.0378,3.6515,0.1341,0.00103,1.9842,1.2161,2.0509,1.9363,2.1395,0.3293,Announcement of Class and Component Prices (PDF),DYMCLASSPRICES,2991,Dairy MMR,DY-WA,Washington,DC,"Washington, DC",Washington,DC,FMMOS,FMMOS - non-mars,01/02/2020 13:02:40,2019,2019-DEC,class_3_Price,19.37,lmprs,
11/30/2019,12/04/2019,2019,Nov,,9.02,2.3195,0.9763,3.9118,0.1112,0.00109,2.0869,1.1540,2.1723,2.0987,2.2280,0.3071,Announcement of Class and Component Prices (PDF),DYMCLASSPRICES,2991,Dairy MMR,DY-WA,Washington,DC,"Washington, DC",Washington,DC,FMMOS,FMMOS - non-mars,12/04/2019 13:05:21,2019,2019-NOV,class_3_Price,20.45,lmprs,
10/26/2019,10/30/2019,2019,Oct,,8.54,2.4031,0.9186,3.1700,0.1447,0.00098,2.1559,1.0957,1.9694,2.0569,1.8379,0.3396,Announcement of Class and Component Prices (PDF),DYMCLASSPRICES,2991,Dairy MMR,DY-WA,Washington,DC,"Washington, DC",Washington,DC,FMMOS,FMMOS - non-mars,10/30/2019 13:03:28,2019,2019-OCT,class_3_Price,18.72,lmprs,
09/28/2019,10/02/2019,2019,Sep,,8.46,2.4982,0.8753,2.8633,0.1758,0.00095,2.2344,1.0519,1.9053,1.9843,1.7913,0.3698,Announcement of Class and Component Prices (PDF),DYMCLASSPRICES,2991,Dairy MMR,DY-WA,Washington,DC,"Washington, DC",Washington,DC,FMMOS,FMMOS - non-mars,10/02/2019 13:08:22,2019,2019-SEP,class_3_Price,18.31,lmprs,
08/31/2019,09/05/2019,2019,Aug,,8.57,2.6574,0.8570,2.4453,0.1730,0.00091,2.3659,1.0335,1.8276,,,0.3671,Announcement of Class and Component Prices (PDF),DYMCLASSPRICES,2991,Dairy MMR,DY-WA,Washington,DC,"Washington, DC",Washington,DC,FMMOS,FMMOS - non-mars,09/05/2019 13:05:13,2019,2019-AUG,class_3_Price,17.60,lmprs,
07/27/2019,07/31/2019,2019,Jul,,8.48,2.6858,0.8628,2.4032,0.1689,0.00091,2.3893,1.0393,1.8238,,,0.3631,Announcement of Class and Component Prices (PDF),DYMCLASSPRICES,2991,Dairy MMR,DY-WA,Washington,DC,"Washington, DC",Washington,DC,FMMOS,FMMOS - non-mars,07/31/2019 13:05:14,2019,2019-JUL,class_3_Price,17.55,lmprs,
06/29/2019,07/03/2019,2019,Jun,,8.26,2.6579,0.8665,2.0046,0.1702,0.00085,2.3663,1.0431,1.6910,,,0.3643,Announcement of Class and Component Prices (PDF),DYMCLASSPRICES,2991,Dairy MMR,DY-WA,Washington,DC,"Washington, DC",Washington,DC,FMMOS,FMMOS - non-mars,07/03/2019 13:03:40,2019,2019-JUN,class_3_Price,16.27,lmprs,
06/01/2019,06/05/2019,2019,May,,7.72,2.5718,0.8386,2.1159,0.1847,0.00085,2.2952,1.0149,1.6974,,,0.3784,Announcement of Class and Component Prices (PDF),DYMCLASSPRICES,2991,Dairy MMR,DY-WA,Washington,DC,"Washington, DC",Washington,DC,FMMOS,FMMOS - non-mars,06/05/2019 13:05:15,2019,2019-MAY,class_3_Price,16.38,lmprs,
04/27/2019,05/01/2019,2019,Apr,,7.75,2.5375,0.7883,1.9890,0.1990,0.00082,2.2669,0.9641,1.6468,,,0.3923,Announcement of Class and Component Prices (PDF),DYMCLASSPRICES,2991,Dairy MMR,DY-WA,Washington,DC,"Washington, DC",Washington,DC,FMMOS,FMMOS - non-mars,05/01/2019 13:05:18,2019,2019-APR,class_3_Price,15.96,lmprs,
03/30/2019,04/03/2019,2019,Mar,,7.95,2.5461,0.7832,1.6303,0.2200,0.00077,2.2740,0.9589,1.5383,,,0.4127,Announcement of Class and Component Prices (PDF),DYMCLASSPRICES,2991,Dairy MMR,DY-WA,Washington,DC,"Washington, DC",Washington,DC,FMMOS,FMMOS - non-mars,04/03/2019 13:05:13,2019,2019-MAR,class_3_Price,15.04,lmprs,
02/23/2019,02/27/2019,2019,Feb,,7.50,2.5345,0.8041,1.1776,0.2631,0.00070,2.2644,0.9800,1.3940,,,0.4545,Announcement of Class and Component Prices (PDF),DYMCLASSPRICES,2991,Dairy MMR,DY-WA,Washington,DC,"Washington, DC",Washington,DC,FMMOS,FMMOS - non-mars,02/27/2019 13:05:35,2019,2019-FEB,class_3_Price,13.89,lmprs,
01/26/2019,01/30/2019,2019,Jan,,7.22,2.4981,0.7757,1.1927,0.2898,0.00069,2.2343,0.9513,1.3868,,,0.4805,Announcement of Class and Component Prices (PDF),DYMCLASSPRICES,2991,Dairy MMR,DY-WA,Washington,DC,"Washington, DC",Washington,DC,FMMOS,FMMOS - non-mars,01/30/2019 13:10:29,2019,2019-JAN,class_3_Price,13.96,lmprs,
12/29/2018,01/03/2019,2018,Dec,,7.12,2.5080,0.7269,1.1417,0.2775,0.00069,2.2425,0.9020,1.3742,,,0.4685,Announcement of Class and Component Prices (PDF),DYMCLASSPRICES,2991,Dairy MMR,DY-WA,Washington,DC,"Washington, DC",Washington,DC,FMMOS,FMMOS - non-mars,01/03/2019 13:05:53,2018,2018-DEC,class_3_Price,13.78,lmprs,
12/01/2018,12/05/2018,2018,Nov,,6.96,2.5385,0.7110,1.3419,0.2714,0.00072,2.2677,0.8860,1.4463,,,0.4626,Announcement of Class and Component Prices (PDF),DYMCLASSPRICES,2991,Dairy MMR,DY-WA,Washington,DC,"Washington, DC",Washington,DC,FMMOS,FMMOS - non-mars,12/05/2018 13:03:22,2018,2018-NOV,class_3_Price,14.44,lmprs,
10/27/2018,10/31/2018,2018,Oct,,6.81,2.5551,0.6990,1.7185,0.2553,0.00078,2.2814,0.8739,1.5686,,,0.4470,Announcement of Class and Component Prices (PDF),DYMCLASSPRICES,2991,Dairy MMR,DY-WA,Washington,DC,"Washington, DC",Washington,DC,FMMOS,FMMOS - non-mars,10/31/2018 13:14:21,2018,2018-OCT,class_3_Price,15.53,lmprs,
09/29/2018,10/03/2018,2018,Sep,,6.43,2.5442,0.6801,2.0029,0.2098,0.00083,2.2724,0.8548,1.6533,,,0.4028,Announcement of Class and Component Prices (PDF),DYMCLASSPRICES,2991,Dairy MMR,DY-WA,Washington,DC,"Washington, DC",Washington,DC,FMMOS,FMMOS - non-mars,10/03/2018 13:06:16,2018,2018-SEP,class_3_Price,16.09,lmprs,
08/25/2018,08/29/2018,2018,Aug,,6.16,2.6009,0.6369,1.6245,0.1741,0.00078,2.3192,0.8111,1.5544,,,0.3681,Announcement of Class and Component Prices (PDF),DYMCLASSPRICES,2991,Dairy MMR,DY-WA,Washington,DC,"Washington, DC",Washington,DC,FMMOS,FMMOS - non-mars,08/29/2018 13:28:17,2018,2018-AUG,class_3_Price,14.95,lmprs,
07/28/2018,08/01/2018,2018,Jul,,6.55,2.5287,0.6085,1.4827,0.1422,0.00074,2.2596,0.7824,1.4868,,,0.3372,Announcement of Class and Component Prices (PDF),DYMCLASSPRICES,2991,Dairy MMR,DY-WA,Washington,DC,"Washington, DC",Washington,DC,FMMOS,FMMOS - non-mars,08/01/2018 13:03:26,2018,2018-JUL,class_3_Price,14.10,lmprs,
06/30/2018,07/05/2018,2018,Jun,,6.33,2.6692,0.6407,1.7478,0.1128,0.00081,2.3756,0.8150,1.6150,,,0.3086,Announcement of Class and Component Prices (PDF),DYMCLASSPRICES,2991,Dairy MMR,DY-WA,Washington,DC,"Washington, DC",Washington,DC,FMMOS,FMMOS - non-mars,07/05/2018 13:03:18,2018,2018-JUN,class_3_Price,15.21,lmprs,
05/26/2018,05/31/2018,2018,May,,5.45,2.6239,0.6196,1.8609,0.0742,0.00082,2.3382,0.7937,1.6353,,,0.2711,Announcement of Class and Component Prices (PDF),DYMCLASSPRICES,2991,Dairy MMR,DY-WA,Washington,DC,"Washington, DC",Washington,DC,FMMOS,FMMOS - non-mars,05/31/2018 13:05:26,2018,2018-MAY,class_3_Price,15.18,lmprs,
04/28/2018,05/02/2018,2018,Apr,,5.41,2.5113,0.5401,1.7810,0.0619,0.00079,2.2452,0.7134,1.5737,,,0.2592,Announcement of Class and Component Prices (PDF),DYMCLASSPRICES,2991,Dairy MMR,DY-WA,Washington,DC,"Washington, DC",Washington,DC,FMMOS,FMMOS - non-mars,05/02/2018 13:05:35,2018,2018-APR,class_3_Price,14.47,lmprs,
03/31/2018,04/04/2018,2018,Mar,,5.55,2.4273,0.5232,1.8066,0.0556,0.00078,2.1759,0.6963,1.5542,,,0.2531,Announcement of Class and Component Prices (PDF),DYMCLASSPRICES,2991,Dairy MMR,DY-WA,Washington,DC,"Washington, DC",Washington,DC,FMMOS,FMMOS - non-mars,04/04/2018 13:05:22,2018,2018-MAR,class_3_Price,14.22,lmprs,
02/24/2018,02/28/2018,2018,Feb,,5.38,2.3490,0.5352,1.6265,0.0550,0.00074,2.1112,0.7084,1.4727,,,0.2525,Announcement of Class and Component Prices (PDF),DYMCLASSPRICES,2991,Dairy MMR,DY-WA,Washington,DC,"Washington, DC",Washington,DC,FMMOS,FMMOS - non-mars,02/28/2018 13:05:27,2018,2018-FEB,class_3_Price,13.40,lmprs,
01/27/2018,01/31/2018,2018,Jan,,5.70,2.4531,0.5235,1.6612,0.0787,0.00076,2.1972,0.6966,1.5175,,,0.2755,Announcement of Class and Component Prices (PDF),DYMCLASSPRICES,2991,Dairy MMR,DY-WA,Washington,DC,"Washington, DC",Washington,DC,FMMOS,FMMOS - non-mars,01/31/2018 13:05:37,2018,2018-JAN,class_3_Price,14.00,lmprs,
12/30/2017,01/04/2018,2017,Dec,,5.94,2.4951,0.5503,2.0378,0.1070,0.00082,2.2319,0.7237,1.6481,,,0.3030,Announcement of Class and Component Prices (PDF),DYMCLASSPRICES,2991,Dairy MMR,DY-WA,Washington,DC,"Washington, DC",Washington,DC,FMMOS,FMMOS - non-mars,01/04/2018 13:05:59,2017,2017-DEC,class_3_Price,15.44,lmprs,
11/25/2017,11/29/2017,2017,Nov,,6.58,2.5546,0.5816,2.3412,0.1644,0.00088,2.2810,0.7553,1.7617,,,0.3587,Announcement of Class and Component Prices (PDF),DYMCLASSPRICES,2991,Dairy MMR,DY-WA,Washington,DC,"Washington, DC",Washington,DC,FMMOS,FMMOS - non-mars,11/29/2017 13:05:28,2017,2017-NOV,class_3_Price,16.88,lmprs,
10/28/2017,11/01/2017,2017,Oct,,6.84,2.6646,0.6357,2.1084,0.1853,0.00086,2.3718,0.8099,1.7254,,,0.3790,Announcement of Class and Component Prices (PDF),DYMCLASSPRICES,2991,Dairy MMR,DY-WA,Washington,DC,"Washington, DC",Washington,DC,FMMOS,FMMOS - non-mars,11/01/2017 13:05:31,2017,2017-OCT,class_3_Price,16.69,lmprs,
09/30/2017,10/04/2017,2017,Sep,,7.03,2.8559,0.6753,1.6988,0.2241,0.00083,2.5298,0.8499,1.6608,,,0.4167,Announcement of Class and Component Prices (PDF),DYMCLASSPRICES,2991,Dairy MMR,DY-WA,Washington,DC,"Washington, DC",Washington,DC,FMMOS,FMMOS - non-mars,10/04/2017 13:07:11,2017,2017-SEP,class_3_Price,16.36,lmprs,
08/26/2017,08/30/2017,2017,Aug,,7.25,3.0109,0.6984,1.5536,0.2425,0.00083,2.6578,0.8733,1.6664,,,0.4345,Announcement of Class and Component Prices (PDF),DYMCLASSPRICES,2991,Dairy MMR,DY-WA,Washington,DC,"Washington, DC",Washington,DC,FMMOS,FMMOS - non-mars,08/30/2017 13:07:16,2017,2017-AUG,class_3_Price,16.57,lmprs,
07/29/2017,08/02/2017,2017,Jul,,7.41,2.9456,0.7240,1.2248,0.2599,0.00077,2.6039,0.8991,1.5430,,,0.4514,Announcement of Class and Component Prices (PDF),DYMCLASSPRICES,2991,Dairy MMR,DY-WA,Washington,DC,"Washington, DC",Washington,DC,FMMOS,FMMOS - non-mars,08/02/2017 13:18:44,2017,2017-JUL,class_3_Price,15.45,lmprs,
06/24/2017,06/28/2017,2017,Jun,,6.89,2.7066,0.7384,1.7545,0.3014,0.00081,2.4065,0.9137,1.6293,,,0.4917,Announcement of Class and Component Prices (PDF),DYMCLASSPRICES,2991,Dairy MMR,DY-WA,Washington,DC,"Washington, DC",Washington,DC,FMMOS,FMMOS - non-mars,06/28/2017 13:03:02,2017,2017-JUN,class_3_Price,16.44,lmprs,
05/27/2017,06/01/2017,2017,May,,6.60,2.4134,0.6956,1.7723,0.3196,0.00077,2.1644,0.8704,1.5390,,,0.5094,Announcement of Class and Component Prices (PDF),DYMCLASSPRICES,2991,Dairy MMR,DY-WA,Washington,DC,"Washington, DC",Washington,DC,FMMOS,FMMOS - non-mars,06/01/2017 13:05:29,2017,2017-MAY,class_3_Price,15.57,lmprs,
04/29/2017,05/03/2017,2017,Apr,,6.78,2.3548,0.6641,1.6955,0.3350,0.00075,2.1160,0.8386,1.4960,,,0.5243,Announcement of Class and Component Prices (PDF),DYMCLASSPRICES,2991,Dairy MMR,DY-WA,Washington,DC,"Washington, DC",Washington,DC,FMMOS,FMMOS - non-mars,05/03/2017 13:05:57,2017,2017-APR,class_3_Price,15.22,lmprs,
04/01/2017,04/05/2017,2017,Mar,,8.00,2.4176,0.6747,1.8198,0.3345,0.00078,2.1679,0.8493,1.5551,,,0.5239,Announcement of Class and Component Prices (PDF),DYMCLASSPRICES,2991,Dairy MMR,DY-WA,Washington,DC,"Washington, DC",Washington,DC,FMMOS,FMMOS - non-mars,04/05/2017 13:05:00,2017,2017-MAR,class_3_Price,15.81,lmprs,
02/25/2017,03/01/2017,2017,Feb,,8.29,2.4274,0.8166,2.2348,0.2990,0.00084,2.1760,0.9926,1.6871,,,0.4894,Announcement of Class and Component Prices (PDF),DYMCLASSPRICES,2991,Dairy MMR,DY-WA,Washington,DC,"Washington, DC",Washington,DC,FMMOS,FMMOS - non-mars,03/01/2017 13:01:16,2017,2017-FEB,class_3_Price,16.88,lmprs,
01/28/2017,02/01/2017,2017,Jan,,7.77,2.5253,0.8465,2.1768,0.2503,0.00085,2.2568,1.0229,1.7011,,,0.4421,Announcement of Class and Component Prices (PDF),DYMCLASSPRICES,2991,Dairy MMR,DY-WA,Washington,DC,"Washington, DC",Washington,DC,FMMOS,FMMOS - non-mars,02/01/2017 13:06:58,2017,2017-JAN,class_3_Price,16.77,lmprs,
12/31/2016,01/05/2017,2016,Dec,,7.32,2.3354,0.7822,2.6922,0.2063,0.00090,2.1000,0.9579,1.7990,,,0.3994,Announcement of Class and Component Prices (PDF),DYMCLASSPRICES,2991,Dairy MMR,DY-WA,Washington,DC,"Washington, DC",Washington,DC,FMMOS,FMMOS - non-mars,01/05/2017 12:55:11,2016,2016-DEC,class_3_Price,17.40,lmprs,
11/26/2016,11/30/2016,2016,Nov,,7.47,2.1044,0.7367,2.8085,0.1750,0.00088,1.9092,0.9119,1.7596,,,0.3690,Announcement of Class and Component Prices (PDF),DYMCLASSPRICES,2991,Dairy MMR,DY-WA,Washington,DC,"Washington, DC",Washington,DC,FMMOS,FMMOS - non-mars,11/30/2016 13:04:41,2016,2016-NOV,class_3_Price,16.76,lmprs,
10/29/2016,11/02/2016,2016,Oct,,7.14,2.0493,0.7469,2.2975,0.1351,0.00079,1.8637,0.9222,1.5830,,,0.3303,Announcement of Class and Component Prices (PDF),DYMCLASSPRICES,2991,Dairy MMR,DY-WA,Washington,DC,"Washington, DC",Washington,DC,FMMOS,FMMOS - non-mars,11/02/2016 13:47:24,2016,2016-OCT,class_3_Price,14.82,lmprs,
10/01/2016,10/05/2016,2016,Sep,,6.79,2.3082,0.7097,2.5675,0.1096,0.00088,2.0775,0.8847,1.7514,,,0.3055,Announcement of Class and Component Prices (PDF),DYMCLASSPRICES,2991,Dairy MMR,DY-WA,Washington,DC,"Washington, DC",Washington,DC,FMMOS,FMMOS - non-mars,10/05/2016 13:04:16,2016,2016-SEP,class_3_Price,16.39,lmprs,
08/27/2016,08/31/2016,2016,Aug,,6.71,2.4873,0.6841,2.5738,0.0881,0.00091,2.2254,0.8588,1.8119,,,0.2846,Announcement of Class and Component Prices (PDF),DYMCLASSPRICES,2991,Dairy MMR,DY-WA,Washington,DC,"Washington, DC",Washington,DC,FMMOS,FMMOS - non-mars,08/31/2016 13:03:02,2016,2016-AUG,class_3_Price,16.91,lmprs,
07/30/2016,08/03/2016,2016,Jul,,6.27,2.5964,0.6618,1.9112,0.0774,0.00082,2.3155,0.8363,1.6419,,,0.2742,Announcement of Class and Component Prices (PDF),DYMCLASSPRICES,2991,Dairy MMR,DY-WA,Washington,DC,"Washington, DC",Washington,DC,FMMOS,FMMOS - non-mars,08/03/2016 13:09:56,2016,2016-JUL,class_3_Price,15.24,lmprs,
06/25/2016,06/29/2016,2016,Jun,,5.86,2.4109,0.6148,1.4807,0.0628,0.00072,2.1623,0.7888,1.4477,,,0.2601,Announcement of Class and Component Prices (PDF),DYMCLASSPRICES,2991,Dairy MMR,DY-WA,Washington,DC,"Washington, DC",Washington,DC,FMMOS,FMMOS - non-mars,06/29/2016 13:03:34,2016,2016-JUN,class_3_Price,13.22,lmprs,
05/28/2016,06/02/2016,2016,May,,5.71,2.2846,0.5870,1.4935,0.0529,0.00071,2.0580,0.7607,1.4104,,,0.2505,Announcement of Class and Component Prices (PDF),DYMCLASSPRICES,2991,Dairy MMR,DY-WA,Washington,DC,"Washington, DC",Washington,DC,FMMOS,FMMOS - non-mars,06/02/2016 13:14:45,2016,2016-MAY,class_3_Price,12.76,lmprs,
04/30/2016,05/04/2016,2016,Apr,,5.89,2.2376,0.5573,1.8450,0.0489,0.00075,2.0192,0.7307,1.5041,,,0.2466,Announcement of Class and Component Prices (PDF),DYMCLASSPRICES,2991,Dairy MMR,DY-WA,Washington,DC,"Washington, DC",Washington,DC,FMMOS,FMMOS - non-mars,05/04/2016 13:07:06,2016,2016-APR,class_3_Price,13.63,lmprs,
03/26/2016,03/30/2016,2016,Mar,,6.05,2.2028,0.5786,1.9206,0.0501,0.00076,1.9905,0.7522,1.5162,,,0.2477,Announcement of Class and Component Prices (PDF),DYMCLASSPRICES,2991,Dairy MMR,DY-WA,Washington,DC,"Washington, DC",Washington,DC,FMMOS,FMMOS - non-mars,03/30/2016 13:05:26,2016,2016-MAR,class_3_Price,13.74,lmprs,
02/27/2016,03/02/2016,2016,Feb,,6.17,2.3778,0.5951,1.7389,0.0492,0.00076,2.1350,0.7689,1.5170,,,0.2469,Announcement of Class and Component Prices (PDF),DYMCLASSPRICES,2991,Dairy MMR,DY-WA,Washington,DC,"Washington, DC",Washington,DC,FMMOS,FMMOS - non-mars,03/02/2016 13:14:46,2016,2016-FEB,class_3_Price,13.80,lmprs,
01/30/2016,02/03/2016,2016,Jan,,6.31,2.3062,0.6037,1.8169,0.0371,0.00076,2.0759,0.7776,1.5178,,,0.2351,Announcement of Class and Component Prices (PDF),DYMCLASSPRICES,2991,Dairy MMR,DY-WA,Washington,DC,"Washington, DC",Washington,DC,FMMOS,FMMOS - non-mars,02/03/2016 13:05:06,2016,2016-JAN,class_3_Price,13.72,lmprs,
12/26/2015,12/30/2015,2015,Dec,,6.75,2.9057,0.6153,1.3599,0.0355,0.00079,2.5709,0.7893,1.5719,,,0.2336,Announcement of Class and Component Prices (PDF),DYMCLASSPRICES,2991,Dairy MMR,DY-WA,Washington,DC,"Washington, DC",Washington,DC,FMMOS,FMMOS - non-mars,12/30/2015 13:04:22,2015,2015-DEC,class_3_Price,14.44,lmprs,
11/28/2015,12/02/2015,2015,Nov,,7.35,3.1830,0.6627,1.3205,0.0361,0.00083,2.7999,0.8372,1.6503,,,0.2341,Announcement of Class and Component Prices (PDF),DYMCLASSPRICES,2991,Dairy MMR,DY-WA,Washington,DC,"Washington, DC",Washington,DC,FMMOS,FMMOS - non-mars,12/02/2015 13:11:34,2015,2015-NOV,class_3_Price,15.30,lmprs,
10/31/2015,11/04/2015,2015,Oct,,6.46,2.9087,0.7200,1.7019,0.0328,0.00084,2.5734,0.8951,1.6790,,,0.2309,Announcement of Class and Component Prices (PDF),DYMCLASSPRICES,2991,Dairy MMR,DY-WA,Washington,DC,"Washington, DC",Washington,DC,FMMOS,FMMOS - non-mars,11/04/2015 13:33:23,2015,2015-OCT,class_3_Price,15.46,lmprs,
09/26/2015,09/30/2015,2015,Sep,,5.91,2.7531,0.6266,1.9801,0.0465,0.00086,2.4449,0.8007,1.7145,,,0.2442,Announcement of Class and Component Prices (PDF),DYMCLASSPRICES,2991,Dairy MMR,DY-WA,Washington,DC,"Washington, DC",Washington,DC,FMMOS,FMMOS - non-mars,09/30/2015 13:06:29,2015,2015-SEP,class_3_Price,15.82,lmprs,
08/29/2015,09/02/2015,2015,Aug,,6.82,2.2674,0.5707,2.5692,0.1151,0.00087,2.0438,0.7443,1.7386,,,0.3108,Announcement of Class and Component Prices (PDF),DYMCLASSPRICES,2991,Dairy MMR,DY-WA,Washington,DC,"Washington, DC",Washington,DC,FMMOS,FMMOS - non-mars,09/02/2015 13:02:58,2015,2015-AUG,class_3_Price,16.27,lmprs,
08/01/2015,08/05/2015,2015,Jul,,7.55,2.1125,0.6621,2.6070,0.2004,0.00085,1.9159,0.8366,1.6997,,,0.3937,Announcement of Class and Component Prices (PDF),DYMCLASSPRICES,2991,Dairy MMR,DY-WA,Washington,DC,"Washington, DC",Washington,DC,FMMOS,FMMOS - non-mars,08/05/2015 13:00:39,2015,2015-JUL,class_3_Price,16.33,lmprs,
06/27/2015,07/01/2015,2015,Jun,,7.66,2.1011,0.7529,2.6915,0.2322,0.00086,1.9065,0.9283,1.7222,,,0.4245,Announcement of Class and Component Prices (PDF),DYMCLASSPRICES,2991,Dairy MMR,DY-WA,Washington,DC,"Washington, DC",Washington,DC,FMMOS,FMMOS - non-mars,07/01/2015 13:32:09,2015,2015-JUN,class_3_Price,16.72,lmprs,
05/30/2015,06/03/2015,2015,May,,7.85,2.0599,0.7708,2.5206,0.2533,0.00083,1.8725,0.9464,1.6557,,,0.4450,Announcement of Class and Component Prices (PDF),DYMCLASSPRICES,2991,Dairy MMR,DY-WA,Washington,DC,"Washington, DC",Washington,DC,FMMOS,FMMOS - non-mars,06/03/2015 13:18:15,2015,2015-MAY,class_3_Price,16.19,lmprs,
04/25/2015,04/29/2015,2015,Apr,,8.63,1.8940,0.7926,2.5551,0.2698,0.00081,1.7355,0.9684,1.6122,,,0.4610,Announcement of Class and Component Prices (PDF),DYMCLASSPRICES,2991,Dairy MMR,DY-WA,Washington,DC,"Washington, DC",Washington,DC,FMMOS,FMMOS - non-mars,04/29/2015 13:10:22,2015,2015-APR,class_3_Price,15.81,lmprs,
03/28/2015,04/01/2015,2015,Mar,,8.31,1.8444,0.8454,2.4875,0.2918,0.00079,1.6945,1.0217,1.5750,,,0.4824,Announcement of Class and Component Prices (PDF),DYMCLASSPRICES,2991,Dairy MMR,DY-WA,Washington,DC,"Washington, DC",Washington,DC,FMMOS,FMMOS - non-mars,04/01/2015 13:31:23,2015,2015-MAR,class_3_Price,15.56,lmprs,
02/28/2015,03/04/2015,2015,Feb,,8.34,1.8296,0.8544,2.4051,0.3273,0.00077,1.6823,1.0308,1.5446,,,0.5169,Announcement of Class and Component Prices (PDF),DYMCLASSPRICES,2991,Dairy MMR,DY-WA,Washington,DC,"Washington, DC",Washington,DC,FMMOS,FMMOS - non-mars,03/04/2015 13:02:40,2015,2015-FEB,class_3_Price,15.46,lmprs,
01/31/2015,02/04/2015,2015,Jan,,10.63,1.6855,0.8439,2.6731,0.4001,0.00079,1.5633,1.0202,1.5807,,,0.5875,Announcement of Class and Component Prices (PDF),DYMCLASSPRICES,2991,Dairy MMR,DY-WA,Washington,DC,"Washington, DC",Washington,DC,FMMOS,FMMOS - non-mars,02/04/2015 13:08:32,2015,2015-JAN,class_3_Price,16.18,lmprs,
12/27/2014,12/31/2014,2014,Dec,,12.14,2.0991,1.0767,2.7387,0.3996,0.00087,1.9049,1.2554,1.7362,,,0.5871,Announcement of Class and Component Prices (PDF),DYMCLASSPRICES,2991,Dairy MMR,DY-WA,Washington,DC,"Washington, DC",Washington,DC,FMMOS,FMMOS - non-mars,12/31/2014 13:28:06,2014,2014-DEC,class_3_Price,17.82,lmprs,
11/29/2014,12/03/2014,2014,Nov,,12.62,2.2011,1.2102,3.9018,0.4505,0.00107,1.9891,1.3902,2.1305,,,0.6365,Announcement of Class and Component Prices (PDF),DYMCLASSPRICES,2991,Dairy MMR,DY-WA,Washington,DC,"Washington, DC",Washington,DC,FMMOS,FMMOS - non-mars,12/03/2014 13:13:21,2014,2014-NOV,class_3_Price,21.94,lmprs,
11/01/2014,11/05/2014,2014,Oct,,12.36,2.8507,1.3090,3.7362,0.4670,0.00115,2.5255,1.4900,2.2914,,,0.6525,Announcement of Class and Component Prices (PDF),DYMCLASSPRICES,2991,Dairy MMR,DY-WA,Washington,DC,"Washington, DC",Washington,DC,FMMOS,FMMOS - non-mars,11/05/2014 13:49:38,2014,2014-OCT,class_3_Price,23.82,lmprs,
09/27/2014,10/01/2014,2014,Sep,,15.26,3.2467,1.2910,3.4991,0.4876,0.00117,2.8525,1.4718,2.3472,,,0.6725,Announcement of Class and Component Prices (PDF),DYMCLASSPRICES,2991,Dairy MMR,DY-WA,Washington,DC,"Washington, DC",Washington,DC,FMMOS,FMMOS - non-mars,10/01/2014 13:37:58,2014,2014-SEP,class_3_Price,24.60,lmprs,
08/30/2014,09/04/2014,2014,Aug,,15.92,2.8448,1.6047,3.1496,0.5036,0.00105,2.5206,1.7887,2.1074,,,0.6880,Announcement of Class and Component Prices (PDF),DYMCLASSPRICES,2991,Dairy MMR,DY-WA,Washington,DC,"Washington, DC",Washington,DC,FMMOS,FMMOS - non-mars,09/04/2014 13:52:02,2014,2014-AUG,class_3_Price,22.25,lmprs,
07/26/2014,07/30/2014,2014,Jul,,15.71,2.6349,1.6770,3.1798,0.5046,0.00102,2.3473,1.8617,2.0482,,,0.6890,Announcement of Class and Component Prices (PDF),DYMCLASSPRICES,2991,Dairy MMR,DY-WA,Washington,DC,"Washington, DC",Washington,DC,FMMOS,FMMOS - non-mars,07/30/2014 13:22:12,2014,2014-JUL,class_3_Price,21.60,lmprs,
06/28/2014,07/02/2014,2014,Jun,,15.93,2.4413,1.6785,3.3437,0.4942,0.00102,2.1874,1.8633,2.0358,,,0.6789,Announcement of Class and Component Prices (PDF),DYMCLASSPRICES,2991,Dairy MMR,DY-WA,Washington,DC,"Washington, DC",Washington,DC,FMMOS,FMMOS - non-mars,07/02/2014 13:05:55,2014,2014-JUN,class_3_Price,21.36,lmprs,
05/31/2014,06/04/2014,2014,May,,17.06,2.2721,1.6919,3.9553,0.4897,0.00109,2.0477,1.8768,2.1703,,,0.6745,Announcement of Class and Component Prices (PDF),DYMCLASSPRICES,2991,Dairy MMR,DY-WA,Washington,DC,"Washington, DC",Washington,DC,FMMOS,FMMOS - non-mars,06/04/2014 13:47:22,2014,2014-MAY,class_3_Price,22.57,lmprs,
04/26/2014,04/30/2014,2014,Apr,,17.92,2.1207,1.8328,4.7089,0.4926,0.00118,1.9227,2.0191,2.3547,,,0.6774,Announcement of Class and Component Prices (PDF),DYMCLASSPRICES,2991,Dairy MMR,DY-WA,Washington,DC,"Washington, DC",Washington,DC,FMMOS,FMMOS - non-mars,04/30/2014 14:03:41,2014,2014-APR,class_3_Price,24.31,lmprs,
03/29/2014,04/02/2014,2014,Mar,,17.67,2.0402,1.9027,4.5172,0.4700,0.00113,1.8562,2.0897,2.2689,,,0.6554,Announcement of Class and Component Prices (PDF),DYMCLASSPRICES,2991,Dairy MMR,DY-WA,Washington,DC,"Washington, DC",Washington,DC,FMMOS,FMMOS - non-mars,04/02/2014 13:03:12,2014,2014-MAR,class_3_Price,23.33,lmprs,
03/01/2014,03/05/2014,2014,Feb,,17.27,2.0109,1.8914,4.6044,0.4453,0.00114,1.8320,2.0783,2.2864,,,0.6314,Announcement of Class and Component Prices (PDF),DYMCLASSPRICES,2991,Dairy MMR,DY-WA,Washington,DC,"Washington, DC",Washington,DC,FMMOS,FMMOS - non-mars,03/05/2014 13:32:06,2014,2014-FEB,class_3_Price,23.35,lmprs,
02/01/2014,02/05/2014,2014,Jan,,16.51,1.7874,1.8470,4.1870,0.4155,0.00104,1.6475,2.0335,2.0838,,,0.6025,Announcement of Class and Component Prices (PDF),DYMCLASSPRICES,2991,Dairy MMR,DY-WA,Washington,DC,"Washington, DC",Washington,DC,FMMOS,FMMOS - non-mars,02/05/2014 13:33:25,2014,2014-JAN,class_3_Price,21.15,lmprs,
12/28/2013,01/02/2014,2013,Dec,,16.01,1.7672,1.7680,3.5390,0.3826,0.00094,1.6308,1.9537,1.8761,,,0.5706,Announcement of Class and Component Prices (PDF),DYMCLASSPRICES,2991,Dairy MMR,DY-WA,Washington,DC,"Washington, DC",Washington,DC,FMMOS,FMMOS - non-mars,01/02/2014 13:04:33,2013,2013-DEC,class_3_Price,18.95,lmprs,
11/30/2013,12/04/2013,2013,Nov,,15.56,1.6336,1.7042,3.6316,0.3955,0.00093,1.5205,1.8892,1.8612,,,0.5831,Announcement of Class and Component Prices (PDF),DYMCLASSPRICES,2991,Dairy MMR,DY-WA,Washington,DC,"Washington, DC",Washington,DC,FMMOS,FMMOS - non-mars,12/04/2013 13:42:24,2013,2013-NOV,class_3_Price,18.83,lmprs,
10/26/2013,10/30/2013,2013,Oct,,15.25,1.6638,1.6521,3.4107,0.3852,0.00090,1.5454,1.8366,1.8025,,,0.5731,Announcement of Class and Component Prices (PDF),DYMCLASSPRICES,2991,Dairy MMR,DY-WA,Washington,DC,"Washington, DC",Washington,DC,FMMOS,FMMOS - non-mars,10/30/2013 13:29:32,2013,2013-OCT,class_3_Price,18.22,lmprs,
09/28/2013,10/18/2013,2013,Sep,,14.96,1.5196,1.6243,3.5419,0.3914,0.00090,1.4263,1.8085,1.7961,,,0.5791,Announcement of Class and Component Prices (PDF),DYMCLASSPRICES,2991,Dairy MMR,DY-WA,Washington,DC,"Washington, DC",Washington,DC,FMMOS,FMMOS - non-mars,10/18/2013 10:41:45,2013,2013-SEP,class_3_Price,18.14,lmprs,
08/31/2013,09/05/2013,2013,Aug,,14.47,1.5104,1.5868,3.4775,0.3901,0.00089,1.4187,1.7706,1.7731,,,0.5778,Announcement of Class and Component Prices (PDF),DYMCLASSPRICES,2991,Dairy MMR,DY-WA,Washington,DC,"Washington, DC",Washington,DC,FMMOS,FMMOS - non-mars,09/05/2013 13:06:42,2013,2013-AUG,class_3_Price,17.91,lmprs,
07/27/2013,07/31/2013,2013,Jul,,14.20,1.5693,1.5438,3.2257,0.3927,0.00086,1.4674,1.7272,1.7142,,,0.5804,Announcement of Class and Component Prices (PDF),DYMCLASSPRICES,2991,Dairy MMR,DY-WA,Washington,DC,"Washington, DC",Washington,DC,FMMOS,FMMOS - non-mars,07/31/2013 13:04:38,2013,2013-JUL,class_3_Price,17.38,lmprs,
06/29/2013,07/03/2013,2013,Jun,,13.79,1.6599,1.5048,3.3455,0.3859,0.00089,1.5422,1.6878,1.7810,,,0.5738,Announcement of Class and Component Prices (PDF),DYMCLASSPRICES,2991,Dairy MMR,DY-WA,Washington,DC,"Washington, DC",Washington,DC,FMMOS,FMMOS - non-mars,07/03/2013 13:07:05,2013,2013-JUN,class_3_Price,18.02,lmprs,
06/01/2013,06/05/2013,2013,May,,12.59,1.7884,1.4549,3.3597,0.3887,0.00091,1.6483,1.6374,1.8274,,,0.5765,Announcement of Class and Component Prices (PDF),DYMCLASSPRICES,2991,Dairy MMR,DY-WA,Washington,DC,"Washington, DC",Washington,DC,FMMOS,FMMOS - non-mars,06/05/2013 13:37:51,2013,2013-MAY,class_3_Price,18.52,lmprs,
04/27/2013,05/01/2013,2013,Apr,,12.77,1.8227,1.3498,3.0130,0.3863,0.00087,1.6766,1.5312,1.7310,,,0.5741,Announcement of Class and Component Prices (PDF),DYMCLASSPRICES,2991,Dairy MMR,DY-WA,Washington,DC,"Washington, DC",Washington,DC,FMMOS,FMMOS - non-mars,05/01/2013 13:31:51,2013,2013-APR,class_3_Price,17.59,lmprs,
03/30/2013,04/03/2013,2013,Mar,,13.14,1.7476,1.3395,2.8204,0.4179,0.00082,1.6146,1.5208,1.6467,,,0.6048,Announcement of Class and Component Prices (PDF),DYMCLASSPRICES,2991,Dairy MMR,DY-WA,Washington,DC,"Washington, DC",Washington,DC,FMMOS,FMMOS - non-mars,04/03/2013 13:36:29,2013,2013-MAR,class_3_Price,16.93,lmprs,
02/23/2013,02/27/2013,2013,Feb,,13.11,1.6619,1.3742,2.9609,0.4534,0.00083,1.5438,1.5559,1.6623,,,0.6393,Announcement of Class and Component Prices (PDF),DYMCLASSPRICES,2991,Dairy MMR,DY-WA,Washington,DC,"Washington, DC",Washington,DC,FMMOS,FMMOS - non-mars,02/27/2013 13:03:22,2013,2013-FEB,class_3_Price,17.25,lmprs,
01/26/2013,01/30/2013,2013,Jan,,12.96,1.6168,1.3784,3.2862,0.4647,0.00087,1.5066,1.5601,1.7485,,,0.6503,Announcement of Class and Component Prices (PDF),DYMCLASSPRICES,2991,Dairy MMR,DY-WA,Washington,DC,"Washington, DC",Washington,DC,FMMOS,FMMOS - non-mars,01/30/2013 13:50:34,2013,2013-JAN,class_3_Price,18.14,lmprs,
12/29/2012,01/03/2013,2012,Dec,,12.67,1.7276,1.3569,3.3113,0.4758,0.00090,1.5981,1.5384,1.7925,,,0.6610,Announcement of Class and Component Prices (PDF),DYMCLASSPRICES,2991,Dairy MMR,DY-WA,Washington,DC,"Washington, DC",Washington,DC,FMMOS,FMMOS - non-mars,01/03/2013 13:44:27,2012,2012-DEC,class_3_Price,18.66,lmprs,
12/01/2012,12/05/2012,2012,Nov,,12.13,2.0218,1.3330,3.7172,0.4624,0.00101,1.8410,1.5143,2.0146,,,0.6480,Announcement of Class and Component Prices (PDF),DYMCLASSPRICES,2991,Dairy MMR,DY-WA,Washington,DC,"Washington, DC",Washington,DC,FMMOS,FMMOS - non-mars,12/05/2012 13:44:59,2012,2012-NOV,class_3_Price,20.83,lmprs,
10/27/2012,10/31/2012,2012,Oct,,11.42,2.1136,1.2828,3.7278,0.4340,0.00102,1.9168,1.4636,2.0479,,,0.6205,Announcement of Class and Component Prices (PDF),DYMCLASSPRICES,2991,Dairy MMR,DY-WA,Washington,DC,"Washington, DC",Washington,DC,FMMOS,FMMOS - non-mars,10/31/2012 13:24:09,2012,2012-OCT,class_3_Price,21.02,lmprs,
09/29/2012,10/03/2012,2012,Sep,,10.36,2.0047,1.1969,3.2521,0.3971,0.00093,1.8269,1.3768,1.8647,,,0.5846,Announcement of Class and Component Prices (PDF),DYMCLASSPRICES,2991,Dairy MMR,DY-WA,Washington,DC,"Washington, DC",Washington,DC,FMMOS,FMMOS - non-mars,10/03/2012 13:08:44,2012,2012-SEP,class_3_Price,19.00,lmprs,
08/25/2012,08/29/2012,2012,Aug,,9.53,1.8339,1.0756,3.1211,0.3462,0.00088,1.6859,1.2543,1.7682,,,0.5352,Announcement of Class and Component Prices (PDF),DYMCLASSPRICES,2991,Dairy MMR,DY-WA,Washington,DC,"Washington, DC",Washington,DC,FMMOS,FMMOS - non-mars,08/29/2012 13:03:29,2012,2012-AUG,class_3_Price,17.73,lmprs,
07/28/2012,08/01/2012,2012,Jul,,9.01,1.6556,0.9965,3.0430,0.3123,0.00084,1.5386,1.1744,1.6857,,,0.5023,Announcement of Class and Component Prices (PDF),DYMCLASSPRICES,2991,Dairy MMR,DY-WA,Washington,DC,"Washington, DC",Washington,DC,FMMOS,FMMOS - non-mars,08/01/2012 13:30:51,2012,2012-JUL,class_3_Price,16.68,lmprs,
06/30/2012,07/05/2012,2012,Jun,,9.42,1.4866,0.9252,2.8952,0.3113,0.00079,1.3991,1.1023,1.5846,,,0.5013,Announcement of Class and Component Prices (PDF),DYMCLASSPRICES,2991,Dairy MMR,DY-WA,Washington,DC,"Washington, DC",Washington,DC,FMMOS,FMMOS - non-mars,07/05/2012 13:47:57,2012,2012-JUN,class_3_Price,15.63,lmprs,
05/26/2012,05/31/2012,2012,May,,10.47,1.4462,0.9774,2.7344,0.3500,0.00076,1.3657,1.1551,1.5215,,,0.5389,Announcement of Class and Component Prices (PDF),DYMCLASSPRICES,2991,Dairy MMR,DY-WA,Washington,DC,"Washington, DC",Washington,DC,FMMOS,FMMOS - non-mars,05/31/2012 13:26:26,2012,2012-MAY,class_3_Price,15.23,lmprs,
04/28/2012,05/02/2012,2012,Apr,,11.09,1.5645,1.0728,2.6568,0.4048,0.00077,1.4634,1.2514,1.5361,,,0.5921,Announcement of Class and Component Prices (PDF),DYMCLASSPRICES,2991,Dairy MMR,DY-WA,Washington,DC,"Washington, DC",Washington,DC,FMMOS,FMMOS - non-mars,05/02/2012 13:55:44,2012,2012-APR,class_3_Price,15.72,lmprs,
03/24/2012,04/02/2012,2012,Mar,,,,,,0.0000,,,,,,,,Announcement of Class and Component Prices (PDF),DYMCLASSPRICES,2991,Dairy MMR,DY-WA,Washington,DC,"Washington, DC",Washington,DC,FMMOS,FMMOS - non-mars,04/02/2012 09:28:22,2012,2012-MAR,class_3_Price,,lmprs,
04/25/2026,04/29/2026,2026,Apr,,12.70,1.8692,1.5241,2.5190,0.3888,0.00082,1.7707,1.7788,1.6427,,,0.6443,Announcement of Class and Component Prices (PDF),DYMCLASSPRICES,2991,Dairy MMR,DY-WA,Washington,DC,"Washington, DC",Washington,DC,FMMOS,FMMOS - non-mars,04/29/2026 13:05:26,2026,2026-APR,class_3_skim_milk_Price,10.65,lmprs,
03/28/2026,04/01/2026,2026,Mar,,10.61,2.0220,1.3215,2.0905,0.4178,0.00078,1.8969,1.5741,1.5607,,,0.6724,Announcement of Class and Component Prices (PDF),DYMCLASSPRICES,2991,Dairy MMR,DY-WA,Washington,DC,"Washington, DC",Washington,DC,FMMOS,FMMOS - non-mars,04/01/2026 13:05:21,2026,2026-MAR,class_3_skim_milk_Price,9.41,lmprs,
02/28/2026,03/04/2026,2026,Feb,,9.42,1.7794,1.1220,1.9373,0.4391,0.00072,1.6966,1.3726,1.4338,,,0.6931,Announcement of Class and Component Prices (PDF),DYMCLASSPRICES,2991,Dairy MMR,DY-WA,Washington,DC,"Washington, DC",Washington,DC,FMMOS,FMMOS - non-mars,03/04/2026 12:54:48,2026,2026-FEB,class_3_skim_milk_Price,9.03,lmprs,
01/31/2026,02/04/2026,2026,Jan,,9.13,1.4525,0.9433,2.1768,0.4448,0.00070,1.4266,1.1921,1.4003,,,0.6986,Announcement of Class and Component Prices (PDF),DYMCLASSPRICES,2991,Dairy MMR,DY-WA,Washington,DC,"Washington, DC",Washington,DC,FMMOS,FMMOS - non-mars,02/04/2026 13:08:03,2026,2026-JAN,class_3_skim_milk_Price,9.85,lmprs,
12/27/2025,12/31/2025,2025,Dec,,9.19,1.5761,0.9057,2.4563,0.4352,0.00076,1.5287,1.1541,1.5271,,,0.6893,Announcement of Class and Component Prices (PDF),DYMCLASSPRICES,2991,Dairy MMR,DY-WA,Washington,DC,"Washington, DC",Washington,DC,FMMOS,FMMOS - non-mars,12/31/2025 13:05:26,2025,2025-DEC,class_3_skim_milk_Price,10.72,lmprs,
11/29/2025,12/03/2025,2025,Nov,,8.85,1.7061,0.9124,3.0143,0.3859,0.00087,1.6360,1.1609,1.7419,,,0.6415,Announcement of Class and Component Prices (PDF),DYMCLASSPRICES,2991,Dairy MMR,DY-WA,Washington,DC,"Washington, DC",Washington,DC,FMMOS,FMMOS - non-mars,12/03/2025 13:02:43,2025,2025-NOV,class_3_skim_milk_Price,11.62,lmprs,
11/01/2025,11/05/2025,2025,Oct,,9.96,1.8252,0.9116,2.8761,0.3360,0.00087,1.7344,1.1601,1.7384,,,0.5930,Announcement of Class and Component Prices (PDF),DYMCLASSPRICES,2991,Dairy MMR,DY-WA,Washington,DC,"Washington, DC",Washington,DC,FMMOS,FMMOS - non-mars,11/05/2025 13:05:19,2025,2025-OCT,class_3_skim_milk_Price,10.90,lmprs,
09/27/2025,10/01/2025,2025,Sep,,10.04,2.1925,0.9773,2.7062,0.3207,0.00090,2.0377,1.2265,1.8066,,,0.5782,Announcement of Class and Component Prices (PDF),DYMCLASSPRICES,2991,Dairy MMR,DY-WA,Washington,DC,"Washington, DC",Washington,DC,FMMOS,FMMOS - non-mars,10/01/2025 13:05:44,2025,2025-SEP,class_3_skim_milk_Price,10.28,lmprs,
08/30/2025,09/04/2025,2025,Aug,,9.96,2.7255,1.0323,1.9646,0.3204,0.00088,2.4778,1.2820,1.7529,,,0.5779,Announcement of Class and Component Prices (PDF),DYMCLASSPRICES,2991,Dairy MMR,DY-WA,Washington,DC,"Washington, DC",Washington,DC,FMMOS,FMMOS - non-mars,09/04/2025 13:05:39,2025,2025-AUG,class_3_skim_milk_Price,7.98,lmprs,
07/26/2025,07/30/2025,2025,Jul,,9.67,2.8435,1.0286,1.8730,0.3092,0.00088,2.5753,1.2783,1.7634,,,0.5670,Announcement of Class and Component Prices (PDF),DYMCLASSPRICES,2991,Dairy MMR,DY-WA,Washington,DC,"Washington, DC",Washington,DC,FMMOS,FMMOS - non-mars,07/30/2025 13:05:25,2025,2025-JUL,class_3_skim_milk_Price,7.63,lmprs,
06/28/2025,07/02/2025,2025,Jun,,9.14,2.7378,1.0037,2.5328,0.2914,0.00097,2.4880,1.2531,1.9322,,,0.5497,Announcement of Class and Component Prices (PDF),DYMCLASSPRICES,2991,Dairy MMR,DY-WA,Washington,DC,"Washington, DC",Washington,DC,FMMOS,FMMOS - non-mars,07/02/2025 13:05:29,2025,2025-JUN,class_3_skim_milk_Price,9.57,lmprs,
05/31/2025,06/04/2025,2025,May,,9.72,2.6627,1.0145,2.4810,0.3222,0.00092,2.3703,1.1925,1.8404,1.8177,1.8284,0.5119,Announcement of Class and Component Prices (PDF),DYMCLASSPRICES,2991,Dairy MMR,DY-WA,Washington,DC,"Washington, DC",Washington,DC,FMMOS,FMMOS - non-mars,06/04/2025 13:05:20,2025,2025-MAY,class_3_skim_milk_Price,9.59,lmprs,
04/26/2025,04/30/2025,2025,Apr,,10.31,2.6406,0.9994,2.1682,0.3087,0.00087,2.3520,1.1773,1.7361,1.7117,1.7244,0.4988,Announcement of Class and Component Prices (PDF),DYMCLASSPRICES,2991,Dairy MMR,DY-WA,Washington,DC,"Washington, DC",Washington,DC,FMMOS,FMMOS - non-mars,04/30/2025 13:04:13,2025,2025-APR,class_3_skim_milk_Price,8.54,lmprs,
03/29/2025,04/02/2025,2025,Mar,,11.31,2.6242,1.0393,2.4606,0.3647,0.00091,2.3385,1.2176,1.8215,1.8420,1.7732,0.5532,Announcement of Class and Component Prices (PDF),DYMCLASSPRICES,2991,Dairy MMR,DY-WA,Washington,DC,"Washington, DC",Washington,DC,FMMOS,FMMOS - non-mars,04/02/2025 13:05:07,2025,2025-MAR,class_3_skim_milk_Price,9.78,lmprs,
03/01/2025,03/05/2025,2025,Feb,,11.60,2.8186,1.1552,2.5337,0.4799,0.00095,2.4990,1.3347,1.9077,1.9158,1.8707,0.6650,Announcement of Class and Component Prices (PDF),DYMCLASSPRICES,2991,Dairy MMR,DY-WA,Washington,DC,"Washington, DC",Washington,DC,FMMOS,FMMOS - non-mars,03/05/2025 13:05:17,2025,2025-FEB,class_3_skim_milk_Price,10.69,lmprs,
02/01/2025,02/05/2025,2025,Jan,,11.65,2.9460,1.2002,2.3267,0.5384,0.00094,2.6042,1.3801,1.8851,1.8954,1.8477,0.7218,Announcement of Class and Component Prices (PDF),DYMCLASSPRICES,2991,Dairy MMR,DY-WA,Washington,DC,"Washington, DC",Washington,DC,FMMOS,FMMOS - non-mars,02/05/2025 13:05:17,2025,2025-JAN,class_3_skim_milk_Price,10.39,lmprs,
12/28/2024,01/02/2025,2024,Dec,,11.47,2.9104,1.2151,1.9637,0.4493,0.00088,2.5748,1.3952,1.7608,1.7583,1.7326,0.6353,Announcement of Class and Component Prices (PDF),DYMCLASSPRICES,2991,Dairy MMR,DY-WA,Washington,DC,"Washington, DC",Washington,DC,FMMOS,FMMOS - non-mars,01/02/2025 13:05:22,2024,2024-DEC,class_3_skim_milk_Price,8.74,lmprs,
11/30/2024,12/04/2024,2024,Nov,,11.17,3.0623,1.1974,2.3160,0.4049,0.00096,2.7002,1.3773,1.9198,1.9096,1.8973,0.5922,Announcement of Class and Component Prices (PDF),DYMCLASSPRICES,2991,Dairy MMR,DY-WA,Washington,DC,"Washington, DC",Washington,DC,FMMOS,FMMOS - non-mars,12/04/2024 13:05:26,2024,2024-NOV,class_3_skim_milk_Price,9.57,lmprs,
10/26/2024,10/30/2024,2024,Oct,,10.56,3.0851,1.1628,3.3238,0.3705,0.00112,2.7191,1.3423,2.2400,2.1605,2.2760,0.5588,Announcement of Class and Component Prices (PDF),DYMCLASSPRICES,2991,Dairy MMR,DY-WA,Washington,DC,"Washington, DC",Washington,DC,FMMOS,FMMOS - non-mars,10/30/2024 13:05:20,2024,2024-OCT,class_3_skim_milk_Price,12.49,lmprs,
09/28/2024,10/02/2024,2024,Sep,,10.09,3.6114,1.1109,2.9249,0.3430,0.00114,3.1537,1.2899,2.2882,2.2013,2.3319,0.5321,Announcement of Class and Component Prices (PDF),DYMCLASSPRICES,2991,Dairy MMR,DY-WA,Washington,DC,"Washington, DC",Washington,DC,FMMOS,FMMOS - non-mars,10/02/2024 13:05:28,2024,2024-SEP,class_3_skim_milk_Price,11.09,lmprs,
08/31/2024,09/05/2024,2024,Aug,,9.90,3.5632,1.0484,2.1756,0.2959,0.00102,3.1139,1.2268,2.0399,1.9812,2.0573,0.4864,Announcement of Class and Component Prices (PDF),DYMCLASSPRICES,2991,Dairy MMR,DY-WA,Washington,DC,"Washington, DC",Washington,DC,FMMOS,FMMOS - non-mars,09/05/2024 13:04:24,2024,2024-AUG,class_3_skim_milk_Price,8.49,lmprs,
07/27/2024,07/31/2024,2024,Jul,,9.63,3.5720,1.0149,1.9466,0.2571,0.00099,3.1211,1.1930,1.9717,1.9458,1.9635,0.4487,Announcement of Class and Component Prices (PDF),DYMCLASSPRICES,2991,Dairy MMR,DY-WA,Washington,DC,"Washington, DC",Washington,DC,FMMOS,FMMOS - non-mars,07/31/2024 13:05:31,2024,2024-JUL,class_3_skim_milk_Price,7.55,lmprs,
06/29/2024,07/03/2024,2024,Jun,,9.50,3.5444,0.9991,2.0546,0.2326,0.00100,3.0983,1.1770,1.9962,1.9154,2.0345,0.4249,Announcement of Class and Component Prices (PDF),DYMCLASSPRICES,2991,Dairy MMR,DY-WA,Washington,DC,"Washington, DC",Washington,DC,FMMOS,FMMOS - non-mars,07/03/2024 13:04:46,2024,2024-JUN,class_3_skim_milk_Price,7.74,lmprs,
06/01/2024,06/05/2024,2024,May,,9.69,3.4636,0.9647,1.7349,0.2181,0.00094,3.0316,1.1422,1.8706,1.8062,1.8952,0.4108,Announcement of Class and Component Prices (PDF),DYMCLASSPRICES,2991,Dairy MMR,DY-WA,Washington,DC,"Washington, DC",Washington,DC,FMMOS,FMMOS - non-mars,06/05/2024 13:05:24,2024,2024-MAY,class_3_skim_milk_Price,6.66,lmprs,
04/27/2024,05/01/2024,2024,Apr,,9.89,3.3309,0.9730,0.8345,0.2367,0.00077,2.9220,1.1506,1.5478,1.5170,1.5447,0.4289,Announcement of Class and Component Prices (PDF),DYMCLASSPRICES,2991,Dairy MMR,DY-WA,Washington,DC,"Washington, DC",Washington,DC,FMMOS,FMMOS - non-mars,05/01/2024 13:05:25,2024,2024-APR,class_3_skim_milk_Price,3.98,lmprs,
03/30/2024,04/03/2024,2024,Mar,,10.11,3.2385,1.0083,1.1265,0.2881,0.00080,2.8457,1.1863,1.6082,1.5730,1.6085,0.4788,Announcement of Class and Component Prices (PDF),DYMCLASSPRICES,2991,Dairy MMR,DY-WA,Washington,DC,"Washington, DC",Washington,DC,FMMOS,FMMOS - non-mars,04/03/2024 13:05:20,2024,2024-MAR,class_3_skim_milk_Price,5.19,lmprs,
02/24/2024,02/28/2024,2024,Feb,,9.99,3.1031,1.0343,1.2255,0.2738,0.00080,2.7339,1.2125,1.5947,1.6021,1.5586,0.4649,Announcement of Class and Component Prices (PDF),DYMCLASSPRICES,2991,Dairy MMR,DY-WA,Washington,DC,"Washington, DC",Washington,DC,FMMOS,FMMOS - non-mars,02/28/2024 13:05:37,2024,2024-FEB,class_3_skim_milk_Price,5.41,lmprs,
01/27/2024,01/31/2024,2024,Jan,,9.95,2.9765,1.0330,1.1265,0.2417,0.00076,2.6294,1.2112,1.5226,1.5260,1.4895,0.4338,Announcement of Class and Component Prices (PDF),DYMCLASSPRICES,2991,Dairy MMR,DY-WA,Washington,DC,"Washington, DC",Washington,DC,FMMOS,FMMOS - non-mars,01/31/2024 13:10:03,2024,2024-JAN,class_3_skim_milk_Price,4.92,lmprs,
12/30/2023,01/04/2024,2023,Dec,,9.78,2.9778,1.0144,1.4499,0.2242,0.00081,2.6305,1.1924,1.6234,1.6385,1.5813,0.4168,Announcement of Class and Component Prices (PDF),DYMCLASSPRICES,2991,Dairy MMR,DY-WA,Washington,DC,"Washington, DC",Washington,DC,FMMOS,FMMOS - non-mars,01/04/2024 13:04:47,2023,2023-DEC,class_3_skim_milk_Price,5.82,lmprs,
11/25/2023,11/29/2023,2023,Nov,,9.40,3.4608,1.0080,1.3238,0.1895,0.00087,3.0293,1.1860,1.7421,1.7511,1.7034,0.3831,Announcement of Class and Component Prices (PDF),DYMCLASSPRICES,2991,Dairy MMR,DY-WA,Washington,DC,"Washington, DC",Washington,DC,FMMOS,FMMOS - non-mars,11/29/2023 13:05:36,2023,2023-NOV,class_3_skim_milk_Price,5.22,lmprs,
10/28/2023,11/01/2023,2023,Oct,,9.25,3.7144,0.9781,1.0468,0.1243,0.00087,3.2387,1.1558,1.7390,1.8044,1.6502,0.3198,Announcement of Class and Component Prices (PDF),DYMCLASSPRICES,2991,Dairy MMR,DY-WA,Washington,DC,"Washington, DC",Washington,DC,FMMOS,FMMOS - non-mars,11/01/2023 13:05:20,2023,2023-OCT,class_3_skim_milk_Price,3.98,lmprs,
09/30/2023,10/04/2023,2023,Sep,,9.34,3.1264,0.9382,2.3027,0.0992,0.00097,2.7532,1.1155,1.9366,1.9895,1.8616,0.2954,Announcement of Class and Component Prices (PDF),DYMCLASSPRICES,2991,Dairy MMR,DY-WA,Washington,DC,"Washington, DC",Washington,DC,FMMOS,FMMOS - non-mars,10/04/2023 13:05:28,2023,2023-SEP,class_3_skim_milk_Price,7.72,lmprs,
08/26/2023,08/30/2023,2023,Aug,,9.65,3.0218,0.9599,2.0851,0.0648,0.00092,2.6668,1.1374,1.8349,1.8625,1.7764,0.2620,Announcement of Class and Component Prices (PDF),DYMCLASSPRICES,2991,Dairy MMR,DY-WA,Washington,DC,"Washington, DC",Washington,DC,FMMOS,FMMOS - non-mars,08/30/2023 13:05:53,2023,2023-AUG,class_3_skim_milk_Price,6.85,lmprs,
07/29/2023,08/02/2023,2023,Jul,,9.64,2.7986,0.9746,1.1991,0.0689,0.00074,2.4825,1.1522,1.4870,1.4614,1.4789,0.2660,Announcement of Class and Component Prices (PDF),DYMCLASSPRICES,2991,Dairy MMR,DY-WA,Washington,DC,"Washington, DC",Washington,DC,FMMOS,FMMOS - non-mars,08/02/2023 13:05:22,2023,2023-JUL,class_3_skim_milk_Price,4.12,lmprs,
06/24/2023,06/28/2023,2023,Jun,,9.48,2.7605,0.9896,1.5144,0.1266,0.00079,2.4510,1.1674,1.5724,1.5568,1.5561,0.3220,Announcement of Class and Component Prices (PDF),DYMCLASSPRICES,2991,Dairy MMR,DY-WA,Washington,DC,"Washington, DC",Washington,DC,FMMOS,FMMOS - non-mars,06/28/2023 13:06:22,2023,2023-JUN,class_3_skim_milk_Price,5.44,lmprs,
05/27/2023,06/01/2023,2023,May,,9.78,2.7572,0.9729,1.8002,0.1877,0.00083,2.4483,1.1505,1.6600,1.7277,1.5715,0.3813,Announcement of Class and Component Prices (PDF),DYMCLASSPRICES,2991,Dairy MMR,DY-WA,Washington,DC,"Washington, DC",Washington,DC,FMMOS,FMMOS - non-mars,06/01/2023 13:05:28,2023,2023-MAY,class_3_skim_milk_Price,6.69,lmprs,
04/29/2023,05/03/2023,2023,Apr,,10.07,2.7009,0.9774,2.5603,0.2479,0.00094,2.4018,1.1551,1.8775,1.9406,1.7942,0.4398,Announcement of Class and Component Prices (PDF),DYMCLASSPRICES,2991,Dairy MMR,DY-WA,Washington,DC,"Washington, DC",Washington,DC,FMMOS,FMMOS - non-mars,05/03/2023 13:06:24,2023,2023-APR,class_3_skim_milk_Price,9.40,lmprs,
04/01/2023,04/05/2023,2023,Mar,,10.30,2.7300,1.0154,2.4085,0.2338,0.00092,2.4258,1.1935,1.8399,1.9503,1.7188,0.4261,Announcement of Class and Component Prices (PDF),DYMCLASSPRICES,2991,Dairy MMR,DY-WA,Washington,DC,"Washington, DC",Washington,DC,FMMOS,FMMOS - non-mars,04/05/2023 13:05:21,2023,2023-MAR,class_3_skim_milk_Price,8.85,lmprs,
02/25/2023,03/01/2023,2023,Feb,,11.70,2.7178,1.0766,2.3650,0.2101,0.00091,2.4158,1.2553,1.8224,1.9874,1.6602,0.4031,Announcement of Class and Component Prices (PDF),DYMCLASSPRICES,2991,Dairy MMR,DY-WA,Washington,DC,"Washington, DC",Washington,DC,FMMOS,FMMOS - non-mars,03/01/2023 13:05:11,2023,2023-FEB,class_3_skim_milk_Price,8.57,lmprs,
01/28/2023,02/01/2023,2023,Jan,,12.32,2.7713,1.1864,2.8058,0.2343,0.00099,2.4599,1.3662,1.9767,2.1147,1.8226,0.4266,Announcement of Class and Component Prices (PDF),DYMCLASSPRICES,2991,Dairy MMR,DY-WA,Washington,DC,"Washington, DC",Washington,DC,FMMOS,FMMOS - non-mars,02/01/2023 13:04:20,2023,2023-JAN,class_3_skim_milk_Price,10.08,lmprs,
12/31/2022,01/05/2023,2022,Dec,,12.48,3.1539,1.2752,2.6568,0.2652,0.00103,2.7759,1.4559,2.0555,2.1594,1.9293,0.4566,Announcement of Class and Component Prices (PDF),DYMCLASSPRICES,2991,Dairy MMR,DY-WA,Washington,DC,"Washington, DC",Washington,DC,FMMOS,FMMOS - non-mars,01/05/2023 13:01:32,2022,2022-DEC,class_3_skim_milk_Price,9.80,lmprs,
11/26/2022,11/30/2022,2022,Nov,,13.31,3.3720,1.3233,2.5374,0.2837,0.00104,2.9560,1.5045,2.0897,2.0748,2.0744,0.4745,Announcement of Class and Component Prices (PDF),DYMCLASSPRICES,2991,Dairy MMR,DY-WA,Washington,DC,"Washington, DC",Washington,DC,FMMOS,FMMOS - non-mars,11/30/2022 13:08:10,2022,2022-NOV,class_3_skim_milk_Price,9.54,lmprs,
10/29/2022,11/02/2022,2022,Oct,,13.37,3.6567,1.4000,2.4512,0.2952,0.00108,3.1911,1.5819,2.1560,2.0453,2.2210,0.4857,Announcement of Class and Component Prices (PDF),DYMCLASSPRICES,2991,Dairy MMR,DY-WA,Washington,DC,"Washington, DC",Washington,DC,FMMOS,FMMOS - non-mars,11/02/2022 13:05:49,2022,2022-OCT,class_3_skim_milk_Price,9.34,lmprs,
10/01/2022,10/05/2022,2022,Sep,,14.52,3.5653,1.3984,1.8847,0.2998,0.00098,3.1156,1.5803,1.9503,1.8835,1.9830,0.4902,Announcement of Class and Component Prices (PDF),DYMCLASSPRICES,2991,Dairy MMR,DY-WA,Washington,DC,"Washington, DC",Washington,DC,FMMOS,FMMOS - non-mars,10/05/2022 13:05:11,2022,2022-SEP,class_3_skim_milk_Price,7.61,lmprs,
08/27/2022,08/31/2022,2022,Aug,,15.53,3.4001,1.4862,2.1417,0.3146,0.00099,2.9792,1.6690,1.9761,1.9484,1.9698,0.5045,Announcement of Class and Component Prices (PDF),DYMCLASSPRICES,2991,Dairy MMR,DY-WA,Washington,DC,"Washington, DC",Washington,DC,FMMOS,FMMOS - non-mars,08/31/2022 13:05:24,2022,2022-AUG,class_3_skim_milk_Price,8.50,lmprs,
07/30/2022,08/03/2022,2022,Jul,,15.42,3.3600,1.6160,2.9116,0.3596,0.00110,2.9461,1.8001,2.2019,2.1622,2.2054,0.5482,Announcement of Class and Component Prices (PDF),DYMCLASSPRICES,2991,Dairy MMR,DY-WA,Washington,DC,"Washington, DC",Washington,DC,FMMOS,FMMOS - non-mars,08/03/2022 13:07:36,2022,2022-JUL,class_3_skim_milk_Price,11.15,lmprs,
06/25/2022,06/29/2022,2022,Jun,,15.50,3.3323,1.6313,3.4173,0.4295,0.00117,2.9232,1.8156,2.3498,2.3214,2.3472,0.6161,Announcement of Class and Component Prices (PDF),DYMCLASSPRICES,2991,Dairy MMR,DY-WA,Washington,DC,"Washington, DC",Washington,DC,FMMOS,FMMOS - non-mars,06/29/2022 13:04:26,2022,2022-JUN,class_3_skim_milk_Price,13.13,lmprs,
05/28/2022,06/02/2022,2022,May,,15.52,3.1056,1.6253,3.8696,0.4857,0.00121,2.7360,1.8095,2.4161,2.3798,2.4187,0.6707,Announcement of Class and Component Prices (PDF),DYMCLASSPRICES,2991,Dairy MMR,DY-WA,Washington,DC,"Washington, DC",Washington,DC,FMMOS,FMMOS - non-mars,06/02/2022 13:04:58,2022,2022-MAY,class_3_skim_milk_Price,14.86,lmprs,
04/30/2022,05/04/2022,2022,Apr,,15.21,3.1461,1.6470,3.4239,0.5565,0.00115,2.7694,1.8314,2.2910,2.2759,2.2759,0.7394,Announcement of Class and Component Prices (PDF),DYMCLASSPRICES,2991,Dairy MMR,DY-WA,Washington,DC,"Washington, DC",Washington,DC,FMMOS,FMMOS - non-mars,05/04/2022 13:05:49,2022,2022-APR,class_3_skim_milk_Price,13.90,lmprs,
03/26/2022,03/30/2022,2022,Mar,,14.41,3.0935,1.6113,2.7182,0.6131,0.00103,2.7260,1.7954,2.0548,2.0748,2.0066,0.7943,Announcement of Class and Component Prices (PDF),DYMCLASSPRICES,2991,Dairy MMR,DY-WA,Washington,DC,"Washington, DC",Washington,DC,FMMOS,FMMOS - non-mars,03/30/2022 13:05:10,2022,2022-MAR,class_3_skim_milk_Price,12.04,lmprs,
02/26/2022,03/02/2022,2022,Feb,,13.67,3.0218,1.5450,2.3168,0.5983,0.00095,2.6668,1.7284,1.9068,1.9091,1.8746,0.7800,Announcement of Class and Component Prices (PDF),DYMCLASSPRICES,2991,Dairy MMR,DY-WA,Washington,DC,"Washington, DC",Washington,DC,FMMOS,FMMOS - non-mars,03/02/2022 13:02:51,2022,2022-FEB,class_3_skim_milk_Price,10.71,lmprs,
01/29/2022,02/02/2022,2022,Jan,,12.91,2.9567,1.4662,2.3563,0.5249,0.00095,2.6130,1.6488,1.8978,1.9787,1.7951,0.7087,Announcement of Class and Component Prices (PDF),DYMCLASSPRICES,2991,Dairy MMR,DY-WA,Washington,DC,"Washington, DC",Washington,DC,FMMOS,FMMOS - non-mars,02/02/2022 13:05:34,2022,2022-JAN,class_3_skim_milk_Price,10.40,lmprs,
01/01/2022,01/05/2022,2021,Dec,,12.22,2.2919,1.3655,2.5937,0.4532,0.00088,2.0641,1.5471,1.7542,1.8633,1.6263,0.6391,Announcement of Class and Component Prices (PDF),DYMCLASSPRICES,2991,Dairy MMR,DY-WA,Washington,DC,"Washington, DC",Washington,DC,FMMOS,FMMOS - non-mars,01/05/2022 13:26:36,2021,2021-DEC,class_3_skim_milk_Price,10.71,lmprs,
11/27/2021,12/01/2021,2021,Nov,,11.23,2.1541,1.2960,2.7536,0.3949,0.00088,1.9503,1.4769,1.7588,1.7605,1.7272,0.5825,Announcement of Class and Component Prices (PDF),DYMCLASSPRICES,2991,Dairy MMR,DY-WA,Washington,DC,"Washington, DC",Washington,DC,FMMOS,FMMOS - non-mars,12/01/2021 13:04:41,2021,2021-NOV,class_3_skim_milk_Price,10.87,lmprs,
10/30/2021,11/03/2021,2021,Oct,,10.63,1.9414,1.1801,3.0130,0.3560,0.00088,1.7746,1.3598,1.7698,1.8070,1.7011,0.5447,Announcement of Class and Component Prices (PDF),DYMCLASSPRICES,2991,Dairy MMR,DY-WA,Washington,DC,"Washington, DC",Washington,DC,FMMOS,FMMOS - non-mars,11/03/2021 13:05:14,2021,2021-OCT,class_3_skim_milk_Price,11.44,lmprs,
09/25/2021,09/29/2021,2021,Sep,,10.45,1.9388,1.1027,2.6010,0.3445,0.00082,1.7725,1.2816,1.6411,1.7761,1.4873,0.5336,Announcement of Class and Component Prices (PDF),DYMCLASSPRICES,2991,Dairy MMR,DY-WA,Washington,DC,"Washington, DC",Washington,DC,FMMOS,FMMOS - non-mars,09/29/2021 13:06:40,2021,2021-SEP,class_3_skim_milk_Price,10.10,lmprs,
08/28/2021,09/01/2021,2021,Aug,,10.37,1.8508,1.0872,2.4582,0.3735,0.00078,1.6998,1.2660,1.5680,1.6902,1.4371,0.5617,Announcement of Class and Component Prices (PDF),DYMCLASSPRICES,2991,Dairy MMR,DY-WA,Washington,DC,"Washington, DC",Washington,DC,FMMOS,FMMOS - non-mars,09/01/2021 13:04:00,2021,2021-AUG,class_3_skim_milk_Price,9.82,lmprs,
07/31/2021,08/04/2021,2021,Jul,,10.53,1.8996,1.0765,2.4957,0.4181,0.00080,1.7401,1.2552,1.5956,1.5948,1.5663,0.6050,Announcement of Class and Component Prices (PDF),DYMCLASSPRICES,2991,Dairy MMR,DY-WA,Washington,DC,"Washington, DC",Washington,DC,FMMOS,FMMOS - non-mars,08/04/2021 13:05:40,2021,2021-JUL,class_3_skim_milk_Price,10.20,lmprs,
06/26/2021,06/30/2021,2021,Jun,,10.12,1.9641,1.0908,2.5834,0.4579,0.00082,1.7934,1.2696,1.6439,1.6058,1.6506,0.6437,Announcement of Class and Component Prices (PDF),DYMCLASSPRICES,2991,Dairy MMR,DY-WA,Washington,DC,"Washington, DC",Washington,DC,FMMOS,FMMOS - non-mars,06/30/2021 13:04:48,2021,2021-JUN,class_3_skim_milk_Price,10.71,lmprs,
05/29/2021,06/03/2021,2021,May,,9.58,1.9851,1.0607,3.1307,0.4645,0.00091,1.8107,1.2392,1.8206,1.8072,1.8035,0.6501,Announcement of Class and Component Prices (PDF),DYMCLASSPRICES,2991,Dairy MMR,DY-WA,Washington,DC,"Washington, DC",Washington,DC,FMMOS,FMMOS - non-mars,06/03/2021 13:06:19,2021,2021-MAY,class_3_skim_milk_Price,12.45,lmprs,
05/01/2021,05/05/2021,2021,Apr,,9.03,1.9496,0.9902,2.8136,0.4268,0.00086,1.7814,1.1680,1.7106,1.7918,1.6011,0.6135,Announcement of Class and Component Prices (PDF),DYMCLASSPRICES,2991,Dairy MMR,DY-WA,Washington,DC,"Washington, DC",Washington,DC,FMMOS,FMMOS - non-mars,05/05/2021 13:08:26,2021,2021-APR,class_3_skim_milk_Price,11.24,lmprs,
03/27/2021,03/31/2021,2021,Mar,,9.36,1.7176,0.9396,2.6954,0.3652,0.00080,1.5898,1.1169,1.5981,1.6695,1.5023,0.5537,Announcement of Class and Component Prices (PDF),DYMCLASSPRICES,2991,Dairy MMR,DY-WA,Washington,DC,"Washington, DC",Washington,DC,FMMOS,FMMOS - non-mars,03/31/2021 13:03:13,2021,2021-MAR,class_3_skim_milk_Price,10.51,lmprs,
02/27/2021,03/03/2021,2021,Feb,,9.27,1.4376,0.9391,2.9816,0.3161,0.00080,1.3586,1.1164,1.5954,1.6870,1.4841,0.5060,Announcement of Class and Component Prices (PDF),DYMCLASSPRICES,2991,Dairy MMR,DY-WA,Washington,DC,"Washington, DC",Washington,DC,FMMOS,FMMOS - non-mars,03/03/2021 13:04:40,2021,2021-FEB,class_3_skim_milk_Price,11.11,lmprs,
01/30/2021,02/03/2021,2021,Jan,,9.03,1.5541,0.9570,3.0355,0.2682,0.00083,1.4548,1.1345,1.6502,1.7171,1.5601,0.4595,Announcement of Class and Component Prices (PDF),DYMCLASSPRICES,2991,Dairy MMR,DY-WA,Washington,DC,"Washington, DC",Washington,DC,FMMOS,FMMOS - non-mars,02/03/2021 13:02:18,2021,2021-JAN,class_3_skim_milk_Price,10.99,lmprs,
12/26/2020,12/30/2020,2020,Dec,,8.91,1.5399,0.9180,3.0282,0.2245,0.00082,1.4431,1.0951,1.6433,1.7708,1.4944,0.4171,Announcement of Class and Component Prices (PDF),DYMCLASSPRICES,2991,Dairy MMR,DY-WA,Washington,DC,"Washington, DC",Washington,DC,FMMOS,FMMOS - non-mars,12/30/2020 13:03:18,2020,2020-DEC,class_3_skim_milk_Price,10.71,lmprs,
11/28/2020,12/02/2020,2020,Nov,,8.70,1.5553,0.9047,5.6226,0.1894,0.00123,1.4558,1.0816,2.4535,2.5808,2.2929,0.3830,Announcement of Class and Component Prices (PDF),DYMCLASSPRICES,2991,Dairy MMR,DY-WA,Washington,DC,"Washington, DC",Washington,DC,FMMOS,FMMOS - non-mars,12/02/2020 13:06:51,2020,2020-NOV,class_3_skim_milk_Price,18.55,lmprs,
10/31/2020,11/04/2020,2020,Oct,,8.15,1.6388,0.8902,5.0146,0.1534,0.00115,1.5248,1.0670,2.2921,2.5692,1.9640,0.3480,Announcement of Class and Component Prices (PDF),DYMCLASSPRICES,2991,Dairy MMR,DY-WA,Washington,DC,"Washington, DC",Washington,DC,FMMOS,FMMOS - non-mars,11/04/2020 12:56:06,2020,2020-OCT,class_3_skim_milk_Price,16.45,lmprs,
09/26/2020,09/30/2020,2020,Sep,,7.83,1.5932,0.8253,3.3935,0.1241,0.00089,1.4871,1.0014,1.7741,1.9496,1.5736,0.3196,Announcement of Class and Component Prices (PDF),DYMCLASSPRICES,2991,Dairy MMR,DY-WA,Washington,DC,"Washington, DC",Washington,DC,FMMOS,FMMOS - non-mars,09/30/2020 13:06:10,2020,2020-SEP,class_3_skim_milk_Price,11.25,lmprs,
08/29/2020,09/02/2020,2020,Aug,,7.82,1.6275,0.7862,4.4394,0.1387,0.00105,1.5154,0.9619,2.1099,2.2144,1.9817,0.3338,Announcement of Class and Component Prices (PDF),DYMCLASSPRICES,2991,Dairy MMR,DY-WA,Washington,DC,"Washington, DC",Washington,DC,FMMOS,FMMOS - non-mars,09/02/2020 13:07:48,2020,2020-AUG,class_3_skim_milk_Price,14.58,lmprs,
08/01/2020,08/05/2020,2020,Jul,,7.16,1.9583,0.7959,5.6294,0.1492,0.00129,1.7886,0.9717,2.5873,2.6978,2.4374,0.3440,Announcement of Class and Component Prices (PDF),DYMCLASSPRICES,2991,Dairy MMR,DY-WA,Washington,DC,"Washington, DC",Washington,DC,FMMOS,FMMOS - non-mars,08/05/2020 13:05:32,2020,2020-JUL,class_3_skim_milk_Price,18.33,lmprs,
06/27/2020,07/01/2020,2020,Jun,,6.69,1.8591,0.7354,4.5349,0.1696,0.00111,1.7067,0.9106,2.2152,2.2566,2.1482,0.3638,Announcement of Class and Component Prices (PDF),DYMCLASSPRICES,2991,Dairy MMR,DY-WA,Washington,DC,"Washington, DC",Washington,DC,FMMOS,FMMOS - non-mars,07/01/2020 13:06:28,2020,2020-JUN,class_3_skim_milk_Price,15.06,lmprs,
05/30/2020,06/03/2020,2020,May,,7.73,1.3756,0.6746,2.0918,0.1882,0.00065,1.3074,0.8492,1.2990,1.3049,1.2641,0.3818,Announcement of Class and Component Prices (PDF),DYMCLASSPRICES,2991,Dairy MMR,DY-WA,Washington,DC,"Washington, DC",Washington,DC,FMMOS,FMMOS - non-mars,06/03/2020 13:03:03,2020,2020-MAY,class_3_skim_milk_Price,7.59,lmprs,
04/25/2020,04/29/2020,2020,Apr,,9.55,1.3218,0.7795,2.4822,0.1793,0.00070,1.2630,0.9552,1.4026,1.5264,1.2744,0.3732,Announcement of Class and Component Prices (PDF),DYMCLASSPRICES,2991,Dairy MMR,DY-WA,Washington,DC,"Washington, DC",Washington,DC,FMMOS,FMMOS - non-mars,04/29/2020 13:03:20,2020,2020-APR,class_3_skim_milk_Price,8.75,lmprs,
03/28/2020,04/01/2020,2020,Mar,,10.38,1.9177,0.9387,2.8424,0.1810,0.00085,1.7551,1.1160,1.7091,1.8133,1.5761,0.3748,Announcement of Class and Component Prices (PDF),DYMCLASSPRICES,2991,Dairy MMR,DY-WA,Washington,DC,"Washington, DC",Washington,DC,FMMOS,FMMOS - non-mars,04/01/2020 13:04:59,2020,2020-MAR,class_3_skim_milk_Price,9.88,lmprs,
02/29/2020,03/04/2020,2020,Feb,,10.24,1.9813,1.0667,3.0309,0.1750,0.00089,1.8076,1.2453,1.7884,1.9467,1.6007,0.3690,Announcement of Class and Component Prices (PDF),DYMCLASSPRICES,2991,Dairy MMR,DY-WA,Washington,DC,"Washington, DC",Washington,DC,FMMOS,FMMOS - non-mars,03/04/2020 13:22:00,2020,2020-FEB,class_3_skim_milk_Price,10.43,lmprs,
02/01/2020,02/05/2020,2020,Jan,,9.98,2.1117,1.0665,2.9606,0.1417,0.00090,1.9153,1.2451,1.8092,1.8995,1.6869,0.3367,Announcement of Class and Component Prices (PDF),DYMCLASSPRICES,2991,Dairy MMR,DY-WA,Washington,DC,"Washington, DC",Washington,DC,FMMOS,FMMOS - non-mars,02/05/2020 13:07:49,2020,2020-JAN,class_3_skim_milk_Price,10.01,lmprs,
12/28/2019,01/02/2020,2019,Dec,,9.43,2.1952,1.0378,3.6515,0.1341,0.00103,1.9842,1.2161,2.0509,1.9363,2.1395,0.3293,Announcement of Class and Component Prices (PDF),DYMCLASSPRICES,2991,Dairy MMR,DY-WA,Washington,DC,"Washington, DC",Washington,DC,FMMOS,FMMOS - non-mars,01/02/2020 13:02:40,2019,2019-DEC,class_3_skim_milk_Price,12.11,lmprs,
11/30/2019,12/04/2019,2019,Nov,,9.02,2.3195,0.9763,3.9118,0.1112,0.00109,2.0869,1.1540,2.1723,2.0987,2.2280,0.3071,Announcement of Class and Component Prices (PDF),DYMCLASSPRICES,2991,Dairy MMR,DY-WA,Washington,DC,"Washington, DC",Washington,DC,FMMOS,FMMOS - non-mars,12/04/2019 13:05:21,2019,2019-NOV,class_3_skim_milk_Price,12.78,lmprs,
10/26/2019,10/30/2019,2019,Oct,,8.54,2.4031,0.9186,3.1700,0.1447,0.00098,2.1559,1.0957,1.9694,2.0569,1.8379,0.3396,Announcement of Class and Component Prices (PDF),DYMCLASSPRICES,2991,Dairy MMR,DY-WA,Washington,DC,"Washington, DC",Washington,DC,FMMOS,FMMOS - non-mars,10/30/2019 13:03:28,2019,2019-OCT,class_3_skim_milk_Price,10.68,lmprs,
09/28/2019,10/02/2019,2019,Sep,,8.46,2.4982,0.8753,2.8633,0.1758,0.00095,2.2344,1.0519,1.9053,1.9843,1.7913,0.3698,Announcement of Class and Component Prices (PDF),DYMCLASSPRICES,2991,Dairy MMR,DY-WA,Washington,DC,"Washington, DC",Washington,DC,FMMOS,FMMOS - non-mars,10/02/2019 13:08:22,2019,2019-SEP,class_3_skim_milk_Price,9.91,lmprs,
08/31/2019,09/05/2019,2019,Aug,,8.57,2.6574,0.8570,2.4453,0.1730,0.00091,2.3659,1.0335,1.8276,,,0.3671,Announcement of Class and Component Prices (PDF),DYMCLASSPRICES,2991,Dairy MMR,DY-WA,Washington,DC,"Washington, DC",Washington,DC,FMMOS,FMMOS - non-mars,09/05/2019 13:05:13,2019,2019-AUG,class_3_skim_milk_Price,8.60,lmprs,
07/27/2019,07/31/2019,2019,Jul,,8.48,2.6858,0.8628,2.4032,0.1689,0.00091,2.3893,1.0393,1.8238,,,0.3631,Announcement of Class and Component Prices (PDF),DYMCLASSPRICES,2991,Dairy MMR,DY-WA,Washington,DC,"Washington, DC",Washington,DC,FMMOS,FMMOS - non-mars,07/31/2019 13:05:14,2019,2019-JUL,class_3_skim_milk_Price,8.45,lmprs,
06/29/2019,07/03/2019,2019,Jun,,8.26,2.6579,0.8665,2.0046,0.1702,0.00085,2.3663,1.0431,1.6910,,,0.3643,Announcement of Class and Component Prices (PDF),DYMCLASSPRICES,2991,Dairy MMR,DY-WA,Washington,DC,"Washington, DC",Washington,DC,FMMOS,FMMOS - non-mars,07/03/2019 13:03:40,2019,2019-JUN,class_3_skim_milk_Price,7.22,lmprs,
06/01/2019,06/05/2019,2019,May,,7.72,2.5718,0.8386,2.1159,0.1847,0.00085,2.2952,1.0149,1.6974,,,0.3784,Announcement of Class and Component Prices (PDF),DYMCLASSPRICES,2991,Dairy MMR,DY-WA,Washington,DC,"Washington, DC",Washington,DC,FMMOS,FMMOS - non-mars,06/05/2019 13:05:15,2019,2019-MAY,class_3_skim_milk_Price,7.65,lmprs,
04/27/2019,05/01/2019,2019,Apr,,7.75,2.5375,0.7883,1.9890,0.1990,0.00082,2.2669,0.9641,1.6468,,,0.3923,Announcement of Class and Component Prices (PDF),DYMCLASSPRICES,2991,Dairy MMR,DY-WA,Washington,DC,"Washington, DC",Washington,DC,FMMOS,FMMOS - non-mars,05/01/2019 13:05:18,2019,2019-APR,class_3_skim_milk_Price,7.34,lmprs,
03/30/2019,04/03/2019,2019,Mar,,7.95,2.5461,0.7832,1.6303,0.2200,0.00077,2.2740,0.9589,1.5383,,,0.4127,Announcement of Class and Component Prices (PDF),DYMCLASSPRICES,2991,Dairy MMR,DY-WA,Washington,DC,"Washington, DC",Washington,DC,FMMOS,FMMOS - non-mars,04/03/2019 13:05:13,2019,2019-MAR,class_3_skim_milk_Price,6.35,lmprs,
02/23/2019,02/27/2019,2019,Feb,,7.50,2.5345,0.8041,1.1776,0.2631,0.00070,2.2644,0.9800,1.3940,,,0.4545,Announcement of Class and Component Prices (PDF),DYMCLASSPRICES,2991,Dairy MMR,DY-WA,Washington,DC,"Washington, DC",Washington,DC,FMMOS,FMMOS - non-mars,02/27/2019 13:05:35,2019,2019-FEB,class_3_skim_milk_Price,5.20,lmprs,
01/26/2019,01/30/2019,2019,Jan,,7.22,2.4981,0.7757,1.1927,0.2898,0.00069,2.2343,0.9513,1.3868,,,0.4805,Announcement of Class and Component Prices (PDF),DYMCLASSPRICES,2991,Dairy MMR,DY-WA,Washington,DC,"Washington, DC",Washington,DC,FMMOS,FMMOS - non-mars,01/30/2019 13:10:29,2019,2019-JAN,class_3_skim_milk_Price,5.41,lmprs,
12/29/2018,01/03/2019,2018,Dec,,7.12,2.5080,0.7269,1.1417,0.2775,0.00069,2.2425,0.9020,1.3742,,,0.4685,Announcement of Class and Component Prices (PDF),DYMCLASSPRICES,2991,Dairy MMR,DY-WA,Washington,DC,"Washington, DC",Washington,DC,FMMOS,FMMOS - non-mars,01/03/2019 13:05:53,2018,2018-DEC,class_3_skim_milk_Price,5.18,lmprs,
12/01/2018,12/05/2018,2018,Nov,,6.96,2.5385,0.7110,1.3419,0.2714,0.00072,2.2677,0.8860,1.4463,,,0.4626,Announcement of Class and Component Prices (PDF),DYMCLASSPRICES,2991,Dairy MMR,DY-WA,Washington,DC,"Washington, DC",Washington,DC,FMMOS,FMMOS - non-mars,12/05/2018 13:03:22,2018,2018-NOV,class_3_skim_milk_Price,5.76,lmprs,
10/27/2018,10/31/2018,2018,Oct,,6.81,2.5551,0.6990,1.7185,0.2553,0.00078,2.2814,0.8739,1.5686,,,0.4470,Announcement of Class and Component Prices (PDF),DYMCLASSPRICES,2991,Dairy MMR,DY-WA,Washington,DC,"Washington, DC",Washington,DC,FMMOS,FMMOS - non-mars,10/31/2018 13:14:21,2018,2018-OCT,class_3_skim_milk_Price,6.83,lmprs,
09/29/2018,10/03/2018,2018,Sep,,6.43,2.5442,0.6801,2.0029,0.2098,0.00083,2.2724,0.8548,1.6533,,,0.4028,Announcement of Class and Component Prices (PDF),DYMCLASSPRICES,2991,Dairy MMR,DY-WA,Washington,DC,"Washington, DC",Washington,DC,FMMOS,FMMOS - non-mars,10/03/2018 13:06:16,2018,2018-SEP,class_3_skim_milk_Price,7.45,lmprs,
08/25/2018,08/29/2018,2018,Aug,,6.16,2.6009,0.6369,1.6245,0.1741,0.00078,2.3192,0.8111,1.5544,,,0.3681,Announcement of Class and Component Prices (PDF),DYMCLASSPRICES,2991,Dairy MMR,DY-WA,Washington,DC,"Washington, DC",Washington,DC,FMMOS,FMMOS - non-mars,08/29/2018 13:28:17,2018,2018-AUG,class_3_skim_milk_Price,6.06,lmprs,
07/28/2018,08/01/2018,2018,Jul,,6.55,2.5287,0.6085,1.4827,0.1422,0.00074,2.2596,0.7824,1.4868,,,0.3372,Announcement of Class and Component Prices (PDF),DYMCLASSPRICES,2991,Dairy MMR,DY-WA,Washington,DC,"Washington, DC",Washington,DC,FMMOS,FMMOS - non-mars,08/01/2018 13:03:26,2018,2018-JUL,class_3_skim_milk_Price,5.44,lmprs,
06/30/2018,07/05/2018,2018,Jun,,6.33,2.6692,0.6407,1.7478,0.1128,0.00081,2.3756,0.8150,1.6150,,,0.3086,Announcement of Class and Component Prices (PDF),DYMCLASSPRICES,2991,Dairy MMR,DY-WA,Washington,DC,"Washington, DC",Washington,DC,FMMOS,FMMOS - non-mars,07/05/2018 13:03:18,2018,2018-JUN,class_3_skim_milk_Price,6.08,lmprs,
05/26/2018,05/31/2018,2018,May,,5.45,2.6239,0.6196,1.8609,0.0742,0.00082,2.3382,0.7937,1.6353,,,0.2711,Announcement of Class and Component Prices (PDF),DYMCLASSPRICES,2991,Dairy MMR,DY-WA,Washington,DC,"Washington, DC",Washington,DC,FMMOS,FMMOS - non-mars,05/31/2018 13:05:26,2018,2018-MAY,class_3_skim_milk_Price,6.21,lmprs,
04/28/2018,05/02/2018,2018,Apr,,5.41,2.5113,0.5401,1.7810,0.0619,0.00079,2.2452,0.7134,1.5737,,,0.2592,Announcement of Class and Component Prices (PDF),DYMCLASSPRICES,2991,Dairy MMR,DY-WA,Washington,DC,"Washington, DC",Washington,DC,FMMOS,FMMOS - non-mars,05/02/2018 13:05:35,2018,2018-APR,class_3_skim_milk_Price,5.89,lmprs,
03/31/2018,04/04/2018,2018,Mar,,5.55,2.4273,0.5232,1.8066,0.0556,0.00078,2.1759,0.6963,1.5542,,,0.2531,Announcement of Class and Component Prices (PDF),DYMCLASSPRICES,2991,Dairy MMR,DY-WA,Washington,DC,"Washington, DC",Washington,DC,FMMOS,FMMOS - non-mars,04/04/2018 13:05:22,2018,2018-MAR,class_3_skim_milk_Price,5.93,lmprs,
02/24/2018,02/28/2018,2018,Feb,,5.38,2.3490,0.5352,1.6265,0.0550,0.00074,2.1112,0.7084,1.4727,,,0.2525,Announcement of Class and Component Prices (PDF),DYMCLASSPRICES,2991,Dairy MMR,DY-WA,Washington,DC,"Washington, DC",Washington,DC,FMMOS,FMMOS - non-mars,02/28/2018 13:05:27,2018,2018-FEB,class_3_skim_milk_Price,5.37,lmprs,
01/27/2018,01/31/2018,2018,Jan,,5.70,2.4531,0.5235,1.6612,0.0787,0.00076,2.1972,0.6966,1.5175,,,0.2755,Announcement of Class and Component Prices (PDF),DYMCLASSPRICES,2991,Dairy MMR,DY-WA,Washington,DC,"Washington, DC",Washington,DC,FMMOS,FMMOS - non-mars,01/31/2018 13:05:37,2018,2018-JAN,class_3_skim_milk_Price,5.61,lmprs,
12/30/2017,01/04/2018,2017,Dec,,5.94,2.4951,0.5503,2.0378,0.1070,0.00082,2.2319,0.7237,1.6481,,,0.3030,Announcement of Class and Component Prices (PDF),DYMCLASSPRICES,2991,Dairy MMR,DY-WA,Washington,DC,"Washington, DC",Washington,DC,FMMOS,FMMOS - non-mars,01/04/2018 13:05:59,2017,2017-DEC,class_3_skim_milk_Price,6.95,lmprs,
11/25/2017,11/29/2017,2017,Nov,,6.58,2.5546,0.5816,2.3412,0.1644,0.00088,2.2810,0.7553,1.7617,,,0.3587,Announcement of Class and Component Prices (PDF),DYMCLASSPRICES,2991,Dairy MMR,DY-WA,Washington,DC,"Washington, DC",Washington,DC,FMMOS,FMMOS - non-mars,11/29/2017 13:05:28,2017,2017-NOV,class_3_skim_milk_Price,8.23,lmprs,
10/28/2017,11/01/2017,2017,Oct,,6.84,2.6646,0.6357,2.1084,0.1853,0.00086,2.3718,0.8099,1.7254,,,0.3790,Announcement of Class and Component Prices (PDF),DYMCLASSPRICES,2991,Dairy MMR,DY-WA,Washington,DC,"Washington, DC",Washington,DC,FMMOS,FMMOS - non-mars,11/01/2017 13:05:31,2017,2017-OCT,class_3_skim_milk_Price,7.63,lmprs,
09/30/2017,10/04/2017,2017,Sep,,7.03,2.8559,0.6753,1.6988,0.2241,0.00083,2.5298,0.8499,1.6608,,,0.4167,Announcement of Class and Component Prices (PDF),DYMCLASSPRICES,2991,Dairy MMR,DY-WA,Washington,DC,"Washington, DC",Washington,DC,FMMOS,FMMOS - non-mars,10/04/2017 13:07:11,2017,2017-SEP,class_3_skim_milk_Price,6.59,lmprs,
08/26/2017,08/30/2017,2017,Aug,,7.25,3.0109,0.6984,1.5536,0.2425,0.00083,2.6578,0.8733,1.6664,,,0.4345,Announcement of Class and Component Prices (PDF),DYMCLASSPRICES,2991,Dairy MMR,DY-WA,Washington,DC,"Washington, DC",Washington,DC,FMMOS,FMMOS - non-mars,08/30/2017 13:07:16,2017,2017-AUG,class_3_skim_milk_Price,6.25,lmprs,
07/29/2017,08/02/2017,2017,Jul,,7.41,2.9456,0.7240,1.2248,0.2599,0.00077,2.6039,0.8991,1.5430,,,0.4514,Announcement of Class and Component Prices (PDF),DYMCLASSPRICES,2991,Dairy MMR,DY-WA,Washington,DC,"Washington, DC",Washington,DC,FMMOS,FMMOS - non-mars,08/02/2017 13:18:44,2017,2017-JUL,class_3_skim_milk_Price,5.33,lmprs,
06/24/2017,06/28/2017,2017,Jun,,6.89,2.7066,0.7384,1.7545,0.3014,0.00081,2.4065,0.9137,1.6293,,,0.4917,Announcement of Class and Component Prices (PDF),DYMCLASSPRICES,2991,Dairy MMR,DY-WA,Washington,DC,"Washington, DC",Washington,DC,FMMOS,FMMOS - non-mars,06/28/2017 13:03:02,2017,2017-JUN,class_3_skim_milk_Price,7.22,lmprs,
05/27/2017,06/01/2017,2017,May,,6.60,2.4134,0.6956,1.7723,0.3196,0.00077,2.1644,0.8704,1.5390,,,0.5094,Announcement of Class and Component Prices (PDF),DYMCLASSPRICES,2991,Dairy MMR,DY-WA,Washington,DC,"Washington, DC",Washington,DC,FMMOS,FMMOS - non-mars,06/01/2017 13:05:29,2017,2017-MAY,class_3_skim_milk_Price,7.38,lmprs,
04/29/2017,05/03/2017,2017,Apr,,6.78,2.3548,0.6641,1.6955,0.3350,0.00075,2.1160,0.8386,1.4960,,,0.5243,Announcement of Class and Component Prices (PDF),DYMCLASSPRICES,2991,Dairy MMR,DY-WA,Washington,DC,"Washington, DC",Washington,DC,FMMOS,FMMOS - non-mars,05/03/2017 13:05:57,2017,2017-APR,class_3_skim_milk_Price,7.23,lmprs,
04/01/2017,04/05/2017,2017,Mar,,8.00,2.4176,0.6747,1.8198,0.3345,0.00078,2.1679,0.8493,1.5551,,,0.5239,Announcement of Class and Component Prices (PDF),DYMCLASSPRICES,2991,Dairy MMR,DY-WA,Washington,DC,"Washington, DC",Washington,DC,FMMOS,FMMOS - non-mars,04/05/2017 13:05:00,2017,2017-MAR,class_3_skim_milk_Price,7.61,lmprs,
02/25/2017,03/01/2017,2017,Feb,,8.29,2.4274,0.8166,2.2348,0.2990,0.00084,2.1760,0.9926,1.6871,,,0.4894,Announcement of Class and Component Prices (PDF),DYMCLASSPRICES,2991,Dairy MMR,DY-WA,Washington,DC,"Washington, DC",Washington,DC,FMMOS,FMMOS - non-mars,03/01/2017 13:01:16,2017,2017-FEB,class_3_skim_milk_Price,8.69,lmprs,
01/28/2017,02/01/2017,2017,Jan,,7.77,2.5253,0.8465,2.1768,0.2503,0.00085,2.2568,1.0229,1.7011,,,0.4421,Announcement of Class and Component Prices (PDF),DYMCLASSPRICES,2991,Dairy MMR,DY-WA,Washington,DC,"Washington, DC",Washington,DC,FMMOS,FMMOS - non-mars,02/01/2017 13:06:58,2017,2017-JAN,class_3_skim_milk_Price,8.22,lmprs,
12/31/2016,01/05/2017,2016,Dec,,7.32,2.3354,0.7822,2.6922,0.2063,0.00090,2.1000,0.9579,1.7990,,,0.3994,Announcement of Class and Component Prices (PDF),DYMCLASSPRICES,2991,Dairy MMR,DY-WA,Washington,DC,"Washington, DC",Washington,DC,FMMOS,FMMOS - non-mars,01/05/2017 12:55:11,2016,2016-DEC,class_3_skim_milk_Price,9.56,lmprs,
11/26/2016,11/30/2016,2016,Nov,,7.47,2.1044,0.7367,2.8085,0.1750,0.00088,1.9092,0.9119,1.7596,,,0.3690,Announcement of Class and Component Prices (PDF),DYMCLASSPRICES,2991,Dairy MMR,DY-WA,Washington,DC,"Washington, DC",Washington,DC,FMMOS,FMMOS - non-mars,11/30/2016 13:04:41,2016,2016-NOV,class_3_skim_milk_Price,9.74,lmprs,
10/29/2016,11/02/2016,2016,Oct,,7.14,2.0493,0.7469,2.2975,0.1351,0.00079,1.8637,0.9222,1.5830,,,0.3303,Announcement of Class and Component Prices (PDF),DYMCLASSPRICES,2991,Dairy MMR,DY-WA,Washington,DC,"Washington, DC",Washington,DC,FMMOS,FMMOS - non-mars,11/02/2016 13:47:24,2016,2016-OCT,class_3_skim_milk_Price,7.92,lmprs,
10/01/2016,10/05/2016,2016,Sep,,6.79,2.3082,0.7097,2.5675,0.1096,0.00088,2.0775,0.8847,1.7514,,,0.3055,Announcement of Class and Component Prices (PDF),DYMCLASSPRICES,2991,Dairy MMR,DY-WA,Washington,DC,"Washington, DC",Washington,DC,FMMOS,FMMOS - non-mars,10/05/2016 13:04:16,2016,2016-SEP,class_3_skim_milk_Price,8.61,lmprs,
08/27/2016,08/31/2016,2016,Aug,,6.71,2.4873,0.6841,2.5738,0.0881,0.00091,2.2254,0.8588,1.8119,,,0.2846,Announcement of Class and Component Prices (PDF),DYMCLASSPRICES,2991,Dairy MMR,DY-WA,Washington,DC,"Washington, DC",Washington,DC,FMMOS,FMMOS - non-mars,08/31/2016 13:03:02,2016,2016-AUG,class_3_skim_milk_Price,8.50,lmprs,
07/30/2016,08/03/2016,2016,Jul,,6.27,2.5964,0.6618,1.9112,0.0774,0.00082,2.3155,0.8363,1.6419,,,0.2742,Announcement of Class and Component Prices (PDF),DYMCLASSPRICES,2991,Dairy MMR,DY-WA,Washington,DC,"Washington, DC",Washington,DC,FMMOS,FMMOS - non-mars,08/03/2016 13:09:56,2016,2016-JUL,class_3_skim_milk_Price,6.38,lmprs,
06/25/2016,06/29/2016,2016,Jun,,5.86,2.4109,0.6148,1.4807,0.0628,0.00072,2.1623,0.7888,1.4477,,,0.2601,Announcement of Class and Component Prices (PDF),DYMCLASSPRICES,2991,Dairy MMR,DY-WA,Washington,DC,"Washington, DC",Washington,DC,FMMOS,FMMOS - non-mars,06/29/2016 13:03:34,2016,2016-JUN,class_3_skim_milk_Price,4.96,lmprs,
05/28/2016,06/02/2016,2016,May,,5.71,2.2846,0.5870,1.4935,0.0529,0.00071,2.0580,0.7607,1.4104,,,0.2505,Announcement of Class and Component Prices (PDF),DYMCLASSPRICES,2991,Dairy MMR,DY-WA,Washington,DC,"Washington, DC",Washington,DC,FMMOS,FMMOS - non-mars,06/02/2016 13:14:45,2016,2016-MAY,class_3_skim_milk_Price,4.94,lmprs,
04/30/2016,05/04/2016,2016,Apr,,5.89,2.2376,0.5573,1.8450,0.0489,0.00075,2.0192,0.7307,1.5041,,,0.2466,Announcement of Class and Component Prices (PDF),DYMCLASSPRICES,2991,Dairy MMR,DY-WA,Washington,DC,"Washington, DC",Washington,DC,FMMOS,FMMOS - non-mars,05/04/2016 13:07:06,2016,2016-APR,class_3_skim_milk_Price,6.01,lmprs,
03/26/2016,03/30/2016,2016,Mar,,6.05,2.2028,0.5786,1.9206,0.0501,0.00076,1.9905,0.7522,1.5162,,,0.2477,Announcement of Class and Component Prices (PDF),DYMCLASSPRICES,2991,Dairy MMR,DY-WA,Washington,DC,"Washington, DC",Washington,DC,FMMOS,FMMOS - non-mars,03/30/2016 13:05:26,2016,2016-MAR,class_3_skim_milk_Price,6.25,lmprs,
02/27/2016,03/02/2016,2016,Feb,,6.17,2.3778,0.5951,1.7389,0.0492,0.00076,2.1350,0.7689,1.5170,,,0.2469,Announcement of Class and Component Prices (PDF),DYMCLASSPRICES,2991,Dairy MMR,DY-WA,Washington,DC,"Washington, DC",Washington,DC,FMMOS,FMMOS - non-mars,03/02/2016 13:14:46,2016,2016-FEB,class_3_skim_milk_Price,5.68,lmprs,
01/30/2016,02/03/2016,2016,Jan,,6.31,2.3062,0.6037,1.8169,0.0371,0.00076,2.0759,0.7776,1.5178,,,0.2351,Announcement of Class and Component Prices (PDF),DYMCLASSPRICES,2991,Dairy MMR,DY-WA,Washington,DC,"Washington, DC",Washington,DC,FMMOS,FMMOS - non-mars,02/03/2016 13:05:06,2016,2016-JAN,class_3_skim_milk_Price,5.85,lmprs,
12/26/2015,12/30/2015,2015,Dec,,6.75,2.9057,0.6153,1.3599,0.0355,0.00079,2.5709,0.7893,1.5719,,,0.2336,Announcement of Class and Component Prices (PDF),DYMCLASSPRICES,2991,Dairy MMR,DY-WA,Washington,DC,"Washington, DC",Washington,DC,FMMOS,FMMOS - non-mars,12/30/2015 13:04:22,2015,2015-DEC,class_3_skim_milk_Price,4.43,lmprs,
11/28/2015,12/02/2015,2015,Nov,,7.35,3.1830,0.6627,1.3205,0.0361,0.00083,2.7999,0.8372,1.6503,,,0.2341,Announcement of Class and Component Prices (PDF),DYMCLASSPRICES,2991,Dairy MMR,DY-WA,Washington,DC,"Washington, DC",Washington,DC,FMMOS,FMMOS - non-mars,12/02/2015 13:11:34,2015,2015-NOV,class_3_skim_milk_Price,4.31,lmprs,
10/31/2015,11/04/2015,2015,Oct,,6.46,2.9087,0.7200,1.7019,0.0328,0.00084,2.5734,0.8951,1.6790,,,0.2309,Announcement of Class and Component Prices (PDF),DYMCLASSPRICES,2991,Dairy MMR,DY-WA,Washington,DC,"Washington, DC",Washington,DC,FMMOS,FMMOS - non-mars,11/04/2015 13:33:23,2015,2015-OCT,class_3_skim_milk_Price,5.47,lmprs,
09/26/2015,09/30/2015,2015,Sep,,5.91,2.7531,0.6266,1.9801,0.0465,0.00086,2.4449,0.8007,1.7145,,,0.2442,Announcement of Class and Component Prices (PDF),DYMCLASSPRICES,2991,Dairy MMR,DY-WA,Washington,DC,"Washington, DC",Washington,DC,FMMOS,FMMOS - non-mars,09/30/2015 13:06:29,2015,2015-SEP,class_3_skim_milk_Price,6.41,lmprs,
08/29/2015,09/02/2015,2015,Aug,,6.82,2.2674,0.5707,2.5692,0.1151,0.00087,2.0438,0.7443,1.7386,,,0.3108,Announcement of Class and Component Prices (PDF),DYMCLASSPRICES,2991,Dairy MMR,DY-WA,Washington,DC,"Washington, DC",Washington,DC,FMMOS,FMMOS - non-mars,09/02/2015 13:02:58,2015,2015-AUG,class_3_skim_milk_Price,8.64,lmprs,
08/01/2015,08/05/2015,2015,Jul,,7.55,2.1125,0.6621,2.6070,0.2004,0.00085,1.9159,0.8366,1.6997,,,0.3937,Announcement of Class and Component Prices (PDF),DYMCLASSPRICES,2991,Dairy MMR,DY-WA,Washington,DC,"Washington, DC",Washington,DC,FMMOS,FMMOS - non-mars,08/05/2015 13:00:39,2015,2015-JUL,class_3_skim_milk_Price,9.26,lmprs,
06/27/2015,07/01/2015,2015,Jun,,7.66,2.1011,0.7529,2.6915,0.2322,0.00086,1.9065,0.9283,1.7222,,,0.4245,Announcement of Class and Component Prices (PDF),DYMCLASSPRICES,2991,Dairy MMR,DY-WA,Washington,DC,"Washington, DC",Washington,DC,FMMOS,FMMOS - non-mars,07/01/2015 13:32:09,2015,2015-JUN,class_3_skim_milk_Price,9.71,lmprs,
05/30/2015,06/03/2015,2015,May,,7.85,2.0599,0.7708,2.5206,0.2533,0.00083,1.8725,0.9464,1.6557,,,0.4450,Announcement of Class and Component Prices (PDF),DYMCLASSPRICES,2991,Dairy MMR,DY-WA,Washington,DC,"Washington, DC",Washington,DC,FMMOS,FMMOS - non-mars,06/03/2015 13:18:15,2015,2015-MAY,class_3_skim_milk_Price,9.31,lmprs,
04/25/2015,04/29/2015,2015,Apr,,8.63,1.8940,0.7926,2.5551,0.2698,0.00081,1.7355,0.9684,1.6122,,,0.4610,Announcement of Class and Component Prices (PDF),DYMCLASSPRICES,2991,Dairy MMR,DY-WA,Washington,DC,"Washington, DC",Washington,DC,FMMOS,FMMOS - non-mars,04/29/2015 13:10:22,2015,2015-APR,class_3_skim_milk_Price,9.51,lmprs,
03/28/2015,04/01/2015,2015,Mar,,8.31,1.8444,0.8454,2.4875,0.2918,0.00079,1.6945,1.0217,1.5750,,,0.4824,Announcement of Class and Component Prices (PDF),DYMCLASSPRICES,2991,Dairy MMR,DY-WA,Washington,DC,"Washington, DC",Washington,DC,FMMOS,FMMOS - non-mars,04/01/2015 13:31:23,2015,2015-MAR,class_3_skim_milk_Price,9.43,lmprs,
02/28/2015,03/04/2015,2015,Feb,,8.34,1.8296,0.8544,2.4051,0.3273,0.00077,1.6823,1.0308,1.5446,,,0.5169,Announcement of Class and Component Prices (PDF),DYMCLASSPRICES,2991,Dairy MMR,DY-WA,Washington,DC,"Washington, DC",Washington,DC,FMMOS,FMMOS - non-mars,03/04/2015 13:02:40,2015,2015-FEB,class_3_skim_milk_Price,9.39,lmprs,
01/31/2015,02/04/2015,2015,Jan,,10.63,1.6855,0.8439,2.6731,0.4001,0.00079,1.5633,1.0202,1.5807,,,0.5875,Announcement of Class and Component Prices (PDF),DYMCLASSPRICES,2991,Dairy MMR,DY-WA,Washington,DC,"Washington, DC",Washington,DC,FMMOS,FMMOS - non-mars,02/04/2015 13:08:32,2015,2015-JAN,class_3_skim_milk_Price,10.65,lmprs,
12/27/2014,12/31/2014,2014,Dec,,12.14,2.0991,1.0767,2.7387,0.3996,0.00087,1.9049,1.2554,1.7362,,,0.5871,Announcement of Class and Component Prices (PDF),DYMCLASSPRICES,2991,Dairy MMR,DY-WA,Washington,DC,"Washington, DC",Washington,DC,FMMOS,FMMOS - non-mars,12/31/2014 13:28:06,2014,2014-DEC,class_3_skim_milk_Price,10.85,lmprs,
11/29/2014,12/03/2014,2014,Nov,,12.62,2.2011,1.2102,3.9018,0.4505,0.00107,1.9891,1.3902,2.1305,,,0.6365,Announcement of Class and Component Prices (PDF),DYMCLASSPRICES,2991,Dairy MMR,DY-WA,Washington,DC,"Washington, DC",Washington,DC,FMMOS,FMMOS - non-mars,12/03/2014 13:13:21,2014,2014-NOV,class_3_skim_milk_Price,14.75,lmprs,
11/01/2014,11/05/2014,2014,Oct,,12.36,2.8507,1.3090,3.7362,0.4670,0.00115,2.5255,1.4900,2.2914,,,0.6525,Announcement of Class and Component Prices (PDF),DYMCLASSPRICES,2991,Dairy MMR,DY-WA,Washington,DC,"Washington, DC",Washington,DC,FMMOS,FMMOS - non-mars,11/05/2014 13:49:38,2014,2014-OCT,class_3_skim_milk_Price,14.34,lmprs,
09/27/2014,10/01/2014,2014,Sep,,15.26,3.2467,1.2910,3.4991,0.4876,0.00117,2.8525,1.4718,2.3472,,,0.6725,Announcement of Class and Component Prices (PDF),DYMCLASSPRICES,2991,Dairy MMR,DY-WA,Washington,DC,"Washington, DC",Washington,DC,FMMOS,FMMOS - non-mars,10/01/2014 13:37:58,2014,2014-SEP,class_3_skim_milk_Price,13.72,lmprs,
08/30/2014,09/04/2014,2014,Aug,,15.92,2.8448,1.6047,3.1496,0.5036,0.00105,2.5206,1.7887,2.1074,,,0.6880,Announcement of Class and Component Prices (PDF),DYMCLASSPRICES,2991,Dairy MMR,DY-WA,Washington,DC,"Washington, DC",Washington,DC,FMMOS,FMMOS - non-mars,09/04/2014 13:52:02,2014,2014-AUG,class_3_skim_milk_Price,12.74,lmprs,
07/26/2014,07/30/2014,2014,Jul,,15.71,2.6349,1.6770,3.1798,0.5046,0.00102,2.3473,1.8617,2.0482,,,0.6890,Announcement of Class and Component Prices (PDF),DYMCLASSPRICES,2991,Dairy MMR,DY-WA,Washington,DC,"Washington, DC",Washington,DC,FMMOS,FMMOS - non-mars,07/30/2014 13:22:12,2014,2014-JUL,class_3_skim_milk_Price,12.83,lmprs,
06/28/2014,07/02/2014,2014,Jun,,15.93,2.4413,1.6785,3.3437,0.4942,0.00102,2.1874,1.8633,2.0358,,,0.6789,Announcement of Class and Component Prices (PDF),DYMCLASSPRICES,2991,Dairy MMR,DY-WA,Washington,DC,"Washington, DC",Washington,DC,FMMOS,FMMOS - non-mars,07/02/2014 13:05:55,2014,2014-JUN,class_3_skim_milk_Price,13.28,lmprs,
05/31/2014,06/04/2014,2014,May,,17.06,2.2721,1.6919,3.9553,0.4897,0.00109,2.0477,1.8768,2.1703,,,0.6745,Announcement of Class and Component Prices (PDF),DYMCLASSPRICES,2991,Dairy MMR,DY-WA,Washington,DC,"Washington, DC",Washington,DC,FMMOS,FMMOS - non-mars,06/04/2014 13:47:22,2014,2014-MAY,class_3_skim_milk_Price,15.15,lmprs,
04/26/2014,04/30/2014,2014,Apr,,17.92,2.1207,1.8328,4.7089,0.4926,0.00118,1.9227,2.0191,2.3547,,,0.6774,Announcement of Class and Component Prices (PDF),DYMCLASSPRICES,2991,Dairy MMR,DY-WA,Washington,DC,"Washington, DC",Washington,DC,FMMOS,FMMOS - non-mars,04/30/2014 14:03:41,2014,2014-APR,class_3_skim_milk_Price,17.50,lmprs,
03/29/2014,04/02/2014,2014,Mar,,17.67,2.0402,1.9027,4.5172,0.4700,0.00113,1.8562,2.0897,2.2689,,,0.6554,Announcement of Class and Component Prices (PDF),DYMCLASSPRICES,2991,Dairy MMR,DY-WA,Washington,DC,"Washington, DC",Washington,DC,FMMOS,FMMOS - non-mars,04/02/2014 13:03:12,2014,2014-MAR,class_3_skim_milk_Price,16.78,lmprs,
03/01/2014,03/05/2014,2014,Feb,,17.27,2.0109,1.8914,4.6044,0.4453,0.00114,1.8320,2.0783,2.2864,,,0.6314,Announcement of Class and Component Prices (PDF),DYMCLASSPRICES,2991,Dairy MMR,DY-WA,Washington,DC,"Washington, DC",Washington,DC,FMMOS,FMMOS - non-mars,03/05/2014 13:32:06,2014,2014-FEB,class_3_skim_milk_Price,16.90,lmprs,
02/01/2014,02/05/2014,2014,Jan,,16.51,1.7874,1.8470,4.1870,0.4155,0.00104,1.6475,2.0335,2.0838,,,0.6025,Announcement of Class and Component Prices (PDF),DYMCLASSPRICES,2991,Dairy MMR,DY-WA,Washington,DC,"Washington, DC",Washington,DC,FMMOS,FMMOS - non-mars,02/05/2014 13:33:25,2014,2014-JAN,class_3_skim_milk_Price,15.43,lmprs,
12/28/2013,01/02/2014,2013,Dec,,16.01,1.7672,1.7680,3.5390,0.3826,0.00094,1.6308,1.9537,1.8761,,,0.5706,Announcement of Class and Component Prices (PDF),DYMCLASSPRICES,2991,Dairy MMR,DY-WA,Washington,DC,"Washington, DC",Washington,DC,FMMOS,FMMOS - non-mars,01/02/2014 13:04:33,2013,2013-DEC,class_3_skim_milk_Price,13.23,lmprs,
11/30/2013,12/04/2013,2013,Nov,,15.56,1.6336,1.7042,3.6316,0.3955,0.00093,1.5205,1.8892,1.8612,,,0.5831,Announcement of Class and Component Prices (PDF),DYMCLASSPRICES,2991,Dairy MMR,DY-WA,Washington,DC,"Washington, DC",Washington,DC,FMMOS,FMMOS - non-mars,12/04/2013 13:42:24,2013,2013-NOV,class_3_skim_milk_Price,13.59,lmprs,
10/26/2013,10/30/2013,2013,Oct,,15.25,1.6638,1.6521,3.4107,0.3852,0.00090,1.5454,1.8366,1.8025,,,0.5731,Announcement of Class and Component Prices (PDF),DYMCLASSPRICES,2991,Dairy MMR,DY-WA,Washington,DC,"Washington, DC",Washington,DC,FMMOS,FMMOS - non-mars,10/30/2013 13:29:32,2013,2013-OCT,class_3_skim_milk_Price,12.85,lmprs,
09/28/2013,10/18/2013,2013,Sep,,14.96,1.5196,1.6243,3.5419,0.3914,0.00090,1.4263,1.8085,1.7961,,,0.5791,Announcement of Class and Component Prices (PDF),DYMCLASSPRICES,2991,Dairy MMR,DY-WA,Washington,DC,"Washington, DC",Washington,DC,FMMOS,FMMOS - non-mars,10/18/2013 10:41:45,2013,2013-SEP,class_3_skim_milk_Price,13.29,lmprs,
08/31/2013,09/05/2013,2013,Aug,,14.47,1.5104,1.5868,3.4775,0.3901,0.00089,1.4187,1.7706,1.7731,,,0.5778,Announcement of Class and Component Prices (PDF),DYMCLASSPRICES,2991,Dairy MMR,DY-WA,Washington,DC,"Washington, DC",Washington,DC,FMMOS,FMMOS - non-mars,09/05/2013 13:06:42,2013,2013-AUG,class_3_skim_milk_Price,13.08,lmprs,
07/27/2013,07/31/2013,2013,Jul,,14.20,1.5693,1.5438,3.2257,0.3927,0.00086,1.4674,1.7272,1.7142,,,0.5804,Announcement of Class and Component Prices (PDF),DYMCLASSPRICES,2991,Dairy MMR,DY-WA,Washington,DC,"Washington, DC",Washington,DC,FMMOS,FMMOS - non-mars,07/31/2013 13:04:38,2013,2013-JUL,class_3_skim_milk_Price,12.32,lmprs,
06/29/2013,07/03/2013,2013,Jun,,13.79,1.6599,1.5048,3.3455,0.3859,0.00089,1.5422,1.6878,1.7810,,,0.5738,Announcement of Class and Component Prices (PDF),DYMCLASSPRICES,2991,Dairy MMR,DY-WA,Washington,DC,"Washington, DC",Washington,DC,FMMOS,FMMOS - non-mars,07/03/2013 13:07:05,2013,2013-JUN,class_3_skim_milk_Price,12.65,lmprs,
06/01/2013,06/05/2013,2013,May,,12.59,1.7884,1.4549,3.3597,0.3887,0.00091,1.6483,1.6374,1.8274,,,0.5765,Announcement of Class and Component Prices (PDF),DYMCLASSPRICES,2991,Dairy MMR,DY-WA,Washington,DC,"Washington, DC",Washington,DC,FMMOS,FMMOS - non-mars,06/05/2013 13:37:51,2013,2013-MAY,class_3_skim_milk_Price,12.71,lmprs,
04/27/2013,05/01/2013,2013,Apr,,12.77,1.8227,1.3498,3.0130,0.3863,0.00087,1.6766,1.5312,1.7310,,,0.5741,Announcement of Class and Component Prices (PDF),DYMCLASSPRICES,2991,Dairy MMR,DY-WA,Washington,DC,"Washington, DC",Washington,DC,FMMOS,FMMOS - non-mars,05/01/2013 13:31:51,2013,2013-APR,class_3_skim_milk_Price,11.62,lmprs,
03/30/2013,04/03/2013,2013,Mar,,13.14,1.7476,1.3395,2.8204,0.4179,0.00082,1.6146,1.5208,1.6467,,,0.6048,Announcement of Class and Component Prices (PDF),DYMCLASSPRICES,2991,Dairy MMR,DY-WA,Washington,DC,"Washington, DC",Washington,DC,FMMOS,FMMOS - non-mars,04/03/2013 13:36:29,2013,2013-MAR,class_3_skim_milk_Price,11.21,lmprs,
02/23/2013,02/27/2013,2013,Feb,,13.11,1.6619,1.3742,2.9609,0.4534,0.00083,1.5438,1.5559,1.6623,,,0.6393,Announcement of Class and Component Prices (PDF),DYMCLASSPRICES,2991,Dairy MMR,DY-WA,Washington,DC,"Washington, DC",Washington,DC,FMMOS,FMMOS - non-mars,02/27/2013 13:03:22,2013,2013-FEB,class_3_skim_milk_Price,11.85,lmprs,
01/26/2013,01/30/2013,2013,Jan,,12.96,1.6168,1.3784,3.2862,0.4647,0.00087,1.5066,1.5601,1.7485,,,0.6503,Announcement of Class and Component Prices (PDF),DYMCLASSPRICES,2991,Dairy MMR,DY-WA,Washington,DC,"Washington, DC",Washington,DC,FMMOS,FMMOS - non-mars,01/30/2013 13:50:34,2013,2013-JAN,class_3_skim_milk_Price,12.93,lmprs,
12/29/2012,01/03/2013,2012,Dec,,12.67,1.7276,1.3569,3.3113,0.4758,0.00090,1.5981,1.5384,1.7925,,,0.6610,Announcement of Class and Component Prices (PDF),DYMCLASSPRICES,2991,Dairy MMR,DY-WA,Washington,DC,"Washington, DC",Washington,DC,FMMOS,FMMOS - non-mars,01/03/2013 13:44:27,2012,2012-DEC,class_3_skim_milk_Price,13.07,lmprs,
12/01/2012,12/05/2012,2012,Nov,,12.13,2.0218,1.3330,3.7172,0.4624,0.00101,1.8410,1.5143,2.0146,,,0.6480,Announcement of Class and Component Prices (PDF),DYMCLASSPRICES,2991,Dairy MMR,DY-WA,Washington,DC,"Washington, DC",Washington,DC,FMMOS,FMMOS - non-mars,12/05/2012 13:44:59,2012,2012-NOV,class_3_skim_milk_Price,14.25,lmprs,
10/27/2012,10/31/2012,2012,Oct,,11.42,2.1136,1.2828,3.7278,0.4340,0.00102,1.9168,1.4636,2.0479,,,0.6205,Announcement of Class and Component Prices (PDF),DYMCLASSPRICES,2991,Dairy MMR,DY-WA,Washington,DC,"Washington, DC",Washington,DC,FMMOS,FMMOS - non-mars,10/31/2012 13:24:09,2012,2012-OCT,class_3_skim_milk_Price,14.12,lmprs,
09/29/2012,10/03/2012,2012,Sep,,10.36,2.0047,1.1969,3.2521,0.3971,0.00093,1.8269,1.3768,1.8647,,,0.5846,Announcement of Class and Component Prices (PDF),DYMCLASSPRICES,2991,Dairy MMR,DY-WA,Washington,DC,"Washington, DC",Washington,DC,FMMOS,FMMOS - non-mars,10/03/2012 13:08:44,2012,2012-SEP,class_3_skim_milk_Price,12.42,lmprs,
08/25/2012,08/29/2012,2012,Aug,,9.53,1.8339,1.0756,3.1211,0.3462,0.00088,1.6859,1.2543,1.7682,,,0.5352,Announcement of Class and Component Prices (PDF),DYMCLASSPRICES,2991,Dairy MMR,DY-WA,Washington,DC,"Washington, DC",Washington,DC,FMMOS,FMMOS - non-mars,08/29/2012 13:03:29,2012,2012-AUG,class_3_skim_milk_Price,11.72,lmprs,
07/28/2012,08/01/2012,2012,Jul,,9.01,1.6556,0.9965,3.0430,0.3123,0.00084,1.5386,1.1744,1.6857,,,0.5023,Announcement of Class and Component Prices (PDF),DYMCLASSPRICES,2991,Dairy MMR,DY-WA,Washington,DC,"Washington, DC",Washington,DC,FMMOS,FMMOS - non-mars,08/01/2012 13:30:51,2012,2012-JUL,class_3_skim_milk_Price,11.28,lmprs,
06/30/2012,07/05/2012,2012,Jun,,9.42,1.4866,0.9252,2.8952,0.3113,0.00079,1.3991,1.1023,1.5846,,,0.5013,Announcement of Class and Component Prices (PDF),DYMCLASSPRICES,2991,Dairy MMR,DY-WA,Washington,DC,"Washington, DC",Washington,DC,FMMOS,FMMOS - non-mars,07/05/2012 13:47:57,2012,2012-JUN,class_3_skim_milk_Price,10.81,lmprs,
05/26/2012,05/31/2012,2012,May,,10.47,1.4462,0.9774,2.7344,0.3500,0.00076,1.3657,1.1551,1.5215,,,0.5389,Announcement of Class and Component Prices (PDF),DYMCLASSPRICES,2991,Dairy MMR,DY-WA,Washington,DC,"Washington, DC",Washington,DC,FMMOS,FMMOS - non-mars,05/31/2012 13:26:26,2012,2012-MAY,class_3_skim_milk_Price,10.54,lmprs,
04/28/2012,05/02/2012,2012,Apr,,11.09,1.5645,1.0728,2.6568,0.4048,0.00077,1.4634,1.2514,1.5361,,,0.5921,Announcement of Class and Component Prices (PDF),DYMCLASSPRICES,2991,Dairy MMR,DY-WA,Washington,DC,"Washington, DC",Washington,DC,FMMOS,FMMOS - non-mars,05/02/2012 13:55:44,2012,2012-APR,class_3_skim_milk_Price,10.62,lmprs,
03/24/2012,04/02/2012,2012,Mar,,,,,,0.0000,,,,,,,,Announcement of Class and Component Prices (PDF),DYMCLASSPRICES,2991,Dairy MMR,DY-WA,Washington,DC,"Washington, DC",Washington,DC,FMMOS,FMMOS - non-mars,04/02/2012 09:28:22,2012,2012-MAR,class_3_skim_milk_Price,,lmprs,
04/25/2026,04/29/2026,2026,Apr,,12.70,1.8692,1.5241,2.5190,0.3888,0.00082,1.7707,1.7788,1.6427,,,0.6443,Announcement of Class and Component Prices (PDF),DYMCLASSPRICES,2991,Dairy MMR,DY-WA,Washington,DC,"Washington, DC",Washington,DC,FMMOS,FMMOS - non-mars,04/29/2026 13:05:26,2026,2026-APR,class_4_Price,20.22,lmprs,
03/28/2026,04/01/2026,2026,Mar,,10.61,2.0220,1.3215,2.0905,0.4178,0.00078,1.8969,1.5741,1.5607,,,0.6724,Announcement of Class and Component Prices (PDF),DYMCLASSPRICES,2991,Dairy MMR,DY-WA,Washington,DC,"Washington, DC",Washington,DC,FMMOS,FMMOS - non-mars,04/01/2026 13:05:21,2026,2026-MAR,class_4_Price,18.94,lmprs,
02/28/2026,03/04/2026,2026,Feb,,9.42,1.7794,1.1220,1.9373,0.4391,0.00072,1.6966,1.3726,1.4338,,,0.6931,Announcement of Class and Component Prices (PDF),DYMCLASSPRICES,2991,Dairy MMR,DY-WA,Washington,DC,"Washington, DC",Washington,DC,FMMOS,FMMOS - non-mars,03/04/2026 12:54:48,2026,2026-FEB,class_4_Price,16.29,lmprs,
01/31/2026,02/04/2026,2026,Jan,,9.13,1.4525,0.9433,2.1768,0.4448,0.00070,1.4266,1.1921,1.4003,,,0.6986,Announcement of Class and Component Prices (PDF),DYMCLASSPRICES,2991,Dairy MMR,DY-WA,Washington,DC,"Washington, DC",Washington,DC,FMMOS,FMMOS - non-mars,02/04/2026 13:08:03,2026,2026-JAN,class_4_Price,13.55,lmprs,
12/27/2025,12/31/2025,2025,Dec,,9.19,1.5761,0.9057,2.4563,0.4352,0.00076,1.5287,1.1541,1.5271,,,0.6893,Announcement of Class and Component Prices (PDF),DYMCLASSPRICES,2991,Dairy MMR,DY-WA,Washington,DC,"Washington, DC",Washington,DC,FMMOS,FMMOS - non-mars,12/31/2025 13:05:26,2025,2025-DEC,class_4_Price,13.64,lmprs,
11/29/2025,12/03/2025,2025,Nov,,8.85,1.7061,0.9124,3.0143,0.3859,0.00087,1.6360,1.1609,1.7419,,,0.6415,Announcement of Class and Component Prices (PDF),DYMCLASSPRICES,2991,Dairy MMR,DY-WA,Washington,DC,"Washington, DC",Washington,DC,FMMOS,FMMOS - non-mars,12/03/2025 13:02:43,2025,2025-NOV,class_4_Price,13.89,lmprs,
11/01/2025,11/05/2025,2025,Oct,,9.96,1.8252,0.9116,2.8761,0.3360,0.00087,1.7344,1.1601,1.7384,,,0.5930,Announcement of Class and Component Prices (PDF),DYMCLASSPRICES,2991,Dairy MMR,DY-WA,Washington,DC,"Washington, DC",Washington,DC,FMMOS,FMMOS - non-mars,11/05/2025 13:05:19,2025,2025-OCT,class_4_Price,14.30,lmprs,
09/27/2025,10/01/2025,2025,Sep,,10.04,2.1925,0.9773,2.7062,0.3207,0.00090,2.0377,1.2265,1.8066,,,0.5782,Announcement of Class and Component Prices (PDF),DYMCLASSPRICES,2991,Dairy MMR,DY-WA,Washington,DC,"Washington, DC",Washington,DC,FMMOS,FMMOS - non-mars,10/01/2025 13:05:44,2025,2025-SEP,class_4_Price,16.17,lmprs,
08/30/2025,09/04/2025,2025,Aug,,9.96,2.7255,1.0323,1.9646,0.3204,0.00088,2.4778,1.2820,1.7529,,,0.5779,Announcement of Class and Component Prices (PDF),DYMCLASSPRICES,2991,Dairy MMR,DY-WA,Washington,DC,"Washington, DC",Washington,DC,FMMOS,FMMOS - non-mars,09/04/2025 13:05:39,2025,2025-AUG,class_4_Price,18.50,lmprs,
07/26/2025,07/30/2025,2025,Jul,,9.67,2.8435,1.0286,1.8730,0.3092,0.00088,2.5753,1.2783,1.7634,,,0.5670,Announcement of Class and Component Prices (PDF),DYMCLASSPRICES,2991,Dairy MMR,DY-WA,Washington,DC,"Washington, DC",Washington,DC,FMMOS,FMMOS - non-mars,07/30/2025 13:05:25,2025,2025-JUL,class_4_Price,18.89,lmprs,
06/28/2025,07/02/2025,2025,Jun,,9.14,2.7378,1.0037,2.5328,0.2914,0.00097,2.4880,1.2531,1.9322,,,0.5497,Announcement of Class and Component Prices (PDF),DYMCLASSPRICES,2991,Dairy MMR,DY-WA,Washington,DC,"Washington, DC",Washington,DC,FMMOS,FMMOS - non-mars,07/02/2025 13:05:29,2025,2025-JUN,class_4_Price,18.30,lmprs,
05/31/2025,06/04/2025,2025,May,,9.72,2.6627,1.0145,2.4810,0.3222,0.00092,2.3703,1.1925,1.8404,1.8177,1.8284,0.5119,Announcement of Class and Component Prices (PDF),DYMCLASSPRICES,2991,Dairy MMR,DY-WA,Washington,DC,"Washington, DC",Washington,DC,FMMOS,FMMOS - non-mars,06/04/2025 13:05:20,2025,2025-MAY,class_4_Price,18.13,lmprs,
04/26/2025,04/30/2025,2025,Apr,,10.31,2.6406,0.9994,2.1682,0.3087,0.00087,2.3520,1.1773,1.7361,1.7117,1.7244,0.4988,Announcement of Class and Component Prices (PDF),DYMCLASSPRICES,2991,Dairy MMR,DY-WA,Washington,DC,"Washington, DC",Washington,DC,FMMOS,FMMOS - non-mars,04/30/2025 13:04:13,2025,2025-APR,class_4_Price,17.92,lmprs,
03/29/2025,04/02/2025,2025,Mar,,11.31,2.6242,1.0393,2.4606,0.3647,0.00091,2.3385,1.2176,1.8215,1.8420,1.7732,0.5532,Announcement of Class and Component Prices (PDF),DYMCLASSPRICES,2991,Dairy MMR,DY-WA,Washington,DC,"Washington, DC",Washington,DC,FMMOS,FMMOS - non-mars,04/02/2025 13:05:07,2025,2025-MAR,class_4_Price,18.21,lmprs,
03/01/2025,03/05/2025,2025,Feb,,11.60,2.8186,1.1552,2.5337,0.4799,0.00095,2.4990,1.3347,1.9077,1.9158,1.8707,0.6650,Announcement of Class and Component Prices (PDF),DYMCLASSPRICES,2991,Dairy MMR,DY-WA,Washington,DC,"Washington, DC",Washington,DC,FMMOS,FMMOS - non-mars,03/05/2025 13:05:17,2025,2025-FEB,class_4_Price,19.90,lmprs,
02/01/2025,02/05/2025,2025,Jan,,11.65,2.9460,1.2002,2.3267,0.5384,0.00094,2.6042,1.3801,1.8851,1.8954,1.8477,0.7218,Announcement of Class and Component Prices (PDF),DYMCLASSPRICES,2991,Dairy MMR,DY-WA,Washington,DC,"Washington, DC",Washington,DC,FMMOS,FMMOS - non-mars,02/05/2025 13:05:17,2025,2025-JAN,class_4_Price,20.73,lmprs,
12/28/2024,01/02/2025,2024,Dec,,11.47,2.9104,1.2151,1.9637,0.4493,0.00088,2.5748,1.3952,1.7608,1.7583,1.7326,0.6353,Announcement of Class and Component Prices (PDF),DYMCLASSPRICES,2991,Dairy MMR,DY-WA,Washington,DC,"Washington, DC",Washington,DC,FMMOS,FMMOS - non-mars,01/02/2025 13:05:22,2024,2024-DEC,class_4_Price,20.74,lmprs,
11/30/2024,12/04/2024,2024,Nov,,11.17,3.0623,1.1974,2.3160,0.4049,0.00096,2.7002,1.3773,1.9198,1.9096,1.8973,0.5922,Announcement of Class and Component Prices (PDF),DYMCLASSPRICES,2991,Dairy MMR,DY-WA,Washington,DC,"Washington, DC",Washington,DC,FMMOS,FMMOS - non-mars,12/04/2024 13:05:26,2024,2024-NOV,class_4_Price,21.12,lmprs,
10/26/2024,10/30/2024,2024,Oct,,10.56,3.0851,1.1628,3.3238,0.3705,0.00112,2.7191,1.3423,2.2400,2.1605,2.2760,0.5588,Announcement of Class and Component Prices (PDF),DYMCLASSPRICES,2991,Dairy MMR,DY-WA,Washington,DC,"Washington, DC",Washington,DC,FMMOS,FMMOS - non-mars,10/30/2024 13:05:20,2024,2024-OCT,class_4_Price,20.90,lmprs,
09/28/2024,10/02/2024,2024,Sep,,10.09,3.6114,1.1109,2.9249,0.3430,0.00114,3.1537,1.2899,2.2882,2.2013,2.3319,0.5321,Announcement of Class and Component Prices (PDF),DYMCLASSPRICES,2991,Dairy MMR,DY-WA,Washington,DC,"Washington, DC",Washington,DC,FMMOS,FMMOS - non-mars,10/02/2024 13:05:28,2024,2024-SEP,class_4_Price,22.29,lmprs,
08/31/2024,09/05/2024,2024,Aug,,9.90,3.5632,1.0484,2.1756,0.2959,0.00102,3.1139,1.2268,2.0399,1.9812,2.0573,0.4864,Announcement of Class and Component Prices (PDF),DYMCLASSPRICES,2991,Dairy MMR,DY-WA,Washington,DC,"Washington, DC",Washington,DC,FMMOS,FMMOS - non-mars,09/05/2024 13:04:24,2024,2024-AUG,class_4_Price,21.58,lmprs,
07/27/2024,07/31/2024,2024,Jul,,9.63,3.5720,1.0149,1.9466,0.2571,0.00099,3.1211,1.1930,1.9717,1.9458,1.9635,0.4487,Announcement of Class and Component Prices (PDF),DYMCLASSPRICES,2991,Dairy MMR,DY-WA,Washington,DC,"Washington, DC",Washington,DC,FMMOS,FMMOS - non-mars,07/31/2024 13:05:31,2024,2024-JUL,class_4_Price,21.31,lmprs,
06/29/2024,07/03/2024,2024,Jun,,9.50,3.5444,0.9991,2.0546,0.2326,0.00100,3.0983,1.1770,1.9962,1.9154,2.0345,0.4249,Announcement of Class and Component Prices (PDF),DYMCLASSPRICES,2991,Dairy MMR,DY-WA,Washington,DC,"Washington, DC",Washington,DC,FMMOS,FMMOS - non-mars,07/03/2024 13:04:46,2024,2024-JUN,class_4_Price,21.08,lmprs,
06/01/2024,06/05/2024,2024,May,,9.69,3.4636,0.9647,1.7349,0.2181,0.00094,3.0316,1.1422,1.8706,1.8062,1.8952,0.4108,Announcement of Class and Component Prices (PDF),DYMCLASSPRICES,2991,Dairy MMR,DY-WA,Washington,DC,"Washington, DC",Washington,DC,FMMOS,FMMOS - non-mars,06/05/2024 13:05:24,2024,2024-MAY,class_4_Price,20.50,lmprs,
04/27/2024,05/01/2024,2024,Apr,,9.89,3.3309,0.9730,0.8345,0.2367,0.00077,2.9220,1.1506,1.5478,1.5170,1.5447,0.4289,Announcement of Class and Component Prices (PDF),DYMCLASSPRICES,2991,Dairy MMR,DY-WA,Washington,DC,"Washington, DC",Washington,DC,FMMOS,FMMOS - non-mars,05/01/2024 13:05:25,2024,2024-APR,class_4_Price,20.11,lmprs,
03/30/2024,04/03/2024,2024,Mar,,10.11,3.2385,1.0083,1.1265,0.2881,0.00080,2.8457,1.1863,1.6082,1.5730,1.6085,0.4788,Announcement of Class and Component Prices (PDF),DYMCLASSPRICES,2991,Dairy MMR,DY-WA,Washington,DC,"Washington, DC",Washington,DC,FMMOS,FMMOS - non-mars,04/03/2024 13:05:20,2024,2024-MAR,class_4_Price,20.09,lmprs,
02/24/2024,02/28/2024,2024,Feb,,9.99,3.1031,1.0343,1.2255,0.2738,0.00080,2.7339,1.2125,1.5947,1.6021,1.5586,0.4649,Announcement of Class and Component Prices (PDF),DYMCLASSPRICES,2991,Dairy MMR,DY-WA,Washington,DC,"Washington, DC",Washington,DC,FMMOS,FMMOS - non-mars,02/28/2024 13:05:37,2024,2024-FEB,class_4_Price,19.85,lmprs,
01/27/2024,01/31/2024,2024,Jan,,9.95,2.9765,1.0330,1.1265,0.2417,0.00076,2.6294,1.2112,1.5226,1.5260,1.4895,0.4338,Announcement of Class and Component Prices (PDF),DYMCLASSPRICES,2991,Dairy MMR,DY-WA,Washington,DC,"Washington, DC",Washington,DC,FMMOS,FMMOS - non-mars,01/31/2024 13:10:03,2024,2024-JAN,class_4_Price,19.39,lmprs,
12/30/2023,01/04/2024,2023,Dec,,9.78,2.9778,1.0144,1.4499,0.2242,0.00081,2.6305,1.1924,1.6234,1.6385,1.5813,0.4168,Announcement of Class and Component Prices (PDF),DYMCLASSPRICES,2991,Dairy MMR,DY-WA,Washington,DC,"Washington, DC",Washington,DC,FMMOS,FMMOS - non-mars,01/04/2024 13:04:47,2023,2023-DEC,class_4_Price,19.23,lmprs,
11/25/2023,11/29/2023,2023,Nov,,9.40,3.4608,1.0080,1.3238,0.1895,0.00087,3.0293,1.1860,1.7421,1.7511,1.7034,0.3831,Announcement of Class and Component Prices (PDF),DYMCLASSPRICES,2991,Dairy MMR,DY-WA,Washington,DC,"Washington, DC",Washington,DC,FMMOS,FMMOS - non-mars,11/29/2023 13:05:36,2023,2023-NOV,class_4_Price,20.87,lmprs,
10/28/2023,11/01/2023,2023,Oct,,9.25,3.7144,0.9781,1.0468,0.1243,0.00087,3.2387,1.1558,1.7390,1.8044,1.6502,0.3198,Announcement of Class and Component Prices (PDF),DYMCLASSPRICES,2991,Dairy MMR,DY-WA,Washington,DC,"Washington, DC",Washington,DC,FMMOS,FMMOS - non-mars,11/01/2023 13:05:20,2023,2023-OCT,class_4_Price,21.49,lmprs,
09/30/2023,10/04/2023,2023,Sep,,9.34,3.1264,0.9382,2.3027,0.0992,0.00097,2.7532,1.1155,1.9366,1.9895,1.8616,0.2954,Announcement of Class and Component Prices (PDF),DYMCLASSPRICES,2991,Dairy MMR,DY-WA,Washington,DC,"Washington, DC",Washington,DC,FMMOS,FMMOS - non-mars,10/04/2023 13:05:28,2023,2023-SEP,class_4_Price,19.09,lmprs,
08/26/2023,08/30/2023,2023,Aug,,9.65,3.0218,0.9599,2.0851,0.0648,0.00092,2.6668,1.1374,1.8349,1.8625,1.7764,0.2620,Announcement of Class and Component Prices (PDF),DYMCLASSPRICES,2991,Dairy MMR,DY-WA,Washington,DC,"Washington, DC",Washington,DC,FMMOS,FMMOS - non-mars,08/30/2023 13:05:53,2023,2023-AUG,class_4_Price,18.91,lmprs,
07/29/2023,08/02/2023,2023,Jul,,9.64,2.7986,0.9746,1.1991,0.0689,0.00074,2.4825,1.1522,1.4870,1.4614,1.4789,0.2660,Announcement of Class and Component Prices (PDF),DYMCLASSPRICES,2991,Dairy MMR,DY-WA,Washington,DC,"Washington, DC",Washington,DC,FMMOS,FMMOS - non-mars,08/02/2023 13:05:22,2023,2023-JUL,class_4_Price,18.26,lmprs,
06/24/2023,06/28/2023,2023,Jun,,9.48,2.7605,0.9896,1.5144,0.1266,0.00079,2.4510,1.1674,1.5724,1.5568,1.5561,0.3220,Announcement of Class and Component Prices (PDF),DYMCLASSPRICES,2991,Dairy MMR,DY-WA,Washington,DC,"Washington, DC",Washington,DC,FMMOS,FMMOS - non-mars,06/28/2023 13:06:22,2023,2023-JUN,class_4_Price,18.26,lmprs,
05/27/2023,06/01/2023,2023,May,,9.78,2.7572,0.9729,1.8002,0.1877,0.00083,2.4483,1.1505,1.6600,1.7277,1.5715,0.3813,Announcement of Class and Component Prices (PDF),DYMCLASSPRICES,2991,Dairy MMR,DY-WA,Washington,DC,"Washington, DC",Washington,DC,FMMOS,FMMOS - non-mars,06/01/2023 13:05:28,2023,2023-MAY,class_4_Price,18.10,lmprs,
04/29/2023,05/03/2023,2023,Apr,,10.07,2.7009,0.9774,2.5603,0.2479,0.00094,2.4018,1.1551,1.8775,1.9406,1.7942,0.4398,Announcement of Class and Component Prices (PDF),DYMCLASSPRICES,2991,Dairy MMR,DY-WA,Washington,DC,"Washington, DC",Washington,DC,FMMOS,FMMOS - non-mars,05/03/2023 13:06:24,2023,2023-APR,class_4_Price,17.95,lmprs,
04/01/2023,04/05/2023,2023,Mar,,10.30,2.7300,1.0154,2.4085,0.2338,0.00092,2.4258,1.1935,1.8399,1.9503,1.7188,0.4261,Announcement of Class and Component Prices (PDF),DYMCLASSPRICES,2991,Dairy MMR,DY-WA,Washington,DC,"Washington, DC",Washington,DC,FMMOS,FMMOS - non-mars,04/05/2023 13:05:21,2023,2023-MAR,class_4_Price,18.38,lmprs,
02/25/2023,03/01/2023,2023,Feb,,11.70,2.7178,1.0766,2.3650,0.2101,0.00091,2.4158,1.2553,1.8224,1.9874,1.6602,0.4031,Announcement of Class and Component Prices (PDF),DYMCLASSPRICES,2991,Dairy MMR,DY-WA,Washington,DC,"Washington, DC",Washington,DC,FMMOS,FMMOS - non-mars,03/01/2023 13:05:11,2023,2023-FEB,class_4_Price,18.86,lmprs,
01/28/2023,02/01/2023,2023,Jan,,12.32,2.7713,1.1864,2.8058,0.2343,0.00099,2.4599,1.3662,1.9767,2.1147,1.8226,0.4266,Announcement of Class and Component Prices (PDF),DYMCLASSPRICES,2991,Dairy MMR,DY-WA,Washington,DC,"Washington, DC",Washington,DC,FMMOS,FMMOS - non-mars,02/01/2023 13:04:20,2023,2023-JAN,class_4_Price,20.01,lmprs,
12/31/2022,01/05/2023,2022,Dec,,12.48,3.1539,1.2752,2.6568,0.2652,0.00103,2.7759,1.4559,2.0555,2.1594,1.9293,0.4566,Announcement of Class and Component Prices (PDF),DYMCLASSPRICES,2991,Dairy MMR,DY-WA,Washington,DC,"Washington, DC",Washington,DC,FMMOS,FMMOS - non-mars,01/05/2023 13:01:32,2022,2022-DEC,class_4_Price,22.12,lmprs,
11/26/2022,11/30/2022,2022,Nov,,13.31,3.3720,1.3233,2.5374,0.2837,0.00104,2.9560,1.5045,2.0897,2.0748,2.0744,0.4745,Announcement of Class and Component Prices (PDF),DYMCLASSPRICES,2991,Dairy MMR,DY-WA,Washington,DC,"Washington, DC",Washington,DC,FMMOS,FMMOS - non-mars,11/30/2022 13:08:10,2022,2022-NOV,class_4_Price,23.30,lmprs,
10/29/2022,11/02/2022,2022,Oct,,13.37,3.6567,1.4000,2.4512,0.2952,0.00108,3.1911,1.5819,2.1560,2.0453,2.2210,0.4857,Announcement of Class and Component Prices (PDF),DYMCLASSPRICES,2991,Dairy MMR,DY-WA,Washington,DC,"Washington, DC",Washington,DC,FMMOS,FMMOS - non-mars,11/02/2022 13:05:49,2022,2022-OCT,class_4_Price,24.96,lmprs,
10/01/2022,10/05/2022,2022,Sep,,14.52,3.5653,1.3984,1.8847,0.2998,0.00098,3.1156,1.5803,1.9503,1.8835,1.9830,0.4902,Announcement of Class and Component Prices (PDF),DYMCLASSPRICES,2991,Dairy MMR,DY-WA,Washington,DC,"Washington, DC",Washington,DC,FMMOS,FMMOS - non-mars,10/05/2022 13:05:11,2022,2022-SEP,class_4_Price,24.63,lmprs,
08/27/2022,08/31/2022,2022,Aug,,15.53,3.4001,1.4862,2.1417,0.3146,0.00099,2.9792,1.6690,1.9761,1.9484,1.9698,0.5045,Announcement of Class and Component Prices (PDF),DYMCLASSPRICES,2991,Dairy MMR,DY-WA,Washington,DC,"Washington, DC",Washington,DC,FMMOS,FMMOS - non-mars,08/31/2022 13:05:24,2022,2022-AUG,class_4_Price,24.81,lmprs,
07/30/2022,08/03/2022,2022,Jul,,15.42,3.3600,1.6160,2.9116,0.3596,0.00110,2.9461,1.8001,2.2019,2.1622,2.2054,0.5482,Announcement of Class and Component Prices (PDF),DYMCLASSPRICES,2991,Dairy MMR,DY-WA,Washington,DC,"Washington, DC",Washington,DC,FMMOS,FMMOS - non-mars,08/03/2022 13:07:36,2022,2022-JUL,class_4_Price,25.79,lmprs,
06/25/2022,06/29/2022,2022,Jun,,15.50,3.3323,1.6313,3.4173,0.4295,0.00117,2.9232,1.8156,2.3498,2.3214,2.3472,0.6161,Announcement of Class and Component Prices (PDF),DYMCLASSPRICES,2991,Dairy MMR,DY-WA,Washington,DC,"Washington, DC",Washington,DC,FMMOS,FMMOS - non-mars,06/29/2022 13:04:26,2022,2022-JUN,class_4_Price,25.83,lmprs,
05/28/2022,06/02/2022,2022,May,,15.52,3.1056,1.6253,3.8696,0.4857,0.00121,2.7360,1.8095,2.4161,2.3798,2.4187,0.6707,Announcement of Class and Component Prices (PDF),DYMCLASSPRICES,2991,Dairy MMR,DY-WA,Washington,DC,"Washington, DC",Washington,DC,FMMOS,FMMOS - non-mars,06/02/2022 13:04:58,2022,2022-MAY,class_4_Price,24.99,lmprs,
04/30/2022,05/04/2022,2022,Apr,,15.21,3.1461,1.6470,3.4239,0.5565,0.00115,2.7694,1.8314,2.2910,2.2759,2.2759,0.7394,Announcement of Class and Component Prices (PDF),DYMCLASSPRICES,2991,Dairy MMR,DY-WA,Washington,DC,"Washington, DC",Washington,DC,FMMOS,FMMOS - non-mars,05/04/2022 13:05:49,2022,2022-APR,class_4_Price,25.31,lmprs,
03/26/2022,03/30/2022,2022,Mar,,14.41,3.0935,1.6113,2.7182,0.6131,0.00103,2.7260,1.7954,2.0548,2.0748,2.0066,0.7943,Announcement of Class and Component Prices (PDF),DYMCLASSPRICES,2991,Dairy MMR,DY-WA,Washington,DC,"Washington, DC",Washington,DC,FMMOS,FMMOS - non-mars,03/30/2022 13:05:10,2022,2022-MAR,class_4_Price,24.82,lmprs,
02/26/2022,03/02/2022,2022,Feb,,13.67,3.0218,1.5450,2.3168,0.5983,0.00095,2.6668,1.7284,1.9068,1.9091,1.8746,0.7800,Announcement of Class and Component Prices (PDF),DYMCLASSPRICES,2991,Dairy MMR,DY-WA,Washington,DC,"Washington, DC",Washington,DC,FMMOS,FMMOS - non-mars,03/02/2022 13:02:51,2022,2022-FEB,class_4_Price,24.00,lmprs,
01/29/2022,02/02/2022,2022,Jan,,12.91,2.9567,1.4662,2.3563,0.5249,0.00095,2.6130,1.6488,1.8978,1.9787,1.7951,0.7087,Announcement of Class and Component Prices (PDF),DYMCLASSPRICES,2991,Dairy MMR,DY-WA,Washington,DC,"Washington, DC",Washington,DC,FMMOS,FMMOS - non-mars,02/02/2022 13:05:34,2022,2022-JAN,class_4_Price,23.09,lmprs,
01/01/2022,01/05/2022,2021,Dec,,12.22,2.2919,1.3655,2.5937,0.4532,0.00088,2.0641,1.5471,1.7542,1.8633,1.6263,0.6391,Announcement of Class and Component Prices (PDF),DYMCLASSPRICES,2991,Dairy MMR,DY-WA,Washington,DC,"Washington, DC",Washington,DC,FMMOS,FMMOS - non-mars,01/05/2022 13:26:36,2021,2021-DEC,class_4_Price,19.88,lmprs,
11/27/2021,12/01/2021,2021,Nov,,11.23,2.1541,1.2960,2.7536,0.3949,0.00088,1.9503,1.4769,1.7588,1.7605,1.7272,0.5825,Announcement of Class and Component Prices (PDF),DYMCLASSPRICES,2991,Dairy MMR,DY-WA,Washington,DC,"Washington, DC",Washington,DC,FMMOS,FMMOS - non-mars,12/01/2021 13:04:41,2021,2021-NOV,class_4_Price,18.79,lmprs,
10/30/2021,11/03/2021,2021,Oct,,10.63,1.9414,1.1801,3.0130,0.3560,0.00088,1.7746,1.3598,1.7698,1.8070,1.7011,0.5447,Announcement of Class and Component Prices (PDF),DYMCLASSPRICES,2991,Dairy MMR,DY-WA,Washington,DC,"Washington, DC",Washington,DC,FMMOS,FMMOS - non-mars,11/03/2021 13:05:14,2021,2021-OCT,class_4_Price,17.04,lmprs,
09/25/2021,09/29/2021,2021,Sep,,10.45,1.9388,1.1027,2.6010,0.3445,0.00082,1.7725,1.2816,1.6411,1.7761,1.4873,0.5336,Announcement of Class and Component Prices (PDF),DYMCLASSPRICES,2991,Dairy MMR,DY-WA,Washington,DC,"Washington, DC",Washington,DC,FMMOS,FMMOS - non-mars,09/29/2021 13:06:40,2021,2021-SEP,class_4_Price,16.36,lmprs,
08/28/2021,09/01/2021,2021,Aug,,10.37,1.8508,1.0872,2.4582,0.3735,0.00078,1.6998,1.2660,1.5680,1.6902,1.4371,0.5617,Announcement of Class and Component Prices (PDF),DYMCLASSPRICES,2991,Dairy MMR,DY-WA,Washington,DC,"Washington, DC",Washington,DC,FMMOS,FMMOS - non-mars,09/01/2021 13:04:00,2021,2021-AUG,class_4_Price,15.92,lmprs,
07/31/2021,08/04/2021,2021,Jul,,10.53,1.8996,1.0765,2.4957,0.4181,0.00080,1.7401,1.2552,1.5956,1.5948,1.5663,0.6050,Announcement of Class and Component Prices (PDF),DYMCLASSPRICES,2991,Dairy MMR,DY-WA,Washington,DC,"Washington, DC",Washington,DC,FMMOS,FMMOS - non-mars,08/04/2021 13:05:40,2021,2021-JUL,class_4_Price,16.00,lmprs,
06/26/2021,06/30/2021,2021,Jun,,10.12,1.9641,1.0908,2.5834,0.4579,0.00082,1.7934,1.2696,1.6439,1.6058,1.6506,0.6437,Announcement of Class and Component Prices (PDF),DYMCLASSPRICES,2991,Dairy MMR,DY-WA,Washington,DC,"Washington, DC",Washington,DC,FMMOS,FMMOS - non-mars,06/30/2021 13:04:48,2021,2021-JUN,class_4_Price,16.35,lmprs,
05/29/2021,06/03/2021,2021,May,,9.58,1.9851,1.0607,3.1307,0.4645,0.00091,1.8107,1.2392,1.8206,1.8072,1.8035,0.6501,Announcement of Class and Component Prices (PDF),DYMCLASSPRICES,2991,Dairy MMR,DY-WA,Washington,DC,"Washington, DC",Washington,DC,FMMOS,FMMOS - non-mars,06/03/2021 13:06:19,2021,2021-MAY,class_4_Price,16.16,lmprs,
05/01/2021,05/05/2021,2021,Apr,,9.03,1.9496,0.9902,2.8136,0.4268,0.00086,1.7814,1.1680,1.7106,1.7918,1.6011,0.6135,Announcement of Class and Component Prices (PDF),DYMCLASSPRICES,2991,Dairy MMR,DY-WA,Washington,DC,"Washington, DC",Washington,DC,FMMOS,FMMOS - non-mars,05/05/2021 13:08:26,2021,2021-APR,class_4_Price,15.42,lmprs,
03/27/2021,03/31/2021,2021,Mar,,9.36,1.7176,0.9396,2.6954,0.3652,0.00080,1.5898,1.1169,1.5981,1.6695,1.5023,0.5537,Announcement of Class and Component Prices (PDF),DYMCLASSPRICES,2991,Dairy MMR,DY-WA,Washington,DC,"Washington, DC",Washington,DC,FMMOS,FMMOS - non-mars,03/31/2021 13:03:13,2021,2021-MAR,class_4_Price,14.18,lmprs,
02/27/2021,03/03/2021,2021,Feb,,9.27,1.4376,0.9391,2.9816,0.3161,0.00080,1.3586,1.1164,1.5954,1.6870,1.4841,0.5060,Announcement of Class and Component Prices (PDF),DYMCLASSPRICES,2991,Dairy MMR,DY-WA,Washington,DC,"Washington, DC",Washington,DC,FMMOS,FMMOS - non-mars,03/03/2021 13:04:40,2021,2021-FEB,class_4_Price,13.19,lmprs,
01/30/2021,02/03/2021,2021,Jan,,9.03,1.5541,0.9570,3.0355,0.2682,0.00083,1.4548,1.1345,1.6502,1.7171,1.5601,0.4595,Announcement of Class and Component Prices (PDF),DYMCLASSPRICES,2991,Dairy MMR,DY-WA,Washington,DC,"Washington, DC",Washington,DC,FMMOS,FMMOS - non-mars,02/03/2021 13:02:18,2021,2021-JAN,class_4_Price,13.75,lmprs,
12/26/2020,12/30/2020,2020,Dec,,8.91,1.5399,0.9180,3.0282,0.2245,0.00082,1.4431,1.0951,1.6433,1.7708,1.4944,0.4171,Announcement of Class and Component Prices (PDF),DYMCLASSPRICES,2991,Dairy MMR,DY-WA,Washington,DC,"Washington, DC",Washington,DC,FMMOS,FMMOS - non-mars,12/30/2020 13:03:18,2020,2020-DEC,class_4_Price,13.36,lmprs,
11/28/2020,12/02/2020,2020,Nov,,8.70,1.5553,0.9047,5.6226,0.1894,0.00123,1.4558,1.0816,2.4535,2.5808,2.2929,0.3830,Announcement of Class and Component Prices (PDF),DYMCLASSPRICES,2991,Dairy MMR,DY-WA,Washington,DC,"Washington, DC",Washington,DC,FMMOS,FMMOS - non-mars,12/02/2020 13:06:51,2020,2020-NOV,class_4_Price,13.30,lmprs,
10/31/2020,11/04/2020,2020,Oct,,8.15,1.6388,0.8902,5.0146,0.1534,0.00115,1.5248,1.0670,2.2921,2.5692,1.9640,0.3480,Announcement of Class and Component Prices (PDF),DYMCLASSPRICES,2991,Dairy MMR,DY-WA,Washington,DC,"Washington, DC",Washington,DC,FMMOS,FMMOS - non-mars,11/04/2020 12:56:06,2020,2020-OCT,class_4_Price,13.47,lmprs,
09/26/2020,09/30/2020,2020,Sep,,7.83,1.5932,0.8253,3.3935,0.1241,0.00089,1.4871,1.0014,1.7741,1.9496,1.5736,0.3196,Announcement of Class and Component Prices (PDF),DYMCLASSPRICES,2991,Dairy MMR,DY-WA,Washington,DC,"Washington, DC",Washington,DC,FMMOS,FMMOS - non-mars,09/30/2020 13:06:10,2020,2020-SEP,class_4_Price,12.75,lmprs,
08/29/2020,09/02/2020,2020,Aug,,7.82,1.6275,0.7862,4.4394,0.1387,0.00105,1.5154,0.9619,2.1099,2.2144,1.9817,0.3338,Announcement of Class and Component Prices (PDF),DYMCLASSPRICES,2991,Dairy MMR,DY-WA,Washington,DC,"Washington, DC",Washington,DC,FMMOS,FMMOS - non-mars,09/02/2020 13:07:48,2020,2020-AUG,class_4_Price,12.53,lmprs,
08/01/2020,08/05/2020,2020,Jul,,7.16,1.9583,0.7959,5.6294,0.1492,0.00129,1.7886,0.9717,2.5873,2.6978,2.4374,0.3440,Announcement of Class and Component Prices (PDF),DYMCLASSPRICES,2991,Dairy MMR,DY-WA,Washington,DC,"Washington, DC",Washington,DC,FMMOS,FMMOS - non-mars,08/05/2020 13:05:32,2020,2020-JUL,class_4_Price,13.76,lmprs,
06/27/2020,07/01/2020,2020,Jun,,6.69,1.8591,0.7354,4.5349,0.1696,0.00111,1.7067,0.9106,2.2152,2.2566,2.1482,0.3638,Announcement of Class and Component Prices (PDF),DYMCLASSPRICES,2991,Dairy MMR,DY-WA,Washington,DC,"Washington, DC",Washington,DC,FMMOS,FMMOS - non-mars,07/01/2020 13:06:28,2020,2020-JUN,class_4_Price,12.90,lmprs,
05/30/2020,06/03/2020,2020,May,,7.73,1.3756,0.6746,2.0918,0.1882,0.00065,1.3074,0.8492,1.2990,1.3049,1.2641,0.3818,Announcement of Class and Component Prices (PDF),DYMCLASSPRICES,2991,Dairy MMR,DY-WA,Washington,DC,"Washington, DC",Washington,DC,FMMOS,FMMOS - non-mars,06/03/2020 13:03:03,2020,2020-MAY,class_4_Price,10.67,lmprs,
04/25/2020,04/29/2020,2020,Apr,,9.55,1.3218,0.7795,2.4822,0.1793,0.00070,1.2630,0.9552,1.4026,1.5264,1.2744,0.3732,Announcement of Class and Component Prices (PDF),DYMCLASSPRICES,2991,Dairy MMR,DY-WA,Washington,DC,"Washington, DC",Washington,DC,FMMOS,FMMOS - non-mars,04/29/2020 13:03:20,2020,2020-APR,class_4_Price,11.40,lmprs,
03/28/2020,04/01/2020,2020,Mar,,10.38,1.9177,0.9387,2.8424,0.1810,0.00085,1.7551,1.1160,1.7091,1.8133,1.5761,0.3748,Announcement of Class and Component Prices (PDF),DYMCLASSPRICES,2991,Dairy MMR,DY-WA,Washington,DC,"Washington, DC",Washington,DC,FMMOS,FMMOS - non-mars,04/01/2020 13:04:59,2020,2020-MAR,class_4_Price,14.87,lmprs,
02/29/2020,03/04/2020,2020,Feb,,10.24,1.9813,1.0667,3.0309,0.1750,0.00089,1.8076,1.2453,1.7884,1.9467,1.6007,0.3690,Announcement of Class and Component Prices (PDF),DYMCLASSPRICES,2991,Dairy MMR,DY-WA,Washington,DC,"Washington, DC",Washington,DC,FMMOS,FMMOS - non-mars,03/04/2020 13:22:00,2020,2020-FEB,class_4_Price,16.20,lmprs,
02/01/2020,02/05/2020,2020,Jan,,9.98,2.1117,1.0665,2.9606,0.1417,0.00090,1.9153,1.2451,1.8092,1.8995,1.6869,0.3367,Announcement of Class and Component Prices (PDF),DYMCLASSPRICES,2991,Dairy MMR,DY-WA,Washington,DC,"Washington, DC",Washington,DC,FMMOS,FMMOS - non-mars,02/05/2020 13:07:49,2020,2020-JAN,class_4_Price,16.65,lmprs,
12/28/2019,01/02/2020,2019,Dec,,9.43,2.1952,1.0378,3.6515,0.1341,0.00103,1.9842,1.2161,2.0509,1.9363,2.1395,0.3293,Announcement of Class and Component Prices (PDF),DYMCLASSPRICES,2991,Dairy MMR,DY-WA,Washington,DC,"Washington, DC",Washington,DC,FMMOS,FMMOS - non-mars,01/02/2020 13:02:40,2019,2019-DEC,class_4_Price,16.70,lmprs,
11/30/2019,12/04/2019,2019,Nov,,9.02,2.3195,0.9763,3.9118,0.1112,0.00109,2.0869,1.1540,2.1723,2.0987,2.2280,0.3071,Announcement of Class and Component Prices (PDF),DYMCLASSPRICES,2991,Dairy MMR,DY-WA,Washington,DC,"Washington, DC",Washington,DC,FMMOS,FMMOS - non-mars,12/04/2019 13:05:21,2019,2019-NOV,class_4_Price,16.60,lmprs,
10/26/2019,10/30/2019,2019,Oct,,8.54,2.4031,0.9186,3.1700,0.1447,0.00098,2.1559,1.0957,1.9694,2.0569,1.8379,0.3396,Announcement of Class and Component Prices (PDF),DYMCLASSPRICES,2991,Dairy MMR,DY-WA,Washington,DC,"Washington, DC",Washington,DC,FMMOS,FMMOS - non-mars,10/30/2019 13:03:28,2019,2019-OCT,class_4_Price,16.39,lmprs,
09/28/2019,10/02/2019,2019,Sep,,8.46,2.4982,0.8753,2.8633,0.1758,0.00095,2.2344,1.0519,1.9053,1.9843,1.7913,0.3698,Announcement of Class and Component Prices (PDF),DYMCLASSPRICES,2991,Dairy MMR,DY-WA,Washington,DC,"Washington, DC",Washington,DC,FMMOS,FMMOS - non-mars,10/02/2019 13:08:22,2019,2019-SEP,class_4_Price,16.35,lmprs,
08/31/2019,09/05/2019,2019,Aug,,8.57,2.6574,0.8570,2.4453,0.1730,0.00091,2.3659,1.0335,1.8276,,,0.3671,Announcement of Class and Component Prices (PDF),DYMCLASSPRICES,2991,Dairy MMR,DY-WA,Washington,DC,"Washington, DC",Washington,DC,FMMOS,FMMOS - non-mars,09/05/2019 13:05:13,2019,2019-AUG,class_4_Price,16.74,lmprs,
07/27/2019,07/31/2019,2019,Jul,,8.48,2.6858,0.8628,2.4032,0.1689,0.00091,2.3893,1.0393,1.8238,,,0.3631,Announcement of Class and Component Prices (PDF),DYMCLASSPRICES,2991,Dairy MMR,DY-WA,Washington,DC,"Washington, DC",Washington,DC,FMMOS,FMMOS - non-mars,07/31/2019 13:05:14,2019,2019-JUL,class_4_Price,16.90,lmprs,
06/29/2019,07/03/2019,2019,Jun,,8.26,2.6579,0.8665,2.0046,0.1702,0.00085,2.3663,1.0431,1.6910,,,0.3643,Announcement of Class and Component Prices (PDF),DYMCLASSPRICES,2991,Dairy MMR,DY-WA,Washington,DC,"Washington, DC",Washington,DC,FMMOS,FMMOS - non-mars,07/03/2019 13:03:40,2019,2019-JUN,class_4_Price,16.83,lmprs,
06/01/2019,06/05/2019,2019,May,,7.72,2.5718,0.8386,2.1159,0.1847,0.00085,2.2952,1.0149,1.6974,,,0.3784,Announcement of Class and Component Prices (PDF),DYMCLASSPRICES,2991,Dairy MMR,DY-WA,Washington,DC,"Washington, DC",Washington,DC,FMMOS,FMMOS - non-mars,06/05/2019 13:05:15,2019,2019-MAY,class_4_Price,16.29,lmprs,
04/27/2019,05/01/2019,2019,Apr,,7.75,2.5375,0.7883,1.9890,0.1990,0.00082,2.2669,0.9641,1.6468,,,0.3923,Announcement of Class and Component Prices (PDF),DYMCLASSPRICES,2991,Dairy MMR,DY-WA,Washington,DC,"Washington, DC",Washington,DC,FMMOS,FMMOS - non-mars,05/01/2019 13:05:18,2019,2019-APR,class_4_Price,15.72,lmprs,
03/30/2019,04/03/2019,2019,Mar,,7.95,2.5461,0.7832,1.6303,0.2200,0.00077,2.2740,0.9589,1.5383,,,0.4127,Announcement of Class and Component Prices (PDF),DYMCLASSPRICES,2991,Dairy MMR,DY-WA,Washington,DC,"Washington, DC",Washington,DC,FMMOS,FMMOS - non-mars,04/03/2019 13:05:13,2019,2019-MAR,class_4_Price,15.71,lmprs,
02/23/2019,02/27/2019,2019,Feb,,7.50,2.5345,0.8041,1.1776,0.2631,0.00070,2.2644,0.9800,1.3940,,,0.4545,Announcement of Class and Component Prices (PDF),DYMCLASSPRICES,2991,Dairy MMR,DY-WA,Washington,DC,"Washington, DC",Washington,DC,FMMOS,FMMOS - non-mars,02/27/2019 13:05:35,2019,2019-FEB,class_4_Price,15.86,lmprs,
01/26/2019,01/30/2019,2019,Jan,,7.22,2.4981,0.7757,1.1927,0.2898,0.00069,2.2343,0.9513,1.3868,,,0.4805,Announcement of Class and Component Prices (PDF),DYMCLASSPRICES,2991,Dairy MMR,DY-WA,Washington,DC,"Washington, DC",Washington,DC,FMMOS,FMMOS - non-mars,01/30/2019 13:10:29,2019,2019-JAN,class_4_Price,15.48,lmprs,
12/29/2018,01/03/2019,2018,Dec,,7.12,2.5080,0.7269,1.1417,0.2775,0.00069,2.2425,0.9020,1.3742,,,0.4685,Announcement of Class and Component Prices (PDF),DYMCLASSPRICES,2991,Dairy MMR,DY-WA,Washington,DC,"Washington, DC",Washington,DC,FMMOS,FMMOS - non-mars,01/03/2019 13:05:53,2018,2018-DEC,class_4_Price,15.09,lmprs,
12/01/2018,12/05/2018,2018,Nov,,6.96,2.5385,0.7110,1.3419,0.2714,0.00072,2.2677,0.8860,1.4463,,,0.4626,Announcement of Class and Component Prices (PDF),DYMCLASSPRICES,2991,Dairy MMR,DY-WA,Washington,DC,"Washington, DC",Washington,DC,FMMOS,FMMOS - non-mars,12/05/2018 13:03:22,2018,2018-NOV,class_4_Price,15.06,lmprs,
10/27/2018,10/31/2018,2018,Oct,,6.81,2.5551,0.6990,1.7185,0.2553,0.00078,2.2814,0.8739,1.5686,,,0.4470,Announcement of Class and Component Prices (PDF),DYMCLASSPRICES,2991,Dairy MMR,DY-WA,Washington,DC,"Washington, DC",Washington,DC,FMMOS,FMMOS - non-mars,10/31/2018 13:14:21,2018,2018-OCT,class_4_Price,15.01,lmprs,
09/29/2018,10/03/2018,2018,Sep,,6.43,2.5442,0.6801,2.0029,0.2098,0.00083,2.2724,0.8548,1.6533,,,0.4028,Announcement of Class and Component Prices (PDF),DYMCLASSPRICES,2991,Dairy MMR,DY-WA,Washington,DC,"Washington, DC",Washington,DC,FMMOS,FMMOS - non-mars,10/03/2018 13:06:16,2018,2018-SEP,class_4_Price,14.81,lmprs,
08/25/2018,08/29/2018,2018,Aug,,6.16,2.6009,0.6369,1.6245,0.1741,0.00078,2.3192,0.8111,1.5544,,,0.3681,Announcement of Class and Component Prices (PDF),DYMCLASSPRICES,2991,Dairy MMR,DY-WA,Washington,DC,"Washington, DC",Washington,DC,FMMOS,FMMOS - non-mars,08/29/2018 13:28:17,2018,2018-AUG,class_4_Price,14.63,lmprs,
07/28/2018,08/01/2018,2018,Jul,,6.55,2.5287,0.6085,1.4827,0.1422,0.00074,2.2596,0.7824,1.4868,,,0.3372,Announcement of Class and Component Prices (PDF),DYMCLASSPRICES,2991,Dairy MMR,DY-WA,Washington,DC,"Washington, DC",Washington,DC,FMMOS,FMMOS - non-mars,08/01/2018 13:03:26,2018,2018-JUL,class_4_Price,14.14,lmprs,
06/30/2018,07/05/2018,2018,Jun,,6.33,2.6692,0.6407,1.7478,0.1128,0.00081,2.3756,0.8150,1.6150,,,0.3086,Announcement of Class and Component Prices (PDF),DYMCLASSPRICES,2991,Dairy MMR,DY-WA,Washington,DC,"Washington, DC",Washington,DC,FMMOS,FMMOS - non-mars,07/05/2018 13:03:18,2018,2018-JUN,class_4_Price,14.91,lmprs,
05/26/2018,05/31/2018,2018,May,,5.45,2.6239,0.6196,1.8609,0.0742,0.00082,2.3382,0.7937,1.6353,,,0.2711,Announcement of Class and Component Prices (PDF),DYMCLASSPRICES,2991,Dairy MMR,DY-WA,Washington,DC,"Washington, DC",Washington,DC,FMMOS,FMMOS - non-mars,05/31/2018 13:05:26,2018,2018-MAY,class_4_Price,14.57,lmprs,
04/28/2018,05/02/2018,2018,Apr,,5.41,2.5113,0.5401,1.7810,0.0619,0.00079,2.2452,0.7134,1.5737,,,0.2592,Announcement of Class and Component Prices (PDF),DYMCLASSPRICES,2991,Dairy MMR,DY-WA,Washington,DC,"Washington, DC",Washington,DC,FMMOS,FMMOS - non-mars,05/02/2018 13:05:35,2018,2018-APR,class_4_Price,13.48,lmprs,
03/31/2018,04/04/2018,2018,Mar,,5.55,2.4273,0.5232,1.8066,0.0556,0.00078,2.1759,0.6963,1.5542,,,0.2531,Announcement of Class and Component Prices (PDF),DYMCLASSPRICES,2991,Dairy MMR,DY-WA,Washington,DC,"Washington, DC",Washington,DC,FMMOS,FMMOS - non-mars,04/04/2018 13:05:22,2018,2018-MAR,class_4_Price,13.04,lmprs,
02/24/2018,02/28/2018,2018,Feb,,5.38,2.3490,0.5352,1.6265,0.0550,0.00074,2.1112,0.7084,1.4727,,,0.2525,Announcement of Class and Component Prices (PDF),DYMCLASSPRICES,2991,Dairy MMR,DY-WA,Washington,DC,"Washington, DC",Washington,DC,FMMOS,FMMOS - non-mars,02/28/2018 13:05:27,2018,2018-FEB,class_4_Price,12.87,lmprs,
01/27/2018,01/31/2018,2018,Jan,,5.70,2.4531,0.5235,1.6612,0.0787,0.00076,2.1972,0.6966,1.5175,,,0.2755,Announcement of Class and Component Prices (PDF),DYMCLASSPRICES,2991,Dairy MMR,DY-WA,Washington,DC,"Washington, DC",Washington,DC,FMMOS,FMMOS - non-mars,01/31/2018 13:05:37,2018,2018-JAN,class_4_Price,13.13,lmprs,
12/30/2017,01/04/2018,2017,Dec,,5.94,2.4951,0.5503,2.0378,0.1070,0.00082,2.2319,0.7237,1.6481,,,0.3030,Announcement of Class and Component Prices (PDF),DYMCLASSPRICES,2991,Dairy MMR,DY-WA,Washington,DC,"Washington, DC",Washington,DC,FMMOS,FMMOS - non-mars,01/04/2018 13:05:59,2017,2017-DEC,class_4_Price,13.51,lmprs,
11/25/2017,11/29/2017,2017,Nov,,6.58,2.5546,0.5816,2.3412,0.1644,0.00088,2.2810,0.7553,1.7617,,,0.3587,Announcement of Class and Component Prices (PDF),DYMCLASSPRICES,2991,Dairy MMR,DY-WA,Washington,DC,"Washington, DC",Washington,DC,FMMOS,FMMOS - non-mars,11/29/2017 13:05:28,2017,2017-NOV,class_4_Price,13.99,lmprs,
10/28/2017,11/01/2017,2017,Oct,,6.84,2.6646,0.6357,2.1084,0.1853,0.00086,2.3718,0.8099,1.7254,,,0.3790,Announcement of Class and Component Prices (PDF),DYMCLASSPRICES,2991,Dairy MMR,DY-WA,Washington,DC,"Washington, DC",Washington,DC,FMMOS,FMMOS - non-mars,11/01/2017 13:05:31,2017,2017-OCT,class_4_Price,14.85,lmprs,
09/30/2017,10/04/2017,2017,Sep,,7.03,2.8559,0.6753,1.6988,0.2241,0.00083,2.5298,0.8499,1.6608,,,0.4167,Announcement of Class and Component Prices (PDF),DYMCLASSPRICES,2991,Dairy MMR,DY-WA,Washington,DC,"Washington, DC",Washington,DC,FMMOS,FMMOS - non-mars,10/04/2017 13:07:11,2017,2017-SEP,class_4_Price,15.86,lmprs,
08/26/2017,08/30/2017,2017,Aug,,7.25,3.0109,0.6984,1.5536,0.2425,0.00083,2.6578,0.8733,1.6664,,,0.4345,Announcement of Class and Component Prices (PDF),DYMCLASSPRICES,2991,Dairy MMR,DY-WA,Washington,DC,"Washington, DC",Washington,DC,FMMOS,FMMOS - non-mars,08/30/2017 13:07:16,2017,2017-AUG,class_4_Price,16.61,lmprs,
07/29/2017,08/02/2017,2017,Jul,,7.41,2.9456,0.7240,1.2248,0.2599,0.00077,2.6039,0.8991,1.5430,,,0.4514,Announcement of Class and Component Prices (PDF),DYMCLASSPRICES,2991,Dairy MMR,DY-WA,Washington,DC,"Washington, DC",Washington,DC,FMMOS,FMMOS - non-mars,08/02/2017 13:18:44,2017,2017-JUL,class_4_Price,16.60,lmprs,
06/24/2017,06/28/2017,2017,Jun,,6.89,2.7066,0.7384,1.7545,0.3014,0.00081,2.4065,0.9137,1.6293,,,0.4917,Announcement of Class and Component Prices (PDF),DYMCLASSPRICES,2991,Dairy MMR,DY-WA,Washington,DC,"Washington, DC",Washington,DC,FMMOS,FMMOS - non-mars,06/28/2017 13:03:02,2017,2017-JUN,class_4_Price,15.89,lmprs,
05/27/2017,06/01/2017,2017,May,,6.60,2.4134,0.6956,1.7723,0.3196,0.00077,2.1644,0.8704,1.5390,,,0.5094,Announcement of Class and Component Prices (PDF),DYMCLASSPRICES,2991,Dairy MMR,DY-WA,Washington,DC,"Washington, DC",Washington,DC,FMMOS,FMMOS - non-mars,06/01/2017 13:05:29,2017,2017-MAY,class_4_Price,14.49,lmprs,
04/29/2017,05/03/2017,2017,Apr,,6.78,2.3548,0.6641,1.6955,0.3350,0.00075,2.1160,0.8386,1.4960,,,0.5243,Announcement of Class and Component Prices (PDF),DYMCLASSPRICES,2991,Dairy MMR,DY-WA,Washington,DC,"Washington, DC",Washington,DC,FMMOS,FMMOS - non-mars,05/03/2017 13:05:57,2017,2017-APR,class_4_Price,14.01,lmprs,
04/01/2017,04/05/2017,2017,Mar,,8.00,2.4176,0.6747,1.8198,0.3345,0.00078,2.1679,0.8493,1.5551,,,0.5239,Announcement of Class and Component Prices (PDF),DYMCLASSPRICES,2991,Dairy MMR,DY-WA,Washington,DC,"Washington, DC",Washington,DC,FMMOS,FMMOS - non-mars,04/05/2017 13:05:00,2017,2017-MAR,class_4_Price,14.32,lmprs,
02/25/2017,03/01/2017,2017,Feb,,8.29,2.4274,0.8166,2.2348,0.2990,0.00084,2.1760,0.9926,1.6871,,,0.4894,Announcement of Class and Component Prices (PDF),DYMCLASSPRICES,2991,Dairy MMR,DY-WA,Washington,DC,"Washington, DC",Washington,DC,FMMOS,FMMOS - non-mars,03/01/2017 13:01:16,2017,2017-FEB,class_4_Price,15.59,lmprs,
01/28/2017,02/01/2017,2017,Jan,,7.77,2.5253,0.8465,2.1768,0.2503,0.00085,2.2568,1.0229,1.7011,,,0.4421,Announcement of Class and Component Prices (PDF),DYMCLASSPRICES,2991,Dairy MMR,DY-WA,Washington,DC,"Washington, DC",Washington,DC,FMMOS,FMMOS - non-mars,02/01/2017 13:06:58,2017,2017-JAN,class_4_Price,16.19,lmprs,
12/31/2016,01/05/2017,2016,Dec,,7.32,2.3354,0.7822,2.6922,0.2063,0.00090,2.1000,0.9579,1.7990,,,0.3994,Announcement of Class and Component Prices (PDF),DYMCLASSPRICES,2991,Dairy MMR,DY-WA,Washington,DC,"Washington, DC",Washington,DC,FMMOS,FMMOS - non-mars,01/05/2017 12:55:11,2016,2016-DEC,class_4_Price,14.97,lmprs,
11/26/2016,11/30/2016,2016,Nov,,7.47,2.1044,0.7367,2.8085,0.1750,0.00088,1.9092,0.9119,1.7596,,,0.3690,Announcement of Class and Component Prices (PDF),DYMCLASSPRICES,2991,Dairy MMR,DY-WA,Washington,DC,"Washington, DC",Washington,DC,FMMOS,FMMOS - non-mars,11/30/2016 13:04:41,2016,2016-NOV,class_4_Price,13.76,lmprs,
10/29/2016,11/02/2016,2016,Oct,,7.14,2.0493,0.7469,2.2975,0.1351,0.00079,1.8637,0.9222,1.5830,,,0.3303,Announcement of Class and Component Prices (PDF),DYMCLASSPRICES,2991,Dairy MMR,DY-WA,Washington,DC,"Washington, DC",Washington,DC,FMMOS,FMMOS - non-mars,11/02/2016 13:47:24,2016,2016-OCT,class_4_Price,13.66,lmprs,
10/01/2016,10/05/2016,2016,Sep,,6.79,2.3082,0.7097,2.5675,0.1096,0.00088,2.0775,0.8847,1.7514,,,0.3055,Announcement of Class and Component Prices (PDF),DYMCLASSPRICES,2991,Dairy MMR,DY-WA,Washington,DC,"Washington, DC",Washington,DC,FMMOS,FMMOS - non-mars,10/05/2016 13:04:16,2016,2016-SEP,class_4_Price,14.25,lmprs,
08/27/2016,08/31/2016,2016,Aug,,6.71,2.4873,0.6841,2.5738,0.0881,0.00091,2.2254,0.8588,1.8119,,,0.2846,Announcement of Class and Component Prices (PDF),DYMCLASSPRICES,2991,Dairy MMR,DY-WA,Washington,DC,"Washington, DC",Washington,DC,FMMOS,FMMOS - non-mars,08/31/2016 13:03:02,2016,2016-AUG,class_4_Price,14.65,lmprs,
07/30/2016,08/03/2016,2016,Jul,,6.27,2.5964,0.6618,1.9112,0.0774,0.00082,2.3155,0.8363,1.6419,,,0.2742,Announcement of Class and Component Prices (PDF),DYMCLASSPRICES,2991,Dairy MMR,DY-WA,Washington,DC,"Washington, DC",Washington,DC,FMMOS,FMMOS - non-mars,08/03/2016 13:09:56,2016,2016-JUL,class_4_Price,14.84,lmprs,
06/25/2016,06/29/2016,2016,Jun,,5.86,2.4109,0.6148,1.4807,0.0628,0.00072,2.1623,0.7888,1.4477,,,0.2601,Announcement of Class and Component Prices (PDF),DYMCLASSPRICES,2991,Dairy MMR,DY-WA,Washington,DC,"Washington, DC",Washington,DC,FMMOS,FMMOS - non-mars,06/29/2016 13:03:34,2016,2016-JUN,class_4_Price,13.77,lmprs,
05/28/2016,06/02/2016,2016,May,,5.71,2.2846,0.5870,1.4935,0.0529,0.00071,2.0580,0.7607,1.4104,,,0.2505,Announcement of Class and Component Prices (PDF),DYMCLASSPRICES,2991,Dairy MMR,DY-WA,Washington,DC,"Washington, DC",Washington,DC,FMMOS,FMMOS - non-mars,06/02/2016 13:14:45,2016,2016-MAY,class_4_Price,13.09,lmprs,
04/30/2016,05/04/2016,2016,Apr,,5.89,2.2376,0.5573,1.8450,0.0489,0.00075,2.0192,0.7307,1.5041,,,0.2466,Announcement of Class and Component Prices (PDF),DYMCLASSPRICES,2991,Dairy MMR,DY-WA,Washington,DC,"Washington, DC",Washington,DC,FMMOS,FMMOS - non-mars,05/04/2016 13:07:06,2016,2016-APR,class_4_Price,12.68,lmprs,
03/26/2016,03/30/2016,2016,Mar,,6.05,2.2028,0.5786,1.9206,0.0501,0.00076,1.9905,0.7522,1.5162,,,0.2477,Announcement of Class and Component Prices (PDF),DYMCLASSPRICES,2991,Dairy MMR,DY-WA,Washington,DC,"Washington, DC",Washington,DC,FMMOS,FMMOS - non-mars,03/30/2016 13:05:26,2016,2016-MAR,class_4_Price,12.74,lmprs,
02/27/2016,03/02/2016,2016,Feb,,6.17,2.3778,0.5951,1.7389,0.0492,0.00076,2.1350,0.7689,1.5170,,,0.2469,Announcement of Class and Component Prices (PDF),DYMCLASSPRICES,2991,Dairy MMR,DY-WA,Washington,DC,"Washington, DC",Washington,DC,FMMOS,FMMOS - non-mars,03/02/2016 13:14:46,2016,2016-FEB,class_4_Price,13.49,lmprs,
01/30/2016,02/03/2016,2016,Jan,,6.31,2.3062,0.6037,1.8169,0.0371,0.00076,2.0759,0.7776,1.5178,,,0.2351,Announcement of Class and Component Prices (PDF),DYMCLASSPRICES,2991,Dairy MMR,DY-WA,Washington,DC,"Washington, DC",Washington,DC,FMMOS,FMMOS - non-mars,02/03/2016 13:05:06,2016,2016-JAN,class_4_Price,13.31,lmprs,
12/26/2015,12/30/2015,2015,Dec,,6.75,2.9057,0.6153,1.3599,0.0355,0.00079,2.5709,0.7893,1.5719,,,0.2336,Announcement of Class and Component Prices (PDF),DYMCLASSPRICES,2991,Dairy MMR,DY-WA,Washington,DC,"Washington, DC",Washington,DC,FMMOS,FMMOS - non-mars,12/30/2015 13:04:22,2015,2015-DEC,class_4_Price,15.52,lmprs,
11/28/2015,12/02/2015,2015,Nov,,7.35,3.1830,0.6627,1.3205,0.0361,0.00083,2.7999,0.8372,1.6503,,,0.2341,Announcement of Class and Component Prices (PDF),DYMCLASSPRICES,2991,Dairy MMR,DY-WA,Washington,DC,"Washington, DC",Washington,DC,FMMOS,FMMOS - non-mars,12/02/2015 13:11:34,2015,2015-NOV,class_4_Price,16.89,lmprs,
10/31/2015,11/04/2015,2015,Oct,,6.46,2.9087,0.7200,1.7019,0.0328,0.00084,2.5734,0.8951,1.6790,,,0.2309,Announcement of Class and Component Prices (PDF),DYMCLASSPRICES,2991,Dairy MMR,DY-WA,Washington,DC,"Washington, DC",Washington,DC,FMMOS,FMMOS - non-mars,11/04/2015 13:33:23,2015,2015-OCT,class_4_Price,16.43,lmprs,
09/26/2015,09/30/2015,2015,Sep,,5.91,2.7531,0.6266,1.9801,0.0465,0.00086,2.4449,0.8007,1.7145,,,0.2442,Announcement of Class and Component Prices (PDF),DYMCLASSPRICES,2991,Dairy MMR,DY-WA,Washington,DC,"Washington, DC",Washington,DC,FMMOS,FMMOS - non-mars,09/30/2015 13:06:29,2015,2015-SEP,class_4_Price,15.08,lmprs,
08/29/2015,09/02/2015,2015,Aug,,6.82,2.2674,0.5707,2.5692,0.1151,0.00087,2.0438,0.7443,1.7386,,,0.3108,Announcement of Class and Component Prices (PDF),DYMCLASSPRICES,2991,Dairy MMR,DY-WA,Washington,DC,"Washington, DC",Washington,DC,FMMOS,FMMOS - non-mars,09/02/2015 13:02:58,2015,2015-AUG,class_4_Price,12.90,lmprs,
08/01/2015,08/05/2015,2015,Jul,,7.55,2.1125,0.6621,2.6070,0.2004,0.00085,1.9159,0.8366,1.6997,,,0.3937,Announcement of Class and Component Prices (PDF),DYMCLASSPRICES,2991,Dairy MMR,DY-WA,Washington,DC,"Washington, DC",Washington,DC,FMMOS,FMMOS - non-mars,08/05/2015 13:00:39,2015,2015-JUL,class_4_Price,13.15,lmprs,
06/27/2015,07/01/2015,2015,Jun,,7.66,2.1011,0.7529,2.6915,0.2322,0.00086,1.9065,0.9283,1.7222,,,0.4245,Announcement of Class and Component Prices (PDF),DYMCLASSPRICES,2991,Dairy MMR,DY-WA,Washington,DC,"Washington, DC",Washington,DC,FMMOS,FMMOS - non-mars,07/01/2015 13:32:09,2015,2015-JUN,class_4_Price,13.90,lmprs,
05/30/2015,06/03/2015,2015,May,,7.85,2.0599,0.7708,2.5206,0.2533,0.00083,1.8725,0.9464,1.6557,,,0.4450,Announcement of Class and Component Prices (PDF),DYMCLASSPRICES,2991,Dairy MMR,DY-WA,Washington,DC,"Washington, DC",Washington,DC,FMMOS,FMMOS - non-mars,06/03/2015 13:18:15,2015,2015-MAY,class_4_Price,13.91,lmprs,
04/25/2015,04/29/2015,2015,Apr,,8.63,1.8940,0.7926,2.5551,0.2698,0.00081,1.7355,0.9684,1.6122,,,0.4610,Announcement of Class and Component Prices (PDF),DYMCLASSPRICES,2991,Dairy MMR,DY-WA,Washington,DC,"Washington, DC",Washington,DC,FMMOS,FMMOS - non-mars,04/29/2015 13:10:22,2015,2015-APR,class_4_Price,13.51,lmprs,
03/28/2015,04/01/2015,2015,Mar,,8.31,1.8444,0.8454,2.4875,0.2918,0.00079,1.6945,1.0217,1.5750,,,0.4824,Announcement of Class and Component Prices (PDF),DYMCLASSPRICES,2991,Dairy MMR,DY-WA,Washington,DC,"Washington, DC",Washington,DC,FMMOS,FMMOS - non-mars,04/01/2015 13:31:23,2015,2015-MAR,class_4_Price,13.80,lmprs,
02/28/2015,03/04/2015,2015,Feb,,8.34,1.8296,0.8544,2.4051,0.3273,0.00077,1.6823,1.0308,1.5446,,,0.5169,Announcement of Class and Component Prices (PDF),DYMCLASSPRICES,2991,Dairy MMR,DY-WA,Washington,DC,"Washington, DC",Washington,DC,FMMOS,FMMOS - non-mars,03/04/2015 13:02:40,2015,2015-FEB,class_4_Price,13.82,lmprs,
01/31/2015,02/04/2015,2015,Jan,,10.63,1.6855,0.8439,2.6731,0.4001,0.00079,1.5633,1.0202,1.5807,,,0.5875,Announcement of Class and Component Prices (PDF),DYMCLASSPRICES,2991,Dairy MMR,DY-WA,Washington,DC,"Washington, DC",Washington,DC,FMMOS,FMMOS - non-mars,02/04/2015 13:08:32,2015,2015-JAN,class_4_Price,13.23,lmprs,
12/27/2014,12/31/2014,2014,Dec,,12.14,2.0991,1.0767,2.7387,0.3996,0.00087,1.9049,1.2554,1.7362,,,0.5871,Announcement of Class and Component Prices (PDF),DYMCLASSPRICES,2991,Dairy MMR,DY-WA,Washington,DC,"Washington, DC",Washington,DC,FMMOS,FMMOS - non-mars,12/31/2014 13:28:06,2014,2014-DEC,class_4_Price,16.70,lmprs,
11/29/2014,12/03/2014,2014,Nov,,12.62,2.2011,1.2102,3.9018,0.4505,0.00107,1.9891,1.3902,2.1305,,,0.6365,Announcement of Class and Component Prices (PDF),DYMCLASSPRICES,2991,Dairy MMR,DY-WA,Washington,DC,"Washington, DC",Washington,DC,FMMOS,FMMOS - non-mars,12/03/2014 13:13:21,2014,2014-NOV,class_4_Price,18.21,lmprs,
11/01/2014,11/05/2014,2014,Oct,,12.36,2.8507,1.3090,3.7362,0.4670,0.00115,2.5255,1.4900,2.2914,,,0.6525,Announcement of Class and Component Prices (PDF),DYMCLASSPRICES,2991,Dairy MMR,DY-WA,Washington,DC,"Washington, DC",Washington,DC,FMMOS,FMMOS - non-mars,11/05/2014 13:49:38,2014,2014-OCT,class_4_Price,21.35,lmprs,
09/27/2014,10/01/2014,2014,Sep,,15.26,3.2467,1.2910,3.4991,0.4876,0.00117,2.8525,1.4718,2.3472,,,0.6725,Announcement of Class and Component Prices (PDF),DYMCLASSPRICES,2991,Dairy MMR,DY-WA,Washington,DC,"Washington, DC",Washington,DC,FMMOS,FMMOS - non-mars,10/01/2014 13:37:58,2014,2014-SEP,class_4_Price,22.58,lmprs,
08/30/2014,09/04/2014,2014,Aug,,15.92,2.8448,1.6047,3.1496,0.5036,0.00105,2.5206,1.7887,2.1074,,,0.6880,Announcement of Class and Component Prices (PDF),DYMCLASSPRICES,2991,Dairy MMR,DY-WA,Washington,DC,"Washington, DC",Washington,DC,FMMOS,FMMOS - non-mars,09/04/2014 13:52:02,2014,2014-AUG,class_4_Price,23.89,lmprs,
07/26/2014,07/30/2014,2014,Jul,,15.71,2.6349,1.6770,3.1798,0.5046,0.00102,2.3473,1.8617,2.0482,,,0.6890,Announcement of Class and Component Prices (PDF),DYMCLASSPRICES,2991,Dairy MMR,DY-WA,Washington,DC,"Washington, DC",Washington,DC,FMMOS,FMMOS - non-mars,07/30/2014 13:22:12,2014,2014-JUL,class_4_Price,23.78,lmprs,
06/28/2014,07/02/2014,2014,Jun,,15.93,2.4413,1.6785,3.3437,0.4942,0.00102,2.1874,1.8633,2.0358,,,0.6789,Announcement of Class and Component Prices (PDF),DYMCLASSPRICES,2991,Dairy MMR,DY-WA,Washington,DC,"Washington, DC",Washington,DC,FMMOS,FMMOS - non-mars,07/02/2014 13:05:55,2014,2014-JUN,class_4_Price,23.13,lmprs,
05/31/2014,06/04/2014,2014,May,,17.06,2.2721,1.6919,3.9553,0.4897,0.00109,2.0477,1.8768,2.1703,,,0.6745,Announcement of Class and Component Prices (PDF),DYMCLASSPRICES,2991,Dairy MMR,DY-WA,Washington,DC,"Washington, DC",Washington,DC,FMMOS,FMMOS - non-mars,06/04/2014 13:47:22,2014,2014-MAY,class_4_Price,22.65,lmprs,
04/26/2014,04/30/2014,2014,Apr,,17.92,2.1207,1.8328,4.7089,0.4926,0.00118,1.9227,2.0191,2.3547,,,0.6774,Announcement of Class and Component Prices (PDF),DYMCLASSPRICES,2991,Dairy MMR,DY-WA,Washington,DC,"Washington, DC",Washington,DC,FMMOS,FMMOS - non-mars,04/30/2014 14:03:41,2014,2014-APR,class_4_Price,23.34,lmprs,
03/29/2014,04/02/2014,2014,Mar,,17.67,2.0402,1.9027,4.5172,0.4700,0.00113,1.8562,2.0897,2.2689,,,0.6554,Announcement of Class and Component Prices (PDF),DYMCLASSPRICES,2991,Dairy MMR,DY-WA,Washington,DC,"Washington, DC",Washington,DC,FMMOS,FMMOS - non-mars,04/02/2014 13:03:12,2014,2014-MAR,class_4_Price,23.66,lmprs,
03/01/2014,03/05/2014,2014,Feb,,17.27,2.0109,1.8914,4.6044,0.4453,0.00114,1.8320,2.0783,2.2864,,,0.6314,Announcement of Class and Component Prices (PDF),DYMCLASSPRICES,2991,Dairy MMR,DY-WA,Washington,DC,"Washington, DC",Washington,DC,FMMOS,FMMOS - non-mars,03/05/2014 13:32:06,2014,2014-FEB,class_4_Price,23.46,lmprs,
02/01/2014,02/05/2014,2014,Jan,,16.51,1.7874,1.8470,4.1870,0.4155,0.00104,1.6475,2.0335,2.0838,,,0.6025,Announcement of Class and Component Prices (PDF),DYMCLASSPRICES,2991,Dairy MMR,DY-WA,Washington,DC,"Washington, DC",Washington,DC,FMMOS,FMMOS - non-mars,02/05/2014 13:33:25,2014,2014-JAN,class_4_Price,22.29,lmprs,
12/28/2013,01/02/2014,2013,Dec,,16.01,1.7672,1.7680,3.5390,0.3826,0.00094,1.6308,1.9537,1.8761,,,0.5706,Announcement of Class and Component Prices (PDF),DYMCLASSPRICES,2991,Dairy MMR,DY-WA,Washington,DC,"Washington, DC",Washington,DC,FMMOS,FMMOS - non-mars,01/02/2014 13:04:33,2013,2013-DEC,class_4_Price,21.54,lmprs,
11/30/2013,12/04/2013,2013,Nov,,15.56,1.6336,1.7042,3.6316,0.3955,0.00093,1.5205,1.8892,1.8612,,,0.5831,Announcement of Class and Component Prices (PDF),DYMCLASSPRICES,2991,Dairy MMR,DY-WA,Washington,DC,"Washington, DC",Washington,DC,FMMOS,FMMOS - non-mars,12/04/2013 13:42:24,2013,2013-NOV,class_4_Price,20.52,lmprs,
10/26/2013,10/30/2013,2013,Oct,,15.25,1.6638,1.6521,3.4107,0.3852,0.00090,1.5454,1.8366,1.8025,,,0.5731,Announcement of Class and Component Prices (PDF),DYMCLASSPRICES,2991,Dairy MMR,DY-WA,Washington,DC,"Washington, DC",Washington,DC,FMMOS,FMMOS - non-mars,10/30/2013 13:29:32,2013,2013-OCT,class_4_Price,20.17,lmprs,
09/28/2013,10/18/2013,2013,Sep,,14.96,1.5196,1.6243,3.5419,0.3914,0.00090,1.4263,1.8085,1.7961,,,0.5791,Announcement of Class and Component Prices (PDF),DYMCLASSPRICES,2991,Dairy MMR,DY-WA,Washington,DC,"Washington, DC",Washington,DC,FMMOS,FMMOS - non-mars,10/18/2013 10:41:45,2013,2013-SEP,class_4_Price,19.43,lmprs,
08/31/2013,09/05/2013,2013,Aug,,14.47,1.5104,1.5868,3.4775,0.3901,0.00089,1.4187,1.7706,1.7731,,,0.5778,Announcement of Class and Component Prices (PDF),DYMCLASSPRICES,2991,Dairy MMR,DY-WA,Washington,DC,"Washington, DC",Washington,DC,FMMOS,FMMOS - non-mars,09/05/2013 13:06:42,2013,2013-AUG,class_4_Price,19.07,lmprs,
07/27/2013,07/31/2013,2013,Jul,,14.20,1.5693,1.5438,3.2257,0.3927,0.00086,1.4674,1.7272,1.7142,,,0.5804,Announcement of Class and Component Prices (PDF),DYMCLASSPRICES,2991,Dairy MMR,DY-WA,Washington,DC,"Washington, DC",Washington,DC,FMMOS,FMMOS - non-mars,07/31/2013 13:04:38,2013,2013-JUL,class_4_Price,18.90,lmprs,
06/29/2013,07/03/2013,2013,Jun,,13.79,1.6599,1.5048,3.3455,0.3859,0.00089,1.5422,1.6878,1.7810,,,0.5738,Announcement of Class and Component Prices (PDF),DYMCLASSPRICES,2991,Dairy MMR,DY-WA,Washington,DC,"Washington, DC",Washington,DC,FMMOS,FMMOS - non-mars,07/03/2013 13:07:05,2013,2013-JUN,class_4_Price,18.88,lmprs,
06/01/2013,06/05/2013,2013,May,,12.59,1.7884,1.4549,3.3597,0.3887,0.00091,1.6483,1.6374,1.8274,,,0.5765,Announcement of Class and Component Prices (PDF),DYMCLASSPRICES,2991,Dairy MMR,DY-WA,Washington,DC,"Washington, DC",Washington,DC,FMMOS,FMMOS - non-mars,06/05/2013 13:37:51,2013,2013-MAY,class_4_Price,18.89,lmprs,
04/27/2013,05/01/2013,2013,Apr,,12.77,1.8227,1.3498,3.0130,0.3863,0.00087,1.6766,1.5312,1.7310,,,0.5741,Announcement of Class and Component Prices (PDF),DYMCLASSPRICES,2991,Dairy MMR,DY-WA,Washington,DC,"Washington, DC",Washington,DC,FMMOS,FMMOS - non-mars,05/01/2013 13:31:51,2013,2013-APR,class_4_Price,18.10,lmprs,
03/30/2013,04/03/2013,2013,Mar,,13.14,1.7476,1.3395,2.8204,0.4179,0.00082,1.6146,1.5208,1.6467,,,0.6048,Announcement of Class and Component Prices (PDF),DYMCLASSPRICES,2991,Dairy MMR,DY-WA,Washington,DC,"Washington, DC",Washington,DC,FMMOS,FMMOS - non-mars,04/03/2013 13:36:29,2013,2013-MAR,class_4_Price,17.75,lmprs,
02/23/2013,02/27/2013,2013,Feb,,13.11,1.6619,1.3742,2.9609,0.4534,0.00083,1.5438,1.5559,1.6623,,,0.6393,Announcement of Class and Component Prices (PDF),DYMCLASSPRICES,2991,Dairy MMR,DY-WA,Washington,DC,"Washington, DC",Washington,DC,FMMOS,FMMOS - non-mars,02/27/2013 13:03:22,2013,2013-FEB,class_4_Price,17.75,lmprs,
01/26/2013,01/30/2013,2013,Jan,,12.96,1.6168,1.3784,3.2862,0.4647,0.00087,1.5066,1.5601,1.7485,,,0.6503,Announcement of Class and Component Prices (PDF),DYMCLASSPRICES,2991,Dairy MMR,DY-WA,Washington,DC,"Washington, DC",Washington,DC,FMMOS,FMMOS - non-mars,01/30/2013 13:50:34,2013,2013-JAN,class_4_Price,17.63,lmprs,
12/29/2012,01/03/2013,2012,Dec,,12.67,1.7276,1.3569,3.3113,0.4758,0.00090,1.5981,1.5384,1.7925,,,0.6610,Announcement of Class and Component Prices (PDF),DYMCLASSPRICES,2991,Dairy MMR,DY-WA,Washington,DC,"Washington, DC",Washington,DC,FMMOS,FMMOS - non-mars,01/03/2013 13:44:27,2012,2012-DEC,class_4_Price,17.83,lmprs,
12/01/2012,12/05/2012,2012,Nov,,12.13,2.0218,1.3330,3.7172,0.4624,0.00101,1.8410,1.5143,2.0146,,,0.6480,Announcement of Class and Component Prices (PDF),DYMCLASSPRICES,2991,Dairy MMR,DY-WA,Washington,DC,"Washington, DC",Washington,DC,FMMOS,FMMOS - non-mars,12/05/2012 13:44:59,2012,2012-NOV,class_4_Price,18.66,lmprs,
10/27/2012,10/31/2012,2012,Oct,,11.42,2.1136,1.2828,3.7278,0.4340,0.00102,1.9168,1.4636,2.0479,,,0.6205,Announcement of Class and Component Prices (PDF),DYMCLASSPRICES,2991,Dairy MMR,DY-WA,Washington,DC,"Washington, DC",Washington,DC,FMMOS,FMMOS - non-mars,10/31/2012 13:24:09,2012,2012-OCT,class_4_Price,18.54,lmprs,
09/29/2012,10/03/2012,2012,Sep,,10.36,2.0047,1.1969,3.2521,0.3971,0.00093,1.8269,1.3768,1.8647,,,0.5846,Announcement of Class and Component Prices (PDF),DYMCLASSPRICES,2991,Dairy MMR,DY-WA,Washington,DC,"Washington, DC",Washington,DC,FMMOS,FMMOS - non-mars,10/03/2012 13:08:44,2012,2012-SEP,class_4_Price,17.41,lmprs,
08/25/2012,08/29/2012,2012,Aug,,9.53,1.8339,1.0756,3.1211,0.3462,0.00088,1.6859,1.2543,1.7682,,,0.5352,Announcement of Class and Component Prices (PDF),DYMCLASSPRICES,2991,Dairy MMR,DY-WA,Washington,DC,"Washington, DC",Washington,DC,FMMOS,FMMOS - non-mars,08/29/2012 13:03:29,2012,2012-AUG,class_4_Price,15.76,lmprs,
07/28/2012,08/01/2012,2012,Jul,,9.01,1.6556,0.9965,3.0430,0.3123,0.00084,1.5386,1.1744,1.6857,,,0.5023,Announcement of Class and Component Prices (PDF),DYMCLASSPRICES,2991,Dairy MMR,DY-WA,Washington,DC,"Washington, DC",Washington,DC,FMMOS,FMMOS - non-mars,08/01/2012 13:30:51,2012,2012-JUL,class_4_Price,14.45,lmprs,
06/30/2012,07/05/2012,2012,Jun,,9.42,1.4866,0.9252,2.8952,0.3113,0.00079,1.3991,1.1023,1.5846,,,0.5013,Announcement of Class and Component Prices (PDF),DYMCLASSPRICES,2991,Dairy MMR,DY-WA,Washington,DC,"Washington, DC",Washington,DC,FMMOS,FMMOS - non-mars,07/05/2012 13:47:57,2012,2012-JUN,class_4_Price,13.24,lmprs,
05/26/2012,05/31/2012,2012,May,,10.47,1.4462,0.9774,2.7344,0.3500,0.00076,1.3657,1.1551,1.5215,,,0.5389,Announcement of Class and Component Prices (PDF),DYMCLASSPRICES,2991,Dairy MMR,DY-WA,Washington,DC,"Washington, DC",Washington,DC,FMMOS,FMMOS - non-mars,05/31/2012 13:26:26,2012,2012-MAY,class_4_Price,13.55,lmprs,
04/28/2012,05/02/2012,2012,Apr,,11.09,1.5645,1.0728,2.6568,0.4048,0.00077,1.4634,1.2514,1.5361,,,0.5921,Announcement of Class and Component Prices (PDF),DYMCLASSPRICES,2991,Dairy MMR,DY-WA,Washington,DC,"Washington, DC",Washington,DC,FMMOS,FMMOS - non-mars,05/02/2012 13:55:44,2012,2012-APR,class_4_Price,14.80,lmprs,
03/24/2012,04/02/2012,2012,Mar,,,,,,0.0000,,,,,,,,Announcement of Class and Component Prices (PDF),DYMCLASSPRICES,2991,Dairy MMR,DY-WA,Washington,DC,"Washington, DC",Washington,DC,FMMOS,FMMOS - non-mars,04/02/2012 09:28:22,2012,2012-MAR,class_4_Price,,lmprs,
04/25/2026,04/29/2026,2026,Apr,,12.70,1.8692,1.5241,2.5190,0.3888,0.00082,1.7707,1.7788,1.6427,,,0.6443,Announcement of Class and Component Prices (PDF),DYMCLASSPRICES,2991,Dairy MMR,DY-WA,Washington,DC,"Washington, DC",Washington,DC,FMMOS,FMMOS - non-mars,04/29/2026 13:05:26,2026,2026-APR,class_4_skim_milk_Price,14.17,lmprs,
03/28/2026,04/01/2026,2026,Mar,,10.61,2.0220,1.3215,2.0905,0.4178,0.00078,1.8969,1.5741,1.5607,,,0.6724,Announcement of Class and Component Prices (PDF),DYMCLASSPRICES,2991,Dairy MMR,DY-WA,Washington,DC,"Washington, DC",Washington,DC,FMMOS,FMMOS - non-mars,04/01/2026 13:05:21,2026,2026-MAR,class_4_skim_milk_Price,12.29,lmprs,
02/28/2026,03/04/2026,2026,Feb,,9.42,1.7794,1.1220,1.9373,0.4391,0.00072,1.6966,1.3726,1.4338,,,0.6931,Announcement of Class and Component Prices (PDF),DYMCLASSPRICES,2991,Dairy MMR,DY-WA,Washington,DC,"Washington, DC",Washington,DC,FMMOS,FMMOS - non-mars,03/04/2026 12:54:48,2026,2026-FEB,class_4_skim_milk_Price,10.43,lmprs,
01/31/2026,02/04/2026,2026,Jan,,9.13,1.4525,0.9433,2.1768,0.4448,0.00070,1.4266,1.1921,1.4003,,,0.6986,Announcement of Class and Component Prices (PDF),DYMCLASSPRICES,2991,Dairy MMR,DY-WA,Washington,DC,"Washington, DC",Washington,DC,FMMOS,FMMOS - non-mars,02/04/2026 13:08:03,2026,2026-JAN,class_4_skim_milk_Price,8.77,lmprs,
12/27/2025,12/31/2025,2025,Dec,,9.19,1.5761,0.9057,2.4563,0.4352,0.00076,1.5287,1.1541,1.5271,,,0.6893,Announcement of Class and Component Prices (PDF),DYMCLASSPRICES,2991,Dairy MMR,DY-WA,Washington,DC,"Washington, DC",Washington,DC,FMMOS,FMMOS - non-mars,12/31/2025 13:05:26,2025,2025-DEC,class_4_skim_milk_Price,8.42,lmprs,
11/29/2025,12/03/2025,2025,Nov,,8.85,1.7061,0.9124,3.0143,0.3859,0.00087,1.6360,1.1609,1.7419,,,0.6415,Announcement of Class and Component Prices (PDF),DYMCLASSPRICES,2991,Dairy MMR,DY-WA,Washington,DC,"Washington, DC",Washington,DC,FMMOS,FMMOS - non-mars,12/03/2025 13:02:43,2025,2025-NOV,class_4_skim_milk_Price,8.21,lmprs,
11/01/2025,11/05/2025,2025,Oct,,9.96,1.8252,0.9116,2.8761,0.3360,0.00087,1.7344,1.1601,1.7384,,,0.5930,Announcement of Class and Component Prices (PDF),DYMCLASSPRICES,2991,Dairy MMR,DY-WA,Washington,DC,"Washington, DC",Washington,DC,FMMOS,FMMOS - non-mars,11/05/2025 13:05:19,2025,2025-OCT,class_4_skim_milk_Price,8.20,lmprs,
09/27/2025,10/01/2025,2025,Sep,,10.04,2.1925,0.9773,2.7062,0.3207,0.00090,2.0377,1.2265,1.8066,,,0.5782,Announcement of Class and Component Prices (PDF),DYMCLASSPRICES,2991,Dairy MMR,DY-WA,Washington,DC,"Washington, DC",Washington,DC,FMMOS,FMMOS - non-mars,10/01/2025 13:05:44,2025,2025-SEP,class_4_skim_milk_Price,8.80,lmprs,
08/30/2025,09/04/2025,2025,Aug,,9.96,2.7255,1.0323,1.9646,0.3204,0.00088,2.4778,1.2820,1.7529,,,0.5779,Announcement of Class and Component Prices (PDF),DYMCLASSPRICES,2991,Dairy MMR,DY-WA,Washington,DC,"Washington, DC",Washington,DC,FMMOS,FMMOS - non-mars,09/04/2025 13:05:39,2025,2025-AUG,class_4_skim_milk_Price,9.29,lmprs,
07/26/2025,07/30/2025,2025,Jul,,9.67,2.8435,1.0286,1.8730,0.3092,0.00088,2.5753,1.2783,1.7634,,,0.5670,Announcement of Class and Component Prices (PDF),DYMCLASSPRICES,2991,Dairy MMR,DY-WA,Washington,DC,"Washington, DC",Washington,DC,FMMOS,FMMOS - non-mars,07/30/2025 13:05:25,2025,2025-JUL,class_4_skim_milk_Price,9.26,lmprs,
06/28/2025,07/02/2025,2025,Jun,,9.14,2.7378,1.0037,2.5328,0.2914,0.00097,2.4880,1.2531,1.9322,,,0.5497,Announcement of Class and Component Prices (PDF),DYMCLASSPRICES,2991,Dairy MMR,DY-WA,Washington,DC,"Washington, DC",Washington,DC,FMMOS,FMMOS - non-mars,07/02/2025 13:05:29,2025,2025-JUN,class_4_skim_milk_Price,9.03,lmprs,
05/31/2025,06/04/2025,2025,May,,9.72,2.6627,1.0145,2.4810,0.3222,0.00092,2.3703,1.1925,1.8404,1.8177,1.8284,0.5119,Announcement of Class and Component Prices (PDF),DYMCLASSPRICES,2991,Dairy MMR,DY-WA,Washington,DC,"Washington, DC",Washington,DC,FMMOS,FMMOS - non-mars,06/04/2025 13:05:20,2025,2025-MAY,class_4_skim_milk_Price,9.13,lmprs,
04/26/2025,04/30/2025,2025,Apr,,10.31,2.6406,0.9994,2.1682,0.3087,0.00087,2.3520,1.1773,1.7361,1.7117,1.7244,0.4988,Announcement of Class and Component Prices (PDF),DYMCLASSPRICES,2991,Dairy MMR,DY-WA,Washington,DC,"Washington, DC",Washington,DC,FMMOS,FMMOS - non-mars,04/30/2025 13:04:13,2025,2025-APR,class_4_skim_milk_Price,8.99,lmprs,
03/29/2025,04/02/2025,2025,Mar,,11.31,2.6242,1.0393,2.4606,0.3647,0.00091,2.3385,1.2176,1.8215,1.8420,1.7732,0.5532,Announcement of Class and Component Prices (PDF),DYMCLASSPRICES,2991,Dairy MMR,DY-WA,Washington,DC,"Washington, DC",Washington,DC,FMMOS,FMMOS - non-mars,04/02/2025 13:05:07,2025,2025-MAR,class_4_skim_milk_Price,9.35,lmprs,
03/01/2025,03/05/2025,2025,Feb,,11.60,2.8186,1.1552,2.5337,0.4799,0.00095,2.4990,1.3347,1.9077,1.9158,1.8707,0.6650,Announcement of Class and Component Prices (PDF),DYMCLASSPRICES,2991,Dairy MMR,DY-WA,Washington,DC,"Washington, DC",Washington,DC,FMMOS,FMMOS - non-mars,03/05/2025 13:05:17,2025,2025-FEB,class_4_skim_milk_Price,10.40,lmprs,
02/01/2025,02/05/2025,2025,Jan,,11.65,2.9460,1.2002,2.3267,0.5384,0.00094,2.6042,1.3801,1.8851,1.8954,1.8477,0.7218,Announcement of Class and Component Prices (PDF),DYMCLASSPRICES,2991,Dairy MMR,DY-WA,Washington,DC,"Washington, DC",Washington,DC,FMMOS,FMMOS - non-mars,02/05/2025 13:05:17,2025,2025-JAN,class_4_skim_milk_Price,10.80,lmprs,
12/28/2024,01/02/2025,2024,Dec,,11.47,2.9104,1.2151,1.9637,0.4493,0.00088,2.5748,1.3952,1.7608,1.7583,1.7326,0.6353,Announcement of Class and Component Prices (PDF),DYMCLASSPRICES,2991,Dairy MMR,DY-WA,Washington,DC,"Washington, DC",Washington,DC,FMMOS,FMMOS - non-mars,01/02/2025 13:05:22,2024,2024-DEC,class_4_skim_milk_Price,10.94,lmprs,
11/30/2024,12/04/2024,2024,Nov,,11.17,3.0623,1.1974,2.3160,0.4049,0.00096,2.7002,1.3773,1.9198,1.9096,1.8973,0.5922,Announcement of Class and Component Prices (PDF),DYMCLASSPRICES,2991,Dairy MMR,DY-WA,Washington,DC,"Washington, DC",Washington,DC,FMMOS,FMMOS - non-mars,12/04/2024 13:05:26,2024,2024-NOV,class_4_skim_milk_Price,10.78,lmprs,
10/26/2024,10/30/2024,2024,Oct,,10.56,3.0851,1.1628,3.3238,0.3705,0.00112,2.7191,1.3423,2.2400,2.1605,2.2760,0.5588,Announcement of Class and Component Prices (PDF),DYMCLASSPRICES,2991,Dairy MMR,DY-WA,Washington,DC,"Washington, DC",Washington,DC,FMMOS,FMMOS - non-mars,10/30/2024 13:05:20,2024,2024-OCT,class_4_skim_milk_Price,10.47,lmprs,
09/28/2024,10/02/2024,2024,Sep,,10.09,3.6114,1.1109,2.9249,0.3430,0.00114,3.1537,1.2899,2.2882,2.2013,2.3319,0.5321,Announcement of Class and Component Prices (PDF),DYMCLASSPRICES,2991,Dairy MMR,DY-WA,Washington,DC,"Washington, DC",Washington,DC,FMMOS,FMMOS - non-mars,10/02/2024 13:05:28,2024,2024-SEP,class_4_skim_milk_Price,10.00,lmprs,
08/31/2024,09/05/2024,2024,Aug,,9.90,3.5632,1.0484,2.1756,0.2959,0.00102,3.1139,1.2268,2.0399,1.9812,2.0573,0.4864,Announcement of Class and Component Prices (PDF),DYMCLASSPRICES,2991,Dairy MMR,DY-WA,Washington,DC,"Washington, DC",Washington,DC,FMMOS,FMMOS - non-mars,09/05/2024 13:04:24,2024,2024-AUG,class_4_skim_milk_Price,9.44,lmprs,
07/27/2024,07/31/2024,2024,Jul,,9.63,3.5720,1.0149,1.9466,0.2571,0.00099,3.1211,1.1930,1.9717,1.9458,1.9635,0.4487,Announcement of Class and Component Prices (PDF),DYMCLASSPRICES,2991,Dairy MMR,DY-WA,Washington,DC,"Washington, DC",Washington,DC,FMMOS,FMMOS - non-mars,07/31/2024 13:05:31,2024,2024-JUL,class_4_skim_milk_Price,9.13,lmprs,
06/29/2024,07/03/2024,2024,Jun,,9.50,3.5444,0.9991,2.0546,0.2326,0.00100,3.0983,1.1770,1.9962,1.9154,2.0345,0.4249,Announcement of Class and Component Prices (PDF),DYMCLASSPRICES,2991,Dairy MMR,DY-WA,Washington,DC,"Washington, DC",Washington,DC,FMMOS,FMMOS - non-mars,07/03/2024 13:04:46,2024,2024-JUN,class_4_skim_milk_Price,8.99,lmprs,
06/01/2024,06/05/2024,2024,May,,9.69,3.4636,0.9647,1.7349,0.2181,0.00094,3.0316,1.1422,1.8706,1.8062,1.8952,0.4108,Announcement of Class and Component Prices (PDF),DYMCLASSPRICES,2991,Dairy MMR,DY-WA,Washington,DC,"Washington, DC",Washington,DC,FMMOS,FMMOS - non-mars,06/05/2024 13:05:24,2024,2024-MAY,class_4_skim_milk_Price,8.68,lmprs,
04/27/2024,05/01/2024,2024,Apr,,9.89,3.3309,0.9730,0.8345,0.2367,0.00077,2.9220,1.1506,1.5478,1.5170,1.5447,0.4289,Announcement of Class and Component Prices (PDF),DYMCLASSPRICES,2991,Dairy MMR,DY-WA,Washington,DC,"Washington, DC",Washington,DC,FMMOS,FMMOS - non-mars,05/01/2024 13:05:25,2024,2024-APR,class_4_skim_milk_Price,8.76,lmprs,
03/30/2024,04/03/2024,2024,Mar,,10.11,3.2385,1.0083,1.1265,0.2881,0.00080,2.8457,1.1863,1.6082,1.5730,1.6085,0.4788,Announcement of Class and Component Prices (PDF),DYMCLASSPRICES,2991,Dairy MMR,DY-WA,Washington,DC,"Washington, DC",Washington,DC,FMMOS,FMMOS - non-mars,04/03/2024 13:05:20,2024,2024-MAR,class_4_skim_milk_Price,9.07,lmprs,
02/24/2024,02/28/2024,2024,Feb,,9.99,3.1031,1.0343,1.2255,0.2738,0.00080,2.7339,1.2125,1.5947,1.6021,1.5586,0.4649,Announcement of Class and Component Prices (PDF),DYMCLASSPRICES,2991,Dairy MMR,DY-WA,Washington,DC,"Washington, DC",Washington,DC,FMMOS,FMMOS - non-mars,02/28/2024 13:05:37,2024,2024-FEB,class_4_skim_milk_Price,9.31,lmprs,
01/27/2024,01/31/2024,2024,Jan,,9.95,2.9765,1.0330,1.1265,0.2417,0.00076,2.6294,1.2112,1.5226,1.5260,1.4895,0.4338,Announcement of Class and Component Prices (PDF),DYMCLASSPRICES,2991,Dairy MMR,DY-WA,Washington,DC,"Washington, DC",Washington,DC,FMMOS,FMMOS - non-mars,01/31/2024 13:10:03,2024,2024-JAN,class_4_skim_milk_Price,9.30,lmprs,
12/30/2023,01/04/2024,2023,Dec,,9.78,2.9778,1.0144,1.4499,0.2242,0.00081,2.6305,1.1924,1.6234,1.6385,1.5813,0.4168,Announcement of Class and Component Prices (PDF),DYMCLASSPRICES,2991,Dairy MMR,DY-WA,Washington,DC,"Washington, DC",Washington,DC,FMMOS,FMMOS - non-mars,01/04/2024 13:04:47,2023,2023-DEC,class_4_skim_milk_Price,9.13,lmprs,
11/25/2023,11/29/2023,2023,Nov,,9.40,3.4608,1.0080,1.3238,0.1895,0.00087,3.0293,1.1860,1.7421,1.7511,1.7034,0.3831,Announcement of Class and Component Prices (PDF),DYMCLASSPRICES,2991,Dairy MMR,DY-WA,Washington,DC,"Washington, DC",Washington,DC,FMMOS,FMMOS - non-mars,11/29/2023 13:05:36,2023,2023-NOV,class_4_skim_milk_Price,9.07,lmprs,
10/28/2023,11/01/2023,2023,Oct,,9.25,3.7144,0.9781,1.0468,0.1243,0.00087,3.2387,1.1558,1.7390,1.8044,1.6502,0.3198,Announcement of Class and Component Prices (PDF),DYMCLASSPRICES,2991,Dairy MMR,DY-WA,Washington,DC,"Washington, DC",Washington,DC,FMMOS,FMMOS - non-mars,11/01/2023 13:05:20,2023,2023-OCT,class_4_skim_milk_Price,8.80,lmprs,
09/30/2023,10/04/2023,2023,Sep,,9.34,3.1264,0.9382,2.3027,0.0992,0.00097,2.7532,1.1155,1.9366,1.9895,1.8616,0.2954,Announcement of Class and Component Prices (PDF),DYMCLASSPRICES,2991,Dairy MMR,DY-WA,Washington,DC,"Washington, DC",Washington,DC,FMMOS,FMMOS - non-mars,10/04/2023 13:05:28,2023,2023-SEP,class_4_skim_milk_Price,8.44,lmprs,
08/26/2023,08/30/2023,2023,Aug,,9.65,3.0218,0.9599,2.0851,0.0648,0.00092,2.6668,1.1374,1.8349,1.8625,1.7764,0.2620,Announcement of Class and Component Prices (PDF),DYMCLASSPRICES,2991,Dairy MMR,DY-WA,Washington,DC,"Washington, DC",Washington,DC,FMMOS,FMMOS - non-mars,08/30/2023 13:05:53,2023,2023-AUG,class_4_skim_milk_Price,8.64,lmprs,
07/29/2023,08/02/2023,2023,Jul,,9.64,2.7986,0.9746,1.1991,0.0689,0.00074,2.4825,1.1522,1.4870,1.4614,1.4789,0.2660,Announcement of Class and Component Prices (PDF),DYMCLASSPRICES,2991,Dairy MMR,DY-WA,Washington,DC,"Washington, DC",Washington,DC,FMMOS,FMMOS - non-mars,08/02/2023 13:05:22,2023,2023-JUL,class_4_skim_milk_Price,8.77,lmprs,
06/24/2023,06/28/2023,2023,Jun,,9.48,2.7605,0.9896,1.5144,0.1266,0.00079,2.4510,1.1674,1.5724,1.5568,1.5561,0.3220,Announcement of Class and Component Prices (PDF),DYMCLASSPRICES,2991,Dairy MMR,DY-WA,Washington,DC,"Washington, DC",Washington,DC,FMMOS,FMMOS - non-mars,06/28/2023 13:06:22,2023,2023-JUN,class_4_skim_milk_Price,8.91,lmprs,
05/27/2023,06/01/2023,2023,May,,9.78,2.7572,0.9729,1.8002,0.1877,0.00083,2.4483,1.1505,1.6600,1.7277,1.5715,0.3813,Announcement of Class and Component Prices (PDF),DYMCLASSPRICES,2991,Dairy MMR,DY-WA,Washington,DC,"Washington, DC",Washington,DC,FMMOS,FMMOS - non-mars,06/01/2023 13:05:28,2023,2023-MAY,class_4_skim_milk_Price,8.76,lmprs,
04/29/2023,05/03/2023,2023,Apr,,10.07,2.7009,0.9774,2.5603,0.2479,0.00094,2.4018,1.1551,1.8775,1.9406,1.7942,0.4398,Announcement of Class and Component Prices (PDF),DYMCLASSPRICES,2991,Dairy MMR,DY-WA,Washington,DC,"Washington, DC",Washington,DC,FMMOS,FMMOS - non-mars,05/03/2023 13:06:24,2023,2023-APR,class_4_skim_milk_Price,8.80,lmprs,
04/01/2023,04/05/2023,2023,Mar,,10.30,2.7300,1.0154,2.4085,0.2338,0.00092,2.4258,1.1935,1.8399,1.9503,1.7188,0.4261,Announcement of Class and Component Prices (PDF),DYMCLASSPRICES,2991,Dairy MMR,DY-WA,Washington,DC,"Washington, DC",Washington,DC,FMMOS,FMMOS - non-mars,04/05/2023 13:05:21,2023,2023-MAR,class_4_skim_milk_Price,9.14,lmprs,
02/25/2023,03/01/2023,2023,Feb,,11.70,2.7178,1.0766,2.3650,0.2101,0.00091,2.4158,1.2553,1.8224,1.9874,1.6602,0.4031,Announcement of Class and Component Prices (PDF),DYMCLASSPRICES,2991,Dairy MMR,DY-WA,Washington,DC,"Washington, DC",Washington,DC,FMMOS,FMMOS - non-mars,03/01/2023 13:05:11,2023,2023-FEB,class_4_skim_milk_Price,9.69,lmprs,
01/28/2023,02/01/2023,2023,Jan,,12.32,2.7713,1.1864,2.8058,0.2343,0.00099,2.4599,1.3662,1.9767,2.1147,1.8226,0.4266,Announcement of Class and Component Prices (PDF),DYMCLASSPRICES,2991,Dairy MMR,DY-WA,Washington,DC,"Washington, DC",Washington,DC,FMMOS,FMMOS - non-mars,02/01/2023 13:04:20,2023,2023-JAN,class_4_skim_milk_Price,10.68,lmprs,
12/31/2022,01/05/2023,2022,Dec,,12.48,3.1539,1.2752,2.6568,0.2652,0.00103,2.7759,1.4559,2.0555,2.1594,1.9293,0.4566,Announcement of Class and Component Prices (PDF),DYMCLASSPRICES,2991,Dairy MMR,DY-WA,Washington,DC,"Washington, DC",Washington,DC,FMMOS,FMMOS - non-mars,01/05/2023 13:01:32,2022,2022-DEC,class_4_skim_milk_Price,11.48,lmprs,
11/26/2022,11/30/2022,2022,Nov,,13.31,3.3720,1.3233,2.5374,0.2837,0.00104,2.9560,1.5045,2.0897,2.0748,2.0744,0.4745,Announcement of Class and Component Prices (PDF),DYMCLASSPRICES,2991,Dairy MMR,DY-WA,Washington,DC,"Washington, DC",Washington,DC,FMMOS,FMMOS - non-mars,11/30/2022 13:08:10,2022,2022-NOV,class_4_skim_milk_Price,11.91,lmprs,
10/29/2022,11/02/2022,2022,Oct,,13.37,3.6567,1.4000,2.4512,0.2952,0.00108,3.1911,1.5819,2.1560,2.0453,2.2210,0.4857,Announcement of Class and Component Prices (PDF),DYMCLASSPRICES,2991,Dairy MMR,DY-WA,Washington,DC,"Washington, DC",Washington,DC,FMMOS,FMMOS - non-mars,11/02/2022 13:05:49,2022,2022-OCT,class_4_skim_milk_Price,12.60,lmprs,
10/01/2022,10/05/2022,2022,Sep,,14.52,3.5653,1.3984,1.8847,0.2998,0.00098,3.1156,1.5803,1.9503,1.8835,1.9830,0.4902,Announcement of Class and Component Prices (PDF),DYMCLASSPRICES,2991,Dairy MMR,DY-WA,Washington,DC,"Washington, DC",Washington,DC,FMMOS,FMMOS - non-mars,10/05/2022 13:05:11,2022,2022-SEP,class_4_skim_milk_Price,12.59,lmprs,
08/27/2022,08/31/2022,2022,Aug,,15.53,3.4001,1.4862,2.1417,0.3146,0.00099,2.9792,1.6690,1.9761,1.9484,1.9698,0.5045,Announcement of Class and Component Prices (PDF),DYMCLASSPRICES,2991,Dairy MMR,DY-WA,Washington,DC,"Washington, DC",Washington,DC,FMMOS,FMMOS - non-mars,08/31/2022 13:05:24,2022,2022-AUG,class_4_skim_milk_Price,13.38,lmprs,
07/30/2022,08/03/2022,2022,Jul,,15.42,3.3600,1.6160,2.9116,0.3596,0.00110,2.9461,1.8001,2.2019,2.1622,2.2054,0.5482,Announcement of Class and Component Prices (PDF),DYMCLASSPRICES,2991,Dairy MMR,DY-WA,Washington,DC,"Washington, DC",Washington,DC,FMMOS,FMMOS - non-mars,08/03/2022 13:07:36,2022,2022-JUL,class_4_skim_milk_Price,14.54,lmprs,
06/25/2022,06/29/2022,2022,Jun,,15.50,3.3323,1.6313,3.4173,0.4295,0.00117,2.9232,1.8156,2.3498,2.3214,2.3472,0.6161,Announcement of Class and Component Prices (PDF),DYMCLASSPRICES,2991,Dairy MMR,DY-WA,Washington,DC,"Washington, DC",Washington,DC,FMMOS,FMMOS - non-mars,06/29/2022 13:04:26,2022,2022-JUN,class_4_skim_milk_Price,14.68,lmprs,
05/28/2022,06/02/2022,2022,May,,15.52,3.1056,1.6253,3.8696,0.4857,0.00121,2.7360,1.8095,2.4161,2.3798,2.4187,0.6707,Announcement of Class and Component Prices (PDF),DYMCLASSPRICES,2991,Dairy MMR,DY-WA,Washington,DC,"Washington, DC",Washington,DC,FMMOS,FMMOS - non-mars,06/02/2022 13:04:58,2022,2022-MAY,class_4_skim_milk_Price,14.63,lmprs,
04/30/2022,05/04/2022,2022,Apr,,15.21,3.1461,1.6470,3.4239,0.5565,0.00115,2.7694,1.8314,2.2910,2.2759,2.2759,0.7394,Announcement of Class and Component Prices (PDF),DYMCLASSPRICES,2991,Dairy MMR,DY-WA,Washington,DC,"Washington, DC",Washington,DC,FMMOS,FMMOS - non-mars,05/04/2022 13:05:49,2022,2022-APR,class_4_skim_milk_Price,14.82,lmprs,
03/26/2022,03/30/2022,2022,Mar,,14.41,3.0935,1.6113,2.7182,0.6131,0.00103,2.7260,1.7954,2.0548,2.0748,2.0066,0.7943,Announcement of Class and Component Prices (PDF),DYMCLASSPRICES,2991,Dairy MMR,DY-WA,Washington,DC,"Washington, DC",Washington,DC,FMMOS,FMMOS - non-mars,03/30/2022 13:05:10,2022,2022-MAR,class_4_skim_milk_Price,14.50,lmprs,
02/26/2022,03/02/2022,2022,Feb,,13.67,3.0218,1.5450,2.3168,0.5983,0.00095,2.6668,1.7284,1.9068,1.9091,1.8746,0.7800,Announcement of Class and Component Prices (PDF),DYMCLASSPRICES,2991,Dairy MMR,DY-WA,Washington,DC,"Washington, DC",Washington,DC,FMMOS,FMMOS - non-mars,03/02/2022 13:02:51,2022,2022-FEB,class_4_skim_milk_Price,13.91,lmprs,
01/29/2022,02/02/2022,2022,Jan,,12.91,2.9567,1.4662,2.3563,0.5249,0.00095,2.6130,1.6488,1.8978,1.9787,1.7951,0.7087,Announcement of Class and Component Prices (PDF),DYMCLASSPRICES,2991,Dairy MMR,DY-WA,Washington,DC,"Washington, DC",Washington,DC,FMMOS,FMMOS - non-mars,02/02/2022 13:05:34,2022,2022-JAN,class_4_skim_milk_Price,13.20,lmprs,
01/01/2022,01/05/2022,2021,Dec,,12.22,2.2919,1.3655,2.5937,0.4532,0.00088,2.0641,1.5471,1.7542,1.8633,1.6263,0.6391,Announcement of Class and Component Prices (PDF),DYMCLASSPRICES,2991,Dairy MMR,DY-WA,Washington,DC,"Washington, DC",Washington,DC,FMMOS,FMMOS - non-mars,01/05/2022 13:26:36,2021,2021-DEC,class_4_skim_milk_Price,12.29,lmprs,
11/27/2021,12/01/2021,2021,Nov,,11.23,2.1541,1.2960,2.7536,0.3949,0.00088,1.9503,1.4769,1.7588,1.7605,1.7272,0.5825,Announcement of Class and Component Prices (PDF),DYMCLASSPRICES,2991,Dairy MMR,DY-WA,Washington,DC,"Washington, DC",Washington,DC,FMMOS,FMMOS - non-mars,12/01/2021 13:04:41,2021,2021-NOV,class_4_skim_milk_Price,11.66,lmprs,
10/30/2021,11/03/2021,2021,Oct,,10.63,1.9414,1.1801,3.0130,0.3560,0.00088,1.7746,1.3598,1.7698,1.8070,1.7011,0.5447,Announcement of Class and Component Prices (PDF),DYMCLASSPRICES,2991,Dairy MMR,DY-WA,Washington,DC,"Washington, DC",Washington,DC,FMMOS,FMMOS - non-mars,11/03/2021 13:05:14,2021,2021-OCT,class_4_skim_milk_Price,10.62,lmprs,
09/25/2021,09/29/2021,2021,Sep,,10.45,1.9388,1.1027,2.6010,0.3445,0.00082,1.7725,1.2816,1.6411,1.7761,1.4873,0.5336,Announcement of Class and Component Prices (PDF),DYMCLASSPRICES,2991,Dairy MMR,DY-WA,Washington,DC,"Washington, DC",Washington,DC,FMMOS,FMMOS - non-mars,09/29/2021 13:06:40,2021,2021-SEP,class_4_skim_milk_Price,9.92,lmprs,
08/28/2021,09/01/2021,2021,Aug,,10.37,1.8508,1.0872,2.4582,0.3735,0.00078,1.6998,1.2660,1.5680,1.6902,1.4371,0.5617,Announcement of Class and Component Prices (PDF),DYMCLASSPRICES,2991,Dairy MMR,DY-WA,Washington,DC,"Washington, DC",Washington,DC,FMMOS,FMMOS - non-mars,09/01/2021 13:04:00,2021,2021-AUG,class_4_skim_milk_Price,9.78,lmprs,
07/31/2021,08/04/2021,2021,Jul,,10.53,1.8996,1.0765,2.4957,0.4181,0.00080,1.7401,1.2552,1.5956,1.5948,1.5663,0.6050,Announcement of Class and Component Prices (PDF),DYMCLASSPRICES,2991,Dairy MMR,DY-WA,Washington,DC,"Washington, DC",Washington,DC,FMMOS,FMMOS - non-mars,08/04/2021 13:05:40,2021,2021-JUL,class_4_skim_milk_Price,9.69,lmprs,
06/26/2021,06/30/2021,2021,Jun,,10.12,1.9641,1.0908,2.5834,0.4579,0.00082,1.7934,1.2696,1.6439,1.6058,1.6506,0.6437,Announcement of Class and Component Prices (PDF),DYMCLASSPRICES,2991,Dairy MMR,DY-WA,Washington,DC,"Washington, DC",Washington,DC,FMMOS,FMMOS - non-mars,06/30/2021 13:04:48,2021,2021-JUN,class_4_skim_milk_Price,9.82,lmprs,
05/29/2021,06/03/2021,2021,May,,9.58,1.9851,1.0607,3.1307,0.4645,0.00091,1.8107,1.2392,1.8206,1.8072,1.8035,0.6501,Announcement of Class and Component Prices (PDF),DYMCLASSPRICES,2991,Dairy MMR,DY-WA,Washington,DC,"Washington, DC",Washington,DC,FMMOS,FMMOS - non-mars,06/03/2021 13:06:19,2021,2021-MAY,class_4_skim_milk_Price,9.55,lmprs,
05/01/2021,05/05/2021,2021,Apr,,9.03,1.9496,0.9902,2.8136,0.4268,0.00086,1.7814,1.1680,1.7106,1.7918,1.6011,0.6135,Announcement of Class and Component Prices (PDF),DYMCLASSPRICES,2991,Dairy MMR,DY-WA,Washington,DC,"Washington, DC",Washington,DC,FMMOS,FMMOS - non-mars,05/05/2021 13:08:26,2021,2021-APR,class_4_skim_milk_Price,8.91,lmprs,
03/27/2021,03/31/2021,2021,Mar,,9.36,1.7176,0.9396,2.6954,0.3652,0.00080,1.5898,1.1169,1.5981,1.6695,1.5023,0.5537,Announcement of Class and Component Prices (PDF),DYMCLASSPRICES,2991,Dairy MMR,DY-WA,Washington,DC,"Washington, DC",Washington,DC,FMMOS,FMMOS - non-mars,03/31/2021 13:03:13,2021,2021-MAR,class_4_skim_milk_Price,8.46,lmprs,
02/27/2021,03/03/2021,2021,Feb,,9.27,1.4376,0.9391,2.9816,0.3161,0.00080,1.3586,1.1164,1.5954,1.6870,1.4841,0.5060,Announcement of Class and Component Prices (PDF),DYMCLASSPRICES,2991,Dairy MMR,DY-WA,Washington,DC,"Washington, DC",Washington,DC,FMMOS,FMMOS - non-mars,03/03/2021 13:04:40,2021,2021-FEB,class_4_skim_milk_Price,8.45,lmprs,
01/30/2021,02/03/2021,2021,Jan,,9.03,1.5541,0.9570,3.0355,0.2682,0.00083,1.4548,1.1345,1.6502,1.7171,1.5601,0.4595,Announcement of Class and Component Prices (PDF),DYMCLASSPRICES,2991,Dairy MMR,DY-WA,Washington,DC,"Washington, DC",Washington,DC,FMMOS,FMMOS - non-mars,02/03/2021 13:02:18,2021,2021-JAN,class_4_skim_milk_Price,8.61,lmprs,
12/26/2020,12/30/2020,2020,Dec,,8.91,1.5399,0.9180,3.0282,0.2245,0.00082,1.4431,1.0951,1.6433,1.7708,1.4944,0.4171,Announcement of Class and Component Prices (PDF),DYMCLASSPRICES,2991,Dairy MMR,DY-WA,Washington,DC,"Washington, DC",Washington,DC,FMMOS,FMMOS - non-mars,12/30/2020 13:03:18,2020,2020-DEC,class_4_skim_milk_Price,8.26,lmprs,
11/28/2020,12/02/2020,2020,Nov,,8.70,1.5553,0.9047,5.6226,0.1894,0.00123,1.4558,1.0816,2.4535,2.5808,2.2929,0.3830,Announcement of Class and Component Prices (PDF),DYMCLASSPRICES,2991,Dairy MMR,DY-WA,Washington,DC,"Washington, DC",Washington,DC,FMMOS,FMMOS - non-mars,12/02/2020 13:06:51,2020,2020-NOV,class_4_skim_milk_Price,8.14,lmprs,
10/31/2020,11/04/2020,2020,Oct,,8.15,1.6388,0.8902,5.0146,0.1534,0.00115,1.5248,1.0670,2.2921,2.5692,1.9640,0.3480,Announcement of Class and Component Prices (PDF),DYMCLASSPRICES,2991,Dairy MMR,DY-WA,Washington,DC,"Washington, DC",Washington,DC,FMMOS,FMMOS - non-mars,11/04/2020 12:56:06,2020,2020-OCT,class_4_skim_milk_Price,8.01,lmprs,
09/26/2020,09/30/2020,2020,Sep,,7.83,1.5932,0.8253,3.3935,0.1241,0.00089,1.4871,1.0014,1.7741,1.9496,1.5736,0.3196,Announcement of Class and Component Prices (PDF),DYMCLASSPRICES,2991,Dairy MMR,DY-WA,Washington,DC,"Washington, DC",Washington,DC,FMMOS,FMMOS - non-mars,09/30/2020 13:06:10,2020,2020-SEP,class_4_skim_milk_Price,7.43,lmprs,
08/29/2020,09/02/2020,2020,Aug,,7.82,1.6275,0.7862,4.4394,0.1387,0.00105,1.5154,0.9619,2.1099,2.2144,1.9817,0.3338,Announcement of Class and Component Prices (PDF),DYMCLASSPRICES,2991,Dairy MMR,DY-WA,Washington,DC,"Washington, DC",Washington,DC,FMMOS,FMMOS - non-mars,09/02/2020 13:07:48,2020,2020-AUG,class_4_skim_milk_Price,7.08,lmprs,
08/01/2020,08/05/2020,2020,Jul,,7.16,1.9583,0.7959,5.6294,0.1492,0.00129,1.7886,0.9717,2.5873,2.6978,2.4374,0.3440,Announcement of Class and Component Prices (PDF),DYMCLASSPRICES,2991,Dairy MMR,DY-WA,Washington,DC,"Washington, DC",Washington,DC,FMMOS,FMMOS - non-mars,08/05/2020 13:05:32,2020,2020-JUL,class_4_skim_milk_Price,7.16,lmprs,
06/27/2020,07/01/2020,2020,Jun,,6.69,1.8591,0.7354,4.5349,0.1696,0.00111,1.7067,0.9106,2.2152,2.2566,2.1482,0.3638,Announcement of Class and Component Prices (PDF),DYMCLASSPRICES,2991,Dairy MMR,DY-WA,Washington,DC,"Washington, DC",Washington,DC,FMMOS,FMMOS - non-mars,07/01/2020 13:06:28,2020,2020-JUN,class_4_skim_milk_Price,6.62,lmprs,
05/30/2020,06/03/2020,2020,May,,7.73,1.3756,0.6746,2.0918,0.1882,0.00065,1.3074,0.8492,1.2990,1.3049,1.2641,0.3818,Announcement of Class and Component Prices (PDF),DYMCLASSPRICES,2991,Dairy MMR,DY-WA,Washington,DC,"Washington, DC",Washington,DC,FMMOS,FMMOS - non-mars,06/03/2020 13:03:03,2020,2020-MAY,class_4_skim_milk_Price,6.07,lmprs,
04/25/2020,04/29/2020,2020,Apr,,9.55,1.3218,0.7795,2.4822,0.1793,0.00070,1.2630,0.9552,1.4026,1.5264,1.2744,0.3732,Announcement of Class and Component Prices (PDF),DYMCLASSPRICES,2991,Dairy MMR,DY-WA,Washington,DC,"Washington, DC",Washington,DC,FMMOS,FMMOS - non-mars,04/29/2020 13:03:20,2020,2020-APR,class_4_skim_milk_Price,7.02,lmprs,
03/28/2020,04/01/2020,2020,Mar,,10.38,1.9177,0.9387,2.8424,0.1810,0.00085,1.7551,1.1160,1.7091,1.8133,1.5761,0.3748,Announcement of Class and Component Prices (PDF),DYMCLASSPRICES,2991,Dairy MMR,DY-WA,Washington,DC,"Washington, DC",Washington,DC,FMMOS,FMMOS - non-mars,04/01/2020 13:04:59,2020,2020-MAR,class_4_skim_milk_Price,8.45,lmprs,
02/29/2020,03/04/2020,2020,Feb,,10.24,1.9813,1.0667,3.0309,0.1750,0.00089,1.8076,1.2453,1.7884,1.9467,1.6007,0.3690,Announcement of Class and Component Prices (PDF),DYMCLASSPRICES,2991,Dairy MMR,DY-WA,Washington,DC,"Washington, DC",Washington,DC,FMMOS,FMMOS - non-mars,03/04/2020 13:22:00,2020,2020-FEB,class_4_skim_milk_Price,9.60,lmprs,
02/01/2020,02/05/2020,2020,Jan,,9.98,2.1117,1.0665,2.9606,0.1417,0.00090,1.9153,1.2451,1.8092,1.8995,1.6869,0.3367,Announcement of Class and Component Prices (PDF),DYMCLASSPRICES,2991,Dairy MMR,DY-WA,Washington,DC,"Washington, DC",Washington,DC,FMMOS,FMMOS - non-mars,02/05/2020 13:07:49,2020,2020-JAN,class_4_skim_milk_Price,9.60,lmprs,
12/28/2019,01/02/2020,2019,Dec,,9.43,2.1952,1.0378,3.6515,0.1341,0.00103,1.9842,1.2161,2.0509,1.9363,2.1395,0.3293,Announcement of Class and Component Prices (PDF),DYMCLASSPRICES,2991,Dairy MMR,DY-WA,Washington,DC,"Washington, DC",Washington,DC,FMMOS,FMMOS - non-mars,01/02/2020 13:02:40,2019,2019-DEC,class_4_skim_milk_Price,9.34,lmprs,
11/30/2019,12/04/2019,2019,Nov,,9.02,2.3195,0.9763,3.9118,0.1112,0.00109,2.0869,1.1540,2.1723,2.0987,2.2280,0.3071,Announcement of Class and Component Prices (PDF),DYMCLASSPRICES,2991,Dairy MMR,DY-WA,Washington,DC,"Washington, DC",Washington,DC,FMMOS,FMMOS - non-mars,12/04/2019 13:05:21,2019,2019-NOV,class_4_skim_milk_Price,8.79,lmprs,
10/26/2019,10/30/2019,2019,Oct,,8.54,2.4031,0.9186,3.1700,0.1447,0.00098,2.1559,1.0957,1.9694,2.0569,1.8379,0.3396,Announcement of Class and Component Prices (PDF),DYMCLASSPRICES,2991,Dairy MMR,DY-WA,Washington,DC,"Washington, DC",Washington,DC,FMMOS,FMMOS - non-mars,10/30/2019 13:03:28,2019,2019-OCT,class_4_skim_milk_Price,8.27,lmprs,
09/28/2019,10/02/2019,2019,Sep,,8.46,2.4982,0.8753,2.8633,0.1758,0.00095,2.2344,1.0519,1.9053,1.9843,1.7913,0.3698,Announcement of Class and Component Prices (PDF),DYMCLASSPRICES,2991,Dairy MMR,DY-WA,Washington,DC,"Washington, DC",Washington,DC,FMMOS,FMMOS - non-mars,10/02/2019 13:08:22,2019,2019-SEP,class_4_skim_milk_Price,7.88,lmprs,
08/31/2019,09/05/2019,2019,Aug,,8.57,2.6574,0.8570,2.4453,0.1730,0.00091,2.3659,1.0335,1.8276,,,0.3671,Announcement of Class and Component Prices (PDF),DYMCLASSPRICES,2991,Dairy MMR,DY-WA,Washington,DC,"Washington, DC",Washington,DC,FMMOS,FMMOS - non-mars,09/05/2019 13:05:13,2019,2019-AUG,class_4_skim_milk_Price,7.71,lmprs,
07/27/2019,07/31/2019,2019,Jul,,8.48,2.6858,0.8628,2.4032,0.1689,0.00091,2.3893,1.0393,1.8238,,,0.3631,Announcement of Class and Component Prices (PDF),DYMCLASSPRICES,2991,Dairy MMR,DY-WA,Washington,DC,"Washington, DC",Washington,DC,FMMOS,FMMOS - non-mars,07/31/2019 13:05:14,2019,2019-JUL,class_4_skim_milk_Price,7.77,lmprs,
06/29/2019,07/03/2019,2019,Jun,,8.26,2.6579,0.8665,2.0046,0.1702,0.00085,2.3663,1.0431,1.6910,,,0.3643,Announcement of Class and Component Prices (PDF),DYMCLASSPRICES,2991,Dairy MMR,DY-WA,Washington,DC,"Washington, DC",Washington,DC,FMMOS,FMMOS - non-mars,07/03/2019 13:03:40,2019,2019-JUN,class_4_skim_milk_Price,7.80,lmprs,
06/01/2019,06/05/2019,2019,May,,7.72,2.5718,0.8386,2.1159,0.1847,0.00085,2.2952,1.0149,1.6974,,,0.3784,Announcement of Class and Component Prices (PDF),DYMCLASSPRICES,2991,Dairy MMR,DY-WA,Washington,DC,"Washington, DC",Washington,DC,FMMOS,FMMOS - non-mars,06/05/2019 13:05:15,2019,2019-MAY,class_4_skim_milk_Price,7.55,lmprs,
04/27/2019,05/01/2019,2019,Apr,,7.75,2.5375,0.7883,1.9890,0.1990,0.00082,2.2669,0.9641,1.6468,,,0.3923,Announcement of Class and Component Prices (PDF),DYMCLASSPRICES,2991,Dairy MMR,DY-WA,Washington,DC,"Washington, DC",Washington,DC,FMMOS,FMMOS - non-mars,05/01/2019 13:05:18,2019,2019-APR,class_4_skim_milk_Price,7.09,lmprs,
03/30/2019,04/03/2019,2019,Mar,,7.95,2.5461,0.7832,1.6303,0.2200,0.00077,2.2740,0.9589,1.5383,,,0.4127,Announcement of Class and Component Prices (PDF),DYMCLASSPRICES,2991,Dairy MMR,DY-WA,Washington,DC,"Washington, DC",Washington,DC,FMMOS,FMMOS - non-mars,04/03/2019 13:05:13,2019,2019-MAR,class_4_skim_milk_Price,7.05,lmprs,
02/23/2019,02/27/2019,2019,Feb,,7.50,2.5345,0.8041,1.1776,0.2631,0.00070,2.2644,0.9800,1.3940,,,0.4545,Announcement of Class and Component Prices (PDF),DYMCLASSPRICES,2991,Dairy MMR,DY-WA,Washington,DC,"Washington, DC",Washington,DC,FMMOS,FMMOS - non-mars,02/27/2019 13:05:35,2019,2019-FEB,class_4_skim_milk_Price,7.24,lmprs,
01/26/2019,01/30/2019,2019,Jan,,7.22,2.4981,0.7757,1.1927,0.2898,0.00069,2.2343,0.9513,1.3868,,,0.4805,Announcement of Class and Component Prices (PDF),DYMCLASSPRICES,2991,Dairy MMR,DY-WA,Washington,DC,"Washington, DC",Washington,DC,FMMOS,FMMOS - non-mars,01/30/2019 13:10:29,2019,2019-JAN,class_4_skim_milk_Price,6.98,lmprs,
12/29/2018,01/03/2019,2018,Dec,,7.12,2.5080,0.7269,1.1417,0.2775,0.00069,2.2425,0.9020,1.3742,,,0.4685,Announcement of Class and Component Prices (PDF),DYMCLASSPRICES,2991,Dairy MMR,DY-WA,Washington,DC,"Washington, DC",Washington,DC,FMMOS,FMMOS - non-mars,01/03/2019 13:05:53,2018,2018-DEC,class_4_skim_milk_Price,6.54,lmprs,
12/01/2018,12/05/2018,2018,Nov,,6.96,2.5385,0.7110,1.3419,0.2714,0.00072,2.2677,0.8860,1.4463,,,0.4626,Announcement of Class and Component Prices (PDF),DYMCLASSPRICES,2991,Dairy MMR,DY-WA,Washington,DC,"Washington, DC",Washington,DC,FMMOS,FMMOS - non-mars,12/05/2018 13:03:22,2018,2018-NOV,class_4_skim_milk_Price,6.40,lmprs,
10/27/2018,10/31/2018,2018,Oct,,6.81,2.5551,0.6990,1.7185,0.2553,0.00078,2.2814,0.8739,1.5686,,,0.4470,Announcement of Class and Component Prices (PDF),DYMCLASSPRICES,2991,Dairy MMR,DY-WA,Washington,DC,"Washington, DC",Washington,DC,FMMOS,FMMOS - non-mars,10/31/2018 13:14:21,2018,2018-OCT,class_4_skim_milk_Price,6.29,lmprs,
09/29/2018,10/03/2018,2018,Sep,,6.43,2.5442,0.6801,2.0029,0.2098,0.00083,2.2724,0.8548,1.6533,,,0.4028,Announcement of Class and Component Prices (PDF),DYMCLASSPRICES,2991,Dairy MMR,DY-WA,Washington,DC,"Washington, DC",Washington,DC,FMMOS,FMMOS - non-mars,10/03/2018 13:06:16,2018,2018-SEP,class_4_skim_milk_Price,6.12,lmprs,
08/25/2018,08/29/2018,2018,Aug,,6.16,2.6009,0.6369,1.6245,0.1741,0.00078,2.3192,0.8111,1.5544,,,0.3681,Announcement of Class and Component Prices (PDF),DYMCLASSPRICES,2991,Dairy MMR,DY-WA,Washington,DC,"Washington, DC",Washington,DC,FMMOS,FMMOS - non-mars,08/29/2018 13:28:17,2018,2018-AUG,class_4_skim_milk_Price,5.73,lmprs,
07/28/2018,08/01/2018,2018,Jul,,6.55,2.5287,0.6085,1.4827,0.1422,0.00074,2.2596,0.7824,1.4868,,,0.3372,Announcement of Class and Component Prices (PDF),DYMCLASSPRICES,2991,Dairy MMR,DY-WA,Washington,DC,"Washington, DC",Washington,DC,FMMOS,FMMOS - non-mars,08/01/2018 13:03:26,2018,2018-JUL,class_4_skim_milk_Price,5.48,lmprs,
06/30/2018,07/05/2018,2018,Jun,,6.33,2.6692,0.6407,1.7478,0.1128,0.00081,2.3756,0.8150,1.6150,,,0.3086,Announcement of Class and Component Prices (PDF),DYMCLASSPRICES,2991,Dairy MMR,DY-WA,Washington,DC,"Washington, DC",Washington,DC,FMMOS,FMMOS - non-mars,07/05/2018 13:03:18,2018,2018-JUN,class_4_skim_milk_Price,5.77,lmprs,
05/26/2018,05/31/2018,2018,May,,5.45,2.6239,0.6196,1.8609,0.0742,0.00082,2.3382,0.7937,1.6353,,,0.2711,Announcement of Class and Component Prices (PDF),DYMCLASSPRICES,2991,Dairy MMR,DY-WA,Washington,DC,"Washington, DC",Washington,DC,FMMOS,FMMOS - non-mars,05/31/2018 13:05:26,2018,2018-MAY,class_4_skim_milk_Price,5.58,lmprs,
04/28/2018,05/02/2018,2018,Apr,,5.41,2.5113,0.5401,1.7810,0.0619,0.00079,2.2452,0.7134,1.5737,,,0.2592,Announcement of Class and Component Prices (PDF),DYMCLASSPRICES,2991,Dairy MMR,DY-WA,Washington,DC,"Washington, DC",Washington,DC,FMMOS,FMMOS - non-mars,05/02/2018 13:05:35,2018,2018-APR,class_4_skim_milk_Price,4.86,lmprs,
03/31/2018,04/04/2018,2018,Mar,,5.55,2.4273,0.5232,1.8066,0.0556,0.00078,2.1759,0.6963,1.5542,,,0.2531,Announcement of Class and Component Prices (PDF),DYMCLASSPRICES,2991,Dairy MMR,DY-WA,Washington,DC,"Washington, DC",Washington,DC,FMMOS,FMMOS - non-mars,04/04/2018 13:05:22,2018,2018-MAR,class_4_skim_milk_Price,4.71,lmprs,
02/24/2018,02/28/2018,2018,Feb,,5.38,2.3490,0.5352,1.6265,0.0550,0.00074,2.1112,0.7084,1.4727,,,0.2525,Announcement of Class and Component Prices (PDF),DYMCLASSPRICES,2991,Dairy MMR,DY-WA,Washington,DC,"Washington, DC",Washington,DC,FMMOS,FMMOS - non-mars,02/28/2018 13:05:27,2018,2018-FEB,class_4_skim_milk_Price,4.82,lmprs,
01/27/2018,01/31/2018,2018,Jan,,5.70,2.4531,0.5235,1.6612,0.0787,0.00076,2.1972,0.6966,1.5175,,,0.2755,Announcement of Class and Component Prices (PDF),DYMCLASSPRICES,2991,Dairy MMR,DY-WA,Washington,DC,"Washington, DC",Washington,DC,FMMOS,FMMOS - non-mars,01/31/2018 13:05:37,2018,2018-JAN,class_4_skim_milk_Price,4.71,lmprs,
12/30/2017,01/04/2018,2017,Dec,,5.94,2.4951,0.5503,2.0378,0.1070,0.00082,2.2319,0.7237,1.6481,,,0.3030,Announcement of Class and Component Prices (PDF),DYMCLASSPRICES,2991,Dairy MMR,DY-WA,Washington,DC,"Washington, DC",Washington,DC,FMMOS,FMMOS - non-mars,01/04/2018 13:05:59,2017,2017-DEC,class_4_skim_milk_Price,4.95,lmprs,
11/25/2017,11/29/2017,2017,Nov,,6.58,2.5546,0.5816,2.3412,0.1644,0.00088,2.2810,0.7553,1.7617,,,0.3587,Announcement of Class and Component Prices (PDF),DYMCLASSPRICES,2991,Dairy MMR,DY-WA,Washington,DC,"Washington, DC",Washington,DC,FMMOS,FMMOS - non-mars,11/29/2017 13:05:28,2017,2017-NOV,class_4_skim_milk_Price,5.23,lmprs,
10/28/2017,11/01/2017,2017,Oct,,6.84,2.6646,0.6357,2.1084,0.1853,0.00086,2.3718,0.8099,1.7254,,,0.3790,Announcement of Class and Component Prices (PDF),DYMCLASSPRICES,2991,Dairy MMR,DY-WA,Washington,DC,"Washington, DC",Washington,DC,FMMOS,FMMOS - non-mars,11/01/2017 13:05:31,2017,2017-OCT,class_4_skim_milk_Price,5.72,lmprs,
09/30/2017,10/04/2017,2017,Sep,,7.03,2.8559,0.6753,1.6988,0.2241,0.00083,2.5298,0.8499,1.6608,,,0.4167,Announcement of Class and Component Prices (PDF),DYMCLASSPRICES,2991,Dairy MMR,DY-WA,Washington,DC,"Washington, DC",Washington,DC,FMMOS,FMMOS - non-mars,10/04/2017 13:07:11,2017,2017-SEP,class_4_skim_milk_Price,6.08,lmprs,
08/26/2017,08/30/2017,2017,Aug,,7.25,3.0109,0.6984,1.5536,0.2425,0.00083,2.6578,0.8733,1.6664,,,0.4345,Announcement of Class and Component Prices (PDF),DYMCLASSPRICES,2991,Dairy MMR,DY-WA,Washington,DC,"Washington, DC",Washington,DC,FMMOS,FMMOS - non-mars,08/30/2017 13:07:16,2017,2017-AUG,class_4_skim_milk_Price,6.29,lmprs,
07/29/2017,08/02/2017,2017,Jul,,7.41,2.9456,0.7240,1.2248,0.2599,0.00077,2.6039,0.8991,1.5430,,,0.4514,Announcement of Class and Component Prices (PDF),DYMCLASSPRICES,2991,Dairy MMR,DY-WA,Washington,DC,"Washington, DC",Washington,DC,FMMOS,FMMOS - non-mars,08/02/2017 13:18:44,2017,2017-JUL,class_4_skim_milk_Price,6.52,lmprs,
06/24/2017,06/28/2017,2017,Jun,,6.89,2.7066,0.7384,1.7545,0.3014,0.00081,2.4065,0.9137,1.6293,,,0.4917,Announcement of Class and Component Prices (PDF),DYMCLASSPRICES,2991,Dairy MMR,DY-WA,Washington,DC,"Washington, DC",Washington,DC,FMMOS,FMMOS - non-mars,06/28/2017 13:03:02,2017,2017-JUN,class_4_skim_milk_Price,6.65,lmprs,
05/27/2017,06/01/2017,2017,May,,6.60,2.4134,0.6956,1.7723,0.3196,0.00077,2.1644,0.8704,1.5390,,,0.5094,Announcement of Class and Component Prices (PDF),DYMCLASSPRICES,2991,Dairy MMR,DY-WA,Washington,DC,"Washington, DC",Washington,DC,FMMOS,FMMOS - non-mars,06/01/2017 13:05:29,2017,2017-MAY,class_4_skim_milk_Price,6.26,lmprs,
04/29/2017,05/03/2017,2017,Apr,,6.78,2.3548,0.6641,1.6955,0.3350,0.00075,2.1160,0.8386,1.4960,,,0.5243,Announcement of Class and Component Prices (PDF),DYMCLASSPRICES,2991,Dairy MMR,DY-WA,Washington,DC,"Washington, DC",Washington,DC,FMMOS,FMMOS - non-mars,05/03/2017 13:05:57,2017,2017-APR,class_4_skim_milk_Price,5.98,lmprs,
04/01/2017,04/05/2017,2017,Mar,,8.00,2.4176,0.6747,1.8198,0.3345,0.00078,2.1679,0.8493,1.5551,,,0.5239,Announcement of Class and Component Prices (PDF),DYMCLASSPRICES,2991,Dairy MMR,DY-WA,Washington,DC,"Washington, DC",Washington,DC,FMMOS,FMMOS - non-mars,04/05/2017 13:05:00,2017,2017-MAR,class_4_skim_milk_Price,6.07,lmprs,
02/25/2017,03/01/2017,2017,Feb,,8.29,2.4274,0.8166,2.2348,0.2990,0.00084,2.1760,0.9926,1.6871,,,0.4894,Announcement of Class and Component Prices (PDF),DYMCLASSPRICES,2991,Dairy MMR,DY-WA,Washington,DC,"Washington, DC",Washington,DC,FMMOS,FMMOS - non-mars,03/01/2017 13:01:16,2017,2017-FEB,class_4_skim_milk_Price,7.35,lmprs,
01/28/2017,02/01/2017,2017,Jan,,7.77,2.5253,0.8465,2.1768,0.2503,0.00085,2.2568,1.0229,1.7011,,,0.4421,Announcement of Class and Component Prices (PDF),DYMCLASSPRICES,2991,Dairy MMR,DY-WA,Washington,DC,"Washington, DC",Washington,DC,FMMOS,FMMOS - non-mars,02/01/2017 13:06:58,2017,2017-JAN,class_4_skim_milk_Price,7.62,lmprs,
12/31/2016,01/05/2017,2016,Dec,,7.32,2.3354,0.7822,2.6922,0.2063,0.00090,2.1000,0.9579,1.7990,,,0.3994,Announcement of Class and Component Prices (PDF),DYMCLASSPRICES,2991,Dairy MMR,DY-WA,Washington,DC,"Washington, DC",Washington,DC,FMMOS,FMMOS - non-mars,01/05/2017 12:55:11,2016,2016-DEC,class_4_skim_milk_Price,7.04,lmprs,
11/26/2016,11/30/2016,2016,Nov,,7.47,2.1044,0.7367,2.8085,0.1750,0.00088,1.9092,0.9119,1.7596,,,0.3690,Announcement of Class and Component Prices (PDF),DYMCLASSPRICES,2991,Dairy MMR,DY-WA,Washington,DC,"Washington, DC",Washington,DC,FMMOS,FMMOS - non-mars,11/30/2016 13:04:41,2016,2016-NOV,class_4_skim_milk_Price,6.63,lmprs,
10/29/2016,11/02/2016,2016,Oct,,7.14,2.0493,0.7469,2.2975,0.1351,0.00079,1.8637,0.9222,1.5830,,,0.3303,Announcement of Class and Component Prices (PDF),DYMCLASSPRICES,2991,Dairy MMR,DY-WA,Washington,DC,"Washington, DC",Washington,DC,FMMOS,FMMOS - non-mars,11/02/2016 13:47:24,2016,2016-OCT,class_4_skim_milk_Price,6.72,lmprs,
10/01/2016,10/05/2016,2016,Sep,,6.79,2.3082,0.7097,2.5675,0.1096,0.00088,2.0775,0.8847,1.7514,,,0.3055,Announcement of Class and Component Prices (PDF),DYMCLASSPRICES,2991,Dairy MMR,DY-WA,Washington,DC,"Washington, DC",Washington,DC,FMMOS,FMMOS - non-mars,10/05/2016 13:04:16,2016,2016-SEP,class_4_skim_milk_Price,6.39,lmprs,
08/27/2016,08/31/2016,2016,Aug,,6.71,2.4873,0.6841,2.5738,0.0881,0.00091,2.2254,0.8588,1.8119,,,0.2846,Announcement of Class and Component Prices (PDF),DYMCLASSPRICES,2991,Dairy MMR,DY-WA,Washington,DC,"Washington, DC",Washington,DC,FMMOS,FMMOS - non-mars,08/31/2016 13:03:02,2016,2016-AUG,class_4_skim_milk_Price,6.16,lmprs,
07/30/2016,08/03/2016,2016,Jul,,6.27,2.5964,0.6618,1.9112,0.0774,0.00082,2.3155,0.8363,1.6419,,,0.2742,Announcement of Class and Component Prices (PDF),DYMCLASSPRICES,2991,Dairy MMR,DY-WA,Washington,DC,"Washington, DC",Washington,DC,FMMOS,FMMOS - non-mars,08/03/2016 13:09:56,2016,2016-JUL,class_4_skim_milk_Price,5.96,lmprs,
06/25/2016,06/29/2016,2016,Jun,,5.86,2.4109,0.6148,1.4807,0.0628,0.00072,2.1623,0.7888,1.4477,,,0.2601,Announcement of Class and Component Prices (PDF),DYMCLASSPRICES,2991,Dairy MMR,DY-WA,Washington,DC,"Washington, DC",Washington,DC,FMMOS,FMMOS - non-mars,06/29/2016 13:03:34,2016,2016-JUN,class_4_skim_milk_Price,5.53,lmprs,
05/28/2016,06/02/2016,2016,May,,5.71,2.2846,0.5870,1.4935,0.0529,0.00071,2.0580,0.7607,1.4104,,,0.2505,Announcement of Class and Component Prices (PDF),DYMCLASSPRICES,2991,Dairy MMR,DY-WA,Washington,DC,"Washington, DC",Washington,DC,FMMOS,FMMOS - non-mars,06/02/2016 13:14:45,2016,2016-MAY,class_4_skim_milk_Price,5.28,lmprs,
04/30/2016,05/04/2016,2016,Apr,,5.89,2.2376,0.5573,1.8450,0.0489,0.00075,2.0192,0.7307,1.5041,,,0.2466,Announcement of Class and Component Prices (PDF),DYMCLASSPRICES,2991,Dairy MMR,DY-WA,Washington,DC,"Washington, DC",Washington,DC,FMMOS,FMMOS - non-mars,05/04/2016 13:07:06,2016,2016-APR,class_4_skim_milk_Price,5.02,lmprs,
03/26/2016,03/30/2016,2016,Mar,,6.05,2.2028,0.5786,1.9206,0.0501,0.00076,1.9905,0.7522,1.5162,,,0.2477,Announcement of Class and Component Prices (PDF),DYMCLASSPRICES,2991,Dairy MMR,DY-WA,Washington,DC,"Washington, DC",Washington,DC,FMMOS,FMMOS - non-mars,03/30/2016 13:05:26,2016,2016-MAR,class_4_skim_milk_Price,5.21,lmprs,
02/27/2016,03/02/2016,2016,Feb,,6.17,2.3778,0.5951,1.7389,0.0492,0.00076,2.1350,0.7689,1.5170,,,0.2469,Announcement of Class and Component Prices (PDF),DYMCLASSPRICES,2991,Dairy MMR,DY-WA,Washington,DC,"Washington, DC",Washington,DC,FMMOS,FMMOS - non-mars,03/02/2016 13:14:46,2016,2016-FEB,class_4_skim_milk_Price,5.36,lmprs,
01/30/2016,02/03/2016,2016,Jan,,6.31,2.3062,0.6037,1.8169,0.0371,0.00076,2.0759,0.7776,1.5178,,,0.2351,Announcement of Class and Component Prices (PDF),DYMCLASSPRICES,2991,Dairy MMR,DY-WA,Washington,DC,"Washington, DC",Washington,DC,FMMOS,FMMOS - non-mars,02/03/2016 13:05:06,2016,2016-JAN,class_4_skim_milk_Price,5.43,lmprs,
12/26/2015,12/30/2015,2015,Dec,,6.75,2.9057,0.6153,1.3599,0.0355,0.00079,2.5709,0.7893,1.5719,,,0.2336,Announcement of Class and Component Prices (PDF),DYMCLASSPRICES,2991,Dairy MMR,DY-WA,Washington,DC,"Washington, DC",Washington,DC,FMMOS,FMMOS - non-mars,12/30/2015 13:04:22,2015,2015-DEC,class_4_skim_milk_Price,5.54,lmprs,
11/28/2015,12/02/2015,2015,Nov,,7.35,3.1830,0.6627,1.3205,0.0361,0.00083,2.7999,0.8372,1.6503,,,0.2341,Announcement of Class and Component Prices (PDF),DYMCLASSPRICES,2991,Dairy MMR,DY-WA,Washington,DC,"Washington, DC",Washington,DC,FMMOS,FMMOS - non-mars,12/02/2015 13:11:34,2015,2015-NOV,class_4_skim_milk_Price,5.96,lmprs,
10/31/2015,11/04/2015,2015,Oct,,6.46,2.9087,0.7200,1.7019,0.0328,0.00084,2.5734,0.8951,1.6790,,,0.2309,Announcement of Class and Component Prices (PDF),DYMCLASSPRICES,2991,Dairy MMR,DY-WA,Washington,DC,"Washington, DC",Washington,DC,FMMOS,FMMOS - non-mars,11/04/2015 13:33:23,2015,2015-OCT,class_4_skim_milk_Price,6.48,lmprs,
09/26/2015,09/30/2015,2015,Sep,,5.91,2.7531,0.6266,1.9801,0.0465,0.00086,2.4449,0.8007,1.7145,,,0.2442,Announcement of Class and Component Prices (PDF),DYMCLASSPRICES,2991,Dairy MMR,DY-WA,Washington,DC,"Washington, DC",Washington,DC,FMMOS,FMMOS - non-mars,09/30/2015 13:06:29,2015,2015-SEP,class_4_skim_milk_Price,5.64,lmprs,
08/29/2015,09/02/2015,2015,Aug,,6.82,2.2674,0.5707,2.5692,0.1151,0.00087,2.0438,0.7443,1.7386,,,0.3108,Announcement of Class and Component Prices (PDF),DYMCLASSPRICES,2991,Dairy MMR,DY-WA,Washington,DC,"Washington, DC",Washington,DC,FMMOS,FMMOS - non-mars,09/02/2015 13:02:58,2015,2015-AUG,class_4_skim_milk_Price,5.14,lmprs,
08/01/2015,08/05/2015,2015,Jul,,7.55,2.1125,0.6621,2.6070,0.2004,0.00085,1.9159,0.8366,1.6997,,,0.3937,Announcement of Class and Component Prices (PDF),DYMCLASSPRICES,2991,Dairy MMR,DY-WA,Washington,DC,"Washington, DC",Washington,DC,FMMOS,FMMOS - non-mars,08/05/2015 13:00:39,2015,2015-JUL,class_4_skim_milk_Price,5.96,lmprs,
06/27/2015,07/01/2015,2015,Jun,,7.66,2.1011,0.7529,2.6915,0.2322,0.00086,1.9065,0.9283,1.7222,,,0.4245,Announcement of Class and Component Prices (PDF),DYMCLASSPRICES,2991,Dairy MMR,DY-WA,Washington,DC,"Washington, DC",Washington,DC,FMMOS,FMMOS - non-mars,07/01/2015 13:32:09,2015,2015-JUN,class_4_skim_milk_Price,6.78,lmprs,
05/30/2015,06/03/2015,2015,May,,7.85,2.0599,0.7708,2.5206,0.2533,0.00083,1.8725,0.9464,1.6557,,,0.4450,Announcement of Class and Component Prices (PDF),DYMCLASSPRICES,2991,Dairy MMR,DY-WA,Washington,DC,"Washington, DC",Washington,DC,FMMOS,FMMOS - non-mars,06/03/2015 13:18:15,2015,2015-MAY,class_4_skim_milk_Price,6.94,lmprs,
04/25/2015,04/29/2015,2015,Apr,,8.63,1.8940,0.7926,2.5551,0.2698,0.00081,1.7355,0.9684,1.6122,,,0.4610,Announcement of Class and Component Prices (PDF),DYMCLASSPRICES,2991,Dairy MMR,DY-WA,Washington,DC,"Washington, DC",Washington,DC,FMMOS,FMMOS - non-mars,04/29/2015 13:10:22,2015,2015-APR,class_4_skim_milk_Price,7.13,lmprs,
03/28/2015,04/01/2015,2015,Mar,,8.31,1.8444,0.8454,2.4875,0.2918,0.00079,1.6945,1.0217,1.5750,,,0.4824,Announcement of Class and Component Prices (PDF),DYMCLASSPRICES,2991,Dairy MMR,DY-WA,Washington,DC,"Washington, DC",Washington,DC,FMMOS,FMMOS - non-mars,04/01/2015 13:31:23,2015,2015-MAR,class_4_skim_milk_Price,7.61,lmprs,
02/28/2015,03/04/2015,2015,Feb,,8.34,1.8296,0.8544,2.4051,0.3273,0.00077,1.6823,1.0308,1.5446,,,0.5169,Announcement of Class and Component Prices (PDF),DYMCLASSPRICES,2991,Dairy MMR,DY-WA,Washington,DC,"Washington, DC",Washington,DC,FMMOS,FMMOS - non-mars,03/04/2015 13:02:40,2015,2015-FEB,class_4_skim_milk_Price,7.69,lmprs,
01/31/2015,02/04/2015,2015,Jan,,10.63,1.6855,0.8439,2.6731,0.4001,0.00079,1.5633,1.0202,1.5807,,,0.5875,Announcement of Class and Component Prices (PDF),DYMCLASSPRICES,2991,Dairy MMR,DY-WA,Washington,DC,"Washington, DC",Washington,DC,FMMOS,FMMOS - non-mars,02/04/2015 13:08:32,2015,2015-JAN,class_4_skim_milk_Price,7.60,lmprs,
12/27/2014,12/31/2014,2014,Dec,,12.14,2.0991,1.0767,2.7387,0.3996,0.00087,1.9049,1.2554,1.7362,,,0.5871,Announcement of Class and Component Prices (PDF),DYMCLASSPRICES,2991,Dairy MMR,DY-WA,Washington,DC,"Washington, DC",Washington,DC,FMMOS,FMMOS - non-mars,12/31/2014 13:28:06,2014,2014-DEC,class_4_skim_milk_Price,9.69,lmprs,
11/29/2014,12/03/2014,2014,Nov,,12.62,2.2011,1.2102,3.9018,0.4505,0.00107,1.9891,1.3902,2.1305,,,0.6365,Announcement of Class and Component Prices (PDF),DYMCLASSPRICES,2991,Dairy MMR,DY-WA,Washington,DC,"Washington, DC",Washington,DC,FMMOS,FMMOS - non-mars,12/03/2014 13:13:21,2014,2014-NOV,class_4_skim_milk_Price,10.89,lmprs,
11/01/2014,11/05/2014,2014,Oct,,12.36,2.8507,1.3090,3.7362,0.4670,0.00115,2.5255,1.4900,2.2914,,,0.6525,Announcement of Class and Component Prices (PDF),DYMCLASSPRICES,2991,Dairy MMR,DY-WA,Washington,DC,"Washington, DC",Washington,DC,FMMOS,FMMOS - non-mars,11/05/2014 13:49:38,2014,2014-OCT,class_4_skim_milk_Price,11.78,lmprs,
09/27/2014,10/01/2014,2014,Sep,,15.26,3.2467,1.2910,3.4991,0.4876,0.00117,2.8525,1.4718,2.3472,,,0.6725,Announcement of Class and Component Prices (PDF),DYMCLASSPRICES,2991,Dairy MMR,DY-WA,Washington,DC,"Washington, DC",Washington,DC,FMMOS,FMMOS - non-mars,10/01/2014 13:37:58,2014,2014-SEP,class_4_skim_milk_Price,11.62,lmprs,
08/30/2014,09/04/2014,2014,Aug,,15.92,2.8448,1.6047,3.1496,0.5036,0.00105,2.5206,1.7887,2.1074,,,0.6880,Announcement of Class and Component Prices (PDF),DYMCLASSPRICES,2991,Dairy MMR,DY-WA,Washington,DC,"Washington, DC",Washington,DC,FMMOS,FMMOS - non-mars,09/04/2014 13:52:02,2014,2014-AUG,class_4_skim_milk_Price,14.44,lmprs,
07/26/2014,07/30/2014,2014,Jul,,15.71,2.6349,1.6770,3.1798,0.5046,0.00102,2.3473,1.8617,2.0482,,,0.6890,Announcement of Class and Component Prices (PDF),DYMCLASSPRICES,2991,Dairy MMR,DY-WA,Washington,DC,"Washington, DC",Washington,DC,FMMOS,FMMOS - non-mars,07/30/2014 13:22:12,2014,2014-JUL,class_4_skim_milk_Price,15.09,lmprs,
06/28/2014,07/02/2014,2014,Jun,,15.93,2.4413,1.6785,3.3437,0.4942,0.00102,2.1874,1.8633,2.0358,,,0.6789,Announcement of Class and Component Prices (PDF),DYMCLASSPRICES,2991,Dairy MMR,DY-WA,Washington,DC,"Washington, DC",Washington,DC,FMMOS,FMMOS - non-mars,07/02/2014 13:05:55,2014,2014-JUN,class_4_skim_milk_Price,15.11,lmprs,
05/31/2014,06/04/2014,2014,May,,17.06,2.2721,1.6919,3.9553,0.4897,0.00109,2.0477,1.8768,2.1703,,,0.6745,Announcement of Class and Component Prices (PDF),DYMCLASSPRICES,2991,Dairy MMR,DY-WA,Washington,DC,"Washington, DC",Washington,DC,FMMOS,FMMOS - non-mars,06/04/2014 13:47:22,2014,2014-MAY,class_4_skim_milk_Price,15.23,lmprs,
04/26/2014,04/30/2014,2014,Apr,,17.92,2.1207,1.8328,4.7089,0.4926,0.00118,1.9227,2.0191,2.3547,,,0.6774,Announcement of Class and Component Prices (PDF),DYMCLASSPRICES,2991,Dairy MMR,DY-WA,Washington,DC,"Washington, DC",Washington,DC,FMMOS,FMMOS - non-mars,04/30/2014 14:03:41,2014,2014-APR,class_4_skim_milk_Price,16.50,lmprs,
03/29/2014,04/02/2014,2014,Mar,,17.67,2.0402,1.9027,4.5172,0.4700,0.00113,1.8562,2.0897,2.2689,,,0.6554,Announcement of Class and Component Prices (PDF),DYMCLASSPRICES,2991,Dairy MMR,DY-WA,Washington,DC,"Washington, DC",Washington,DC,FMMOS,FMMOS - non-mars,04/02/2014 13:03:12,2014,2014-MAR,class_4_skim_milk_Price,17.12,lmprs,
03/01/2014,03/05/2014,2014,Feb,,17.27,2.0109,1.8914,4.6044,0.4453,0.00114,1.8320,2.0783,2.2864,,,0.6314,Announcement of Class and Component Prices (PDF),DYMCLASSPRICES,2991,Dairy MMR,DY-WA,Washington,DC,"Washington, DC",Washington,DC,FMMOS,FMMOS - non-mars,03/05/2014 13:32:06,2014,2014-FEB,class_4_skim_milk_Price,17.02,lmprs,
02/01/2014,02/05/2014,2014,Jan,,16.51,1.7874,1.8470,4.1870,0.4155,0.00104,1.6475,2.0335,2.0838,,,0.6025,Announcement of Class and Component Prices (PDF),DYMCLASSPRICES,2991,Dairy MMR,DY-WA,Washington,DC,"Washington, DC",Washington,DC,FMMOS,FMMOS - non-mars,02/05/2014 13:33:25,2014,2014-JAN,class_4_skim_milk_Price,16.62,lmprs,
12/28/2013,01/02/2014,2013,Dec,,16.01,1.7672,1.7680,3.5390,0.3826,0.00094,1.6308,1.9537,1.8761,,,0.5706,Announcement of Class and Component Prices (PDF),DYMCLASSPRICES,2991,Dairy MMR,DY-WA,Washington,DC,"Washington, DC",Washington,DC,FMMOS,FMMOS - non-mars,01/02/2014 13:04:33,2013,2013-DEC,class_4_skim_milk_Price,15.91,lmprs,
11/30/2013,12/04/2013,2013,Nov,,15.56,1.6336,1.7042,3.6316,0.3955,0.00093,1.5205,1.8892,1.8612,,,0.5831,Announcement of Class and Component Prices (PDF),DYMCLASSPRICES,2991,Dairy MMR,DY-WA,Washington,DC,"Washington, DC",Washington,DC,FMMOS,FMMOS - non-mars,12/04/2013 13:42:24,2013,2013-NOV,class_4_skim_milk_Price,15.34,lmprs,
10/26/2013,10/30/2013,2013,Oct,,15.25,1.6638,1.6521,3.4107,0.3852,0.00090,1.5454,1.8366,1.8025,,,0.5731,Announcement of Class and Component Prices (PDF),DYMCLASSPRICES,2991,Dairy MMR,DY-WA,Washington,DC,"Washington, DC",Washington,DC,FMMOS,FMMOS - non-mars,10/30/2013 13:29:32,2013,2013-OCT,class_4_skim_milk_Price,14.87,lmprs,
09/28/2013,10/18/2013,2013,Sep,,14.96,1.5196,1.6243,3.5419,0.3914,0.00090,1.4263,1.8085,1.7961,,,0.5791,Announcement of Class and Component Prices (PDF),DYMCLASSPRICES,2991,Dairy MMR,DY-WA,Washington,DC,"Washington, DC",Washington,DC,FMMOS,FMMOS - non-mars,10/18/2013 10:41:45,2013,2013-SEP,class_4_skim_milk_Price,14.62,lmprs,
08/31/2013,09/05/2013,2013,Aug,,14.47,1.5104,1.5868,3.4775,0.3901,0.00089,1.4187,1.7706,1.7731,,,0.5778,Announcement of Class and Component Prices (PDF),DYMCLASSPRICES,2991,Dairy MMR,DY-WA,Washington,DC,"Washington, DC",Washington,DC,FMMOS,FMMOS - non-mars,09/05/2013 13:06:42,2013,2013-AUG,class_4_skim_milk_Price,14.28,lmprs,
07/27/2013,07/31/2013,2013,Jul,,14.20,1.5693,1.5438,3.2257,0.3927,0.00086,1.4674,1.7272,1.7142,,,0.5804,Announcement of Class and Component Prices (PDF),DYMCLASSPRICES,2991,Dairy MMR,DY-WA,Washington,DC,"Washington, DC",Washington,DC,FMMOS,FMMOS - non-mars,07/31/2013 13:04:38,2013,2013-JUL,class_4_skim_milk_Price,13.89,lmprs,
06/29/2013,07/03/2013,2013,Jun,,13.79,1.6599,1.5048,3.3455,0.3859,0.00089,1.5422,1.6878,1.7810,,,0.5738,Announcement of Class and Component Prices (PDF),DYMCLASSPRICES,2991,Dairy MMR,DY-WA,Washington,DC,"Washington, DC",Washington,DC,FMMOS,FMMOS - non-mars,07/03/2013 13:07:05,2013,2013-JUN,class_4_skim_milk_Price,13.54,lmprs,
06/01/2013,06/05/2013,2013,May,,12.59,1.7884,1.4549,3.3597,0.3887,0.00091,1.6483,1.6374,1.8274,,,0.5765,Announcement of Class and Component Prices (PDF),DYMCLASSPRICES,2991,Dairy MMR,DY-WA,Washington,DC,"Washington, DC",Washington,DC,FMMOS,FMMOS - non-mars,06/05/2013 13:37:51,2013,2013-MAY,class_4_skim_milk_Price,13.09,lmprs,
04/27/2013,05/01/2013,2013,Apr,,12.77,1.8227,1.3498,3.0130,0.3863,0.00087,1.6766,1.5312,1.7310,,,0.5741,Announcement of Class and Component Prices (PDF),DYMCLASSPRICES,2991,Dairy MMR,DY-WA,Washington,DC,"Washington, DC",Washington,DC,FMMOS,FMMOS - non-mars,05/01/2013 13:31:51,2013,2013-APR,class_4_skim_milk_Price,12.15,lmprs,
03/30/2013,04/03/2013,2013,Mar,,13.14,1.7476,1.3395,2.8204,0.4179,0.00082,1.6146,1.5208,1.6467,,,0.6048,Announcement of Class and Component Prices (PDF),DYMCLASSPRICES,2991,Dairy MMR,DY-WA,Washington,DC,"Washington, DC",Washington,DC,FMMOS,FMMOS - non-mars,04/03/2013 13:36:29,2013,2013-MAR,class_4_skim_milk_Price,12.06,lmprs,
02/23/2013,02/27/2013,2013,Feb,,13.11,1.6619,1.3742,2.9609,0.4534,0.00083,1.5438,1.5559,1.6623,,,0.6393,Announcement of Class and Component Prices (PDF),DYMCLASSPRICES,2991,Dairy MMR,DY-WA,Washington,DC,"Washington, DC",Washington,DC,FMMOS,FMMOS - non-mars,02/27/2013 13:03:22,2013,2013-FEB,class_4_skim_milk_Price,12.37,lmprs,
01/26/2013,01/30/2013,2013,Jan,,12.96,1.6168,1.3784,3.2862,0.4647,0.00087,1.5066,1.5601,1.7485,,,0.6503,Announcement of Class and Component Prices (PDF),DYMCLASSPRICES,2991,Dairy MMR,DY-WA,Washington,DC,"Washington, DC",Washington,DC,FMMOS,FMMOS - non-mars,01/30/2013 13:50:34,2013,2013-JAN,class_4_skim_milk_Price,12.41,lmprs,
12/29/2012,01/03/2013,2012,Dec,,12.67,1.7276,1.3569,3.3113,0.4758,0.00090,1.5981,1.5384,1.7925,,,0.6610,Announcement of Class and Component Prices (PDF),DYMCLASSPRICES,2991,Dairy MMR,DY-WA,Washington,DC,"Washington, DC",Washington,DC,FMMOS,FMMOS - non-mars,01/03/2013 13:44:27,2012,2012-DEC,class_4_skim_milk_Price,12.21,lmprs,
12/01/2012,12/05/2012,2012,Nov,,12.13,2.0218,1.3330,3.7172,0.4624,0.00101,1.8410,1.5143,2.0146,,,0.6480,Announcement of Class and Component Prices (PDF),DYMCLASSPRICES,2991,Dairy MMR,DY-WA,Washington,DC,"Washington, DC",Washington,DC,FMMOS,FMMOS - non-mars,12/05/2012 13:44:59,2012,2012-NOV,class_4_skim_milk_Price,12.00,lmprs,
10/27/2012,10/31/2012,2012,Oct,,11.42,2.1136,1.2828,3.7278,0.4340,0.00102,1.9168,1.4636,2.0479,,,0.6205,Announcement of Class and Component Prices (PDF),DYMCLASSPRICES,2991,Dairy MMR,DY-WA,Washington,DC,"Washington, DC",Washington,DC,FMMOS,FMMOS - non-mars,10/31/2012 13:24:09,2012,2012-OCT,class_4_skim_milk_Price,11.55,lmprs,
09/29/2012,10/03/2012,2012,Sep,,10.36,2.0047,1.1969,3.2521,0.3971,0.00093,1.8269,1.3768,1.8647,,,0.5846,Announcement of Class and Component Prices (PDF),DYMCLASSPRICES,2991,Dairy MMR,DY-WA,Washington,DC,"Washington, DC",Washington,DC,FMMOS,FMMOS - non-mars,10/03/2012 13:08:44,2012,2012-SEP,class_4_skim_milk_Price,10.77,lmprs,
08/25/2012,08/29/2012,2012,Aug,,9.53,1.8339,1.0756,3.1211,0.3462,0.00088,1.6859,1.2543,1.7682,,,0.5352,Announcement of Class and Component Prices (PDF),DYMCLASSPRICES,2991,Dairy MMR,DY-WA,Washington,DC,"Washington, DC",Washington,DC,FMMOS,FMMOS - non-mars,08/29/2012 13:03:29,2012,2012-AUG,class_4_skim_milk_Price,9.68,lmprs,
07/28/2012,08/01/2012,2012,Jul,,9.01,1.6556,0.9965,3.0430,0.3123,0.00084,1.5386,1.1744,1.6857,,,0.5023,Announcement of Class and Component Prices (PDF),DYMCLASSPRICES,2991,Dairy MMR,DY-WA,Washington,DC,"Washington, DC",Washington,DC,FMMOS,FMMOS - non-mars,08/01/2012 13:30:51,2012,2012-JUL,class_4_skim_milk_Price,8.97,lmprs,
06/30/2012,07/05/2012,2012,Jun,,9.42,1.4866,0.9252,2.8952,0.3113,0.00079,1.3991,1.1023,1.5846,,,0.5013,Announcement of Class and Component Prices (PDF),DYMCLASSPRICES,2991,Dairy MMR,DY-WA,Washington,DC,"Washington, DC",Washington,DC,FMMOS,FMMOS - non-mars,07/05/2012 13:47:57,2012,2012-JUN,class_4_skim_milk_Price,8.33,lmprs,
05/26/2012,05/31/2012,2012,May,,10.47,1.4462,0.9774,2.7344,0.3500,0.00076,1.3657,1.1551,1.5215,,,0.5389,Announcement of Class and Component Prices (PDF),DYMCLASSPRICES,2991,Dairy MMR,DY-WA,Washington,DC,"Washington, DC",Washington,DC,FMMOS,FMMOS - non-mars,05/31/2012 13:26:26,2012,2012-MAY,class_4_skim_milk_Price,8.80,lmprs,
04/28/2012,05/02/2012,2012,Apr,,11.09,1.5645,1.0728,2.6568,0.4048,0.00077,1.4634,1.2514,1.5361,,,0.5921,Announcement of Class and Component Prices (PDF),DYMCLASSPRICES,2991,Dairy MMR,DY-WA,Washington,DC,"Washington, DC",Washington,DC,FMMOS,FMMOS - non-mars,05/02/2012 13:55:44,2012,2012-APR,class_4_skim_milk_Price,9.66,lmprs,
03/24/2012,04/02/2012,2012,Mar,,,,,,0.0000,,,,,,,,Announcement of Class and Component Prices (PDF),DYMCLASSPRICES,2991,Dairy MMR,DY-WA,Washington,DC,"Washington, DC",Washington,DC,FMMOS,FMMOS - non-mars,04/02/2012 09:28:22,2012,2012-MAR,class_4_skim_milk_Price,,lmprs,
