week_ending_date,created_date,report_year,report_month,narrative,class_2_price,class_2_butterfat_price,advanced_skim_milk_class_2_price,class_3_price,class_3_skim_milk_price,class_4_price,class_4_skim_milk_price,butter_monthly_avg_price,nfdm_monthly_avg_price,cheese_monthly_avg_price,cheese_monthly_40p_price,cheese_monthly_500p_price,whey_monthly_avg_price,report_title,slug_name,slug_id,office_name,office_code,office_city,office_state,market_location_name,market_location_city,market_location_state,market_type,market_type_category,published_date,year,period,data_item,value,category,unit
04/25/2026,04/29/2026,2026,Apr,,18.82,1.8762,12.70,16.82,10.65,20.22,14.17,1.7707,1.7788,1.6427,,,0.6443,Announcement of Class and Component Prices (PDF),DYMCLASSPRICES,2991,Dairy MMR,DY-WA,Washington,DC,"Washington, DC",Washington,DC,FMMOS,FMMOS - non-mars,04/29/2026 13:05:26,2026,2026-APR,butterfat,1.8692,lmprs,
03/28/2026,04/01/2026,2026,Mar,,17.34,2.0290,10.61,16.16,9.41,18.94,12.29,1.8969,1.5741,1.5607,,,0.6724,Announcement of Class and Component Prices (PDF),DYMCLASSPRICES,2991,Dairy MMR,DY-WA,Washington,DC,"Washington, DC",Washington,DC,FMMOS,FMMOS - non-mars,04/01/2026 13:05:21,2026,2026-MAR,butterfat,2.0220,lmprs,
02/28/2026,03/04/2026,2026,Feb,,15.34,1.7864,9.42,14.94,9.03,16.29,10.43,1.6966,1.3726,1.4338,,,0.6931,Announcement of Class and Component Prices (PDF),DYMCLASSPRICES,2991,Dairy MMR,DY-WA,Washington,DC,"Washington, DC",Washington,DC,FMMOS,FMMOS - non-mars,03/04/2026 12:54:48,2026,2026-FEB,butterfat,1.7794,lmprs,
01/31/2026,02/04/2026,2026,Jan,,13.92,1.4595,9.13,14.59,9.85,13.55,8.77,1.4266,1.1921,1.4003,,,0.6986,Announcement of Class and Component Prices (PDF),DYMCLASSPRICES,2991,Dairy MMR,DY-WA,Washington,DC,"Washington, DC",Washington,DC,FMMOS,FMMOS - non-mars,02/04/2026 13:08:03,2026,2026-JAN,butterfat,1.4525,lmprs,
12/27/2025,12/31/2025,2025,Dec,,14.41,1.5831,9.19,15.86,10.72,13.64,8.42,1.5287,1.1541,1.5271,,,0.6893,Announcement of Class and Component Prices (PDF),DYMCLASSPRICES,2991,Dairy MMR,DY-WA,Washington,DC,"Washington, DC",Washington,DC,FMMOS,FMMOS - non-mars,12/31/2025 13:05:26,2025,2025-DEC,butterfat,1.5761,lmprs,
11/29/2025,12/03/2025,2025,Nov,,14.54,1.7131,8.85,17.18,11.62,13.89,8.21,1.6360,1.1609,1.7419,,,0.6415,Announcement of Class and Component Prices (PDF),DYMCLASSPRICES,2991,Dairy MMR,DY-WA,Washington,DC,"Washington, DC",Washington,DC,FMMOS,FMMOS - non-mars,12/03/2025 13:02:43,2025,2025-NOV,butterfat,1.7061,lmprs,
11/01/2025,11/05/2025,2025,Oct,,16.02,1.8322,9.96,16.91,10.90,14.30,8.20,1.7344,1.1601,1.7384,,,0.5930,Announcement of Class and Component Prices (PDF),DYMCLASSPRICES,2991,Dairy MMR,DY-WA,Washington,DC,"Washington, DC",Washington,DC,FMMOS,FMMOS - non-mars,11/05/2025 13:05:19,2025,2025-OCT,butterfat,1.8252,lmprs,
09/27/2025,10/01/2025,2025,Sep,,17.39,2.1995,10.04,17.59,10.28,16.17,8.80,2.0377,1.2265,1.8066,,,0.5782,Announcement of Class and Component Prices (PDF),DYMCLASSPRICES,2991,Dairy MMR,DY-WA,Washington,DC,"Washington, DC",Washington,DC,FMMOS,FMMOS - non-mars,10/01/2025 13:05:44,2025,2025-SEP,butterfat,2.1925,lmprs,
08/30/2025,09/04/2025,2025,Aug,,19.18,2.7325,9.96,17.24,7.98,18.50,9.29,2.4778,1.2820,1.7529,,,0.5779,Announcement of Class and Component Prices (PDF),DYMCLASSPRICES,2991,Dairy MMR,DY-WA,Washington,DC,"Washington, DC",Washington,DC,FMMOS,FMMOS - non-mars,09/04/2025 13:05:39,2025,2025-AUG,butterfat,2.7255,lmprs,
07/26/2025,07/30/2025,2025,Jul,,19.31,2.8505,9.67,17.32,7.63,18.89,9.26,2.5753,1.2783,1.7634,,,0.5670,Announcement of Class and Component Prices (PDF),DYMCLASSPRICES,2991,Dairy MMR,DY-WA,Washington,DC,"Washington, DC",Washington,DC,FMMOS,FMMOS - non-mars,07/30/2025 13:05:25,2025,2025-JUL,butterfat,2.8435,lmprs,
06/28/2025,07/02/2025,2025,Jun,,18.43,2.7448,9.14,18.82,9.57,18.30,9.03,2.4880,1.2531,1.9322,,,0.5497,Announcement of Class and Component Prices (PDF),DYMCLASSPRICES,2991,Dairy MMR,DY-WA,Washington,DC,"Washington, DC",Washington,DC,FMMOS,FMMOS - non-mars,07/02/2025 13:05:29,2025,2025-JUN,butterfat,2.7378,lmprs,
05/31/2025,06/04/2025,2025,May,,18.72,2.6697,9.72,18.57,9.59,18.13,9.13,2.3703,1.1925,1.8404,1.8177,1.8284,0.5119,Announcement of Class and Component Prices (PDF),DYMCLASSPRICES,2991,Dairy MMR,DY-WA,Washington,DC,"Washington, DC",Washington,DC,FMMOS,FMMOS - non-mars,06/04/2025 13:05:20,2025,2025-MAY,butterfat,2.6627,lmprs,
04/26/2025,04/30/2025,2025,Apr,,19.22,2.6476,10.31,17.48,8.54,17.92,8.99,2.3520,1.1773,1.7361,1.7117,1.7244,0.4988,Announcement of Class and Component Prices (PDF),DYMCLASSPRICES,2991,Dairy MMR,DY-WA,Washington,DC,"Washington, DC",Washington,DC,FMMOS,FMMOS - non-mars,04/30/2025 13:04:13,2025,2025-APR,butterfat,2.6406,lmprs,
03/29/2025,04/02/2025,2025,Mar,,20.12,2.6312,11.31,18.62,9.78,18.21,9.35,2.3385,1.2176,1.8215,1.8420,1.7732,0.5532,Announcement of Class and Component Prices (PDF),DYMCLASSPRICES,2991,Dairy MMR,DY-WA,Washington,DC,"Washington, DC",Washington,DC,FMMOS,FMMOS - non-mars,04/02/2025 13:05:07,2025,2025-MAR,butterfat,2.6242,lmprs,
03/01/2025,03/05/2025,2025,Feb,,21.08,2.8256,11.60,20.18,10.69,19.90,10.40,2.4990,1.3347,1.9077,1.9158,1.8707,0.6650,Announcement of Class and Component Prices (PDF),DYMCLASSPRICES,2991,Dairy MMR,DY-WA,Washington,DC,"Washington, DC",Washington,DC,FMMOS,FMMOS - non-mars,03/05/2025 13:05:17,2025,2025-FEB,butterfat,2.8186,lmprs,
02/01/2025,02/05/2025,2025,Jan,,21.58,2.9530,11.65,20.34,10.39,20.73,10.80,2.6042,1.3801,1.8851,1.8954,1.8477,0.7218,Announcement of Class and Component Prices (PDF),DYMCLASSPRICES,2991,Dairy MMR,DY-WA,Washington,DC,"Washington, DC",Washington,DC,FMMOS,FMMOS - non-mars,02/05/2025 13:05:17,2025,2025-JAN,butterfat,2.9460,lmprs,
12/28/2024,01/02/2025,2024,Dec,,21.28,2.9174,11.47,18.62,8.74,20.74,10.94,2.5748,1.3952,1.7608,1.7583,1.7326,0.6353,Announcement of Class and Component Prices (PDF),DYMCLASSPRICES,2991,Dairy MMR,DY-WA,Washington,DC,"Washington, DC",Washington,DC,FMMOS,FMMOS - non-mars,01/02/2025 13:05:22,2024,2024-DEC,butterfat,2.9104,lmprs,
11/30/2024,12/04/2024,2024,Nov,,21.52,3.0693,11.17,19.95,9.57,21.12,10.78,2.7002,1.3773,1.9198,1.9096,1.8973,0.5922,Announcement of Class and Component Prices (PDF),DYMCLASSPRICES,2991,Dairy MMR,DY-WA,Washington,DC,"Washington, DC",Washington,DC,FMMOS,FMMOS - non-mars,12/04/2024 13:05:26,2024,2024-NOV,butterfat,3.0623,lmprs,
10/26/2024,10/30/2024,2024,Oct,,21.01,3.0921,10.56,22.85,12.49,20.90,10.47,2.7191,1.3423,2.2400,2.1605,2.2760,0.5588,Announcement of Class and Component Prices (PDF),DYMCLASSPRICES,2991,Dairy MMR,DY-WA,Washington,DC,"Washington, DC",Washington,DC,FMMOS,FMMOS - non-mars,10/30/2024 13:05:20,2024,2024-OCT,butterfat,3.0851,lmprs,
09/28/2024,10/02/2024,2024,Sep,,22.40,3.6184,10.09,23.34,11.09,22.29,10.00,3.1537,1.2899,2.2882,2.2013,2.3319,0.5321,Announcement of Class and Component Prices (PDF),DYMCLASSPRICES,2991,Dairy MMR,DY-WA,Washington,DC,"Washington, DC",Washington,DC,FMMOS,FMMOS - non-mars,10/02/2024 13:05:28,2024,2024-SEP,butterfat,3.6114,lmprs,
08/31/2024,09/05/2024,2024,Aug,,22.05,3.5702,9.90,20.66,8.49,21.58,9.44,3.1139,1.2268,2.0399,1.9812,2.0573,0.4864,Announcement of Class and Component Prices (PDF),DYMCLASSPRICES,2991,Dairy MMR,DY-WA,Washington,DC,"Washington, DC",Washington,DC,FMMOS,FMMOS - non-mars,09/05/2024 13:04:24,2024,2024-AUG,butterfat,3.5632,lmprs,
07/27/2024,07/31/2024,2024,Jul,,21.82,3.5790,9.63,19.79,7.55,21.31,9.13,3.1211,1.1930,1.9717,1.9458,1.9635,0.4487,Announcement of Class and Component Prices (PDF),DYMCLASSPRICES,2991,Dairy MMR,DY-WA,Washington,DC,"Washington, DC",Washington,DC,FMMOS,FMMOS - non-mars,07/31/2024 13:05:31,2024,2024-JUL,butterfat,3.5720,lmprs,
06/29/2024,07/03/2024,2024,Jun,,21.60,3.5514,9.50,19.87,7.74,21.08,8.99,3.0983,1.1770,1.9962,1.9154,2.0345,0.4249,Announcement of Class and Component Prices (PDF),DYMCLASSPRICES,2991,Dairy MMR,DY-WA,Washington,DC,"Washington, DC",Washington,DC,FMMOS,FMMOS - non-mars,07/03/2024 13:04:46,2024,2024-JUN,butterfat,3.5444,lmprs,
06/01/2024,06/05/2024,2024,May,,21.50,3.4706,9.69,18.55,6.66,20.50,8.68,3.0316,1.1422,1.8706,1.8062,1.8952,0.4108,Announcement of Class and Component Prices (PDF),DYMCLASSPRICES,2991,Dairy MMR,DY-WA,Washington,DC,"Washington, DC",Washington,DC,FMMOS,FMMOS - non-mars,06/05/2024 13:05:24,2024,2024-MAY,butterfat,3.4636,lmprs,
04/27/2024,05/01/2024,2024,Apr,,21.23,3.3379,9.89,15.50,3.98,20.11,8.76,2.9220,1.1506,1.5478,1.5170,1.5447,0.4289,Announcement of Class and Component Prices (PDF),DYMCLASSPRICES,2991,Dairy MMR,DY-WA,Washington,DC,"Washington, DC",Washington,DC,FMMOS,FMMOS - non-mars,05/01/2024 13:05:25,2024,2024-APR,butterfat,3.3309,lmprs,
03/30/2024,04/03/2024,2024,Mar,,21.12,3.2455,10.11,16.34,5.19,20.09,9.07,2.8457,1.1863,1.6082,1.5730,1.6085,0.4788,Announcement of Class and Component Prices (PDF),DYMCLASSPRICES,2991,Dairy MMR,DY-WA,Washington,DC,"Washington, DC",Washington,DC,FMMOS,FMMOS - non-mars,04/03/2024 13:05:20,2024,2024-MAR,butterfat,3.2385,lmprs,
02/24/2024,02/28/2024,2024,Feb,,20.53,3.1101,9.99,16.08,5.41,19.85,9.31,2.7339,1.2125,1.5947,1.6021,1.5586,0.4649,Announcement of Class and Component Prices (PDF),DYMCLASSPRICES,2991,Dairy MMR,DY-WA,Washington,DC,"Washington, DC",Washington,DC,FMMOS,FMMOS - non-mars,02/28/2024 13:05:37,2024,2024-FEB,butterfat,3.1031,lmprs,
01/27/2024,01/31/2024,2024,Jan,,20.04,2.9835,9.95,15.17,4.92,19.39,9.30,2.6294,1.2112,1.5226,1.5260,1.4895,0.4338,Announcement of Class and Component Prices (PDF),DYMCLASSPRICES,2991,Dairy MMR,DY-WA,Washington,DC,"Washington, DC",Washington,DC,FMMOS,FMMOS - non-mars,01/31/2024 13:10:03,2024,2024-JAN,butterfat,2.9765,lmprs,
12/30/2023,01/04/2024,2023,Dec,,19.88,2.9848,9.78,16.04,5.82,19.23,9.13,2.6305,1.1924,1.6234,1.6385,1.5813,0.4168,Announcement of Class and Component Prices (PDF),DYMCLASSPRICES,2991,Dairy MMR,DY-WA,Washington,DC,"Washington, DC",Washington,DC,FMMOS,FMMOS - non-mars,01/04/2024 13:04:47,2023,2023-DEC,butterfat,2.9778,lmprs,
11/25/2023,11/29/2023,2023,Nov,,21.21,3.4678,9.40,17.15,5.22,20.87,9.07,3.0293,1.1860,1.7421,1.7511,1.7034,0.3831,Announcement of Class and Component Prices (PDF),DYMCLASSPRICES,2991,Dairy MMR,DY-WA,Washington,DC,"Washington, DC",Washington,DC,FMMOS,FMMOS - non-mars,11/29/2023 13:05:36,2023,2023-NOV,butterfat,3.4608,lmprs,
10/28/2023,11/01/2023,2023,Oct,,21.95,3.7214,9.25,16.84,3.98,21.49,8.80,3.2387,1.1558,1.7390,1.8044,1.6502,0.3198,Announcement of Class and Component Prices (PDF),DYMCLASSPRICES,2991,Dairy MMR,DY-WA,Washington,DC,"Washington, DC",Washington,DC,FMMOS,FMMOS - non-mars,11/01/2023 13:05:20,2023,2023-OCT,butterfat,3.7144,lmprs,
09/30/2023,10/04/2023,2023,Sep,,19.98,3.1334,9.34,18.39,7.72,19.09,8.44,2.7532,1.1155,1.9366,1.9895,1.8616,0.2954,Announcement of Class and Component Prices (PDF),DYMCLASSPRICES,2991,Dairy MMR,DY-WA,Washington,DC,"Washington, DC",Washington,DC,FMMOS,FMMOS - non-mars,10/04/2023 13:05:28,2023,2023-SEP,butterfat,3.1264,lmprs,
08/26/2023,08/30/2023,2023,Aug,,19.91,3.0288,9.65,17.19,6.85,18.91,8.64,2.6668,1.1374,1.8349,1.8625,1.7764,0.2620,Announcement of Class and Component Prices (PDF),DYMCLASSPRICES,2991,Dairy MMR,DY-WA,Washington,DC,"Washington, DC",Washington,DC,FMMOS,FMMOS - non-mars,08/30/2023 13:05:53,2023,2023-AUG,butterfat,3.0218,lmprs,
07/29/2023,08/02/2023,2023,Jul,,19.12,2.8056,9.64,13.77,4.12,18.26,8.77,2.4825,1.1522,1.4870,1.4614,1.4789,0.2660,Announcement of Class and Component Prices (PDF),DYMCLASSPRICES,2991,Dairy MMR,DY-WA,Washington,DC,"Washington, DC",Washington,DC,FMMOS,FMMOS - non-mars,08/02/2023 13:05:22,2023,2023-JUL,butterfat,2.7986,lmprs,
06/24/2023,06/28/2023,2023,Jun,,18.83,2.7675,9.48,14.91,5.44,18.26,8.91,2.4510,1.1674,1.5724,1.5568,1.5561,0.3220,Announcement of Class and Component Prices (PDF),DYMCLASSPRICES,2991,Dairy MMR,DY-WA,Washington,DC,"Washington, DC",Washington,DC,FMMOS,FMMOS - non-mars,06/28/2023 13:06:22,2023,2023-JUN,butterfat,2.7605,lmprs,
05/27/2023,06/01/2023,2023,May,,19.11,2.7642,9.78,16.11,6.69,18.10,8.76,2.4483,1.1505,1.6600,1.7277,1.5715,0.3813,Announcement of Class and Component Prices (PDF),DYMCLASSPRICES,2991,Dairy MMR,DY-WA,Washington,DC,"Washington, DC",Washington,DC,FMMOS,FMMOS - non-mars,06/01/2023 13:05:28,2023,2023-MAY,butterfat,2.7572,lmprs,
04/29/2023,05/03/2023,2023,Apr,,19.20,2.7079,10.07,18.52,9.40,17.95,8.80,2.4018,1.1551,1.8775,1.9406,1.7942,0.4398,Announcement of Class and Component Prices (PDF),DYMCLASSPRICES,2991,Dairy MMR,DY-WA,Washington,DC,"Washington, DC",Washington,DC,FMMOS,FMMOS - non-mars,05/03/2023 13:06:24,2023,2023-APR,butterfat,2.7009,lmprs,
04/01/2023,04/05/2023,2023,Mar,,19.52,2.7370,10.30,18.10,8.85,18.38,9.14,2.4258,1.1935,1.8399,1.9503,1.7188,0.4261,Announcement of Class and Component Prices (PDF),DYMCLASSPRICES,2991,Dairy MMR,DY-WA,Washington,DC,"Washington, DC",Washington,DC,FMMOS,FMMOS - non-mars,04/05/2023 13:05:21,2023,2023-MAR,butterfat,2.7300,lmprs,
02/25/2023,03/01/2023,2023,Feb,,20.83,2.7248,11.70,17.78,8.57,18.86,9.69,2.4158,1.2553,1.8224,1.9874,1.6602,0.4031,Announcement of Class and Component Prices (PDF),DYMCLASSPRICES,2991,Dairy MMR,DY-WA,Washington,DC,"Washington, DC",Washington,DC,FMMOS,FMMOS - non-mars,03/01/2023 13:05:11,2023,2023-FEB,butterfat,2.7178,lmprs,
01/28/2023,02/01/2023,2023,Jan,,21.61,2.7783,12.32,19.43,10.08,20.01,10.68,2.4599,1.3662,1.9767,2.1147,1.8226,0.4266,Announcement of Class and Component Prices (PDF),DYMCLASSPRICES,2991,Dairy MMR,DY-WA,Washington,DC,"Washington, DC",Washington,DC,FMMOS,FMMOS - non-mars,02/01/2023 13:04:20,2023,2023-JAN,butterfat,2.7713,lmprs,
12/31/2022,01/05/2023,2022,Dec,,23.11,3.1609,12.48,20.50,9.80,22.12,11.48,2.7759,1.4559,2.0555,2.1594,1.9293,0.4566,Announcement of Class and Component Prices (PDF),DYMCLASSPRICES,2991,Dairy MMR,DY-WA,Washington,DC,"Washington, DC",Washington,DC,FMMOS,FMMOS - non-mars,01/05/2023 13:01:32,2022,2022-DEC,butterfat,3.1539,lmprs,
11/26/2022,11/30/2022,2022,Nov,,24.67,3.3790,13.31,21.01,9.54,23.30,11.91,2.9560,1.5045,2.0897,2.0748,2.0744,0.4745,Announcement of Class and Component Prices (PDF),DYMCLASSPRICES,2991,Dairy MMR,DY-WA,Washington,DC,"Washington, DC",Washington,DC,FMMOS,FMMOS - non-mars,11/30/2022 13:08:10,2022,2022-NOV,butterfat,3.3720,lmprs,
10/29/2022,11/02/2022,2022,Oct,,25.73,3.6637,13.37,21.81,9.34,24.96,12.60,3.1911,1.5819,2.1560,2.0453,2.2210,0.4857,Announcement of Class and Component Prices (PDF),DYMCLASSPRICES,2991,Dairy MMR,DY-WA,Washington,DC,"Washington, DC",Washington,DC,FMMOS,FMMOS - non-mars,11/02/2022 13:05:49,2022,2022-OCT,butterfat,3.6567,lmprs,
10/01/2022,10/05/2022,2022,Sep,,26.51,3.5723,14.52,19.82,7.61,24.63,12.59,3.1156,1.5803,1.9503,1.8835,1.9830,0.4902,Announcement of Class and Component Prices (PDF),DYMCLASSPRICES,2991,Dairy MMR,DY-WA,Washington,DC,"Washington, DC",Washington,DC,FMMOS,FMMOS - non-mars,10/05/2022 13:05:11,2022,2022-SEP,butterfat,3.5653,lmprs,
08/27/2022,08/31/2022,2022,Aug,,26.91,3.4071,15.53,20.10,8.50,24.81,13.38,2.9792,1.6690,1.9761,1.9484,1.9698,0.5045,Announcement of Class and Component Prices (PDF),DYMCLASSPRICES,2991,Dairy MMR,DY-WA,Washington,DC,"Washington, DC",Washington,DC,FMMOS,FMMOS - non-mars,08/31/2022 13:05:24,2022,2022-AUG,butterfat,3.4001,lmprs,
07/30/2022,08/03/2022,2022,Jul,,26.66,3.3670,15.42,22.52,11.15,25.79,14.54,2.9461,1.8001,2.2019,2.1622,2.2054,0.5482,Announcement of Class and Component Prices (PDF),DYMCLASSPRICES,2991,Dairy MMR,DY-WA,Washington,DC,"Washington, DC",Washington,DC,FMMOS,FMMOS - non-mars,08/03/2022 13:07:36,2022,2022-JUL,butterfat,3.3600,lmprs,
06/25/2022,06/29/2022,2022,Jun,,26.65,3.3393,15.50,24.33,13.13,25.83,14.68,2.9232,1.8156,2.3498,2.3214,2.3472,0.6161,Announcement of Class and Component Prices (PDF),DYMCLASSPRICES,2991,Dairy MMR,DY-WA,Washington,DC,"Washington, DC",Washington,DC,FMMOS,FMMOS - non-mars,06/29/2022 13:04:26,2022,2022-JUN,butterfat,3.3323,lmprs,
05/28/2022,06/02/2022,2022,May,,25.87,3.1126,15.52,25.21,14.86,24.99,14.63,2.7360,1.8095,2.4161,2.3798,2.4187,0.6707,Announcement of Class and Component Prices (PDF),DYMCLASSPRICES,2991,Dairy MMR,DY-WA,Washington,DC,"Washington, DC",Washington,DC,FMMOS,FMMOS - non-mars,06/02/2022 13:04:58,2022,2022-MAY,butterfat,3.1056,lmprs,
04/30/2022,05/04/2022,2022,Apr,,25.71,3.1531,15.21,24.42,13.90,25.31,14.82,2.7694,1.8314,2.2910,2.2759,2.2759,0.7394,Announcement of Class and Component Prices (PDF),DYMCLASSPRICES,2991,Dairy MMR,DY-WA,Washington,DC,"Washington, DC",Washington,DC,FMMOS,FMMOS - non-mars,05/04/2022 13:05:49,2022,2022-APR,butterfat,3.1461,lmprs,
03/26/2022,03/30/2022,2022,Mar,,24.76,3.1005,14.41,22.45,12.04,24.82,14.50,2.7260,1.7954,2.0548,2.0748,2.0066,0.7943,Announcement of Class and Component Prices (PDF),DYMCLASSPRICES,2991,Dairy MMR,DY-WA,Washington,DC,"Washington, DC",Washington,DC,FMMOS,FMMOS - non-mars,03/30/2022 13:05:10,2022,2022-MAR,butterfat,3.0935,lmprs,
02/26/2022,03/02/2022,2022,Feb,,23.79,3.0288,13.67,20.91,10.71,24.00,13.91,2.6668,1.7284,1.9068,1.9091,1.8746,0.7800,Announcement of Class and Component Prices (PDF),DYMCLASSPRICES,2991,Dairy MMR,DY-WA,Washington,DC,"Washington, DC",Washington,DC,FMMOS,FMMOS - non-mars,03/02/2022 13:02:51,2022,2022-FEB,butterfat,3.0218,lmprs,
01/29/2022,02/02/2022,2022,Jan,,22.83,2.9637,12.91,20.38,10.40,23.09,13.20,2.6130,1.6488,1.8978,1.9787,1.7951,0.7087,Announcement of Class and Component Prices (PDF),DYMCLASSPRICES,2991,Dairy MMR,DY-WA,Washington,DC,"Washington, DC",Washington,DC,FMMOS,FMMOS - non-mars,02/02/2022 13:05:34,2022,2022-JAN,butterfat,2.9567,lmprs,
01/01/2022,01/05/2022,2021,Dec,,19.84,2.2989,12.22,18.36,10.71,19.88,12.29,2.0641,1.5471,1.7542,1.8633,1.6263,0.6391,Announcement of Class and Component Prices (PDF),DYMCLASSPRICES,2991,Dairy MMR,DY-WA,Washington,DC,"Washington, DC",Washington,DC,FMMOS,FMMOS - non-mars,01/05/2022 13:26:36,2021,2021-DEC,butterfat,2.2919,lmprs,
11/27/2021,12/01/2021,2021,Nov,,18.40,2.1611,11.23,18.03,10.87,18.79,11.66,1.9503,1.4769,1.7588,1.7605,1.7272,0.5825,Announcement of Class and Component Prices (PDF),DYMCLASSPRICES,2991,Dairy MMR,DY-WA,Washington,DC,"Washington, DC",Washington,DC,FMMOS,FMMOS - non-mars,12/01/2021 13:04:41,2021,2021-NOV,butterfat,2.1541,lmprs,
10/30/2021,11/03/2021,2021,Oct,,17.08,1.9484,10.63,17.83,11.44,17.04,10.62,1.7746,1.3598,1.7698,1.8070,1.7011,0.5447,Announcement of Class and Component Prices (PDF),DYMCLASSPRICES,2991,Dairy MMR,DY-WA,Washington,DC,"Washington, DC",Washington,DC,FMMOS,FMMOS - non-mars,11/03/2021 13:05:14,2021,2021-OCT,butterfat,1.9414,lmprs,
09/25/2021,09/29/2021,2021,Sep,,16.89,1.9458,10.45,16.53,10.10,16.36,9.92,1.7725,1.2816,1.6411,1.7761,1.4873,0.5336,Announcement of Class and Component Prices (PDF),DYMCLASSPRICES,2991,Dairy MMR,DY-WA,Washington,DC,"Washington, DC",Washington,DC,FMMOS,FMMOS - non-mars,09/29/2021 13:06:40,2021,2021-SEP,butterfat,1.9388,lmprs,
08/28/2021,09/01/2021,2021,Aug,,16.51,1.8578,10.37,15.95,9.82,15.92,9.78,1.6998,1.2660,1.5680,1.6902,1.4371,0.5617,Announcement of Class and Component Prices (PDF),DYMCLASSPRICES,2991,Dairy MMR,DY-WA,Washington,DC,"Washington, DC",Washington,DC,FMMOS,FMMOS - non-mars,09/01/2021 13:04:00,2021,2021-AUG,butterfat,1.8508,lmprs,
07/31/2021,08/04/2021,2021,Jul,,16.83,1.9066,10.53,16.49,10.20,16.00,9.69,1.7401,1.2552,1.5956,1.5948,1.5663,0.6050,Announcement of Class and Component Prices (PDF),DYMCLASSPRICES,2991,Dairy MMR,DY-WA,Washington,DC,"Washington, DC",Washington,DC,FMMOS,FMMOS - non-mars,08/04/2021 13:05:40,2021,2021-JUL,butterfat,1.8996,lmprs,
06/26/2021,06/30/2021,2021,Jun,,16.66,1.9711,10.12,17.21,10.71,16.35,9.82,1.7934,1.2696,1.6439,1.6058,1.6506,0.6437,Announcement of Class and Component Prices (PDF),DYMCLASSPRICES,2991,Dairy MMR,DY-WA,Washington,DC,"Washington, DC",Washington,DC,FMMOS,FMMOS - non-mars,06/30/2021 13:04:48,2021,2021-JUN,butterfat,1.9641,lmprs,
05/29/2021,06/03/2021,2021,May,,16.22,1.9921,9.58,18.96,12.45,16.16,9.55,1.8107,1.2392,1.8206,1.8072,1.8035,0.6501,Announcement of Class and Component Prices (PDF),DYMCLASSPRICES,2991,Dairy MMR,DY-WA,Washington,DC,"Washington, DC",Washington,DC,FMMOS,FMMOS - non-mars,06/03/2021 13:06:19,2021,2021-MAY,butterfat,1.9851,lmprs,
05/01/2021,05/05/2021,2021,Apr,,15.56,1.9566,9.03,17.67,11.24,15.42,8.91,1.7814,1.1680,1.7106,1.7918,1.6011,0.6135,Announcement of Class and Component Prices (PDF),DYMCLASSPRICES,2991,Dairy MMR,DY-WA,Washington,DC,"Washington, DC",Washington,DC,FMMOS,FMMOS - non-mars,05/05/2021 13:08:26,2021,2021-APR,butterfat,1.9496,lmprs,
03/27/2021,03/31/2021,2021,Mar,,15.07,1.7246,9.36,16.15,10.51,14.18,8.46,1.5898,1.1169,1.5981,1.6695,1.5023,0.5537,Announcement of Class and Component Prices (PDF),DYMCLASSPRICES,2991,Dairy MMR,DY-WA,Washington,DC,"Washington, DC",Washington,DC,FMMOS,FMMOS - non-mars,03/31/2021 13:03:13,2021,2021-MAR,butterfat,1.7176,lmprs,
02/27/2021,03/03/2021,2021,Feb,,14.00,1.4446,9.27,15.75,11.11,13.19,8.45,1.3586,1.1164,1.5954,1.6870,1.4841,0.5060,Announcement of Class and Component Prices (PDF),DYMCLASSPRICES,2991,Dairy MMR,DY-WA,Washington,DC,"Washington, DC",Washington,DC,FMMOS,FMMOS - non-mars,03/03/2021 13:04:40,2021,2021-FEB,butterfat,1.4376,lmprs,
01/30/2021,02/03/2021,2021,Jan,,14.18,1.5611,9.03,16.04,10.99,13.75,8.61,1.4548,1.1345,1.6502,1.7171,1.5601,0.4595,Announcement of Class and Component Prices (PDF),DYMCLASSPRICES,2991,Dairy MMR,DY-WA,Washington,DC,"Washington, DC",Washington,DC,FMMOS,FMMOS - non-mars,02/03/2021 13:02:18,2021,2021-JAN,butterfat,1.5541,lmprs,
12/26/2020,12/30/2020,2020,Dec,,14.01,1.5469,8.91,15.72,10.71,13.36,8.26,1.4431,1.0951,1.6433,1.7708,1.4944,0.4171,Announcement of Class and Component Prices (PDF),DYMCLASSPRICES,2991,Dairy MMR,DY-WA,Washington,DC,"Washington, DC",Washington,DC,FMMOS,FMMOS - non-mars,12/30/2020 13:03:18,2020,2020-DEC,butterfat,1.5399,lmprs,
11/28/2020,12/02/2020,2020,Nov,,13.86,1.5623,8.70,23.34,18.55,13.30,8.14,1.4558,1.0816,2.4535,2.5808,2.2929,0.3830,Announcement of Class and Component Prices (PDF),DYMCLASSPRICES,2991,Dairy MMR,DY-WA,Washington,DC,"Washington, DC",Washington,DC,FMMOS,FMMOS - non-mars,12/02/2020 13:06:51,2020,2020-NOV,butterfat,1.5553,lmprs,
10/31/2020,11/04/2020,2020,Oct,,13.63,1.6458,8.15,21.61,16.45,13.47,8.01,1.5248,1.0670,2.2921,2.5692,1.9640,0.3480,Announcement of Class and Component Prices (PDF),DYMCLASSPRICES,2991,Dairy MMR,DY-WA,Washington,DC,"Washington, DC",Washington,DC,FMMOS,FMMOS - non-mars,11/04/2020 12:56:06,2020,2020-OCT,butterfat,1.6388,lmprs,
09/26/2020,09/30/2020,2020,Sep,,13.16,1.6002,7.83,16.43,11.25,12.75,7.43,1.4871,1.0014,1.7741,1.9496,1.5736,0.3196,Announcement of Class and Component Prices (PDF),DYMCLASSPRICES,2991,Dairy MMR,DY-WA,Washington,DC,"Washington, DC",Washington,DC,FMMOS,FMMOS - non-mars,09/30/2020 13:06:10,2020,2020-SEP,butterfat,1.5932,lmprs,
08/29/2020,09/02/2020,2020,Aug,,13.27,1.6345,7.82,19.77,14.58,12.53,7.08,1.5154,0.9619,2.1099,2.2144,1.9817,0.3338,Announcement of Class and Component Prices (PDF),DYMCLASSPRICES,2991,Dairy MMR,DY-WA,Washington,DC,"Washington, DC",Washington,DC,FMMOS,FMMOS - non-mars,09/02/2020 13:07:48,2020,2020-AUG,butterfat,1.6275,lmprs,
08/01/2020,08/05/2020,2020,Jul,,13.79,1.9653,7.16,24.54,18.33,13.76,7.16,1.7886,0.9717,2.5873,2.6978,2.4374,0.3440,Announcement of Class and Component Prices (PDF),DYMCLASSPRICES,2991,Dairy MMR,DY-WA,Washington,DC,"Washington, DC",Washington,DC,FMMOS,FMMOS - non-mars,08/05/2020 13:05:32,2020,2020-JUL,butterfat,1.9583,lmprs,
06/27/2020,07/01/2020,2020,Jun,,12.99,1.8661,6.69,21.04,15.06,12.90,6.62,1.7067,0.9106,2.2152,2.2566,2.1482,0.3638,Announcement of Class and Component Prices (PDF),DYMCLASSPRICES,2991,Dairy MMR,DY-WA,Washington,DC,"Washington, DC",Washington,DC,FMMOS,FMMOS - non-mars,07/01/2020 13:06:28,2020,2020-JUN,butterfat,1.8591,lmprs,
05/30/2020,06/03/2020,2020,May,,12.30,1.3826,7.73,12.14,7.59,10.67,6.07,1.3074,0.8492,1.2990,1.3049,1.2641,0.3818,Announcement of Class and Component Prices (PDF),DYMCLASSPRICES,2991,Dairy MMR,DY-WA,Washington,DC,"Washington, DC",Washington,DC,FMMOS,FMMOS - non-mars,06/03/2020 13:03:03,2020,2020-MAY,butterfat,1.3756,lmprs,
04/25/2020,04/29/2020,2020,Apr,,13.87,1.3288,9.55,13.07,8.75,11.40,7.02,1.2630,0.9552,1.4026,1.5264,1.2744,0.3732,Announcement of Class and Component Prices (PDF),DYMCLASSPRICES,2991,Dairy MMR,DY-WA,Washington,DC,"Washington, DC",Washington,DC,FMMOS,FMMOS - non-mars,04/29/2020 13:03:20,2020,2020-APR,butterfat,1.3218,lmprs,
03/28/2020,04/01/2020,2020,Mar,,16.75,1.9247,10.38,16.25,9.88,14.87,8.45,1.7551,1.1160,1.7091,1.8133,1.5761,0.3748,Announcement of Class and Component Prices (PDF),DYMCLASSPRICES,2991,Dairy MMR,DY-WA,Washington,DC,"Washington, DC",Washington,DC,FMMOS,FMMOS - non-mars,04/01/2020 13:04:59,2020,2020-MAR,butterfat,1.9177,lmprs,
02/29/2020,03/04/2020,2020,Feb,,16.84,1.9883,10.24,17.00,10.43,16.20,9.60,1.8076,1.2453,1.7884,1.9467,1.6007,0.3690,Announcement of Class and Component Prices (PDF),DYMCLASSPRICES,2991,Dairy MMR,DY-WA,Washington,DC,"Washington, DC",Washington,DC,FMMOS,FMMOS - non-mars,03/04/2020 13:22:00,2020,2020-FEB,butterfat,1.9813,lmprs,
02/01/2020,02/05/2020,2020,Jan,,17.05,2.1187,9.98,17.05,10.01,16.65,9.60,1.9153,1.2451,1.8092,1.8995,1.6869,0.3367,Announcement of Class and Component Prices (PDF),DYMCLASSPRICES,2991,Dairy MMR,DY-WA,Washington,DC,"Washington, DC",Washington,DC,FMMOS,FMMOS - non-mars,02/05/2020 13:07:49,2020,2020-JAN,butterfat,2.1117,lmprs,
12/28/2019,01/02/2020,2019,Dec,,16.81,2.2022,9.43,19.37,12.11,16.70,9.34,1.9842,1.2161,2.0509,1.9363,2.1395,0.3293,Announcement of Class and Component Prices (PDF),DYMCLASSPRICES,2991,Dairy MMR,DY-WA,Washington,DC,"Washington, DC",Washington,DC,FMMOS,FMMOS - non-mars,01/02/2020 13:02:40,2019,2019-DEC,butterfat,2.1952,lmprs,
11/30/2019,12/04/2019,2019,Nov,,16.85,2.3265,9.02,20.45,12.78,16.60,8.79,2.0869,1.1540,2.1723,2.0987,2.2280,0.3071,Announcement of Class and Component Prices (PDF),DYMCLASSPRICES,2991,Dairy MMR,DY-WA,Washington,DC,"Washington, DC",Washington,DC,FMMOS,FMMOS - non-mars,12/04/2019 13:05:21,2019,2019-NOV,butterfat,2.3195,lmprs,
10/26/2019,10/30/2019,2019,Oct,,16.68,2.4101,8.54,18.72,10.68,16.39,8.27,2.1559,1.0957,1.9694,2.0569,1.8379,0.3396,Announcement of Class and Component Prices (PDF),DYMCLASSPRICES,2991,Dairy MMR,DY-WA,Washington,DC,"Washington, DC",Washington,DC,FMMOS,FMMOS - non-mars,10/30/2019 13:03:28,2019,2019-OCT,butterfat,2.4031,lmprs,
09/28/2019,10/02/2019,2019,Sep,,16.93,2.5052,8.46,18.31,9.91,16.35,7.88,2.2344,1.0519,1.9053,1.9843,1.7913,0.3698,Announcement of Class and Component Prices (PDF),DYMCLASSPRICES,2991,Dairy MMR,DY-WA,Washington,DC,"Washington, DC",Washington,DC,FMMOS,FMMOS - non-mars,10/02/2019 13:08:22,2019,2019-SEP,butterfat,2.4982,lmprs,
08/31/2019,09/05/2019,2019,Aug,,17.60,2.6644,8.57,17.60,8.60,16.74,7.71,2.3659,1.0335,1.8276,,,0.3671,Announcement of Class and Component Prices (PDF),DYMCLASSPRICES,2991,Dairy MMR,DY-WA,Washington,DC,"Washington, DC",Washington,DC,FMMOS,FMMOS - non-mars,09/05/2019 13:05:13,2019,2019-AUG,butterfat,2.6574,lmprs,
07/27/2019,07/31/2019,2019,Jul,,17.61,2.6928,8.48,17.55,8.45,16.90,7.77,2.3893,1.0393,1.8238,,,0.3631,Announcement of Class and Component Prices (PDF),DYMCLASSPRICES,2991,Dairy MMR,DY-WA,Washington,DC,"Washington, DC",Washington,DC,FMMOS,FMMOS - non-mars,07/31/2019 13:05:14,2019,2019-JUL,butterfat,2.6858,lmprs,
06/29/2019,07/03/2019,2019,Jun,,17.30,2.6649,8.26,16.27,7.22,16.83,7.80,2.3663,1.0431,1.6910,,,0.3643,Announcement of Class and Component Prices (PDF),DYMCLASSPRICES,2991,Dairy MMR,DY-WA,Washington,DC,"Washington, DC",Washington,DC,FMMOS,FMMOS - non-mars,07/03/2019 13:03:40,2019,2019-JUN,butterfat,2.6579,lmprs,
06/01/2019,06/05/2019,2019,May,,16.48,2.5788,7.72,16.38,7.65,16.29,7.55,2.2952,1.0149,1.6974,,,0.3784,Announcement of Class and Component Prices (PDF),DYMCLASSPRICES,2991,Dairy MMR,DY-WA,Washington,DC,"Washington, DC",Washington,DC,FMMOS,FMMOS - non-mars,06/05/2019 13:05:15,2019,2019-MAY,butterfat,2.5718,lmprs,
04/27/2019,05/01/2019,2019,Apr,,16.38,2.5445,7.75,15.96,7.34,15.72,7.09,2.2669,0.9641,1.6468,,,0.3923,Announcement of Class and Component Prices (PDF),DYMCLASSPRICES,2991,Dairy MMR,DY-WA,Washington,DC,"Washington, DC",Washington,DC,FMMOS,FMMOS - non-mars,05/01/2019 13:05:18,2019,2019-APR,butterfat,2.5375,lmprs,
03/30/2019,04/03/2019,2019,Mar,,16.61,2.5531,7.95,15.04,6.35,15.71,7.05,2.2740,0.9589,1.5383,,,0.4127,Announcement of Class and Component Prices (PDF),DYMCLASSPRICES,2991,Dairy MMR,DY-WA,Washington,DC,"Washington, DC",Washington,DC,FMMOS,FMMOS - non-mars,04/03/2019 13:05:13,2019,2019-MAR,butterfat,2.5461,lmprs,
02/23/2019,02/27/2019,2019,Feb,,16.13,2.5415,7.50,13.89,5.20,15.86,7.24,2.2644,0.9800,1.3940,,,0.4545,Announcement of Class and Component Prices (PDF),DYMCLASSPRICES,2991,Dairy MMR,DY-WA,Washington,DC,"Washington, DC",Washington,DC,FMMOS,FMMOS - non-mars,02/27/2019 13:05:35,2019,2019-FEB,butterfat,2.5345,lmprs,
01/26/2019,01/30/2019,2019,Jan,,15.74,2.5051,7.22,13.96,5.41,15.48,6.98,2.2343,0.9513,1.3868,,,0.4805,Announcement of Class and Component Prices (PDF),DYMCLASSPRICES,2991,Dairy MMR,DY-WA,Washington,DC,"Washington, DC",Washington,DC,FMMOS,FMMOS - non-mars,01/30/2019 13:10:29,2019,2019-JAN,butterfat,2.4981,lmprs,
12/29/2018,01/03/2019,2018,Dec,,15.67,2.5150,7.12,13.78,5.18,15.09,6.54,2.2425,0.9020,1.3742,,,0.4685,Announcement of Class and Component Prices (PDF),DYMCLASSPRICES,2991,Dairy MMR,DY-WA,Washington,DC,"Washington, DC",Washington,DC,FMMOS,FMMOS - non-mars,01/03/2019 13:05:53,2018,2018-DEC,butterfat,2.5080,lmprs,
12/01/2018,12/05/2018,2018,Nov,,15.63,2.5455,6.96,14.44,5.76,15.06,6.40,2.2677,0.8860,1.4463,,,0.4626,Announcement of Class and Component Prices (PDF),DYMCLASSPRICES,2991,Dairy MMR,DY-WA,Washington,DC,"Washington, DC",Washington,DC,FMMOS,FMMOS - non-mars,12/05/2018 13:03:22,2018,2018-NOV,butterfat,2.5385,lmprs,
10/27/2018,10/31/2018,2018,Oct,,15.54,2.5621,6.81,15.53,6.83,15.01,6.29,2.2814,0.8739,1.5686,,,0.4470,Announcement of Class and Component Prices (PDF),DYMCLASSPRICES,2991,Dairy MMR,DY-WA,Washington,DC,"Washington, DC",Washington,DC,FMMOS,FMMOS - non-mars,10/31/2018 13:14:21,2018,2018-OCT,butterfat,2.5551,lmprs,
09/29/2018,10/03/2018,2018,Sep,,15.13,2.5512,6.43,16.09,7.45,14.81,6.12,2.2724,0.8548,1.6533,,,0.4028,Announcement of Class and Component Prices (PDF),DYMCLASSPRICES,2991,Dairy MMR,DY-WA,Washington,DC,"Washington, DC",Washington,DC,FMMOS,FMMOS - non-mars,10/03/2018 13:06:16,2018,2018-SEP,butterfat,2.5442,lmprs,
08/25/2018,08/29/2018,2018,Aug,,15.07,2.6079,6.16,14.95,6.06,14.63,5.73,2.3192,0.8111,1.5544,,,0.3681,Announcement of Class and Component Prices (PDF),DYMCLASSPRICES,2991,Dairy MMR,DY-WA,Washington,DC,"Washington, DC",Washington,DC,FMMOS,FMMOS - non-mars,08/29/2018 13:28:17,2018,2018-AUG,butterfat,2.6009,lmprs,
07/28/2018,08/01/2018,2018,Jul,,15.20,2.5357,6.55,14.10,5.44,14.14,5.48,2.2596,0.7824,1.4868,,,0.3372,Announcement of Class and Component Prices (PDF),DYMCLASSPRICES,2991,Dairy MMR,DY-WA,Washington,DC,"Washington, DC",Washington,DC,FMMOS,FMMOS - non-mars,08/01/2018 13:03:26,2018,2018-JUL,butterfat,2.5287,lmprs,
06/30/2018,07/05/2018,2018,Jun,,15.48,2.6762,6.33,15.21,6.08,14.91,5.77,2.3756,0.8150,1.6150,,,0.3086,Announcement of Class and Component Prices (PDF),DYMCLASSPRICES,2991,Dairy MMR,DY-WA,Washington,DC,"Washington, DC",Washington,DC,FMMOS,FMMOS - non-mars,07/05/2018 13:03:18,2018,2018-JUN,butterfat,2.6692,lmprs,
05/26/2018,05/31/2018,2018,May,,14.47,2.6309,5.45,15.18,6.21,14.57,5.58,2.3382,0.7937,1.6353,,,0.2711,Announcement of Class and Component Prices (PDF),DYMCLASSPRICES,2991,Dairy MMR,DY-WA,Washington,DC,"Washington, DC",Washington,DC,FMMOS,FMMOS - non-mars,05/31/2018 13:05:26,2018,2018-MAY,butterfat,2.6239,lmprs,
04/28/2018,05/02/2018,2018,Apr,,14.03,2.5183,5.41,14.47,5.89,13.48,4.86,2.2452,0.7134,1.5737,,,0.2592,Announcement of Class and Component Prices (PDF),DYMCLASSPRICES,2991,Dairy MMR,DY-WA,Washington,DC,"Washington, DC",Washington,DC,FMMOS,FMMOS - non-mars,05/02/2018 13:05:35,2018,2018-APR,butterfat,2.5113,lmprs,
03/31/2018,04/04/2018,2018,Mar,,13.88,2.4343,5.55,14.22,5.93,13.04,4.71,2.1759,0.6963,1.5542,,,0.2531,Announcement of Class and Component Prices (PDF),DYMCLASSPRICES,2991,Dairy MMR,DY-WA,Washington,DC,"Washington, DC",Washington,DC,FMMOS,FMMOS - non-mars,04/04/2018 13:05:22,2018,2018-MAR,butterfat,2.4273,lmprs,
02/24/2018,02/28/2018,2018,Feb,,13.44,2.3560,5.38,13.40,5.37,12.87,4.82,2.1112,0.7084,1.4727,,,0.2525,Announcement of Class and Component Prices (PDF),DYMCLASSPRICES,2991,Dairy MMR,DY-WA,Washington,DC,"Washington, DC",Washington,DC,FMMOS,FMMOS - non-mars,02/28/2018 13:05:27,2018,2018-FEB,butterfat,2.3490,lmprs,
01/27/2018,01/31/2018,2018,Jan,,14.11,2.4601,5.70,14.00,5.61,13.13,4.71,2.1972,0.6966,1.5175,,,0.2755,Announcement of Class and Component Prices (PDF),DYMCLASSPRICES,2991,Dairy MMR,DY-WA,Washington,DC,"Washington, DC",Washington,DC,FMMOS,FMMOS - non-mars,01/31/2018 13:05:37,2018,2018-JAN,butterfat,2.4531,lmprs,
12/30/2017,01/04/2018,2017,Dec,,14.49,2.5021,5.94,15.44,6.95,13.51,4.95,2.2319,0.7237,1.6481,,,0.3030,Announcement of Class and Component Prices (PDF),DYMCLASSPRICES,2991,Dairy MMR,DY-WA,Washington,DC,"Washington, DC",Washington,DC,FMMOS,FMMOS - non-mars,01/04/2018 13:05:59,2017,2017-DEC,butterfat,2.4951,lmprs,
11/25/2017,11/29/2017,2017,Nov,,15.32,2.5616,6.58,16.88,8.23,13.99,5.23,2.2810,0.7553,1.7617,,,0.3587,Announcement of Class and Component Prices (PDF),DYMCLASSPRICES,2991,Dairy MMR,DY-WA,Washington,DC,"Washington, DC",Washington,DC,FMMOS,FMMOS - non-mars,11/29/2017 13:05:28,2017,2017-NOV,butterfat,2.5546,lmprs,
10/28/2017,11/01/2017,2017,Oct,,15.95,2.6716,6.84,16.69,7.63,14.85,5.72,2.3718,0.8099,1.7254,,,0.3790,Announcement of Class and Component Prices (PDF),DYMCLASSPRICES,2991,Dairy MMR,DY-WA,Washington,DC,"Washington, DC",Washington,DC,FMMOS,FMMOS - non-mars,11/01/2017 13:05:31,2017,2017-OCT,butterfat,2.6646,lmprs,
09/30/2017,10/04/2017,2017,Sep,,16.80,2.8629,7.03,16.36,6.59,15.86,6.08,2.5298,0.8499,1.6608,,,0.4167,Announcement of Class and Component Prices (PDF),DYMCLASSPRICES,2991,Dairy MMR,DY-WA,Washington,DC,"Washington, DC",Washington,DC,FMMOS,FMMOS - non-mars,10/04/2017 13:07:11,2017,2017-SEP,butterfat,2.8559,lmprs,
08/26/2017,08/30/2017,2017,Aug,,17.56,3.0179,7.25,16.57,6.25,16.61,6.29,2.6578,0.8733,1.6664,,,0.4345,Announcement of Class and Component Prices (PDF),DYMCLASSPRICES,2991,Dairy MMR,DY-WA,Washington,DC,"Washington, DC",Washington,DC,FMMOS,FMMOS - non-mars,08/30/2017 13:07:16,2017,2017-AUG,butterfat,3.0109,lmprs,
07/29/2017,08/02/2017,2017,Jul,,17.48,2.9526,7.41,15.45,5.33,16.60,6.52,2.6039,0.8991,1.5430,,,0.4514,Announcement of Class and Component Prices (PDF),DYMCLASSPRICES,2991,Dairy MMR,DY-WA,Washington,DC,"Washington, DC",Washington,DC,FMMOS,FMMOS - non-mars,08/02/2017 13:18:44,2017,2017-JUL,butterfat,2.9456,lmprs,
06/24/2017,06/28/2017,2017,Jun,,16.15,2.7136,6.89,16.44,7.22,15.89,6.65,2.4065,0.9137,1.6293,,,0.4917,Announcement of Class and Component Prices (PDF),DYMCLASSPRICES,2991,Dairy MMR,DY-WA,Washington,DC,"Washington, DC",Washington,DC,FMMOS,FMMOS - non-mars,06/28/2017 13:03:02,2017,2017-JUN,butterfat,2.7066,lmprs,
05/27/2017,06/01/2017,2017,May,,14.84,2.4204,6.60,15.57,7.38,14.49,6.26,2.1644,0.8704,1.5390,,,0.5094,Announcement of Class and Component Prices (PDF),DYMCLASSPRICES,2991,Dairy MMR,DY-WA,Washington,DC,"Washington, DC",Washington,DC,FMMOS,FMMOS - non-mars,06/01/2017 13:05:29,2017,2017-MAY,butterfat,2.4134,lmprs,
04/29/2017,05/03/2017,2017,Apr,,14.81,2.3618,6.78,15.22,7.23,14.01,5.98,2.1160,0.8386,1.4960,,,0.5243,Announcement of Class and Component Prices (PDF),DYMCLASSPRICES,2991,Dairy MMR,DY-WA,Washington,DC,"Washington, DC",Washington,DC,FMMOS,FMMOS - non-mars,05/03/2017 13:05:57,2017,2017-APR,butterfat,2.3548,lmprs,
04/01/2017,04/05/2017,2017,Mar,,16.21,2.4246,8.00,15.81,7.61,14.32,6.07,2.1679,0.8493,1.5551,,,0.5239,Announcement of Class and Component Prices (PDF),DYMCLASSPRICES,2991,Dairy MMR,DY-WA,Washington,DC,"Washington, DC",Washington,DC,FMMOS,FMMOS - non-mars,04/05/2017 13:05:00,2017,2017-MAR,butterfat,2.4176,lmprs,
02/25/2017,03/01/2017,2017,Feb,,16.52,2.4344,8.29,16.88,8.69,15.59,7.35,2.1760,0.9926,1.6871,,,0.4894,Announcement of Class and Component Prices (PDF),DYMCLASSPRICES,2991,Dairy MMR,DY-WA,Washington,DC,"Washington, DC",Washington,DC,FMMOS,FMMOS - non-mars,03/01/2017 13:01:16,2017,2017-FEB,butterfat,2.4274,lmprs,
01/28/2017,02/01/2017,2017,Jan,,16.36,2.5323,7.77,16.77,8.22,16.19,7.62,2.2568,1.0229,1.7011,,,0.4421,Announcement of Class and Component Prices (PDF),DYMCLASSPRICES,2991,Dairy MMR,DY-WA,Washington,DC,"Washington, DC",Washington,DC,FMMOS,FMMOS - non-mars,02/01/2017 13:06:58,2017,2017-JAN,butterfat,2.5253,lmprs,
12/31/2016,01/05/2017,2016,Dec,,15.26,2.3424,7.32,17.40,9.56,14.97,7.04,2.1000,0.9579,1.7990,,,0.3994,Announcement of Class and Component Prices (PDF),DYMCLASSPRICES,2991,Dairy MMR,DY-WA,Washington,DC,"Washington, DC",Washington,DC,FMMOS,FMMOS - non-mars,01/05/2017 12:55:11,2016,2016-DEC,butterfat,2.3354,lmprs,
11/26/2016,11/30/2016,2016,Nov,,14.60,2.1114,7.47,16.76,9.74,13.76,6.63,1.9092,0.9119,1.7596,,,0.3690,Announcement of Class and Component Prices (PDF),DYMCLASSPRICES,2991,Dairy MMR,DY-WA,Washington,DC,"Washington, DC",Washington,DC,FMMOS,FMMOS - non-mars,11/30/2016 13:04:41,2016,2016-NOV,butterfat,2.1044,lmprs,
10/29/2016,11/02/2016,2016,Oct,,14.09,2.0563,7.14,14.82,7.92,13.66,6.72,1.8637,0.9222,1.5830,,,0.3303,Announcement of Class and Component Prices (PDF),DYMCLASSPRICES,2991,Dairy MMR,DY-WA,Washington,DC,"Washington, DC",Washington,DC,FMMOS,FMMOS - non-mars,11/02/2016 13:47:24,2016,2016-OCT,butterfat,2.0493,lmprs,
10/01/2016,10/05/2016,2016,Sep,,14.66,2.3152,6.79,16.39,8.61,14.25,6.39,2.0775,0.8847,1.7514,,,0.3055,Announcement of Class and Component Prices (PDF),DYMCLASSPRICES,2991,Dairy MMR,DY-WA,Washington,DC,"Washington, DC",Washington,DC,FMMOS,FMMOS - non-mars,10/05/2016 13:04:16,2016,2016-SEP,butterfat,2.3082,lmprs,
08/27/2016,08/31/2016,2016,Aug,,15.21,2.4943,6.71,16.91,8.50,14.65,6.16,2.2254,0.8588,1.8119,,,0.2846,Announcement of Class and Component Prices (PDF),DYMCLASSPRICES,2991,Dairy MMR,DY-WA,Washington,DC,"Washington, DC",Washington,DC,FMMOS,FMMOS - non-mars,08/31/2016 13:03:02,2016,2016-AUG,butterfat,2.4873,lmprs,
07/30/2016,08/03/2016,2016,Jul,,15.16,2.6034,6.27,15.24,6.38,14.84,5.96,2.3155,0.8363,1.6419,,,0.2742,Announcement of Class and Component Prices (PDF),DYMCLASSPRICES,2991,Dairy MMR,DY-WA,Washington,DC,"Washington, DC",Washington,DC,FMMOS,FMMOS - non-mars,08/03/2016 13:09:56,2016,2016-JUL,butterfat,2.5964,lmprs,
06/25/2016,06/29/2016,2016,Jun,,14.12,2.4179,5.86,13.22,4.96,13.77,5.53,2.1623,0.7888,1.4477,,,0.2601,Announcement of Class and Component Prices (PDF),DYMCLASSPRICES,2991,Dairy MMR,DY-WA,Washington,DC,"Washington, DC",Washington,DC,FMMOS,FMMOS - non-mars,06/29/2016 13:03:34,2016,2016-JUN,butterfat,2.4109,lmprs,
05/28/2016,06/02/2016,2016,May,,13.53,2.2916,5.71,12.76,4.94,13.09,5.28,2.0580,0.7607,1.4104,,,0.2505,Announcement of Class and Component Prices (PDF),DYMCLASSPRICES,2991,Dairy MMR,DY-WA,Washington,DC,"Washington, DC",Washington,DC,FMMOS,FMMOS - non-mars,06/02/2016 13:14:45,2016,2016-MAY,butterfat,2.2846,lmprs,
04/30/2016,05/04/2016,2016,Apr,,13.54,2.2446,5.89,13.63,6.01,12.68,5.02,2.0192,0.7307,1.5041,,,0.2466,Announcement of Class and Component Prices (PDF),DYMCLASSPRICES,2991,Dairy MMR,DY-WA,Washington,DC,"Washington, DC",Washington,DC,FMMOS,FMMOS - non-mars,05/04/2016 13:07:06,2016,2016-APR,butterfat,2.2376,lmprs,
03/26/2016,03/30/2016,2016,Mar,,13.57,2.2098,6.05,13.74,6.25,12.74,5.21,1.9905,0.7522,1.5162,,,0.2477,Announcement of Class and Component Prices (PDF),DYMCLASSPRICES,2991,Dairy MMR,DY-WA,Washington,DC,"Washington, DC",Washington,DC,FMMOS,FMMOS - non-mars,03/30/2016 13:05:26,2016,2016-MAR,butterfat,2.2028,lmprs,
02/27/2016,03/02/2016,2016,Feb,,14.30,2.3848,6.17,13.80,5.68,13.49,5.36,2.1350,0.7689,1.5170,,,0.2469,Announcement of Class and Component Prices (PDF),DYMCLASSPRICES,2991,Dairy MMR,DY-WA,Washington,DC,"Washington, DC",Washington,DC,FMMOS,FMMOS - non-mars,03/02/2016 13:14:46,2016,2016-FEB,butterfat,2.3778,lmprs,
01/30/2016,02/03/2016,2016,Jan,,14.19,2.3132,6.31,13.72,5.85,13.31,5.43,2.0759,0.7776,1.5178,,,0.2351,Announcement of Class and Component Prices (PDF),DYMCLASSPRICES,2991,Dairy MMR,DY-WA,Washington,DC,"Washington, DC",Washington,DC,FMMOS,FMMOS - non-mars,02/03/2016 13:05:06,2016,2016-JAN,butterfat,2.3062,lmprs,
12/26/2015,12/30/2015,2015,Dec,,16.71,2.9127,6.75,14.44,4.43,15.52,5.54,2.5709,0.7893,1.5719,,,0.2336,Announcement of Class and Component Prices (PDF),DYMCLASSPRICES,2991,Dairy MMR,DY-WA,Washington,DC,"Washington, DC",Washington,DC,FMMOS,FMMOS - non-mars,12/30/2015 13:04:22,2015,2015-DEC,butterfat,2.9057,lmprs,
11/28/2015,12/02/2015,2015,Nov,,18.26,3.1900,7.35,15.30,4.31,16.89,5.96,2.7999,0.8372,1.6503,,,0.2341,Announcement of Class and Component Prices (PDF),DYMCLASSPRICES,2991,Dairy MMR,DY-WA,Washington,DC,"Washington, DC",Washington,DC,FMMOS,FMMOS - non-mars,12/02/2015 13:11:34,2015,2015-NOV,butterfat,3.1830,lmprs,
10/31/2015,11/04/2015,2015,Oct,,16.44,2.9157,6.46,15.46,5.47,16.43,6.48,2.5734,0.8951,1.6790,,,0.2309,Announcement of Class and Component Prices (PDF),DYMCLASSPRICES,2991,Dairy MMR,DY-WA,Washington,DC,"Washington, DC",Washington,DC,FMMOS,FMMOS - non-mars,11/04/2015 13:33:23,2015,2015-OCT,butterfat,2.9087,lmprs,
09/26/2015,09/30/2015,2015,Sep,,15.36,2.7601,5.91,15.82,6.41,15.08,5.64,2.4449,0.8007,1.7145,,,0.2442,Announcement of Class and Component Prices (PDF),DYMCLASSPRICES,2991,Dairy MMR,DY-WA,Washington,DC,"Washington, DC",Washington,DC,FMMOS,FMMOS - non-mars,09/30/2015 13:06:29,2015,2015-SEP,butterfat,2.7531,lmprs,
08/29/2015,09/02/2015,2015,Aug,,14.54,2.2744,6.82,16.27,8.64,12.90,5.14,2.0438,0.7443,1.7386,,,0.3108,Announcement of Class and Component Prices (PDF),DYMCLASSPRICES,2991,Dairy MMR,DY-WA,Washington,DC,"Washington, DC",Washington,DC,FMMOS,FMMOS - non-mars,09/02/2015 13:02:58,2015,2015-AUG,butterfat,2.2674,lmprs,
08/01/2015,08/05/2015,2015,Jul,,14.70,2.1195,7.55,16.33,9.26,13.15,5.96,1.9159,0.8366,1.6997,,,0.3937,Announcement of Class and Component Prices (PDF),DYMCLASSPRICES,2991,Dairy MMR,DY-WA,Washington,DC,"Washington, DC",Washington,DC,FMMOS,FMMOS - non-mars,08/05/2015 13:00:39,2015,2015-JUL,butterfat,2.1125,lmprs,
06/27/2015,07/01/2015,2015,Jun,,14.77,2.1081,7.66,16.72,9.71,13.90,6.78,1.9065,0.9283,1.7222,,,0.4245,Announcement of Class and Component Prices (PDF),DYMCLASSPRICES,2991,Dairy MMR,DY-WA,Washington,DC,"Washington, DC",Washington,DC,FMMOS,FMMOS - non-mars,07/01/2015 13:32:09,2015,2015-JUN,butterfat,2.1011,lmprs,
05/30/2015,06/03/2015,2015,May,,14.81,2.0669,7.85,16.19,9.31,13.91,6.94,1.8725,0.9464,1.6557,,,0.4450,Announcement of Class and Component Prices (PDF),DYMCLASSPRICES,2991,Dairy MMR,DY-WA,Washington,DC,"Washington, DC",Washington,DC,FMMOS,FMMOS - non-mars,06/03/2015 13:18:15,2015,2015-MAY,butterfat,2.0599,lmprs,
04/25/2015,04/29/2015,2015,Apr,,14.98,1.9010,8.63,15.81,9.51,13.51,7.13,1.7355,0.9684,1.6122,,,0.4610,Announcement of Class and Component Prices (PDF),DYMCLASSPRICES,2991,Dairy MMR,DY-WA,Washington,DC,"Washington, DC",Washington,DC,FMMOS,FMMOS - non-mars,04/29/2015 13:10:22,2015,2015-APR,butterfat,1.8940,lmprs,
03/28/2015,04/01/2015,2015,Mar,,14.50,1.8514,8.31,15.56,9.43,13.80,7.61,1.6945,1.0217,1.5750,,,0.4824,Announcement of Class and Component Prices (PDF),DYMCLASSPRICES,2991,Dairy MMR,DY-WA,Washington,DC,"Washington, DC",Washington,DC,FMMOS,FMMOS - non-mars,04/01/2015 13:31:23,2015,2015-MAR,butterfat,1.8444,lmprs,
02/28/2015,03/04/2015,2015,Feb,,14.48,1.8366,8.34,15.46,9.39,13.82,7.69,1.6823,1.0308,1.5446,,,0.5169,Announcement of Class and Component Prices (PDF),DYMCLASSPRICES,2991,Dairy MMR,DY-WA,Washington,DC,"Washington, DC",Washington,DC,FMMOS,FMMOS - non-mars,03/04/2015 13:02:40,2015,2015-FEB,butterfat,1.8296,lmprs,
01/31/2015,02/04/2015,2015,Jan,,16.18,1.6925,10.63,16.18,10.65,13.23,7.60,1.5633,1.0202,1.5807,,,0.5875,Announcement of Class and Component Prices (PDF),DYMCLASSPRICES,2991,Dairy MMR,DY-WA,Washington,DC,"Washington, DC",Washington,DC,FMMOS,FMMOS - non-mars,02/04/2015 13:08:32,2015,2015-JAN,butterfat,1.6855,lmprs,
12/27/2014,12/31/2014,2014,Dec,,19.09,2.1061,12.14,17.82,10.85,16.70,9.69,1.9049,1.2554,1.7362,,,0.5871,Announcement of Class and Component Prices (PDF),DYMCLASSPRICES,2991,Dairy MMR,DY-WA,Washington,DC,"Washington, DC",Washington,DC,FMMOS,FMMOS - non-mars,12/31/2014 13:28:06,2014,2014-DEC,butterfat,2.0991,lmprs,
11/29/2014,12/03/2014,2014,Nov,,19.91,2.2081,12.62,21.94,14.75,18.21,10.89,1.9891,1.3902,2.1305,,,0.6365,Announcement of Class and Component Prices (PDF),DYMCLASSPRICES,2991,Dairy MMR,DY-WA,Washington,DC,"Washington, DC",Washington,DC,FMMOS,FMMOS - non-mars,12/03/2014 13:13:21,2014,2014-NOV,butterfat,2.2011,lmprs,
11/01/2014,11/05/2014,2014,Oct,,21.93,2.8577,12.36,23.82,14.34,21.35,11.78,2.5255,1.4900,2.2914,,,0.6525,Announcement of Class and Component Prices (PDF),DYMCLASSPRICES,2991,Dairy MMR,DY-WA,Washington,DC,"Washington, DC",Washington,DC,FMMOS,FMMOS - non-mars,11/05/2014 13:49:38,2014,2014-OCT,butterfat,2.8507,lmprs,
09/27/2014,10/01/2014,2014,Sep,,26.11,3.2537,15.26,24.60,13.72,22.58,11.62,2.8525,1.4718,2.3472,,,0.6725,Announcement of Class and Component Prices (PDF),DYMCLASSPRICES,2991,Dairy MMR,DY-WA,Washington,DC,"Washington, DC",Washington,DC,FMMOS,FMMOS - non-mars,10/01/2014 13:37:58,2014,2014-SEP,butterfat,3.2467,lmprs,
08/30/2014,09/04/2014,2014,Aug,,25.34,2.8518,15.92,22.25,12.74,23.89,14.44,2.5206,1.7887,2.1074,,,0.6880,Announcement of Class and Component Prices (PDF),DYMCLASSPRICES,2991,Dairy MMR,DY-WA,Washington,DC,"Washington, DC",Washington,DC,FMMOS,FMMOS - non-mars,09/04/2014 13:52:02,2014,2014-AUG,butterfat,2.8448,lmprs,
07/26/2014,07/30/2014,2014,Jul,,24.41,2.6419,15.71,21.60,12.83,23.78,15.09,2.3473,1.8617,2.0482,,,0.6890,Announcement of Class and Component Prices (PDF),DYMCLASSPRICES,2991,Dairy MMR,DY-WA,Washington,DC,"Washington, DC",Washington,DC,FMMOS,FMMOS - non-mars,07/30/2014 13:22:12,2014,2014-JUL,butterfat,2.6349,lmprs,
06/28/2014,07/02/2014,2014,Jun,,23.94,2.4483,15.93,21.36,13.28,23.13,15.11,2.1874,1.8633,2.0358,,,0.6789,Announcement of Class and Component Prices (PDF),DYMCLASSPRICES,2991,Dairy MMR,DY-WA,Washington,DC,"Washington, DC",Washington,DC,FMMOS,FMMOS - non-mars,07/02/2014 13:05:55,2014,2014-JUN,butterfat,2.4413,lmprs,
05/31/2014,06/04/2014,2014,May,,24.44,2.2791,17.06,22.57,15.15,22.65,15.23,2.0477,1.8768,2.1703,,,0.6745,Announcement of Class and Component Prices (PDF),DYMCLASSPRICES,2991,Dairy MMR,DY-WA,Washington,DC,"Washington, DC",Washington,DC,FMMOS,FMMOS - non-mars,06/04/2014 13:47:22,2014,2014-MAY,butterfat,2.2721,lmprs,
04/26/2014,04/30/2014,2014,Apr,,24.74,2.1277,17.92,24.31,17.50,23.34,16.50,1.9227,2.0191,2.3547,,,0.6774,Announcement of Class and Component Prices (PDF),DYMCLASSPRICES,2991,Dairy MMR,DY-WA,Washington,DC,"Washington, DC",Washington,DC,FMMOS,FMMOS - non-mars,04/30/2014 14:03:41,2014,2014-APR,butterfat,2.1207,lmprs,
03/29/2014,04/02/2014,2014,Mar,,24.22,2.0472,17.67,23.33,16.78,23.66,17.12,1.8562,2.0897,2.2689,,,0.6554,Announcement of Class and Component Prices (PDF),DYMCLASSPRICES,2991,Dairy MMR,DY-WA,Washington,DC,"Washington, DC",Washington,DC,FMMOS,FMMOS - non-mars,04/02/2014 13:03:12,2014,2014-MAR,butterfat,2.0402,lmprs,
03/01/2014,03/05/2014,2014,Feb,,23.73,2.0179,17.27,23.35,16.90,23.46,17.02,1.8320,2.0783,2.2864,,,0.6314,Announcement of Class and Component Prices (PDF),DYMCLASSPRICES,2991,Dairy MMR,DY-WA,Washington,DC,"Washington, DC",Washington,DC,FMMOS,FMMOS - non-mars,03/05/2014 13:32:06,2014,2014-FEB,butterfat,2.0109,lmprs,
02/01/2014,02/05/2014,2014,Jan,,22.21,1.7944,16.51,21.15,15.43,22.29,16.62,1.6475,2.0335,2.0838,,,0.6025,Announcement of Class and Component Prices (PDF),DYMCLASSPRICES,2991,Dairy MMR,DY-WA,Washington,DC,"Washington, DC",Washington,DC,FMMOS,FMMOS - non-mars,02/05/2014 13:33:25,2014,2014-JAN,butterfat,1.7874,lmprs,
12/28/2013,01/02/2014,2013,Dec,,21.66,1.7742,16.01,18.95,13.23,21.54,15.91,1.6308,1.9537,1.8761,,,0.5706,Announcement of Class and Component Prices (PDF),DYMCLASSPRICES,2991,Dairy MMR,DY-WA,Washington,DC,"Washington, DC",Washington,DC,FMMOS,FMMOS - non-mars,01/02/2014 13:04:33,2013,2013-DEC,butterfat,1.7672,lmprs,
11/30/2013,12/04/2013,2013,Nov,,20.76,1.6406,15.56,18.83,13.59,20.52,15.34,1.5205,1.8892,1.8612,,,0.5831,Announcement of Class and Component Prices (PDF),DYMCLASSPRICES,2991,Dairy MMR,DY-WA,Washington,DC,"Washington, DC",Washington,DC,FMMOS,FMMOS - non-mars,12/04/2013 13:42:24,2013,2013-NOV,butterfat,1.6336,lmprs,
10/26/2013,10/30/2013,2013,Oct,,20.56,1.6708,15.25,18.22,12.85,20.17,14.87,1.5454,1.8366,1.8025,,,0.5731,Announcement of Class and Component Prices (PDF),DYMCLASSPRICES,2991,Dairy MMR,DY-WA,Washington,DC,"Washington, DC",Washington,DC,FMMOS,FMMOS - non-mars,10/30/2013 13:29:32,2013,2013-OCT,butterfat,1.6638,lmprs,
09/28/2013,10/18/2013,2013,Sep,,19.78,1.5266,14.96,18.14,13.29,19.43,14.62,1.4263,1.8085,1.7961,,,0.5791,Announcement of Class and Component Prices (PDF),DYMCLASSPRICES,2991,Dairy MMR,DY-WA,Washington,DC,"Washington, DC",Washington,DC,FMMOS,FMMOS - non-mars,10/18/2013 10:41:45,2013,2013-SEP,butterfat,1.5196,lmprs,
08/31/2013,09/05/2013,2013,Aug,,19.27,1.5174,14.47,17.91,13.08,19.07,14.28,1.4187,1.7706,1.7731,,,0.5778,Announcement of Class and Component Prices (PDF),DYMCLASSPRICES,2991,Dairy MMR,DY-WA,Washington,DC,"Washington, DC",Washington,DC,FMMOS,FMMOS - non-mars,09/05/2013 13:06:42,2013,2013-AUG,butterfat,1.5104,lmprs,
07/27/2013,07/31/2013,2013,Jul,,19.22,1.5763,14.20,17.38,12.32,18.90,13.89,1.4674,1.7272,1.7142,,,0.5804,Announcement of Class and Component Prices (PDF),DYMCLASSPRICES,2991,Dairy MMR,DY-WA,Washington,DC,"Washington, DC",Washington,DC,FMMOS,FMMOS - non-mars,07/31/2013 13:04:38,2013,2013-JUL,butterfat,1.5693,lmprs,
06/29/2013,07/03/2013,2013,Jun,,19.14,1.6669,13.79,18.02,12.65,18.88,13.54,1.5422,1.6878,1.7810,,,0.5738,Announcement of Class and Component Prices (PDF),DYMCLASSPRICES,2991,Dairy MMR,DY-WA,Washington,DC,"Washington, DC",Washington,DC,FMMOS,FMMOS - non-mars,07/03/2013 13:07:05,2013,2013-JUN,butterfat,1.6599,lmprs,
06/01/2013,06/05/2013,2013,May,,18.43,1.7954,12.59,18.52,12.71,18.89,13.09,1.6483,1.6374,1.8274,,,0.5765,Announcement of Class and Component Prices (PDF),DYMCLASSPRICES,2991,Dairy MMR,DY-WA,Washington,DC,"Washington, DC",Washington,DC,FMMOS,FMMOS - non-mars,06/05/2013 13:37:51,2013,2013-MAY,butterfat,1.7884,lmprs,
04/27/2013,05/01/2013,2013,Apr,,18.73,1.8297,12.77,17.59,11.62,18.10,12.15,1.6766,1.5312,1.7310,,,0.5741,Announcement of Class and Component Prices (PDF),DYMCLASSPRICES,2991,Dairy MMR,DY-WA,Washington,DC,"Washington, DC",Washington,DC,FMMOS,FMMOS - non-mars,05/01/2013 13:31:51,2013,2013-APR,butterfat,1.8227,lmprs,
03/30/2013,04/03/2013,2013,Mar,,18.82,1.7546,13.14,16.93,11.21,17.75,12.06,1.6146,1.5208,1.6467,,,0.6048,Announcement of Class and Component Prices (PDF),DYMCLASSPRICES,2991,Dairy MMR,DY-WA,Washington,DC,"Washington, DC",Washington,DC,FMMOS,FMMOS - non-mars,04/03/2013 13:36:29,2013,2013-MAR,butterfat,1.7476,lmprs,
02/23/2013,02/27/2013,2013,Feb,,18.49,1.6689,13.11,17.25,11.85,17.75,12.37,1.5438,1.5559,1.6623,,,0.6393,Announcement of Class and Component Prices (PDF),DYMCLASSPRICES,2991,Dairy MMR,DY-WA,Washington,DC,"Washington, DC",Washington,DC,FMMOS,FMMOS - non-mars,02/27/2013 13:03:22,2013,2013-FEB,butterfat,1.6619,lmprs,
01/26/2013,01/30/2013,2013,Jan,,18.19,1.6238,12.96,18.14,12.93,17.63,12.41,1.5066,1.5601,1.7485,,,0.6503,Announcement of Class and Component Prices (PDF),DYMCLASSPRICES,2991,Dairy MMR,DY-WA,Washington,DC,"Washington, DC",Washington,DC,FMMOS,FMMOS - non-mars,01/30/2013 13:50:34,2013,2013-JAN,butterfat,1.6168,lmprs,
12/29/2012,01/03/2013,2012,Dec,,18.30,1.7346,12.67,18.66,13.07,17.83,12.21,1.5981,1.5384,1.7925,,,0.6610,Announcement of Class and Component Prices (PDF),DYMCLASSPRICES,2991,Dairy MMR,DY-WA,Washington,DC,"Washington, DC",Washington,DC,FMMOS,FMMOS - non-mars,01/03/2013 13:44:27,2012,2012-DEC,butterfat,1.7276,lmprs,
12/01/2012,12/05/2012,2012,Nov,,18.81,2.0288,12.13,20.83,14.25,18.66,12.00,1.8410,1.5143,2.0146,,,0.6480,Announcement of Class and Component Prices (PDF),DYMCLASSPRICES,2991,Dairy MMR,DY-WA,Washington,DC,"Washington, DC",Washington,DC,FMMOS,FMMOS - non-mars,12/05/2012 13:44:59,2012,2012-NOV,butterfat,2.0218,lmprs,
10/27/2012,10/31/2012,2012,Oct,,18.44,2.1206,11.42,21.02,14.12,18.54,11.55,1.9168,1.4636,2.0479,,,0.6205,Announcement of Class and Component Prices (PDF),DYMCLASSPRICES,2991,Dairy MMR,DY-WA,Washington,DC,"Washington, DC",Washington,DC,FMMOS,FMMOS - non-mars,10/31/2012 13:24:09,2012,2012-OCT,butterfat,2.1136,lmprs,
09/29/2012,10/03/2012,2012,Sep,,17.04,2.0117,10.36,19.00,12.42,17.41,10.77,1.8269,1.3768,1.8647,,,0.5846,Announcement of Class and Component Prices (PDF),DYMCLASSPRICES,2991,Dairy MMR,DY-WA,Washington,DC,"Washington, DC",Washington,DC,FMMOS,FMMOS - non-mars,10/03/2012 13:08:44,2012,2012-SEP,butterfat,2.0047,lmprs,
08/25/2012,08/29/2012,2012,Aug,,15.64,1.8409,9.53,17.73,11.72,15.76,9.68,1.6859,1.2543,1.7682,,,0.5352,Announcement of Class and Component Prices (PDF),DYMCLASSPRICES,2991,Dairy MMR,DY-WA,Washington,DC,"Washington, DC",Washington,DC,FMMOS,FMMOS - non-mars,08/29/2012 13:03:29,2012,2012-AUG,butterfat,1.8339,lmprs,
07/28/2012,08/01/2012,2012,Jul,,14.51,1.6626,9.01,16.68,11.28,14.45,8.97,1.5386,1.1744,1.6857,,,0.5023,Announcement of Class and Component Prices (PDF),DYMCLASSPRICES,2991,Dairy MMR,DY-WA,Washington,DC,"Washington, DC",Washington,DC,FMMOS,FMMOS - non-mars,08/01/2012 13:30:51,2012,2012-JUL,butterfat,1.6556,lmprs,
06/30/2012,07/05/2012,2012,Jun,,14.32,1.4936,9.42,15.63,10.81,13.24,8.33,1.3991,1.1023,1.5846,,,0.5013,Announcement of Class and Component Prices (PDF),DYMCLASSPRICES,2991,Dairy MMR,DY-WA,Washington,DC,"Washington, DC",Washington,DC,FMMOS,FMMOS - non-mars,07/05/2012 13:47:57,2012,2012-JUN,butterfat,1.4866,lmprs,
05/26/2012,05/31/2012,2012,May,,15.19,1.4532,10.47,15.23,10.54,13.55,8.80,1.3657,1.1551,1.5215,,,0.5389,Announcement of Class and Component Prices (PDF),DYMCLASSPRICES,2991,Dairy MMR,DY-WA,Washington,DC,"Washington, DC",Washington,DC,FMMOS,FMMOS - non-mars,05/31/2012 13:26:26,2012,2012-MAY,butterfat,1.4462,lmprs,
04/28/2012,05/02/2012,2012,Apr,,16.20,1.5715,11.09,15.72,10.62,14.80,9.66,1.4634,1.2514,1.5361,,,0.5921,Announcement of Class and Component Prices (PDF),DYMCLASSPRICES,2991,Dairy MMR,DY-WA,Washington,DC,"Washington, DC",Washington,DC,FMMOS,FMMOS - non-mars,05/02/2012 13:55:44,2012,2012-APR,butterfat,1.5645,lmprs,
03/24/2012,04/02/2012,2012,Mar,,,,,,,,,,,,,,,Announcement of Class and Component Prices (PDF),DYMCLASSPRICES,2991,Dairy MMR,DY-WA,Washington,DC,"Washington, DC",Washington,DC,FMMOS,FMMOS - non-mars,04/02/2012 09:28:22,2012,2012-MAR,butterfat,,lmprs,
04/25/2026,04/29/2026,2026,Apr,,18.82,1.8762,12.70,16.82,10.65,20.22,14.17,1.7707,1.7788,1.6427,,,0.6443,Announcement of Class and Component Prices (PDF),DYMCLASSPRICES,2991,Dairy MMR,DY-WA,Washington,DC,"Washington, DC",Washington,DC,FMMOS,FMMOS - non-mars,04/29/2026 13:05:26,2026,2026-APR,nonfat_solids,1.5241,lmprs,
03/28/2026,04/01/2026,2026,Mar,,17.34,2.0290,10.61,16.16,9.41,18.94,12.29,1.8969,1.5741,1.5607,,,0.6724,Announcement of Class and Component Prices (PDF),DYMCLASSPRICES,2991,Dairy MMR,DY-WA,Washington,DC,"Washington, DC",Washington,DC,FMMOS,FMMOS - non-mars,04/01/2026 13:05:21,2026,2026-MAR,nonfat_solids,1.3215,lmprs,
02/28/2026,03/04/2026,2026,Feb,,15.34,1.7864,9.42,14.94,9.03,16.29,10.43,1.6966,1.3726,1.4338,,,0.6931,Announcement of Class and Component Prices (PDF),DYMCLASSPRICES,2991,Dairy MMR,DY-WA,Washington,DC,"Washington, DC",Washington,DC,FMMOS,FMMOS - non-mars,03/04/2026 12:54:48,2026,2026-FEB,nonfat_solids,1.1220,lmprs,
01/31/2026,02/04/2026,2026,Jan,,13.92,1.4595,9.13,14.59,9.85,13.55,8.77,1.4266,1.1921,1.4003,,,0.6986,Announcement of Class and Component Prices (PDF),DYMCLASSPRICES,2991,Dairy MMR,DY-WA,Washington,DC,"Washington, DC",Washington,DC,FMMOS,FMMOS - non-mars,02/04/2026 13:08:03,2026,2026-JAN,nonfat_solids,0.9433,lmprs,
12/27/2025,12/31/2025,2025,Dec,,14.41,1.5831,9.19,15.86,10.72,13.64,8.42,1.5287,1.1541,1.5271,,,0.6893,Announcement of Class and Component Prices (PDF),DYMCLASSPRICES,2991,Dairy MMR,DY-WA,Washington,DC,"Washington, DC",Washington,DC,FMMOS,FMMOS - non-mars,12/31/2025 13:05:26,2025,2025-DEC,nonfat_solids,0.9057,lmprs,
11/29/2025,12/03/2025,2025,Nov,,14.54,1.7131,8.85,17.18,11.62,13.89,8.21,1.6360,1.1609,1.7419,,,0.6415,Announcement of Class and Component Prices (PDF),DYMCLASSPRICES,2991,Dairy MMR,DY-WA,Washington,DC,"Washington, DC",Washington,DC,FMMOS,FMMOS - non-mars,12/03/2025 13:02:43,2025,2025-NOV,nonfat_solids,0.9124,lmprs,
11/01/2025,11/05/2025,2025,Oct,,16.02,1.8322,9.96,16.91,10.90,14.30,8.20,1.7344,1.1601,1.7384,,,0.5930,Announcement of Class and Component Prices (PDF),DYMCLASSPRICES,2991,Dairy MMR,DY-WA,Washington,DC,"Washington, DC",Washington,DC,FMMOS,FMMOS - non-mars,11/05/2025 13:05:19,2025,2025-OCT,nonfat_solids,0.9116,lmprs,
09/27/2025,10/01/2025,2025,Sep,,17.39,2.1995,10.04,17.59,10.28,16.17,8.80,2.0377,1.2265,1.8066,,,0.5782,Announcement of Class and Component Prices (PDF),DYMCLASSPRICES,2991,Dairy MMR,DY-WA,Washington,DC,"Washington, DC",Washington,DC,FMMOS,FMMOS - non-mars,10/01/2025 13:05:44,2025,2025-SEP,nonfat_solids,0.9773,lmprs,
08/30/2025,09/04/2025,2025,Aug,,19.18,2.7325,9.96,17.24,7.98,18.50,9.29,2.4778,1.2820,1.7529,,,0.5779,Announcement of Class and Component Prices (PDF),DYMCLASSPRICES,2991,Dairy MMR,DY-WA,Washington,DC,"Washington, DC",Washington,DC,FMMOS,FMMOS - non-mars,09/04/2025 13:05:39,2025,2025-AUG,nonfat_solids,1.0323,lmprs,
07/26/2025,07/30/2025,2025,Jul,,19.31,2.8505,9.67,17.32,7.63,18.89,9.26,2.5753,1.2783,1.7634,,,0.5670,Announcement of Class and Component Prices (PDF),DYMCLASSPRICES,2991,Dairy MMR,DY-WA,Washington,DC,"Washington, DC",Washington,DC,FMMOS,FMMOS - non-mars,07/30/2025 13:05:25,2025,2025-JUL,nonfat_solids,1.0286,lmprs,
06/28/2025,07/02/2025,2025,Jun,,18.43,2.7448,9.14,18.82,9.57,18.30,9.03,2.4880,1.2531,1.9322,,,0.5497,Announcement of Class and Component Prices (PDF),DYMCLASSPRICES,2991,Dairy MMR,DY-WA,Washington,DC,"Washington, DC",Washington,DC,FMMOS,FMMOS - non-mars,07/02/2025 13:05:29,2025,2025-JUN,nonfat_solids,1.0037,lmprs,
05/31/2025,06/04/2025,2025,May,,18.72,2.6697,9.72,18.57,9.59,18.13,9.13,2.3703,1.1925,1.8404,1.8177,1.8284,0.5119,Announcement of Class and Component Prices (PDF),DYMCLASSPRICES,2991,Dairy MMR,DY-WA,Washington,DC,"Washington, DC",Washington,DC,FMMOS,FMMOS - non-mars,06/04/2025 13:05:20,2025,2025-MAY,nonfat_solids,1.0145,lmprs,
04/26/2025,04/30/2025,2025,Apr,,19.22,2.6476,10.31,17.48,8.54,17.92,8.99,2.3520,1.1773,1.7361,1.7117,1.7244,0.4988,Announcement of Class and Component Prices (PDF),DYMCLASSPRICES,2991,Dairy MMR,DY-WA,Washington,DC,"Washington, DC",Washington,DC,FMMOS,FMMOS - non-mars,04/30/2025 13:04:13,2025,2025-APR,nonfat_solids,0.9994,lmprs,
03/29/2025,04/02/2025,2025,Mar,,20.12,2.6312,11.31,18.62,9.78,18.21,9.35,2.3385,1.2176,1.8215,1.8420,1.7732,0.5532,Announcement of Class and Component Prices (PDF),DYMCLASSPRICES,2991,Dairy MMR,DY-WA,Washington,DC,"Washington, DC",Washington,DC,FMMOS,FMMOS - non-mars,04/02/2025 13:05:07,2025,2025-MAR,nonfat_solids,1.0393,lmprs,
03/01/2025,03/05/2025,2025,Feb,,21.08,2.8256,11.60,20.18,10.69,19.90,10.40,2.4990,1.3347,1.9077,1.9158,1.8707,0.6650,Announcement of Class and Component Prices (PDF),DYMCLASSPRICES,2991,Dairy MMR,DY-WA,Washington,DC,"Washington, DC",Washington,DC,FMMOS,FMMOS - non-mars,03/05/2025 13:05:17,2025,2025-FEB,nonfat_solids,1.1552,lmprs,
02/01/2025,02/05/2025,2025,Jan,,21.58,2.9530,11.65,20.34,10.39,20.73,10.80,2.6042,1.3801,1.8851,1.8954,1.8477,0.7218,Announcement of Class and Component Prices (PDF),DYMCLASSPRICES,2991,Dairy MMR,DY-WA,Washington,DC,"Washington, DC",Washington,DC,FMMOS,FMMOS - non-mars,02/05/2025 13:05:17,2025,2025-JAN,nonfat_solids,1.2002,lmprs,
12/28/2024,01/02/2025,2024,Dec,,21.28,2.9174,11.47,18.62,8.74,20.74,10.94,2.5748,1.3952,1.7608,1.7583,1.7326,0.6353,Announcement of Class and Component Prices (PDF),DYMCLASSPRICES,2991,Dairy MMR,DY-WA,Washington,DC,"Washington, DC",Washington,DC,FMMOS,FMMOS - non-mars,01/02/2025 13:05:22,2024,2024-DEC,nonfat_solids,1.2151,lmprs,
11/30/2024,12/04/2024,2024,Nov,,21.52,3.0693,11.17,19.95,9.57,21.12,10.78,2.7002,1.3773,1.9198,1.9096,1.8973,0.5922,Announcement of Class and Component Prices (PDF),DYMCLASSPRICES,2991,Dairy MMR,DY-WA,Washington,DC,"Washington, DC",Washington,DC,FMMOS,FMMOS - non-mars,12/04/2024 13:05:26,2024,2024-NOV,nonfat_solids,1.1974,lmprs,
10/26/2024,10/30/2024,2024,Oct,,21.01,3.0921,10.56,22.85,12.49,20.90,10.47,2.7191,1.3423,2.2400,2.1605,2.2760,0.5588,Announcement of Class and Component Prices (PDF),DYMCLASSPRICES,2991,Dairy MMR,DY-WA,Washington,DC,"Washington, DC",Washington,DC,FMMOS,FMMOS - non-mars,10/30/2024 13:05:20,2024,2024-OCT,nonfat_solids,1.1628,lmprs,
09/28/2024,10/02/2024,2024,Sep,,22.40,3.6184,10.09,23.34,11.09,22.29,10.00,3.1537,1.2899,2.2882,2.2013,2.3319,0.5321,Announcement of Class and Component Prices (PDF),DYMCLASSPRICES,2991,Dairy MMR,DY-WA,Washington,DC,"Washington, DC",Washington,DC,FMMOS,FMMOS - non-mars,10/02/2024 13:05:28,2024,2024-SEP,nonfat_solids,1.1109,lmprs,
08/31/2024,09/05/2024,2024,Aug,,22.05,3.5702,9.90,20.66,8.49,21.58,9.44,3.1139,1.2268,2.0399,1.9812,2.0573,0.4864,Announcement of Class and Component Prices (PDF),DYMCLASSPRICES,2991,Dairy MMR,DY-WA,Washington,DC,"Washington, DC",Washington,DC,FMMOS,FMMOS - non-mars,09/05/2024 13:04:24,2024,2024-AUG,nonfat_solids,1.0484,lmprs,
07/27/2024,07/31/2024,2024,Jul,,21.82,3.5790,9.63,19.79,7.55,21.31,9.13,3.1211,1.1930,1.9717,1.9458,1.9635,0.4487,Announcement of Class and Component Prices (PDF),DYMCLASSPRICES,2991,Dairy MMR,DY-WA,Washington,DC,"Washington, DC",Washington,DC,FMMOS,FMMOS - non-mars,07/31/2024 13:05:31,2024,2024-JUL,nonfat_solids,1.0149,lmprs,
06/29/2024,07/03/2024,2024,Jun,,21.60,3.5514,9.50,19.87,7.74,21.08,8.99,3.0983,1.1770,1.9962,1.9154,2.0345,0.4249,Announcement of Class and Component Prices (PDF),DYMCLASSPRICES,2991,Dairy MMR,DY-WA,Washington,DC,"Washington, DC",Washington,DC,FMMOS,FMMOS - non-mars,07/03/2024 13:04:46,2024,2024-JUN,nonfat_solids,0.9991,lmprs,
06/01/2024,06/05/2024,2024,May,,21.50,3.4706,9.69,18.55,6.66,20.50,8.68,3.0316,1.1422,1.8706,1.8062,1.8952,0.4108,Announcement of Class and Component Prices (PDF),DYMCLASSPRICES,2991,Dairy MMR,DY-WA,Washington,DC,"Washington, DC",Washington,DC,FMMOS,FMMOS - non-mars,06/05/2024 13:05:24,2024,2024-MAY,nonfat_solids,0.9647,lmprs,
04/27/2024,05/01/2024,2024,Apr,,21.23,3.3379,9.89,15.50,3.98,20.11,8.76,2.9220,1.1506,1.5478,1.5170,1.5447,0.4289,Announcement of Class and Component Prices (PDF),DYMCLASSPRICES,2991,Dairy MMR,DY-WA,Washington,DC,"Washington, DC",Washington,DC,FMMOS,FMMOS - non-mars,05/01/2024 13:05:25,2024,2024-APR,nonfat_solids,0.9730,lmprs,
03/30/2024,04/03/2024,2024,Mar,,21.12,3.2455,10.11,16.34,5.19,20.09,9.07,2.8457,1.1863,1.6082,1.5730,1.6085,0.4788,Announcement of Class and Component Prices (PDF),DYMCLASSPRICES,2991,Dairy MMR,DY-WA,Washington,DC,"Washington, DC",Washington,DC,FMMOS,FMMOS - non-mars,04/03/2024 13:05:20,2024,2024-MAR,nonfat_solids,1.0083,lmprs,
02/24/2024,02/28/2024,2024,Feb,,20.53,3.1101,9.99,16.08,5.41,19.85,9.31,2.7339,1.2125,1.5947,1.6021,1.5586,0.4649,Announcement of Class and Component Prices (PDF),DYMCLASSPRICES,2991,Dairy MMR,DY-WA,Washington,DC,"Washington, DC",Washington,DC,FMMOS,FMMOS - non-mars,02/28/2024 13:05:37,2024,2024-FEB,nonfat_solids,1.0343,lmprs,
01/27/2024,01/31/2024,2024,Jan,,20.04,2.9835,9.95,15.17,4.92,19.39,9.30,2.6294,1.2112,1.5226,1.5260,1.4895,0.4338,Announcement of Class and Component Prices (PDF),DYMCLASSPRICES,2991,Dairy MMR,DY-WA,Washington,DC,"Washington, DC",Washington,DC,FMMOS,FMMOS - non-mars,01/31/2024 13:10:03,2024,2024-JAN,nonfat_solids,1.0330,lmprs,
12/30/2023,01/04/2024,2023,Dec,,19.88,2.9848,9.78,16.04,5.82,19.23,9.13,2.6305,1.1924,1.6234,1.6385,1.5813,0.4168,Announcement of Class and Component Prices (PDF),DYMCLASSPRICES,2991,Dairy MMR,DY-WA,Washington,DC,"Washington, DC",Washington,DC,FMMOS,FMMOS - non-mars,01/04/2024 13:04:47,2023,2023-DEC,nonfat_solids,1.0144,lmprs,
11/25/2023,11/29/2023,2023,Nov,,21.21,3.4678,9.40,17.15,5.22,20.87,9.07,3.0293,1.1860,1.7421,1.7511,1.7034,0.3831,Announcement of Class and Component Prices (PDF),DYMCLASSPRICES,2991,Dairy MMR,DY-WA,Washington,DC,"Washington, DC",Washington,DC,FMMOS,FMMOS - non-mars,11/29/2023 13:05:36,2023,2023-NOV,nonfat_solids,1.0080,lmprs,
10/28/2023,11/01/2023,2023,Oct,,21.95,3.7214,9.25,16.84,3.98,21.49,8.80,3.2387,1.1558,1.7390,1.8044,1.6502,0.3198,Announcement of Class and Component Prices (PDF),DYMCLASSPRICES,2991,Dairy MMR,DY-WA,Washington,DC,"Washington, DC",Washington,DC,FMMOS,FMMOS - non-mars,11/01/2023 13:05:20,2023,2023-OCT,nonfat_solids,0.9781,lmprs,
09/30/2023,10/04/2023,2023,Sep,,19.98,3.1334,9.34,18.39,7.72,19.09,8.44,2.7532,1.1155,1.9366,1.9895,1.8616,0.2954,Announcement of Class and Component Prices (PDF),DYMCLASSPRICES,2991,Dairy MMR,DY-WA,Washington,DC,"Washington, DC",Washington,DC,FMMOS,FMMOS - non-mars,10/04/2023 13:05:28,2023,2023-SEP,nonfat_solids,0.9382,lmprs,
08/26/2023,08/30/2023,2023,Aug,,19.91,3.0288,9.65,17.19,6.85,18.91,8.64,2.6668,1.1374,1.8349,1.8625,1.7764,0.2620,Announcement of Class and Component Prices (PDF),DYMCLASSPRICES,2991,Dairy MMR,DY-WA,Washington,DC,"Washington, DC",Washington,DC,FMMOS,FMMOS - non-mars,08/30/2023 13:05:53,2023,2023-AUG,nonfat_solids,0.9599,lmprs,
07/29/2023,08/02/2023,2023,Jul,,19.12,2.8056,9.64,13.77,4.12,18.26,8.77,2.4825,1.1522,1.4870,1.4614,1.4789,0.2660,Announcement of Class and Component Prices (PDF),DYMCLASSPRICES,2991,Dairy MMR,DY-WA,Washington,DC,"Washington, DC",Washington,DC,FMMOS,FMMOS - non-mars,08/02/2023 13:05:22,2023,2023-JUL,nonfat_solids,0.9746,lmprs,
06/24/2023,06/28/2023,2023,Jun,,18.83,2.7675,9.48,14.91,5.44,18.26,8.91,2.4510,1.1674,1.5724,1.5568,1.5561,0.3220,Announcement of Class and Component Prices (PDF),DYMCLASSPRICES,2991,Dairy MMR,DY-WA,Washington,DC,"Washington, DC",Washington,DC,FMMOS,FMMOS - non-mars,06/28/2023 13:06:22,2023,2023-JUN,nonfat_solids,0.9896,lmprs,
05/27/2023,06/01/2023,2023,May,,19.11,2.7642,9.78,16.11,6.69,18.10,8.76,2.4483,1.1505,1.6600,1.7277,1.5715,0.3813,Announcement of Class and Component Prices (PDF),DYMCLASSPRICES,2991,Dairy MMR,DY-WA,Washington,DC,"Washington, DC",Washington,DC,FMMOS,FMMOS - non-mars,06/01/2023 13:05:28,2023,2023-MAY,nonfat_solids,0.9729,lmprs,
04/29/2023,05/03/2023,2023,Apr,,19.20,2.7079,10.07,18.52,9.40,17.95,8.80,2.4018,1.1551,1.8775,1.9406,1.7942,0.4398,Announcement of Class and Component Prices (PDF),DYMCLASSPRICES,2991,Dairy MMR,DY-WA,Washington,DC,"Washington, DC",Washington,DC,FMMOS,FMMOS - non-mars,05/03/2023 13:06:24,2023,2023-APR,nonfat_solids,0.9774,lmprs,
04/01/2023,04/05/2023,2023,Mar,,19.52,2.7370,10.30,18.10,8.85,18.38,9.14,2.4258,1.1935,1.8399,1.9503,1.7188,0.4261,Announcement of Class and Component Prices (PDF),DYMCLASSPRICES,2991,Dairy MMR,DY-WA,Washington,DC,"Washington, DC",Washington,DC,FMMOS,FMMOS - non-mars,04/05/2023 13:05:21,2023,2023-MAR,nonfat_solids,1.0154,lmprs,
02/25/2023,03/01/2023,2023,Feb,,20.83,2.7248,11.70,17.78,8.57,18.86,9.69,2.4158,1.2553,1.8224,1.9874,1.6602,0.4031,Announcement of Class and Component Prices (PDF),DYMCLASSPRICES,2991,Dairy MMR,DY-WA,Washington,DC,"Washington, DC",Washington,DC,FMMOS,FMMOS - non-mars,03/01/2023 13:05:11,2023,2023-FEB,nonfat_solids,1.0766,lmprs,
01/28/2023,02/01/2023,2023,Jan,,21.61,2.7783,12.32,19.43,10.08,20.01,10.68,2.4599,1.3662,1.9767,2.1147,1.8226,0.4266,Announcement of Class and Component Prices (PDF),DYMCLASSPRICES,2991,Dairy MMR,DY-WA,Washington,DC,"Washington, DC",Washington,DC,FMMOS,FMMOS - non-mars,02/01/2023 13:04:20,2023,2023-JAN,nonfat_solids,1.1864,lmprs,
12/31/2022,01/05/2023,2022,Dec,,23.11,3.1609,12.48,20.50,9.80,22.12,11.48,2.7759,1.4559,2.0555,2.1594,1.9293,0.4566,Announcement of Class and Component Prices (PDF),DYMCLASSPRICES,2991,Dairy MMR,DY-WA,Washington,DC,"Washington, DC",Washington,DC,FMMOS,FMMOS - non-mars,01/05/2023 13:01:32,2022,2022-DEC,nonfat_solids,1.2752,lmprs,
11/26/2022,11/30/2022,2022,Nov,,24.67,3.3790,13.31,21.01,9.54,23.30,11.91,2.9560,1.5045,2.0897,2.0748,2.0744,0.4745,Announcement of Class and Component Prices (PDF),DYMCLASSPRICES,2991,Dairy MMR,DY-WA,Washington,DC,"Washington, DC",Washington,DC,FMMOS,FMMOS - non-mars,11/30/2022 13:08:10,2022,2022-NOV,nonfat_solids,1.3233,lmprs,
10/29/2022,11/02/2022,2022,Oct,,25.73,3.6637,13.37,21.81,9.34,24.96,12.60,3.1911,1.5819,2.1560,2.0453,2.2210,0.4857,Announcement of Class and Component Prices (PDF),DYMCLASSPRICES,2991,Dairy MMR,DY-WA,Washington,DC,"Washington, DC",Washington,DC,FMMOS,FMMOS - non-mars,11/02/2022 13:05:49,2022,2022-OCT,nonfat_solids,1.4000,lmprs,
10/01/2022,10/05/2022,2022,Sep,,26.51,3.5723,14.52,19.82,7.61,24.63,12.59,3.1156,1.5803,1.9503,1.8835,1.9830,0.4902,Announcement of Class and Component Prices (PDF),DYMCLASSPRICES,2991,Dairy MMR,DY-WA,Washington,DC,"Washington, DC",Washington,DC,FMMOS,FMMOS - non-mars,10/05/2022 13:05:11,2022,2022-SEP,nonfat_solids,1.3984,lmprs,
08/27/2022,08/31/2022,2022,Aug,,26.91,3.4071,15.53,20.10,8.50,24.81,13.38,2.9792,1.6690,1.9761,1.9484,1.9698,0.5045,Announcement of Class and Component Prices (PDF),DYMCLASSPRICES,2991,Dairy MMR,DY-WA,Washington,DC,"Washington, DC",Washington,DC,FMMOS,FMMOS - non-mars,08/31/2022 13:05:24,2022,2022-AUG,nonfat_solids,1.4862,lmprs,
07/30/2022,08/03/2022,2022,Jul,,26.66,3.3670,15.42,22.52,11.15,25.79,14.54,2.9461,1.8001,2.2019,2.1622,2.2054,0.5482,Announcement of Class and Component Prices (PDF),DYMCLASSPRICES,2991,Dairy MMR,DY-WA,Washington,DC,"Washington, DC",Washington,DC,FMMOS,FMMOS - non-mars,08/03/2022 13:07:36,2022,2022-JUL,nonfat_solids,1.6160,lmprs,
06/25/2022,06/29/2022,2022,Jun,,26.65,3.3393,15.50,24.33,13.13,25.83,14.68,2.9232,1.8156,2.3498,2.3214,2.3472,0.6161,Announcement of Class and Component Prices (PDF),DYMCLASSPRICES,2991,Dairy MMR,DY-WA,Washington,DC,"Washington, DC",Washington,DC,FMMOS,FMMOS - non-mars,06/29/2022 13:04:26,2022,2022-JUN,nonfat_solids,1.6313,lmprs,
05/28/2022,06/02/2022,2022,May,,25.87,3.1126,15.52,25.21,14.86,24.99,14.63,2.7360,1.8095,2.4161,2.3798,2.4187,0.6707,Announcement of Class and Component Prices (PDF),DYMCLASSPRICES,2991,Dairy MMR,DY-WA,Washington,DC,"Washington, DC",Washington,DC,FMMOS,FMMOS - non-mars,06/02/2022 13:04:58,2022,2022-MAY,nonfat_solids,1.6253,lmprs,
04/30/2022,05/04/2022,2022,Apr,,25.71,3.1531,15.21,24.42,13.90,25.31,14.82,2.7694,1.8314,2.2910,2.2759,2.2759,0.7394,Announcement of Class and Component Prices (PDF),DYMCLASSPRICES,2991,Dairy MMR,DY-WA,Washington,DC,"Washington, DC",Washington,DC,FMMOS,FMMOS - non-mars,05/04/2022 13:05:49,2022,2022-APR,nonfat_solids,1.6470,lmprs,
03/26/2022,03/30/2022,2022,Mar,,24.76,3.1005,14.41,22.45,12.04,24.82,14.50,2.7260,1.7954,2.0548,2.0748,2.0066,0.7943,Announcement of Class and Component Prices (PDF),DYMCLASSPRICES,2991,Dairy MMR,DY-WA,Washington,DC,"Washington, DC",Washington,DC,FMMOS,FMMOS - non-mars,03/30/2022 13:05:10,2022,2022-MAR,nonfat_solids,1.6113,lmprs,
02/26/2022,03/02/2022,2022,Feb,,23.79,3.0288,13.67,20.91,10.71,24.00,13.91,2.6668,1.7284,1.9068,1.9091,1.8746,0.7800,Announcement of Class and Component Prices (PDF),DYMCLASSPRICES,2991,Dairy MMR,DY-WA,Washington,DC,"Washington, DC",Washington,DC,FMMOS,FMMOS - non-mars,03/02/2022 13:02:51,2022,2022-FEB,nonfat_solids,1.5450,lmprs,
01/29/2022,02/02/2022,2022,Jan,,22.83,2.9637,12.91,20.38,10.40,23.09,13.20,2.6130,1.6488,1.8978,1.9787,1.7951,0.7087,Announcement of Class and Component Prices (PDF),DYMCLASSPRICES,2991,Dairy MMR,DY-WA,Washington,DC,"Washington, DC",Washington,DC,FMMOS,FMMOS - non-mars,02/02/2022 13:05:34,2022,2022-JAN,nonfat_solids,1.4662,lmprs,
01/01/2022,01/05/2022,2021,Dec,,19.84,2.2989,12.22,18.36,10.71,19.88,12.29,2.0641,1.5471,1.7542,1.8633,1.6263,0.6391,Announcement of Class and Component Prices (PDF),DYMCLASSPRICES,2991,Dairy MMR,DY-WA,Washington,DC,"Washington, DC",Washington,DC,FMMOS,FMMOS - non-mars,01/05/2022 13:26:36,2021,2021-DEC,nonfat_solids,1.3655,lmprs,
11/27/2021,12/01/2021,2021,Nov,,18.40,2.1611,11.23,18.03,10.87,18.79,11.66,1.9503,1.4769,1.7588,1.7605,1.7272,0.5825,Announcement of Class and Component Prices (PDF),DYMCLASSPRICES,2991,Dairy MMR,DY-WA,Washington,DC,"Washington, DC",Washington,DC,FMMOS,FMMOS - non-mars,12/01/2021 13:04:41,2021,2021-NOV,nonfat_solids,1.2960,lmprs,
10/30/2021,11/03/2021,2021,Oct,,17.08,1.9484,10.63,17.83,11.44,17.04,10.62,1.7746,1.3598,1.7698,1.8070,1.7011,0.5447,Announcement of Class and Component Prices (PDF),DYMCLASSPRICES,2991,Dairy MMR,DY-WA,Washington,DC,"Washington, DC",Washington,DC,FMMOS,FMMOS - non-mars,11/03/2021 13:05:14,2021,2021-OCT,nonfat_solids,1.1801,lmprs,
09/25/2021,09/29/2021,2021,Sep,,16.89,1.9458,10.45,16.53,10.10,16.36,9.92,1.7725,1.2816,1.6411,1.7761,1.4873,0.5336,Announcement of Class and Component Prices (PDF),DYMCLASSPRICES,2991,Dairy MMR,DY-WA,Washington,DC,"Washington, DC",Washington,DC,FMMOS,FMMOS - non-mars,09/29/2021 13:06:40,2021,2021-SEP,nonfat_solids,1.1027,lmprs,
08/28/2021,09/01/2021,2021,Aug,,16.51,1.8578,10.37,15.95,9.82,15.92,9.78,1.6998,1.2660,1.5680,1.6902,1.4371,0.5617,Announcement of Class and Component Prices (PDF),DYMCLASSPRICES,2991,Dairy MMR,DY-WA,Washington,DC,"Washington, DC",Washington,DC,FMMOS,FMMOS - non-mars,09/01/2021 13:04:00,2021,2021-AUG,nonfat_solids,1.0872,lmprs,
07/31/2021,08/04/2021,2021,Jul,,16.83,1.9066,10.53,16.49,10.20,16.00,9.69,1.7401,1.2552,1.5956,1.5948,1.5663,0.6050,Announcement of Class and Component Prices (PDF),DYMCLASSPRICES,2991,Dairy MMR,DY-WA,Washington,DC,"Washington, DC",Washington,DC,FMMOS,FMMOS - non-mars,08/04/2021 13:05:40,2021,2021-JUL,nonfat_solids,1.0765,lmprs,
06/26/2021,06/30/2021,2021,Jun,,16.66,1.9711,10.12,17.21,10.71,16.35,9.82,1.7934,1.2696,1.6439,1.6058,1.6506,0.6437,Announcement of Class and Component Prices (PDF),DYMCLASSPRICES,2991,Dairy MMR,DY-WA,Washington,DC,"Washington, DC",Washington,DC,FMMOS,FMMOS - non-mars,06/30/2021 13:04:48,2021,2021-JUN,nonfat_solids,1.0908,lmprs,
05/29/2021,06/03/2021,2021,May,,16.22,1.9921,9.58,18.96,12.45,16.16,9.55,1.8107,1.2392,1.8206,1.8072,1.8035,0.6501,Announcement of Class and Component Prices (PDF),DYMCLASSPRICES,2991,Dairy MMR,DY-WA,Washington,DC,"Washington, DC",Washington,DC,FMMOS,FMMOS - non-mars,06/03/2021 13:06:19,2021,2021-MAY,nonfat_solids,1.0607,lmprs,
05/01/2021,05/05/2021,2021,Apr,,15.56,1.9566,9.03,17.67,11.24,15.42,8.91,1.7814,1.1680,1.7106,1.7918,1.6011,0.6135,Announcement of Class and Component Prices (PDF),DYMCLASSPRICES,2991,Dairy MMR,DY-WA,Washington,DC,"Washington, DC",Washington,DC,FMMOS,FMMOS - non-mars,05/05/2021 13:08:26,2021,2021-APR,nonfat_solids,0.9902,lmprs,
03/27/2021,03/31/2021,2021,Mar,,15.07,1.7246,9.36,16.15,10.51,14.18,8.46,1.5898,1.1169,1.5981,1.6695,1.5023,0.5537,Announcement of Class and Component Prices (PDF),DYMCLASSPRICES,2991,Dairy MMR,DY-WA,Washington,DC,"Washington, DC",Washington,DC,FMMOS,FMMOS - non-mars,03/31/2021 13:03:13,2021,2021-MAR,nonfat_solids,0.9396,lmprs,
02/27/2021,03/03/2021,2021,Feb,,14.00,1.4446,9.27,15.75,11.11,13.19,8.45,1.3586,1.1164,1.5954,1.6870,1.4841,0.5060,Announcement of Class and Component Prices (PDF),DYMCLASSPRICES,2991,Dairy MMR,DY-WA,Washington,DC,"Washington, DC",Washington,DC,FMMOS,FMMOS - non-mars,03/03/2021 13:04:40,2021,2021-FEB,nonfat_solids,0.9391,lmprs,
01/30/2021,02/03/2021,2021,Jan,,14.18,1.5611,9.03,16.04,10.99,13.75,8.61,1.4548,1.1345,1.6502,1.7171,1.5601,0.4595,Announcement of Class and Component Prices (PDF),DYMCLASSPRICES,2991,Dairy MMR,DY-WA,Washington,DC,"Washington, DC",Washington,DC,FMMOS,FMMOS - non-mars,02/03/2021 13:02:18,2021,2021-JAN,nonfat_solids,0.9570,lmprs,
12/26/2020,12/30/2020,2020,Dec,,14.01,1.5469,8.91,15.72,10.71,13.36,8.26,1.4431,1.0951,1.6433,1.7708,1.4944,0.4171,Announcement of Class and Component Prices (PDF),DYMCLASSPRICES,2991,Dairy MMR,DY-WA,Washington,DC,"Washington, DC",Washington,DC,FMMOS,FMMOS - non-mars,12/30/2020 13:03:18,2020,2020-DEC,nonfat_solids,0.9180,lmprs,
11/28/2020,12/02/2020,2020,Nov,,13.86,1.5623,8.70,23.34,18.55,13.30,8.14,1.4558,1.0816,2.4535,2.5808,2.2929,0.3830,Announcement of Class and Component Prices (PDF),DYMCLASSPRICES,2991,Dairy MMR,DY-WA,Washington,DC,"Washington, DC",Washington,DC,FMMOS,FMMOS - non-mars,12/02/2020 13:06:51,2020,2020-NOV,nonfat_solids,0.9047,lmprs,
10/31/2020,11/04/2020,2020,Oct,,13.63,1.6458,8.15,21.61,16.45,13.47,8.01,1.5248,1.0670,2.2921,2.5692,1.9640,0.3480,Announcement of Class and Component Prices (PDF),DYMCLASSPRICES,2991,Dairy MMR,DY-WA,Washington,DC,"Washington, DC",Washington,DC,FMMOS,FMMOS - non-mars,11/04/2020 12:56:06,2020,2020-OCT,nonfat_solids,0.8902,lmprs,
09/26/2020,09/30/2020,2020,Sep,,13.16,1.6002,7.83,16.43,11.25,12.75,7.43,1.4871,1.0014,1.7741,1.9496,1.5736,0.3196,Announcement of Class and Component Prices (PDF),DYMCLASSPRICES,2991,Dairy MMR,DY-WA,Washington,DC,"Washington, DC",Washington,DC,FMMOS,FMMOS - non-mars,09/30/2020 13:06:10,2020,2020-SEP,nonfat_solids,0.8253,lmprs,
08/29/2020,09/02/2020,2020,Aug,,13.27,1.6345,7.82,19.77,14.58,12.53,7.08,1.5154,0.9619,2.1099,2.2144,1.9817,0.3338,Announcement of Class and Component Prices (PDF),DYMCLASSPRICES,2991,Dairy MMR,DY-WA,Washington,DC,"Washington, DC",Washington,DC,FMMOS,FMMOS - non-mars,09/02/2020 13:07:48,2020,2020-AUG,nonfat_solids,0.7862,lmprs,
08/01/2020,08/05/2020,2020,Jul,,13.79,1.9653,7.16,24.54,18.33,13.76,7.16,1.7886,0.9717,2.5873,2.6978,2.4374,0.3440,Announcement of Class and Component Prices (PDF),DYMCLASSPRICES,2991,Dairy MMR,DY-WA,Washington,DC,"Washington, DC",Washington,DC,FMMOS,FMMOS - non-mars,08/05/2020 13:05:32,2020,2020-JUL,nonfat_solids,0.7959,lmprs,
06/27/2020,07/01/2020,2020,Jun,,12.99,1.8661,6.69,21.04,15.06,12.90,6.62,1.7067,0.9106,2.2152,2.2566,2.1482,0.3638,Announcement of Class and Component Prices (PDF),DYMCLASSPRICES,2991,Dairy MMR,DY-WA,Washington,DC,"Washington, DC",Washington,DC,FMMOS,FMMOS - non-mars,07/01/2020 13:06:28,2020,2020-JUN,nonfat_solids,0.7354,lmprs,
05/30/2020,06/03/2020,2020,May,,12.30,1.3826,7.73,12.14,7.59,10.67,6.07,1.3074,0.8492,1.2990,1.3049,1.2641,0.3818,Announcement of Class and Component Prices (PDF),DYMCLASSPRICES,2991,Dairy MMR,DY-WA,Washington,DC,"Washington, DC",Washington,DC,FMMOS,FMMOS - non-mars,06/03/2020 13:03:03,2020,2020-MAY,nonfat_solids,0.6746,lmprs,
04/25/2020,04/29/2020,2020,Apr,,13.87,1.3288,9.55,13.07,8.75,11.40,7.02,1.2630,0.9552,1.4026,1.5264,1.2744,0.3732,Announcement of Class and Component Prices (PDF),DYMCLASSPRICES,2991,Dairy MMR,DY-WA,Washington,DC,"Washington, DC",Washington,DC,FMMOS,FMMOS - non-mars,04/29/2020 13:03:20,2020,2020-APR,nonfat_solids,0.7795,lmprs,
03/28/2020,04/01/2020,2020,Mar,,16.75,1.9247,10.38,16.25,9.88,14.87,8.45,1.7551,1.1160,1.7091,1.8133,1.5761,0.3748,Announcement of Class and Component Prices (PDF),DYMCLASSPRICES,2991,Dairy MMR,DY-WA,Washington,DC,"Washington, DC",Washington,DC,FMMOS,FMMOS - non-mars,04/01/2020 13:04:59,2020,2020-MAR,nonfat_solids,0.9387,lmprs,
02/29/2020,03/04/2020,2020,Feb,,16.84,1.9883,10.24,17.00,10.43,16.20,9.60,1.8076,1.2453,1.7884,1.9467,1.6007,0.3690,Announcement of Class and Component Prices (PDF),DYMCLASSPRICES,2991,Dairy MMR,DY-WA,Washington,DC,"Washington, DC",Washington,DC,FMMOS,FMMOS - non-mars,03/04/2020 13:22:00,2020,2020-FEB,nonfat_solids,1.0667,lmprs,
02/01/2020,02/05/2020,2020,Jan,,17.05,2.1187,9.98,17.05,10.01,16.65,9.60,1.9153,1.2451,1.8092,1.8995,1.6869,0.3367,Announcement of Class and Component Prices (PDF),DYMCLASSPRICES,2991,Dairy MMR,DY-WA,Washington,DC,"Washington, DC",Washington,DC,FMMOS,FMMOS - non-mars,02/05/2020 13:07:49,2020,2020-JAN,nonfat_solids,1.0665,lmprs,
12/28/2019,01/02/2020,2019,Dec,,16.81,2.2022,9.43,19.37,12.11,16.70,9.34,1.9842,1.2161,2.0509,1.9363,2.1395,0.3293,Announcement of Class and Component Prices (PDF),DYMCLASSPRICES,2991,Dairy MMR,DY-WA,Washington,DC,"Washington, DC",Washington,DC,FMMOS,FMMOS - non-mars,01/02/2020 13:02:40,2019,2019-DEC,nonfat_solids,1.0378,lmprs,
11/30/2019,12/04/2019,2019,Nov,,16.85,2.3265,9.02,20.45,12.78,16.60,8.79,2.0869,1.1540,2.1723,2.0987,2.2280,0.3071,Announcement of Class and Component Prices (PDF),DYMCLASSPRICES,2991,Dairy MMR,DY-WA,Washington,DC,"Washington, DC",Washington,DC,FMMOS,FMMOS - non-mars,12/04/2019 13:05:21,2019,2019-NOV,nonfat_solids,0.9763,lmprs,
10/26/2019,10/30/2019,2019,Oct,,16.68,2.4101,8.54,18.72,10.68,16.39,8.27,2.1559,1.0957,1.9694,2.0569,1.8379,0.3396,Announcement of Class and Component Prices (PDF),DYMCLASSPRICES,2991,Dairy MMR,DY-WA,Washington,DC,"Washington, DC",Washington,DC,FMMOS,FMMOS - non-mars,10/30/2019 13:03:28,2019,2019-OCT,nonfat_solids,0.9186,lmprs,
09/28/2019,10/02/2019,2019,Sep,,16.93,2.5052,8.46,18.31,9.91,16.35,7.88,2.2344,1.0519,1.9053,1.9843,1.7913,0.3698,Announcement of Class and Component Prices (PDF),DYMCLASSPRICES,2991,Dairy MMR,DY-WA,Washington,DC,"Washington, DC",Washington,DC,FMMOS,FMMOS - non-mars,10/02/2019 13:08:22,2019,2019-SEP,nonfat_solids,0.8753,lmprs,
08/31/2019,09/05/2019,2019,Aug,,17.60,2.6644,8.57,17.60,8.60,16.74,7.71,2.3659,1.0335,1.8276,,,0.3671,Announcement of Class and Component Prices (PDF),DYMCLASSPRICES,2991,Dairy MMR,DY-WA,Washington,DC,"Washington, DC",Washington,DC,FMMOS,FMMOS - non-mars,09/05/2019 13:05:13,2019,2019-AUG,nonfat_solids,0.8570,lmprs,
07/27/2019,07/31/2019,2019,Jul,,17.61,2.6928,8.48,17.55,8.45,16.90,7.77,2.3893,1.0393,1.8238,,,0.3631,Announcement of Class and Component Prices (PDF),DYMCLASSPRICES,2991,Dairy MMR,DY-WA,Washington,DC,"Washington, DC",Washington,DC,FMMOS,FMMOS - non-mars,07/31/2019 13:05:14,2019,2019-JUL,nonfat_solids,0.8628,lmprs,
06/29/2019,07/03/2019,2019,Jun,,17.30,2.6649,8.26,16.27,7.22,16.83,7.80,2.3663,1.0431,1.6910,,,0.3643,Announcement of Class and Component Prices (PDF),DYMCLASSPRICES,2991,Dairy MMR,DY-WA,Washington,DC,"Washington, DC",Washington,DC,FMMOS,FMMOS - non-mars,07/03/2019 13:03:40,2019,2019-JUN,nonfat_solids,0.8665,lmprs,
06/01/2019,06/05/2019,2019,May,,16.48,2.5788,7.72,16.38,7.65,16.29,7.55,2.2952,1.0149,1.6974,,,0.3784,Announcement of Class and Component Prices (PDF),DYMCLASSPRICES,2991,Dairy MMR,DY-WA,Washington,DC,"Washington, DC",Washington,DC,FMMOS,FMMOS - non-mars,06/05/2019 13:05:15,2019,2019-MAY,nonfat_solids,0.8386,lmprs,
04/27/2019,05/01/2019,2019,Apr,,16.38,2.5445,7.75,15.96,7.34,15.72,7.09,2.2669,0.9641,1.6468,,,0.3923,Announcement of Class and Component Prices (PDF),DYMCLASSPRICES,2991,Dairy MMR,DY-WA,Washington,DC,"Washington, DC",Washington,DC,FMMOS,FMMOS - non-mars,05/01/2019 13:05:18,2019,2019-APR,nonfat_solids,0.7883,lmprs,
03/30/2019,04/03/2019,2019,Mar,,16.61,2.5531,7.95,15.04,6.35,15.71,7.05,2.2740,0.9589,1.5383,,,0.4127,Announcement of Class and Component Prices (PDF),DYMCLASSPRICES,2991,Dairy MMR,DY-WA,Washington,DC,"Washington, DC",Washington,DC,FMMOS,FMMOS - non-mars,04/03/2019 13:05:13,2019,2019-MAR,nonfat_solids,0.7832,lmprs,
02/23/2019,02/27/2019,2019,Feb,,16.13,2.5415,7.50,13.89,5.20,15.86,7.24,2.2644,0.9800,1.3940,,,0.4545,Announcement of Class and Component Prices (PDF),DYMCLASSPRICES,2991,Dairy MMR,DY-WA,Washington,DC,"Washington, DC",Washington,DC,FMMOS,FMMOS - non-mars,02/27/2019 13:05:35,2019,2019-FEB,nonfat_solids,0.8041,lmprs,
01/26/2019,01/30/2019,2019,Jan,,15.74,2.5051,7.22,13.96,5.41,15.48,6.98,2.2343,0.9513,1.3868,,,0.4805,Announcement of Class and Component Prices (PDF),DYMCLASSPRICES,2991,Dairy MMR,DY-WA,Washington,DC,"Washington, DC",Washington,DC,FMMOS,FMMOS - non-mars,01/30/2019 13:10:29,2019,2019-JAN,nonfat_solids,0.7757,lmprs,
12/29/2018,01/03/2019,2018,Dec,,15.67,2.5150,7.12,13.78,5.18,15.09,6.54,2.2425,0.9020,1.3742,,,0.4685,Announcement of Class and Component Prices (PDF),DYMCLASSPRICES,2991,Dairy MMR,DY-WA,Washington,DC,"Washington, DC",Washington,DC,FMMOS,FMMOS - non-mars,01/03/2019 13:05:53,2018,2018-DEC,nonfat_solids,0.7269,lmprs,
12/01/2018,12/05/2018,2018,Nov,,15.63,2.5455,6.96,14.44,5.76,15.06,6.40,2.2677,0.8860,1.4463,,,0.4626,Announcement of Class and Component Prices (PDF),DYMCLASSPRICES,2991,Dairy MMR,DY-WA,Washington,DC,"Washington, DC",Washington,DC,FMMOS,FMMOS - non-mars,12/05/2018 13:03:22,2018,2018-NOV,nonfat_solids,0.7110,lmprs,
10/27/2018,10/31/2018,2018,Oct,,15.54,2.5621,6.81,15.53,6.83,15.01,6.29,2.2814,0.8739,1.5686,,,0.4470,Announcement of Class and Component Prices (PDF),DYMCLASSPRICES,2991,Dairy MMR,DY-WA,Washington,DC,"Washington, DC",Washington,DC,FMMOS,FMMOS - non-mars,10/31/2018 13:14:21,2018,2018-OCT,nonfat_solids,0.6990,lmprs,
09/29/2018,10/03/2018,2018,Sep,,15.13,2.5512,6.43,16.09,7.45,14.81,6.12,2.2724,0.8548,1.6533,,,0.4028,Announcement of Class and Component Prices (PDF),DYMCLASSPRICES,2991,Dairy MMR,DY-WA,Washington,DC,"Washington, DC",Washington,DC,FMMOS,FMMOS - non-mars,10/03/2018 13:06:16,2018,2018-SEP,nonfat_solids,0.6801,lmprs,
08/25/2018,08/29/2018,2018,Aug,,15.07,2.6079,6.16,14.95,6.06,14.63,5.73,2.3192,0.8111,1.5544,,,0.3681,Announcement of Class and Component Prices (PDF),DYMCLASSPRICES,2991,Dairy MMR,DY-WA,Washington,DC,"Washington, DC",Washington,DC,FMMOS,FMMOS - non-mars,08/29/2018 13:28:17,2018,2018-AUG,nonfat_solids,0.6369,lmprs,
07/28/2018,08/01/2018,2018,Jul,,15.20,2.5357,6.55,14.10,5.44,14.14,5.48,2.2596,0.7824,1.4868,,,0.3372,Announcement of Class and Component Prices (PDF),DYMCLASSPRICES,2991,Dairy MMR,DY-WA,Washington,DC,"Washington, DC",Washington,DC,FMMOS,FMMOS - non-mars,08/01/2018 13:03:26,2018,2018-JUL,nonfat_solids,0.6085,lmprs,
06/30/2018,07/05/2018,2018,Jun,,15.48,2.6762,6.33,15.21,6.08,14.91,5.77,2.3756,0.8150,1.6150,,,0.3086,Announcement of Class and Component Prices (PDF),DYMCLASSPRICES,2991,Dairy MMR,DY-WA,Washington,DC,"Washington, DC",Washington,DC,FMMOS,FMMOS - non-mars,07/05/2018 13:03:18,2018,2018-JUN,nonfat_solids,0.6407,lmprs,
05/26/2018,05/31/2018,2018,May,,14.47,2.6309,5.45,15.18,6.21,14.57,5.58,2.3382,0.7937,1.6353,,,0.2711,Announcement of Class and Component Prices (PDF),DYMCLASSPRICES,2991,Dairy MMR,DY-WA,Washington,DC,"Washington, DC",Washington,DC,FMMOS,FMMOS - non-mars,05/31/2018 13:05:26,2018,2018-MAY,nonfat_solids,0.6196,lmprs,
04/28/2018,05/02/2018,2018,Apr,,14.03,2.5183,5.41,14.47,5.89,13.48,4.86,2.2452,0.7134,1.5737,,,0.2592,Announcement of Class and Component Prices (PDF),DYMCLASSPRICES,2991,Dairy MMR,DY-WA,Washington,DC,"Washington, DC",Washington,DC,FMMOS,FMMOS - non-mars,05/02/2018 13:05:35,2018,2018-APR,nonfat_solids,0.5401,lmprs,
03/31/2018,04/04/2018,2018,Mar,,13.88,2.4343,5.55,14.22,5.93,13.04,4.71,2.1759,0.6963,1.5542,,,0.2531,Announcement of Class and Component Prices (PDF),DYMCLASSPRICES,2991,Dairy MMR,DY-WA,Washington,DC,"Washington, DC",Washington,DC,FMMOS,FMMOS - non-mars,04/04/2018 13:05:22,2018,2018-MAR,nonfat_solids,0.5232,lmprs,
02/24/2018,02/28/2018,2018,Feb,,13.44,2.3560,5.38,13.40,5.37,12.87,4.82,2.1112,0.7084,1.4727,,,0.2525,Announcement of Class and Component Prices (PDF),DYMCLASSPRICES,2991,Dairy MMR,DY-WA,Washington,DC,"Washington, DC",Washington,DC,FMMOS,FMMOS - non-mars,02/28/2018 13:05:27,2018,2018-FEB,nonfat_solids,0.5352,lmprs,
01/27/2018,01/31/2018,2018,Jan,,14.11,2.4601,5.70,14.00,5.61,13.13,4.71,2.1972,0.6966,1.5175,,,0.2755,Announcement of Class and Component Prices (PDF),DYMCLASSPRICES,2991,Dairy MMR,DY-WA,Washington,DC,"Washington, DC",Washington,DC,FMMOS,FMMOS - non-mars,01/31/2018 13:05:37,2018,2018-JAN,nonfat_solids,0.5235,lmprs,
12/30/2017,01/04/2018,2017,Dec,,14.49,2.5021,5.94,15.44,6.95,13.51,4.95,2.2319,0.7237,1.6481,,,0.3030,Announcement of Class and Component Prices (PDF),DYMCLASSPRICES,2991,Dairy MMR,DY-WA,Washington,DC,"Washington, DC",Washington,DC,FMMOS,FMMOS - non-mars,01/04/2018 13:05:59,2017,2017-DEC,nonfat_solids,0.5503,lmprs,
11/25/2017,11/29/2017,2017,Nov,,15.32,2.5616,6.58,16.88,8.23,13.99,5.23,2.2810,0.7553,1.7617,,,0.3587,Announcement of Class and Component Prices (PDF),DYMCLASSPRICES,2991,Dairy MMR,DY-WA,Washington,DC,"Washington, DC",Washington,DC,FMMOS,FMMOS - non-mars,11/29/2017 13:05:28,2017,2017-NOV,nonfat_solids,0.5816,lmprs,
10/28/2017,11/01/2017,2017,Oct,,15.95,2.6716,6.84,16.69,7.63,14.85,5.72,2.3718,0.8099,1.7254,,,0.3790,Announcement of Class and Component Prices (PDF),DYMCLASSPRICES,2991,Dairy MMR,DY-WA,Washington,DC,"Washington, DC",Washington,DC,FMMOS,FMMOS - non-mars,11/01/2017 13:05:31,2017,2017-OCT,nonfat_solids,0.6357,lmprs,
09/30/2017,10/04/2017,2017,Sep,,16.80,2.8629,7.03,16.36,6.59,15.86,6.08,2.5298,0.8499,1.6608,,,0.4167,Announcement of Class and Component Prices (PDF),DYMCLASSPRICES,2991,Dairy MMR,DY-WA,Washington,DC,"Washington, DC",Washington,DC,FMMOS,FMMOS - non-mars,10/04/2017 13:07:11,2017,2017-SEP,nonfat_solids,0.6753,lmprs,
08/26/2017,08/30/2017,2017,Aug,,17.56,3.0179,7.25,16.57,6.25,16.61,6.29,2.6578,0.8733,1.6664,,,0.4345,Announcement of Class and Component Prices (PDF),DYMCLASSPRICES,2991,Dairy MMR,DY-WA,Washington,DC,"Washington, DC",Washington,DC,FMMOS,FMMOS - non-mars,08/30/2017 13:07:16,2017,2017-AUG,nonfat_solids,0.6984,lmprs,
07/29/2017,08/02/2017,2017,Jul,,17.48,2.9526,7.41,15.45,5.33,16.60,6.52,2.6039,0.8991,1.5430,,,0.4514,Announcement of Class and Component Prices (PDF),DYMCLASSPRICES,2991,Dairy MMR,DY-WA,Washington,DC,"Washington, DC",Washington,DC,FMMOS,FMMOS - non-mars,08/02/2017 13:18:44,2017,2017-JUL,nonfat_solids,0.7240,lmprs,
06/24/2017,06/28/2017,2017,Jun,,16.15,2.7136,6.89,16.44,7.22,15.89,6.65,2.4065,0.9137,1.6293,,,0.4917,Announcement of Class and Component Prices (PDF),DYMCLASSPRICES,2991,Dairy MMR,DY-WA,Washington,DC,"Washington, DC",Washington,DC,FMMOS,FMMOS - non-mars,06/28/2017 13:03:02,2017,2017-JUN,nonfat_solids,0.7384,lmprs,
05/27/2017,06/01/2017,2017,May,,14.84,2.4204,6.60,15.57,7.38,14.49,6.26,2.1644,0.8704,1.5390,,,0.5094,Announcement of Class and Component Prices (PDF),DYMCLASSPRICES,2991,Dairy MMR,DY-WA,Washington,DC,"Washington, DC",Washington,DC,FMMOS,FMMOS - non-mars,06/01/2017 13:05:29,2017,2017-MAY,nonfat_solids,0.6956,lmprs,
04/29/2017,05/03/2017,2017,Apr,,14.81,2.3618,6.78,15.22,7.23,14.01,5.98,2.1160,0.8386,1.4960,,,0.5243,Announcement of Class and Component Prices (PDF),DYMCLASSPRICES,2991,Dairy MMR,DY-WA,Washington,DC,"Washington, DC",Washington,DC,FMMOS,FMMOS - non-mars,05/03/2017 13:05:57,2017,2017-APR,nonfat_solids,0.6641,lmprs,
04/01/2017,04/05/2017,2017,Mar,,16.21,2.4246,8.00,15.81,7.61,14.32,6.07,2.1679,0.8493,1.5551,,,0.5239,Announcement of Class and Component Prices (PDF),DYMCLASSPRICES,2991,Dairy MMR,DY-WA,Washington,DC,"Washington, DC",Washington,DC,FMMOS,FMMOS - non-mars,04/05/2017 13:05:00,2017,2017-MAR,nonfat_solids,0.6747,lmprs,
02/25/2017,03/01/2017,2017,Feb,,16.52,2.4344,8.29,16.88,8.69,15.59,7.35,2.1760,0.9926,1.6871,,,0.4894,Announcement of Class and Component Prices (PDF),DYMCLASSPRICES,2991,Dairy MMR,DY-WA,Washington,DC,"Washington, DC",Washington,DC,FMMOS,FMMOS - non-mars,03/01/2017 13:01:16,2017,2017-FEB,nonfat_solids,0.8166,lmprs,
01/28/2017,02/01/2017,2017,Jan,,16.36,2.5323,7.77,16.77,8.22,16.19,7.62,2.2568,1.0229,1.7011,,,0.4421,Announcement of Class and Component Prices (PDF),DYMCLASSPRICES,2991,Dairy MMR,DY-WA,Washington,DC,"Washington, DC",Washington,DC,FMMOS,FMMOS - non-mars,02/01/2017 13:06:58,2017,2017-JAN,nonfat_solids,0.8465,lmprs,
12/31/2016,01/05/2017,2016,Dec,,15.26,2.3424,7.32,17.40,9.56,14.97,7.04,2.1000,0.9579,1.7990,,,0.3994,Announcement of Class and Component Prices (PDF),DYMCLASSPRICES,2991,Dairy MMR,DY-WA,Washington,DC,"Washington, DC",Washington,DC,FMMOS,FMMOS - non-mars,01/05/2017 12:55:11,2016,2016-DEC,nonfat_solids,0.7822,lmprs,
11/26/2016,11/30/2016,2016,Nov,,14.60,2.1114,7.47,16.76,9.74,13.76,6.63,1.9092,0.9119,1.7596,,,0.3690,Announcement of Class and Component Prices (PDF),DYMCLASSPRICES,2991,Dairy MMR,DY-WA,Washington,DC,"Washington, DC",Washington,DC,FMMOS,FMMOS - non-mars,11/30/2016 13:04:41,2016,2016-NOV,nonfat_solids,0.7367,lmprs,
10/29/2016,11/02/2016,2016,Oct,,14.09,2.0563,7.14,14.82,7.92,13.66,6.72,1.8637,0.9222,1.5830,,,0.3303,Announcement of Class and Component Prices (PDF),DYMCLASSPRICES,2991,Dairy MMR,DY-WA,Washington,DC,"Washington, DC",Washington,DC,FMMOS,FMMOS - non-mars,11/02/2016 13:47:24,2016,2016-OCT,nonfat_solids,0.7469,lmprs,
10/01/2016,10/05/2016,2016,Sep,,14.66,2.3152,6.79,16.39,8.61,14.25,6.39,2.0775,0.8847,1.7514,,,0.3055,Announcement of Class and Component Prices (PDF),DYMCLASSPRICES,2991,Dairy MMR,DY-WA,Washington,DC,"Washington, DC",Washington,DC,FMMOS,FMMOS - non-mars,10/05/2016 13:04:16,2016,2016-SEP,nonfat_solids,0.7097,lmprs,
08/27/2016,08/31/2016,2016,Aug,,15.21,2.4943,6.71,16.91,8.50,14.65,6.16,2.2254,0.8588,1.8119,,,0.2846,Announcement of Class and Component Prices (PDF),DYMCLASSPRICES,2991,Dairy MMR,DY-WA,Washington,DC,"Washington, DC",Washington,DC,FMMOS,FMMOS - non-mars,08/31/2016 13:03:02,2016,2016-AUG,nonfat_solids,0.6841,lmprs,
07/30/2016,08/03/2016,2016,Jul,,15.16,2.6034,6.27,15.24,6.38,14.84,5.96,2.3155,0.8363,1.6419,,,0.2742,Announcement of Class and Component Prices (PDF),DYMCLASSPRICES,2991,Dairy MMR,DY-WA,Washington,DC,"Washington, DC",Washington,DC,FMMOS,FMMOS - non-mars,08/03/2016 13:09:56,2016,2016-JUL,nonfat_solids,0.6618,lmprs,
06/25/2016,06/29/2016,2016,Jun,,14.12,2.4179,5.86,13.22,4.96,13.77,5.53,2.1623,0.7888,1.4477,,,0.2601,Announcement of Class and Component Prices (PDF),DYMCLASSPRICES,2991,Dairy MMR,DY-WA,Washington,DC,"Washington, DC",Washington,DC,FMMOS,FMMOS - non-mars,06/29/2016 13:03:34,2016,2016-JUN,nonfat_solids,0.6148,lmprs,
05/28/2016,06/02/2016,2016,May,,13.53,2.2916,5.71,12.76,4.94,13.09,5.28,2.0580,0.7607,1.4104,,,0.2505,Announcement of Class and Component Prices (PDF),DYMCLASSPRICES,2991,Dairy MMR,DY-WA,Washington,DC,"Washington, DC",Washington,DC,FMMOS,FMMOS - non-mars,06/02/2016 13:14:45,2016,2016-MAY,nonfat_solids,0.5870,lmprs,
04/30/2016,05/04/2016,2016,Apr,,13.54,2.2446,5.89,13.63,6.01,12.68,5.02,2.0192,0.7307,1.5041,,,0.2466,Announcement of Class and Component Prices (PDF),DYMCLASSPRICES,2991,Dairy MMR,DY-WA,Washington,DC,"Washington, DC",Washington,DC,FMMOS,FMMOS - non-mars,05/04/2016 13:07:06,2016,2016-APR,nonfat_solids,0.5573,lmprs,
03/26/2016,03/30/2016,2016,Mar,,13.57,2.2098,6.05,13.74,6.25,12.74,5.21,1.9905,0.7522,1.5162,,,0.2477,Announcement of Class and Component Prices (PDF),DYMCLASSPRICES,2991,Dairy MMR,DY-WA,Washington,DC,"Washington, DC",Washington,DC,FMMOS,FMMOS - non-mars,03/30/2016 13:05:26,2016,2016-MAR,nonfat_solids,0.5786,lmprs,
02/27/2016,03/02/2016,2016,Feb,,14.30,2.3848,6.17,13.80,5.68,13.49,5.36,2.1350,0.7689,1.5170,,,0.2469,Announcement of Class and Component Prices (PDF),DYMCLASSPRICES,2991,Dairy MMR,DY-WA,Washington,DC,"Washington, DC",Washington,DC,FMMOS,FMMOS - non-mars,03/02/2016 13:14:46,2016,2016-FEB,nonfat_solids,0.5951,lmprs,
01/30/2016,02/03/2016,2016,Jan,,14.19,2.3132,6.31,13.72,5.85,13.31,5.43,2.0759,0.7776,1.5178,,,0.2351,Announcement of Class and Component Prices (PDF),DYMCLASSPRICES,2991,Dairy MMR,DY-WA,Washington,DC,"Washington, DC",Washington,DC,FMMOS,FMMOS - non-mars,02/03/2016 13:05:06,2016,2016-JAN,nonfat_solids,0.6037,lmprs,
12/26/2015,12/30/2015,2015,Dec,,16.71,2.9127,6.75,14.44,4.43,15.52,5.54,2.5709,0.7893,1.5719,,,0.2336,Announcement of Class and Component Prices (PDF),DYMCLASSPRICES,2991,Dairy MMR,DY-WA,Washington,DC,"Washington, DC",Washington,DC,FMMOS,FMMOS - non-mars,12/30/2015 13:04:22,2015,2015-DEC,nonfat_solids,0.6153,lmprs,
11/28/2015,12/02/2015,2015,Nov,,18.26,3.1900,7.35,15.30,4.31,16.89,5.96,2.7999,0.8372,1.6503,,,0.2341,Announcement of Class and Component Prices (PDF),DYMCLASSPRICES,2991,Dairy MMR,DY-WA,Washington,DC,"Washington, DC",Washington,DC,FMMOS,FMMOS - non-mars,12/02/2015 13:11:34,2015,2015-NOV,nonfat_solids,0.6627,lmprs,
10/31/2015,11/04/2015,2015,Oct,,16.44,2.9157,6.46,15.46,5.47,16.43,6.48,2.5734,0.8951,1.6790,,,0.2309,Announcement of Class and Component Prices (PDF),DYMCLASSPRICES,2991,Dairy MMR,DY-WA,Washington,DC,"Washington, DC",Washington,DC,FMMOS,FMMOS - non-mars,11/04/2015 13:33:23,2015,2015-OCT,nonfat_solids,0.7200,lmprs,
09/26/2015,09/30/2015,2015,Sep,,15.36,2.7601,5.91,15.82,6.41,15.08,5.64,2.4449,0.8007,1.7145,,,0.2442,Announcement of Class and Component Prices (PDF),DYMCLASSPRICES,2991,Dairy MMR,DY-WA,Washington,DC,"Washington, DC",Washington,DC,FMMOS,FMMOS - non-mars,09/30/2015 13:06:29,2015,2015-SEP,nonfat_solids,0.6266,lmprs,
08/29/2015,09/02/2015,2015,Aug,,14.54,2.2744,6.82,16.27,8.64,12.90,5.14,2.0438,0.7443,1.7386,,,0.3108,Announcement of Class and Component Prices (PDF),DYMCLASSPRICES,2991,Dairy MMR,DY-WA,Washington,DC,"Washington, DC",Washington,DC,FMMOS,FMMOS - non-mars,09/02/2015 13:02:58,2015,2015-AUG,nonfat_solids,0.5707,lmprs,
08/01/2015,08/05/2015,2015,Jul,,14.70,2.1195,7.55,16.33,9.26,13.15,5.96,1.9159,0.8366,1.6997,,,0.3937,Announcement of Class and Component Prices (PDF),DYMCLASSPRICES,2991,Dairy MMR,DY-WA,Washington,DC,"Washington, DC",Washington,DC,FMMOS,FMMOS - non-mars,08/05/2015 13:00:39,2015,2015-JUL,nonfat_solids,0.6621,lmprs,
06/27/2015,07/01/2015,2015,Jun,,14.77,2.1081,7.66,16.72,9.71,13.90,6.78,1.9065,0.9283,1.7222,,,0.4245,Announcement of Class and Component Prices (PDF),DYMCLASSPRICES,2991,Dairy MMR,DY-WA,Washington,DC,"Washington, DC",Washington,DC,FMMOS,FMMOS - non-mars,07/01/2015 13:32:09,2015,2015-JUN,nonfat_solids,0.7529,lmprs,
05/30/2015,06/03/2015,2015,May,,14.81,2.0669,7.85,16.19,9.31,13.91,6.94,1.8725,0.9464,1.6557,,,0.4450,Announcement of Class and Component Prices (PDF),DYMCLASSPRICES,2991,Dairy MMR,DY-WA,Washington,DC,"Washington, DC",Washington,DC,FMMOS,FMMOS - non-mars,06/03/2015 13:18:15,2015,2015-MAY,nonfat_solids,0.7708,lmprs,
04/25/2015,04/29/2015,2015,Apr,,14.98,1.9010,8.63,15.81,9.51,13.51,7.13,1.7355,0.9684,1.6122,,,0.4610,Announcement of Class and Component Prices (PDF),DYMCLASSPRICES,2991,Dairy MMR,DY-WA,Washington,DC,"Washington, DC",Washington,DC,FMMOS,FMMOS - non-mars,04/29/2015 13:10:22,2015,2015-APR,nonfat_solids,0.7926,lmprs,
03/28/2015,04/01/2015,2015,Mar,,14.50,1.8514,8.31,15.56,9.43,13.80,7.61,1.6945,1.0217,1.5750,,,0.4824,Announcement of Class and Component Prices (PDF),DYMCLASSPRICES,2991,Dairy MMR,DY-WA,Washington,DC,"Washington, DC",Washington,DC,FMMOS,FMMOS - non-mars,04/01/2015 13:31:23,2015,2015-MAR,nonfat_solids,0.8454,lmprs,
02/28/2015,03/04/2015,2015,Feb,,14.48,1.8366,8.34,15.46,9.39,13.82,7.69,1.6823,1.0308,1.5446,,,0.5169,Announcement of Class and Component Prices (PDF),DYMCLASSPRICES,2991,Dairy MMR,DY-WA,Washington,DC,"Washington, DC",Washington,DC,FMMOS,FMMOS - non-mars,03/04/2015 13:02:40,2015,2015-FEB,nonfat_solids,0.8544,lmprs,
01/31/2015,02/04/2015,2015,Jan,,16.18,1.6925,10.63,16.18,10.65,13.23,7.60,1.5633,1.0202,1.5807,,,0.5875,Announcement of Class and Component Prices (PDF),DYMCLASSPRICES,2991,Dairy MMR,DY-WA,Washington,DC,"Washington, DC",Washington,DC,FMMOS,FMMOS - non-mars,02/04/2015 13:08:32,2015,2015-JAN,nonfat_solids,0.8439,lmprs,
12/27/2014,12/31/2014,2014,Dec,,19.09,2.1061,12.14,17.82,10.85,16.70,9.69,1.9049,1.2554,1.7362,,,0.5871,Announcement of Class and Component Prices (PDF),DYMCLASSPRICES,2991,Dairy MMR,DY-WA,Washington,DC,"Washington, DC",Washington,DC,FMMOS,FMMOS - non-mars,12/31/2014 13:28:06,2014,2014-DEC,nonfat_solids,1.0767,lmprs,
11/29/2014,12/03/2014,2014,Nov,,19.91,2.2081,12.62,21.94,14.75,18.21,10.89,1.9891,1.3902,2.1305,,,0.6365,Announcement of Class and Component Prices (PDF),DYMCLASSPRICES,2991,Dairy MMR,DY-WA,Washington,DC,"Washington, DC",Washington,DC,FMMOS,FMMOS - non-mars,12/03/2014 13:13:21,2014,2014-NOV,nonfat_solids,1.2102,lmprs,
11/01/2014,11/05/2014,2014,Oct,,21.93,2.8577,12.36,23.82,14.34,21.35,11.78,2.5255,1.4900,2.2914,,,0.6525,Announcement of Class and Component Prices (PDF),DYMCLASSPRICES,2991,Dairy MMR,DY-WA,Washington,DC,"Washington, DC",Washington,DC,FMMOS,FMMOS - non-mars,11/05/2014 13:49:38,2014,2014-OCT,nonfat_solids,1.3090,lmprs,
09/27/2014,10/01/2014,2014,Sep,,26.11,3.2537,15.26,24.60,13.72,22.58,11.62,2.8525,1.4718,2.3472,,,0.6725,Announcement of Class and Component Prices (PDF),DYMCLASSPRICES,2991,Dairy MMR,DY-WA,Washington,DC,"Washington, DC",Washington,DC,FMMOS,FMMOS - non-mars,10/01/2014 13:37:58,2014,2014-SEP,nonfat_solids,1.2910,lmprs,
08/30/2014,09/04/2014,2014,Aug,,25.34,2.8518,15.92,22.25,12.74,23.89,14.44,2.5206,1.7887,2.1074,,,0.6880,Announcement of Class and Component Prices (PDF),DYMCLASSPRICES,2991,Dairy MMR,DY-WA,Washington,DC,"Washington, DC",Washington,DC,FMMOS,FMMOS - non-mars,09/04/2014 13:52:02,2014,2014-AUG,nonfat_solids,1.6047,lmprs,
07/26/2014,07/30/2014,2014,Jul,,24.41,2.6419,15.71,21.60,12.83,23.78,15.09,2.3473,1.8617,2.0482,,,0.6890,Announcement of Class and Component Prices (PDF),DYMCLASSPRICES,2991,Dairy MMR,DY-WA,Washington,DC,"Washington, DC",Washington,DC,FMMOS,FMMOS - non-mars,07/30/2014 13:22:12,2014,2014-JUL,nonfat_solids,1.6770,lmprs,
06/28/2014,07/02/2014,2014,Jun,,23.94,2.4483,15.93,21.36,13.28,23.13,15.11,2.1874,1.8633,2.0358,,,0.6789,Announcement of Class and Component Prices (PDF),DYMCLASSPRICES,2991,Dairy MMR,DY-WA,Washington,DC,"Washington, DC",Washington,DC,FMMOS,FMMOS - non-mars,07/02/2014 13:05:55,2014,2014-JUN,nonfat_solids,1.6785,lmprs,
05/31/2014,06/04/2014,2014,May,,24.44,2.2791,17.06,22.57,15.15,22.65,15.23,2.0477,1.8768,2.1703,,,0.6745,Announcement of Class and Component Prices (PDF),DYMCLASSPRICES,2991,Dairy MMR,DY-WA,Washington,DC,"Washington, DC",Washington,DC,FMMOS,FMMOS - non-mars,06/04/2014 13:47:22,2014,2014-MAY,nonfat_solids,1.6919,lmprs,
04/26/2014,04/30/2014,2014,Apr,,24.74,2.1277,17.92,24.31,17.50,23.34,16.50,1.9227,2.0191,2.3547,,,0.6774,Announcement of Class and Component Prices (PDF),DYMCLASSPRICES,2991,Dairy MMR,DY-WA,Washington,DC,"Washington, DC",Washington,DC,FMMOS,FMMOS - non-mars,04/30/2014 14:03:41,2014,2014-APR,nonfat_solids,1.8328,lmprs,
03/29/2014,04/02/2014,2014,Mar,,24.22,2.0472,17.67,23.33,16.78,23.66,17.12,1.8562,2.0897,2.2689,,,0.6554,Announcement of Class and Component Prices (PDF),DYMCLASSPRICES,2991,Dairy MMR,DY-WA,Washington,DC,"Washington, DC",Washington,DC,FMMOS,FMMOS - non-mars,04/02/2014 13:03:12,2014,2014-MAR,nonfat_solids,1.9027,lmprs,
03/01/2014,03/05/2014,2014,Feb,,23.73,2.0179,17.27,23.35,16.90,23.46,17.02,1.8320,2.0783,2.2864,,,0.6314,Announcement of Class and Component Prices (PDF),DYMCLASSPRICES,2991,Dairy MMR,DY-WA,Washington,DC,"Washington, DC",Washington,DC,FMMOS,FMMOS - non-mars,03/05/2014 13:32:06,2014,2014-FEB,nonfat_solids,1.8914,lmprs,
02/01/2014,02/05/2014,2014,Jan,,22.21,1.7944,16.51,21.15,15.43,22.29,16.62,1.6475,2.0335,2.0838,,,0.6025,Announcement of Class and Component Prices (PDF),DYMCLASSPRICES,2991,Dairy MMR,DY-WA,Washington,DC,"Washington, DC",Washington,DC,FMMOS,FMMOS - non-mars,02/05/2014 13:33:25,2014,2014-JAN,nonfat_solids,1.8470,lmprs,
12/28/2013,01/02/2014,2013,Dec,,21.66,1.7742,16.01,18.95,13.23,21.54,15.91,1.6308,1.9537,1.8761,,,0.5706,Announcement of Class and Component Prices (PDF),DYMCLASSPRICES,2991,Dairy MMR,DY-WA,Washington,DC,"Washington, DC",Washington,DC,FMMOS,FMMOS - non-mars,01/02/2014 13:04:33,2013,2013-DEC,nonfat_solids,1.7680,lmprs,
11/30/2013,12/04/2013,2013,Nov,,20.76,1.6406,15.56,18.83,13.59,20.52,15.34,1.5205,1.8892,1.8612,,,0.5831,Announcement of Class and Component Prices (PDF),DYMCLASSPRICES,2991,Dairy MMR,DY-WA,Washington,DC,"Washington, DC",Washington,DC,FMMOS,FMMOS - non-mars,12/04/2013 13:42:24,2013,2013-NOV,nonfat_solids,1.7042,lmprs,
10/26/2013,10/30/2013,2013,Oct,,20.56,1.6708,15.25,18.22,12.85,20.17,14.87,1.5454,1.8366,1.8025,,,0.5731,Announcement of Class and Component Prices (PDF),DYMCLASSPRICES,2991,Dairy MMR,DY-WA,Washington,DC,"Washington, DC",Washington,DC,FMMOS,FMMOS - non-mars,10/30/2013 13:29:32,2013,2013-OCT,nonfat_solids,1.6521,lmprs,
09/28/2013,10/18/2013,2013,Sep,,19.78,1.5266,14.96,18.14,13.29,19.43,14.62,1.4263,1.8085,1.7961,,,0.5791,Announcement of Class and Component Prices (PDF),DYMCLASSPRICES,2991,Dairy MMR,DY-WA,Washington,DC,"Washington, DC",Washington,DC,FMMOS,FMMOS - non-mars,10/18/2013 10:41:45,2013,2013-SEP,nonfat_solids,1.6243,lmprs,
08/31/2013,09/05/2013,2013,Aug,,19.27,1.5174,14.47,17.91,13.08,19.07,14.28,1.4187,1.7706,1.7731,,,0.5778,Announcement of Class and Component Prices (PDF),DYMCLASSPRICES,2991,Dairy MMR,DY-WA,Washington,DC,"Washington, DC",Washington,DC,FMMOS,FMMOS - non-mars,09/05/2013 13:06:42,2013,2013-AUG,nonfat_solids,1.5868,lmprs,
07/27/2013,07/31/2013,2013,Jul,,19.22,1.5763,14.20,17.38,12.32,18.90,13.89,1.4674,1.7272,1.7142,,,0.5804,Announcement of Class and Component Prices (PDF),DYMCLASSPRICES,2991,Dairy MMR,DY-WA,Washington,DC,"Washington, DC",Washington,DC,FMMOS,FMMOS - non-mars,07/31/2013 13:04:38,2013,2013-JUL,nonfat_solids,1.5438,lmprs,
06/29/2013,07/03/2013,2013,Jun,,19.14,1.6669,13.79,18.02,12.65,18.88,13.54,1.5422,1.6878,1.7810,,,0.5738,Announcement of Class and Component Prices (PDF),DYMCLASSPRICES,2991,Dairy MMR,DY-WA,Washington,DC,"Washington, DC",Washington,DC,FMMOS,FMMOS - non-mars,07/03/2013 13:07:05,2013,2013-JUN,nonfat_solids,1.5048,lmprs,
06/01/2013,06/05/2013,2013,May,,18.43,1.7954,12.59,18.52,12.71,18.89,13.09,1.6483,1.6374,1.8274,,,0.5765,Announcement of Class and Component Prices (PDF),DYMCLASSPRICES,2991,Dairy MMR,DY-WA,Washington,DC,"Washington, DC",Washington,DC,FMMOS,FMMOS - non-mars,06/05/2013 13:37:51,2013,2013-MAY,nonfat_solids,1.4549,lmprs,
04/27/2013,05/01/2013,2013,Apr,,18.73,1.8297,12.77,17.59,11.62,18.10,12.15,1.6766,1.5312,1.7310,,,0.5741,Announcement of Class and Component Prices (PDF),DYMCLASSPRICES,2991,Dairy MMR,DY-WA,Washington,DC,"Washington, DC",Washington,DC,FMMOS,FMMOS - non-mars,05/01/2013 13:31:51,2013,2013-APR,nonfat_solids,1.3498,lmprs,
03/30/2013,04/03/2013,2013,Mar,,18.82,1.7546,13.14,16.93,11.21,17.75,12.06,1.6146,1.5208,1.6467,,,0.6048,Announcement of Class and Component Prices (PDF),DYMCLASSPRICES,2991,Dairy MMR,DY-WA,Washington,DC,"Washington, DC",Washington,DC,FMMOS,FMMOS - non-mars,04/03/2013 13:36:29,2013,2013-MAR,nonfat_solids,1.3395,lmprs,
02/23/2013,02/27/2013,2013,Feb,,18.49,1.6689,13.11,17.25,11.85,17.75,12.37,1.5438,1.5559,1.6623,,,0.6393,Announcement of Class and Component Prices (PDF),DYMCLASSPRICES,2991,Dairy MMR,DY-WA,Washington,DC,"Washington, DC",Washington,DC,FMMOS,FMMOS - non-mars,02/27/2013 13:03:22,2013,2013-FEB,nonfat_solids,1.3742,lmprs,
01/26/2013,01/30/2013,2013,Jan,,18.19,1.6238,12.96,18.14,12.93,17.63,12.41,1.5066,1.5601,1.7485,,,0.6503,Announcement of Class and Component Prices (PDF),DYMCLASSPRICES,2991,Dairy MMR,DY-WA,Washington,DC,"Washington, DC",Washington,DC,FMMOS,FMMOS - non-mars,01/30/2013 13:50:34,2013,2013-JAN,nonfat_solids,1.3784,lmprs,
12/29/2012,01/03/2013,2012,Dec,,18.30,1.7346,12.67,18.66,13.07,17.83,12.21,1.5981,1.5384,1.7925,,,0.6610,Announcement of Class and Component Prices (PDF),DYMCLASSPRICES,2991,Dairy MMR,DY-WA,Washington,DC,"Washington, DC",Washington,DC,FMMOS,FMMOS - non-mars,01/03/2013 13:44:27,2012,2012-DEC,nonfat_solids,1.3569,lmprs,
12/01/2012,12/05/2012,2012,Nov,,18.81,2.0288,12.13,20.83,14.25,18.66,12.00,1.8410,1.5143,2.0146,,,0.6480,Announcement of Class and Component Prices (PDF),DYMCLASSPRICES,2991,Dairy MMR,DY-WA,Washington,DC,"Washington, DC",Washington,DC,FMMOS,FMMOS - non-mars,12/05/2012 13:44:59,2012,2012-NOV,nonfat_solids,1.3330,lmprs,
10/27/2012,10/31/2012,2012,Oct,,18.44,2.1206,11.42,21.02,14.12,18.54,11.55,1.9168,1.4636,2.0479,,,0.6205,Announcement of Class and Component Prices (PDF),DYMCLASSPRICES,2991,Dairy MMR,DY-WA,Washington,DC,"Washington, DC",Washington,DC,FMMOS,FMMOS - non-mars,10/31/2012 13:24:09,2012,2012-OCT,nonfat_solids,1.2828,lmprs,
09/29/2012,10/03/2012,2012,Sep,,17.04,2.0117,10.36,19.00,12.42,17.41,10.77,1.8269,1.3768,1.8647,,,0.5846,Announcement of Class and Component Prices (PDF),DYMCLASSPRICES,2991,Dairy MMR,DY-WA,Washington,DC,"Washington, DC",Washington,DC,FMMOS,FMMOS - non-mars,10/03/2012 13:08:44,2012,2012-SEP,nonfat_solids,1.1969,lmprs,
08/25/2012,08/29/2012,2012,Aug,,15.64,1.8409,9.53,17.73,11.72,15.76,9.68,1.6859,1.2543,1.7682,,,0.5352,Announcement of Class and Component Prices (PDF),DYMCLASSPRICES,2991,Dairy MMR,DY-WA,Washington,DC,"Washington, DC",Washington,DC,FMMOS,FMMOS - non-mars,08/29/2012 13:03:29,2012,2012-AUG,nonfat_solids,1.0756,lmprs,
07/28/2012,08/01/2012,2012,Jul,,14.51,1.6626,9.01,16.68,11.28,14.45,8.97,1.5386,1.1744,1.6857,,,0.5023,Announcement of Class and Component Prices (PDF),DYMCLASSPRICES,2991,Dairy MMR,DY-WA,Washington,DC,"Washington, DC",Washington,DC,FMMOS,FMMOS - non-mars,08/01/2012 13:30:51,2012,2012-JUL,nonfat_solids,0.9965,lmprs,
06/30/2012,07/05/2012,2012,Jun,,14.32,1.4936,9.42,15.63,10.81,13.24,8.33,1.3991,1.1023,1.5846,,,0.5013,Announcement of Class and Component Prices (PDF),DYMCLASSPRICES,2991,Dairy MMR,DY-WA,Washington,DC,"Washington, DC",Washington,DC,FMMOS,FMMOS - non-mars,07/05/2012 13:47:57,2012,2012-JUN,nonfat_solids,0.9252,lmprs,
05/26/2012,05/31/2012,2012,May,,15.19,1.4532,10.47,15.23,10.54,13.55,8.80,1.3657,1.1551,1.5215,,,0.5389,Announcement of Class and Component Prices (PDF),DYMCLASSPRICES,2991,Dairy MMR,DY-WA,Washington,DC,"Washington, DC",Washington,DC,FMMOS,FMMOS - non-mars,05/31/2012 13:26:26,2012,2012-MAY,nonfat_solids,0.9774,lmprs,
04/28/2012,05/02/2012,2012,Apr,,16.20,1.5715,11.09,15.72,10.62,14.80,9.66,1.4634,1.2514,1.5361,,,0.5921,Announcement of Class and Component Prices (PDF),DYMCLASSPRICES,2991,Dairy MMR,DY-WA,Washington,DC,"Washington, DC",Washington,DC,FMMOS,FMMOS - non-mars,05/02/2012 13:55:44,2012,2012-APR,nonfat_solids,1.0728,lmprs,
03/24/2012,04/02/2012,2012,Mar,,,,,,,,,,,,,,,Announcement of Class and Component Prices (PDF),DYMCLASSPRICES,2991,Dairy MMR,DY-WA,Washington,DC,"Washington, DC",Washington,DC,FMMOS,FMMOS - non-mars,04/02/2012 09:28:22,2012,2012-MAR,nonfat_solids,,lmprs,
04/25/2026,04/29/2026,2026,Apr,,18.82,1.8762,12.70,16.82,10.65,20.22,14.17,1.7707,1.7788,1.6427,,,0.6443,Announcement of Class and Component Prices (PDF),DYMCLASSPRICES,2991,Dairy MMR,DY-WA,Washington,DC,"Washington, DC",Washington,DC,FMMOS,FMMOS - non-mars,04/29/2026 13:05:26,2026,2026-APR,protein,2.5190,lmprs,
03/28/2026,04/01/2026,2026,Mar,,17.34,2.0290,10.61,16.16,9.41,18.94,12.29,1.8969,1.5741,1.5607,,,0.6724,Announcement of Class and Component Prices (PDF),DYMCLASSPRICES,2991,Dairy MMR,DY-WA,Washington,DC,"Washington, DC",Washington,DC,FMMOS,FMMOS - non-mars,04/01/2026 13:05:21,2026,2026-MAR,protein,2.0905,lmprs,
02/28/2026,03/04/2026,2026,Feb,,15.34,1.7864,9.42,14.94,9.03,16.29,10.43,1.6966,1.3726,1.4338,,,0.6931,Announcement of Class and Component Prices (PDF),DYMCLASSPRICES,2991,Dairy MMR,DY-WA,Washington,DC,"Washington, DC",Washington,DC,FMMOS,FMMOS - non-mars,03/04/2026 12:54:48,2026,2026-FEB,protein,1.9373,lmprs,
01/31/2026,02/04/2026,2026,Jan,,13.92,1.4595,9.13,14.59,9.85,13.55,8.77,1.4266,1.1921,1.4003,,,0.6986,Announcement of Class and Component Prices (PDF),DYMCLASSPRICES,2991,Dairy MMR,DY-WA,Washington,DC,"Washington, DC",Washington,DC,FMMOS,FMMOS - non-mars,02/04/2026 13:08:03,2026,2026-JAN,protein,2.1768,lmprs,
12/27/2025,12/31/2025,2025,Dec,,14.41,1.5831,9.19,15.86,10.72,13.64,8.42,1.5287,1.1541,1.5271,,,0.6893,Announcement of Class and Component Prices (PDF),DYMCLASSPRICES,2991,Dairy MMR,DY-WA,Washington,DC,"Washington, DC",Washington,DC,FMMOS,FMMOS - non-mars,12/31/2025 13:05:26,2025,2025-DEC,protein,2.4563,lmprs,
11/29/2025,12/03/2025,2025,Nov,,14.54,1.7131,8.85,17.18,11.62,13.89,8.21,1.6360,1.1609,1.7419,,,0.6415,Announcement of Class and Component Prices (PDF),DYMCLASSPRICES,2991,Dairy MMR,DY-WA,Washington,DC,"Washington, DC",Washington,DC,FMMOS,FMMOS - non-mars,12/03/2025 13:02:43,2025,2025-NOV,protein,3.0143,lmprs,
11/01/2025,11/05/2025,2025,Oct,,16.02,1.8322,9.96,16.91,10.90,14.30,8.20,1.7344,1.1601,1.7384,,,0.5930,Announcement of Class and Component Prices (PDF),DYMCLASSPRICES,2991,Dairy MMR,DY-WA,Washington,DC,"Washington, DC",Washington,DC,FMMOS,FMMOS - non-mars,11/05/2025 13:05:19,2025,2025-OCT,protein,2.8761,lmprs,
09/27/2025,10/01/2025,2025,Sep,,17.39,2.1995,10.04,17.59,10.28,16.17,8.80,2.0377,1.2265,1.8066,,,0.5782,Announcement of Class and Component Prices (PDF),DYMCLASSPRICES,2991,Dairy MMR,DY-WA,Washington,DC,"Washington, DC",Washington,DC,FMMOS,FMMOS - non-mars,10/01/2025 13:05:44,2025,2025-SEP,protein,2.7062,lmprs,
08/30/2025,09/04/2025,2025,Aug,,19.18,2.7325,9.96,17.24,7.98,18.50,9.29,2.4778,1.2820,1.7529,,,0.5779,Announcement of Class and Component Prices (PDF),DYMCLASSPRICES,2991,Dairy MMR,DY-WA,Washington,DC,"Washington, DC",Washington,DC,FMMOS,FMMOS - non-mars,09/04/2025 13:05:39,2025,2025-AUG,protein,1.9646,lmprs,
07/26/2025,07/30/2025,2025,Jul,,19.31,2.8505,9.67,17.32,7.63,18.89,9.26,2.5753,1.2783,1.7634,,,0.5670,Announcement of Class and Component Prices (PDF),DYMCLASSPRICES,2991,Dairy MMR,DY-WA,Washington,DC,"Washington, DC",Washington,DC,FMMOS,FMMOS - non-mars,07/30/2025 13:05:25,2025,2025-JUL,protein,1.8730,lmprs,
06/28/2025,07/02/2025,2025,Jun,,18.43,2.7448,9.14,18.82,9.57,18.30,9.03,2.4880,1.2531,1.9322,,,0.5497,Announcement of Class and Component Prices (PDF),DYMCLASSPRICES,2991,Dairy MMR,DY-WA,Washington,DC,"Washington, DC",Washington,DC,FMMOS,FMMOS - non-mars,07/02/2025 13:05:29,2025,2025-JUN,protein,2.5328,lmprs,
05/31/2025,06/04/2025,2025,May,,18.72,2.6697,9.72,18.57,9.59,18.13,9.13,2.3703,1.1925,1.8404,1.8177,1.8284,0.5119,Announcement of Class and Component Prices (PDF),DYMCLASSPRICES,2991,Dairy MMR,DY-WA,Washington,DC,"Washington, DC",Washington,DC,FMMOS,FMMOS - non-mars,06/04/2025 13:05:20,2025,2025-MAY,protein,2.4810,lmprs,
04/26/2025,04/30/2025,2025,Apr,,19.22,2.6476,10.31,17.48,8.54,17.92,8.99,2.3520,1.1773,1.7361,1.7117,1.7244,0.4988,Announcement of Class and Component Prices (PDF),DYMCLASSPRICES,2991,Dairy MMR,DY-WA,Washington,DC,"Washington, DC",Washington,DC,FMMOS,FMMOS - non-mars,04/30/2025 13:04:13,2025,2025-APR,protein,2.1682,lmprs,
03/29/2025,04/02/2025,2025,Mar,,20.12,2.6312,11.31,18.62,9.78,18.21,9.35,2.3385,1.2176,1.8215,1.8420,1.7732,0.5532,Announcement of Class and Component Prices (PDF),DYMCLASSPRICES,2991,Dairy MMR,DY-WA,Washington,DC,"Washington, DC",Washington,DC,FMMOS,FMMOS - non-mars,04/02/2025 13:05:07,2025,2025-MAR,protein,2.4606,lmprs,
03/01/2025,03/05/2025,2025,Feb,,21.08,2.8256,11.60,20.18,10.69,19.90,10.40,2.4990,1.3347,1.9077,1.9158,1.8707,0.6650,Announcement of Class and Component Prices (PDF),DYMCLASSPRICES,2991,Dairy MMR,DY-WA,Washington,DC,"Washington, DC",Washington,DC,FMMOS,FMMOS - non-mars,03/05/2025 13:05:17,2025,2025-FEB,protein,2.5337,lmprs,
02/01/2025,02/05/2025,2025,Jan,,21.58,2.9530,11.65,20.34,10.39,20.73,10.80,2.6042,1.3801,1.8851,1.8954,1.8477,0.7218,Announcement of Class and Component Prices (PDF),DYMCLASSPRICES,2991,Dairy MMR,DY-WA,Washington,DC,"Washington, DC",Washington,DC,FMMOS,FMMOS - non-mars,02/05/2025 13:05:17,2025,2025-JAN,protein,2.3267,lmprs,
12/28/2024,01/02/2025,2024,Dec,,21.28,2.9174,11.47,18.62,8.74,20.74,10.94,2.5748,1.3952,1.7608,1.7583,1.7326,0.6353,Announcement of Class and Component Prices (PDF),DYMCLASSPRICES,2991,Dairy MMR,DY-WA,Washington,DC,"Washington, DC",Washington,DC,FMMOS,FMMOS - non-mars,01/02/2025 13:05:22,2024,2024-DEC,protein,1.9637,lmprs,
11/30/2024,12/04/2024,2024,Nov,,21.52,3.0693,11.17,19.95,9.57,21.12,10.78,2.7002,1.3773,1.9198,1.9096,1.8973,0.5922,Announcement of Class and Component Prices (PDF),DYMCLASSPRICES,2991,Dairy MMR,DY-WA,Washington,DC,"Washington, DC",Washington,DC,FMMOS,FMMOS - non-mars,12/04/2024 13:05:26,2024,2024-NOV,protein,2.3160,lmprs,
10/26/2024,10/30/2024,2024,Oct,,21.01,3.0921,10.56,22.85,12.49,20.90,10.47,2.7191,1.3423,2.2400,2.1605,2.2760,0.5588,Announcement of Class and Component Prices (PDF),DYMCLASSPRICES,2991,Dairy MMR,DY-WA,Washington,DC,"Washington, DC",Washington,DC,FMMOS,FMMOS - non-mars,10/30/2024 13:05:20,2024,2024-OCT,protein,3.3238,lmprs,
09/28/2024,10/02/2024,2024,Sep,,22.40,3.6184,10.09,23.34,11.09,22.29,10.00,3.1537,1.2899,2.2882,2.2013,2.3319,0.5321,Announcement of Class and Component Prices (PDF),DYMCLASSPRICES,2991,Dairy MMR,DY-WA,Washington,DC,"Washington, DC",Washington,DC,FMMOS,FMMOS - non-mars,10/02/2024 13:05:28,2024,2024-SEP,protein,2.9249,lmprs,
08/31/2024,09/05/2024,2024,Aug,,22.05,3.5702,9.90,20.66,8.49,21.58,9.44,3.1139,1.2268,2.0399,1.9812,2.0573,0.4864,Announcement of Class and Component Prices (PDF),DYMCLASSPRICES,2991,Dairy MMR,DY-WA,Washington,DC,"Washington, DC",Washington,DC,FMMOS,FMMOS - non-mars,09/05/2024 13:04:24,2024,2024-AUG,protein,2.1756,lmprs,
07/27/2024,07/31/2024,2024,Jul,,21.82,3.5790,9.63,19.79,7.55,21.31,9.13,3.1211,1.1930,1.9717,1.9458,1.9635,0.4487,Announcement of Class and Component Prices (PDF),DYMCLASSPRICES,2991,Dairy MMR,DY-WA,Washington,DC,"Washington, DC",Washington,DC,FMMOS,FMMOS - non-mars,07/31/2024 13:05:31,2024,2024-JUL,protein,1.9466,lmprs,
06/29/2024,07/03/2024,2024,Jun,,21.60,3.5514,9.50,19.87,7.74,21.08,8.99,3.0983,1.1770,1.9962,1.9154,2.0345,0.4249,Announcement of Class and Component Prices (PDF),DYMCLASSPRICES,2991,Dairy MMR,DY-WA,Washington,DC,"Washington, DC",Washington,DC,FMMOS,FMMOS - non-mars,07/03/2024 13:04:46,2024,2024-JUN,protein,2.0546,lmprs,
06/01/2024,06/05/2024,2024,May,,21.50,3.4706,9.69,18.55,6.66,20.50,8.68,3.0316,1.1422,1.8706,1.8062,1.8952,0.4108,Announcement of Class and Component Prices (PDF),DYMCLASSPRICES,2991,Dairy MMR,DY-WA,Washington,DC,"Washington, DC",Washington,DC,FMMOS,FMMOS - non-mars,06/05/2024 13:05:24,2024,2024-MAY,protein,1.7349,lmprs,
04/27/2024,05/01/2024,2024,Apr,,21.23,3.3379,9.89,15.50,3.98,20.11,8.76,2.9220,1.1506,1.5478,1.5170,1.5447,0.4289,Announcement of Class and Component Prices (PDF),DYMCLASSPRICES,2991,Dairy MMR,DY-WA,Washington,DC,"Washington, DC",Washington,DC,FMMOS,FMMOS - non-mars,05/01/2024 13:05:25,2024,2024-APR,protein,0.8345,lmprs,
03/30/2024,04/03/2024,2024,Mar,,21.12,3.2455,10.11,16.34,5.19,20.09,9.07,2.8457,1.1863,1.6082,1.5730,1.6085,0.4788,Announcement of Class and Component Prices (PDF),DYMCLASSPRICES,2991,Dairy MMR,DY-WA,Washington,DC,"Washington, DC",Washington,DC,FMMOS,FMMOS - non-mars,04/03/2024 13:05:20,2024,2024-MAR,protein,1.1265,lmprs,
02/24/2024,02/28/2024,2024,Feb,,20.53,3.1101,9.99,16.08,5.41,19.85,9.31,2.7339,1.2125,1.5947,1.6021,1.5586,0.4649,Announcement of Class and Component Prices (PDF),DYMCLASSPRICES,2991,Dairy MMR,DY-WA,Washington,DC,"Washington, DC",Washington,DC,FMMOS,FMMOS - non-mars,02/28/2024 13:05:37,2024,2024-FEB,protein,1.2255,lmprs,
01/27/2024,01/31/2024,2024,Jan,,20.04,2.9835,9.95,15.17,4.92,19.39,9.30,2.6294,1.2112,1.5226,1.5260,1.4895,0.4338,Announcement of Class and Component Prices (PDF),DYMCLASSPRICES,2991,Dairy MMR,DY-WA,Washington,DC,"Washington, DC",Washington,DC,FMMOS,FMMOS - non-mars,01/31/2024 13:10:03,2024,2024-JAN,protein,1.1265,lmprs,
12/30/2023,01/04/2024,2023,Dec,,19.88,2.9848,9.78,16.04,5.82,19.23,9.13,2.6305,1.1924,1.6234,1.6385,1.5813,0.4168,Announcement of Class and Component Prices (PDF),DYMCLASSPRICES,2991,Dairy MMR,DY-WA,Washington,DC,"Washington, DC",Washington,DC,FMMOS,FMMOS - non-mars,01/04/2024 13:04:47,2023,2023-DEC,protein,1.4499,lmprs,
11/25/2023,11/29/2023,2023,Nov,,21.21,3.4678,9.40,17.15,5.22,20.87,9.07,3.0293,1.1860,1.7421,1.7511,1.7034,0.3831,Announcement of Class and Component Prices (PDF),DYMCLASSPRICES,2991,Dairy MMR,DY-WA,Washington,DC,"Washington, DC",Washington,DC,FMMOS,FMMOS - non-mars,11/29/2023 13:05:36,2023,2023-NOV,protein,1.3238,lmprs,
10/28/2023,11/01/2023,2023,Oct,,21.95,3.7214,9.25,16.84,3.98,21.49,8.80,3.2387,1.1558,1.7390,1.8044,1.6502,0.3198,Announcement of Class and Component Prices (PDF),DYMCLASSPRICES,2991,Dairy MMR,DY-WA,Washington,DC,"Washington, DC",Washington,DC,FMMOS,FMMOS - non-mars,11/01/2023 13:05:20,2023,2023-OCT,protein,1.0468,lmprs,
09/30/2023,10/04/2023,2023,Sep,,19.98,3.1334,9.34,18.39,7.72,19.09,8.44,2.7532,1.1155,1.9366,1.9895,1.8616,0.2954,Announcement of Class and Component Prices (PDF),DYMCLASSPRICES,2991,Dairy MMR,DY-WA,Washington,DC,"Washington, DC",Washington,DC,FMMOS,FMMOS - non-mars,10/04/2023 13:05:28,2023,2023-SEP,protein,2.3027,lmprs,
08/26/2023,08/30/2023,2023,Aug,,19.91,3.0288,9.65,17.19,6.85,18.91,8.64,2.6668,1.1374,1.8349,1.8625,1.7764,0.2620,Announcement of Class and Component Prices (PDF),DYMCLASSPRICES,2991,Dairy MMR,DY-WA,Washington,DC,"Washington, DC",Washington,DC,FMMOS,FMMOS - non-mars,08/30/2023 13:05:53,2023,2023-AUG,protein,2.0851,lmprs,
07/29/2023,08/02/2023,2023,Jul,,19.12,2.8056,9.64,13.77,4.12,18.26,8.77,2.4825,1.1522,1.4870,1.4614,1.4789,0.2660,Announcement of Class and Component Prices (PDF),DYMCLASSPRICES,2991,Dairy MMR,DY-WA,Washington,DC,"Washington, DC",Washington,DC,FMMOS,FMMOS - non-mars,08/02/2023 13:05:22,2023,2023-JUL,protein,1.1991,lmprs,
06/24/2023,06/28/2023,2023,Jun,,18.83,2.7675,9.48,14.91,5.44,18.26,8.91,2.4510,1.1674,1.5724,1.5568,1.5561,0.3220,Announcement of Class and Component Prices (PDF),DYMCLASSPRICES,2991,Dairy MMR,DY-WA,Washington,DC,"Washington, DC",Washington,DC,FMMOS,FMMOS - non-mars,06/28/2023 13:06:22,2023,2023-JUN,protein,1.5144,lmprs,
05/27/2023,06/01/2023,2023,May,,19.11,2.7642,9.78,16.11,6.69,18.10,8.76,2.4483,1.1505,1.6600,1.7277,1.5715,0.3813,Announcement of Class and Component Prices (PDF),DYMCLASSPRICES,2991,Dairy MMR,DY-WA,Washington,DC,"Washington, DC",Washington,DC,FMMOS,FMMOS - non-mars,06/01/2023 13:05:28,2023,2023-MAY,protein,1.8002,lmprs,
04/29/2023,05/03/2023,2023,Apr,,19.20,2.7079,10.07,18.52,9.40,17.95,8.80,2.4018,1.1551,1.8775,1.9406,1.7942,0.4398,Announcement of Class and Component Prices (PDF),DYMCLASSPRICES,2991,Dairy MMR,DY-WA,Washington,DC,"Washington, DC",Washington,DC,FMMOS,FMMOS - non-mars,05/03/2023 13:06:24,2023,2023-APR,protein,2.5603,lmprs,
04/01/2023,04/05/2023,2023,Mar,,19.52,2.7370,10.30,18.10,8.85,18.38,9.14,2.4258,1.1935,1.8399,1.9503,1.7188,0.4261,Announcement of Class and Component Prices (PDF),DYMCLASSPRICES,2991,Dairy MMR,DY-WA,Washington,DC,"Washington, DC",Washington,DC,FMMOS,FMMOS - non-mars,04/05/2023 13:05:21,2023,2023-MAR,protein,2.4085,lmprs,
02/25/2023,03/01/2023,2023,Feb,,20.83,2.7248,11.70,17.78,8.57,18.86,9.69,2.4158,1.2553,1.8224,1.9874,1.6602,0.4031,Announcement of Class and Component Prices (PDF),DYMCLASSPRICES,2991,Dairy MMR,DY-WA,Washington,DC,"Washington, DC",Washington,DC,FMMOS,FMMOS - non-mars,03/01/2023 13:05:11,2023,2023-FEB,protein,2.3650,lmprs,
01/28/2023,02/01/2023,2023,Jan,,21.61,2.7783,12.32,19.43,10.08,20.01,10.68,2.4599,1.3662,1.9767,2.1147,1.8226,0.4266,Announcement of Class and Component Prices (PDF),DYMCLASSPRICES,2991,Dairy MMR,DY-WA,Washington,DC,"Washington, DC",Washington,DC,FMMOS,FMMOS - non-mars,02/01/2023 13:04:20,2023,2023-JAN,protein,2.8058,lmprs,
12/31/2022,01/05/2023,2022,Dec,,23.11,3.1609,12.48,20.50,9.80,22.12,11.48,2.7759,1.4559,2.0555,2.1594,1.9293,0.4566,Announcement of Class and Component Prices (PDF),DYMCLASSPRICES,2991,Dairy MMR,DY-WA,Washington,DC,"Washington, DC",Washington,DC,FMMOS,FMMOS - non-mars,01/05/2023 13:01:32,2022,2022-DEC,protein,2.6568,lmprs,
11/26/2022,11/30/2022,2022,Nov,,24.67,3.3790,13.31,21.01,9.54,23.30,11.91,2.9560,1.5045,2.0897,2.0748,2.0744,0.4745,Announcement of Class and Component Prices (PDF),DYMCLASSPRICES,2991,Dairy MMR,DY-WA,Washington,DC,"Washington, DC",Washington,DC,FMMOS,FMMOS - non-mars,11/30/2022 13:08:10,2022,2022-NOV,protein,2.5374,lmprs,
10/29/2022,11/02/2022,2022,Oct,,25.73,3.6637,13.37,21.81,9.34,24.96,12.60,3.1911,1.5819,2.1560,2.0453,2.2210,0.4857,Announcement of Class and Component Prices (PDF),DYMCLASSPRICES,2991,Dairy MMR,DY-WA,Washington,DC,"Washington, DC",Washington,DC,FMMOS,FMMOS - non-mars,11/02/2022 13:05:49,2022,2022-OCT,protein,2.4512,lmprs,
10/01/2022,10/05/2022,2022,Sep,,26.51,3.5723,14.52,19.82,7.61,24.63,12.59,3.1156,1.5803,1.9503,1.8835,1.9830,0.4902,Announcement of Class and Component Prices (PDF),DYMCLASSPRICES,2991,Dairy MMR,DY-WA,Washington,DC,"Washington, DC",Washington,DC,FMMOS,FMMOS - non-mars,10/05/2022 13:05:11,2022,2022-SEP,protein,1.8847,lmprs,
08/27/2022,08/31/2022,2022,Aug,,26.91,3.4071,15.53,20.10,8.50,24.81,13.38,2.9792,1.6690,1.9761,1.9484,1.9698,0.5045,Announcement of Class and Component Prices (PDF),DYMCLASSPRICES,2991,Dairy MMR,DY-WA,Washington,DC,"Washington, DC",Washington,DC,FMMOS,FMMOS - non-mars,08/31/2022 13:05:24,2022,2022-AUG,protein,2.1417,lmprs,
07/30/2022,08/03/2022,2022,Jul,,26.66,3.3670,15.42,22.52,11.15,25.79,14.54,2.9461,1.8001,2.2019,2.1622,2.2054,0.5482,Announcement of Class and Component Prices (PDF),DYMCLASSPRICES,2991,Dairy MMR,DY-WA,Washington,DC,"Washington, DC",Washington,DC,FMMOS,FMMOS - non-mars,08/03/2022 13:07:36,2022,2022-JUL,protein,2.9116,lmprs,
06/25/2022,06/29/2022,2022,Jun,,26.65,3.3393,15.50,24.33,13.13,25.83,14.68,2.9232,1.8156,2.3498,2.3214,2.3472,0.6161,Announcement of Class and Component Prices (PDF),DYMCLASSPRICES,2991,Dairy MMR,DY-WA,Washington,DC,"Washington, DC",Washington,DC,FMMOS,FMMOS - non-mars,06/29/2022 13:04:26,2022,2022-JUN,protein,3.4173,lmprs,
05/28/2022,06/02/2022,2022,May,,25.87,3.1126,15.52,25.21,14.86,24.99,14.63,2.7360,1.8095,2.4161,2.3798,2.4187,0.6707,Announcement of Class and Component Prices (PDF),DYMCLASSPRICES,2991,Dairy MMR,DY-WA,Washington,DC,"Washington, DC",Washington,DC,FMMOS,FMMOS - non-mars,06/02/2022 13:04:58,2022,2022-MAY,protein,3.8696,lmprs,
04/30/2022,05/04/2022,2022,Apr,,25.71,3.1531,15.21,24.42,13.90,25.31,14.82,2.7694,1.8314,2.2910,2.2759,2.2759,0.7394,Announcement of Class and Component Prices (PDF),DYMCLASSPRICES,2991,Dairy MMR,DY-WA,Washington,DC,"Washington, DC",Washington,DC,FMMOS,FMMOS - non-mars,05/04/2022 13:05:49,2022,2022-APR,protein,3.4239,lmprs,
03/26/2022,03/30/2022,2022,Mar,,24.76,3.1005,14.41,22.45,12.04,24.82,14.50,2.7260,1.7954,2.0548,2.0748,2.0066,0.7943,Announcement of Class and Component Prices (PDF),DYMCLASSPRICES,2991,Dairy MMR,DY-WA,Washington,DC,"Washington, DC",Washington,DC,FMMOS,FMMOS - non-mars,03/30/2022 13:05:10,2022,2022-MAR,protein,2.7182,lmprs,
02/26/2022,03/02/2022,2022,Feb,,23.79,3.0288,13.67,20.91,10.71,24.00,13.91,2.6668,1.7284,1.9068,1.9091,1.8746,0.7800,Announcement of Class and Component Prices (PDF),DYMCLASSPRICES,2991,Dairy MMR,DY-WA,Washington,DC,"Washington, DC",Washington,DC,FMMOS,FMMOS - non-mars,03/02/2022 13:02:51,2022,2022-FEB,protein,2.3168,lmprs,
01/29/2022,02/02/2022,2022,Jan,,22.83,2.9637,12.91,20.38,10.40,23.09,13.20,2.6130,1.6488,1.8978,1.9787,1.7951,0.7087,Announcement of Class and Component Prices (PDF),DYMCLASSPRICES,2991,Dairy MMR,DY-WA,Washington,DC,"Washington, DC",Washington,DC,FMMOS,FMMOS - non-mars,02/02/2022 13:05:34,2022,2022-JAN,protein,2.3563,lmprs,
01/01/2022,01/05/2022,2021,Dec,,19.84,2.2989,12.22,18.36,10.71,19.88,12.29,2.0641,1.5471,1.7542,1.8633,1.6263,0.6391,Announcement of Class and Component Prices (PDF),DYMCLASSPRICES,2991,Dairy MMR,DY-WA,Washington,DC,"Washington, DC",Washington,DC,FMMOS,FMMOS - non-mars,01/05/2022 13:26:36,2021,2021-DEC,protein,2.5937,lmprs,
11/27/2021,12/01/2021,2021,Nov,,18.40,2.1611,11.23,18.03,10.87,18.79,11.66,1.9503,1.4769,1.7588,1.7605,1.7272,0.5825,Announcement of Class and Component Prices (PDF),DYMCLASSPRICES,2991,Dairy MMR,DY-WA,Washington,DC,"Washington, DC",Washington,DC,FMMOS,FMMOS - non-mars,12/01/2021 13:04:41,2021,2021-NOV,protein,2.7536,lmprs,
10/30/2021,11/03/2021,2021,Oct,,17.08,1.9484,10.63,17.83,11.44,17.04,10.62,1.7746,1.3598,1.7698,1.8070,1.7011,0.5447,Announcement of Class and Component Prices (PDF),DYMCLASSPRICES,2991,Dairy MMR,DY-WA,Washington,DC,"Washington, DC",Washington,DC,FMMOS,FMMOS - non-mars,11/03/2021 13:05:14,2021,2021-OCT,protein,3.0130,lmprs,
09/25/2021,09/29/2021,2021,Sep,,16.89,1.9458,10.45,16.53,10.10,16.36,9.92,1.7725,1.2816,1.6411,1.7761,1.4873,0.5336,Announcement of Class and Component Prices (PDF),DYMCLASSPRICES,2991,Dairy MMR,DY-WA,Washington,DC,"Washington, DC",Washington,DC,FMMOS,FMMOS - non-mars,09/29/2021 13:06:40,2021,2021-SEP,protein,2.6010,lmprs,
08/28/2021,09/01/2021,2021,Aug,,16.51,1.8578,10.37,15.95,9.82,15.92,9.78,1.6998,1.2660,1.5680,1.6902,1.4371,0.5617,Announcement of Class and Component Prices (PDF),DYMCLASSPRICES,2991,Dairy MMR,DY-WA,Washington,DC,"Washington, DC",Washington,DC,FMMOS,FMMOS - non-mars,09/01/2021 13:04:00,2021,2021-AUG,protein,2.4582,lmprs,
07/31/2021,08/04/2021,2021,Jul,,16.83,1.9066,10.53,16.49,10.20,16.00,9.69,1.7401,1.2552,1.5956,1.5948,1.5663,0.6050,Announcement of Class and Component Prices (PDF),DYMCLASSPRICES,2991,Dairy MMR,DY-WA,Washington,DC,"Washington, DC",Washington,DC,FMMOS,FMMOS - non-mars,08/04/2021 13:05:40,2021,2021-JUL,protein,2.4957,lmprs,
06/26/2021,06/30/2021,2021,Jun,,16.66,1.9711,10.12,17.21,10.71,16.35,9.82,1.7934,1.2696,1.6439,1.6058,1.6506,0.6437,Announcement of Class and Component Prices (PDF),DYMCLASSPRICES,2991,Dairy MMR,DY-WA,Washington,DC,"Washington, DC",Washington,DC,FMMOS,FMMOS - non-mars,06/30/2021 13:04:48,2021,2021-JUN,protein,2.5834,lmprs,
05/29/2021,06/03/2021,2021,May,,16.22,1.9921,9.58,18.96,12.45,16.16,9.55,1.8107,1.2392,1.8206,1.8072,1.8035,0.6501,Announcement of Class and Component Prices (PDF),DYMCLASSPRICES,2991,Dairy MMR,DY-WA,Washington,DC,"Washington, DC",Washington,DC,FMMOS,FMMOS - non-mars,06/03/2021 13:06:19,2021,2021-MAY,protein,3.1307,lmprs,
05/01/2021,05/05/2021,2021,Apr,,15.56,1.9566,9.03,17.67,11.24,15.42,8.91,1.7814,1.1680,1.7106,1.7918,1.6011,0.6135,Announcement of Class and Component Prices (PDF),DYMCLASSPRICES,2991,Dairy MMR,DY-WA,Washington,DC,"Washington, DC",Washington,DC,FMMOS,FMMOS - non-mars,05/05/2021 13:08:26,2021,2021-APR,protein,2.8136,lmprs,
03/27/2021,03/31/2021,2021,Mar,,15.07,1.7246,9.36,16.15,10.51,14.18,8.46,1.5898,1.1169,1.5981,1.6695,1.5023,0.5537,Announcement of Class and Component Prices (PDF),DYMCLASSPRICES,2991,Dairy MMR,DY-WA,Washington,DC,"Washington, DC",Washington,DC,FMMOS,FMMOS - non-mars,03/31/2021 13:03:13,2021,2021-MAR,protein,2.6954,lmprs,
02/27/2021,03/03/2021,2021,Feb,,14.00,1.4446,9.27,15.75,11.11,13.19,8.45,1.3586,1.1164,1.5954,1.6870,1.4841,0.5060,Announcement of Class and Component Prices (PDF),DYMCLASSPRICES,2991,Dairy MMR,DY-WA,Washington,DC,"Washington, DC",Washington,DC,FMMOS,FMMOS - non-mars,03/03/2021 13:04:40,2021,2021-FEB,protein,2.9816,lmprs,
01/30/2021,02/03/2021,2021,Jan,,14.18,1.5611,9.03,16.04,10.99,13.75,8.61,1.4548,1.1345,1.6502,1.7171,1.5601,0.4595,Announcement of Class and Component Prices (PDF),DYMCLASSPRICES,2991,Dairy MMR,DY-WA,Washington,DC,"Washington, DC",Washington,DC,FMMOS,FMMOS - non-mars,02/03/2021 13:02:18,2021,2021-JAN,protein,3.0355,lmprs,
12/26/2020,12/30/2020,2020,Dec,,14.01,1.5469,8.91,15.72,10.71,13.36,8.26,1.4431,1.0951,1.6433,1.7708,1.4944,0.4171,Announcement of Class and Component Prices (PDF),DYMCLASSPRICES,2991,Dairy MMR,DY-WA,Washington,DC,"Washington, DC",Washington,DC,FMMOS,FMMOS - non-mars,12/30/2020 13:03:18,2020,2020-DEC,protein,3.0282,lmprs,
11/28/2020,12/02/2020,2020,Nov,,13.86,1.5623,8.70,23.34,18.55,13.30,8.14,1.4558,1.0816,2.4535,2.5808,2.2929,0.3830,Announcement of Class and Component Prices (PDF),DYMCLASSPRICES,2991,Dairy MMR,DY-WA,Washington,DC,"Washington, DC",Washington,DC,FMMOS,FMMOS - non-mars,12/02/2020 13:06:51,2020,2020-NOV,protein,5.6226,lmprs,
10/31/2020,11/04/2020,2020,Oct,,13.63,1.6458,8.15,21.61,16.45,13.47,8.01,1.5248,1.0670,2.2921,2.5692,1.9640,0.3480,Announcement of Class and Component Prices (PDF),DYMCLASSPRICES,2991,Dairy MMR,DY-WA,Washington,DC,"Washington, DC",Washington,DC,FMMOS,FMMOS - non-mars,11/04/2020 12:56:06,2020,2020-OCT,protein,5.0146,lmprs,
09/26/2020,09/30/2020,2020,Sep,,13.16,1.6002,7.83,16.43,11.25,12.75,7.43,1.4871,1.0014,1.7741,1.9496,1.5736,0.3196,Announcement of Class and Component Prices (PDF),DYMCLASSPRICES,2991,Dairy MMR,DY-WA,Washington,DC,"Washington, DC",Washington,DC,FMMOS,FMMOS - non-mars,09/30/2020 13:06:10,2020,2020-SEP,protein,3.3935,lmprs,
08/29/2020,09/02/2020,2020,Aug,,13.27,1.6345,7.82,19.77,14.58,12.53,7.08,1.5154,0.9619,2.1099,2.2144,1.9817,0.3338,Announcement of Class and Component Prices (PDF),DYMCLASSPRICES,2991,Dairy MMR,DY-WA,Washington,DC,"Washington, DC",Washington,DC,FMMOS,FMMOS - non-mars,09/02/2020 13:07:48,2020,2020-AUG,protein,4.4394,lmprs,
08/01/2020,08/05/2020,2020,Jul,,13.79,1.9653,7.16,24.54,18.33,13.76,7.16,1.7886,0.9717,2.5873,2.6978,2.4374,0.3440,Announcement of Class and Component Prices (PDF),DYMCLASSPRICES,2991,Dairy MMR,DY-WA,Washington,DC,"Washington, DC",Washington,DC,FMMOS,FMMOS - non-mars,08/05/2020 13:05:32,2020,2020-JUL,protein,5.6294,lmprs,
06/27/2020,07/01/2020,2020,Jun,,12.99,1.8661,6.69,21.04,15.06,12.90,6.62,1.7067,0.9106,2.2152,2.2566,2.1482,0.3638,Announcement of Class and Component Prices (PDF),DYMCLASSPRICES,2991,Dairy MMR,DY-WA,Washington,DC,"Washington, DC",Washington,DC,FMMOS,FMMOS - non-mars,07/01/2020 13:06:28,2020,2020-JUN,protein,4.5349,lmprs,
05/30/2020,06/03/2020,2020,May,,12.30,1.3826,7.73,12.14,7.59,10.67,6.07,1.3074,0.8492,1.2990,1.3049,1.2641,0.3818,Announcement of Class and Component Prices (PDF),DYMCLASSPRICES,2991,Dairy MMR,DY-WA,Washington,DC,"Washington, DC",Washington,DC,FMMOS,FMMOS - non-mars,06/03/2020 13:03:03,2020,2020-MAY,protein,2.0918,lmprs,
04/25/2020,04/29/2020,2020,Apr,,13.87,1.3288,9.55,13.07,8.75,11.40,7.02,1.2630,0.9552,1.4026,1.5264,1.2744,0.3732,Announcement of Class and Component Prices (PDF),DYMCLASSPRICES,2991,Dairy MMR,DY-WA,Washington,DC,"Washington, DC",Washington,DC,FMMOS,FMMOS - non-mars,04/29/2020 13:03:20,2020,2020-APR,protein,2.4822,lmprs,
03/28/2020,04/01/2020,2020,Mar,,16.75,1.9247,10.38,16.25,9.88,14.87,8.45,1.7551,1.1160,1.7091,1.8133,1.5761,0.3748,Announcement of Class and Component Prices (PDF),DYMCLASSPRICES,2991,Dairy MMR,DY-WA,Washington,DC,"Washington, DC",Washington,DC,FMMOS,FMMOS - non-mars,04/01/2020 13:04:59,2020,2020-MAR,protein,2.8424,lmprs,
02/29/2020,03/04/2020,2020,Feb,,16.84,1.9883,10.24,17.00,10.43,16.20,9.60,1.8076,1.2453,1.7884,1.9467,1.6007,0.3690,Announcement of Class and Component Prices (PDF),DYMCLASSPRICES,2991,Dairy MMR,DY-WA,Washington,DC,"Washington, DC",Washington,DC,FMMOS,FMMOS - non-mars,03/04/2020 13:22:00,2020,2020-FEB,protein,3.0309,lmprs,
02/01/2020,02/05/2020,2020,Jan,,17.05,2.1187,9.98,17.05,10.01,16.65,9.60,1.9153,1.2451,1.8092,1.8995,1.6869,0.3367,Announcement of Class and Component Prices (PDF),DYMCLASSPRICES,2991,Dairy MMR,DY-WA,Washington,DC,"Washington, DC",Washington,DC,FMMOS,FMMOS - non-mars,02/05/2020 13:07:49,2020,2020-JAN,protein,2.9606,lmprs,
12/28/2019,01/02/2020,2019,Dec,,16.81,2.2022,9.43,19.37,12.11,16.70,9.34,1.9842,1.2161,2.0509,1.9363,2.1395,0.3293,Announcement of Class and Component Prices (PDF),DYMCLASSPRICES,2991,Dairy MMR,DY-WA,Washington,DC,"Washington, DC",Washington,DC,FMMOS,FMMOS - non-mars,01/02/2020 13:02:40,2019,2019-DEC,protein,3.6515,lmprs,
11/30/2019,12/04/2019,2019,Nov,,16.85,2.3265,9.02,20.45,12.78,16.60,8.79,2.0869,1.1540,2.1723,2.0987,2.2280,0.3071,Announcement of Class and Component Prices (PDF),DYMCLASSPRICES,2991,Dairy MMR,DY-WA,Washington,DC,"Washington, DC",Washington,DC,FMMOS,FMMOS - non-mars,12/04/2019 13:05:21,2019,2019-NOV,protein,3.9118,lmprs,
10/26/2019,10/30/2019,2019,Oct,,16.68,2.4101,8.54,18.72,10.68,16.39,8.27,2.1559,1.0957,1.9694,2.0569,1.8379,0.3396,Announcement of Class and Component Prices (PDF),DYMCLASSPRICES,2991,Dairy MMR,DY-WA,Washington,DC,"Washington, DC",Washington,DC,FMMOS,FMMOS - non-mars,10/30/2019 13:03:28,2019,2019-OCT,protein,3.1700,lmprs,
09/28/2019,10/02/2019,2019,Sep,,16.93,2.5052,8.46,18.31,9.91,16.35,7.88,2.2344,1.0519,1.9053,1.9843,1.7913,0.3698,Announcement of Class and Component Prices (PDF),DYMCLASSPRICES,2991,Dairy MMR,DY-WA,Washington,DC,"Washington, DC",Washington,DC,FMMOS,FMMOS - non-mars,10/02/2019 13:08:22,2019,2019-SEP,protein,2.8633,lmprs,
08/31/2019,09/05/2019,2019,Aug,,17.60,2.6644,8.57,17.60,8.60,16.74,7.71,2.3659,1.0335,1.8276,,,0.3671,Announcement of Class and Component Prices (PDF),DYMCLASSPRICES,2991,Dairy MMR,DY-WA,Washington,DC,"Washington, DC",Washington,DC,FMMOS,FMMOS - non-mars,09/05/2019 13:05:13,2019,2019-AUG,protein,2.4453,lmprs,
07/27/2019,07/31/2019,2019,Jul,,17.61,2.6928,8.48,17.55,8.45,16.90,7.77,2.3893,1.0393,1.8238,,,0.3631,Announcement of Class and Component Prices (PDF),DYMCLASSPRICES,2991,Dairy MMR,DY-WA,Washington,DC,"Washington, DC",Washington,DC,FMMOS,FMMOS - non-mars,07/31/2019 13:05:14,2019,2019-JUL,protein,2.4032,lmprs,
06/29/2019,07/03/2019,2019,Jun,,17.30,2.6649,8.26,16.27,7.22,16.83,7.80,2.3663,1.0431,1.6910,,,0.3643,Announcement of Class and Component Prices (PDF),DYMCLASSPRICES,2991,Dairy MMR,DY-WA,Washington,DC,"Washington, DC",Washington,DC,FMMOS,FMMOS - non-mars,07/03/2019 13:03:40,2019,2019-JUN,protein,2.0046,lmprs,
06/01/2019,06/05/2019,2019,May,,16.48,2.5788,7.72,16.38,7.65,16.29,7.55,2.2952,1.0149,1.6974,,,0.3784,Announcement of Class and Component Prices (PDF),DYMCLASSPRICES,2991,Dairy MMR,DY-WA,Washington,DC,"Washington, DC",Washington,DC,FMMOS,FMMOS - non-mars,06/05/2019 13:05:15,2019,2019-MAY,protein,2.1159,lmprs,
04/27/2019,05/01/2019,2019,Apr,,16.38,2.5445,7.75,15.96,7.34,15.72,7.09,2.2669,0.9641,1.6468,,,0.3923,Announcement of Class and Component Prices (PDF),DYMCLASSPRICES,2991,Dairy MMR,DY-WA,Washington,DC,"Washington, DC",Washington,DC,FMMOS,FMMOS - non-mars,05/01/2019 13:05:18,2019,2019-APR,protein,1.9890,lmprs,
03/30/2019,04/03/2019,2019,Mar,,16.61,2.5531,7.95,15.04,6.35,15.71,7.05,2.2740,0.9589,1.5383,,,0.4127,Announcement of Class and Component Prices (PDF),DYMCLASSPRICES,2991,Dairy MMR,DY-WA,Washington,DC,"Washington, DC",Washington,DC,FMMOS,FMMOS - non-mars,04/03/2019 13:05:13,2019,2019-MAR,protein,1.6303,lmprs,
02/23/2019,02/27/2019,2019,Feb,,16.13,2.5415,7.50,13.89,5.20,15.86,7.24,2.2644,0.9800,1.3940,,,0.4545,Announcement of Class and Component Prices (PDF),DYMCLASSPRICES,2991,Dairy MMR,DY-WA,Washington,DC,"Washington, DC",Washington,DC,FMMOS,FMMOS - non-mars,02/27/2019 13:05:35,2019,2019-FEB,protein,1.1776,lmprs,
01/26/2019,01/30/2019,2019,Jan,,15.74,2.5051,7.22,13.96,5.41,15.48,6.98,2.2343,0.9513,1.3868,,,0.4805,Announcement of Class and Component Prices (PDF),DYMCLASSPRICES,2991,Dairy MMR,DY-WA,Washington,DC,"Washington, DC",Washington,DC,FMMOS,FMMOS - non-mars,01/30/2019 13:10:29,2019,2019-JAN,protein,1.1927,lmprs,
12/29/2018,01/03/2019,2018,Dec,,15.67,2.5150,7.12,13.78,5.18,15.09,6.54,2.2425,0.9020,1.3742,,,0.4685,Announcement of Class and Component Prices (PDF),DYMCLASSPRICES,2991,Dairy MMR,DY-WA,Washington,DC,"Washington, DC",Washington,DC,FMMOS,FMMOS - non-mars,01/03/2019 13:05:53,2018,2018-DEC,protein,1.1417,lmprs,
12/01/2018,12/05/2018,2018,Nov,,15.63,2.5455,6.96,14.44,5.76,15.06,6.40,2.2677,0.8860,1.4463,,,0.4626,Announcement of Class and Component Prices (PDF),DYMCLASSPRICES,2991,Dairy MMR,DY-WA,Washington,DC,"Washington, DC",Washington,DC,FMMOS,FMMOS - non-mars,12/05/2018 13:03:22,2018,2018-NOV,protein,1.3419,lmprs,
10/27/2018,10/31/2018,2018,Oct,,15.54,2.5621,6.81,15.53,6.83,15.01,6.29,2.2814,0.8739,1.5686,,,0.4470,Announcement of Class and Component Prices (PDF),DYMCLASSPRICES,2991,Dairy MMR,DY-WA,Washington,DC,"Washington, DC",Washington,DC,FMMOS,FMMOS - non-mars,10/31/2018 13:14:21,2018,2018-OCT,protein,1.7185,lmprs,
09/29/2018,10/03/2018,2018,Sep,,15.13,2.5512,6.43,16.09,7.45,14.81,6.12,2.2724,0.8548,1.6533,,,0.4028,Announcement of Class and Component Prices (PDF),DYMCLASSPRICES,2991,Dairy MMR,DY-WA,Washington,DC,"Washington, DC",Washington,DC,FMMOS,FMMOS - non-mars,10/03/2018 13:06:16,2018,2018-SEP,protein,2.0029,lmprs,
08/25/2018,08/29/2018,2018,Aug,,15.07,2.6079,6.16,14.95,6.06,14.63,5.73,2.3192,0.8111,1.5544,,,0.3681,Announcement of Class and Component Prices (PDF),DYMCLASSPRICES,2991,Dairy MMR,DY-WA,Washington,DC,"Washington, DC",Washington,DC,FMMOS,FMMOS - non-mars,08/29/2018 13:28:17,2018,2018-AUG,protein,1.6245,lmprs,
07/28/2018,08/01/2018,2018,Jul,,15.20,2.5357,6.55,14.10,5.44,14.14,5.48,2.2596,0.7824,1.4868,,,0.3372,Announcement of Class and Component Prices (PDF),DYMCLASSPRICES,2991,Dairy MMR,DY-WA,Washington,DC,"Washington, DC",Washington,DC,FMMOS,FMMOS - non-mars,08/01/2018 13:03:26,2018,2018-JUL,protein,1.4827,lmprs,
06/30/2018,07/05/2018,2018,Jun,,15.48,2.6762,6.33,15.21,6.08,14.91,5.77,2.3756,0.8150,1.6150,,,0.3086,Announcement of Class and Component Prices (PDF),DYMCLASSPRICES,2991,Dairy MMR,DY-WA,Washington,DC,"Washington, DC",Washington,DC,FMMOS,FMMOS - non-mars,07/05/2018 13:03:18,2018,2018-JUN,protein,1.7478,lmprs,
05/26/2018,05/31/2018,2018,May,,14.47,2.6309,5.45,15.18,6.21,14.57,5.58,2.3382,0.7937,1.6353,,,0.2711,Announcement of Class and Component Prices (PDF),DYMCLASSPRICES,2991,Dairy MMR,DY-WA,Washington,DC,"Washington, DC",Washington,DC,FMMOS,FMMOS - non-mars,05/31/2018 13:05:26,2018,2018-MAY,protein,1.8609,lmprs,
04/28/2018,05/02/2018,2018,Apr,,14.03,2.5183,5.41,14.47,5.89,13.48,4.86,2.2452,0.7134,1.5737,,,0.2592,Announcement of Class and Component Prices (PDF),DYMCLASSPRICES,2991,Dairy MMR,DY-WA,Washington,DC,"Washington, DC",Washington,DC,FMMOS,FMMOS - non-mars,05/02/2018 13:05:35,2018,2018-APR,protein,1.7810,lmprs,
03/31/2018,04/04/2018,2018,Mar,,13.88,2.4343,5.55,14.22,5.93,13.04,4.71,2.1759,0.6963,1.5542,,,0.2531,Announcement of Class and Component Prices (PDF),DYMCLASSPRICES,2991,Dairy MMR,DY-WA,Washington,DC,"Washington, DC",Washington,DC,FMMOS,FMMOS - non-mars,04/04/2018 13:05:22,2018,2018-MAR,protein,1.8066,lmprs,
02/24/2018,02/28/2018,2018,Feb,,13.44,2.3560,5.38,13.40,5.37,12.87,4.82,2.1112,0.7084,1.4727,,,0.2525,Announcement of Class and Component Prices (PDF),DYMCLASSPRICES,2991,Dairy MMR,DY-WA,Washington,DC,"Washington, DC",Washington,DC,FMMOS,FMMOS - non-mars,02/28/2018 13:05:27,2018,2018-FEB,protein,1.6265,lmprs,
01/27/2018,01/31/2018,2018,Jan,,14.11,2.4601,5.70,14.00,5.61,13.13,4.71,2.1972,0.6966,1.5175,,,0.2755,Announcement of Class and Component Prices (PDF),DYMCLASSPRICES,2991,Dairy MMR,DY-WA,Washington,DC,"Washington, DC",Washington,DC,FMMOS,FMMOS - non-mars,01/31/2018 13:05:37,2018,2018-JAN,protein,1.6612,lmprs,
12/30/2017,01/04/2018,2017,Dec,,14.49,2.5021,5.94,15.44,6.95,13.51,4.95,2.2319,0.7237,1.6481,,,0.3030,Announcement of Class and Component Prices (PDF),DYMCLASSPRICES,2991,Dairy MMR,DY-WA,Washington,DC,"Washington, DC",Washington,DC,FMMOS,FMMOS - non-mars,01/04/2018 13:05:59,2017,2017-DEC,protein,2.0378,lmprs,
11/25/2017,11/29/2017,2017,Nov,,15.32,2.5616,6.58,16.88,8.23,13.99,5.23,2.2810,0.7553,1.7617,,,0.3587,Announcement of Class and Component Prices (PDF),DYMCLASSPRICES,2991,Dairy MMR,DY-WA,Washington,DC,"Washington, DC",Washington,DC,FMMOS,FMMOS - non-mars,11/29/2017 13:05:28,2017,2017-NOV,protein,2.3412,lmprs,
10/28/2017,11/01/2017,2017,Oct,,15.95,2.6716,6.84,16.69,7.63,14.85,5.72,2.3718,0.8099,1.7254,,,0.3790,Announcement of Class and Component Prices (PDF),DYMCLASSPRICES,2991,Dairy MMR,DY-WA,Washington,DC,"Washington, DC",Washington,DC,FMMOS,FMMOS - non-mars,11/01/2017 13:05:31,2017,2017-OCT,protein,2.1084,lmprs,
09/30/2017,10/04/2017,2017,Sep,,16.80,2.8629,7.03,16.36,6.59,15.86,6.08,2.5298,0.8499,1.6608,,,0.4167,Announcement of Class and Component Prices (PDF),DYMCLASSPRICES,2991,Dairy MMR,DY-WA,Washington,DC,"Washington, DC",Washington,DC,FMMOS,FMMOS - non-mars,10/04/2017 13:07:11,2017,2017-SEP,protein,1.6988,lmprs,
08/26/2017,08/30/2017,2017,Aug,,17.56,3.0179,7.25,16.57,6.25,16.61,6.29,2.6578,0.8733,1.6664,,,0.4345,Announcement of Class and Component Prices (PDF),DYMCLASSPRICES,2991,Dairy MMR,DY-WA,Washington,DC,"Washington, DC",Washington,DC,FMMOS,FMMOS - non-mars,08/30/2017 13:07:16,2017,2017-AUG,protein,1.5536,lmprs,
07/29/2017,08/02/2017,2017,Jul,,17.48,2.9526,7.41,15.45,5.33,16.60,6.52,2.6039,0.8991,1.5430,,,0.4514,Announcement of Class and Component Prices (PDF),DYMCLASSPRICES,2991,Dairy MMR,DY-WA,Washington,DC,"Washington, DC",Washington,DC,FMMOS,FMMOS - non-mars,08/02/2017 13:18:44,2017,2017-JUL,protein,1.2248,lmprs,
06/24/2017,06/28/2017,2017,Jun,,16.15,2.7136,6.89,16.44,7.22,15.89,6.65,2.4065,0.9137,1.6293,,,0.4917,Announcement of Class and Component Prices (PDF),DYMCLASSPRICES,2991,Dairy MMR,DY-WA,Washington,DC,"Washington, DC",Washington,DC,FMMOS,FMMOS - non-mars,06/28/2017 13:03:02,2017,2017-JUN,protein,1.7545,lmprs,
05/27/2017,06/01/2017,2017,May,,14.84,2.4204,6.60,15.57,7.38,14.49,6.26,2.1644,0.8704,1.5390,,,0.5094,Announcement of Class and Component Prices (PDF),DYMCLASSPRICES,2991,Dairy MMR,DY-WA,Washington,DC,"Washington, DC",Washington,DC,FMMOS,FMMOS - non-mars,06/01/2017 13:05:29,2017,2017-MAY,protein,1.7723,lmprs,
04/29/2017,05/03/2017,2017,Apr,,14.81,2.3618,6.78,15.22,7.23,14.01,5.98,2.1160,0.8386,1.4960,,,0.5243,Announcement of Class and Component Prices (PDF),DYMCLASSPRICES,2991,Dairy MMR,DY-WA,Washington,DC,"Washington, DC",Washington,DC,FMMOS,FMMOS - non-mars,05/03/2017 13:05:57,2017,2017-APR,protein,1.6955,lmprs,
04/01/2017,04/05/2017,2017,Mar,,16.21,2.4246,8.00,15.81,7.61,14.32,6.07,2.1679,0.8493,1.5551,,,0.5239,Announcement of Class and Component Prices (PDF),DYMCLASSPRICES,2991,Dairy MMR,DY-WA,Washington,DC,"Washington, DC",Washington,DC,FMMOS,FMMOS - non-mars,04/05/2017 13:05:00,2017,2017-MAR,protein,1.8198,lmprs,
02/25/2017,03/01/2017,2017,Feb,,16.52,2.4344,8.29,16.88,8.69,15.59,7.35,2.1760,0.9926,1.6871,,,0.4894,Announcement of Class and Component Prices (PDF),DYMCLASSPRICES,2991,Dairy MMR,DY-WA,Washington,DC,"Washington, DC",Washington,DC,FMMOS,FMMOS - non-mars,03/01/2017 13:01:16,2017,2017-FEB,protein,2.2348,lmprs,
01/28/2017,02/01/2017,2017,Jan,,16.36,2.5323,7.77,16.77,8.22,16.19,7.62,2.2568,1.0229,1.7011,,,0.4421,Announcement of Class and Component Prices (PDF),DYMCLASSPRICES,2991,Dairy MMR,DY-WA,Washington,DC,"Washington, DC",Washington,DC,FMMOS,FMMOS - non-mars,02/01/2017 13:06:58,2017,2017-JAN,protein,2.1768,lmprs,
12/31/2016,01/05/2017,2016,Dec,,15.26,2.3424,7.32,17.40,9.56,14.97,7.04,2.1000,0.9579,1.7990,,,0.3994,Announcement of Class and Component Prices (PDF),DYMCLASSPRICES,2991,Dairy MMR,DY-WA,Washington,DC,"Washington, DC",Washington,DC,FMMOS,FMMOS - non-mars,01/05/2017 12:55:11,2016,2016-DEC,protein,2.6922,lmprs,
11/26/2016,11/30/2016,2016,Nov,,14.60,2.1114,7.47,16.76,9.74,13.76,6.63,1.9092,0.9119,1.7596,,,0.3690,Announcement of Class and Component Prices (PDF),DYMCLASSPRICES,2991,Dairy MMR,DY-WA,Washington,DC,"Washington, DC",Washington,DC,FMMOS,FMMOS - non-mars,11/30/2016 13:04:41,2016,2016-NOV,protein,2.8085,lmprs,
10/29/2016,11/02/2016,2016,Oct,,14.09,2.0563,7.14,14.82,7.92,13.66,6.72,1.8637,0.9222,1.5830,,,0.3303,Announcement of Class and Component Prices (PDF),DYMCLASSPRICES,2991,Dairy MMR,DY-WA,Washington,DC,"Washington, DC",Washington,DC,FMMOS,FMMOS - non-mars,11/02/2016 13:47:24,2016,2016-OCT,protein,2.2975,lmprs,
10/01/2016,10/05/2016,2016,Sep,,14.66,2.3152,6.79,16.39,8.61,14.25,6.39,2.0775,0.8847,1.7514,,,0.3055,Announcement of Class and Component Prices (PDF),DYMCLASSPRICES,2991,Dairy MMR,DY-WA,Washington,DC,"Washington, DC",Washington,DC,FMMOS,FMMOS - non-mars,10/05/2016 13:04:16,2016,2016-SEP,protein,2.5675,lmprs,
08/27/2016,08/31/2016,2016,Aug,,15.21,2.4943,6.71,16.91,8.50,14.65,6.16,2.2254,0.8588,1.8119,,,0.2846,Announcement of Class and Component Prices (PDF),DYMCLASSPRICES,2991,Dairy MMR,DY-WA,Washington,DC,"Washington, DC",Washington,DC,FMMOS,FMMOS - non-mars,08/31/2016 13:03:02,2016,2016-AUG,protein,2.5738,lmprs,
07/30/2016,08/03/2016,2016,Jul,,15.16,2.6034,6.27,15.24,6.38,14.84,5.96,2.3155,0.8363,1.6419,,,0.2742,Announcement of Class and Component Prices (PDF),DYMCLASSPRICES,2991,Dairy MMR,DY-WA,Washington,DC,"Washington, DC",Washington,DC,FMMOS,FMMOS - non-mars,08/03/2016 13:09:56,2016,2016-JUL,protein,1.9112,lmprs,
06/25/2016,06/29/2016,2016,Jun,,14.12,2.4179,5.86,13.22,4.96,13.77,5.53,2.1623,0.7888,1.4477,,,0.2601,Announcement of Class and Component Prices (PDF),DYMCLASSPRICES,2991,Dairy MMR,DY-WA,Washington,DC,"Washington, DC",Washington,DC,FMMOS,FMMOS - non-mars,06/29/2016 13:03:34,2016,2016-JUN,protein,1.4807,lmprs,
05/28/2016,06/02/2016,2016,May,,13.53,2.2916,5.71,12.76,4.94,13.09,5.28,2.0580,0.7607,1.4104,,,0.2505,Announcement of Class and Component Prices (PDF),DYMCLASSPRICES,2991,Dairy MMR,DY-WA,Washington,DC,"Washington, DC",Washington,DC,FMMOS,FMMOS - non-mars,06/02/2016 13:14:45,2016,2016-MAY,protein,1.4935,lmprs,
04/30/2016,05/04/2016,2016,Apr,,13.54,2.2446,5.89,13.63,6.01,12.68,5.02,2.0192,0.7307,1.5041,,,0.2466,Announcement of Class and Component Prices (PDF),DYMCLASSPRICES,2991,Dairy MMR,DY-WA,Washington,DC,"Washington, DC",Washington,DC,FMMOS,FMMOS - non-mars,05/04/2016 13:07:06,2016,2016-APR,protein,1.8450,lmprs,
03/26/2016,03/30/2016,2016,Mar,,13.57,2.2098,6.05,13.74,6.25,12.74,5.21,1.9905,0.7522,1.5162,,,0.2477,Announcement of Class and Component Prices (PDF),DYMCLASSPRICES,2991,Dairy MMR,DY-WA,Washington,DC,"Washington, DC",Washington,DC,FMMOS,FMMOS - non-mars,03/30/2016 13:05:26,2016,2016-MAR,protein,1.9206,lmprs,
02/27/2016,03/02/2016,2016,Feb,,14.30,2.3848,6.17,13.80,5.68,13.49,5.36,2.1350,0.7689,1.5170,,,0.2469,Announcement of Class and Component Prices (PDF),DYMCLASSPRICES,2991,Dairy MMR,DY-WA,Washington,DC,"Washington, DC",Washington,DC,FMMOS,FMMOS - non-mars,03/02/2016 13:14:46,2016,2016-FEB,protein,1.7389,lmprs,
01/30/2016,02/03/2016,2016,Jan,,14.19,2.3132,6.31,13.72,5.85,13.31,5.43,2.0759,0.7776,1.5178,,,0.2351,Announcement of Class and Component Prices (PDF),DYMCLASSPRICES,2991,Dairy MMR,DY-WA,Washington,DC,"Washington, DC",Washington,DC,FMMOS,FMMOS - non-mars,02/03/2016 13:05:06,2016,2016-JAN,protein,1.8169,lmprs,
12/26/2015,12/30/2015,2015,Dec,,16.71,2.9127,6.75,14.44,4.43,15.52,5.54,2.5709,0.7893,1.5719,,,0.2336,Announcement of Class and Component Prices (PDF),DYMCLASSPRICES,2991,Dairy MMR,DY-WA,Washington,DC,"Washington, DC",Washington,DC,FMMOS,FMMOS - non-mars,12/30/2015 13:04:22,2015,2015-DEC,protein,1.3599,lmprs,
11/28/2015,12/02/2015,2015,Nov,,18.26,3.1900,7.35,15.30,4.31,16.89,5.96,2.7999,0.8372,1.6503,,,0.2341,Announcement of Class and Component Prices (PDF),DYMCLASSPRICES,2991,Dairy MMR,DY-WA,Washington,DC,"Washington, DC",Washington,DC,FMMOS,FMMOS - non-mars,12/02/2015 13:11:34,2015,2015-NOV,protein,1.3205,lmprs,
10/31/2015,11/04/2015,2015,Oct,,16.44,2.9157,6.46,15.46,5.47,16.43,6.48,2.5734,0.8951,1.6790,,,0.2309,Announcement of Class and Component Prices (PDF),DYMCLASSPRICES,2991,Dairy MMR,DY-WA,Washington,DC,"Washington, DC",Washington,DC,FMMOS,FMMOS - non-mars,11/04/2015 13:33:23,2015,2015-OCT,protein,1.7019,lmprs,
09/26/2015,09/30/2015,2015,Sep,,15.36,2.7601,5.91,15.82,6.41,15.08,5.64,2.4449,0.8007,1.7145,,,0.2442,Announcement of Class and Component Prices (PDF),DYMCLASSPRICES,2991,Dairy MMR,DY-WA,Washington,DC,"Washington, DC",Washington,DC,FMMOS,FMMOS - non-mars,09/30/2015 13:06:29,2015,2015-SEP,protein,1.9801,lmprs,
08/29/2015,09/02/2015,2015,Aug,,14.54,2.2744,6.82,16.27,8.64,12.90,5.14,2.0438,0.7443,1.7386,,,0.3108,Announcement of Class and Component Prices (PDF),DYMCLASSPRICES,2991,Dairy MMR,DY-WA,Washington,DC,"Washington, DC",Washington,DC,FMMOS,FMMOS - non-mars,09/02/2015 13:02:58,2015,2015-AUG,protein,2.5692,lmprs,
08/01/2015,08/05/2015,2015,Jul,,14.70,2.1195,7.55,16.33,9.26,13.15,5.96,1.9159,0.8366,1.6997,,,0.3937,Announcement of Class and Component Prices (PDF),DYMCLASSPRICES,2991,Dairy MMR,DY-WA,Washington,DC,"Washington, DC",Washington,DC,FMMOS,FMMOS - non-mars,08/05/2015 13:00:39,2015,2015-JUL,protein,2.6070,lmprs,
06/27/2015,07/01/2015,2015,Jun,,14.77,2.1081,7.66,16.72,9.71,13.90,6.78,1.9065,0.9283,1.7222,,,0.4245,Announcement of Class and Component Prices (PDF),DYMCLASSPRICES,2991,Dairy MMR,DY-WA,Washington,DC,"Washington, DC",Washington,DC,FMMOS,FMMOS - non-mars,07/01/2015 13:32:09,2015,2015-JUN,protein,2.6915,lmprs,
05/30/2015,06/03/2015,2015,May,,14.81,2.0669,7.85,16.19,9.31,13.91,6.94,1.8725,0.9464,1.6557,,,0.4450,Announcement of Class and Component Prices (PDF),DYMCLASSPRICES,2991,Dairy MMR,DY-WA,Washington,DC,"Washington, DC",Washington,DC,FMMOS,FMMOS - non-mars,06/03/2015 13:18:15,2015,2015-MAY,protein,2.5206,lmprs,
04/25/2015,04/29/2015,2015,Apr,,14.98,1.9010,8.63,15.81,9.51,13.51,7.13,1.7355,0.9684,1.6122,,,0.4610,Announcement of Class and Component Prices (PDF),DYMCLASSPRICES,2991,Dairy MMR,DY-WA,Washington,DC,"Washington, DC",Washington,DC,FMMOS,FMMOS - non-mars,04/29/2015 13:10:22,2015,2015-APR,protein,2.5551,lmprs,
03/28/2015,04/01/2015,2015,Mar,,14.50,1.8514,8.31,15.56,9.43,13.80,7.61,1.6945,1.0217,1.5750,,,0.4824,Announcement of Class and Component Prices (PDF),DYMCLASSPRICES,2991,Dairy MMR,DY-WA,Washington,DC,"Washington, DC",Washington,DC,FMMOS,FMMOS - non-mars,04/01/2015 13:31:23,2015,2015-MAR,protein,2.4875,lmprs,
02/28/2015,03/04/2015,2015,Feb,,14.48,1.8366,8.34,15.46,9.39,13.82,7.69,1.6823,1.0308,1.5446,,,0.5169,Announcement of Class and Component Prices (PDF),DYMCLASSPRICES,2991,Dairy MMR,DY-WA,Washington,DC,"Washington, DC",Washington,DC,FMMOS,FMMOS - non-mars,03/04/2015 13:02:40,2015,2015-FEB,protein,2.4051,lmprs,
01/31/2015,02/04/2015,2015,Jan,,16.18,1.6925,10.63,16.18,10.65,13.23,7.60,1.5633,1.0202,1.5807,,,0.5875,Announcement of Class and Component Prices (PDF),DYMCLASSPRICES,2991,Dairy MMR,DY-WA,Washington,DC,"Washington, DC",Washington,DC,FMMOS,FMMOS - non-mars,02/04/2015 13:08:32,2015,2015-JAN,protein,2.6731,lmprs,
12/27/2014,12/31/2014,2014,Dec,,19.09,2.1061,12.14,17.82,10.85,16.70,9.69,1.9049,1.2554,1.7362,,,0.5871,Announcement of Class and Component Prices (PDF),DYMCLASSPRICES,2991,Dairy MMR,DY-WA,Washington,DC,"Washington, DC",Washington,DC,FMMOS,FMMOS - non-mars,12/31/2014 13:28:06,2014,2014-DEC,protein,2.7387,lmprs,
11/29/2014,12/03/2014,2014,Nov,,19.91,2.2081,12.62,21.94,14.75,18.21,10.89,1.9891,1.3902,2.1305,,,0.6365,Announcement of Class and Component Prices (PDF),DYMCLASSPRICES,2991,Dairy MMR,DY-WA,Washington,DC,"Washington, DC",Washington,DC,FMMOS,FMMOS - non-mars,12/03/2014 13:13:21,2014,2014-NOV,protein,3.9018,lmprs,
11/01/2014,11/05/2014,2014,Oct,,21.93,2.8577,12.36,23.82,14.34,21.35,11.78,2.5255,1.4900,2.2914,,,0.6525,Announcement of Class and Component Prices (PDF),DYMCLASSPRICES,2991,Dairy MMR,DY-WA,Washington,DC,"Washington, DC",Washington,DC,FMMOS,FMMOS - non-mars,11/05/2014 13:49:38,2014,2014-OCT,protein,3.7362,lmprs,
09/27/2014,10/01/2014,2014,Sep,,26.11,3.2537,15.26,24.60,13.72,22.58,11.62,2.8525,1.4718,2.3472,,,0.6725,Announcement of Class and Component Prices (PDF),DYMCLASSPRICES,2991,Dairy MMR,DY-WA,Washington,DC,"Washington, DC",Washington,DC,FMMOS,FMMOS - non-mars,10/01/2014 13:37:58,2014,2014-SEP,protein,3.4991,lmprs,
08/30/2014,09/04/2014,2014,Aug,,25.34,2.8518,15.92,22.25,12.74,23.89,14.44,2.5206,1.7887,2.1074,,,0.6880,Announcement of Class and Component Prices (PDF),DYMCLASSPRICES,2991,Dairy MMR,DY-WA,Washington,DC,"Washington, DC",Washington,DC,FMMOS,FMMOS - non-mars,09/04/2014 13:52:02,2014,2014-AUG,protein,3.1496,lmprs,
07/26/2014,07/30/2014,2014,Jul,,24.41,2.6419,15.71,21.60,12.83,23.78,15.09,2.3473,1.8617,2.0482,,,0.6890,Announcement of Class and Component Prices (PDF),DYMCLASSPRICES,2991,Dairy MMR,DY-WA,Washington,DC,"Washington, DC",Washington,DC,FMMOS,FMMOS - non-mars,07/30/2014 13:22:12,2014,2014-JUL,protein,3.1798,lmprs,
06/28/2014,07/02/2014,2014,Jun,,23.94,2.4483,15.93,21.36,13.28,23.13,15.11,2.1874,1.8633,2.0358,,,0.6789,Announcement of Class and Component Prices (PDF),DYMCLASSPRICES,2991,Dairy MMR,DY-WA,Washington,DC,"Washington, DC",Washington,DC,FMMOS,FMMOS - non-mars,07/02/2014 13:05:55,2014,2014-JUN,protein,3.3437,lmprs,
05/31/2014,06/04/2014,2014,May,,24.44,2.2791,17.06,22.57,15.15,22.65,15.23,2.0477,1.8768,2.1703,,,0.6745,Announcement of Class and Component Prices (PDF),DYMCLASSPRICES,2991,Dairy MMR,DY-WA,Washington,DC,"Washington, DC",Washington,DC,FMMOS,FMMOS - non-mars,06/04/2014 13:47:22,2014,2014-MAY,protein,3.9553,lmprs,
04/26/2014,04/30/2014,2014,Apr,,24.74,2.1277,17.92,24.31,17.50,23.34,16.50,1.9227,2.0191,2.3547,,,0.6774,Announcement of Class and Component Prices (PDF),DYMCLASSPRICES,2991,Dairy MMR,DY-WA,Washington,DC,"Washington, DC",Washington,DC,FMMOS,FMMOS - non-mars,04/30/2014 14:03:41,2014,2014-APR,protein,4.7089,lmprs,
03/29/2014,04/02/2014,2014,Mar,,24.22,2.0472,17.67,23.33,16.78,23.66,17.12,1.8562,2.0897,2.2689,,,0.6554,Announcement of Class and Component Prices (PDF),DYMCLASSPRICES,2991,Dairy MMR,DY-WA,Washington,DC,"Washington, DC",Washington,DC,FMMOS,FMMOS - non-mars,04/02/2014 13:03:12,2014,2014-MAR,protein,4.5172,lmprs,
03/01/2014,03/05/2014,2014,Feb,,23.73,2.0179,17.27,23.35,16.90,23.46,17.02,1.8320,2.0783,2.2864,,,0.6314,Announcement of Class and Component Prices (PDF),DYMCLASSPRICES,2991,Dairy MMR,DY-WA,Washington,DC,"Washington, DC",Washington,DC,FMMOS,FMMOS - non-mars,03/05/2014 13:32:06,2014,2014-FEB,protein,4.6044,lmprs,
02/01/2014,02/05/2014,2014,Jan,,22.21,1.7944,16.51,21.15,15.43,22.29,16.62,1.6475,2.0335,2.0838,,,0.6025,Announcement of Class and Component Prices (PDF),DYMCLASSPRICES,2991,Dairy MMR,DY-WA,Washington,DC,"Washington, DC",Washington,DC,FMMOS,FMMOS - non-mars,02/05/2014 13:33:25,2014,2014-JAN,protein,4.1870,lmprs,
12/28/2013,01/02/2014,2013,Dec,,21.66,1.7742,16.01,18.95,13.23,21.54,15.91,1.6308,1.9537,1.8761,,,0.5706,Announcement of Class and Component Prices (PDF),DYMCLASSPRICES,2991,Dairy MMR,DY-WA,Washington,DC,"Washington, DC",Washington,DC,FMMOS,FMMOS - non-mars,01/02/2014 13:04:33,2013,2013-DEC,protein,3.5390,lmprs,
11/30/2013,12/04/2013,2013,Nov,,20.76,1.6406,15.56,18.83,13.59,20.52,15.34,1.5205,1.8892,1.8612,,,0.5831,Announcement of Class and Component Prices (PDF),DYMCLASSPRICES,2991,Dairy MMR,DY-WA,Washington,DC,"Washington, DC",Washington,DC,FMMOS,FMMOS - non-mars,12/04/2013 13:42:24,2013,2013-NOV,protein,3.6316,lmprs,
10/26/2013,10/30/2013,2013,Oct,,20.56,1.6708,15.25,18.22,12.85,20.17,14.87,1.5454,1.8366,1.8025,,,0.5731,Announcement of Class and Component Prices (PDF),DYMCLASSPRICES,2991,Dairy MMR,DY-WA,Washington,DC,"Washington, DC",Washington,DC,FMMOS,FMMOS - non-mars,10/30/2013 13:29:32,2013,2013-OCT,protein,3.4107,lmprs,
09/28/2013,10/18/2013,2013,Sep,,19.78,1.5266,14.96,18.14,13.29,19.43,14.62,1.4263,1.8085,1.7961,,,0.5791,Announcement of Class and Component Prices (PDF),DYMCLASSPRICES,2991,Dairy MMR,DY-WA,Washington,DC,"Washington, DC",Washington,DC,FMMOS,FMMOS - non-mars,10/18/2013 10:41:45,2013,2013-SEP,protein,3.5419,lmprs,
08/31/2013,09/05/2013,2013,Aug,,19.27,1.5174,14.47,17.91,13.08,19.07,14.28,1.4187,1.7706,1.7731,,,0.5778,Announcement of Class and Component Prices (PDF),DYMCLASSPRICES,2991,Dairy MMR,DY-WA,Washington,DC,"Washington, DC",Washington,DC,FMMOS,FMMOS - non-mars,09/05/2013 13:06:42,2013,2013-AUG,protein,3.4775,lmprs,
07/27/2013,07/31/2013,2013,Jul,,19.22,1.5763,14.20,17.38,12.32,18.90,13.89,1.4674,1.7272,1.7142,,,0.5804,Announcement of Class and Component Prices (PDF),DYMCLASSPRICES,2991,Dairy MMR,DY-WA,Washington,DC,"Washington, DC",Washington,DC,FMMOS,FMMOS - non-mars,07/31/2013 13:04:38,2013,2013-JUL,protein,3.2257,lmprs,
06/29/2013,07/03/2013,2013,Jun,,19.14,1.6669,13.79,18.02,12.65,18.88,13.54,1.5422,1.6878,1.7810,,,0.5738,Announcement of Class and Component Prices (PDF),DYMCLASSPRICES,2991,Dairy MMR,DY-WA,Washington,DC,"Washington, DC",Washington,DC,FMMOS,FMMOS - non-mars,07/03/2013 13:07:05,2013,2013-JUN,protein,3.3455,lmprs,
06/01/2013,06/05/2013,2013,May,,18.43,1.7954,12.59,18.52,12.71,18.89,13.09,1.6483,1.6374,1.8274,,,0.5765,Announcement of Class and Component Prices (PDF),DYMCLASSPRICES,2991,Dairy MMR,DY-WA,Washington,DC,"Washington, DC",Washington,DC,FMMOS,FMMOS - non-mars,06/05/2013 13:37:51,2013,2013-MAY,protein,3.3597,lmprs,
04/27/2013,05/01/2013,2013,Apr,,18.73,1.8297,12.77,17.59,11.62,18.10,12.15,1.6766,1.5312,1.7310,,,0.5741,Announcement of Class and Component Prices (PDF),DYMCLASSPRICES,2991,Dairy MMR,DY-WA,Washington,DC,"Washington, DC",Washington,DC,FMMOS,FMMOS - non-mars,05/01/2013 13:31:51,2013,2013-APR,protein,3.0130,lmprs,
03/30/2013,04/03/2013,2013,Mar,,18.82,1.7546,13.14,16.93,11.21,17.75,12.06,1.6146,1.5208,1.6467,,,0.6048,Announcement of Class and Component Prices (PDF),DYMCLASSPRICES,2991,Dairy MMR,DY-WA,Washington,DC,"Washington, DC",Washington,DC,FMMOS,FMMOS - non-mars,04/03/2013 13:36:29,2013,2013-MAR,protein,2.8204,lmprs,
02/23/2013,02/27/2013,2013,Feb,,18.49,1.6689,13.11,17.25,11.85,17.75,12.37,1.5438,1.5559,1.6623,,,0.6393,Announcement of Class and Component Prices (PDF),DYMCLASSPRICES,2991,Dairy MMR,DY-WA,Washington,DC,"Washington, DC",Washington,DC,FMMOS,FMMOS - non-mars,02/27/2013 13:03:22,2013,2013-FEB,protein,2.9609,lmprs,
01/26/2013,01/30/2013,2013,Jan,,18.19,1.6238,12.96,18.14,12.93,17.63,12.41,1.5066,1.5601,1.7485,,,0.6503,Announcement of Class and Component Prices (PDF),DYMCLASSPRICES,2991,Dairy MMR,DY-WA,Washington,DC,"Washington, DC",Washington,DC,FMMOS,FMMOS - non-mars,01/30/2013 13:50:34,2013,2013-JAN,protein,3.2862,lmprs,
12/29/2012,01/03/2013,2012,Dec,,18.30,1.7346,12.67,18.66,13.07,17.83,12.21,1.5981,1.5384,1.7925,,,0.6610,Announcement of Class and Component Prices (PDF),DYMCLASSPRICES,2991,Dairy MMR,DY-WA,Washington,DC,"Washington, DC",Washington,DC,FMMOS,FMMOS - non-mars,01/03/2013 13:44:27,2012,2012-DEC,protein,3.3113,lmprs,
12/01/2012,12/05/2012,2012,Nov,,18.81,2.0288,12.13,20.83,14.25,18.66,12.00,1.8410,1.5143,2.0146,,,0.6480,Announcement of Class and Component Prices (PDF),DYMCLASSPRICES,2991,Dairy MMR,DY-WA,Washington,DC,"Washington, DC",Washington,DC,FMMOS,FMMOS - non-mars,12/05/2012 13:44:59,2012,2012-NOV,protein,3.7172,lmprs,
10/27/2012,10/31/2012,2012,Oct,,18.44,2.1206,11.42,21.02,14.12,18.54,11.55,1.9168,1.4636,2.0479,,,0.6205,Announcement of Class and Component Prices (PDF),DYMCLASSPRICES,2991,Dairy MMR,DY-WA,Washington,DC,"Washington, DC",Washington,DC,FMMOS,FMMOS - non-mars,10/31/2012 13:24:09,2012,2012-OCT,protein,3.7278,lmprs,
09/29/2012,10/03/2012,2012,Sep,,17.04,2.0117,10.36,19.00,12.42,17.41,10.77,1.8269,1.3768,1.8647,,,0.5846,Announcement of Class and Component Prices (PDF),DYMCLASSPRICES,2991,Dairy MMR,DY-WA,Washington,DC,"Washington, DC",Washington,DC,FMMOS,FMMOS - non-mars,10/03/2012 13:08:44,2012,2012-SEP,protein,3.2521,lmprs,
08/25/2012,08/29/2012,2012,Aug,,15.64,1.8409,9.53,17.73,11.72,15.76,9.68,1.6859,1.2543,1.7682,,,0.5352,Announcement of Class and Component Prices (PDF),DYMCLASSPRICES,2991,Dairy MMR,DY-WA,Washington,DC,"Washington, DC",Washington,DC,FMMOS,FMMOS - non-mars,08/29/2012 13:03:29,2012,2012-AUG,protein,3.1211,lmprs,
07/28/2012,08/01/2012,2012,Jul,,14.51,1.6626,9.01,16.68,11.28,14.45,8.97,1.5386,1.1744,1.6857,,,0.5023,Announcement of Class and Component Prices (PDF),DYMCLASSPRICES,2991,Dairy MMR,DY-WA,Washington,DC,"Washington, DC",Washington,DC,FMMOS,FMMOS - non-mars,08/01/2012 13:30:51,2012,2012-JUL,protein,3.0430,lmprs,
06/30/2012,07/05/2012,2012,Jun,,14.32,1.4936,9.42,15.63,10.81,13.24,8.33,1.3991,1.1023,1.5846,,,0.5013,Announcement of Class and Component Prices (PDF),DYMCLASSPRICES,2991,Dairy MMR,DY-WA,Washington,DC,"Washington, DC",Washington,DC,FMMOS,FMMOS - non-mars,07/05/2012 13:47:57,2012,2012-JUN,protein,2.8952,lmprs,
05/26/2012,05/31/2012,2012,May,,15.19,1.4532,10.47,15.23,10.54,13.55,8.80,1.3657,1.1551,1.5215,,,0.5389,Announcement of Class and Component Prices (PDF),DYMCLASSPRICES,2991,Dairy MMR,DY-WA,Washington,DC,"Washington, DC",Washington,DC,FMMOS,FMMOS - non-mars,05/31/2012 13:26:26,2012,2012-MAY,protein,2.7344,lmprs,
04/28/2012,05/02/2012,2012,Apr,,16.20,1.5715,11.09,15.72,10.62,14.80,9.66,1.4634,1.2514,1.5361,,,0.5921,Announcement of Class and Component Prices (PDF),DYMCLASSPRICES,2991,Dairy MMR,DY-WA,Washington,DC,"Washington, DC",Washington,DC,FMMOS,FMMOS - non-mars,05/02/2012 13:55:44,2012,2012-APR,protein,2.6568,lmprs,
03/24/2012,04/02/2012,2012,Mar,,,,,,,,,,,,,,,Announcement of Class and Component Prices (PDF),DYMCLASSPRICES,2991,Dairy MMR,DY-WA,Washington,DC,"Washington, DC",Washington,DC,FMMOS,FMMOS - non-mars,04/02/2012 09:28:22,2012,2012-MAR,protein,,lmprs,
04/25/2026,04/29/2026,2026,Apr,,18.82,1.8762,12.70,16.82,10.65,20.22,14.17,1.7707,1.7788,1.6427,,,0.6443,Announcement of Class and Component Prices (PDF),DYMCLASSPRICES,2991,Dairy MMR,DY-WA,Washington,DC,"Washington, DC",Washington,DC,FMMOS,FMMOS - non-mars,04/29/2026 13:05:26,2026,2026-APR,other_solids,0.3888,lmprs,
03/28/2026,04/01/2026,2026,Mar,,17.34,2.0290,10.61,16.16,9.41,18.94,12.29,1.8969,1.5741,1.5607,,,0.6724,Announcement of Class and Component Prices (PDF),DYMCLASSPRICES,2991,Dairy MMR,DY-WA,Washington,DC,"Washington, DC",Washington,DC,FMMOS,FMMOS - non-mars,04/01/2026 13:05:21,2026,2026-MAR,other_solids,0.4178,lmprs,
02/28/2026,03/04/2026,2026,Feb,,15.34,1.7864,9.42,14.94,9.03,16.29,10.43,1.6966,1.3726,1.4338,,,0.6931,Announcement of Class and Component Prices (PDF),DYMCLASSPRICES,2991,Dairy MMR,DY-WA,Washington,DC,"Washington, DC",Washington,DC,FMMOS,FMMOS - non-mars,03/04/2026 12:54:48,2026,2026-FEB,other_solids,0.4391,lmprs,
01/31/2026,02/04/2026,2026,Jan,,13.92,1.4595,9.13,14.59,9.85,13.55,8.77,1.4266,1.1921,1.4003,,,0.6986,Announcement of Class and Component Prices (PDF),DYMCLASSPRICES,2991,Dairy MMR,DY-WA,Washington,DC,"Washington, DC",Washington,DC,FMMOS,FMMOS - non-mars,02/04/2026 13:08:03,2026,2026-JAN,other_solids,0.4448,lmprs,
12/27/2025,12/31/2025,2025,Dec,,14.41,1.5831,9.19,15.86,10.72,13.64,8.42,1.5287,1.1541,1.5271,,,0.6893,Announcement of Class and Component Prices (PDF),DYMCLASSPRICES,2991,Dairy MMR,DY-WA,Washington,DC,"Washington, DC",Washington,DC,FMMOS,FMMOS - non-mars,12/31/2025 13:05:26,2025,2025-DEC,other_solids,0.4352,lmprs,
11/29/2025,12/03/2025,2025,Nov,,14.54,1.7131,8.85,17.18,11.62,13.89,8.21,1.6360,1.1609,1.7419,,,0.6415,Announcement of Class and Component Prices (PDF),DYMCLASSPRICES,2991,Dairy MMR,DY-WA,Washington,DC,"Washington, DC",Washington,DC,FMMOS,FMMOS - non-mars,12/03/2025 13:02:43,2025,2025-NOV,other_solids,0.3859,lmprs,
11/01/2025,11/05/2025,2025,Oct,,16.02,1.8322,9.96,16.91,10.90,14.30,8.20,1.7344,1.1601,1.7384,,,0.5930,Announcement of Class and Component Prices (PDF),DYMCLASSPRICES,2991,Dairy MMR,DY-WA,Washington,DC,"Washington, DC",Washington,DC,FMMOS,FMMOS - non-mars,11/05/2025 13:05:19,2025,2025-OCT,other_solids,0.3360,lmprs,
09/27/2025,10/01/2025,2025,Sep,,17.39,2.1995,10.04,17.59,10.28,16.17,8.80,2.0377,1.2265,1.8066,,,0.5782,Announcement of Class and Component Prices (PDF),DYMCLASSPRICES,2991,Dairy MMR,DY-WA,Washington,DC,"Washington, DC",Washington,DC,FMMOS,FMMOS - non-mars,10/01/2025 13:05:44,2025,2025-SEP,other_solids,0.3207,lmprs,
08/30/2025,09/04/2025,2025,Aug,,19.18,2.7325,9.96,17.24,7.98,18.50,9.29,2.4778,1.2820,1.7529,,,0.5779,Announcement of Class and Component Prices (PDF),DYMCLASSPRICES,2991,Dairy MMR,DY-WA,Washington,DC,"Washington, DC",Washington,DC,FMMOS,FMMOS - non-mars,09/04/2025 13:05:39,2025,2025-AUG,other_solids,0.3204,lmprs,
07/26/2025,07/30/2025,2025,Jul,,19.31,2.8505,9.67,17.32,7.63,18.89,9.26,2.5753,1.2783,1.7634,,,0.5670,Announcement of Class and Component Prices (PDF),DYMCLASSPRICES,2991,Dairy MMR,DY-WA,Washington,DC,"Washington, DC",Washington,DC,FMMOS,FMMOS - non-mars,07/30/2025 13:05:25,2025,2025-JUL,other_solids,0.3092,lmprs,
06/28/2025,07/02/2025,2025,Jun,,18.43,2.7448,9.14,18.82,9.57,18.30,9.03,2.4880,1.2531,1.9322,,,0.5497,Announcement of Class and Component Prices (PDF),DYMCLASSPRICES,2991,Dairy MMR,DY-WA,Washington,DC,"Washington, DC",Washington,DC,FMMOS,FMMOS - non-mars,07/02/2025 13:05:29,2025,2025-JUN,other_solids,0.2914,lmprs,
05/31/2025,06/04/2025,2025,May,,18.72,2.6697,9.72,18.57,9.59,18.13,9.13,2.3703,1.1925,1.8404,1.8177,1.8284,0.5119,Announcement of Class and Component Prices (PDF),DYMCLASSPRICES,2991,Dairy MMR,DY-WA,Washington,DC,"Washington, DC",Washington,DC,FMMOS,FMMOS - non-mars,06/04/2025 13:05:20,2025,2025-MAY,other_solids,0.3222,lmprs,
04/26/2025,04/30/2025,2025,Apr,,19.22,2.6476,10.31,17.48,8.54,17.92,8.99,2.3520,1.1773,1.7361,1.7117,1.7244,0.4988,Announcement of Class and Component Prices (PDF),DYMCLASSPRICES,2991,Dairy MMR,DY-WA,Washington,DC,"Washington, DC",Washington,DC,FMMOS,FMMOS - non-mars,04/30/2025 13:04:13,2025,2025-APR,other_solids,0.3087,lmprs,
03/29/2025,04/02/2025,2025,Mar,,20.12,2.6312,11.31,18.62,9.78,18.21,9.35,2.3385,1.2176,1.8215,1.8420,1.7732,0.5532,Announcement of Class and Component Prices (PDF),DYMCLASSPRICES,2991,Dairy MMR,DY-WA,Washington,DC,"Washington, DC",Washington,DC,FMMOS,FMMOS - non-mars,04/02/2025 13:05:07,2025,2025-MAR,other_solids,0.3647,lmprs,
03/01/2025,03/05/2025,2025,Feb,,21.08,2.8256,11.60,20.18,10.69,19.90,10.40,2.4990,1.3347,1.9077,1.9158,1.8707,0.6650,Announcement of Class and Component Prices (PDF),DYMCLASSPRICES,2991,Dairy MMR,DY-WA,Washington,DC,"Washington, DC",Washington,DC,FMMOS,FMMOS - non-mars,03/05/2025 13:05:17,2025,2025-FEB,other_solids,0.4799,lmprs,
02/01/2025,02/05/2025,2025,Jan,,21.58,2.9530,11.65,20.34,10.39,20.73,10.80,2.6042,1.3801,1.8851,1.8954,1.8477,0.7218,Announcement of Class and Component Prices (PDF),DYMCLASSPRICES,2991,Dairy MMR,DY-WA,Washington,DC,"Washington, DC",Washington,DC,FMMOS,FMMOS - non-mars,02/05/2025 13:05:17,2025,2025-JAN,other_solids,0.5384,lmprs,
12/28/2024,01/02/2025,2024,Dec,,21.28,2.9174,11.47,18.62,8.74,20.74,10.94,2.5748,1.3952,1.7608,1.7583,1.7326,0.6353,Announcement of Class and Component Prices (PDF),DYMCLASSPRICES,2991,Dairy MMR,DY-WA,Washington,DC,"Washington, DC",Washington,DC,FMMOS,FMMOS - non-mars,01/02/2025 13:05:22,2024,2024-DEC,other_solids,0.4493,lmprs,
11/30/2024,12/04/2024,2024,Nov,,21.52,3.0693,11.17,19.95,9.57,21.12,10.78,2.7002,1.3773,1.9198,1.9096,1.8973,0.5922,Announcement of Class and Component Prices (PDF),DYMCLASSPRICES,2991,Dairy MMR,DY-WA,Washington,DC,"Washington, DC",Washington,DC,FMMOS,FMMOS - non-mars,12/04/2024 13:05:26,2024,2024-NOV,other_solids,0.4049,lmprs,
10/26/2024,10/30/2024,2024,Oct,,21.01,3.0921,10.56,22.85,12.49,20.90,10.47,2.7191,1.3423,2.2400,2.1605,2.2760,0.5588,Announcement of Class and Component Prices (PDF),DYMCLASSPRICES,2991,Dairy MMR,DY-WA,Washington,DC,"Washington, DC",Washington,DC,FMMOS,FMMOS - non-mars,10/30/2024 13:05:20,2024,2024-OCT,other_solids,0.3705,lmprs,
09/28/2024,10/02/2024,2024,Sep,,22.40,3.6184,10.09,23.34,11.09,22.29,10.00,3.1537,1.2899,2.2882,2.2013,2.3319,0.5321,Announcement of Class and Component Prices (PDF),DYMCLASSPRICES,2991,Dairy MMR,DY-WA,Washington,DC,"Washington, DC",Washington,DC,FMMOS,FMMOS - non-mars,10/02/2024 13:05:28,2024,2024-SEP,other_solids,0.3430,lmprs,
08/31/2024,09/05/2024,2024,Aug,,22.05,3.5702,9.90,20.66,8.49,21.58,9.44,3.1139,1.2268,2.0399,1.9812,2.0573,0.4864,Announcement of Class and Component Prices (PDF),DYMCLASSPRICES,2991,Dairy MMR,DY-WA,Washington,DC,"Washington, DC",Washington,DC,FMMOS,FMMOS - non-mars,09/05/2024 13:04:24,2024,2024-AUG,other_solids,0.2959,lmprs,
07/27/2024,07/31/2024,2024,Jul,,21.82,3.5790,9.63,19.79,7.55,21.31,9.13,3.1211,1.1930,1.9717,1.9458,1.9635,0.4487,Announcement of Class and Component Prices (PDF),DYMCLASSPRICES,2991,Dairy MMR,DY-WA,Washington,DC,"Washington, DC",Washington,DC,FMMOS,FMMOS - non-mars,07/31/2024 13:05:31,2024,2024-JUL,other_solids,0.2571,lmprs,
06/29/2024,07/03/2024,2024,Jun,,21.60,3.5514,9.50,19.87,7.74,21.08,8.99,3.0983,1.1770,1.9962,1.9154,2.0345,0.4249,Announcement of Class and Component Prices (PDF),DYMCLASSPRICES,2991,Dairy MMR,DY-WA,Washington,DC,"Washington, DC",Washington,DC,FMMOS,FMMOS - non-mars,07/03/2024 13:04:46,2024,2024-JUN,other_solids,0.2326,lmprs,
06/01/2024,06/05/2024,2024,May,,21.50,3.4706,9.69,18.55,6.66,20.50,8.68,3.0316,1.1422,1.8706,1.8062,1.8952,0.4108,Announcement of Class and Component Prices (PDF),DYMCLASSPRICES,2991,Dairy MMR,DY-WA,Washington,DC,"Washington, DC",Washington,DC,FMMOS,FMMOS - non-mars,06/05/2024 13:05:24,2024,2024-MAY,other_solids,0.2181,lmprs,
04/27/2024,05/01/2024,2024,Apr,,21.23,3.3379,9.89,15.50,3.98,20.11,8.76,2.9220,1.1506,1.5478,1.5170,1.5447,0.4289,Announcement of Class and Component Prices (PDF),DYMCLASSPRICES,2991,Dairy MMR,DY-WA,Washington,DC,"Washington, DC",Washington,DC,FMMOS,FMMOS - non-mars,05/01/2024 13:05:25,2024,2024-APR,other_solids,0.2367,lmprs,
03/30/2024,04/03/2024,2024,Mar,,21.12,3.2455,10.11,16.34,5.19,20.09,9.07,2.8457,1.1863,1.6082,1.5730,1.6085,0.4788,Announcement of Class and Component Prices (PDF),DYMCLASSPRICES,2991,Dairy MMR,DY-WA,Washington,DC,"Washington, DC",Washington,DC,FMMOS,FMMOS - non-mars,04/03/2024 13:05:20,2024,2024-MAR,other_solids,0.2881,lmprs,
02/24/2024,02/28/2024,2024,Feb,,20.53,3.1101,9.99,16.08,5.41,19.85,9.31,2.7339,1.2125,1.5947,1.6021,1.5586,0.4649,Announcement of Class and Component Prices (PDF),DYMCLASSPRICES,2991,Dairy MMR,DY-WA,Washington,DC,"Washington, DC",Washington,DC,FMMOS,FMMOS - non-mars,02/28/2024 13:05:37,2024,2024-FEB,other_solids,0.2738,lmprs,
01/27/2024,01/31/2024,2024,Jan,,20.04,2.9835,9.95,15.17,4.92,19.39,9.30,2.6294,1.2112,1.5226,1.5260,1.4895,0.4338,Announcement of Class and Component Prices (PDF),DYMCLASSPRICES,2991,Dairy MMR,DY-WA,Washington,DC,"Washington, DC",Washington,DC,FMMOS,FMMOS - non-mars,01/31/2024 13:10:03,2024,2024-JAN,other_solids,0.2417,lmprs,
12/30/2023,01/04/2024,2023,Dec,,19.88,2.9848,9.78,16.04,5.82,19.23,9.13,2.6305,1.1924,1.6234,1.6385,1.5813,0.4168,Announcement of Class and Component Prices (PDF),DYMCLASSPRICES,2991,Dairy MMR,DY-WA,Washington,DC,"Washington, DC",Washington,DC,FMMOS,FMMOS - non-mars,01/04/2024 13:04:47,2023,2023-DEC,other_solids,0.2242,lmprs,
11/25/2023,11/29/2023,2023,Nov,,21.21,3.4678,9.40,17.15,5.22,20.87,9.07,3.0293,1.1860,1.7421,1.7511,1.7034,0.3831,Announcement of Class and Component Prices (PDF),DYMCLASSPRICES,2991,Dairy MMR,DY-WA,Washington,DC,"Washington, DC",Washington,DC,FMMOS,FMMOS - non-mars,11/29/2023 13:05:36,2023,2023-NOV,other_solids,0.1895,lmprs,
10/28/2023,11/01/2023,2023,Oct,,21.95,3.7214,9.25,16.84,3.98,21.49,8.80,3.2387,1.1558,1.7390,1.8044,1.6502,0.3198,Announcement of Class and Component Prices (PDF),DYMCLASSPRICES,2991,Dairy MMR,DY-WA,Washington,DC,"Washington, DC",Washington,DC,FMMOS,FMMOS - non-mars,11/01/2023 13:05:20,2023,2023-OCT,other_solids,0.1243,lmprs,
09/30/2023,10/04/2023,2023,Sep,,19.98,3.1334,9.34,18.39,7.72,19.09,8.44,2.7532,1.1155,1.9366,1.9895,1.8616,0.2954,Announcement of Class and Component Prices (PDF),DYMCLASSPRICES,2991,Dairy MMR,DY-WA,Washington,DC,"Washington, DC",Washington,DC,FMMOS,FMMOS - non-mars,10/04/2023 13:05:28,2023,2023-SEP,other_solids,0.0992,lmprs,
08/26/2023,08/30/2023,2023,Aug,,19.91,3.0288,9.65,17.19,6.85,18.91,8.64,2.6668,1.1374,1.8349,1.8625,1.7764,0.2620,Announcement of Class and Component Prices (PDF),DYMCLASSPRICES,2991,Dairy MMR,DY-WA,Washington,DC,"Washington, DC",Washington,DC,FMMOS,FMMOS - non-mars,08/30/2023 13:05:53,2023,2023-AUG,other_solids,0.0648,lmprs,
07/29/2023,08/02/2023,2023,Jul,,19.12,2.8056,9.64,13.77,4.12,18.26,8.77,2.4825,1.1522,1.4870,1.4614,1.4789,0.2660,Announcement of Class and Component Prices (PDF),DYMCLASSPRICES,2991,Dairy MMR,DY-WA,Washington,DC,"Washington, DC",Washington,DC,FMMOS,FMMOS - non-mars,08/02/2023 13:05:22,2023,2023-JUL,other_solids,0.0689,lmprs,
06/24/2023,06/28/2023,2023,Jun,,18.83,2.7675,9.48,14.91,5.44,18.26,8.91,2.4510,1.1674,1.5724,1.5568,1.5561,0.3220,Announcement of Class and Component Prices (PDF),DYMCLASSPRICES,2991,Dairy MMR,DY-WA,Washington,DC,"Washington, DC",Washington,DC,FMMOS,FMMOS - non-mars,06/28/2023 13:06:22,2023,2023-JUN,other_solids,0.1266,lmprs,
05/27/2023,06/01/2023,2023,May,,19.11,2.7642,9.78,16.11,6.69,18.10,8.76,2.4483,1.1505,1.6600,1.7277,1.5715,0.3813,Announcement of Class and Component Prices (PDF),DYMCLASSPRICES,2991,Dairy MMR,DY-WA,Washington,DC,"Washington, DC",Washington,DC,FMMOS,FMMOS - non-mars,06/01/2023 13:05:28,2023,2023-MAY,other_solids,0.1877,lmprs,
04/29/2023,05/03/2023,2023,Apr,,19.20,2.7079,10.07,18.52,9.40,17.95,8.80,2.4018,1.1551,1.8775,1.9406,1.7942,0.4398,Announcement of Class and Component Prices (PDF),DYMCLASSPRICES,2991,Dairy MMR,DY-WA,Washington,DC,"Washington, DC",Washington,DC,FMMOS,FMMOS - non-mars,05/03/2023 13:06:24,2023,2023-APR,other_solids,0.2479,lmprs,
04/01/2023,04/05/2023,2023,Mar,,19.52,2.7370,10.30,18.10,8.85,18.38,9.14,2.4258,1.1935,1.8399,1.9503,1.7188,0.4261,Announcement of Class and Component Prices (PDF),DYMCLASSPRICES,2991,Dairy MMR,DY-WA,Washington,DC,"Washington, DC",Washington,DC,FMMOS,FMMOS - non-mars,04/05/2023 13:05:21,2023,2023-MAR,other_solids,0.2338,lmprs,
02/25/2023,03/01/2023,2023,Feb,,20.83,2.7248,11.70,17.78,8.57,18.86,9.69,2.4158,1.2553,1.8224,1.9874,1.6602,0.4031,Announcement of Class and Component Prices (PDF),DYMCLASSPRICES,2991,Dairy MMR,DY-WA,Washington,DC,"Washington, DC",Washington,DC,FMMOS,FMMOS - non-mars,03/01/2023 13:05:11,2023,2023-FEB,other_solids,0.2101,lmprs,
01/28/2023,02/01/2023,2023,Jan,,21.61,2.7783,12.32,19.43,10.08,20.01,10.68,2.4599,1.3662,1.9767,2.1147,1.8226,0.4266,Announcement of Class and Component Prices (PDF),DYMCLASSPRICES,2991,Dairy MMR,DY-WA,Washington,DC,"Washington, DC",Washington,DC,FMMOS,FMMOS - non-mars,02/01/2023 13:04:20,2023,2023-JAN,other_solids,0.2343,lmprs,
12/31/2022,01/05/2023,2022,Dec,,23.11,3.1609,12.48,20.50,9.80,22.12,11.48,2.7759,1.4559,2.0555,2.1594,1.9293,0.4566,Announcement of Class and Component Prices (PDF),DYMCLASSPRICES,2991,Dairy MMR,DY-WA,Washington,DC,"Washington, DC",Washington,DC,FMMOS,FMMOS - non-mars,01/05/2023 13:01:32,2022,2022-DEC,other_solids,0.2652,lmprs,
11/26/2022,11/30/2022,2022,Nov,,24.67,3.3790,13.31,21.01,9.54,23.30,11.91,2.9560,1.5045,2.0897,2.0748,2.0744,0.4745,Announcement of Class and Component Prices (PDF),DYMCLASSPRICES,2991,Dairy MMR,DY-WA,Washington,DC,"Washington, DC",Washington,DC,FMMOS,FMMOS - non-mars,11/30/2022 13:08:10,2022,2022-NOV,other_solids,0.2837,lmprs,
10/29/2022,11/02/2022,2022,Oct,,25.73,3.6637,13.37,21.81,9.34,24.96,12.60,3.1911,1.5819,2.1560,2.0453,2.2210,0.4857,Announcement of Class and Component Prices (PDF),DYMCLASSPRICES,2991,Dairy MMR,DY-WA,Washington,DC,"Washington, DC",Washington,DC,FMMOS,FMMOS - non-mars,11/02/2022 13:05:49,2022,2022-OCT,other_solids,0.2952,lmprs,
10/01/2022,10/05/2022,2022,Sep,,26.51,3.5723,14.52,19.82,7.61,24.63,12.59,3.1156,1.5803,1.9503,1.8835,1.9830,0.4902,Announcement of Class and Component Prices (PDF),DYMCLASSPRICES,2991,Dairy MMR,DY-WA,Washington,DC,"Washington, DC",Washington,DC,FMMOS,FMMOS - non-mars,10/05/2022 13:05:11,2022,2022-SEP,other_solids,0.2998,lmprs,
08/27/2022,08/31/2022,2022,Aug,,26.91,3.4071,15.53,20.10,8.50,24.81,13.38,2.9792,1.6690,1.9761,1.9484,1.9698,0.5045,Announcement of Class and Component Prices (PDF),DYMCLASSPRICES,2991,Dairy MMR,DY-WA,Washington,DC,"Washington, DC",Washington,DC,FMMOS,FMMOS - non-mars,08/31/2022 13:05:24,2022,2022-AUG,other_solids,0.3146,lmprs,
07/30/2022,08/03/2022,2022,Jul,,26.66,3.3670,15.42,22.52,11.15,25.79,14.54,2.9461,1.8001,2.2019,2.1622,2.2054,0.5482,Announcement of Class and Component Prices (PDF),DYMCLASSPRICES,2991,Dairy MMR,DY-WA,Washington,DC,"Washington, DC",Washington,DC,FMMOS,FMMOS - non-mars,08/03/2022 13:07:36,2022,2022-JUL,other_solids,0.3596,lmprs,
06/25/2022,06/29/2022,2022,Jun,,26.65,3.3393,15.50,24.33,13.13,25.83,14.68,2.9232,1.8156,2.3498,2.3214,2.3472,0.6161,Announcement of Class and Component Prices (PDF),DYMCLASSPRICES,2991,Dairy MMR,DY-WA,Washington,DC,"Washington, DC",Washington,DC,FMMOS,FMMOS - non-mars,06/29/2022 13:04:26,2022,2022-JUN,other_solids,0.4295,lmprs,
05/28/2022,06/02/2022,2022,May,,25.87,3.1126,15.52,25.21,14.86,24.99,14.63,2.7360,1.8095,2.4161,2.3798,2.4187,0.6707,Announcement of Class and Component Prices (PDF),DYMCLASSPRICES,2991,Dairy MMR,DY-WA,Washington,DC,"Washington, DC",Washington,DC,FMMOS,FMMOS - non-mars,06/02/2022 13:04:58,2022,2022-MAY,other_solids,0.4857,lmprs,
04/30/2022,05/04/2022,2022,Apr,,25.71,3.1531,15.21,24.42,13.90,25.31,14.82,2.7694,1.8314,2.2910,2.2759,2.2759,0.7394,Announcement of Class and Component Prices (PDF),DYMCLASSPRICES,2991,Dairy MMR,DY-WA,Washington,DC,"Washington, DC",Washington,DC,FMMOS,FMMOS - non-mars,05/04/2022 13:05:49,2022,2022-APR,other_solids,0.5565,lmprs,
03/26/2022,03/30/2022,2022,Mar,,24.76,3.1005,14.41,22.45,12.04,24.82,14.50,2.7260,1.7954,2.0548,2.0748,2.0066,0.7943,Announcement of Class and Component Prices (PDF),DYMCLASSPRICES,2991,Dairy MMR,DY-WA,Washington,DC,"Washington, DC",Washington,DC,FMMOS,FMMOS - non-mars,03/30/2022 13:05:10,2022,2022-MAR,other_solids,0.6131,lmprs,
02/26/2022,03/02/2022,2022,Feb,,23.79,3.0288,13.67,20.91,10.71,24.00,13.91,2.6668,1.7284,1.9068,1.9091,1.8746,0.7800,Announcement of Class and Component Prices (PDF),DYMCLASSPRICES,2991,Dairy MMR,DY-WA,Washington,DC,"Washington, DC",Washington,DC,FMMOS,FMMOS - non-mars,03/02/2022 13:02:51,2022,2022-FEB,other_solids,0.5983,lmprs,
01/29/2022,02/02/2022,2022,Jan,,22.83,2.9637,12.91,20.38,10.40,23.09,13.20,2.6130,1.6488,1.8978,1.9787,1.7951,0.7087,Announcement of Class and Component Prices (PDF),DYMCLASSPRICES,2991,Dairy MMR,DY-WA,Washington,DC,"Washington, DC",Washington,DC,FMMOS,FMMOS - non-mars,02/02/2022 13:05:34,2022,2022-JAN,other_solids,0.5249,lmprs,
01/01/2022,01/05/2022,2021,Dec,,19.84,2.2989,12.22,18.36,10.71,19.88,12.29,2.0641,1.5471,1.7542,1.8633,1.6263,0.6391,Announcement of Class and Component Prices (PDF),DYMCLASSPRICES,2991,Dairy MMR,DY-WA,Washington,DC,"Washington, DC",Washington,DC,FMMOS,FMMOS - non-mars,01/05/2022 13:26:36,2021,2021-DEC,other_solids,0.4532,lmprs,
11/27/2021,12/01/2021,2021,Nov,,18.40,2.1611,11.23,18.03,10.87,18.79,11.66,1.9503,1.4769,1.7588,1.7605,1.7272,0.5825,Announcement of Class and Component Prices (PDF),DYMCLASSPRICES,2991,Dairy MMR,DY-WA,Washington,DC,"Washington, DC",Washington,DC,FMMOS,FMMOS - non-mars,12/01/2021 13:04:41,2021,2021-NOV,other_solids,0.3949,lmprs,
10/30/2021,11/03/2021,2021,Oct,,17.08,1.9484,10.63,17.83,11.44,17.04,10.62,1.7746,1.3598,1.7698,1.8070,1.7011,0.5447,Announcement of Class and Component Prices (PDF),DYMCLASSPRICES,2991,Dairy MMR,DY-WA,Washington,DC,"Washington, DC",Washington,DC,FMMOS,FMMOS - non-mars,11/03/2021 13:05:14,2021,2021-OCT,other_solids,0.3560,lmprs,
09/25/2021,09/29/2021,2021,Sep,,16.89,1.9458,10.45,16.53,10.10,16.36,9.92,1.7725,1.2816,1.6411,1.7761,1.4873,0.5336,Announcement of Class and Component Prices (PDF),DYMCLASSPRICES,2991,Dairy MMR,DY-WA,Washington,DC,"Washington, DC",Washington,DC,FMMOS,FMMOS - non-mars,09/29/2021 13:06:40,2021,2021-SEP,other_solids,0.3445,lmprs,
08/28/2021,09/01/2021,2021,Aug,,16.51,1.8578,10.37,15.95,9.82,15.92,9.78,1.6998,1.2660,1.5680,1.6902,1.4371,0.5617,Announcement of Class and Component Prices (PDF),DYMCLASSPRICES,2991,Dairy MMR,DY-WA,Washington,DC,"Washington, DC",Washington,DC,FMMOS,FMMOS - non-mars,09/01/2021 13:04:00,2021,2021-AUG,other_solids,0.3735,lmprs,
07/31/2021,08/04/2021,2021,Jul,,16.83,1.9066,10.53,16.49,10.20,16.00,9.69,1.7401,1.2552,1.5956,1.5948,1.5663,0.6050,Announcement of Class and Component Prices (PDF),DYMCLASSPRICES,2991,Dairy MMR,DY-WA,Washington,DC,"Washington, DC",Washington,DC,FMMOS,FMMOS - non-mars,08/04/2021 13:05:40,2021,2021-JUL,other_solids,0.4181,lmprs,
06/26/2021,06/30/2021,2021,Jun,,16.66,1.9711,10.12,17.21,10.71,16.35,9.82,1.7934,1.2696,1.6439,1.6058,1.6506,0.6437,Announcement of Class and Component Prices (PDF),DYMCLASSPRICES,2991,Dairy MMR,DY-WA,Washington,DC,"Washington, DC",Washington,DC,FMMOS,FMMOS - non-mars,06/30/2021 13:04:48,2021,2021-JUN,other_solids,0.4579,lmprs,
05/29/2021,06/03/2021,2021,May,,16.22,1.9921,9.58,18.96,12.45,16.16,9.55,1.8107,1.2392,1.8206,1.8072,1.8035,0.6501,Announcement of Class and Component Prices (PDF),DYMCLASSPRICES,2991,Dairy MMR,DY-WA,Washington,DC,"Washington, DC",Washington,DC,FMMOS,FMMOS - non-mars,06/03/2021 13:06:19,2021,2021-MAY,other_solids,0.4645,lmprs,
05/01/2021,05/05/2021,2021,Apr,,15.56,1.9566,9.03,17.67,11.24,15.42,8.91,1.7814,1.1680,1.7106,1.7918,1.6011,0.6135,Announcement of Class and Component Prices (PDF),DYMCLASSPRICES,2991,Dairy MMR,DY-WA,Washington,DC,"Washington, DC",Washington,DC,FMMOS,FMMOS - non-mars,05/05/2021 13:08:26,2021,2021-APR,other_solids,0.4268,lmprs,
03/27/2021,03/31/2021,2021,Mar,,15.07,1.7246,9.36,16.15,10.51,14.18,8.46,1.5898,1.1169,1.5981,1.6695,1.5023,0.5537,Announcement of Class and Component Prices (PDF),DYMCLASSPRICES,2991,Dairy MMR,DY-WA,Washington,DC,"Washington, DC",Washington,DC,FMMOS,FMMOS - non-mars,03/31/2021 13:03:13,2021,2021-MAR,other_solids,0.3652,lmprs,
02/27/2021,03/03/2021,2021,Feb,,14.00,1.4446,9.27,15.75,11.11,13.19,8.45,1.3586,1.1164,1.5954,1.6870,1.4841,0.5060,Announcement of Class and Component Prices (PDF),DYMCLASSPRICES,2991,Dairy MMR,DY-WA,Washington,DC,"Washington, DC",Washington,DC,FMMOS,FMMOS - non-mars,03/03/2021 13:04:40,2021,2021-FEB,other_solids,0.3161,lmprs,
01/30/2021,02/03/2021,2021,Jan,,14.18,1.5611,9.03,16.04,10.99,13.75,8.61,1.4548,1.1345,1.6502,1.7171,1.5601,0.4595,Announcement of Class and Component Prices (PDF),DYMCLASSPRICES,2991,Dairy MMR,DY-WA,Washington,DC,"Washington, DC",Washington,DC,FMMOS,FMMOS - non-mars,02/03/2021 13:02:18,2021,2021-JAN,other_solids,0.2682,lmprs,
12/26/2020,12/30/2020,2020,Dec,,14.01,1.5469,8.91,15.72,10.71,13.36,8.26,1.4431,1.0951,1.6433,1.7708,1.4944,0.4171,Announcement of Class and Component Prices (PDF),DYMCLASSPRICES,2991,Dairy MMR,DY-WA,Washington,DC,"Washington, DC",Washington,DC,FMMOS,FMMOS - non-mars,12/30/2020 13:03:18,2020,2020-DEC,other_solids,0.2245,lmprs,
11/28/2020,12/02/2020,2020,Nov,,13.86,1.5623,8.70,23.34,18.55,13.30,8.14,1.4558,1.0816,2.4535,2.5808,2.2929,0.3830,Announcement of Class and Component Prices (PDF),DYMCLASSPRICES,2991,Dairy MMR,DY-WA,Washington,DC,"Washington, DC",Washington,DC,FMMOS,FMMOS - non-mars,12/02/2020 13:06:51,2020,2020-NOV,other_solids,0.1894,lmprs,
10/31/2020,11/04/2020,2020,Oct,,13.63,1.6458,8.15,21.61,16.45,13.47,8.01,1.5248,1.0670,2.2921,2.5692,1.9640,0.3480,Announcement of Class and Component Prices (PDF),DYMCLASSPRICES,2991,Dairy MMR,DY-WA,Washington,DC,"Washington, DC",Washington,DC,FMMOS,FMMOS - non-mars,11/04/2020 12:56:06,2020,2020-OCT,other_solids,0.1534,lmprs,
09/26/2020,09/30/2020,2020,Sep,,13.16,1.6002,7.83,16.43,11.25,12.75,7.43,1.4871,1.0014,1.7741,1.9496,1.5736,0.3196,Announcement of Class and Component Prices (PDF),DYMCLASSPRICES,2991,Dairy MMR,DY-WA,Washington,DC,"Washington, DC",Washington,DC,FMMOS,FMMOS - non-mars,09/30/2020 13:06:10,2020,2020-SEP,other_solids,0.1241,lmprs,
08/29/2020,09/02/2020,2020,Aug,,13.27,1.6345,7.82,19.77,14.58,12.53,7.08,1.5154,0.9619,2.1099,2.2144,1.9817,0.3338,Announcement of Class and Component Prices (PDF),DYMCLASSPRICES,2991,Dairy MMR,DY-WA,Washington,DC,"Washington, DC",Washington,DC,FMMOS,FMMOS - non-mars,09/02/2020 13:07:48,2020,2020-AUG,other_solids,0.1387,lmprs,
08/01/2020,08/05/2020,2020,Jul,,13.79,1.9653,7.16,24.54,18.33,13.76,7.16,1.7886,0.9717,2.5873,2.6978,2.4374,0.3440,Announcement of Class and Component Prices (PDF),DYMCLASSPRICES,2991,Dairy MMR,DY-WA,Washington,DC,"Washington, DC",Washington,DC,FMMOS,FMMOS - non-mars,08/05/2020 13:05:32,2020,2020-JUL,other_solids,0.1492,lmprs,
06/27/2020,07/01/2020,2020,Jun,,12.99,1.8661,6.69,21.04,15.06,12.90,6.62,1.7067,0.9106,2.2152,2.2566,2.1482,0.3638,Announcement of Class and Component Prices (PDF),DYMCLASSPRICES,2991,Dairy MMR,DY-WA,Washington,DC,"Washington, DC",Washington,DC,FMMOS,FMMOS - non-mars,07/01/2020 13:06:28,2020,2020-JUN,other_solids,0.1696,lmprs,
05/30/2020,06/03/2020,2020,May,,12.30,1.3826,7.73,12.14,7.59,10.67,6.07,1.3074,0.8492,1.2990,1.3049,1.2641,0.3818,Announcement of Class and Component Prices (PDF),DYMCLASSPRICES,2991,Dairy MMR,DY-WA,Washington,DC,"Washington, DC",Washington,DC,FMMOS,FMMOS - non-mars,06/03/2020 13:03:03,2020,2020-MAY,other_solids,0.1882,lmprs,
04/25/2020,04/29/2020,2020,Apr,,13.87,1.3288,9.55,13.07,8.75,11.40,7.02,1.2630,0.9552,1.4026,1.5264,1.2744,0.3732,Announcement of Class and Component Prices (PDF),DYMCLASSPRICES,2991,Dairy MMR,DY-WA,Washington,DC,"Washington, DC",Washington,DC,FMMOS,FMMOS - non-mars,04/29/2020 13:03:20,2020,2020-APR,other_solids,0.1793,lmprs,
03/28/2020,04/01/2020,2020,Mar,,16.75,1.9247,10.38,16.25,9.88,14.87,8.45,1.7551,1.1160,1.7091,1.8133,1.5761,0.3748,Announcement of Class and Component Prices (PDF),DYMCLASSPRICES,2991,Dairy MMR,DY-WA,Washington,DC,"Washington, DC",Washington,DC,FMMOS,FMMOS - non-mars,04/01/2020 13:04:59,2020,2020-MAR,other_solids,0.1810,lmprs,
02/29/2020,03/04/2020,2020,Feb,,16.84,1.9883,10.24,17.00,10.43,16.20,9.60,1.8076,1.2453,1.7884,1.9467,1.6007,0.3690,Announcement of Class and Component Prices (PDF),DYMCLASSPRICES,2991,Dairy MMR,DY-WA,Washington,DC,"Washington, DC",Washington,DC,FMMOS,FMMOS - non-mars,03/04/2020 13:22:00,2020,2020-FEB,other_solids,0.1750,lmprs,
02/01/2020,02/05/2020,2020,Jan,,17.05,2.1187,9.98,17.05,10.01,16.65,9.60,1.9153,1.2451,1.8092,1.8995,1.6869,0.3367,Announcement of Class and Component Prices (PDF),DYMCLASSPRICES,2991,Dairy MMR,DY-WA,Washington,DC,"Washington, DC",Washington,DC,FMMOS,FMMOS - non-mars,02/05/2020 13:07:49,2020,2020-JAN,other_solids,0.1417,lmprs,
12/28/2019,01/02/2020,2019,Dec,,16.81,2.2022,9.43,19.37,12.11,16.70,9.34,1.9842,1.2161,2.0509,1.9363,2.1395,0.3293,Announcement of Class and Component Prices (PDF),DYMCLASSPRICES,2991,Dairy MMR,DY-WA,Washington,DC,"Washington, DC",Washington,DC,FMMOS,FMMOS - non-mars,01/02/2020 13:02:40,2019,2019-DEC,other_solids,0.1341,lmprs,
11/30/2019,12/04/2019,2019,Nov,,16.85,2.3265,9.02,20.45,12.78,16.60,8.79,2.0869,1.1540,2.1723,2.0987,2.2280,0.3071,Announcement of Class and Component Prices (PDF),DYMCLASSPRICES,2991,Dairy MMR,DY-WA,Washington,DC,"Washington, DC",Washington,DC,FMMOS,FMMOS - non-mars,12/04/2019 13:05:21,2019,2019-NOV,other_solids,0.1112,lmprs,
10/26/2019,10/30/2019,2019,Oct,,16.68,2.4101,8.54,18.72,10.68,16.39,8.27,2.1559,1.0957,1.9694,2.0569,1.8379,0.3396,Announcement of Class and Component Prices (PDF),DYMCLASSPRICES,2991,Dairy MMR,DY-WA,Washington,DC,"Washington, DC",Washington,DC,FMMOS,FMMOS - non-mars,10/30/2019 13:03:28,2019,2019-OCT,other_solids,0.1447,lmprs,
09/28/2019,10/02/2019,2019,Sep,,16.93,2.5052,8.46,18.31,9.91,16.35,7.88,2.2344,1.0519,1.9053,1.9843,1.7913,0.3698,Announcement of Class and Component Prices (PDF),DYMCLASSPRICES,2991,Dairy MMR,DY-WA,Washington,DC,"Washington, DC",Washington,DC,FMMOS,FMMOS - non-mars,10/02/2019 13:08:22,2019,2019-SEP,other_solids,0.1758,lmprs,
08/31/2019,09/05/2019,2019,Aug,,17.60,2.6644,8.57,17.60,8.60,16.74,7.71,2.3659,1.0335,1.8276,,,0.3671,Announcement of Class and Component Prices (PDF),DYMCLASSPRICES,2991,Dairy MMR,DY-WA,Washington,DC,"Washington, DC",Washington,DC,FMMOS,FMMOS - non-mars,09/05/2019 13:05:13,2019,2019-AUG,other_solids,0.1730,lmprs,
07/27/2019,07/31/2019,2019,Jul,,17.61,2.6928,8.48,17.55,8.45,16.90,7.77,2.3893,1.0393,1.8238,,,0.3631,Announcement of Class and Component Prices (PDF),DYMCLASSPRICES,2991,Dairy MMR,DY-WA,Washington,DC,"Washington, DC",Washington,DC,FMMOS,FMMOS - non-mars,07/31/2019 13:05:14,2019,2019-JUL,other_solids,0.1689,lmprs,
06/29/2019,07/03/2019,2019,Jun,,17.30,2.6649,8.26,16.27,7.22,16.83,7.80,2.3663,1.0431,1.6910,,,0.3643,Announcement of Class and Component Prices (PDF),DYMCLASSPRICES,2991,Dairy MMR,DY-WA,Washington,DC,"Washington, DC",Washington,DC,FMMOS,FMMOS - non-mars,07/03/2019 13:03:40,2019,2019-JUN,other_solids,0.1702,lmprs,
06/01/2019,06/05/2019,2019,May,,16.48,2.5788,7.72,16.38,7.65,16.29,7.55,2.2952,1.0149,1.6974,,,0.3784,Announcement of Class and Component Prices (PDF),DYMCLASSPRICES,2991,Dairy MMR,DY-WA,Washington,DC,"Washington, DC",Washington,DC,FMMOS,FMMOS - non-mars,06/05/2019 13:05:15,2019,2019-MAY,other_solids,0.1847,lmprs,
04/27/2019,05/01/2019,2019,Apr,,16.38,2.5445,7.75,15.96,7.34,15.72,7.09,2.2669,0.9641,1.6468,,,0.3923,Announcement of Class and Component Prices (PDF),DYMCLASSPRICES,2991,Dairy MMR,DY-WA,Washington,DC,"Washington, DC",Washington,DC,FMMOS,FMMOS - non-mars,05/01/2019 13:05:18,2019,2019-APR,other_solids,0.1990,lmprs,
03/30/2019,04/03/2019,2019,Mar,,16.61,2.5531,7.95,15.04,6.35,15.71,7.05,2.2740,0.9589,1.5383,,,0.4127,Announcement of Class and Component Prices (PDF),DYMCLASSPRICES,2991,Dairy MMR,DY-WA,Washington,DC,"Washington, DC",Washington,DC,FMMOS,FMMOS - non-mars,04/03/2019 13:05:13,2019,2019-MAR,other_solids,0.2200,lmprs,
02/23/2019,02/27/2019,2019,Feb,,16.13,2.5415,7.50,13.89,5.20,15.86,7.24,2.2644,0.9800,1.3940,,,0.4545,Announcement of Class and Component Prices (PDF),DYMCLASSPRICES,2991,Dairy MMR,DY-WA,Washington,DC,"Washington, DC",Washington,DC,FMMOS,FMMOS - non-mars,02/27/2019 13:05:35,2019,2019-FEB,other_solids,0.2631,lmprs,
01/26/2019,01/30/2019,2019,Jan,,15.74,2.5051,7.22,13.96,5.41,15.48,6.98,2.2343,0.9513,1.3868,,,0.4805,Announcement of Class and Component Prices (PDF),DYMCLASSPRICES,2991,Dairy MMR,DY-WA,Washington,DC,"Washington, DC",Washington,DC,FMMOS,FMMOS - non-mars,01/30/2019 13:10:29,2019,2019-JAN,other_solids,0.2898,lmprs,
12/29/2018,01/03/2019,2018,Dec,,15.67,2.5150,7.12,13.78,5.18,15.09,6.54,2.2425,0.9020,1.3742,,,0.4685,Announcement of Class and Component Prices (PDF),DYMCLASSPRICES,2991,Dairy MMR,DY-WA,Washington,DC,"Washington, DC",Washington,DC,FMMOS,FMMOS - non-mars,01/03/2019 13:05:53,2018,2018-DEC,other_solids,0.2775,lmprs,
12/01/2018,12/05/2018,2018,Nov,,15.63,2.5455,6.96,14.44,5.76,15.06,6.40,2.2677,0.8860,1.4463,,,0.4626,Announcement of Class and Component Prices (PDF),DYMCLASSPRICES,2991,Dairy MMR,DY-WA,Washington,DC,"Washington, DC",Washington,DC,FMMOS,FMMOS - non-mars,12/05/2018 13:03:22,2018,2018-NOV,other_solids,0.2714,lmprs,
10/27/2018,10/31/2018,2018,Oct,,15.54,2.5621,6.81,15.53,6.83,15.01,6.29,2.2814,0.8739,1.5686,,,0.4470,Announcement of Class and Component Prices (PDF),DYMCLASSPRICES,2991,Dairy MMR,DY-WA,Washington,DC,"Washington, DC",Washington,DC,FMMOS,FMMOS - non-mars,10/31/2018 13:14:21,2018,2018-OCT,other_solids,0.2553,lmprs,
09/29/2018,10/03/2018,2018,Sep,,15.13,2.5512,6.43,16.09,7.45,14.81,6.12,2.2724,0.8548,1.6533,,,0.4028,Announcement of Class and Component Prices (PDF),DYMCLASSPRICES,2991,Dairy MMR,DY-WA,Washington,DC,"Washington, DC",Washington,DC,FMMOS,FMMOS - non-mars,10/03/2018 13:06:16,2018,2018-SEP,other_solids,0.2098,lmprs,
08/25/2018,08/29/2018,2018,Aug,,15.07,2.6079,6.16,14.95,6.06,14.63,5.73,2.3192,0.8111,1.5544,,,0.3681,Announcement of Class and Component Prices (PDF),DYMCLASSPRICES,2991,Dairy MMR,DY-WA,Washington,DC,"Washington, DC",Washington,DC,FMMOS,FMMOS - non-mars,08/29/2018 13:28:17,2018,2018-AUG,other_solids,0.1741,lmprs,
07/28/2018,08/01/2018,2018,Jul,,15.20,2.5357,6.55,14.10,5.44,14.14,5.48,2.2596,0.7824,1.4868,,,0.3372,Announcement of Class and Component Prices (PDF),DYMCLASSPRICES,2991,Dairy MMR,DY-WA,Washington,DC,"Washington, DC",Washington,DC,FMMOS,FMMOS - non-mars,08/01/2018 13:03:26,2018,2018-JUL,other_solids,0.1422,lmprs,
06/30/2018,07/05/2018,2018,Jun,,15.48,2.6762,6.33,15.21,6.08,14.91,5.77,2.3756,0.8150,1.6150,,,0.3086,Announcement of Class and Component Prices (PDF),DYMCLASSPRICES,2991,Dairy MMR,DY-WA,Washington,DC,"Washington, DC",Washington,DC,FMMOS,FMMOS - non-mars,07/05/2018 13:03:18,2018,2018-JUN,other_solids,0.1128,lmprs,
05/26/2018,05/31/2018,2018,May,,14.47,2.6309,5.45,15.18,6.21,14.57,5.58,2.3382,0.7937,1.6353,,,0.2711,Announcement of Class and Component Prices (PDF),DYMCLASSPRICES,2991,Dairy MMR,DY-WA,Washington,DC,"Washington, DC",Washington,DC,FMMOS,FMMOS - non-mars,05/31/2018 13:05:26,2018,2018-MAY,other_solids,0.0742,lmprs,
04/28/2018,05/02/2018,2018,Apr,,14.03,2.5183,5.41,14.47,5.89,13.48,4.86,2.2452,0.7134,1.5737,,,0.2592,Announcement of Class and Component Prices (PDF),DYMCLASSPRICES,2991,Dairy MMR,DY-WA,Washington,DC,"Washington, DC",Washington,DC,FMMOS,FMMOS - non-mars,05/02/2018 13:05:35,2018,2018-APR,other_solids,0.0619,lmprs,
03/31/2018,04/04/2018,2018,Mar,,13.88,2.4343,5.55,14.22,5.93,13.04,4.71,2.1759,0.6963,1.5542,,,0.2531,Announcement of Class and Component Prices (PDF),DYMCLASSPRICES,2991,Dairy MMR,DY-WA,Washington,DC,"Washington, DC",Washington,DC,FMMOS,FMMOS - non-mars,04/04/2018 13:05:22,2018,2018-MAR,other_solids,0.0556,lmprs,
02/24/2018,02/28/2018,2018,Feb,,13.44,2.3560,5.38,13.40,5.37,12.87,4.82,2.1112,0.7084,1.4727,,,0.2525,Announcement of Class and Component Prices (PDF),DYMCLASSPRICES,2991,Dairy MMR,DY-WA,Washington,DC,"Washington, DC",Washington,DC,FMMOS,FMMOS - non-mars,02/28/2018 13:05:27,2018,2018-FEB,other_solids,0.0550,lmprs,
01/27/2018,01/31/2018,2018,Jan,,14.11,2.4601,5.70,14.00,5.61,13.13,4.71,2.1972,0.6966,1.5175,,,0.2755,Announcement of Class and Component Prices (PDF),DYMCLASSPRICES,2991,Dairy MMR,DY-WA,Washington,DC,"Washington, DC",Washington,DC,FMMOS,FMMOS - non-mars,01/31/2018 13:05:37,2018,2018-JAN,other_solids,0.0787,lmprs,
12/30/2017,01/04/2018,2017,Dec,,14.49,2.5021,5.94,15.44,6.95,13.51,4.95,2.2319,0.7237,1.6481,,,0.3030,Announcement of Class and Component Prices (PDF),DYMCLASSPRICES,2991,Dairy MMR,DY-WA,Washington,DC,"Washington, DC",Washington,DC,FMMOS,FMMOS - non-mars,01/04/2018 13:05:59,2017,2017-DEC,other_solids,0.1070,lmprs,
11/25/2017,11/29/2017,2017,Nov,,15.32,2.5616,6.58,16.88,8.23,13.99,5.23,2.2810,0.7553,1.7617,,,0.3587,Announcement of Class and Component Prices (PDF),DYMCLASSPRICES,2991,Dairy MMR,DY-WA,Washington,DC,"Washington, DC",Washington,DC,FMMOS,FMMOS - non-mars,11/29/2017 13:05:28,2017,2017-NOV,other_solids,0.1644,lmprs,
10/28/2017,11/01/2017,2017,Oct,,15.95,2.6716,6.84,16.69,7.63,14.85,5.72,2.3718,0.8099,1.7254,,,0.3790,Announcement of Class and Component Prices (PDF),DYMCLASSPRICES,2991,Dairy MMR,DY-WA,Washington,DC,"Washington, DC",Washington,DC,FMMOS,FMMOS - non-mars,11/01/2017 13:05:31,2017,2017-OCT,other_solids,0.1853,lmprs,
09/30/2017,10/04/2017,2017,Sep,,16.80,2.8629,7.03,16.36,6.59,15.86,6.08,2.5298,0.8499,1.6608,,,0.4167,Announcement of Class and Component Prices (PDF),DYMCLASSPRICES,2991,Dairy MMR,DY-WA,Washington,DC,"Washington, DC",Washington,DC,FMMOS,FMMOS - non-mars,10/04/2017 13:07:11,2017,2017-SEP,other_solids,0.2241,lmprs,
08/26/2017,08/30/2017,2017,Aug,,17.56,3.0179,7.25,16.57,6.25,16.61,6.29,2.6578,0.8733,1.6664,,,0.4345,Announcement of Class and Component Prices (PDF),DYMCLASSPRICES,2991,Dairy MMR,DY-WA,Washington,DC,"Washington, DC",Washington,DC,FMMOS,FMMOS - non-mars,08/30/2017 13:07:16,2017,2017-AUG,other_solids,0.2425,lmprs,
07/29/2017,08/02/2017,2017,Jul,,17.48,2.9526,7.41,15.45,5.33,16.60,6.52,2.6039,0.8991,1.5430,,,0.4514,Announcement of Class and Component Prices (PDF),DYMCLASSPRICES,2991,Dairy MMR,DY-WA,Washington,DC,"Washington, DC",Washington,DC,FMMOS,FMMOS - non-mars,08/02/2017 13:18:44,2017,2017-JUL,other_solids,0.2599,lmprs,
06/24/2017,06/28/2017,2017,Jun,,16.15,2.7136,6.89,16.44,7.22,15.89,6.65,2.4065,0.9137,1.6293,,,0.4917,Announcement of Class and Component Prices (PDF),DYMCLASSPRICES,2991,Dairy MMR,DY-WA,Washington,DC,"Washington, DC",Washington,DC,FMMOS,FMMOS - non-mars,06/28/2017 13:03:02,2017,2017-JUN,other_solids,0.3014,lmprs,
05/27/2017,06/01/2017,2017,May,,14.84,2.4204,6.60,15.57,7.38,14.49,6.26,2.1644,0.8704,1.5390,,,0.5094,Announcement of Class and Component Prices (PDF),DYMCLASSPRICES,2991,Dairy MMR,DY-WA,Washington,DC,"Washington, DC",Washington,DC,FMMOS,FMMOS - non-mars,06/01/2017 13:05:29,2017,2017-MAY,other_solids,0.3196,lmprs,
04/29/2017,05/03/2017,2017,Apr,,14.81,2.3618,6.78,15.22,7.23,14.01,5.98,2.1160,0.8386,1.4960,,,0.5243,Announcement of Class and Component Prices (PDF),DYMCLASSPRICES,2991,Dairy MMR,DY-WA,Washington,DC,"Washington, DC",Washington,DC,FMMOS,FMMOS - non-mars,05/03/2017 13:05:57,2017,2017-APR,other_solids,0.3350,lmprs,
04/01/2017,04/05/2017,2017,Mar,,16.21,2.4246,8.00,15.81,7.61,14.32,6.07,2.1679,0.8493,1.5551,,,0.5239,Announcement of Class and Component Prices (PDF),DYMCLASSPRICES,2991,Dairy MMR,DY-WA,Washington,DC,"Washington, DC",Washington,DC,FMMOS,FMMOS - non-mars,04/05/2017 13:05:00,2017,2017-MAR,other_solids,0.3345,lmprs,
02/25/2017,03/01/2017,2017,Feb,,16.52,2.4344,8.29,16.88,8.69,15.59,7.35,2.1760,0.9926,1.6871,,,0.4894,Announcement of Class and Component Prices (PDF),DYMCLASSPRICES,2991,Dairy MMR,DY-WA,Washington,DC,"Washington, DC",Washington,DC,FMMOS,FMMOS - non-mars,03/01/2017 13:01:16,2017,2017-FEB,other_solids,0.2990,lmprs,
01/28/2017,02/01/2017,2017,Jan,,16.36,2.5323,7.77,16.77,8.22,16.19,7.62,2.2568,1.0229,1.7011,,,0.4421,Announcement of Class and Component Prices (PDF),DYMCLASSPRICES,2991,Dairy MMR,DY-WA,Washington,DC,"Washington, DC",Washington,DC,FMMOS,FMMOS - non-mars,02/01/2017 13:06:58,2017,2017-JAN,other_solids,0.2503,lmprs,
12/31/2016,01/05/2017,2016,Dec,,15.26,2.3424,7.32,17.40,9.56,14.97,7.04,2.1000,0.9579,1.7990,,,0.3994,Announcement of Class and Component Prices (PDF),DYMCLASSPRICES,2991,Dairy MMR,DY-WA,Washington,DC,"Washington, DC",Washington,DC,FMMOS,FMMOS - non-mars,01/05/2017 12:55:11,2016,2016-DEC,other_solids,0.2063,lmprs,
11/26/2016,11/30/2016,2016,Nov,,14.60,2.1114,7.47,16.76,9.74,13.76,6.63,1.9092,0.9119,1.7596,,,0.3690,Announcement of Class and Component Prices (PDF),DYMCLASSPRICES,2991,Dairy MMR,DY-WA,Washington,DC,"Washington, DC",Washington,DC,FMMOS,FMMOS - non-mars,11/30/2016 13:04:41,2016,2016-NOV,other_solids,0.1750,lmprs,
10/29/2016,11/02/2016,2016,Oct,,14.09,2.0563,7.14,14.82,7.92,13.66,6.72,1.8637,0.9222,1.5830,,,0.3303,Announcement of Class and Component Prices (PDF),DYMCLASSPRICES,2991,Dairy MMR,DY-WA,Washington,DC,"Washington, DC",Washington,DC,FMMOS,FMMOS - non-mars,11/02/2016 13:47:24,2016,2016-OCT,other_solids,0.1351,lmprs,
10/01/2016,10/05/2016,2016,Sep,,14.66,2.3152,6.79,16.39,8.61,14.25,6.39,2.0775,0.8847,1.7514,,,0.3055,Announcement of Class and Component Prices (PDF),DYMCLASSPRICES,2991,Dairy MMR,DY-WA,Washington,DC,"Washington, DC",Washington,DC,FMMOS,FMMOS - non-mars,10/05/2016 13:04:16,2016,2016-SEP,other_solids,0.1096,lmprs,
08/27/2016,08/31/2016,2016,Aug,,15.21,2.4943,6.71,16.91,8.50,14.65,6.16,2.2254,0.8588,1.8119,,,0.2846,Announcement of Class and Component Prices (PDF),DYMCLASSPRICES,2991,Dairy MMR,DY-WA,Washington,DC,"Washington, DC",Washington,DC,FMMOS,FMMOS - non-mars,08/31/2016 13:03:02,2016,2016-AUG,other_solids,0.0881,lmprs,
07/30/2016,08/03/2016,2016,Jul,,15.16,2.6034,6.27,15.24,6.38,14.84,5.96,2.3155,0.8363,1.6419,,,0.2742,Announcement of Class and Component Prices (PDF),DYMCLASSPRICES,2991,Dairy MMR,DY-WA,Washington,DC,"Washington, DC",Washington,DC,FMMOS,FMMOS - non-mars,08/03/2016 13:09:56,2016,2016-JUL,other_solids,0.0774,lmprs,
06/25/2016,06/29/2016,2016,Jun,,14.12,2.4179,5.86,13.22,4.96,13.77,5.53,2.1623,0.7888,1.4477,,,0.2601,Announcement of Class and Component Prices (PDF),DYMCLASSPRICES,2991,Dairy MMR,DY-WA,Washington,DC,"Washington, DC",Washington,DC,FMMOS,FMMOS - non-mars,06/29/2016 13:03:34,2016,2016-JUN,other_solids,0.0628,lmprs,
05/28/2016,06/02/2016,2016,May,,13.53,2.2916,5.71,12.76,4.94,13.09,5.28,2.0580,0.7607,1.4104,,,0.2505,Announcement of Class and Component Prices (PDF),DYMCLASSPRICES,2991,Dairy MMR,DY-WA,Washington,DC,"Washington, DC",Washington,DC,FMMOS,FMMOS - non-mars,06/02/2016 13:14:45,2016,2016-MAY,other_solids,0.0529,lmprs,
04/30/2016,05/04/2016,2016,Apr,,13.54,2.2446,5.89,13.63,6.01,12.68,5.02,2.0192,0.7307,1.5041,,,0.2466,Announcement of Class and Component Prices (PDF),DYMCLASSPRICES,2991,Dairy MMR,DY-WA,Washington,DC,"Washington, DC",Washington,DC,FMMOS,FMMOS - non-mars,05/04/2016 13:07:06,2016,2016-APR,other_solids,0.0489,lmprs,
03/26/2016,03/30/2016,2016,Mar,,13.57,2.2098,6.05,13.74,6.25,12.74,5.21,1.9905,0.7522,1.5162,,,0.2477,Announcement of Class and Component Prices (PDF),DYMCLASSPRICES,2991,Dairy MMR,DY-WA,Washington,DC,"Washington, DC",Washington,DC,FMMOS,FMMOS - non-mars,03/30/2016 13:05:26,2016,2016-MAR,other_solids,0.0501,lmprs,
02/27/2016,03/02/2016,2016,Feb,,14.30,2.3848,6.17,13.80,5.68,13.49,5.36,2.1350,0.7689,1.5170,,,0.2469,Announcement of Class and Component Prices (PDF),DYMCLASSPRICES,2991,Dairy MMR,DY-WA,Washington,DC,"Washington, DC",Washington,DC,FMMOS,FMMOS - non-mars,03/02/2016 13:14:46,2016,2016-FEB,other_solids,0.0492,lmprs,
01/30/2016,02/03/2016,2016,Jan,,14.19,2.3132,6.31,13.72,5.85,13.31,5.43,2.0759,0.7776,1.5178,,,0.2351,Announcement of Class and Component Prices (PDF),DYMCLASSPRICES,2991,Dairy MMR,DY-WA,Washington,DC,"Washington, DC",Washington,DC,FMMOS,FMMOS - non-mars,02/03/2016 13:05:06,2016,2016-JAN,other_solids,0.0371,lmprs,
12/26/2015,12/30/2015,2015,Dec,,16.71,2.9127,6.75,14.44,4.43,15.52,5.54,2.5709,0.7893,1.5719,,,0.2336,Announcement of Class and Component Prices (PDF),DYMCLASSPRICES,2991,Dairy MMR,DY-WA,Washington,DC,"Washington, DC",Washington,DC,FMMOS,FMMOS - non-mars,12/30/2015 13:04:22,2015,2015-DEC,other_solids,0.0355,lmprs,
11/28/2015,12/02/2015,2015,Nov,,18.26,3.1900,7.35,15.30,4.31,16.89,5.96,2.7999,0.8372,1.6503,,,0.2341,Announcement of Class and Component Prices (PDF),DYMCLASSPRICES,2991,Dairy MMR,DY-WA,Washington,DC,"Washington, DC",Washington,DC,FMMOS,FMMOS - non-mars,12/02/2015 13:11:34,2015,2015-NOV,other_solids,0.0361,lmprs,
10/31/2015,11/04/2015,2015,Oct,,16.44,2.9157,6.46,15.46,5.47,16.43,6.48,2.5734,0.8951,1.6790,,,0.2309,Announcement of Class and Component Prices (PDF),DYMCLASSPRICES,2991,Dairy MMR,DY-WA,Washington,DC,"Washington, DC",Washington,DC,FMMOS,FMMOS - non-mars,11/04/2015 13:33:23,2015,2015-OCT,other_solids,0.0328,lmprs,
09/26/2015,09/30/2015,2015,Sep,,15.36,2.7601,5.91,15.82,6.41,15.08,5.64,2.4449,0.8007,1.7145,,,0.2442,Announcement of Class and Component Prices (PDF),DYMCLASSPRICES,2991,Dairy MMR,DY-WA,Washington,DC,"Washington, DC",Washington,DC,FMMOS,FMMOS - non-mars,09/30/2015 13:06:29,2015,2015-SEP,other_solids,0.0465,lmprs,
08/29/2015,09/02/2015,2015,Aug,,14.54,2.2744,6.82,16.27,8.64,12.90,5.14,2.0438,0.7443,1.7386,,,0.3108,Announcement of Class and Component Prices (PDF),DYMCLASSPRICES,2991,Dairy MMR,DY-WA,Washington,DC,"Washington, DC",Washington,DC,FMMOS,FMMOS - non-mars,09/02/2015 13:02:58,2015,2015-AUG,other_solids,0.1151,lmprs,
08/01/2015,08/05/2015,2015,Jul,,14.70,2.1195,7.55,16.33,9.26,13.15,5.96,1.9159,0.8366,1.6997,,,0.3937,Announcement of Class and Component Prices (PDF),DYMCLASSPRICES,2991,Dairy MMR,DY-WA,Washington,DC,"Washington, DC",Washington,DC,FMMOS,FMMOS - non-mars,08/05/2015 13:00:39,2015,2015-JUL,other_solids,0.2004,lmprs,
06/27/2015,07/01/2015,2015,Jun,,14.77,2.1081,7.66,16.72,9.71,13.90,6.78,1.9065,0.9283,1.7222,,,0.4245,Announcement of Class and Component Prices (PDF),DYMCLASSPRICES,2991,Dairy MMR,DY-WA,Washington,DC,"Washington, DC",Washington,DC,FMMOS,FMMOS - non-mars,07/01/2015 13:32:09,2015,2015-JUN,other_solids,0.2322,lmprs,
05/30/2015,06/03/2015,2015,May,,14.81,2.0669,7.85,16.19,9.31,13.91,6.94,1.8725,0.9464,1.6557,,,0.4450,Announcement of Class and Component Prices (PDF),DYMCLASSPRICES,2991,Dairy MMR,DY-WA,Washington,DC,"Washington, DC",Washington,DC,FMMOS,FMMOS - non-mars,06/03/2015 13:18:15,2015,2015-MAY,other_solids,0.2533,lmprs,
04/25/2015,04/29/2015,2015,Apr,,14.98,1.9010,8.63,15.81,9.51,13.51,7.13,1.7355,0.9684,1.6122,,,0.4610,Announcement of Class and Component Prices (PDF),DYMCLASSPRICES,2991,Dairy MMR,DY-WA,Washington,DC,"Washington, DC",Washington,DC,FMMOS,FMMOS - non-mars,04/29/2015 13:10:22,2015,2015-APR,other_solids,0.2698,lmprs,
03/28/2015,04/01/2015,2015,Mar,,14.50,1.8514,8.31,15.56,9.43,13.80,7.61,1.6945,1.0217,1.5750,,,0.4824,Announcement of Class and Component Prices (PDF),DYMCLASSPRICES,2991,Dairy MMR,DY-WA,Washington,DC,"Washington, DC",Washington,DC,FMMOS,FMMOS - non-mars,04/01/2015 13:31:23,2015,2015-MAR,other_solids,0.2918,lmprs,
02/28/2015,03/04/2015,2015,Feb,,14.48,1.8366,8.34,15.46,9.39,13.82,7.69,1.6823,1.0308,1.5446,,,0.5169,Announcement of Class and Component Prices (PDF),DYMCLASSPRICES,2991,Dairy MMR,DY-WA,Washington,DC,"Washington, DC",Washington,DC,FMMOS,FMMOS - non-mars,03/04/2015 13:02:40,2015,2015-FEB,other_solids,0.3273,lmprs,
01/31/2015,02/04/2015,2015,Jan,,16.18,1.6925,10.63,16.18,10.65,13.23,7.60,1.5633,1.0202,1.5807,,,0.5875,Announcement of Class and Component Prices (PDF),DYMCLASSPRICES,2991,Dairy MMR,DY-WA,Washington,DC,"Washington, DC",Washington,DC,FMMOS,FMMOS - non-mars,02/04/2015 13:08:32,2015,2015-JAN,other_solids,0.4001,lmprs,
12/27/2014,12/31/2014,2014,Dec,,19.09,2.1061,12.14,17.82,10.85,16.70,9.69,1.9049,1.2554,1.7362,,,0.5871,Announcement of Class and Component Prices (PDF),DYMCLASSPRICES,2991,Dairy MMR,DY-WA,Washington,DC,"Washington, DC",Washington,DC,FMMOS,FMMOS - non-mars,12/31/2014 13:28:06,2014,2014-DEC,other_solids,0.3996,lmprs,
11/29/2014,12/03/2014,2014,Nov,,19.91,2.2081,12.62,21.94,14.75,18.21,10.89,1.9891,1.3902,2.1305,,,0.6365,Announcement of Class and Component Prices (PDF),DYMCLASSPRICES,2991,Dairy MMR,DY-WA,Washington,DC,"Washington, DC",Washington,DC,FMMOS,FMMOS - non-mars,12/03/2014 13:13:21,2014,2014-NOV,other_solids,0.4505,lmprs,
11/01/2014,11/05/2014,2014,Oct,,21.93,2.8577,12.36,23.82,14.34,21.35,11.78,2.5255,1.4900,2.2914,,,0.6525,Announcement of Class and Component Prices (PDF),DYMCLASSPRICES,2991,Dairy MMR,DY-WA,Washington,DC,"Washington, DC",Washington,DC,FMMOS,FMMOS - non-mars,11/05/2014 13:49:38,2014,2014-OCT,other_solids,0.4670,lmprs,
09/27/2014,10/01/2014,2014,Sep,,26.11,3.2537,15.26,24.60,13.72,22.58,11.62,2.8525,1.4718,2.3472,,,0.6725,Announcement of Class and Component Prices (PDF),DYMCLASSPRICES,2991,Dairy MMR,DY-WA,Washington,DC,"Washington, DC",Washington,DC,FMMOS,FMMOS - non-mars,10/01/2014 13:37:58,2014,2014-SEP,other_solids,0.4876,lmprs,
08/30/2014,09/04/2014,2014,Aug,,25.34,2.8518,15.92,22.25,12.74,23.89,14.44,2.5206,1.7887,2.1074,,,0.6880,Announcement of Class and Component Prices (PDF),DYMCLASSPRICES,2991,Dairy MMR,DY-WA,Washington,DC,"Washington, DC",Washington,DC,FMMOS,FMMOS - non-mars,09/04/2014 13:52:02,2014,2014-AUG,other_solids,0.5036,lmprs,
07/26/2014,07/30/2014,2014,Jul,,24.41,2.6419,15.71,21.60,12.83,23.78,15.09,2.3473,1.8617,2.0482,,,0.6890,Announcement of Class and Component Prices (PDF),DYMCLASSPRICES,2991,Dairy MMR,DY-WA,Washington,DC,"Washington, DC",Washington,DC,FMMOS,FMMOS - non-mars,07/30/2014 13:22:12,2014,2014-JUL,other_solids,0.5046,lmprs,
06/28/2014,07/02/2014,2014,Jun,,23.94,2.4483,15.93,21.36,13.28,23.13,15.11,2.1874,1.8633,2.0358,,,0.6789,Announcement of Class and Component Prices (PDF),DYMCLASSPRICES,2991,Dairy MMR,DY-WA,Washington,DC,"Washington, DC",Washington,DC,FMMOS,FMMOS - non-mars,07/02/2014 13:05:55,2014,2014-JUN,other_solids,0.4942,lmprs,
05/31/2014,06/04/2014,2014,May,,24.44,2.2791,17.06,22.57,15.15,22.65,15.23,2.0477,1.8768,2.1703,,,0.6745,Announcement of Class and Component Prices (PDF),DYMCLASSPRICES,2991,Dairy MMR,DY-WA,Washington,DC,"Washington, DC",Washington,DC,FMMOS,FMMOS - non-mars,06/04/2014 13:47:22,2014,2014-MAY,other_solids,0.4897,lmprs,
04/26/2014,04/30/2014,2014,Apr,,24.74,2.1277,17.92,24.31,17.50,23.34,16.50,1.9227,2.0191,2.3547,,,0.6774,Announcement of Class and Component Prices (PDF),DYMCLASSPRICES,2991,Dairy MMR,DY-WA,Washington,DC,"Washington, DC",Washington,DC,FMMOS,FMMOS - non-mars,04/30/2014 14:03:41,2014,2014-APR,other_solids,0.4926,lmprs,
03/29/2014,04/02/2014,2014,Mar,,24.22,2.0472,17.67,23.33,16.78,23.66,17.12,1.8562,2.0897,2.2689,,,0.6554,Announcement of Class and Component Prices (PDF),DYMCLASSPRICES,2991,Dairy MMR,DY-WA,Washington,DC,"Washington, DC",Washington,DC,FMMOS,FMMOS - non-mars,04/02/2014 13:03:12,2014,2014-MAR,other_solids,0.4700,lmprs,
03/01/2014,03/05/2014,2014,Feb,,23.73,2.0179,17.27,23.35,16.90,23.46,17.02,1.8320,2.0783,2.2864,,,0.6314,Announcement of Class and Component Prices (PDF),DYMCLASSPRICES,2991,Dairy MMR,DY-WA,Washington,DC,"Washington, DC",Washington,DC,FMMOS,FMMOS - non-mars,03/05/2014 13:32:06,2014,2014-FEB,other_solids,0.4453,lmprs,
02/01/2014,02/05/2014,2014,Jan,,22.21,1.7944,16.51,21.15,15.43,22.29,16.62,1.6475,2.0335,2.0838,,,0.6025,Announcement of Class and Component Prices (PDF),DYMCLASSPRICES,2991,Dairy MMR,DY-WA,Washington,DC,"Washington, DC",Washington,DC,FMMOS,FMMOS - non-mars,02/05/2014 13:33:25,2014,2014-JAN,other_solids,0.4155,lmprs,
12/28/2013,01/02/2014,2013,Dec,,21.66,1.7742,16.01,18.95,13.23,21.54,15.91,1.6308,1.9537,1.8761,,,0.5706,Announcement of Class and Component Prices (PDF),DYMCLASSPRICES,2991,Dairy MMR,DY-WA,Washington,DC,"Washington, DC",Washington,DC,FMMOS,FMMOS - non-mars,01/02/2014 13:04:33,2013,2013-DEC,other_solids,0.3826,lmprs,
11/30/2013,12/04/2013,2013,Nov,,20.76,1.6406,15.56,18.83,13.59,20.52,15.34,1.5205,1.8892,1.8612,,,0.5831,Announcement of Class and Component Prices (PDF),DYMCLASSPRICES,2991,Dairy MMR,DY-WA,Washington,DC,"Washington, DC",Washington,DC,FMMOS,FMMOS - non-mars,12/04/2013 13:42:24,2013,2013-NOV,other_solids,0.3955,lmprs,
10/26/2013,10/30/2013,2013,Oct,,20.56,1.6708,15.25,18.22,12.85,20.17,14.87,1.5454,1.8366,1.8025,,,0.5731,Announcement of Class and Component Prices (PDF),DYMCLASSPRICES,2991,Dairy MMR,DY-WA,Washington,DC,"Washington, DC",Washington,DC,FMMOS,FMMOS - non-mars,10/30/2013 13:29:32,2013,2013-OCT,other_solids,0.3852,lmprs,
09/28/2013,10/18/2013,2013,Sep,,19.78,1.5266,14.96,18.14,13.29,19.43,14.62,1.4263,1.8085,1.7961,,,0.5791,Announcement of Class and Component Prices (PDF),DYMCLASSPRICES,2991,Dairy MMR,DY-WA,Washington,DC,"Washington, DC",Washington,DC,FMMOS,FMMOS - non-mars,10/18/2013 10:41:45,2013,2013-SEP,other_solids,0.3914,lmprs,
08/31/2013,09/05/2013,2013,Aug,,19.27,1.5174,14.47,17.91,13.08,19.07,14.28,1.4187,1.7706,1.7731,,,0.5778,Announcement of Class and Component Prices (PDF),DYMCLASSPRICES,2991,Dairy MMR,DY-WA,Washington,DC,"Washington, DC",Washington,DC,FMMOS,FMMOS - non-mars,09/05/2013 13:06:42,2013,2013-AUG,other_solids,0.3901,lmprs,
07/27/2013,07/31/2013,2013,Jul,,19.22,1.5763,14.20,17.38,12.32,18.90,13.89,1.4674,1.7272,1.7142,,,0.5804,Announcement of Class and Component Prices (PDF),DYMCLASSPRICES,2991,Dairy MMR,DY-WA,Washington,DC,"Washington, DC",Washington,DC,FMMOS,FMMOS - non-mars,07/31/2013 13:04:38,2013,2013-JUL,other_solids,0.3927,lmprs,
06/29/2013,07/03/2013,2013,Jun,,19.14,1.6669,13.79,18.02,12.65,18.88,13.54,1.5422,1.6878,1.7810,,,0.5738,Announcement of Class and Component Prices (PDF),DYMCLASSPRICES,2991,Dairy MMR,DY-WA,Washington,DC,"Washington, DC",Washington,DC,FMMOS,FMMOS - non-mars,07/03/2013 13:07:05,2013,2013-JUN,other_solids,0.3859,lmprs,
06/01/2013,06/05/2013,2013,May,,18.43,1.7954,12.59,18.52,12.71,18.89,13.09,1.6483,1.6374,1.8274,,,0.5765,Announcement of Class and Component Prices (PDF),DYMCLASSPRICES,2991,Dairy MMR,DY-WA,Washington,DC,"Washington, DC",Washington,DC,FMMOS,FMMOS - non-mars,06/05/2013 13:37:51,2013,2013-MAY,other_solids,0.3887,lmprs,
04/27/2013,05/01/2013,2013,Apr,,18.73,1.8297,12.77,17.59,11.62,18.10,12.15,1.6766,1.5312,1.7310,,,0.5741,Announcement of Class and Component Prices (PDF),DYMCLASSPRICES,2991,Dairy MMR,DY-WA,Washington,DC,"Washington, DC",Washington,DC,FMMOS,FMMOS - non-mars,05/01/2013 13:31:51,2013,2013-APR,other_solids,0.3863,lmprs,
03/30/2013,04/03/2013,2013,Mar,,18.82,1.7546,13.14,16.93,11.21,17.75,12.06,1.6146,1.5208,1.6467,,,0.6048,Announcement of Class and Component Prices (PDF),DYMCLASSPRICES,2991,Dairy MMR,DY-WA,Washington,DC,"Washington, DC",Washington,DC,FMMOS,FMMOS - non-mars,04/03/2013 13:36:29,2013,2013-MAR,other_solids,0.4179,lmprs,
02/23/2013,02/27/2013,2013,Feb,,18.49,1.6689,13.11,17.25,11.85,17.75,12.37,1.5438,1.5559,1.6623,,,0.6393,Announcement of Class and Component Prices (PDF),DYMCLASSPRICES,2991,Dairy MMR,DY-WA,Washington,DC,"Washington, DC",Washington,DC,FMMOS,FMMOS - non-mars,02/27/2013 13:03:22,2013,2013-FEB,other_solids,0.4534,lmprs,
01/26/2013,01/30/2013,2013,Jan,,18.19,1.6238,12.96,18.14,12.93,17.63,12.41,1.5066,1.5601,1.7485,,,0.6503,Announcement of Class and Component Prices (PDF),DYMCLASSPRICES,2991,Dairy MMR,DY-WA,Washington,DC,"Washington, DC",Washington,DC,FMMOS,FMMOS - non-mars,01/30/2013 13:50:34,2013,2013-JAN,other_solids,0.4647,lmprs,
12/29/2012,01/03/2013,2012,Dec,,18.30,1.7346,12.67,18.66,13.07,17.83,12.21,1.5981,1.5384,1.7925,,,0.6610,Announcement of Class and Component Prices (PDF),DYMCLASSPRICES,2991,Dairy MMR,DY-WA,Washington,DC,"Washington, DC",Washington,DC,FMMOS,FMMOS - non-mars,01/03/2013 13:44:27,2012,2012-DEC,other_solids,0.4758,lmprs,
12/01/2012,12/05/2012,2012,Nov,,18.81,2.0288,12.13,20.83,14.25,18.66,12.00,1.8410,1.5143,2.0146,,,0.6480,Announcement of Class and Component Prices (PDF),DYMCLASSPRICES,2991,Dairy MMR,DY-WA,Washington,DC,"Washington, DC",Washington,DC,FMMOS,FMMOS - non-mars,12/05/2012 13:44:59,2012,2012-NOV,other_solids,0.4624,lmprs,
10/27/2012,10/31/2012,2012,Oct,,18.44,2.1206,11.42,21.02,14.12,18.54,11.55,1.9168,1.4636,2.0479,,,0.6205,Announcement of Class and Component Prices (PDF),DYMCLASSPRICES,2991,Dairy MMR,DY-WA,Washington,DC,"Washington, DC",Washington,DC,FMMOS,FMMOS - non-mars,10/31/2012 13:24:09,2012,2012-OCT,other_solids,0.4340,lmprs,
09/29/2012,10/03/2012,2012,Sep,,17.04,2.0117,10.36,19.00,12.42,17.41,10.77,1.8269,1.3768,1.8647,,,0.5846,Announcement of Class and Component Prices (PDF),DYMCLASSPRICES,2991,Dairy MMR,DY-WA,Washington,DC,"Washington, DC",Washington,DC,FMMOS,FMMOS - non-mars,10/03/2012 13:08:44,2012,2012-SEP,other_solids,0.3971,lmprs,
08/25/2012,08/29/2012,2012,Aug,,15.64,1.8409,9.53,17.73,11.72,15.76,9.68,1.6859,1.2543,1.7682,,,0.5352,Announcement of Class and Component Prices (PDF),DYMCLASSPRICES,2991,Dairy MMR,DY-WA,Washington,DC,"Washington, DC",Washington,DC,FMMOS,FMMOS - non-mars,08/29/2012 13:03:29,2012,2012-AUG,other_solids,0.3462,lmprs,
07/28/2012,08/01/2012,2012,Jul,,14.51,1.6626,9.01,16.68,11.28,14.45,8.97,1.5386,1.1744,1.6857,,,0.5023,Announcement of Class and Component Prices (PDF),DYMCLASSPRICES,2991,Dairy MMR,DY-WA,Washington,DC,"Washington, DC",Washington,DC,FMMOS,FMMOS - non-mars,08/01/2012 13:30:51,2012,2012-JUL,other_solids,0.3123,lmprs,
06/30/2012,07/05/2012,2012,Jun,,14.32,1.4936,9.42,15.63,10.81,13.24,8.33,1.3991,1.1023,1.5846,,,0.5013,Announcement of Class and Component Prices (PDF),DYMCLASSPRICES,2991,Dairy MMR,DY-WA,Washington,DC,"Washington, DC",Washington,DC,FMMOS,FMMOS - non-mars,07/05/2012 13:47:57,2012,2012-JUN,other_solids,0.3113,lmprs,
05/26/2012,05/31/2012,2012,May,,15.19,1.4532,10.47,15.23,10.54,13.55,8.80,1.3657,1.1551,1.5215,,,0.5389,Announcement of Class and Component Prices (PDF),DYMCLASSPRICES,2991,Dairy MMR,DY-WA,Washington,DC,"Washington, DC",Washington,DC,FMMOS,FMMOS - non-mars,05/31/2012 13:26:26,2012,2012-MAY,other_solids,0.3500,lmprs,
04/28/2012,05/02/2012,2012,Apr,,16.20,1.5715,11.09,15.72,10.62,14.80,9.66,1.4634,1.2514,1.5361,,,0.5921,Announcement of Class and Component Prices (PDF),DYMCLASSPRICES,2991,Dairy MMR,DY-WA,Washington,DC,"Washington, DC",Washington,DC,FMMOS,FMMOS - non-mars,05/02/2012 13:55:44,2012,2012-APR,other_solids,0.4048,lmprs,
03/24/2012,04/02/2012,2012,Mar,,,,,,,,,,,,,,,Announcement of Class and Component Prices (PDF),DYMCLASSPRICES,2991,Dairy MMR,DY-WA,Washington,DC,"Washington, DC",Washington,DC,FMMOS,FMMOS - non-mars,04/02/2012 09:28:22,2012,2012-MAR,other_solids,0.0000,lmprs,
04/25/2026,04/29/2026,2026,Apr,,18.82,1.8762,12.70,16.82,10.65,20.22,14.17,1.7707,1.7788,1.6427,,,0.6443,Announcement of Class and Component Prices (PDF),DYMCLASSPRICES,2991,Dairy MMR,DY-WA,Washington,DC,"Washington, DC",Washington,DC,FMMOS,FMMOS - non-mars,04/29/2026 13:05:26,2026,2026-APR,somatic_cell_adjustment,0.00082,lmprs,
03/28/2026,04/01/2026,2026,Mar,,17.34,2.0290,10.61,16.16,9.41,18.94,12.29,1.8969,1.5741,1.5607,,,0.6724,Announcement of Class and Component Prices (PDF),DYMCLASSPRICES,2991,Dairy MMR,DY-WA,Washington,DC,"Washington, DC",Washington,DC,FMMOS,FMMOS - non-mars,04/01/2026 13:05:21,2026,2026-MAR,somatic_cell_adjustment,0.00078,lmprs,
02/28/2026,03/04/2026,2026,Feb,,15.34,1.7864,9.42,14.94,9.03,16.29,10.43,1.6966,1.3726,1.4338,,,0.6931,Announcement of Class and Component Prices (PDF),DYMCLASSPRICES,2991,Dairy MMR,DY-WA,Washington,DC,"Washington, DC",Washington,DC,FMMOS,FMMOS - non-mars,03/04/2026 12:54:48,2026,2026-FEB,somatic_cell_adjustment,0.00072,lmprs,
01/31/2026,02/04/2026,2026,Jan,,13.92,1.4595,9.13,14.59,9.85,13.55,8.77,1.4266,1.1921,1.4003,,,0.6986,Announcement of Class and Component Prices (PDF),DYMCLASSPRICES,2991,Dairy MMR,DY-WA,Washington,DC,"Washington, DC",Washington,DC,FMMOS,FMMOS - non-mars,02/04/2026 13:08:03,2026,2026-JAN,somatic_cell_adjustment,0.00070,lmprs,
12/27/2025,12/31/2025,2025,Dec,,14.41,1.5831,9.19,15.86,10.72,13.64,8.42,1.5287,1.1541,1.5271,,,0.6893,Announcement of Class and Component Prices (PDF),DYMCLASSPRICES,2991,Dairy MMR,DY-WA,Washington,DC,"Washington, DC",Washington,DC,FMMOS,FMMOS - non-mars,12/31/2025 13:05:26,2025,2025-DEC,somatic_cell_adjustment,0.00076,lmprs,
11/29/2025,12/03/2025,2025,Nov,,14.54,1.7131,8.85,17.18,11.62,13.89,8.21,1.6360,1.1609,1.7419,,,0.6415,Announcement of Class and Component Prices (PDF),DYMCLASSPRICES,2991,Dairy MMR,DY-WA,Washington,DC,"Washington, DC",Washington,DC,FMMOS,FMMOS - non-mars,12/03/2025 13:02:43,2025,2025-NOV,somatic_cell_adjustment,0.00087,lmprs,
11/01/2025,11/05/2025,2025,Oct,,16.02,1.8322,9.96,16.91,10.90,14.30,8.20,1.7344,1.1601,1.7384,,,0.5930,Announcement of Class and Component Prices (PDF),DYMCLASSPRICES,2991,Dairy MMR,DY-WA,Washington,DC,"Washington, DC",Washington,DC,FMMOS,FMMOS - non-mars,11/05/2025 13:05:19,2025,2025-OCT,somatic_cell_adjustment,0.00087,lmprs,
09/27/2025,10/01/2025,2025,Sep,,17.39,2.1995,10.04,17.59,10.28,16.17,8.80,2.0377,1.2265,1.8066,,,0.5782,Announcement of Class and Component Prices (PDF),DYMCLASSPRICES,2991,Dairy MMR,DY-WA,Washington,DC,"Washington, DC",Washington,DC,FMMOS,FMMOS - non-mars,10/01/2025 13:05:44,2025,2025-SEP,somatic_cell_adjustment,0.00090,lmprs,
08/30/2025,09/04/2025,2025,Aug,,19.18,2.7325,9.96,17.24,7.98,18.50,9.29,2.4778,1.2820,1.7529,,,0.5779,Announcement of Class and Component Prices (PDF),DYMCLASSPRICES,2991,Dairy MMR,DY-WA,Washington,DC,"Washington, DC",Washington,DC,FMMOS,FMMOS - non-mars,09/04/2025 13:05:39,2025,2025-AUG,somatic_cell_adjustment,0.00088,lmprs,
07/26/2025,07/30/2025,2025,Jul,,19.31,2.8505,9.67,17.32,7.63,18.89,9.26,2.5753,1.2783,1.7634,,,0.5670,Announcement of Class and Component Prices (PDF),DYMCLASSPRICES,2991,Dairy MMR,DY-WA,Washington,DC,"Washington, DC",Washington,DC,FMMOS,FMMOS - non-mars,07/30/2025 13:05:25,2025,2025-JUL,somatic_cell_adjustment,0.00088,lmprs,
06/28/2025,07/02/2025,2025,Jun,,18.43,2.7448,9.14,18.82,9.57,18.30,9.03,2.4880,1.2531,1.9322,,,0.5497,Announcement of Class and Component Prices (PDF),DYMCLASSPRICES,2991,Dairy MMR,DY-WA,Washington,DC,"Washington, DC",Washington,DC,FMMOS,FMMOS - non-mars,07/02/2025 13:05:29,2025,2025-JUN,somatic_cell_adjustment,0.00097,lmprs,
05/31/2025,06/04/2025,2025,May,,18.72,2.6697,9.72,18.57,9.59,18.13,9.13,2.3703,1.1925,1.8404,1.8177,1.8284,0.5119,Announcement of Class and Component Prices (PDF),DYMCLASSPRICES,2991,Dairy MMR,DY-WA,Washington,DC,"Washington, DC",Washington,DC,FMMOS,FMMOS - non-mars,06/04/2025 13:05:20,2025,2025-MAY,somatic_cell_adjustment,0.00092,lmprs,
04/26/2025,04/30/2025,2025,Apr,,19.22,2.6476,10.31,17.48,8.54,17.92,8.99,2.3520,1.1773,1.7361,1.7117,1.7244,0.4988,Announcement of Class and Component Prices (PDF),DYMCLASSPRICES,2991,Dairy MMR,DY-WA,Washington,DC,"Washington, DC",Washington,DC,FMMOS,FMMOS - non-mars,04/30/2025 13:04:13,2025,2025-APR,somatic_cell_adjustment,0.00087,lmprs,
03/29/2025,04/02/2025,2025,Mar,,20.12,2.6312,11.31,18.62,9.78,18.21,9.35,2.3385,1.2176,1.8215,1.8420,1.7732,0.5532,Announcement of Class and Component Prices (PDF),DYMCLASSPRICES,2991,Dairy MMR,DY-WA,Washington,DC,"Washington, DC",Washington,DC,FMMOS,FMMOS - non-mars,04/02/2025 13:05:07,2025,2025-MAR,somatic_cell_adjustment,0.00091,lmprs,
03/01/2025,03/05/2025,2025,Feb,,21.08,2.8256,11.60,20.18,10.69,19.90,10.40,2.4990,1.3347,1.9077,1.9158,1.8707,0.6650,Announcement of Class and Component Prices (PDF),DYMCLASSPRICES,2991,Dairy MMR,DY-WA,Washington,DC,"Washington, DC",Washington,DC,FMMOS,FMMOS - non-mars,03/05/2025 13:05:17,2025,2025-FEB,somatic_cell_adjustment,0.00095,lmprs,
02/01/2025,02/05/2025,2025,Jan,,21.58,2.9530,11.65,20.34,10.39,20.73,10.80,2.6042,1.3801,1.8851,1.8954,1.8477,0.7218,Announcement of Class and Component Prices (PDF),DYMCLASSPRICES,2991,Dairy MMR,DY-WA,Washington,DC,"Washington, DC",Washington,DC,FMMOS,FMMOS - non-mars,02/05/2025 13:05:17,2025,2025-JAN,somatic_cell_adjustment,0.00094,lmprs,
12/28/2024,01/02/2025,2024,Dec,,21.28,2.9174,11.47,18.62,8.74,20.74,10.94,2.5748,1.3952,1.7608,1.7583,1.7326,0.6353,Announcement of Class and Component Prices (PDF),DYMCLASSPRICES,2991,Dairy MMR,DY-WA,Washington,DC,"Washington, DC",Washington,DC,FMMOS,FMMOS - non-mars,01/02/2025 13:05:22,2024,2024-DEC,somatic_cell_adjustment,0.00088,lmprs,
11/30/2024,12/04/2024,2024,Nov,,21.52,3.0693,11.17,19.95,9.57,21.12,10.78,2.7002,1.3773,1.9198,1.9096,1.8973,0.5922,Announcement of Class and Component Prices (PDF),DYMCLASSPRICES,2991,Dairy MMR,DY-WA,Washington,DC,"Washington, DC",Washington,DC,FMMOS,FMMOS - non-mars,12/04/2024 13:05:26,2024,2024-NOV,somatic_cell_adjustment,0.00096,lmprs,
10/26/2024,10/30/2024,2024,Oct,,21.01,3.0921,10.56,22.85,12.49,20.90,10.47,2.7191,1.3423,2.2400,2.1605,2.2760,0.5588,Announcement of Class and Component Prices (PDF),DYMCLASSPRICES,2991,Dairy MMR,DY-WA,Washington,DC,"Washington, DC",Washington,DC,FMMOS,FMMOS - non-mars,10/30/2024 13:05:20,2024,2024-OCT,somatic_cell_adjustment,0.00112,lmprs,
09/28/2024,10/02/2024,2024,Sep,,22.40,3.6184,10.09,23.34,11.09,22.29,10.00,3.1537,1.2899,2.2882,2.2013,2.3319,0.5321,Announcement of Class and Component Prices (PDF),DYMCLASSPRICES,2991,Dairy MMR,DY-WA,Washington,DC,"Washington, DC",Washington,DC,FMMOS,FMMOS - non-mars,10/02/2024 13:05:28,2024,2024-SEP,somatic_cell_adjustment,0.00114,lmprs,
08/31/2024,09/05/2024,2024,Aug,,22.05,3.5702,9.90,20.66,8.49,21.58,9.44,3.1139,1.2268,2.0399,1.9812,2.0573,0.4864,Announcement of Class and Component Prices (PDF),DYMCLASSPRICES,2991,Dairy MMR,DY-WA,Washington,DC,"Washington, DC",Washington,DC,FMMOS,FMMOS - non-mars,09/05/2024 13:04:24,2024,2024-AUG,somatic_cell_adjustment,0.00102,lmprs,
07/27/2024,07/31/2024,2024,Jul,,21.82,3.5790,9.63,19.79,7.55,21.31,9.13,3.1211,1.1930,1.9717,1.9458,1.9635,0.4487,Announcement of Class and Component Prices (PDF),DYMCLASSPRICES,2991,Dairy MMR,DY-WA,Washington,DC,"Washington, DC",Washington,DC,FMMOS,FMMOS - non-mars,07/31/2024 13:05:31,2024,2024-JUL,somatic_cell_adjustment,0.00099,lmprs,
06/29/2024,07/03/2024,2024,Jun,,21.60,3.5514,9.50,19.87,7.74,21.08,8.99,3.0983,1.1770,1.9962,1.9154,2.0345,0.4249,Announcement of Class and Component Prices (PDF),DYMCLASSPRICES,2991,Dairy MMR,DY-WA,Washington,DC,"Washington, DC",Washington,DC,FMMOS,FMMOS - non-mars,07/03/2024 13:04:46,2024,2024-JUN,somatic_cell_adjustment,0.00100,lmprs,
06/01/2024,06/05/2024,2024,May,,21.50,3.4706,9.69,18.55,6.66,20.50,8.68,3.0316,1.1422,1.8706,1.8062,1.8952,0.4108,Announcement of Class and Component Prices (PDF),DYMCLASSPRICES,2991,Dairy MMR,DY-WA,Washington,DC,"Washington, DC",Washington,DC,FMMOS,FMMOS - non-mars,06/05/2024 13:05:24,2024,2024-MAY,somatic_cell_adjustment,0.00094,lmprs,
04/27/2024,05/01/2024,2024,Apr,,21.23,3.3379,9.89,15.50,3.98,20.11,8.76,2.9220,1.1506,1.5478,1.5170,1.5447,0.4289,Announcement of Class and Component Prices (PDF),DYMCLASSPRICES,2991,Dairy MMR,DY-WA,Washington,DC,"Washington, DC",Washington,DC,FMMOS,FMMOS - non-mars,05/01/2024 13:05:25,2024,2024-APR,somatic_cell_adjustment,0.00077,lmprs,
03/30/2024,04/03/2024,2024,Mar,,21.12,3.2455,10.11,16.34,5.19,20.09,9.07,2.8457,1.1863,1.6082,1.5730,1.6085,0.4788,Announcement of Class and Component Prices (PDF),DYMCLASSPRICES,2991,Dairy MMR,DY-WA,Washington,DC,"Washington, DC",Washington,DC,FMMOS,FMMOS - non-mars,04/03/2024 13:05:20,2024,2024-MAR,somatic_cell_adjustment,0.00080,lmprs,
02/24/2024,02/28/2024,2024,Feb,,20.53,3.1101,9.99,16.08,5.41,19.85,9.31,2.7339,1.2125,1.5947,1.6021,1.5586,0.4649,Announcement of Class and Component Prices (PDF),DYMCLASSPRICES,2991,Dairy MMR,DY-WA,Washington,DC,"Washington, DC",Washington,DC,FMMOS,FMMOS - non-mars,02/28/2024 13:05:37,2024,2024-FEB,somatic_cell_adjustment,0.00080,lmprs,
01/27/2024,01/31/2024,2024,Jan,,20.04,2.9835,9.95,15.17,4.92,19.39,9.30,2.6294,1.2112,1.5226,1.5260,1.4895,0.4338,Announcement of Class and Component Prices (PDF),DYMCLASSPRICES,2991,Dairy MMR,DY-WA,Washington,DC,"Washington, DC",Washington,DC,FMMOS,FMMOS - non-mars,01/31/2024 13:10:03,2024,2024-JAN,somatic_cell_adjustment,0.00076,lmprs,
12/30/2023,01/04/2024,2023,Dec,,19.88,2.9848,9.78,16.04,5.82,19.23,9.13,2.6305,1.1924,1.6234,1.6385,1.5813,0.4168,Announcement of Class and Component Prices (PDF),DYMCLASSPRICES,2991,Dairy MMR,DY-WA,Washington,DC,"Washington, DC",Washington,DC,FMMOS,FMMOS - non-mars,01/04/2024 13:04:47,2023,2023-DEC,somatic_cell_adjustment,0.00081,lmprs,
11/25/2023,11/29/2023,2023,Nov,,21.21,3.4678,9.40,17.15,5.22,20.87,9.07,3.0293,1.1860,1.7421,1.7511,1.7034,0.3831,Announcement of Class and Component Prices (PDF),DYMCLASSPRICES,2991,Dairy MMR,DY-WA,Washington,DC,"Washington, DC",Washington,DC,FMMOS,FMMOS - non-mars,11/29/2023 13:05:36,2023,2023-NOV,somatic_cell_adjustment,0.00087,lmprs,
10/28/2023,11/01/2023,2023,Oct,,21.95,3.7214,9.25,16.84,3.98,21.49,8.80,3.2387,1.1558,1.7390,1.8044,1.6502,0.3198,Announcement of Class and Component Prices (PDF),DYMCLASSPRICES,2991,Dairy MMR,DY-WA,Washington,DC,"Washington, DC",Washington,DC,FMMOS,FMMOS - non-mars,11/01/2023 13:05:20,2023,2023-OCT,somatic_cell_adjustment,0.00087,lmprs,
09/30/2023,10/04/2023,2023,Sep,,19.98,3.1334,9.34,18.39,7.72,19.09,8.44,2.7532,1.1155,1.9366,1.9895,1.8616,0.2954,Announcement of Class and Component Prices (PDF),DYMCLASSPRICES,2991,Dairy MMR,DY-WA,Washington,DC,"Washington, DC",Washington,DC,FMMOS,FMMOS - non-mars,10/04/2023 13:05:28,2023,2023-SEP,somatic_cell_adjustment,0.00097,lmprs,
08/26/2023,08/30/2023,2023,Aug,,19.91,3.0288,9.65,17.19,6.85,18.91,8.64,2.6668,1.1374,1.8349,1.8625,1.7764,0.2620,Announcement of Class and Component Prices (PDF),DYMCLASSPRICES,2991,Dairy MMR,DY-WA,Washington,DC,"Washington, DC",Washington,DC,FMMOS,FMMOS - non-mars,08/30/2023 13:05:53,2023,2023-AUG,somatic_cell_adjustment,0.00092,lmprs,
07/29/2023,08/02/2023,2023,Jul,,19.12,2.8056,9.64,13.77,4.12,18.26,8.77,2.4825,1.1522,1.4870,1.4614,1.4789,0.2660,Announcement of Class and Component Prices (PDF),DYMCLASSPRICES,2991,Dairy MMR,DY-WA,Washington,DC,"Washington, DC",Washington,DC,FMMOS,FMMOS - non-mars,08/02/2023 13:05:22,2023,2023-JUL,somatic_cell_adjustment,0.00074,lmprs,
06/24/2023,06/28/2023,2023,Jun,,18.83,2.7675,9.48,14.91,5.44,18.26,8.91,2.4510,1.1674,1.5724,1.5568,1.5561,0.3220,Announcement of Class and Component Prices (PDF),DYMCLASSPRICES,2991,Dairy MMR,DY-WA,Washington,DC,"Washington, DC",Washington,DC,FMMOS,FMMOS - non-mars,06/28/2023 13:06:22,2023,2023-JUN,somatic_cell_adjustment,0.00079,lmprs,
05/27/2023,06/01/2023,2023,May,,19.11,2.7642,9.78,16.11,6.69,18.10,8.76,2.4483,1.1505,1.6600,1.7277,1.5715,0.3813,Announcement of Class and Component Prices (PDF),DYMCLASSPRICES,2991,Dairy MMR,DY-WA,Washington,DC,"Washington, DC",Washington,DC,FMMOS,FMMOS - non-mars,06/01/2023 13:05:28,2023,2023-MAY,somatic_cell_adjustment,0.00083,lmprs,
04/29/2023,05/03/2023,2023,Apr,,19.20,2.7079,10.07,18.52,9.40,17.95,8.80,2.4018,1.1551,1.8775,1.9406,1.7942,0.4398,Announcement of Class and Component Prices (PDF),DYMCLASSPRICES,2991,Dairy MMR,DY-WA,Washington,DC,"Washington, DC",Washington,DC,FMMOS,FMMOS - non-mars,05/03/2023 13:06:24,2023,2023-APR,somatic_cell_adjustment,0.00094,lmprs,
04/01/2023,04/05/2023,2023,Mar,,19.52,2.7370,10.30,18.10,8.85,18.38,9.14,2.4258,1.1935,1.8399,1.9503,1.7188,0.4261,Announcement of Class and Component Prices (PDF),DYMCLASSPRICES,2991,Dairy MMR,DY-WA,Washington,DC,"Washington, DC",Washington,DC,FMMOS,FMMOS - non-mars,04/05/2023 13:05:21,2023,2023-MAR,somatic_cell_adjustment,0.00092,lmprs,
02/25/2023,03/01/2023,2023,Feb,,20.83,2.7248,11.70,17.78,8.57,18.86,9.69,2.4158,1.2553,1.8224,1.9874,1.6602,0.4031,Announcement of Class and Component Prices (PDF),DYMCLASSPRICES,2991,Dairy MMR,DY-WA,Washington,DC,"Washington, DC",Washington,DC,FMMOS,FMMOS - non-mars,03/01/2023 13:05:11,2023,2023-FEB,somatic_cell_adjustment,0.00091,lmprs,
01/28/2023,02/01/2023,2023,Jan,,21.61,2.7783,12.32,19.43,10.08,20.01,10.68,2.4599,1.3662,1.9767,2.1147,1.8226,0.4266,Announcement of Class and Component Prices (PDF),DYMCLASSPRICES,2991,Dairy MMR,DY-WA,Washington,DC,"Washington, DC",Washington,DC,FMMOS,FMMOS - non-mars,02/01/2023 13:04:20,2023,2023-JAN,somatic_cell_adjustment,0.00099,lmprs,
12/31/2022,01/05/2023,2022,Dec,,23.11,3.1609,12.48,20.50,9.80,22.12,11.48,2.7759,1.4559,2.0555,2.1594,1.9293,0.4566,Announcement of Class and Component Prices (PDF),DYMCLASSPRICES,2991,Dairy MMR,DY-WA,Washington,DC,"Washington, DC",Washington,DC,FMMOS,FMMOS - non-mars,01/05/2023 13:01:32,2022,2022-DEC,somatic_cell_adjustment,0.00103,lmprs,
11/26/2022,11/30/2022,2022,Nov,,24.67,3.3790,13.31,21.01,9.54,23.30,11.91,2.9560,1.5045,2.0897,2.0748,2.0744,0.4745,Announcement of Class and Component Prices (PDF),DYMCLASSPRICES,2991,Dairy MMR,DY-WA,Washington,DC,"Washington, DC",Washington,DC,FMMOS,FMMOS - non-mars,11/30/2022 13:08:10,2022,2022-NOV,somatic_cell_adjustment,0.00104,lmprs,
10/29/2022,11/02/2022,2022,Oct,,25.73,3.6637,13.37,21.81,9.34,24.96,12.60,3.1911,1.5819,2.1560,2.0453,2.2210,0.4857,Announcement of Class and Component Prices (PDF),DYMCLASSPRICES,2991,Dairy MMR,DY-WA,Washington,DC,"Washington, DC",Washington,DC,FMMOS,FMMOS - non-mars,11/02/2022 13:05:49,2022,2022-OCT,somatic_cell_adjustment,0.00108,lmprs,
10/01/2022,10/05/2022,2022,Sep,,26.51,3.5723,14.52,19.82,7.61,24.63,12.59,3.1156,1.5803,1.9503,1.8835,1.9830,0.4902,Announcement of Class and Component Prices (PDF),DYMCLASSPRICES,2991,Dairy MMR,DY-WA,Washington,DC,"Washington, DC",Washington,DC,FMMOS,FMMOS - non-mars,10/05/2022 13:05:11,2022,2022-SEP,somatic_cell_adjustment,0.00098,lmprs,
08/27/2022,08/31/2022,2022,Aug,,26.91,3.4071,15.53,20.10,8.50,24.81,13.38,2.9792,1.6690,1.9761,1.9484,1.9698,0.5045,Announcement of Class and Component Prices (PDF),DYMCLASSPRICES,2991,Dairy MMR,DY-WA,Washington,DC,"Washington, DC",Washington,DC,FMMOS,FMMOS - non-mars,08/31/2022 13:05:24,2022,2022-AUG,somatic_cell_adjustment,0.00099,lmprs,
07/30/2022,08/03/2022,2022,Jul,,26.66,3.3670,15.42,22.52,11.15,25.79,14.54,2.9461,1.8001,2.2019,2.1622,2.2054,0.5482,Announcement of Class and Component Prices (PDF),DYMCLASSPRICES,2991,Dairy MMR,DY-WA,Washington,DC,"Washington, DC",Washington,DC,FMMOS,FMMOS - non-mars,08/03/2022 13:07:36,2022,2022-JUL,somatic_cell_adjustment,0.00110,lmprs,
06/25/2022,06/29/2022,2022,Jun,,26.65,3.3393,15.50,24.33,13.13,25.83,14.68,2.9232,1.8156,2.3498,2.3214,2.3472,0.6161,Announcement of Class and Component Prices (PDF),DYMCLASSPRICES,2991,Dairy MMR,DY-WA,Washington,DC,"Washington, DC",Washington,DC,FMMOS,FMMOS - non-mars,06/29/2022 13:04:26,2022,2022-JUN,somatic_cell_adjustment,0.00117,lmprs,
05/28/2022,06/02/2022,2022,May,,25.87,3.1126,15.52,25.21,14.86,24.99,14.63,2.7360,1.8095,2.4161,2.3798,2.4187,0.6707,Announcement of Class and Component Prices (PDF),DYMCLASSPRICES,2991,Dairy MMR,DY-WA,Washington,DC,"Washington, DC",Washington,DC,FMMOS,FMMOS - non-mars,06/02/2022 13:04:58,2022,2022-MAY,somatic_cell_adjustment,0.00121,lmprs,
04/30/2022,05/04/2022,2022,Apr,,25.71,3.1531,15.21,24.42,13.90,25.31,14.82,2.7694,1.8314,2.2910,2.2759,2.2759,0.7394,Announcement of Class and Component Prices (PDF),DYMCLASSPRICES,2991,Dairy MMR,DY-WA,Washington,DC,"Washington, DC",Washington,DC,FMMOS,FMMOS - non-mars,05/04/2022 13:05:49,2022,2022-APR,somatic_cell_adjustment,0.00115,lmprs,
03/26/2022,03/30/2022,2022,Mar,,24.76,3.1005,14.41,22.45,12.04,24.82,14.50,2.7260,1.7954,2.0548,2.0748,2.0066,0.7943,Announcement of Class and Component Prices (PDF),DYMCLASSPRICES,2991,Dairy MMR,DY-WA,Washington,DC,"Washington, DC",Washington,DC,FMMOS,FMMOS - non-mars,03/30/2022 13:05:10,2022,2022-MAR,somatic_cell_adjustment,0.00103,lmprs,
02/26/2022,03/02/2022,2022,Feb,,23.79,3.0288,13.67,20.91,10.71,24.00,13.91,2.6668,1.7284,1.9068,1.9091,1.8746,0.7800,Announcement of Class and Component Prices (PDF),DYMCLASSPRICES,2991,Dairy MMR,DY-WA,Washington,DC,"Washington, DC",Washington,DC,FMMOS,FMMOS - non-mars,03/02/2022 13:02:51,2022,2022-FEB,somatic_cell_adjustment,0.00095,lmprs,
01/29/2022,02/02/2022,2022,Jan,,22.83,2.9637,12.91,20.38,10.40,23.09,13.20,2.6130,1.6488,1.8978,1.9787,1.7951,0.7087,Announcement of Class and Component Prices (PDF),DYMCLASSPRICES,2991,Dairy MMR,DY-WA,Washington,DC,"Washington, DC",Washington,DC,FMMOS,FMMOS - non-mars,02/02/2022 13:05:34,2022,2022-JAN,somatic_cell_adjustment,0.00095,lmprs,
01/01/2022,01/05/2022,2021,Dec,,19.84,2.2989,12.22,18.36,10.71,19.88,12.29,2.0641,1.5471,1.7542,1.8633,1.6263,0.6391,Announcement of Class and Component Prices (PDF),DYMCLASSPRICES,2991,Dairy MMR,DY-WA,Washington,DC,"Washington, DC",Washington,DC,FMMOS,FMMOS - non-mars,01/05/2022 13:26:36,2021,2021-DEC,somatic_cell_adjustment,0.00088,lmprs,
11/27/2021,12/01/2021,2021,Nov,,18.40,2.1611,11.23,18.03,10.87,18.79,11.66,1.9503,1.4769,1.7588,1.7605,1.7272,0.5825,Announcement of Class and Component Prices (PDF),DYMCLASSPRICES,2991,Dairy MMR,DY-WA,Washington,DC,"Washington, DC",Washington,DC,FMMOS,FMMOS - non-mars,12/01/2021 13:04:41,2021,2021-NOV,somatic_cell_adjustment,0.00088,lmprs,
10/30/2021,11/03/2021,2021,Oct,,17.08,1.9484,10.63,17.83,11.44,17.04,10.62,1.7746,1.3598,1.7698,1.8070,1.7011,0.5447,Announcement of Class and Component Prices (PDF),DYMCLASSPRICES,2991,Dairy MMR,DY-WA,Washington,DC,"Washington, DC",Washington,DC,FMMOS,FMMOS - non-mars,11/03/2021 13:05:14,2021,2021-OCT,somatic_cell_adjustment,0.00088,lmprs,
09/25/2021,09/29/2021,2021,Sep,,16.89,1.9458,10.45,16.53,10.10,16.36,9.92,1.7725,1.2816,1.6411,1.7761,1.4873,0.5336,Announcement of Class and Component Prices (PDF),DYMCLASSPRICES,2991,Dairy MMR,DY-WA,Washington,DC,"Washington, DC",Washington,DC,FMMOS,FMMOS - non-mars,09/29/2021 13:06:40,2021,2021-SEP,somatic_cell_adjustment,0.00082,lmprs,
08/28/2021,09/01/2021,2021,Aug,,16.51,1.8578,10.37,15.95,9.82,15.92,9.78,1.6998,1.2660,1.5680,1.6902,1.4371,0.5617,Announcement of Class and Component Prices (PDF),DYMCLASSPRICES,2991,Dairy MMR,DY-WA,Washington,DC,"Washington, DC",Washington,DC,FMMOS,FMMOS - non-mars,09/01/2021 13:04:00,2021,2021-AUG,somatic_cell_adjustment,0.00078,lmprs,
07/31/2021,08/04/2021,2021,Jul,,16.83,1.9066,10.53,16.49,10.20,16.00,9.69,1.7401,1.2552,1.5956,1.5948,1.5663,0.6050,Announcement of Class and Component Prices (PDF),DYMCLASSPRICES,2991,Dairy MMR,DY-WA,Washington,DC,"Washington, DC",Washington,DC,FMMOS,FMMOS - non-mars,08/04/2021 13:05:40,2021,2021-JUL,somatic_cell_adjustment,0.00080,lmprs,
06/26/2021,06/30/2021,2021,Jun,,16.66,1.9711,10.12,17.21,10.71,16.35,9.82,1.7934,1.2696,1.6439,1.6058,1.6506,0.6437,Announcement of Class and Component Prices (PDF),DYMCLASSPRICES,2991,Dairy MMR,DY-WA,Washington,DC,"Washington, DC",Washington,DC,FMMOS,FMMOS - non-mars,06/30/2021 13:04:48,2021,2021-JUN,somatic_cell_adjustment,0.00082,lmprs,
05/29/2021,06/03/2021,2021,May,,16.22,1.9921,9.58,18.96,12.45,16.16,9.55,1.8107,1.2392,1.8206,1.8072,1.8035,0.6501,Announcement of Class and Component Prices (PDF),DYMCLASSPRICES,2991,Dairy MMR,DY-WA,Washington,DC,"Washington, DC",Washington,DC,FMMOS,FMMOS - non-mars,06/03/2021 13:06:19,2021,2021-MAY,somatic_cell_adjustment,0.00091,lmprs,
05/01/2021,05/05/2021,2021,Apr,,15.56,1.9566,9.03,17.67,11.24,15.42,8.91,1.7814,1.1680,1.7106,1.7918,1.6011,0.6135,Announcement of Class and Component Prices (PDF),DYMCLASSPRICES,2991,Dairy MMR,DY-WA,Washington,DC,"Washington, DC",Washington,DC,FMMOS,FMMOS - non-mars,05/05/2021 13:08:26,2021,2021-APR,somatic_cell_adjustment,0.00086,lmprs,
03/27/2021,03/31/2021,2021,Mar,,15.07,1.7246,9.36,16.15,10.51,14.18,8.46,1.5898,1.1169,1.5981,1.6695,1.5023,0.5537,Announcement of Class and Component Prices (PDF),DYMCLASSPRICES,2991,Dairy MMR,DY-WA,Washington,DC,"Washington, DC",Washington,DC,FMMOS,FMMOS - non-mars,03/31/2021 13:03:13,2021,2021-MAR,somatic_cell_adjustment,0.00080,lmprs,
02/27/2021,03/03/2021,2021,Feb,,14.00,1.4446,9.27,15.75,11.11,13.19,8.45,1.3586,1.1164,1.5954,1.6870,1.4841,0.5060,Announcement of Class and Component Prices (PDF),DYMCLASSPRICES,2991,Dairy MMR,DY-WA,Washington,DC,"Washington, DC",Washington,DC,FMMOS,FMMOS - non-mars,03/03/2021 13:04:40,2021,2021-FEB,somatic_cell_adjustment,0.00080,lmprs,
01/30/2021,02/03/2021,2021,Jan,,14.18,1.5611,9.03,16.04,10.99,13.75,8.61,1.4548,1.1345,1.6502,1.7171,1.5601,0.4595,Announcement of Class and Component Prices (PDF),DYMCLASSPRICES,2991,Dairy MMR,DY-WA,Washington,DC,"Washington, DC",Washington,DC,FMMOS,FMMOS - non-mars,02/03/2021 13:02:18,2021,2021-JAN,somatic_cell_adjustment,0.00083,lmprs,
12/26/2020,12/30/2020,2020,Dec,,14.01,1.5469,8.91,15.72,10.71,13.36,8.26,1.4431,1.0951,1.6433,1.7708,1.4944,0.4171,Announcement of Class and Component Prices (PDF),DYMCLASSPRICES,2991,Dairy MMR,DY-WA,Washington,DC,"Washington, DC",Washington,DC,FMMOS,FMMOS - non-mars,12/30/2020 13:03:18,2020,2020-DEC,somatic_cell_adjustment,0.00082,lmprs,
11/28/2020,12/02/2020,2020,Nov,,13.86,1.5623,8.70,23.34,18.55,13.30,8.14,1.4558,1.0816,2.4535,2.5808,2.2929,0.3830,Announcement of Class and Component Prices (PDF),DYMCLASSPRICES,2991,Dairy MMR,DY-WA,Washington,DC,"Washington, DC",Washington,DC,FMMOS,FMMOS - non-mars,12/02/2020 13:06:51,2020,2020-NOV,somatic_cell_adjustment,0.00123,lmprs,
10/31/2020,11/04/2020,2020,Oct,,13.63,1.6458,8.15,21.61,16.45,13.47,8.01,1.5248,1.0670,2.2921,2.5692,1.9640,0.3480,Announcement of Class and Component Prices (PDF),DYMCLASSPRICES,2991,Dairy MMR,DY-WA,Washington,DC,"Washington, DC",Washington,DC,FMMOS,FMMOS - non-mars,11/04/2020 12:56:06,2020,2020-OCT,somatic_cell_adjustment,0.00115,lmprs,
09/26/2020,09/30/2020,2020,Sep,,13.16,1.6002,7.83,16.43,11.25,12.75,7.43,1.4871,1.0014,1.7741,1.9496,1.5736,0.3196,Announcement of Class and Component Prices (PDF),DYMCLASSPRICES,2991,Dairy MMR,DY-WA,Washington,DC,"Washington, DC",Washington,DC,FMMOS,FMMOS - non-mars,09/30/2020 13:06:10,2020,2020-SEP,somatic_cell_adjustment,0.00089,lmprs,
08/29/2020,09/02/2020,2020,Aug,,13.27,1.6345,7.82,19.77,14.58,12.53,7.08,1.5154,0.9619,2.1099,2.2144,1.9817,0.3338,Announcement of Class and Component Prices (PDF),DYMCLASSPRICES,2991,Dairy MMR,DY-WA,Washington,DC,"Washington, DC",Washington,DC,FMMOS,FMMOS - non-mars,09/02/2020 13:07:48,2020,2020-AUG,somatic_cell_adjustment,0.00105,lmprs,
08/01/2020,08/05/2020,2020,Jul,,13.79,1.9653,7.16,24.54,18.33,13.76,7.16,1.7886,0.9717,2.5873,2.6978,2.4374,0.3440,Announcement of Class and Component Prices (PDF),DYMCLASSPRICES,2991,Dairy MMR,DY-WA,Washington,DC,"Washington, DC",Washington,DC,FMMOS,FMMOS - non-mars,08/05/2020 13:05:32,2020,2020-JUL,somatic_cell_adjustment,0.00129,lmprs,
06/27/2020,07/01/2020,2020,Jun,,12.99,1.8661,6.69,21.04,15.06,12.90,6.62,1.7067,0.9106,2.2152,2.2566,2.1482,0.3638,Announcement of Class and Component Prices (PDF),DYMCLASSPRICES,2991,Dairy MMR,DY-WA,Washington,DC,"Washington, DC",Washington,DC,FMMOS,FMMOS - non-mars,07/01/2020 13:06:28,2020,2020-JUN,somatic_cell_adjustment,0.00111,lmprs,
05/30/2020,06/03/2020,2020,May,,12.30,1.3826,7.73,12.14,7.59,10.67,6.07,1.3074,0.8492,1.2990,1.3049,1.2641,0.3818,Announcement of Class and Component Prices (PDF),DYMCLASSPRICES,2991,Dairy MMR,DY-WA,Washington,DC,"Washington, DC",Washington,DC,FMMOS,FMMOS - non-mars,06/03/2020 13:03:03,2020,2020-MAY,somatic_cell_adjustment,0.00065,lmprs,
04/25/2020,04/29/2020,2020,Apr,,13.87,1.3288,9.55,13.07,8.75,11.40,7.02,1.2630,0.9552,1.4026,1.5264,1.2744,0.3732,Announcement of Class and Component Prices (PDF),DYMCLASSPRICES,2991,Dairy MMR,DY-WA,Washington,DC,"Washington, DC",Washington,DC,FMMOS,FMMOS - non-mars,04/29/2020 13:03:20,2020,2020-APR,somatic_cell_adjustment,0.00070,lmprs,
03/28/2020,04/01/2020,2020,Mar,,16.75,1.9247,10.38,16.25,9.88,14.87,8.45,1.7551,1.1160,1.7091,1.8133,1.5761,0.3748,Announcement of Class and Component Prices (PDF),DYMCLASSPRICES,2991,Dairy MMR,DY-WA,Washington,DC,"Washington, DC",Washington,DC,FMMOS,FMMOS - non-mars,04/01/2020 13:04:59,2020,2020-MAR,somatic_cell_adjustment,0.00085,lmprs,
02/29/2020,03/04/2020,2020,Feb,,16.84,1.9883,10.24,17.00,10.43,16.20,9.60,1.8076,1.2453,1.7884,1.9467,1.6007,0.3690,Announcement of Class and Component Prices (PDF),DYMCLASSPRICES,2991,Dairy MMR,DY-WA,Washington,DC,"Washington, DC",Washington,DC,FMMOS,FMMOS - non-mars,03/04/2020 13:22:00,2020,2020-FEB,somatic_cell_adjustment,0.00089,lmprs,
02/01/2020,02/05/2020,2020,Jan,,17.05,2.1187,9.98,17.05,10.01,16.65,9.60,1.9153,1.2451,1.8092,1.8995,1.6869,0.3367,Announcement of Class and Component Prices (PDF),DYMCLASSPRICES,2991,Dairy MMR,DY-WA,Washington,DC,"Washington, DC",Washington,DC,FMMOS,FMMOS - non-mars,02/05/2020 13:07:49,2020,2020-JAN,somatic_cell_adjustment,0.00090,lmprs,
12/28/2019,01/02/2020,2019,Dec,,16.81,2.2022,9.43,19.37,12.11,16.70,9.34,1.9842,1.2161,2.0509,1.9363,2.1395,0.3293,Announcement of Class and Component Prices (PDF),DYMCLASSPRICES,2991,Dairy MMR,DY-WA,Washington,DC,"Washington, DC",Washington,DC,FMMOS,FMMOS - non-mars,01/02/2020 13:02:40,2019,2019-DEC,somatic_cell_adjustment,0.00103,lmprs,
11/30/2019,12/04/2019,2019,Nov,,16.85,2.3265,9.02,20.45,12.78,16.60,8.79,2.0869,1.1540,2.1723,2.0987,2.2280,0.3071,Announcement of Class and Component Prices (PDF),DYMCLASSPRICES,2991,Dairy MMR,DY-WA,Washington,DC,"Washington, DC",Washington,DC,FMMOS,FMMOS - non-mars,12/04/2019 13:05:21,2019,2019-NOV,somatic_cell_adjustment,0.00109,lmprs,
10/26/2019,10/30/2019,2019,Oct,,16.68,2.4101,8.54,18.72,10.68,16.39,8.27,2.1559,1.0957,1.9694,2.0569,1.8379,0.3396,Announcement of Class and Component Prices (PDF),DYMCLASSPRICES,2991,Dairy MMR,DY-WA,Washington,DC,"Washington, DC",Washington,DC,FMMOS,FMMOS - non-mars,10/30/2019 13:03:28,2019,2019-OCT,somatic_cell_adjustment,0.00098,lmprs,
09/28/2019,10/02/2019,2019,Sep,,16.93,2.5052,8.46,18.31,9.91,16.35,7.88,2.2344,1.0519,1.9053,1.9843,1.7913,0.3698,Announcement of Class and Component Prices (PDF),DYMCLASSPRICES,2991,Dairy MMR,DY-WA,Washington,DC,"Washington, DC",Washington,DC,FMMOS,FMMOS - non-mars,10/02/2019 13:08:22,2019,2019-SEP,somatic_cell_adjustment,0.00095,lmprs,
08/31/2019,09/05/2019,2019,Aug,,17.60,2.6644,8.57,17.60,8.60,16.74,7.71,2.3659,1.0335,1.8276,,,0.3671,Announcement of Class and Component Prices (PDF),DYMCLASSPRICES,2991,Dairy MMR,DY-WA,Washington,DC,"Washington, DC",Washington,DC,FMMOS,FMMOS - non-mars,09/05/2019 13:05:13,2019,2019-AUG,somatic_cell_adjustment,0.00091,lmprs,
07/27/2019,07/31/2019,2019,Jul,,17.61,2.6928,8.48,17.55,8.45,16.90,7.77,2.3893,1.0393,1.8238,,,0.3631,Announcement of Class and Component Prices (PDF),DYMCLASSPRICES,2991,Dairy MMR,DY-WA,Washington,DC,"Washington, DC",Washington,DC,FMMOS,FMMOS - non-mars,07/31/2019 13:05:14,2019,2019-JUL,somatic_cell_adjustment,0.00091,lmprs,
06/29/2019,07/03/2019,2019,Jun,,17.30,2.6649,8.26,16.27,7.22,16.83,7.80,2.3663,1.0431,1.6910,,,0.3643,Announcement of Class and Component Prices (PDF),DYMCLASSPRICES,2991,Dairy MMR,DY-WA,Washington,DC,"Washington, DC",Washington,DC,FMMOS,FMMOS - non-mars,07/03/2019 13:03:40,2019,2019-JUN,somatic_cell_adjustment,0.00085,lmprs,
06/01/2019,06/05/2019,2019,May,,16.48,2.5788,7.72,16.38,7.65,16.29,7.55,2.2952,1.0149,1.6974,,,0.3784,Announcement of Class and Component Prices (PDF),DYMCLASSPRICES,2991,Dairy MMR,DY-WA,Washington,DC,"Washington, DC",Washington,DC,FMMOS,FMMOS - non-mars,06/05/2019 13:05:15,2019,2019-MAY,somatic_cell_adjustment,0.00085,lmprs,
04/27/2019,05/01/2019,2019,Apr,,16.38,2.5445,7.75,15.96,7.34,15.72,7.09,2.2669,0.9641,1.6468,,,0.3923,Announcement of Class and Component Prices (PDF),DYMCLASSPRICES,2991,Dairy MMR,DY-WA,Washington,DC,"Washington, DC",Washington,DC,FMMOS,FMMOS - non-mars,05/01/2019 13:05:18,2019,2019-APR,somatic_cell_adjustment,0.00082,lmprs,
03/30/2019,04/03/2019,2019,Mar,,16.61,2.5531,7.95,15.04,6.35,15.71,7.05,2.2740,0.9589,1.5383,,,0.4127,Announcement of Class and Component Prices (PDF),DYMCLASSPRICES,2991,Dairy MMR,DY-WA,Washington,DC,"Washington, DC",Washington,DC,FMMOS,FMMOS - non-mars,04/03/2019 13:05:13,2019,2019-MAR,somatic_cell_adjustment,0.00077,lmprs,
02/23/2019,02/27/2019,2019,Feb,,16.13,2.5415,7.50,13.89,5.20,15.86,7.24,2.2644,0.9800,1.3940,,,0.4545,Announcement of Class and Component Prices (PDF),DYMCLASSPRICES,2991,Dairy MMR,DY-WA,Washington,DC,"Washington, DC",Washington,DC,FMMOS,FMMOS - non-mars,02/27/2019 13:05:35,2019,2019-FEB,somatic_cell_adjustment,0.00070,lmprs,
01/26/2019,01/30/2019,2019,Jan,,15.74,2.5051,7.22,13.96,5.41,15.48,6.98,2.2343,0.9513,1.3868,,,0.4805,Announcement of Class and Component Prices (PDF),DYMCLASSPRICES,2991,Dairy MMR,DY-WA,Washington,DC,"Washington, DC",Washington,DC,FMMOS,FMMOS - non-mars,01/30/2019 13:10:29,2019,2019-JAN,somatic_cell_adjustment,0.00069,lmprs,
12/29/2018,01/03/2019,2018,Dec,,15.67,2.5150,7.12,13.78,5.18,15.09,6.54,2.2425,0.9020,1.3742,,,0.4685,Announcement of Class and Component Prices (PDF),DYMCLASSPRICES,2991,Dairy MMR,DY-WA,Washington,DC,"Washington, DC",Washington,DC,FMMOS,FMMOS - non-mars,01/03/2019 13:05:53,2018,2018-DEC,somatic_cell_adjustment,0.00069,lmprs,
12/01/2018,12/05/2018,2018,Nov,,15.63,2.5455,6.96,14.44,5.76,15.06,6.40,2.2677,0.8860,1.4463,,,0.4626,Announcement of Class and Component Prices (PDF),DYMCLASSPRICES,2991,Dairy MMR,DY-WA,Washington,DC,"Washington, DC",Washington,DC,FMMOS,FMMOS - non-mars,12/05/2018 13:03:22,2018,2018-NOV,somatic_cell_adjustment,0.00072,lmprs,
10/27/2018,10/31/2018,2018,Oct,,15.54,2.5621,6.81,15.53,6.83,15.01,6.29,2.2814,0.8739,1.5686,,,0.4470,Announcement of Class and Component Prices (PDF),DYMCLASSPRICES,2991,Dairy MMR,DY-WA,Washington,DC,"Washington, DC",Washington,DC,FMMOS,FMMOS - non-mars,10/31/2018 13:14:21,2018,2018-OCT,somatic_cell_adjustment,0.00078,lmprs,
09/29/2018,10/03/2018,2018,Sep,,15.13,2.5512,6.43,16.09,7.45,14.81,6.12,2.2724,0.8548,1.6533,,,0.4028,Announcement of Class and Component Prices (PDF),DYMCLASSPRICES,2991,Dairy MMR,DY-WA,Washington,DC,"Washington, DC",Washington,DC,FMMOS,FMMOS - non-mars,10/03/2018 13:06:16,2018,2018-SEP,somatic_cell_adjustment,0.00083,lmprs,
08/25/2018,08/29/2018,2018,Aug,,15.07,2.6079,6.16,14.95,6.06,14.63,5.73,2.3192,0.8111,1.5544,,,0.3681,Announcement of Class and Component Prices (PDF),DYMCLASSPRICES,2991,Dairy MMR,DY-WA,Washington,DC,"Washington, DC",Washington,DC,FMMOS,FMMOS - non-mars,08/29/2018 13:28:17,2018,2018-AUG,somatic_cell_adjustment,0.00078,lmprs,
07/28/2018,08/01/2018,2018,Jul,,15.20,2.5357,6.55,14.10,5.44,14.14,5.48,2.2596,0.7824,1.4868,,,0.3372,Announcement of Class and Component Prices (PDF),DYMCLASSPRICES,2991,Dairy MMR,DY-WA,Washington,DC,"Washington, DC",Washington,DC,FMMOS,FMMOS - non-mars,08/01/2018 13:03:26,2018,2018-JUL,somatic_cell_adjustment,0.00074,lmprs,
06/30/2018,07/05/2018,2018,Jun,,15.48,2.6762,6.33,15.21,6.08,14.91,5.77,2.3756,0.8150,1.6150,,,0.3086,Announcement of Class and Component Prices (PDF),DYMCLASSPRICES,2991,Dairy MMR,DY-WA,Washington,DC,"Washington, DC",Washington,DC,FMMOS,FMMOS - non-mars,07/05/2018 13:03:18,2018,2018-JUN,somatic_cell_adjustment,0.00081,lmprs,
05/26/2018,05/31/2018,2018,May,,14.47,2.6309,5.45,15.18,6.21,14.57,5.58,2.3382,0.7937,1.6353,,,0.2711,Announcement of Class and Component Prices (PDF),DYMCLASSPRICES,2991,Dairy MMR,DY-WA,Washington,DC,"Washington, DC",Washington,DC,FMMOS,FMMOS - non-mars,05/31/2018 13:05:26,2018,2018-MAY,somatic_cell_adjustment,0.00082,lmprs,
04/28/2018,05/02/2018,2018,Apr,,14.03,2.5183,5.41,14.47,5.89,13.48,4.86,2.2452,0.7134,1.5737,,,0.2592,Announcement of Class and Component Prices (PDF),DYMCLASSPRICES,2991,Dairy MMR,DY-WA,Washington,DC,"Washington, DC",Washington,DC,FMMOS,FMMOS - non-mars,05/02/2018 13:05:35,2018,2018-APR,somatic_cell_adjustment,0.00079,lmprs,
03/31/2018,04/04/2018,2018,Mar,,13.88,2.4343,5.55,14.22,5.93,13.04,4.71,2.1759,0.6963,1.5542,,,0.2531,Announcement of Class and Component Prices (PDF),DYMCLASSPRICES,2991,Dairy MMR,DY-WA,Washington,DC,"Washington, DC",Washington,DC,FMMOS,FMMOS - non-mars,04/04/2018 13:05:22,2018,2018-MAR,somatic_cell_adjustment,0.00078,lmprs,
02/24/2018,02/28/2018,2018,Feb,,13.44,2.3560,5.38,13.40,5.37,12.87,4.82,2.1112,0.7084,1.4727,,,0.2525,Announcement of Class and Component Prices (PDF),DYMCLASSPRICES,2991,Dairy MMR,DY-WA,Washington,DC,"Washington, DC",Washington,DC,FMMOS,FMMOS - non-mars,02/28/2018 13:05:27,2018,2018-FEB,somatic_cell_adjustment,0.00074,lmprs,
01/27/2018,01/31/2018,2018,Jan,,14.11,2.4601,5.70,14.00,5.61,13.13,4.71,2.1972,0.6966,1.5175,,,0.2755,Announcement of Class and Component Prices (PDF),DYMCLASSPRICES,2991,Dairy MMR,DY-WA,Washington,DC,"Washington, DC",Washington,DC,FMMOS,FMMOS - non-mars,01/31/2018 13:05:37,2018,2018-JAN,somatic_cell_adjustment,0.00076,lmprs,
12/30/2017,01/04/2018,2017,Dec,,14.49,2.5021,5.94,15.44,6.95,13.51,4.95,2.2319,0.7237,1.6481,,,0.3030,Announcement of Class and Component Prices (PDF),DYMCLASSPRICES,2991,Dairy MMR,DY-WA,Washington,DC,"Washington, DC",Washington,DC,FMMOS,FMMOS - non-mars,01/04/2018 13:05:59,2017,2017-DEC,somatic_cell_adjustment,0.00082,lmprs,
11/25/2017,11/29/2017,2017,Nov,,15.32,2.5616,6.58,16.88,8.23,13.99,5.23,2.2810,0.7553,1.7617,,,0.3587,Announcement of Class and Component Prices (PDF),DYMCLASSPRICES,2991,Dairy MMR,DY-WA,Washington,DC,"Washington, DC",Washington,DC,FMMOS,FMMOS - non-mars,11/29/2017 13:05:28,2017,2017-NOV,somatic_cell_adjustment,0.00088,lmprs,
10/28/2017,11/01/2017,2017,Oct,,15.95,2.6716,6.84,16.69,7.63,14.85,5.72,2.3718,0.8099,1.7254,,,0.3790,Announcement of Class and Component Prices (PDF),DYMCLASSPRICES,2991,Dairy MMR,DY-WA,Washington,DC,"Washington, DC",Washington,DC,FMMOS,FMMOS - non-mars,11/01/2017 13:05:31,2017,2017-OCT,somatic_cell_adjustment,0.00086,lmprs,
09/30/2017,10/04/2017,2017,Sep,,16.80,2.8629,7.03,16.36,6.59,15.86,6.08,2.5298,0.8499,1.6608,,,0.4167,Announcement of Class and Component Prices (PDF),DYMCLASSPRICES,2991,Dairy MMR,DY-WA,Washington,DC,"Washington, DC",Washington,DC,FMMOS,FMMOS - non-mars,10/04/2017 13:07:11,2017,2017-SEP,somatic_cell_adjustment,0.00083,lmprs,
08/26/2017,08/30/2017,2017,Aug,,17.56,3.0179,7.25,16.57,6.25,16.61,6.29,2.6578,0.8733,1.6664,,,0.4345,Announcement of Class and Component Prices (PDF),DYMCLASSPRICES,2991,Dairy MMR,DY-WA,Washington,DC,"Washington, DC",Washington,DC,FMMOS,FMMOS - non-mars,08/30/2017 13:07:16,2017,2017-AUG,somatic_cell_adjustment,0.00083,lmprs,
07/29/2017,08/02/2017,2017,Jul,,17.48,2.9526,7.41,15.45,5.33,16.60,6.52,2.6039,0.8991,1.5430,,,0.4514,Announcement of Class and Component Prices (PDF),DYMCLASSPRICES,2991,Dairy MMR,DY-WA,Washington,DC,"Washington, DC",Washington,DC,FMMOS,FMMOS - non-mars,08/02/2017 13:18:44,2017,2017-JUL,somatic_cell_adjustment,0.00077,lmprs,
06/24/2017,06/28/2017,2017,Jun,,16.15,2.7136,6.89,16.44,7.22,15.89,6.65,2.4065,0.9137,1.6293,,,0.4917,Announcement of Class and Component Prices (PDF),DYMCLASSPRICES,2991,Dairy MMR,DY-WA,Washington,DC,"Washington, DC",Washington,DC,FMMOS,FMMOS - non-mars,06/28/2017 13:03:02,2017,2017-JUN,somatic_cell_adjustment,0.00081,lmprs,
05/27/2017,06/01/2017,2017,May,,14.84,2.4204,6.60,15.57,7.38,14.49,6.26,2.1644,0.8704,1.5390,,,0.5094,Announcement of Class and Component Prices (PDF),DYMCLASSPRICES,2991,Dairy MMR,DY-WA,Washington,DC,"Washington, DC",Washington,DC,FMMOS,FMMOS - non-mars,06/01/2017 13:05:29,2017,2017-MAY,somatic_cell_adjustment,0.00077,lmprs,
04/29/2017,05/03/2017,2017,Apr,,14.81,2.3618,6.78,15.22,7.23,14.01,5.98,2.1160,0.8386,1.4960,,,0.5243,Announcement of Class and Component Prices (PDF),DYMCLASSPRICES,2991,Dairy MMR,DY-WA,Washington,DC,"Washington, DC",Washington,DC,FMMOS,FMMOS - non-mars,05/03/2017 13:05:57,2017,2017-APR,somatic_cell_adjustment,0.00075,lmprs,
04/01/2017,04/05/2017,2017,Mar,,16.21,2.4246,8.00,15.81,7.61,14.32,6.07,2.1679,0.8493,1.5551,,,0.5239,Announcement of Class and Component Prices (PDF),DYMCLASSPRICES,2991,Dairy MMR,DY-WA,Washington,DC,"Washington, DC",Washington,DC,FMMOS,FMMOS - non-mars,04/05/2017 13:05:00,2017,2017-MAR,somatic_cell_adjustment,0.00078,lmprs,
02/25/2017,03/01/2017,2017,Feb,,16.52,2.4344,8.29,16.88,8.69,15.59,7.35,2.1760,0.9926,1.6871,,,0.4894,Announcement of Class and Component Prices (PDF),DYMCLASSPRICES,2991,Dairy MMR,DY-WA,Washington,DC,"Washington, DC",Washington,DC,FMMOS,FMMOS - non-mars,03/01/2017 13:01:16,2017,2017-FEB,somatic_cell_adjustment,0.00084,lmprs,
01/28/2017,02/01/2017,2017,Jan,,16.36,2.5323,7.77,16.77,8.22,16.19,7.62,2.2568,1.0229,1.7011,,,0.4421,Announcement of Class and Component Prices (PDF),DYMCLASSPRICES,2991,Dairy MMR,DY-WA,Washington,DC,"Washington, DC",Washington,DC,FMMOS,FMMOS - non-mars,02/01/2017 13:06:58,2017,2017-JAN,somatic_cell_adjustment,0.00085,lmprs,
12/31/2016,01/05/2017,2016,Dec,,15.26,2.3424,7.32,17.40,9.56,14.97,7.04,2.1000,0.9579,1.7990,,,0.3994,Announcement of Class and Component Prices (PDF),DYMCLASSPRICES,2991,Dairy MMR,DY-WA,Washington,DC,"Washington, DC",Washington,DC,FMMOS,FMMOS - non-mars,01/05/2017 12:55:11,2016,2016-DEC,somatic_cell_adjustment,0.00090,lmprs,
11/26/2016,11/30/2016,2016,Nov,,14.60,2.1114,7.47,16.76,9.74,13.76,6.63,1.9092,0.9119,1.7596,,,0.3690,Announcement of Class and Component Prices (PDF),DYMCLASSPRICES,2991,Dairy MMR,DY-WA,Washington,DC,"Washington, DC",Washington,DC,FMMOS,FMMOS - non-mars,11/30/2016 13:04:41,2016,2016-NOV,somatic_cell_adjustment,0.00088,lmprs,
10/29/2016,11/02/2016,2016,Oct,,14.09,2.0563,7.14,14.82,7.92,13.66,6.72,1.8637,0.9222,1.5830,,,0.3303,Announcement of Class and Component Prices (PDF),DYMCLASSPRICES,2991,Dairy MMR,DY-WA,Washington,DC,"Washington, DC",Washington,DC,FMMOS,FMMOS - non-mars,11/02/2016 13:47:24,2016,2016-OCT,somatic_cell_adjustment,0.00079,lmprs,
10/01/2016,10/05/2016,2016,Sep,,14.66,2.3152,6.79,16.39,8.61,14.25,6.39,2.0775,0.8847,1.7514,,,0.3055,Announcement of Class and Component Prices (PDF),DYMCLASSPRICES,2991,Dairy MMR,DY-WA,Washington,DC,"Washington, DC",Washington,DC,FMMOS,FMMOS - non-mars,10/05/2016 13:04:16,2016,2016-SEP,somatic_cell_adjustment,0.00088,lmprs,
08/27/2016,08/31/2016,2016,Aug,,15.21,2.4943,6.71,16.91,8.50,14.65,6.16,2.2254,0.8588,1.8119,,,0.2846,Announcement of Class and Component Prices (PDF),DYMCLASSPRICES,2991,Dairy MMR,DY-WA,Washington,DC,"Washington, DC",Washington,DC,FMMOS,FMMOS - non-mars,08/31/2016 13:03:02,2016,2016-AUG,somatic_cell_adjustment,0.00091,lmprs,
07/30/2016,08/03/2016,2016,Jul,,15.16,2.6034,6.27,15.24,6.38,14.84,5.96,2.3155,0.8363,1.6419,,,0.2742,Announcement of Class and Component Prices (PDF),DYMCLASSPRICES,2991,Dairy MMR,DY-WA,Washington,DC,"Washington, DC",Washington,DC,FMMOS,FMMOS - non-mars,08/03/2016 13:09:56,2016,2016-JUL,somatic_cell_adjustment,0.00082,lmprs,
06/25/2016,06/29/2016,2016,Jun,,14.12,2.4179,5.86,13.22,4.96,13.77,5.53,2.1623,0.7888,1.4477,,,0.2601,Announcement of Class and Component Prices (PDF),DYMCLASSPRICES,2991,Dairy MMR,DY-WA,Washington,DC,"Washington, DC",Washington,DC,FMMOS,FMMOS - non-mars,06/29/2016 13:03:34,2016,2016-JUN,somatic_cell_adjustment,0.00072,lmprs,
05/28/2016,06/02/2016,2016,May,,13.53,2.2916,5.71,12.76,4.94,13.09,5.28,2.0580,0.7607,1.4104,,,0.2505,Announcement of Class and Component Prices (PDF),DYMCLASSPRICES,2991,Dairy MMR,DY-WA,Washington,DC,"Washington, DC",Washington,DC,FMMOS,FMMOS - non-mars,06/02/2016 13:14:45,2016,2016-MAY,somatic_cell_adjustment,0.00071,lmprs,
04/30/2016,05/04/2016,2016,Apr,,13.54,2.2446,5.89,13.63,6.01,12.68,5.02,2.0192,0.7307,1.5041,,,0.2466,Announcement of Class and Component Prices (PDF),DYMCLASSPRICES,2991,Dairy MMR,DY-WA,Washington,DC,"Washington, DC",Washington,DC,FMMOS,FMMOS - non-mars,05/04/2016 13:07:06,2016,2016-APR,somatic_cell_adjustment,0.00075,lmprs,
03/26/2016,03/30/2016,2016,Mar,,13.57,2.2098,6.05,13.74,6.25,12.74,5.21,1.9905,0.7522,1.5162,,,0.2477,Announcement of Class and Component Prices (PDF),DYMCLASSPRICES,2991,Dairy MMR,DY-WA,Washington,DC,"Washington, DC",Washington,DC,FMMOS,FMMOS - non-mars,03/30/2016 13:05:26,2016,2016-MAR,somatic_cell_adjustment,0.00076,lmprs,
02/27/2016,03/02/2016,2016,Feb,,14.30,2.3848,6.17,13.80,5.68,13.49,5.36,2.1350,0.7689,1.5170,,,0.2469,Announcement of Class and Component Prices (PDF),DYMCLASSPRICES,2991,Dairy MMR,DY-WA,Washington,DC,"Washington, DC",Washington,DC,FMMOS,FMMOS - non-mars,03/02/2016 13:14:46,2016,2016-FEB,somatic_cell_adjustment,0.00076,lmprs,
01/30/2016,02/03/2016,2016,Jan,,14.19,2.3132,6.31,13.72,5.85,13.31,5.43,2.0759,0.7776,1.5178,,,0.2351,Announcement of Class and Component Prices (PDF),DYMCLASSPRICES,2991,Dairy MMR,DY-WA,Washington,DC,"Washington, DC",Washington,DC,FMMOS,FMMOS - non-mars,02/03/2016 13:05:06,2016,2016-JAN,somatic_cell_adjustment,0.00076,lmprs,
12/26/2015,12/30/2015,2015,Dec,,16.71,2.9127,6.75,14.44,4.43,15.52,5.54,2.5709,0.7893,1.5719,,,0.2336,Announcement of Class and Component Prices (PDF),DYMCLASSPRICES,2991,Dairy MMR,DY-WA,Washington,DC,"Washington, DC",Washington,DC,FMMOS,FMMOS - non-mars,12/30/2015 13:04:22,2015,2015-DEC,somatic_cell_adjustment,0.00079,lmprs,
11/28/2015,12/02/2015,2015,Nov,,18.26,3.1900,7.35,15.30,4.31,16.89,5.96,2.7999,0.8372,1.6503,,,0.2341,Announcement of Class and Component Prices (PDF),DYMCLASSPRICES,2991,Dairy MMR,DY-WA,Washington,DC,"Washington, DC",Washington,DC,FMMOS,FMMOS - non-mars,12/02/2015 13:11:34,2015,2015-NOV,somatic_cell_adjustment,0.00083,lmprs,
10/31/2015,11/04/2015,2015,Oct,,16.44,2.9157,6.46,15.46,5.47,16.43,6.48,2.5734,0.8951,1.6790,,,0.2309,Announcement of Class and Component Prices (PDF),DYMCLASSPRICES,2991,Dairy MMR,DY-WA,Washington,DC,"Washington, DC",Washington,DC,FMMOS,FMMOS - non-mars,11/04/2015 13:33:23,2015,2015-OCT,somatic_cell_adjustment,0.00084,lmprs,
09/26/2015,09/30/2015,2015,Sep,,15.36,2.7601,5.91,15.82,6.41,15.08,5.64,2.4449,0.8007,1.7145,,,0.2442,Announcement of Class and Component Prices (PDF),DYMCLASSPRICES,2991,Dairy MMR,DY-WA,Washington,DC,"Washington, DC",Washington,DC,FMMOS,FMMOS - non-mars,09/30/2015 13:06:29,2015,2015-SEP,somatic_cell_adjustment,0.00086,lmprs,
08/29/2015,09/02/2015,2015,Aug,,14.54,2.2744,6.82,16.27,8.64,12.90,5.14,2.0438,0.7443,1.7386,,,0.3108,Announcement of Class and Component Prices (PDF),DYMCLASSPRICES,2991,Dairy MMR,DY-WA,Washington,DC,"Washington, DC",Washington,DC,FMMOS,FMMOS - non-mars,09/02/2015 13:02:58,2015,2015-AUG,somatic_cell_adjustment,0.00087,lmprs,
08/01/2015,08/05/2015,2015,Jul,,14.70,2.1195,7.55,16.33,9.26,13.15,5.96,1.9159,0.8366,1.6997,,,0.3937,Announcement of Class and Component Prices (PDF),DYMCLASSPRICES,2991,Dairy MMR,DY-WA,Washington,DC,"Washington, DC",Washington,DC,FMMOS,FMMOS - non-mars,08/05/2015 13:00:39,2015,2015-JUL,somatic_cell_adjustment,0.00085,lmprs,
06/27/2015,07/01/2015,2015,Jun,,14.77,2.1081,7.66,16.72,9.71,13.90,6.78,1.9065,0.9283,1.7222,,,0.4245,Announcement of Class and Component Prices (PDF),DYMCLASSPRICES,2991,Dairy MMR,DY-WA,Washington,DC,"Washington, DC",Washington,DC,FMMOS,FMMOS - non-mars,07/01/2015 13:32:09,2015,2015-JUN,somatic_cell_adjustment,0.00086,lmprs,
05/30/2015,06/03/2015,2015,May,,14.81,2.0669,7.85,16.19,9.31,13.91,6.94,1.8725,0.9464,1.6557,,,0.4450,Announcement of Class and Component Prices (PDF),DYMCLASSPRICES,2991,Dairy MMR,DY-WA,Washington,DC,"Washington, DC",Washington,DC,FMMOS,FMMOS - non-mars,06/03/2015 13:18:15,2015,2015-MAY,somatic_cell_adjustment,0.00083,lmprs,
04/25/2015,04/29/2015,2015,Apr,,14.98,1.9010,8.63,15.81,9.51,13.51,7.13,1.7355,0.9684,1.6122,,,0.4610,Announcement of Class and Component Prices (PDF),DYMCLASSPRICES,2991,Dairy MMR,DY-WA,Washington,DC,"Washington, DC",Washington,DC,FMMOS,FMMOS - non-mars,04/29/2015 13:10:22,2015,2015-APR,somatic_cell_adjustment,0.00081,lmprs,
03/28/2015,04/01/2015,2015,Mar,,14.50,1.8514,8.31,15.56,9.43,13.80,7.61,1.6945,1.0217,1.5750,,,0.4824,Announcement of Class and Component Prices (PDF),DYMCLASSPRICES,2991,Dairy MMR,DY-WA,Washington,DC,"Washington, DC",Washington,DC,FMMOS,FMMOS - non-mars,04/01/2015 13:31:23,2015,2015-MAR,somatic_cell_adjustment,0.00079,lmprs,
02/28/2015,03/04/2015,2015,Feb,,14.48,1.8366,8.34,15.46,9.39,13.82,7.69,1.6823,1.0308,1.5446,,,0.5169,Announcement of Class and Component Prices (PDF),DYMCLASSPRICES,2991,Dairy MMR,DY-WA,Washington,DC,"Washington, DC",Washington,DC,FMMOS,FMMOS - non-mars,03/04/2015 13:02:40,2015,2015-FEB,somatic_cell_adjustment,0.00077,lmprs,
01/31/2015,02/04/2015,2015,Jan,,16.18,1.6925,10.63,16.18,10.65,13.23,7.60,1.5633,1.0202,1.5807,,,0.5875,Announcement of Class and Component Prices (PDF),DYMCLASSPRICES,2991,Dairy MMR,DY-WA,Washington,DC,"Washington, DC",Washington,DC,FMMOS,FMMOS - non-mars,02/04/2015 13:08:32,2015,2015-JAN,somatic_cell_adjustment,0.00079,lmprs,
12/27/2014,12/31/2014,2014,Dec,,19.09,2.1061,12.14,17.82,10.85,16.70,9.69,1.9049,1.2554,1.7362,,,0.5871,Announcement of Class and Component Prices (PDF),DYMCLASSPRICES,2991,Dairy MMR,DY-WA,Washington,DC,"Washington, DC",Washington,DC,FMMOS,FMMOS - non-mars,12/31/2014 13:28:06,2014,2014-DEC,somatic_cell_adjustment,0.00087,lmprs,
11/29/2014,12/03/2014,2014,Nov,,19.91,2.2081,12.62,21.94,14.75,18.21,10.89,1.9891,1.3902,2.1305,,,0.6365,Announcement of Class and Component Prices (PDF),DYMCLASSPRICES,2991,Dairy MMR,DY-WA,Washington,DC,"Washington, DC",Washington,DC,FMMOS,FMMOS - non-mars,12/03/2014 13:13:21,2014,2014-NOV,somatic_cell_adjustment,0.00107,lmprs,
11/01/2014,11/05/2014,2014,Oct,,21.93,2.8577,12.36,23.82,14.34,21.35,11.78,2.5255,1.4900,2.2914,,,0.6525,Announcement of Class and Component Prices (PDF),DYMCLASSPRICES,2991,Dairy MMR,DY-WA,Washington,DC,"Washington, DC",Washington,DC,FMMOS,FMMOS - non-mars,11/05/2014 13:49:38,2014,2014-OCT,somatic_cell_adjustment,0.00115,lmprs,
09/27/2014,10/01/2014,2014,Sep,,26.11,3.2537,15.26,24.60,13.72,22.58,11.62,2.8525,1.4718,2.3472,,,0.6725,Announcement of Class and Component Prices (PDF),DYMCLASSPRICES,2991,Dairy MMR,DY-WA,Washington,DC,"Washington, DC",Washington,DC,FMMOS,FMMOS - non-mars,10/01/2014 13:37:58,2014,2014-SEP,somatic_cell_adjustment,0.00117,lmprs,
08/30/2014,09/04/2014,2014,Aug,,25.34,2.8518,15.92,22.25,12.74,23.89,14.44,2.5206,1.7887,2.1074,,,0.6880,Announcement of Class and Component Prices (PDF),DYMCLASSPRICES,2991,Dairy MMR,DY-WA,Washington,DC,"Washington, DC",Washington,DC,FMMOS,FMMOS - non-mars,09/04/2014 13:52:02,2014,2014-AUG,somatic_cell_adjustment,0.00105,lmprs,
07/26/2014,07/30/2014,2014,Jul,,24.41,2.6419,15.71,21.60,12.83,23.78,15.09,2.3473,1.8617,2.0482,,,0.6890,Announcement of Class and Component Prices (PDF),DYMCLASSPRICES,2991,Dairy MMR,DY-WA,Washington,DC,"Washington, DC",Washington,DC,FMMOS,FMMOS - non-mars,07/30/2014 13:22:12,2014,2014-JUL,somatic_cell_adjustment,0.00102,lmprs,
06/28/2014,07/02/2014,2014,Jun,,23.94,2.4483,15.93,21.36,13.28,23.13,15.11,2.1874,1.8633,2.0358,,,0.6789,Announcement of Class and Component Prices (PDF),DYMCLASSPRICES,2991,Dairy MMR,DY-WA,Washington,DC,"Washington, DC",Washington,DC,FMMOS,FMMOS - non-mars,07/02/2014 13:05:55,2014,2014-JUN,somatic_cell_adjustment,0.00102,lmprs,
05/31/2014,06/04/2014,2014,May,,24.44,2.2791,17.06,22.57,15.15,22.65,15.23,2.0477,1.8768,2.1703,,,0.6745,Announcement of Class and Component Prices (PDF),DYMCLASSPRICES,2991,Dairy MMR,DY-WA,Washington,DC,"Washington, DC",Washington,DC,FMMOS,FMMOS - non-mars,06/04/2014 13:47:22,2014,2014-MAY,somatic_cell_adjustment,0.00109,lmprs,
04/26/2014,04/30/2014,2014,Apr,,24.74,2.1277,17.92,24.31,17.50,23.34,16.50,1.9227,2.0191,2.3547,,,0.6774,Announcement of Class and Component Prices (PDF),DYMCLASSPRICES,2991,Dairy MMR,DY-WA,Washington,DC,"Washington, DC",Washington,DC,FMMOS,FMMOS - non-mars,04/30/2014 14:03:41,2014,2014-APR,somatic_cell_adjustment,0.00118,lmprs,
03/29/2014,04/02/2014,2014,Mar,,24.22,2.0472,17.67,23.33,16.78,23.66,17.12,1.8562,2.0897,2.2689,,,0.6554,Announcement of Class and Component Prices (PDF),DYMCLASSPRICES,2991,Dairy MMR,DY-WA,Washington,DC,"Washington, DC",Washington,DC,FMMOS,FMMOS - non-mars,04/02/2014 13:03:12,2014,2014-MAR,somatic_cell_adjustment,0.00113,lmprs,
03/01/2014,03/05/2014,2014,Feb,,23.73,2.0179,17.27,23.35,16.90,23.46,17.02,1.8320,2.0783,2.2864,,,0.6314,Announcement of Class and Component Prices (PDF),DYMCLASSPRICES,2991,Dairy MMR,DY-WA,Washington,DC,"Washington, DC",Washington,DC,FMMOS,FMMOS - non-mars,03/05/2014 13:32:06,2014,2014-FEB,somatic_cell_adjustment,0.00114,lmprs,
02/01/2014,02/05/2014,2014,Jan,,22.21,1.7944,16.51,21.15,15.43,22.29,16.62,1.6475,2.0335,2.0838,,,0.6025,Announcement of Class and Component Prices (PDF),DYMCLASSPRICES,2991,Dairy MMR,DY-WA,Washington,DC,"Washington, DC",Washington,DC,FMMOS,FMMOS - non-mars,02/05/2014 13:33:25,2014,2014-JAN,somatic_cell_adjustment,0.00104,lmprs,
12/28/2013,01/02/2014,2013,Dec,,21.66,1.7742,16.01,18.95,13.23,21.54,15.91,1.6308,1.9537,1.8761,,,0.5706,Announcement of Class and Component Prices (PDF),DYMCLASSPRICES,2991,Dairy MMR,DY-WA,Washington,DC,"Washington, DC",Washington,DC,FMMOS,FMMOS - non-mars,01/02/2014 13:04:33,2013,2013-DEC,somatic_cell_adjustment,0.00094,lmprs,
11/30/2013,12/04/2013,2013,Nov,,20.76,1.6406,15.56,18.83,13.59,20.52,15.34,1.5205,1.8892,1.8612,,,0.5831,Announcement of Class and Component Prices (PDF),DYMCLASSPRICES,2991,Dairy MMR,DY-WA,Washington,DC,"Washington, DC",Washington,DC,FMMOS,FMMOS - non-mars,12/04/2013 13:42:24,2013,2013-NOV,somatic_cell_adjustment,0.00093,lmprs,
10/26/2013,10/30/2013,2013,Oct,,20.56,1.6708,15.25,18.22,12.85,20.17,14.87,1.5454,1.8366,1.8025,,,0.5731,Announcement of Class and Component Prices (PDF),DYMCLASSPRICES,2991,Dairy MMR,DY-WA,Washington,DC,"Washington, DC",Washington,DC,FMMOS,FMMOS - non-mars,10/30/2013 13:29:32,2013,2013-OCT,somatic_cell_adjustment,0.00090,lmprs,
09/28/2013,10/18/2013,2013,Sep,,19.78,1.5266,14.96,18.14,13.29,19.43,14.62,1.4263,1.8085,1.7961,,,0.5791,Announcement of Class and Component Prices (PDF),DYMCLASSPRICES,2991,Dairy MMR,DY-WA,Washington,DC,"Washington, DC",Washington,DC,FMMOS,FMMOS - non-mars,10/18/2013 10:41:45,2013,2013-SEP,somatic_cell_adjustment,0.00090,lmprs,
08/31/2013,09/05/2013,2013,Aug,,19.27,1.5174,14.47,17.91,13.08,19.07,14.28,1.4187,1.7706,1.7731,,,0.5778,Announcement of Class and Component Prices (PDF),DYMCLASSPRICES,2991,Dairy MMR,DY-WA,Washington,DC,"Washington, DC",Washington,DC,FMMOS,FMMOS - non-mars,09/05/2013 13:06:42,2013,2013-AUG,somatic_cell_adjustment,0.00089,lmprs,
07/27/2013,07/31/2013,2013,Jul,,19.22,1.5763,14.20,17.38,12.32,18.90,13.89,1.4674,1.7272,1.7142,,,0.5804,Announcement of Class and Component Prices (PDF),DYMCLASSPRICES,2991,Dairy MMR,DY-WA,Washington,DC,"Washington, DC",Washington,DC,FMMOS,FMMOS - non-mars,07/31/2013 13:04:38,2013,2013-JUL,somatic_cell_adjustment,0.00086,lmprs,
06/29/2013,07/03/2013,2013,Jun,,19.14,1.6669,13.79,18.02,12.65,18.88,13.54,1.5422,1.6878,1.7810,,,0.5738,Announcement of Class and Component Prices (PDF),DYMCLASSPRICES,2991,Dairy MMR,DY-WA,Washington,DC,"Washington, DC",Washington,DC,FMMOS,FMMOS - non-mars,07/03/2013 13:07:05,2013,2013-JUN,somatic_cell_adjustment,0.00089,lmprs,
06/01/2013,06/05/2013,2013,May,,18.43,1.7954,12.59,18.52,12.71,18.89,13.09,1.6483,1.6374,1.8274,,,0.5765,Announcement of Class and Component Prices (PDF),DYMCLASSPRICES,2991,Dairy MMR,DY-WA,Washington,DC,"Washington, DC",Washington,DC,FMMOS,FMMOS - non-mars,06/05/2013 13:37:51,2013,2013-MAY,somatic_cell_adjustment,0.00091,lmprs,
04/27/2013,05/01/2013,2013,Apr,,18.73,1.8297,12.77,17.59,11.62,18.10,12.15,1.6766,1.5312,1.7310,,,0.5741,Announcement of Class and Component Prices (PDF),DYMCLASSPRICES,2991,Dairy MMR,DY-WA,Washington,DC,"Washington, DC",Washington,DC,FMMOS,FMMOS - non-mars,05/01/2013 13:31:51,2013,2013-APR,somatic_cell_adjustment,0.00087,lmprs,
03/30/2013,04/03/2013,2013,Mar,,18.82,1.7546,13.14,16.93,11.21,17.75,12.06,1.6146,1.5208,1.6467,,,0.6048,Announcement of Class and Component Prices (PDF),DYMCLASSPRICES,2991,Dairy MMR,DY-WA,Washington,DC,"Washington, DC",Washington,DC,FMMOS,FMMOS - non-mars,04/03/2013 13:36:29,2013,2013-MAR,somatic_cell_adjustment,0.00082,lmprs,
02/23/2013,02/27/2013,2013,Feb,,18.49,1.6689,13.11,17.25,11.85,17.75,12.37,1.5438,1.5559,1.6623,,,0.6393,Announcement of Class and Component Prices (PDF),DYMCLASSPRICES,2991,Dairy MMR,DY-WA,Washington,DC,"Washington, DC",Washington,DC,FMMOS,FMMOS - non-mars,02/27/2013 13:03:22,2013,2013-FEB,somatic_cell_adjustment,0.00083,lmprs,
01/26/2013,01/30/2013,2013,Jan,,18.19,1.6238,12.96,18.14,12.93,17.63,12.41,1.5066,1.5601,1.7485,,,0.6503,Announcement of Class and Component Prices (PDF),DYMCLASSPRICES,2991,Dairy MMR,DY-WA,Washington,DC,"Washington, DC",Washington,DC,FMMOS,FMMOS - non-mars,01/30/2013 13:50:34,2013,2013-JAN,somatic_cell_adjustment,0.00087,lmprs,
12/29/2012,01/03/2013,2012,Dec,,18.30,1.7346,12.67,18.66,13.07,17.83,12.21,1.5981,1.5384,1.7925,,,0.6610,Announcement of Class and Component Prices (PDF),DYMCLASSPRICES,2991,Dairy MMR,DY-WA,Washington,DC,"Washington, DC",Washington,DC,FMMOS,FMMOS - non-mars,01/03/2013 13:44:27,2012,2012-DEC,somatic_cell_adjustment,0.00090,lmprs,
12/01/2012,12/05/2012,2012,Nov,,18.81,2.0288,12.13,20.83,14.25,18.66,12.00,1.8410,1.5143,2.0146,,,0.6480,Announcement of Class and Component Prices (PDF),DYMCLASSPRICES,2991,Dairy MMR,DY-WA,Washington,DC,"Washington, DC",Washington,DC,FMMOS,FMMOS - non-mars,12/05/2012 13:44:59,2012,2012-NOV,somatic_cell_adjustment,0.00101,lmprs,
10/27/2012,10/31/2012,2012,Oct,,18.44,2.1206,11.42,21.02,14.12,18.54,11.55,1.9168,1.4636,2.0479,,,0.6205,Announcement of Class and Component Prices (PDF),DYMCLASSPRICES,2991,Dairy MMR,DY-WA,Washington,DC,"Washington, DC",Washington,DC,FMMOS,FMMOS - non-mars,10/31/2012 13:24:09,2012,2012-OCT,somatic_cell_adjustment,0.00102,lmprs,
09/29/2012,10/03/2012,2012,Sep,,17.04,2.0117,10.36,19.00,12.42,17.41,10.77,1.8269,1.3768,1.8647,,,0.5846,Announcement of Class and Component Prices (PDF),DYMCLASSPRICES,2991,Dairy MMR,DY-WA,Washington,DC,"Washington, DC",Washington,DC,FMMOS,FMMOS - non-mars,10/03/2012 13:08:44,2012,2012-SEP,somatic_cell_adjustment,0.00093,lmprs,
08/25/2012,08/29/2012,2012,Aug,,15.64,1.8409,9.53,17.73,11.72,15.76,9.68,1.6859,1.2543,1.7682,,,0.5352,Announcement of Class and Component Prices (PDF),DYMCLASSPRICES,2991,Dairy MMR,DY-WA,Washington,DC,"Washington, DC",Washington,DC,FMMOS,FMMOS - non-mars,08/29/2012 13:03:29,2012,2012-AUG,somatic_cell_adjustment,0.00088,lmprs,
07/28/2012,08/01/2012,2012,Jul,,14.51,1.6626,9.01,16.68,11.28,14.45,8.97,1.5386,1.1744,1.6857,,,0.5023,Announcement of Class and Component Prices (PDF),DYMCLASSPRICES,2991,Dairy MMR,DY-WA,Washington,DC,"Washington, DC",Washington,DC,FMMOS,FMMOS - non-mars,08/01/2012 13:30:51,2012,2012-JUL,somatic_cell_adjustment,0.00084,lmprs,
06/30/2012,07/05/2012,2012,Jun,,14.32,1.4936,9.42,15.63,10.81,13.24,8.33,1.3991,1.1023,1.5846,,,0.5013,Announcement of Class and Component Prices (PDF),DYMCLASSPRICES,2991,Dairy MMR,DY-WA,Washington,DC,"Washington, DC",Washington,DC,FMMOS,FMMOS - non-mars,07/05/2012 13:47:57,2012,2012-JUN,somatic_cell_adjustment,0.00079,lmprs,
05/26/2012,05/31/2012,2012,May,,15.19,1.4532,10.47,15.23,10.54,13.55,8.80,1.3657,1.1551,1.5215,,,0.5389,Announcement of Class and Component Prices (PDF),DYMCLASSPRICES,2991,Dairy MMR,DY-WA,Washington,DC,"Washington, DC",Washington,DC,FMMOS,FMMOS - non-mars,05/31/2012 13:26:26,2012,2012-MAY,somatic_cell_adjustment,0.00076,lmprs,
04/28/2012,05/02/2012,2012,Apr,,16.20,1.5715,11.09,15.72,10.62,14.80,9.66,1.4634,1.2514,1.5361,,,0.5921,Announcement of Class and Component Prices (PDF),DYMCLASSPRICES,2991,Dairy MMR,DY-WA,Washington,DC,"Washington, DC",Washington,DC,FMMOS,FMMOS - non-mars,05/02/2012 13:55:44,2012,2012-APR,somatic_cell_adjustment,0.00077,lmprs,
03/24/2012,04/02/2012,2012,Mar,,,,,,,,,,,,,,,Announcement of Class and Component Prices (PDF),DYMCLASSPRICES,2991,Dairy MMR,DY-WA,Washington,DC,"Washington, DC",Washington,DC,FMMOS,FMMOS - non-mars,04/02/2012 09:28:22,2012,2012-MAR,somatic_cell_adjustment,,lmprs,
