commodity,category,item,units,size,region,country,year,value,survey_base_year,period,unit
Milk,Supporting information,Milk cows,head per farm,No specific size,U.S. total,United States,2025,283.0,Base survey of 2021,annual,head per farm
Milk,Operating costs,"Other, operating costs  ",dollars per hundredweight sold,No specific size,U.S. total,United States,2025,0.01,Base survey of 2021,annual,dollars per hundredweight sold
Milk,Allocated overhead,Opportunity cost of unpaid labor,dollars per hundredweight sold,No specific size,U.S. total,United States,2025,1.64,Base survey of 2021,annual,dollars per hundredweight sold
Milk,Gross value of production,Milk sold,dollars per hundredweight sold,No specific size,U.S. total,United States,2025,21.0,Base survey of 2021,annual,dollars per hundredweight sold
Milk,Operating costs,Custom services,dollars per hundredweight sold,No specific size,Iowa,United States,2025,0.73,Base survey of 2021,annual,dollars per hundredweight sold
Milk,Operating costs,Custom services,dollars per hundredweight sold,No specific size,California,United States,2025,0.73,Base survey of 2021,annual,dollars per hundredweight sold
Milk,Operating costs,Marketing,dollars per hundredweight sold,No specific size,Kentucky,United States,2025,0.07,Base survey of 2021,annual,dollars per hundredweight sold
Milk,Gross value of production,"Total, gross value of production",dollars per hundredweight sold,No specific size,Indiana,United States,2025,28.25,Base survey of 2021,annual,dollars per hundredweight sold
Milk,Operating costs,Veterinary and medicine,dollars per hundredweight sold,No specific size,Kentucky,United States,2025,0.81,Base survey of 2021,annual,dollars per hundredweight sold
Milk,Operating costs,"Total, feed costs",dollars per hundredweight sold,No specific size,Wisconsin,United States,2025,9.09,Base survey of 2021,annual,dollars per hundredweight sold
Milk,Operating costs,Bedding and litter,dollars per hundredweight sold,No specific size,Iowa,United States,2025,0.22,Base survey of 2021,annual,dollars per hundredweight sold
Milk,Operating costs,Marketing,dollars per hundredweight sold,No specific size,Ohio,United States,2025,0.08,Base survey of 2021,annual,dollars per hundredweight sold
Milk,Gross value of production,"Total, gross value of production",dollars per hundredweight sold,No specific size,Iowa,United States,2025,22.15,Base survey of 2021,annual,dollars per hundredweight sold
Milk,Operating costs,Veterinary and medicine,dollars per hundredweight sold,No specific size,New York,United States,2025,1.0,Base survey of 2021,annual,dollars per hundredweight sold
Milk,Operating costs,Bedding and litter,dollars per hundredweight sold,No specific size,Kentucky,United States,2025,0.23,Base survey of 2021,annual,dollars per hundredweight sold
Milk,Operating costs,Repairs,dollars per hundredweight sold,No specific size,Wisconsin,United States,2025,0.92,Base survey of 2021,annual,dollars per hundredweight sold
Milk,Gross value of production,Other income  ,dollars per hundredweight sold,No specific size,Indiana,United States,2025,0.75,Base survey of 2021,annual,dollars per hundredweight sold
Milk,Operating costs,Bedding and litter,dollars per hundredweight sold,No specific size,California,United States,2025,0.04,Base survey of 2021,annual,dollars per hundredweight sold
Milk,Operating costs,Bedding and litter,dollars per hundredweight sold,No specific size,Wisconsin,United States,2025,0.35,Base survey of 2021,annual,dollars per hundredweight sold
Milk,Allocated overhead,Hired labor,dollars per hundredweight sold,No specific size,Minnesota,United States,2025,2.69,Base survey of 2021,annual,dollars per hundredweight sold
Milk,Operating costs,Custom services,dollars per hundredweight sold,No specific size,New York,United States,2025,0.77,Base survey of 2021,annual,dollars per hundredweight sold
Milk,Allocated overhead,Opportunity cost of land,dollars per hundredweight sold,No specific size,Kentucky,United States,2025,0.08,Base survey of 2021,annual,dollars per hundredweight sold
Milk,Supporting information,Output per cow,pounds,No specific size,Kentucky,United States,2025,17662.0,Base survey of 2021,annual,pounds
Milk,Allocated overhead,Capital recovery of machinery and equipment  ,dollars per hundredweight sold,No specific size,Wisconsin,United States,2025,4.66,Base survey of 2021,annual,dollars per hundredweight sold
Milk,Allocated overhead,Opportunity cost of land,dollars per hundredweight sold,No specific size,Iowa,United States,2025,0.09,Base survey of 2021,annual,dollars per hundredweight sold
Milk,Supporting information,Output per cow,pounds,No specific size,California,United States,2025,24768.0,Base survey of 2021,annual,pounds
Milk,Operating costs,"Other, operating costs  ",dollars per hundredweight sold,No specific size,Indiana,United States,2025,0.06,Base survey of 2021,annual,dollars per hundredweight sold
Milk,Gross value of production,"Total, gross value of production",dollars per hundredweight sold,No specific size,Kentucky,United States,2025,23.68,Base survey of 2021,annual,dollars per hundredweight sold
Milk,Operating costs,Marketing,dollars per hundredweight sold,No specific size,Michigan,United States,2025,0.28,Base survey of 2021,annual,dollars per hundredweight sold
Milk,Operating costs,Repairs,dollars per hundredweight sold,No specific size,New York,United States,2025,1.0,Base survey of 2021,annual,dollars per hundredweight sold
Milk,Operating costs,"Fuel, lube, and electricity",dollars per hundredweight sold,No specific size,Ohio,United States,2025,0.99,Base survey of 2021,annual,dollars per hundredweight sold
Milk,Operating costs,Veterinary and medicine,dollars per hundredweight sold,No specific size,California,United States,2025,0.67,Base survey of 2021,annual,dollars per hundredweight sold
Milk,Gross value of production,"Total, gross value of production",dollars per hundredweight sold,No specific size,California,United States,2025,23.61,Base survey of 2021,annual,dollars per hundredweight sold
Milk,Operating costs,Custom services,dollars per hundredweight sold,No specific size,Kentucky,United States,2025,0.74,Base survey of 2021,annual,dollars per hundredweight sold
Milk,Supporting information,Milk cows,head per farm,No specific size,Michigan,United States,2025,211.0,Base survey of 2021,annual,head per farm
Milk,Supporting information,Output per cow,pounds,No specific size,New York,United States,2025,22218.0,Base survey of 2021,annual,pounds
Milk,Supporting information,Output per cow,pounds,No specific size,Ohio,United States,2025,21773.0,Base survey of 2021,annual,pounds
Milk,Supporting information,Milk cows,head per farm,No specific size,Minnesota,United States,2025,155.0,Base survey of 2021,annual,head per farm
Milk,Operating costs,"Other, operating costs  ",dollars per hundredweight sold,No specific size,Minnesota,United States,2025,0.01,Base survey of 2021,annual,dollars per hundredweight sold
Milk,Allocated overhead,Opportunity cost of unpaid labor,dollars per hundredweight sold,No specific size,Minnesota,United States,2025,3.08,Base survey of 2021,annual,dollars per hundredweight sold
Milk,Operating costs,"Total, feed costs",dollars per hundredweight sold,No specific size,Pennsylvania,United States,2025,11.0,Base survey of 2021,annual,dollars per hundredweight sold
Milk,Gross value of production,"Total, gross value of production",dollars per hundredweight sold,No specific size,Pennsylvania,United States,2025,24.92,Base survey of 2021,annual,dollars per hundredweight sold
Milk,Operating costs,Interest on operating capital,dollars per hundredweight sold,No specific size,New York,United States,2025,0.27,Base survey of 2021,annual,dollars per hundredweight sold
Milk,Gross value of production,Milk sold,dollars per hundredweight sold,No specific size,Minnesota,United States,2025,21.38,Base survey of 2021,annual,dollars per hundredweight sold
Milk,Gross value of production,Milk sold,dollars per hundredweight sold,No specific size,New York,United States,2025,22.34,Base survey of 2021,annual,dollars per hundredweight sold
Milk,Operating costs,Veterinary and medicine,dollars per hundredweight sold,No specific size,Wisconsin,United States,2025,0.89,Base survey of 2021,annual,dollars per hundredweight sold
Milk,Gross value of production,Milk sold,dollars per hundredweight sold,No specific size,California,United States,2025,20.98,Base survey of 2021,annual,dollars per hundredweight sold
Milk,Allocated overhead,"Total, allocated overhead",dollars per hundredweight sold,No specific size,Pennsylvania,United States,2025,16.95,Base survey of 2021,annual,dollars per hundredweight sold
Milk,Operating costs,Grazed feed,dollars per hundredweight sold,No specific size,Pennsylvania,United States,2025,0.03,Base survey of 2021,annual,dollars per hundredweight sold
Milk,Operating costs,Homegrown harvested feed,dollars per hundredweight sold,No specific size,Kentucky,United States,2025,4.39,Base survey of 2021,annual,dollars per hundredweight sold
Milk,Allocated overhead,Opportunity cost of unpaid labor,dollars per hundredweight sold,No specific size,Iowa,United States,2025,2.64,Base survey of 2021,annual,dollars per hundredweight sold
Milk,Supporting information,Output per cow,pounds,No specific size,Iowa,United States,2025,23325.0,Base survey of 2021,annual,pounds
Milk,Costs listed,"Total, costs listed",dollars per hundredweight sold,No specific size,Ohio,United States,2025,25.55,Base survey of 2021,annual,dollars per hundredweight sold
Milk,Net value,Value of production less operating costs,dollars per hundredweight sold,No specific size,Michigan,United States,2025,7.19,Base survey of 2021,annual,dollars per hundredweight sold
Milk,Gross value of production,Other income  ,dollars per hundredweight sold,No specific size,Wisconsin,United States,2025,0.59,Base survey of 2021,annual,dollars per hundredweight sold
Milk,Net value,Value of production less total costs listed,dollars per hundredweight sold,No specific size,Minnesota,United States,2025,-0.9,Base survey of 2021,annual,dollars per hundredweight sold
Milk,Gross value of production,Cattle,dollars per hundredweight sold,No specific size,Minnesota,United States,2025,2.51,Base survey of 2021,annual,dollars per hundredweight sold
Milk,Operating costs,Homegrown harvested feed,dollars per hundredweight sold,No specific size,California,United States,2025,2.35,Base survey of 2021,annual,dollars per hundredweight sold
Milk,Gross value of production,Milk sold,dollars per hundredweight sold,No specific size,Michigan,United States,2025,21.01,Base survey of 2021,annual,dollars per hundredweight sold
Milk,Gross value of production,Other income  ,dollars per hundredweight sold,No specific size,New York,United States,2025,0.64,Base survey of 2021,annual,dollars per hundredweight sold
Milk,Operating costs,Interest on operating capital,dollars per hundredweight sold,No specific size,Pennsylvania,United States,2025,0.31,Base survey of 2021,annual,dollars per hundredweight sold
Milk,Operating costs,"Total, operating costs",dollars per hundredweight sold,No specific size,Michigan,United States,2025,17.33,Base survey of 2021,annual,dollars per hundredweight sold
Milk,Gross value of production,Cattle,dollars per hundredweight sold,No specific size,Michigan,United States,2025,2.86,Base survey of 2021,annual,dollars per hundredweight sold
Milk,Operating costs,Grazed feed,dollars per hundredweight sold,No specific size,New York,United States,2025,0.08,Base survey of 2021,annual,dollars per hundredweight sold
Milk,Operating costs,Purchased feed,dollars per hundredweight sold,No specific size,Ohio,United States,2025,4.74,Base survey of 2021,annual,dollars per hundredweight sold
Milk,Allocated overhead,"Total, allocated overhead",dollars per hundredweight sold,No specific size,New York,United States,2025,14.21,Base survey of 2021,annual,dollars per hundredweight sold
Milk,Allocated overhead,Taxes and insurance,dollars per hundredweight sold,No specific size,Wisconsin,United States,2025,0.36,Base survey of 2021,annual,dollars per hundredweight sold
Milk,Gross value of production,Other income  ,dollars per hundredweight sold,No specific size,California,United States,2025,0.65,Base survey of 2021,annual,dollars per hundredweight sold
Milk,Operating costs,Interest on operating capital,dollars per hundredweight sold,No specific size,Wisconsin,United States,2025,0.26,Base survey of 2021,annual,dollars per hundredweight sold
Milk,Operating costs,Grazed feed,dollars per hundredweight sold,No specific size,Wisconsin,United States,2025,0.02,Base survey of 2021,annual,dollars per hundredweight sold
Milk,Operating costs,Marketing,dollars per hundredweight sold,No specific size,Indiana,United States,2025,0.07,Base survey of 2021,annual,dollars per hundredweight sold
Milk,Gross value of production,Other income  ,dollars per hundredweight sold,No specific size,Kentucky,United States,2025,0.73,Base survey of 2021,annual,dollars per hundredweight sold
Milk,Operating costs,"Fuel, lube, and electricity",dollars per hundredweight sold,No specific size,Minnesota,United States,2025,0.99,Base survey of 2021,annual,dollars per hundredweight sold
Milk,Allocated overhead,"Total, allocated overhead",dollars per hundredweight sold,No specific size,California,United States,2025,6.15,Base survey of 2021,annual,dollars per hundredweight sold
Milk,Operating costs,"Fuel, lube, and electricity",dollars per hundredweight sold,No specific size,Michigan,United States,2025,1.15,Base survey of 2021,annual,dollars per hundredweight sold
Milk,Allocated overhead,Opportunity cost of unpaid labor,dollars per hundredweight sold,No specific size,Michigan,United States,2025,3.55,Base survey of 2021,annual,dollars per hundredweight sold
Milk,Operating costs,Marketing,dollars per hundredweight sold,No specific size,California,United States,2025,0.2,Base survey of 2021,annual,dollars per hundredweight sold
Milk,Operating costs,Purchased feed,dollars per hundredweight sold,No specific size,Minnesota,United States,2025,4.64,Base survey of 2021,annual,dollars per hundredweight sold
Milk,Operating costs,Grazed feed,dollars per hundredweight sold,No specific size,California,United States,2025,0.02,Base survey of 2021,annual,dollars per hundredweight sold
Milk,Allocated overhead,Opportunity cost of unpaid labor,dollars per hundredweight sold,No specific size,Kentucky,United States,2025,4.06,Base survey of 2021,annual,dollars per hundredweight sold
Milk,Operating costs,Grazed feed,dollars per hundredweight sold,No specific size,Kentucky,United States,2025,0.15,Base survey of 2021,annual,dollars per hundredweight sold
Milk,Allocated overhead,Opportunity cost of unpaid labor,dollars per hundredweight sold,No specific size,California,United States,2025,0.33,Base survey of 2021,annual,dollars per hundredweight sold
Milk,Operating costs,Grazed feed,dollars per hundredweight sold,No specific size,Iowa,United States,2025,0.02,Base survey of 2021,annual,dollars per hundredweight sold
Milk,Allocated overhead,Taxes and insurance,dollars per hundredweight sold,No specific size,Michigan,United States,2025,0.25,Base survey of 2021,annual,dollars per hundredweight sold
Milk,Supporting information,Milk cows,head per farm,No specific size,Kentucky,United States,2025,128.0,Base survey of 2021,annual,head per farm
Milk,Allocated overhead,General farm overhead,dollars per hundredweight sold,No specific size,Wisconsin,United States,2025,0.66,Base survey of 2021,annual,dollars per hundredweight sold
Milk,Allocated overhead,"Total, allocated overhead",dollars per hundredweight sold,No specific size,Iowa,United States,2025,9.8,Base survey of 2021,annual,dollars per hundredweight sold
Milk,Allocated overhead,Capital recovery of machinery and equipment  ,dollars per hundredweight sold,No specific size,Ohio,United States,2025,5.41,Base survey of 2021,annual,dollars per hundredweight sold
Milk,Allocated overhead,Opportunity cost of land,dollars per hundredweight sold,No specific size,New York,United States,2025,0.04,Base survey of 2021,annual,dollars per hundredweight sold
Milk,Allocated overhead,General farm overhead,dollars per hundredweight sold,No specific size,Michigan,United States,2025,0.46,Base survey of 2021,annual,dollars per hundredweight sold
Milk,Allocated overhead,Taxes and insurance,dollars per hundredweight sold,No specific size,Minnesota,United States,2025,0.32,Base survey of 2021,annual,dollars per hundredweight sold
Milk,Allocated overhead,"Total, allocated overhead",dollars per hundredweight sold,No specific size,Kentucky,United States,2025,14.69,Base survey of 2021,annual,dollars per hundredweight sold
Milk,Operating costs,"Total, operating costs",dollars per hundredweight sold,No specific size,Pennsylvania,United States,2025,16.15,Base survey of 2021,annual,dollars per hundredweight sold
Milk,Operating costs,"Total, feed costs",dollars per hundredweight sold,No specific size,Minnesota,United States,2025,8.88,Base survey of 2021,annual,dollars per hundredweight sold
Milk,Operating costs,Bedding and litter,dollars per hundredweight sold,No specific size,Pennsylvania,United States,2025,0.4,Base survey of 2021,annual,dollars per hundredweight sold
Milk,Allocated overhead,Hired labor,dollars per hundredweight sold,No specific size,Michigan,United States,2025,3.81,Base survey of 2021,annual,dollars per hundredweight sold
Milk,Supporting information,Output per cow,pounds,No specific size,Minnesota,United States,2025,21559.0,Base survey of 2021,annual,pounds
Milk,Operating costs,Homegrown harvested feed,dollars per hundredweight sold,No specific size,Ohio,United States,2025,4.58,Base survey of 2021,annual,dollars per hundredweight sold
Milk,Gross value of production,Cattle,dollars per hundredweight sold,No specific size,New York,United States,2025,2.6,Base survey of 2021,annual,dollars per hundredweight sold
Milk,Operating costs,Repairs,dollars per hundredweight sold,No specific size,Ohio,United States,2025,1.05,Base survey of 2021,annual,dollars per hundredweight sold
Milk,Operating costs,"Total, operating costs",dollars per hundredweight sold,No specific size,Minnesota,United States,2025,13.42,Base survey of 2021,annual,dollars per hundredweight sold
Milk,Operating costs,Interest on operating capital,dollars per hundredweight sold,No specific size,California,United States,2025,0.24,Base survey of 2021,annual,dollars per hundredweight sold
Milk,Operating costs,Marketing,dollars per hundredweight sold,No specific size,Pennsylvania,United States,2025,0.21,Base survey of 2021,annual,dollars per hundredweight sold
Milk,Supporting information,Output per cow,pounds,No specific size,Indiana,United States,2025,19121.0,Base survey of 2021,annual,pounds
Milk,Net value,Value of production less total costs listed,dollars per hundredweight sold,No specific size,Ohio,United States,2025,-0.55,Base survey of 2021,annual,dollars per hundredweight sold
Milk,Allocated overhead,Capital recovery of machinery and equipment  ,dollars per hundredweight sold,No specific size,Kentucky,United States,2025,8.89,Base survey of 2021,annual,dollars per hundredweight sold
Milk,Costs listed,"Total, costs listed",dollars per hundredweight sold,No specific size,California,United States,2025,18.85,Base survey of 2021,annual,dollars per hundredweight sold
Milk,Allocated overhead,Capital recovery of machinery and equipment  ,dollars per hundredweight sold,No specific size,California,United States,2025,2.76,Base survey of 2021,annual,dollars per hundredweight sold
Milk,Allocated overhead,General farm overhead,dollars per hundredweight sold,No specific size,Ohio,United States,2025,0.7,Base survey of 2021,annual,dollars per hundredweight sold
Milk,Allocated overhead,General farm overhead,dollars per hundredweight sold,No specific size,Pennsylvania,United States,2025,0.86,Base survey of 2021,annual,dollars per hundredweight sold
Milk,Costs listed,"Total, costs listed",dollars per hundredweight sold,No specific size,Kentucky,United States,2025,27.08,Base survey of 2021,annual,dollars per hundredweight sold
Milk,Operating costs,Veterinary and medicine,dollars per hundredweight sold,No specific size,Michigan,United States,2025,1.16,Base survey of 2021,annual,dollars per hundredweight sold
Milk,Gross value of production,Cattle,dollars per hundredweight sold,No specific size,Indiana,United States,2025,3.58,Base survey of 2021,annual,dollars per hundredweight sold
Milk,Operating costs,Repairs,dollars per hundredweight sold,No specific size,Michigan,United States,2025,1.21,Base survey of 2021,annual,dollars per hundredweight sold
Milk,Operating costs,Repairs,dollars per hundredweight sold,No specific size,Kentucky,United States,2025,0.67,Base survey of 2021,annual,dollars per hundredweight sold
Milk,Operating costs,Interest on operating capital,dollars per hundredweight sold,No specific size,Michigan,United States,2025,0.33,Base survey of 2021,annual,dollars per hundredweight sold
Milk,Operating costs,Interest on operating capital,dollars per hundredweight sold,No specific size,Kentucky,United States,2025,0.24,Base survey of 2021,annual,dollars per hundredweight sold
Milk,Net value,Value of production less total costs listed,dollars per hundredweight sold,No specific size,Michigan,United States,2025,-7.65,Base survey of 2021,annual,dollars per hundredweight sold
Milk,Gross value of production,"Total, gross value of production",dollars per hundredweight sold,No specific size,Wisconsin,United States,2025,23.7,Base survey of 2021,annual,dollars per hundredweight sold
Milk,Operating costs,"Total, feed costs",dollars per hundredweight sold,No specific size,Kentucky,United States,2025,8.97,Base survey of 2021,annual,dollars per hundredweight sold
Milk,Allocated overhead,Opportunity cost of unpaid labor,dollars per hundredweight sold,No specific size,Wisconsin,United States,2025,2.37,Base survey of 2021,annual,dollars per hundredweight sold
Milk,Costs listed,"Total, costs listed",dollars per hundredweight sold,No specific size,Wisconsin,United States,2025,24.02,Base survey of 2021,annual,dollars per hundredweight sold
Milk,Supporting information,Milk cows,head per farm,No specific size,Wisconsin,United States,2025,225.0,Base survey of 2021,annual,head per farm
Milk,Costs listed,"Total, costs listed",dollars per hundredweight sold,No specific size,New York,United States,2025,28.31,Base survey of 2021,annual,dollars per hundredweight sold
Milk,Allocated overhead,Capital recovery of machinery and equipment  ,dollars per hundredweight sold,No specific size,New York,United States,2025,8.54,Base survey of 2021,annual,dollars per hundredweight sold
Milk,Allocated overhead,"Total, allocated overhead",dollars per hundredweight sold,No specific size,Ohio,United States,2025,11.64,Base survey of 2021,annual,dollars per hundredweight sold
Milk,Operating costs,Purchased feed,dollars per hundredweight sold,No specific size,Michigan,United States,2025,4.55,Base survey of 2021,annual,dollars per hundredweight sold
Milk,Net value,Value of production less operating costs,dollars per hundredweight sold,No specific size,Wisconsin,United States,2025,10.07,Base survey of 2021,annual,dollars per hundredweight sold
Milk,Operating costs,Custom services,dollars per hundredweight sold,No specific size,Ohio,United States,2025,0.84,Base survey of 2021,annual,dollars per hundredweight sold
Milk,Operating costs,Homegrown harvested feed,dollars per hundredweight sold,No specific size,New York,United States,2025,4.62,Base survey of 2021,annual,dollars per hundredweight sold
Milk,Operating costs,"Total, feed costs",dollars per hundredweight sold,No specific size,California,United States,2025,9.8,Base survey of 2021,annual,dollars per hundredweight sold
Milk,Gross value of production,Milk sold,dollars per hundredweight sold,No specific size,Indiana,United States,2025,23.92,Base survey of 2021,annual,dollars per hundredweight sold
Milk,Operating costs,Veterinary and medicine,dollars per hundredweight sold,No specific size,Ohio,United States,2025,0.92,Base survey of 2021,annual,dollars per hundredweight sold
Milk,Operating costs,Bedding and litter,dollars per hundredweight sold,No specific size,New York,United States,2025,0.43,Base survey of 2021,annual,dollars per hundredweight sold
Milk,Gross value of production,Other income  ,dollars per hundredweight sold,No specific size,Iowa,United States,2025,0.59,Base survey of 2021,annual,dollars per hundredweight sold
Milk,Gross value of production,Milk sold,dollars per hundredweight sold,No specific size,Pennsylvania,United States,2025,21.36,Base survey of 2021,annual,dollars per hundredweight sold
Milk,Net value,Value of production less total costs listed,dollars per hundredweight sold,No specific size,Indiana,United States,2025,-4.96,Base survey of 2021,annual,dollars per hundredweight sold
Milk,Operating costs,Purchased feed,dollars per hundredweight sold,No specific size,Indiana,United States,2025,5.21,Base survey of 2021,annual,dollars per hundredweight sold
Milk,Net value,Value of production less operating costs,dollars per hundredweight sold,No specific size,Minnesota,United States,2025,11.11,Base survey of 2021,annual,dollars per hundredweight sold
Milk,Operating costs,"Other, operating costs  ",dollars per hundredweight sold,No specific size,Pennsylvania,United States,2025,0.01,Base survey of 2021,annual,dollars per hundredweight sold
Milk,Allocated overhead,Opportunity cost of land,dollars per hundredweight sold,No specific size,California,United States,2025,0.01,Base survey of 2021,annual,dollars per hundredweight sold
Milk,Allocated overhead,Hired labor,dollars per hundredweight sold,No specific size,Wisconsin,United States,2025,2.3,Base survey of 2021,annual,dollars per hundredweight sold
Milk,Allocated overhead,Opportunity cost of land,dollars per hundredweight sold,No specific size,Ohio,United States,2025,0.04,Base survey of 2021,annual,dollars per hundredweight sold
Milk,Allocated overhead,General farm overhead,dollars per hundredweight sold,No specific size,Minnesota,United States,2025,0.58,Base survey of 2021,annual,dollars per hundredweight sold
Milk,Gross value of production,Cattle,dollars per hundredweight sold,No specific size,Pennsylvania,United States,2025,2.8,Base survey of 2021,annual,dollars per hundredweight sold
Milk,Costs listed,"Total, costs listed",dollars per hundredweight sold,No specific size,Minnesota,United States,2025,25.43,Base survey of 2021,annual,dollars per hundredweight sold
Milk,Gross value of production,Cattle,dollars per hundredweight sold,No specific size,California,United States,2025,1.98,Base survey of 2021,annual,dollars per hundredweight sold
Milk,Net value,Value of production less total costs listed,dollars per hundredweight sold,No specific size,Pennsylvania,United States,2025,-8.18,Base survey of 2021,annual,dollars per hundredweight sold
Milk,Gross value of production,"Total, gross value of production",dollars per hundredweight sold,No specific size,Ohio,United States,2025,25.0,Base survey of 2021,annual,dollars per hundredweight sold
Milk,Operating costs,Interest on operating capital,dollars per hundredweight sold,No specific size,Indiana,United States,2025,0.32,Base survey of 2021,annual,dollars per hundredweight sold
Milk,Operating costs,"Total, operating costs",dollars per hundredweight sold,No specific size,New York,United States,2025,14.1,Base survey of 2021,annual,dollars per hundredweight sold
Milk,Operating costs,"Total, feed costs",dollars per hundredweight sold,No specific size,Ohio,United States,2025,9.4,Base survey of 2021,annual,dollars per hundredweight sold
Milk,Operating costs,"Total, operating costs",dollars per hundredweight sold,No specific size,Iowa,United States,2025,11.66,Base survey of 2021,annual,dollars per hundredweight sold
Milk,Operating costs,"Total, operating costs",dollars per hundredweight sold,No specific size,Kentucky,United States,2025,12.39,Base survey of 2021,annual,dollars per hundredweight sold
Milk,Operating costs,"Total, operating costs",dollars per hundredweight sold,No specific size,California,United States,2025,12.7,Base survey of 2021,annual,dollars per hundredweight sold
Milk,Operating costs,"Total, operating costs",dollars per hundredweight sold,No specific size,Wisconsin,United States,2025,13.63,Base survey of 2021,annual,dollars per hundredweight sold
Milk,Net value,Value of production less operating costs,dollars per hundredweight sold,No specific size,Ohio,United States,2025,11.09,Base survey of 2021,annual,dollars per hundredweight sold
Milk,Gross value of production,Cattle,dollars per hundredweight sold,No specific size,Wisconsin,United States,2025,1.95,Base survey of 2021,annual,dollars per hundredweight sold
Milk,Gross value of production,Cattle,dollars per hundredweight sold,No specific size,Kentucky,United States,2025,2.39,Base survey of 2021,annual,dollars per hundredweight sold
Milk,Gross value of production,"Total, gross value of production",dollars per hundredweight sold,No specific size,New York,United States,2025,25.58,Base survey of 2021,annual,dollars per hundredweight sold
Milk,Operating costs,Grazed feed,dollars per hundredweight sold,No specific size,Ohio,United States,2025,0.08,Base survey of 2021,annual,dollars per hundredweight sold
Milk,Operating costs,Purchased feed,dollars per hundredweight sold,No specific size,Kentucky,United States,2025,4.43,Base survey of 2021,annual,dollars per hundredweight sold
Milk,Gross value of production,Milk sold,dollars per hundredweight sold,No specific size,Kentucky,United States,2025,20.56,Base survey of 2021,annual,dollars per hundredweight sold
Milk,Gross value of production,Other income  ,dollars per hundredweight sold,No specific size,Minnesota,United States,2025,0.64,Base survey of 2021,annual,dollars per hundredweight sold
Milk,Gross value of production,Milk sold,dollars per hundredweight sold,No specific size,Ohio,United States,2025,22.34,Base survey of 2021,annual,dollars per hundredweight sold
Milk,Allocated overhead,Taxes and insurance,dollars per hundredweight sold,No specific size,California,United States,2025,0.19,Base survey of 2021,annual,dollars per hundredweight sold
Milk,Operating costs,Grazed feed,dollars per hundredweight sold,No specific size,Indiana,United States,2025,0.1,Base survey of 2021,annual,dollars per hundredweight sold
Milk,Operating costs,Purchased feed,dollars per hundredweight sold,No specific size,California,United States,2025,7.43,Base survey of 2021,annual,dollars per hundredweight sold
Milk,Operating costs,Purchased feed,dollars per hundredweight sold,No specific size,Iowa,United States,2025,4.69,Base survey of 2021,annual,dollars per hundredweight sold
Milk,Allocated overhead,Taxes and insurance,dollars per hundredweight sold,No specific size,Iowa,United States,2025,0.29,Base survey of 2021,annual,dollars per hundredweight sold
Milk,Allocated overhead,Opportunity cost of land,dollars per hundredweight sold,No specific size,Minnesota,United States,2025,0.06,Base survey of 2021,annual,dollars per hundredweight sold
Milk,Allocated overhead,General farm overhead,dollars per hundredweight sold,No specific size,California,United States,2025,0.58,Base survey of 2021,annual,dollars per hundredweight sold
Milk,Allocated overhead,General farm overhead,dollars per hundredweight sold,No specific size,Indiana,United States,2025,0.81,Base survey of 2021,annual,dollars per hundredweight sold
Milk,Allocated overhead,Opportunity cost of land,dollars per hundredweight sold,No specific size,Michigan,United States,2025,0.02,Base survey of 2021,annual,dollars per hundredweight sold
Milk,Allocated overhead,Taxes and insurance,dollars per hundredweight sold,No specific size,Kentucky,United States,2025,0.14,Base survey of 2021,annual,dollars per hundredweight sold
Milk,Operating costs,Homegrown harvested feed,dollars per hundredweight sold,No specific size,Minnesota,United States,2025,4.19,Base survey of 2021,annual,dollars per hundredweight sold
Milk,Operating costs,Marketing,dollars per hundredweight sold,No specific size,New York,United States,2025,0.2,Base survey of 2021,annual,dollars per hundredweight sold
Milk,Operating costs,Bedding and litter,dollars per hundredweight sold,No specific size,Ohio,United States,2025,0.35,Base survey of 2021,annual,dollars per hundredweight sold
Milk,Operating costs,Veterinary and medicine,dollars per hundredweight sold,No specific size,Pennsylvania,United States,2025,0.99,Base survey of 2021,annual,dollars per hundredweight sold
Milk,Operating costs,"Fuel, lube, and electricity",dollars per hundredweight sold,No specific size,Pennsylvania,United States,2025,1.01,Base survey of 2021,annual,dollars per hundredweight sold
Milk,Operating costs,Repairs,dollars per hundredweight sold,No specific size,Pennsylvania,United States,2025,0.81,Base survey of 2021,annual,dollars per hundredweight sold
Milk,Operating costs,Custom services,dollars per hundredweight sold,No specific size,Wisconsin,United States,2025,1.17,Base survey of 2021,annual,dollars per hundredweight sold
Milk,Operating costs,Custom services,dollars per hundredweight sold,No specific size,Indiana,United States,2025,1.1,Base survey of 2021,annual,dollars per hundredweight sold
Milk,Allocated overhead,Hired labor,dollars per hundredweight sold,No specific size,Iowa,United States,2025,1.3,Base survey of 2021,annual,dollars per hundredweight sold
Milk,Supporting information,Milk cows,head per farm,No specific size,California,United States,2025,972.0,Base survey of 2021,annual,head per farm
Milk,Allocated overhead,Opportunity cost of unpaid labor,dollars per hundredweight sold,No specific size,Ohio,United States,2025,3.41,Base survey of 2021,annual,dollars per hundredweight sold
Milk,Operating costs,"Other, operating costs  ",dollars per hundredweight sold,No specific size,Michigan,United States,2025,0.0,Base survey of 2021,annual,dollars per hundredweight sold
Milk,Allocated overhead,Opportunity cost of unpaid labor,dollars per hundredweight sold,No specific size,New York,United States,2025,1.85,Base survey of 2021,annual,dollars per hundredweight sold
Milk,Net value,Value of production less operating costs,dollars per hundredweight sold,No specific size,Pennsylvania,United States,2025,8.77,Base survey of 2021,annual,dollars per hundredweight sold
Milk,Allocated overhead,Hired labor,dollars per hundredweight sold,No specific size,Pennsylvania,United States,2025,1.26,Base survey of 2021,annual,dollars per hundredweight sold
Milk,Allocated overhead,Opportunity cost of land,dollars per hundredweight sold,No specific size,Pennsylvania,United States,2025,0.06,Base survey of 2021,annual,dollars per hundredweight sold
Milk,Allocated overhead,General farm overhead,dollars per hundredweight sold,No specific size,New York,United States,2025,0.67,Base survey of 2021,annual,dollars per hundredweight sold
Milk,Allocated overhead,Taxes and insurance,dollars per hundredweight sold,No specific size,Ohio,United States,2025,0.18,Base survey of 2021,annual,dollars per hundredweight sold
Milk,Allocated overhead,"Total, allocated overhead",dollars per hundredweight sold,No specific size,Minnesota,United States,2025,12.01,Base survey of 2021,annual,dollars per hundredweight sold
Milk,Allocated overhead,"Total, allocated overhead",dollars per hundredweight sold,No specific size,Michigan,United States,2025,14.84,Base survey of 2021,annual,dollars per hundredweight sold
Milk,Operating costs,Custom services,dollars per hundredweight sold,No specific size,Pennsylvania,United States,2025,1.41,Base survey of 2021,annual,dollars per hundredweight sold
Milk,Operating costs,"Total, feed costs",dollars per hundredweight sold,No specific size,New York,United States,2025,9.45,Base survey of 2021,annual,dollars per hundredweight sold
Milk,Operating costs,Homegrown harvested feed,dollars per hundredweight sold,No specific size,Iowa,United States,2025,3.22,Base survey of 2021,annual,dollars per hundredweight sold
Milk,Operating costs,Custom services,dollars per hundredweight sold,No specific size,Minnesota,United States,2025,0.7,Base survey of 2021,annual,dollars per hundredweight sold
Milk,Operating costs,Repairs,dollars per hundredweight sold,No specific size,Indiana,United States,2025,1.21,Base survey of 2021,annual,dollars per hundredweight sold
Milk,Operating costs,"Fuel, lube, and electricity",dollars per hundredweight sold,No specific size,Iowa,United States,2025,0.79,Base survey of 2021,annual,dollars per hundredweight sold
Milk,Operating costs,Veterinary and medicine,dollars per hundredweight sold,No specific size,Indiana,United States,2025,0.84,Base survey of 2021,annual,dollars per hundredweight sold
Milk,Gross value of production,Other income  ,dollars per hundredweight sold,No specific size,Michigan,United States,2025,0.65,Base survey of 2021,annual,dollars per hundredweight sold
Milk,Operating costs,"Fuel, lube, and electricity",dollars per hundredweight sold,No specific size,New York,United States,2025,0.96,Base survey of 2021,annual,dollars per hundredweight sold
Milk,Supporting information,Milk cows,head per farm,No specific size,Indiana,United States,2025,71.0,Base survey of 2021,annual,head per farm
Milk,Supporting information,Output per cow,pounds,No specific size,Michigan,United States,2025,21995.0,Base survey of 2021,annual,pounds
Milk,Allocated overhead,Hired labor,dollars per hundredweight sold,No specific size,Ohio,United States,2025,1.9,Base survey of 2021,annual,dollars per hundredweight sold
Milk,Supporting information,Milk cows,head per farm,No specific size,Pennsylvania,United States,2025,100.0,Base survey of 2021,annual,head per farm
Milk,Allocated overhead,Opportunity cost of land,dollars per hundredweight sold,No specific size,Wisconsin,United States,2025,0.04,Base survey of 2021,annual,dollars per hundredweight sold
Milk,Operating costs,"Other, operating costs  ",dollars per hundredweight sold,No specific size,Iowa,United States,2025,0.01,Base survey of 2021,annual,dollars per hundredweight sold
Milk,Supporting information,Output per cow,pounds,No specific size,Wisconsin,United States,2025,24902.0,Base survey of 2021,annual,pounds
Milk,Supporting information,Milk cows,head per farm,No specific size,Iowa,United States,2025,178.0,Base survey of 2021,annual,head per farm
Milk,Operating costs,"Other, operating costs  ",dollars per hundredweight sold,No specific size,Kentucky,United States,2025,0.0,Base survey of 2021,annual,dollars per hundredweight sold
Milk,Allocated overhead,Hired labor,dollars per hundredweight sold,No specific size,New York,United States,2025,2.87,Base survey of 2021,annual,dollars per hundredweight sold
Milk,Allocated overhead,Capital recovery of machinery and equipment  ,dollars per hundredweight sold,No specific size,Minnesota,United States,2025,5.28,Base survey of 2021,annual,dollars per hundredweight sold
Milk,Net value,Value of production less operating costs,dollars per hundredweight sold,No specific size,Kentucky,United States,2025,11.29,Base survey of 2021,annual,dollars per hundredweight sold
Milk,Operating costs,"Total, operating costs",dollars per hundredweight sold,No specific size,Indiana,United States,2025,16.6,Base survey of 2021,annual,dollars per hundredweight sold
Milk,Operating costs,Marketing,dollars per hundredweight sold,No specific size,Iowa,United States,2025,0.05,Base survey of 2021,annual,dollars per hundredweight sold
Milk,Gross value of production,Cattle,dollars per hundredweight sold,No specific size,Ohio,United States,2025,2.01,Base survey of 2021,annual,dollars per hundredweight sold
Milk,Operating costs,Interest on operating capital,dollars per hundredweight sold,No specific size,Ohio,United States,2025,0.27,Base survey of 2021,annual,dollars per hundredweight sold
Milk,Gross value of production,Milk sold,dollars per hundredweight sold,No specific size,Wisconsin,United States,2025,21.16,Base survey of 2021,annual,dollars per hundredweight sold
Milk,Supporting information,Milk cows,head per farm,No specific size,New York,United States,2025,192.0,Base survey of 2021,annual,head per farm
Milk,Net value,Value of production less operating costs,dollars per hundredweight sold,No specific size,Iowa,United States,2025,10.49,Base survey of 2021,annual,dollars per hundredweight sold
Milk,Net value,Value of production less total costs listed,dollars per hundredweight sold,No specific size,Kentucky,United States,2025,-3.4,Base survey of 2021,annual,dollars per hundredweight sold
Milk,Operating costs,"Total, feed costs",dollars per hundredweight sold,No specific size,Michigan,United States,2025,12.0,Base survey of 2021,annual,dollars per hundredweight sold
Milk,Operating costs,"Other, operating costs  ",dollars per hundredweight sold,No specific size,Ohio,United States,2025,0.01,Base survey of 2021,annual,dollars per hundredweight sold
Milk,Supporting information,Output per cow,pounds,No specific size,Pennsylvania,United States,2025,20445.0,Base survey of 2021,annual,pounds
Milk,Net value,Value of production less operating costs,dollars per hundredweight sold,No specific size,California,United States,2025,10.91,Base survey of 2021,annual,dollars per hundredweight sold
Milk,Allocated overhead,General farm overhead,dollars per hundredweight sold,No specific size,Kentucky,United States,2025,0.53,Base survey of 2021,annual,dollars per hundredweight sold
Milk,Allocated overhead,"Total, allocated overhead",dollars per hundredweight sold,No specific size,Indiana,United States,2025,16.61,Base survey of 2021,annual,dollars per hundredweight sold
Milk,Operating costs,"Other, operating costs  ",dollars per hundredweight sold,No specific size,California,United States,2025,0.0,Base survey of 2021,annual,dollars per hundredweight sold
Milk,Net value,Value of production less total costs listed,dollars per hundredweight sold,No specific size,California,United States,2025,4.76,Base survey of 2021,annual,dollars per hundredweight sold
Milk,Operating costs,Homegrown harvested feed,dollars per hundredweight sold,No specific size,Indiana,United States,2025,6.12,Base survey of 2021,annual,dollars per hundredweight sold
Milk,Operating costs,"Total, feed costs",dollars per hundredweight sold,No specific size,Indiana,United States,2025,11.43,Base survey of 2021,annual,dollars per hundredweight sold
Milk,Operating costs,"Fuel, lube, and electricity",dollars per hundredweight sold,No specific size,Wisconsin,United States,2025,0.72,Base survey of 2021,annual,dollars per hundredweight sold
Milk,Operating costs,Bedding and litter,dollars per hundredweight sold,No specific size,Minnesota,United States,2025,0.35,Base survey of 2021,annual,dollars per hundredweight sold
Milk,Operating costs,"Fuel, lube, and electricity",dollars per hundredweight sold,No specific size,California,United States,2025,0.5,Base survey of 2021,annual,dollars per hundredweight sold
Milk,Gross value of production,Other income  ,dollars per hundredweight sold,No specific size,Ohio,United States,2025,0.65,Base survey of 2021,annual,dollars per hundredweight sold
Milk,Gross value of production,"Total, gross value of production",dollars per hundredweight sold,No specific size,Michigan,United States,2025,24.52,Base survey of 2021,annual,dollars per hundredweight sold
Milk,Operating costs,Repairs,dollars per hundredweight sold,No specific size,California,United States,2025,0.52,Base survey of 2021,annual,dollars per hundredweight sold
Milk,Allocated overhead,Capital recovery of machinery and equipment  ,dollars per hundredweight sold,No specific size,Iowa,United States,2025,4.95,Base survey of 2021,annual,dollars per hundredweight sold
Milk,Operating costs,Grazed feed,dollars per hundredweight sold,No specific size,Minnesota,United States,2025,0.05,Base survey of 2021,annual,dollars per hundredweight sold
Milk,Operating costs,Marketing,dollars per hundredweight sold,No specific size,Minnesota,United States,2025,0.11,Base survey of 2021,annual,dollars per hundredweight sold
Milk,Operating costs,Custom services,dollars per hundredweight sold,No specific size,Michigan,United States,2025,0.85,Base survey of 2021,annual,dollars per hundredweight sold
Milk,Operating costs,Purchased feed,dollars per hundredweight sold,No specific size,Pennsylvania,United States,2025,3.88,Base survey of 2021,annual,dollars per hundredweight sold
Milk,Net value,Value of production less total costs listed,dollars per hundredweight sold,No specific size,New York,United States,2025,-2.73,Base survey of 2021,annual,dollars per hundredweight sold
Milk,Allocated overhead,Opportunity cost of unpaid labor,dollars per hundredweight sold,No specific size,Pennsylvania,United States,2025,3.5,Base survey of 2021,annual,dollars per hundredweight sold
Milk,Net value,Value of production less operating costs,dollars per hundredweight sold,No specific size,New York,United States,2025,11.48,Base survey of 2021,annual,dollars per hundredweight sold
Milk,Allocated overhead,Opportunity cost of land,dollars per hundredweight sold,No specific size,Indiana,United States,2025,0.12,Base survey of 2021,annual,dollars per hundredweight sold
Milk,Allocated overhead,Taxes and insurance,dollars per hundredweight sold,No specific size,Pennsylvania,United States,2025,0.34,Base survey of 2021,annual,dollars per hundredweight sold
Milk,Costs listed,"Total, costs listed",dollars per hundredweight sold,No specific size,Iowa,United States,2025,21.46,Base survey of 2021,annual,dollars per hundredweight sold
Milk,Allocated overhead,Opportunity cost of unpaid labor,dollars per hundredweight sold,No specific size,Indiana,United States,2025,7.78,Base survey of 2021,annual,dollars per hundredweight sold
Milk,Operating costs,Homegrown harvested feed,dollars per hundredweight sold,No specific size,Pennsylvania,United States,2025,7.09,Base survey of 2021,annual,dollars per hundredweight sold
Milk,Operating costs,Grazed feed,dollars per hundredweight sold,No specific size,Michigan,United States,2025,0.02,Base survey of 2021,annual,dollars per hundredweight sold
Milk,Operating costs,"Total, operating costs",dollars per hundredweight sold,No specific size,Ohio,United States,2025,13.91,Base survey of 2021,annual,dollars per hundredweight sold
Milk,Operating costs,"Other, operating costs  ",dollars per hundredweight sold,No specific size,Wisconsin,United States,2025,0.01,Base survey of 2021,annual,dollars per hundredweight sold
Milk,Operating costs,Homegrown harvested feed,dollars per hundredweight sold,No specific size,Michigan,United States,2025,7.43,Base survey of 2021,annual,dollars per hundredweight sold
Milk,Operating costs,"Total, feed costs",dollars per hundredweight sold,No specific size,Iowa,United States,2025,7.93,Base survey of 2021,annual,dollars per hundredweight sold
Milk,Allocated overhead,Hired labor,dollars per hundredweight sold,No specific size,California,United States,2025,2.28,Base survey of 2021,annual,dollars per hundredweight sold
Milk,Costs listed,"Total, costs listed",dollars per hundredweight sold,No specific size,Indiana,United States,2025,33.21,Base survey of 2021,annual,dollars per hundredweight sold
Milk,Operating costs,"Other, operating costs  ",dollars per hundredweight sold,No specific size,New York,United States,2025,0.02,Base survey of 2021,annual,dollars per hundredweight sold
Milk,Allocated overhead,Hired labor,dollars per hundredweight sold,No specific size,Kentucky,United States,2025,0.99,Base survey of 2021,annual,dollars per hundredweight sold
Milk,Allocated overhead,Capital recovery of machinery and equipment  ,dollars per hundredweight sold,No specific size,Indiana,United States,2025,5.82,Base survey of 2021,annual,dollars per hundredweight sold
Milk,Allocated overhead,Taxes and insurance,dollars per hundredweight sold,No specific size,Indiana,United States,2025,0.29,Base survey of 2021,annual,dollars per hundredweight sold
Milk,Gross value of production,Other income  ,dollars per hundredweight sold,No specific size,Pennsylvania,United States,2025,0.76,Base survey of 2021,annual,dollars per hundredweight sold
Milk,Supporting information,Milk cows,head per farm,No specific size,Ohio,United States,2025,144.0,Base survey of 2021,annual,head per farm
Milk,Operating costs,Purchased feed,dollars per hundredweight sold,No specific size,Wisconsin,United States,2025,5.33,Base survey of 2021,annual,dollars per hundredweight sold
Milk,Operating costs,Veterinary and medicine,dollars per hundredweight sold,No specific size,Iowa,United States,2025,0.79,Base survey of 2021,annual,dollars per hundredweight sold
Milk,Operating costs,Bedding and litter,dollars per hundredweight sold,No specific size,Indiana,United States,2025,0.45,Base survey of 2021,annual,dollars per hundredweight sold
Milk,Gross value of production,Cattle,dollars per hundredweight sold,No specific size,Iowa,United States,2025,1.96,Base survey of 2021,annual,dollars per hundredweight sold
Milk,Operating costs,Homegrown harvested feed,dollars per hundredweight sold,No specific size,Wisconsin,United States,2025,3.74,Base survey of 2021,annual,dollars per hundredweight sold
Milk,Operating costs,Repairs,dollars per hundredweight sold,No specific size,Iowa,United States,2025,0.92,Base survey of 2021,annual,dollars per hundredweight sold
Milk,Operating costs,Repairs,dollars per hundredweight sold,No specific size,Minnesota,United States,2025,1.15,Base survey of 2021,annual,dollars per hundredweight sold
Milk,Operating costs,Interest on operating capital,dollars per hundredweight sold,No specific size,Iowa,United States,2025,0.22,Base survey of 2021,annual,dollars per hundredweight sold
Milk,Operating costs,Interest on operating capital,dollars per hundredweight sold,No specific size,Minnesota,United States,2025,0.26,Base survey of 2021,annual,dollars per hundredweight sold
Milk,Gross value of production,"Total, gross value of production",dollars per hundredweight sold,No specific size,Minnesota,United States,2025,24.53,Base survey of 2021,annual,dollars per hundredweight sold
Milk,Operating costs,Marketing,dollars per hundredweight sold,No specific size,Wisconsin,United States,2025,0.22,Base survey of 2021,annual,dollars per hundredweight sold
Milk,Gross value of production,Milk sold,dollars per hundredweight sold,No specific size,Iowa,United States,2025,19.6,Base survey of 2021,annual,dollars per hundredweight sold
Milk,Operating costs,"Fuel, lube, and electricity",dollars per hundredweight sold,No specific size,Indiana,United States,2025,1.12,Base survey of 2021,annual,dollars per hundredweight sold
Milk,Operating costs,"Fuel, lube, and electricity",dollars per hundredweight sold,No specific size,Kentucky,United States,2025,0.66,Base survey of 2021,annual,dollars per hundredweight sold
Milk,Operating costs,Veterinary and medicine,dollars per hundredweight sold,No specific size,Minnesota,United States,2025,0.97,Base survey of 2021,annual,dollars per hundredweight sold
Milk,Operating costs,Bedding and litter,dollars per hundredweight sold,No specific size,Michigan,United States,2025,0.35,Base survey of 2021,annual,dollars per hundredweight sold
Milk,Net value,Value of production less total costs listed,dollars per hundredweight sold,No specific size,Iowa,United States,2025,0.69,Base survey of 2021,annual,dollars per hundredweight sold
Milk,Operating costs,Purchased feed,dollars per hundredweight sold,No specific size,New York,United States,2025,4.75,Base survey of 2021,annual,dollars per hundredweight sold
Milk,Net value,Value of production less operating costs,dollars per hundredweight sold,No specific size,Indiana,United States,2025,11.65,Base survey of 2021,annual,dollars per hundredweight sold
Milk,Costs listed,"Total, costs listed",dollars per hundredweight sold,No specific size,Michigan,United States,2025,32.17,Base survey of 2021,annual,dollars per hundredweight sold
Milk,Allocated overhead,Hired labor,dollars per hundredweight sold,No specific size,Indiana,United States,2025,1.79,Base survey of 2021,annual,dollars per hundredweight sold
Milk,Costs listed,"Total, costs listed",dollars per hundredweight sold,No specific size,Pennsylvania,United States,2025,33.1,Base survey of 2021,annual,dollars per hundredweight sold
Milk,Net value,Value of production less total costs listed,dollars per hundredweight sold,No specific size,Wisconsin,United States,2025,-0.32,Base survey of 2021,annual,dollars per hundredweight sold
Milk,Allocated overhead,"Total, allocated overhead",dollars per hundredweight sold,No specific size,Wisconsin,United States,2025,10.39,Base survey of 2021,annual,dollars per hundredweight sold
Milk,Allocated overhead,Capital recovery of machinery and equipment  ,dollars per hundredweight sold,No specific size,Michigan,United States,2025,6.75,Base survey of 2021,annual,dollars per hundredweight sold
Milk,Allocated overhead,Capital recovery of machinery and equipment  ,dollars per hundredweight sold,No specific size,Pennsylvania,United States,2025,10.93,Base survey of 2021,annual,dollars per hundredweight sold
Milk,Allocated overhead,General farm overhead,dollars per hundredweight sold,No specific size,Iowa,United States,2025,0.53,Base survey of 2021,annual,dollars per hundredweight sold
Milk,Allocated overhead,Taxes and insurance,dollars per hundredweight sold,No specific size,New York,United States,2025,0.24,Base survey of 2021,annual,dollars per hundredweight sold
Milk,Gross value of production,Milk sold,dollars per hundredweight sold,No specific size,U.S. total,United States,2021,18.44,Base survey of 2021,annual,dollars per hundredweight sold
Milk,Gross value of production,Milk sold,dollars per hundredweight sold,No specific size,U.S. total,United States,2022,25.18,Base survey of 2021,annual,dollars per hundredweight sold
Milk,Gross value of production,Milk sold,dollars per hundredweight sold,No specific size,U.S. total,United States,2023,20.24,Base survey of 2021,annual,dollars per hundredweight sold
Milk,Gross value of production,Milk sold,dollars per hundredweight sold,No specific size,U.S. total,United States,2024,22.38,Base survey of 2021,annual,dollars per hundredweight sold
Milk,Gross value of production,Milk sold,dollars per hundredweight sold,No specific size,California,United States,2021,18.52,Base survey of 2021,annual,dollars per hundredweight sold
Milk,Gross value of production,Milk sold,dollars per hundredweight sold,No specific size,California,United States,2022,25.42,Base survey of 2021,annual,dollars per hundredweight sold
Milk,Gross value of production,Milk sold,dollars per hundredweight sold,No specific size,California,United States,2023,20.31,Base survey of 2021,annual,dollars per hundredweight sold
Milk,Gross value of production,Milk sold,dollars per hundredweight sold,No specific size,California,United States,2024,21.97,Base survey of 2021,annual,dollars per hundredweight sold
Milk,Gross value of production,Milk sold,dollars per hundredweight sold,No specific size,Indiana,United States,2021,19.85,Base survey of 2021,annual,dollars per hundredweight sold
Milk,Gross value of production,Milk sold,dollars per hundredweight sold,No specific size,Indiana,United States,2022,27.45,Base survey of 2021,annual,dollars per hundredweight sold
Milk,Gross value of production,Milk sold,dollars per hundredweight sold,No specific size,Indiana,United States,2023,22.87,Base survey of 2021,annual,dollars per hundredweight sold
Milk,Gross value of production,Milk sold,dollars per hundredweight sold,No specific size,Indiana,United States,2024,25.32,Base survey of 2021,annual,dollars per hundredweight sold
Milk,Gross value of production,Milk sold,dollars per hundredweight sold,No specific size,Iowa,United States,2021,17.81,Base survey of 2021,annual,dollars per hundredweight sold
Milk,Gross value of production,Milk sold,dollars per hundredweight sold,No specific size,Iowa,United States,2022,23.22,Base survey of 2021,annual,dollars per hundredweight sold
Milk,Gross value of production,Milk sold,dollars per hundredweight sold,No specific size,Iowa,United States,2023,17.92,Base survey of 2021,annual,dollars per hundredweight sold
Milk,Gross value of production,Milk sold,dollars per hundredweight sold,No specific size,Iowa,United States,2024,20.81,Base survey of 2021,annual,dollars per hundredweight sold
Milk,Gross value of production,Milk sold,dollars per hundredweight sold,No specific size,Kentucky,United States,2021,18.74,Base survey of 2021,annual,dollars per hundredweight sold
Milk,Gross value of production,Milk sold,dollars per hundredweight sold,No specific size,Kentucky,United States,2022,25.63,Base survey of 2021,annual,dollars per hundredweight sold
Milk,Gross value of production,Milk sold,dollars per hundredweight sold,No specific size,Kentucky,United States,2023,20.97,Base survey of 2021,annual,dollars per hundredweight sold
Milk,Gross value of production,Milk sold,dollars per hundredweight sold,No specific size,Kentucky,United States,2024,22.23,Base survey of 2021,annual,dollars per hundredweight sold
Milk,Gross value of production,Milk sold,dollars per hundredweight sold,No specific size,Michigan,United States,2021,17.24,Base survey of 2021,annual,dollars per hundredweight sold
Milk,Gross value of production,Milk sold,dollars per hundredweight sold,No specific size,Michigan,United States,2022,24.15,Base survey of 2021,annual,dollars per hundredweight sold
Milk,Gross value of production,Milk sold,dollars per hundredweight sold,No specific size,Michigan,United States,2023,19.65,Base survey of 2021,annual,dollars per hundredweight sold
Milk,Gross value of production,Milk sold,dollars per hundredweight sold,No specific size,Michigan,United States,2024,22.21,Base survey of 2021,annual,dollars per hundredweight sold
Milk,Gross value of production,Milk sold,dollars per hundredweight sold,No specific size,Minnesota,United States,2021,19.07,Base survey of 2021,annual,dollars per hundredweight sold
Milk,Gross value of production,Milk sold,dollars per hundredweight sold,No specific size,Minnesota,United States,2022,25.2,Base survey of 2021,annual,dollars per hundredweight sold
Milk,Gross value of production,Milk sold,dollars per hundredweight sold,No specific size,Minnesota,United States,2023,19.4,Base survey of 2021,annual,dollars per hundredweight sold
Milk,Gross value of production,Milk sold,dollars per hundredweight sold,No specific size,Minnesota,United States,2024,22.45,Base survey of 2021,annual,dollars per hundredweight sold
Milk,Gross value of production,Milk sold,dollars per hundredweight sold,No specific size,New York,United States,2021,19.32,Base survey of 2021,annual,dollars per hundredweight sold
Milk,Gross value of production,Milk sold,dollars per hundredweight sold,No specific size,New York,United States,2022,26.76,Base survey of 2021,annual,dollars per hundredweight sold
Milk,Gross value of production,Milk sold,dollars per hundredweight sold,No specific size,New York,United States,2023,22.39,Base survey of 2021,annual,dollars per hundredweight sold
Milk,Gross value of production,Milk sold,dollars per hundredweight sold,No specific size,New York,United States,2024,24.16,Base survey of 2021,annual,dollars per hundredweight sold
Milk,Gross value of production,Milk sold,dollars per hundredweight sold,No specific size,Ohio,United States,2021,18.76,Base survey of 2021,annual,dollars per hundredweight sold
Milk,Gross value of production,Milk sold,dollars per hundredweight sold,No specific size,Ohio,United States,2022,25.03,Base survey of 2021,annual,dollars per hundredweight sold
Milk,Gross value of production,Milk sold,dollars per hundredweight sold,No specific size,Ohio,United States,2023,21.1,Base survey of 2021,annual,dollars per hundredweight sold
Milk,Gross value of production,Milk sold,dollars per hundredweight sold,No specific size,Ohio,United States,2024,23.05,Base survey of 2021,annual,dollars per hundredweight sold
Milk,Gross value of production,Milk sold,dollars per hundredweight sold,No specific size,Pennsylvania,United States,2021,19.01,Base survey of 2021,annual,dollars per hundredweight sold
Milk,Gross value of production,Milk sold,dollars per hundredweight sold,No specific size,Pennsylvania,United States,2022,26.36,Base survey of 2021,annual,dollars per hundredweight sold
Milk,Gross value of production,Milk sold,dollars per hundredweight sold,No specific size,Pennsylvania,United States,2023,21.33,Base survey of 2021,annual,dollars per hundredweight sold
Milk,Gross value of production,Milk sold,dollars per hundredweight sold,No specific size,Pennsylvania,United States,2024,23.27,Base survey of 2021,annual,dollars per hundredweight sold
Milk,Gross value of production,Milk sold,dollars per hundredweight sold,No specific size,Wisconsin,United States,2021,19.07,Base survey of 2021,annual,dollars per hundredweight sold
Milk,Gross value of production,Milk sold,dollars per hundredweight sold,No specific size,Wisconsin,United States,2022,24.93,Base survey of 2021,annual,dollars per hundredweight sold
Milk,Gross value of production,Milk sold,dollars per hundredweight sold,No specific size,Wisconsin,United States,2023,19.67,Base survey of 2021,annual,dollars per hundredweight sold
Milk,Gross value of production,Milk sold,dollars per hundredweight sold,No specific size,Wisconsin,United States,2024,22.02,Base survey of 2021,annual,dollars per hundredweight sold
Milk,Gross value of production,Cattle,dollars per hundredweight sold,No specific size,U.S. total,United States,2021,1.06,Base survey of 2021,annual,dollars per hundredweight sold
Milk,Gross value of production,Cattle,dollars per hundredweight sold,No specific size,U.S. total,United States,2022,1.26,Base survey of 2021,annual,dollars per hundredweight sold
Milk,Gross value of production,Cattle,dollars per hundredweight sold,No specific size,U.S. total,United States,2023,1.54,Base survey of 2021,annual,dollars per hundredweight sold
Milk,Gross value of production,Cattle,dollars per hundredweight sold,No specific size,U.S. total,United States,2024,1.94,Base survey of 2021,annual,dollars per hundredweight sold
Milk,Gross value of production,Cattle,dollars per hundredweight sold,No specific size,California,United States,2021,0.93,Base survey of 2021,annual,dollars per hundredweight sold
Milk,Gross value of production,Cattle,dollars per hundredweight sold,No specific size,California,United States,2022,1.11,Base survey of 2021,annual,dollars per hundredweight sold
Milk,Gross value of production,Cattle,dollars per hundredweight sold,No specific size,California,United States,2023,1.36,Base survey of 2021,annual,dollars per hundredweight sold
Milk,Gross value of production,Cattle,dollars per hundredweight sold,No specific size,California,United States,2024,1.71,Base survey of 2021,annual,dollars per hundredweight sold
Milk,Gross value of production,Cattle,dollars per hundredweight sold,No specific size,Indiana,United States,2021,1.69,Base survey of 2021,annual,dollars per hundredweight sold
Milk,Gross value of production,Cattle,dollars per hundredweight sold,No specific size,Indiana,United States,2022,2.01,Base survey of 2021,annual,dollars per hundredweight sold
Milk,Gross value of production,Cattle,dollars per hundredweight sold,No specific size,Indiana,United States,2023,2.45,Base survey of 2021,annual,dollars per hundredweight sold
Milk,Gross value of production,Cattle,dollars per hundredweight sold,No specific size,Indiana,United States,2024,3.1,Base survey of 2021,annual,dollars per hundredweight sold
Milk,Gross value of production,Cattle,dollars per hundredweight sold,No specific size,Iowa,United States,2021,0.92,Base survey of 2021,annual,dollars per hundredweight sold
Milk,Gross value of production,Cattle,dollars per hundredweight sold,No specific size,Iowa,United States,2022,1.1,Base survey of 2021,annual,dollars per hundredweight sold
Milk,Gross value of production,Cattle,dollars per hundredweight sold,No specific size,Iowa,United States,2023,1.34,Base survey of 2021,annual,dollars per hundredweight sold
Milk,Gross value of production,Cattle,dollars per hundredweight sold,No specific size,Iowa,United States,2024,1.7,Base survey of 2021,annual,dollars per hundredweight sold
Milk,Gross value of production,Cattle,dollars per hundredweight sold,No specific size,Kentucky,United States,2021,1.13,Base survey of 2021,annual,dollars per hundredweight sold
Milk,Gross value of production,Cattle,dollars per hundredweight sold,No specific size,Kentucky,United States,2022,1.34,Base survey of 2021,annual,dollars per hundredweight sold
Milk,Gross value of production,Cattle,dollars per hundredweight sold,No specific size,Kentucky,United States,2023,1.64,Base survey of 2021,annual,dollars per hundredweight sold
Milk,Gross value of production,Cattle,dollars per hundredweight sold,No specific size,Kentucky,United States,2024,2.07,Base survey of 2021,annual,dollars per hundredweight sold
Milk,Gross value of production,Cattle,dollars per hundredweight sold,No specific size,Michigan,United States,2021,1.35,Base survey of 2021,annual,dollars per hundredweight sold
Milk,Gross value of production,Cattle,dollars per hundredweight sold,No specific size,Michigan,United States,2022,1.61,Base survey of 2021,annual,dollars per hundredweight sold
Milk,Gross value of production,Cattle,dollars per hundredweight sold,No specific size,Michigan,United States,2023,1.96,Base survey of 2021,annual,dollars per hundredweight sold
Milk,Gross value of production,Cattle,dollars per hundredweight sold,No specific size,Michigan,United States,2024,2.48,Base survey of 2021,annual,dollars per hundredweight sold
Milk,Gross value of production,Cattle,dollars per hundredweight sold,No specific size,Minnesota,United States,2021,1.18,Base survey of 2021,annual,dollars per hundredweight sold
Milk,Gross value of production,Cattle,dollars per hundredweight sold,No specific size,Minnesota,United States,2022,1.41,Base survey of 2021,annual,dollars per hundredweight sold
Milk,Gross value of production,Cattle,dollars per hundredweight sold,No specific size,Minnesota,United States,2023,1.72,Base survey of 2021,annual,dollars per hundredweight sold
Milk,Gross value of production,Cattle,dollars per hundredweight sold,No specific size,Minnesota,United States,2024,2.17,Base survey of 2021,annual,dollars per hundredweight sold
Milk,Gross value of production,Cattle,dollars per hundredweight sold,No specific size,New York,United States,2021,1.23,Base survey of 2021,annual,dollars per hundredweight sold
Milk,Gross value of production,Cattle,dollars per hundredweight sold,No specific size,New York,United States,2022,1.46,Base survey of 2021,annual,dollars per hundredweight sold
Milk,Gross value of production,Cattle,dollars per hundredweight sold,No specific size,New York,United States,2023,1.78,Base survey of 2021,annual,dollars per hundredweight sold
Milk,Gross value of production,Cattle,dollars per hundredweight sold,No specific size,New York,United States,2024,2.25,Base survey of 2021,annual,dollars per hundredweight sold
Milk,Gross value of production,Cattle,dollars per hundredweight sold,No specific size,Ohio,United States,2021,0.95,Base survey of 2021,annual,dollars per hundredweight sold
Milk,Gross value of production,Cattle,dollars per hundredweight sold,No specific size,Ohio,United States,2022,1.13,Base survey of 2021,annual,dollars per hundredweight sold
Milk,Gross value of production,Cattle,dollars per hundredweight sold,No specific size,Ohio,United States,2023,1.38,Base survey of 2021,annual,dollars per hundredweight sold
Milk,Gross value of production,Cattle,dollars per hundredweight sold,No specific size,Ohio,United States,2024,1.74,Base survey of 2021,annual,dollars per hundredweight sold
Milk,Gross value of production,Cattle,dollars per hundredweight sold,No specific size,Pennsylvania,United States,2021,1.32,Base survey of 2021,annual,dollars per hundredweight sold
Milk,Gross value of production,Cattle,dollars per hundredweight sold,No specific size,Pennsylvania,United States,2022,1.57,Base survey of 2021,annual,dollars per hundredweight sold
Milk,Gross value of production,Cattle,dollars per hundredweight sold,No specific size,Pennsylvania,United States,2023,1.91,Base survey of 2021,annual,dollars per hundredweight sold
Milk,Gross value of production,Cattle,dollars per hundredweight sold,No specific size,Pennsylvania,United States,2024,2.42,Base survey of 2021,annual,dollars per hundredweight sold
Milk,Gross value of production,Cattle,dollars per hundredweight sold,No specific size,Wisconsin,United States,2021,0.92,Base survey of 2021,annual,dollars per hundredweight sold
Milk,Gross value of production,Cattle,dollars per hundredweight sold,No specific size,Wisconsin,United States,2022,1.09,Base survey of 2021,annual,dollars per hundredweight sold
Milk,Gross value of production,Cattle,dollars per hundredweight sold,No specific size,Wisconsin,United States,2023,1.33,Base survey of 2021,annual,dollars per hundredweight sold
Milk,Gross value of production,Cattle,dollars per hundredweight sold,No specific size,Wisconsin,United States,2024,1.69,Base survey of 2021,annual,dollars per hundredweight sold
Milk,Gross value of production,Other income  ,dollars per hundredweight sold,No specific size,U.S. total,United States,2021,0.55,Base survey of 2021,annual,dollars per hundredweight sold
Milk,Gross value of production,Other income  ,dollars per hundredweight sold,No specific size,U.S. total,United States,2022,0.9,Base survey of 2021,annual,dollars per hundredweight sold
Milk,Gross value of production,Other income  ,dollars per hundredweight sold,No specific size,U.S. total,United States,2023,0.73,Base survey of 2021,annual,dollars per hundredweight sold
Milk,Gross value of production,Other income  ,dollars per hundredweight sold,No specific size,U.S. total,United States,2024,0.62,Base survey of 2021,annual,dollars per hundredweight sold
Milk,Gross value of production,Other income  ,dollars per hundredweight sold,No specific size,California,United States,2021,0.54,Base survey of 2021,annual,dollars per hundredweight sold
Milk,Gross value of production,Other income  ,dollars per hundredweight sold,No specific size,California,United States,2022,0.87,Base survey of 2021,annual,dollars per hundredweight sold
Milk,Gross value of production,Other income  ,dollars per hundredweight sold,No specific size,California,United States,2023,0.7,Base survey of 2021,annual,dollars per hundredweight sold
Milk,Gross value of production,Other income  ,dollars per hundredweight sold,No specific size,California,United States,2024,0.6,Base survey of 2021,annual,dollars per hundredweight sold
Milk,Gross value of production,Other income  ,dollars per hundredweight sold,No specific size,Indiana,United States,2021,0.62,Base survey of 2021,annual,dollars per hundredweight sold
Milk,Gross value of production,Other income  ,dollars per hundredweight sold,No specific size,Indiana,United States,2022,1.02,Base survey of 2021,annual,dollars per hundredweight sold
Milk,Gross value of production,Other income  ,dollars per hundredweight sold,No specific size,Indiana,United States,2023,0.82,Base survey of 2021,annual,dollars per hundredweight sold
Milk,Gross value of production,Other income  ,dollars per hundredweight sold,No specific size,Indiana,United States,2024,0.7,Base survey of 2021,annual,dollars per hundredweight sold
Milk,Gross value of production,Other income  ,dollars per hundredweight sold,No specific size,Iowa,United States,2021,0.49,Base survey of 2021,annual,dollars per hundredweight sold
Milk,Gross value of production,Other income  ,dollars per hundredweight sold,No specific size,Iowa,United States,2022,0.8,Base survey of 2021,annual,dollars per hundredweight sold
Milk,Gross value of production,Other income  ,dollars per hundredweight sold,No specific size,Iowa,United States,2023,0.64,Base survey of 2021,annual,dollars per hundredweight sold
Milk,Gross value of production,Other income  ,dollars per hundredweight sold,No specific size,Iowa,United States,2024,0.54,Base survey of 2021,annual,dollars per hundredweight sold
Milk,Gross value of production,Other income  ,dollars per hundredweight sold,No specific size,Kentucky,United States,2021,0.61,Base survey of 2021,annual,dollars per hundredweight sold
Milk,Gross value of production,Other income  ,dollars per hundredweight sold,No specific size,Kentucky,United States,2022,0.99,Base survey of 2021,annual,dollars per hundredweight sold
Milk,Gross value of production,Other income  ,dollars per hundredweight sold,No specific size,Kentucky,United States,2023,0.8,Base survey of 2021,annual,dollars per hundredweight sold
Milk,Gross value of production,Other income  ,dollars per hundredweight sold,No specific size,Kentucky,United States,2024,0.68,Base survey of 2021,annual,dollars per hundredweight sold
Milk,Gross value of production,Other income  ,dollars per hundredweight sold,No specific size,Michigan,United States,2021,0.54,Base survey of 2021,annual,dollars per hundredweight sold
Milk,Gross value of production,Other income  ,dollars per hundredweight sold,No specific size,Michigan,United States,2022,0.88,Base survey of 2021,annual,dollars per hundredweight sold
Milk,Gross value of production,Other income  ,dollars per hundredweight sold,No specific size,Michigan,United States,2023,0.71,Base survey of 2021,annual,dollars per hundredweight sold
Milk,Gross value of production,Other income  ,dollars per hundredweight sold,No specific size,Michigan,United States,2024,0.6,Base survey of 2021,annual,dollars per hundredweight sold
Milk,Gross value of production,Other income  ,dollars per hundredweight sold,No specific size,Minnesota,United States,2021,0.54,Base survey of 2021,annual,dollars per hundredweight sold
Milk,Gross value of production,Other income  ,dollars per hundredweight sold,No specific size,Minnesota,United States,2022,0.87,Base survey of 2021,annual,dollars per hundredweight sold
Milk,Gross value of production,Other income  ,dollars per hundredweight sold,No specific size,Minnesota,United States,2023,0.7,Base survey of 2021,annual,dollars per hundredweight sold
Milk,Gross value of production,Other income  ,dollars per hundredweight sold,No specific size,Minnesota,United States,2024,0.6,Base survey of 2021,annual,dollars per hundredweight sold
Milk,Gross value of production,Other income  ,dollars per hundredweight sold,No specific size,New York,United States,2021,0.53,Base survey of 2021,annual,dollars per hundredweight sold
Milk,Gross value of production,Other income  ,dollars per hundredweight sold,No specific size,New York,United States,2022,0.87,Base survey of 2021,annual,dollars per hundredweight sold
Milk,Gross value of production,Other income  ,dollars per hundredweight sold,No specific size,New York,United States,2023,0.7,Base survey of 2021,annual,dollars per hundredweight sold
Milk,Gross value of production,Other income  ,dollars per hundredweight sold,No specific size,New York,United States,2024,0.59,Base survey of 2021,annual,dollars per hundredweight sold
Milk,Gross value of production,Other income  ,dollars per hundredweight sold,No specific size,Ohio,United States,2021,0.54,Base survey of 2021,annual,dollars per hundredweight sold
Milk,Gross value of production,Other income  ,dollars per hundredweight sold,No specific size,Ohio,United States,2022,0.88,Base survey of 2021,annual,dollars per hundredweight sold
Milk,Gross value of production,Other income  ,dollars per hundredweight sold,No specific size,Ohio,United States,2023,0.71,Base survey of 2021,annual,dollars per hundredweight sold
Milk,Gross value of production,Other income  ,dollars per hundredweight sold,No specific size,Ohio,United States,2024,0.6,Base survey of 2021,annual,dollars per hundredweight sold
Milk,Gross value of production,Other income  ,dollars per hundredweight sold,No specific size,Pennsylvania,United States,2021,0.63,Base survey of 2021,annual,dollars per hundredweight sold
Milk,Gross value of production,Other income  ,dollars per hundredweight sold,No specific size,Pennsylvania,United States,2022,1.03,Base survey of 2021,annual,dollars per hundredweight sold
Milk,Gross value of production,Other income  ,dollars per hundredweight sold,No specific size,Pennsylvania,United States,2023,0.83,Base survey of 2021,annual,dollars per hundredweight sold
Milk,Gross value of production,Other income  ,dollars per hundredweight sold,No specific size,Pennsylvania,United States,2024,0.7,Base survey of 2021,annual,dollars per hundredweight sold
Milk,Gross value of production,Other income  ,dollars per hundredweight sold,No specific size,Wisconsin,United States,2021,0.49,Base survey of 2021,annual,dollars per hundredweight sold
Milk,Gross value of production,Other income  ,dollars per hundredweight sold,No specific size,Wisconsin,United States,2022,0.79,Base survey of 2021,annual,dollars per hundredweight sold
Milk,Gross value of production,Other income  ,dollars per hundredweight sold,No specific size,Wisconsin,United States,2023,0.64,Base survey of 2021,annual,dollars per hundredweight sold
Milk,Gross value of production,Other income  ,dollars per hundredweight sold,No specific size,Wisconsin,United States,2024,0.54,Base survey of 2021,annual,dollars per hundredweight sold
Milk,Gross value of production,"Total, gross value of production",dollars per hundredweight sold,No specific size,U.S. total,United States,2021,20.05,Base survey of 2021,annual,dollars per hundredweight sold
Milk,Gross value of production,"Total, gross value of production",dollars per hundredweight sold,No specific size,U.S. total,United States,2022,27.34,Base survey of 2021,annual,dollars per hundredweight sold
Milk,Gross value of production,"Total, gross value of production",dollars per hundredweight sold,No specific size,U.S. total,United States,2023,22.51,Base survey of 2021,annual,dollars per hundredweight sold
Milk,Gross value of production,"Total, gross value of production",dollars per hundredweight sold,No specific size,U.S. total,United States,2024,24.94,Base survey of 2021,annual,dollars per hundredweight sold
Milk,Gross value of production,"Total, gross value of production",dollars per hundredweight sold,No specific size,California,United States,2021,19.99,Base survey of 2021,annual,dollars per hundredweight sold
Milk,Gross value of production,"Total, gross value of production",dollars per hundredweight sold,No specific size,California,United States,2022,27.4,Base survey of 2021,annual,dollars per hundredweight sold
Milk,Gross value of production,"Total, gross value of production",dollars per hundredweight sold,No specific size,California,United States,2023,22.37,Base survey of 2021,annual,dollars per hundredweight sold
Milk,Gross value of production,"Total, gross value of production",dollars per hundredweight sold,No specific size,California,United States,2024,24.28,Base survey of 2021,annual,dollars per hundredweight sold
Milk,Gross value of production,"Total, gross value of production",dollars per hundredweight sold,No specific size,Indiana,United States,2021,22.16,Base survey of 2021,annual,dollars per hundredweight sold
Milk,Gross value of production,"Total, gross value of production",dollars per hundredweight sold,No specific size,Indiana,United States,2022,30.48,Base survey of 2021,annual,dollars per hundredweight sold
Milk,Gross value of production,"Total, gross value of production",dollars per hundredweight sold,No specific size,Indiana,United States,2023,26.14,Base survey of 2021,annual,dollars per hundredweight sold
Milk,Gross value of production,"Total, gross value of production",dollars per hundredweight sold,No specific size,Indiana,United States,2024,29.12,Base survey of 2021,annual,dollars per hundredweight sold
Milk,Gross value of production,"Total, gross value of production",dollars per hundredweight sold,No specific size,Iowa,United States,2021,19.22,Base survey of 2021,annual,dollars per hundredweight sold
Milk,Gross value of production,"Total, gross value of production",dollars per hundredweight sold,No specific size,Iowa,United States,2022,25.12,Base survey of 2021,annual,dollars per hundredweight sold
Milk,Gross value of production,"Total, gross value of production",dollars per hundredweight sold,No specific size,Iowa,United States,2023,19.9,Base survey of 2021,annual,dollars per hundredweight sold
Milk,Gross value of production,"Total, gross value of production",dollars per hundredweight sold,No specific size,Iowa,United States,2024,23.05,Base survey of 2021,annual,dollars per hundredweight sold
Milk,Gross value of production,"Total, gross value of production",dollars per hundredweight sold,No specific size,Kentucky,United States,2021,20.48,Base survey of 2021,annual,dollars per hundredweight sold
Milk,Gross value of production,"Total, gross value of production",dollars per hundredweight sold,No specific size,Kentucky,United States,2022,27.96,Base survey of 2021,annual,dollars per hundredweight sold
Milk,Gross value of production,"Total, gross value of production",dollars per hundredweight sold,No specific size,Kentucky,United States,2023,23.41,Base survey of 2021,annual,dollars per hundredweight sold
Milk,Gross value of production,"Total, gross value of production",dollars per hundredweight sold,No specific size,Kentucky,United States,2024,24.98,Base survey of 2021,annual,dollars per hundredweight sold
Milk,Gross value of production,"Total, gross value of production",dollars per hundredweight sold,No specific size,Michigan,United States,2021,19.13,Base survey of 2021,annual,dollars per hundredweight sold
Milk,Gross value of production,"Total, gross value of production",dollars per hundredweight sold,No specific size,Michigan,United States,2022,26.64,Base survey of 2021,annual,dollars per hundredweight sold
Milk,Gross value of production,"Total, gross value of production",dollars per hundredweight sold,No specific size,Michigan,United States,2023,22.32,Base survey of 2021,annual,dollars per hundredweight sold
Milk,Gross value of production,"Total, gross value of production",dollars per hundredweight sold,No specific size,Michigan,United States,2024,25.29,Base survey of 2021,annual,dollars per hundredweight sold
Milk,Gross value of production,"Total, gross value of production",dollars per hundredweight sold,No specific size,Minnesota,United States,2021,20.79,Base survey of 2021,annual,dollars per hundredweight sold
Milk,Gross value of production,"Total, gross value of production",dollars per hundredweight sold,No specific size,Minnesota,United States,2022,27.48,Base survey of 2021,annual,dollars per hundredweight sold
Milk,Gross value of production,"Total, gross value of production",dollars per hundredweight sold,No specific size,Minnesota,United States,2023,21.82,Base survey of 2021,annual,dollars per hundredweight sold
Milk,Gross value of production,"Total, gross value of production",dollars per hundredweight sold,No specific size,Minnesota,United States,2024,25.22,Base survey of 2021,annual,dollars per hundredweight sold
Milk,Gross value of production,"Total, gross value of production",dollars per hundredweight sold,No specific size,New York,United States,2021,21.08,Base survey of 2021,annual,dollars per hundredweight sold
Milk,Gross value of production,"Total, gross value of production",dollars per hundredweight sold,No specific size,New York,United States,2022,29.09,Base survey of 2021,annual,dollars per hundredweight sold
Milk,Gross value of production,"Total, gross value of production",dollars per hundredweight sold,No specific size,New York,United States,2023,24.87,Base survey of 2021,annual,dollars per hundredweight sold
Milk,Gross value of production,"Total, gross value of production",dollars per hundredweight sold,No specific size,New York,United States,2024,27.0,Base survey of 2021,annual,dollars per hundredweight sold
Milk,Gross value of production,"Total, gross value of production",dollars per hundredweight sold,No specific size,Ohio,United States,2021,20.25,Base survey of 2021,annual,dollars per hundredweight sold
Milk,Gross value of production,"Total, gross value of production",dollars per hundredweight sold,No specific size,Ohio,United States,2022,27.04,Base survey of 2021,annual,dollars per hundredweight sold
Milk,Gross value of production,"Total, gross value of production",dollars per hundredweight sold,No specific size,Ohio,United States,2023,23.19,Base survey of 2021,annual,dollars per hundredweight sold
Milk,Gross value of production,"Total, gross value of production",dollars per hundredweight sold,No specific size,Ohio,United States,2024,25.39,Base survey of 2021,annual,dollars per hundredweight sold
Milk,Gross value of production,"Total, gross value of production",dollars per hundredweight sold,No specific size,Pennsylvania,United States,2021,20.96,Base survey of 2021,annual,dollars per hundredweight sold
Milk,Gross value of production,"Total, gross value of production",dollars per hundredweight sold,No specific size,Pennsylvania,United States,2022,28.96,Base survey of 2021,annual,dollars per hundredweight sold
Milk,Gross value of production,"Total, gross value of production",dollars per hundredweight sold,No specific size,Pennsylvania,United States,2023,24.07,Base survey of 2021,annual,dollars per hundredweight sold
Milk,Gross value of production,"Total, gross value of production",dollars per hundredweight sold,No specific size,Pennsylvania,United States,2024,26.39,Base survey of 2021,annual,dollars per hundredweight sold
Milk,Gross value of production,"Total, gross value of production",dollars per hundredweight sold,No specific size,Wisconsin,United States,2021,20.48,Base survey of 2021,annual,dollars per hundredweight sold
Milk,Gross value of production,"Total, gross value of production",dollars per hundredweight sold,No specific size,Wisconsin,United States,2022,26.81,Base survey of 2021,annual,dollars per hundredweight sold
Milk,Gross value of production,"Total, gross value of production",dollars per hundredweight sold,No specific size,Wisconsin,United States,2023,21.64,Base survey of 2021,annual,dollars per hundredweight sold
Milk,Gross value of production,"Total, gross value of production",dollars per hundredweight sold,No specific size,Wisconsin,United States,2024,24.25,Base survey of 2021,annual,dollars per hundredweight sold
Milk,Operating costs,Purchased feed,dollars per hundredweight sold,No specific size,U.S. total,United States,2021,7.99,Base survey of 2021,annual,dollars per hundredweight sold
Milk,Operating costs,Purchased feed,dollars per hundredweight sold,No specific size,U.S. total,United States,2022,9.92,Base survey of 2021,annual,dollars per hundredweight sold
Milk,Operating costs,Purchased feed,dollars per hundredweight sold,No specific size,U.S. total,United States,2023,8.79,Base survey of 2021,annual,dollars per hundredweight sold
Milk,Operating costs,Purchased feed,dollars per hundredweight sold,No specific size,U.S. total,United States,2024,6.48,Base survey of 2021,annual,dollars per hundredweight sold
Milk,Operating costs,Purchased feed,dollars per hundredweight sold,No specific size,California,United States,2021,9.42,Base survey of 2021,annual,dollars per hundredweight sold
Milk,Operating costs,Purchased feed,dollars per hundredweight sold,No specific size,California,United States,2022,11.69,Base survey of 2021,annual,dollars per hundredweight sold
Milk,Operating costs,Purchased feed,dollars per hundredweight sold,No specific size,California,United States,2023,10.35,Base survey of 2021,annual,dollars per hundredweight sold
Milk,Operating costs,Purchased feed,dollars per hundredweight sold,No specific size,California,United States,2024,7.63,Base survey of 2021,annual,dollars per hundredweight sold
Milk,Operating costs,Purchased feed,dollars per hundredweight sold,No specific size,Indiana,United States,2021,6.6,Base survey of 2021,annual,dollars per hundredweight sold
Milk,Operating costs,Purchased feed,dollars per hundredweight sold,No specific size,Indiana,United States,2022,8.19,Base survey of 2021,annual,dollars per hundredweight sold
Milk,Operating costs,Purchased feed,dollars per hundredweight sold,No specific size,Indiana,United States,2023,7.26,Base survey of 2021,annual,dollars per hundredweight sold
Milk,Operating costs,Purchased feed,dollars per hundredweight sold,No specific size,Indiana,United States,2024,5.35,Base survey of 2021,annual,dollars per hundredweight sold
Milk,Operating costs,Purchased feed,dollars per hundredweight sold,No specific size,Iowa,United States,2021,5.94,Base survey of 2021,annual,dollars per hundredweight sold
Milk,Operating costs,Purchased feed,dollars per hundredweight sold,No specific size,Iowa,United States,2022,7.37,Base survey of 2021,annual,dollars per hundredweight sold
Milk,Operating costs,Purchased feed,dollars per hundredweight sold,No specific size,Iowa,United States,2023,6.53,Base survey of 2021,annual,dollars per hundredweight sold
Milk,Operating costs,Purchased feed,dollars per hundredweight sold,No specific size,Iowa,United States,2024,4.82,Base survey of 2021,annual,dollars per hundredweight sold
Milk,Operating costs,Purchased feed,dollars per hundredweight sold,No specific size,Kentucky,United States,2021,5.62,Base survey of 2021,annual,dollars per hundredweight sold
Milk,Operating costs,Purchased feed,dollars per hundredweight sold,No specific size,Kentucky,United States,2022,6.97,Base survey of 2021,annual,dollars per hundredweight sold
Milk,Operating costs,Purchased feed,dollars per hundredweight sold,No specific size,Kentucky,United States,2023,6.17,Base survey of 2021,annual,dollars per hundredweight sold
Milk,Operating costs,Purchased feed,dollars per hundredweight sold,No specific size,Kentucky,United States,2024,4.55,Base survey of 2021,annual,dollars per hundredweight sold
Milk,Operating costs,Purchased feed,dollars per hundredweight sold,No specific size,Michigan,United States,2021,5.77,Base survey of 2021,annual,dollars per hundredweight sold
Milk,Operating costs,Purchased feed,dollars per hundredweight sold,No specific size,Michigan,United States,2022,7.16,Base survey of 2021,annual,dollars per hundredweight sold
Milk,Operating costs,Purchased feed,dollars per hundredweight sold,No specific size,Michigan,United States,2023,6.34,Base survey of 2021,annual,dollars per hundredweight sold
Milk,Operating costs,Purchased feed,dollars per hundredweight sold,No specific size,Michigan,United States,2024,4.68,Base survey of 2021,annual,dollars per hundredweight sold
Milk,Operating costs,Purchased feed,dollars per hundredweight sold,No specific size,Minnesota,United States,2021,5.89,Base survey of 2021,annual,dollars per hundredweight sold
Milk,Operating costs,Purchased feed,dollars per hundredweight sold,No specific size,Minnesota,United States,2022,7.31,Base survey of 2021,annual,dollars per hundredweight sold
Milk,Operating costs,Purchased feed,dollars per hundredweight sold,No specific size,Minnesota,United States,2023,6.47,Base survey of 2021,annual,dollars per hundredweight sold
Milk,Operating costs,Purchased feed,dollars per hundredweight sold,No specific size,Minnesota,United States,2024,4.77,Base survey of 2021,annual,dollars per hundredweight sold
Milk,Operating costs,Purchased feed,dollars per hundredweight sold,No specific size,New York,United States,2021,6.03,Base survey of 2021,annual,dollars per hundredweight sold
Milk,Operating costs,Purchased feed,dollars per hundredweight sold,No specific size,New York,United States,2022,7.48,Base survey of 2021,annual,dollars per hundredweight sold
Milk,Operating costs,Purchased feed,dollars per hundredweight sold,No specific size,New York,United States,2023,6.63,Base survey of 2021,annual,dollars per hundredweight sold
Milk,Operating costs,Purchased feed,dollars per hundredweight sold,No specific size,New York,United States,2024,4.89,Base survey of 2021,annual,dollars per hundredweight sold
Milk,Operating costs,Purchased feed,dollars per hundredweight sold,No specific size,Ohio,United States,2021,6.01,Base survey of 2021,annual,dollars per hundredweight sold
Milk,Operating costs,Purchased feed,dollars per hundredweight sold,No specific size,Ohio,United States,2022,7.46,Base survey of 2021,annual,dollars per hundredweight sold
Milk,Operating costs,Purchased feed,dollars per hundredweight sold,No specific size,Ohio,United States,2023,6.61,Base survey of 2021,annual,dollars per hundredweight sold
Milk,Operating costs,Purchased feed,dollars per hundredweight sold,No specific size,Ohio,United States,2024,4.87,Base survey of 2021,annual,dollars per hundredweight sold
Milk,Operating costs,Purchased feed,dollars per hundredweight sold,No specific size,Pennsylvania,United States,2021,4.92,Base survey of 2021,annual,dollars per hundredweight sold
Milk,Operating costs,Purchased feed,dollars per hundredweight sold,No specific size,Pennsylvania,United States,2022,6.1,Base survey of 2021,annual,dollars per hundredweight sold
Milk,Operating costs,Purchased feed,dollars per hundredweight sold,No specific size,Pennsylvania,United States,2023,5.41,Base survey of 2021,annual,dollars per hundredweight sold
Milk,Operating costs,Purchased feed,dollars per hundredweight sold,No specific size,Pennsylvania,United States,2024,3.99,Base survey of 2021,annual,dollars per hundredweight sold
Milk,Operating costs,Purchased feed,dollars per hundredweight sold,No specific size,Wisconsin,United States,2021,6.76,Base survey of 2021,annual,dollars per hundredweight sold
Milk,Operating costs,Purchased feed,dollars per hundredweight sold,No specific size,Wisconsin,United States,2022,8.38,Base survey of 2021,annual,dollars per hundredweight sold
Milk,Operating costs,Purchased feed,dollars per hundredweight sold,No specific size,Wisconsin,United States,2023,7.43,Base survey of 2021,annual,dollars per hundredweight sold
Milk,Operating costs,Purchased feed,dollars per hundredweight sold,No specific size,Wisconsin,United States,2024,5.48,Base survey of 2021,annual,dollars per hundredweight sold
Milk,Operating costs,Homegrown harvested feed,dollars per hundredweight sold,No specific size,U.S. total,United States,2021,3.91,Base survey of 2021,annual,dollars per hundredweight sold
Milk,Operating costs,Homegrown harvested feed,dollars per hundredweight sold,No specific size,U.S. total,United States,2022,4.82,Base survey of 2021,annual,dollars per hundredweight sold
Milk,Operating costs,Homegrown harvested feed,dollars per hundredweight sold,No specific size,U.S. total,United States,2023,4.74,Base survey of 2021,annual,dollars per hundredweight sold
Milk,Operating costs,Homegrown harvested feed,dollars per hundredweight sold,No specific size,U.S. total,United States,2024,3.8,Base survey of 2021,annual,dollars per hundredweight sold
Milk,Operating costs,Homegrown harvested feed,dollars per hundredweight sold,No specific size,California,United States,2021,2.65,Base survey of 2021,annual,dollars per hundredweight sold
Milk,Operating costs,Homegrown harvested feed,dollars per hundredweight sold,No specific size,California,United States,2022,3.26,Base survey of 2021,annual,dollars per hundredweight sold
Milk,Operating costs,Homegrown harvested feed,dollars per hundredweight sold,No specific size,California,United States,2023,3.21,Base survey of 2021,annual,dollars per hundredweight sold
Milk,Operating costs,Homegrown harvested feed,dollars per hundredweight sold,No specific size,California,United States,2024,2.57,Base survey of 2021,annual,dollars per hundredweight sold
Milk,Operating costs,Homegrown harvested feed,dollars per hundredweight sold,No specific size,Indiana,United States,2021,6.88,Base survey of 2021,annual,dollars per hundredweight sold
Milk,Operating costs,Homegrown harvested feed,dollars per hundredweight sold,No specific size,Indiana,United States,2022,8.48,Base survey of 2021,annual,dollars per hundredweight sold
Milk,Operating costs,Homegrown harvested feed,dollars per hundredweight sold,No specific size,Indiana,United States,2023,8.34,Base survey of 2021,annual,dollars per hundredweight sold
Milk,Operating costs,Homegrown harvested feed,dollars per hundredweight sold,No specific size,Indiana,United States,2024,6.69,Base survey of 2021,annual,dollars per hundredweight sold
Milk,Operating costs,Homegrown harvested feed,dollars per hundredweight sold,No specific size,Iowa,United States,2021,3.63,Base survey of 2021,annual,dollars per hundredweight sold
Milk,Operating costs,Homegrown harvested feed,dollars per hundredweight sold,No specific size,Iowa,United States,2022,4.47,Base survey of 2021,annual,dollars per hundredweight sold
Milk,Operating costs,Homegrown harvested feed,dollars per hundredweight sold,No specific size,Iowa,United States,2023,4.4,Base survey of 2021,annual,dollars per hundredweight sold
Milk,Operating costs,Homegrown harvested feed,dollars per hundredweight sold,No specific size,Iowa,United States,2024,3.53,Base survey of 2021,annual,dollars per hundredweight sold
Milk,Operating costs,Homegrown harvested feed,dollars per hundredweight sold,No specific size,Kentucky,United States,2021,4.93,Base survey of 2021,annual,dollars per hundredweight sold
Milk,Operating costs,Homegrown harvested feed,dollars per hundredweight sold,No specific size,Kentucky,United States,2022,6.08,Base survey of 2021,annual,dollars per hundredweight sold
Milk,Operating costs,Homegrown harvested feed,dollars per hundredweight sold,No specific size,Kentucky,United States,2023,5.98,Base survey of 2021,annual,dollars per hundredweight sold
Milk,Operating costs,Homegrown harvested feed,dollars per hundredweight sold,No specific size,Kentucky,United States,2024,4.8,Base survey of 2021,annual,dollars per hundredweight sold
Milk,Operating costs,Homegrown harvested feed,dollars per hundredweight sold,No specific size,Michigan,United States,2021,8.36,Base survey of 2021,annual,dollars per hundredweight sold
Milk,Operating costs,Homegrown harvested feed,dollars per hundredweight sold,No specific size,Michigan,United States,2022,10.3,Base survey of 2021,annual,dollars per hundredweight sold
Milk,Operating costs,Homegrown harvested feed,dollars per hundredweight sold,No specific size,Michigan,United States,2023,10.13,Base survey of 2021,annual,dollars per hundredweight sold
Milk,Operating costs,Homegrown harvested feed,dollars per hundredweight sold,No specific size,Michigan,United States,2024,8.13,Base survey of 2021,annual,dollars per hundredweight sold
Milk,Operating costs,Homegrown harvested feed,dollars per hundredweight sold,No specific size,Minnesota,United States,2021,4.72,Base survey of 2021,annual,dollars per hundredweight sold
Milk,Operating costs,Homegrown harvested feed,dollars per hundredweight sold,No specific size,Minnesota,United States,2022,5.81,Base survey of 2021,annual,dollars per hundredweight sold
Milk,Operating costs,Homegrown harvested feed,dollars per hundredweight sold,No specific size,Minnesota,United States,2023,5.72,Base survey of 2021,annual,dollars per hundredweight sold
Milk,Operating costs,Homegrown harvested feed,dollars per hundredweight sold,No specific size,Minnesota,United States,2024,4.59,Base survey of 2021,annual,dollars per hundredweight sold
Milk,Operating costs,Homegrown harvested feed,dollars per hundredweight sold,No specific size,New York,United States,2021,5.2,Base survey of 2021,annual,dollars per hundredweight sold
Milk,Operating costs,Homegrown harvested feed,dollars per hundredweight sold,No specific size,New York,United States,2022,6.41,Base survey of 2021,annual,dollars per hundredweight sold
Milk,Operating costs,Homegrown harvested feed,dollars per hundredweight sold,No specific size,New York,United States,2023,6.3,Base survey of 2021,annual,dollars per hundredweight sold
Milk,Operating costs,Homegrown harvested feed,dollars per hundredweight sold,No specific size,New York,United States,2024,5.06,Base survey of 2021,annual,dollars per hundredweight sold
Milk,Operating costs,Homegrown harvested feed,dollars per hundredweight sold,No specific size,Ohio,United States,2021,5.15,Base survey of 2021,annual,dollars per hundredweight sold
Milk,Operating costs,Homegrown harvested feed,dollars per hundredweight sold,No specific size,Ohio,United States,2022,6.35,Base survey of 2021,annual,dollars per hundredweight sold
Milk,Operating costs,Homegrown harvested feed,dollars per hundredweight sold,No specific size,Ohio,United States,2023,6.24,Base survey of 2021,annual,dollars per hundredweight sold
Milk,Operating costs,Homegrown harvested feed,dollars per hundredweight sold,No specific size,Ohio,United States,2024,5.01,Base survey of 2021,annual,dollars per hundredweight sold
Milk,Operating costs,Homegrown harvested feed,dollars per hundredweight sold,No specific size,Pennsylvania,United States,2021,7.98,Base survey of 2021,annual,dollars per hundredweight sold
Milk,Operating costs,Homegrown harvested feed,dollars per hundredweight sold,No specific size,Pennsylvania,United States,2022,9.83,Base survey of 2021,annual,dollars per hundredweight sold
Milk,Operating costs,Homegrown harvested feed,dollars per hundredweight sold,No specific size,Pennsylvania,United States,2023,9.67,Base survey of 2021,annual,dollars per hundredweight sold
Milk,Operating costs,Homegrown harvested feed,dollars per hundredweight sold,No specific size,Pennsylvania,United States,2024,7.76,Base survey of 2021,annual,dollars per hundredweight sold
Milk,Operating costs,Homegrown harvested feed,dollars per hundredweight sold,No specific size,Wisconsin,United States,2021,4.2,Base survey of 2021,annual,dollars per hundredweight sold
Milk,Operating costs,Homegrown harvested feed,dollars per hundredweight sold,No specific size,Wisconsin,United States,2022,5.18,Base survey of 2021,annual,dollars per hundredweight sold
Milk,Operating costs,Homegrown harvested feed,dollars per hundredweight sold,No specific size,Wisconsin,United States,2023,5.09,Base survey of 2021,annual,dollars per hundredweight sold
Milk,Operating costs,Homegrown harvested feed,dollars per hundredweight sold,No specific size,Wisconsin,United States,2024,4.09,Base survey of 2021,annual,dollars per hundredweight sold
Milk,Operating costs,Grazed feed,dollars per hundredweight sold,No specific size,U.S. total,United States,2021,0.03,Base survey of 2021,annual,dollars per hundredweight sold
Milk,Operating costs,Grazed feed,dollars per hundredweight sold,No specific size,U.S. total,United States,2022,0.03,Base survey of 2021,annual,dollars per hundredweight sold
Milk,Operating costs,Grazed feed,dollars per hundredweight sold,No specific size,U.S. total,United States,2023,0.03,Base survey of 2021,annual,dollars per hundredweight sold
Milk,Operating costs,Grazed feed,dollars per hundredweight sold,No specific size,U.S. total,United States,2024,0.03,Base survey of 2021,annual,dollars per hundredweight sold
Milk,Operating costs,Grazed feed,dollars per hundredweight sold,No specific size,California,United States,2021,0.01,Base survey of 2021,annual,dollars per hundredweight sold
Milk,Operating costs,Grazed feed,dollars per hundredweight sold,No specific size,California,United States,2022,0.01,Base survey of 2021,annual,dollars per hundredweight sold
Milk,Operating costs,Grazed feed,dollars per hundredweight sold,No specific size,California,United States,2023,0.01,Base survey of 2021,annual,dollars per hundredweight sold
Milk,Operating costs,Grazed feed,dollars per hundredweight sold,No specific size,California,United States,2024,0.02,Base survey of 2021,annual,dollars per hundredweight sold
Milk,Operating costs,Grazed feed,dollars per hundredweight sold,No specific size,Indiana,United States,2021,0.08,Base survey of 2021,annual,dollars per hundredweight sold
Milk,Operating costs,Grazed feed,dollars per hundredweight sold,No specific size,Indiana,United States,2022,0.08,Base survey of 2021,annual,dollars per hundredweight sold
Milk,Operating costs,Grazed feed,dollars per hundredweight sold,No specific size,Indiana,United States,2023,0.09,Base survey of 2021,annual,dollars per hundredweight sold
Milk,Operating costs,Grazed feed,dollars per hundredweight sold,No specific size,Indiana,United States,2024,0.09,Base survey of 2021,annual,dollars per hundredweight sold
Milk,Operating costs,Grazed feed,dollars per hundredweight sold,No specific size,Iowa,United States,2021,0.02,Base survey of 2021,annual,dollars per hundredweight sold
Milk,Operating costs,Grazed feed,dollars per hundredweight sold,No specific size,Iowa,United States,2022,0.02,Base survey of 2021,annual,dollars per hundredweight sold
Milk,Operating costs,Grazed feed,dollars per hundredweight sold,No specific size,Iowa,United States,2023,0.02,Base survey of 2021,annual,dollars per hundredweight sold
Milk,Operating costs,Grazed feed,dollars per hundredweight sold,No specific size,Iowa,United States,2024,0.02,Base survey of 2021,annual,dollars per hundredweight sold
Milk,Operating costs,Grazed feed,dollars per hundredweight sold,No specific size,Kentucky,United States,2021,0.12,Base survey of 2021,annual,dollars per hundredweight sold
Milk,Operating costs,Grazed feed,dollars per hundredweight sold,No specific size,Kentucky,United States,2022,0.12,Base survey of 2021,annual,dollars per hundredweight sold
Milk,Operating costs,Grazed feed,dollars per hundredweight sold,No specific size,Kentucky,United States,2023,0.13,Base survey of 2021,annual,dollars per hundredweight sold
Milk,Operating costs,Grazed feed,dollars per hundredweight sold,No specific size,Kentucky,United States,2024,0.13,Base survey of 2021,annual,dollars per hundredweight sold
Milk,Operating costs,Grazed feed,dollars per hundredweight sold,No specific size,Michigan,United States,2021,0.02,Base survey of 2021,annual,dollars per hundredweight sold
Milk,Operating costs,Grazed feed,dollars per hundredweight sold,No specific size,Michigan,United States,2022,0.02,Base survey of 2021,annual,dollars per hundredweight sold
Milk,Operating costs,Grazed feed,dollars per hundredweight sold,No specific size,Michigan,United States,2023,0.02,Base survey of 2021,annual,dollars per hundredweight sold
Milk,Operating costs,Grazed feed,dollars per hundredweight sold,No specific size,Michigan,United States,2024,0.02,Base survey of 2021,annual,dollars per hundredweight sold
Milk,Operating costs,Grazed feed,dollars per hundredweight sold,No specific size,Minnesota,United States,2021,0.04,Base survey of 2021,annual,dollars per hundredweight sold
Milk,Operating costs,Grazed feed,dollars per hundredweight sold,No specific size,Minnesota,United States,2022,0.04,Base survey of 2021,annual,dollars per hundredweight sold
Milk,Operating costs,Grazed feed,dollars per hundredweight sold,No specific size,Minnesota,United States,2023,0.04,Base survey of 2021,annual,dollars per hundredweight sold
Milk,Operating costs,Grazed feed,dollars per hundredweight sold,No specific size,Minnesota,United States,2024,0.05,Base survey of 2021,annual,dollars per hundredweight sold
Milk,Operating costs,Grazed feed,dollars per hundredweight sold,No specific size,New York,United States,2021,0.06,Base survey of 2021,annual,dollars per hundredweight sold
Milk,Operating costs,Grazed feed,dollars per hundredweight sold,No specific size,New York,United States,2022,0.06,Base survey of 2021,annual,dollars per hundredweight sold
Milk,Operating costs,Grazed feed,dollars per hundredweight sold,No specific size,New York,United States,2023,0.06,Base survey of 2021,annual,dollars per hundredweight sold
Milk,Operating costs,Grazed feed,dollars per hundredweight sold,No specific size,New York,United States,2024,0.07,Base survey of 2021,annual,dollars per hundredweight sold
Milk,Operating costs,Grazed feed,dollars per hundredweight sold,No specific size,Ohio,United States,2021,0.07,Base survey of 2021,annual,dollars per hundredweight sold
Milk,Operating costs,Grazed feed,dollars per hundredweight sold,No specific size,Ohio,United States,2022,0.06,Base survey of 2021,annual,dollars per hundredweight sold
Milk,Operating costs,Grazed feed,dollars per hundredweight sold,No specific size,Ohio,United States,2023,0.07,Base survey of 2021,annual,dollars per hundredweight sold
Milk,Operating costs,Grazed feed,dollars per hundredweight sold,No specific size,Ohio,United States,2024,0.07,Base survey of 2021,annual,dollars per hundredweight sold
Milk,Operating costs,Grazed feed,dollars per hundredweight sold,No specific size,Pennsylvania,United States,2021,0.03,Base survey of 2021,annual,dollars per hundredweight sold
Milk,Operating costs,Grazed feed,dollars per hundredweight sold,No specific size,Pennsylvania,United States,2022,0.03,Base survey of 2021,annual,dollars per hundredweight sold
Milk,Operating costs,Grazed feed,dollars per hundredweight sold,No specific size,Pennsylvania,United States,2023,0.03,Base survey of 2021,annual,dollars per hundredweight sold
Milk,Operating costs,Grazed feed,dollars per hundredweight sold,No specific size,Pennsylvania,United States,2024,0.03,Base survey of 2021,annual,dollars per hundredweight sold
Milk,Operating costs,Grazed feed,dollars per hundredweight sold,No specific size,Wisconsin,United States,2021,0.02,Base survey of 2021,annual,dollars per hundredweight sold
Milk,Operating costs,Grazed feed,dollars per hundredweight sold,No specific size,Wisconsin,United States,2022,0.02,Base survey of 2021,annual,dollars per hundredweight sold
Milk,Operating costs,Grazed feed,dollars per hundredweight sold,No specific size,Wisconsin,United States,2023,0.02,Base survey of 2021,annual,dollars per hundredweight sold
Milk,Operating costs,Grazed feed,dollars per hundredweight sold,No specific size,Wisconsin,United States,2024,0.02,Base survey of 2021,annual,dollars per hundredweight sold
Milk,Operating costs,"Total, feed costs",dollars per hundredweight sold,No specific size,U.S. total,United States,2021,11.93,Base survey of 2021,annual,dollars per hundredweight sold
Milk,Operating costs,"Total, feed costs",dollars per hundredweight sold,No specific size,U.S. total,United States,2022,14.77,Base survey of 2021,annual,dollars per hundredweight sold
Milk,Operating costs,"Total, feed costs",dollars per hundredweight sold,No specific size,U.S. total,United States,2023,13.56,Base survey of 2021,annual,dollars per hundredweight sold
Milk,Operating costs,"Total, feed costs",dollars per hundredweight sold,No specific size,U.S. total,United States,2024,10.31,Base survey of 2021,annual,dollars per hundredweight sold
Milk,Operating costs,"Total, feed costs",dollars per hundredweight sold,No specific size,California,United States,2021,12.08,Base survey of 2021,annual,dollars per hundredweight sold
Milk,Operating costs,"Total, feed costs",dollars per hundredweight sold,No specific size,California,United States,2022,14.96,Base survey of 2021,annual,dollars per hundredweight sold
Milk,Operating costs,"Total, feed costs",dollars per hundredweight sold,No specific size,California,United States,2023,13.57,Base survey of 2021,annual,dollars per hundredweight sold
Milk,Operating costs,"Total, feed costs",dollars per hundredweight sold,No specific size,California,United States,2024,10.22,Base survey of 2021,annual,dollars per hundredweight sold
Milk,Operating costs,"Total, feed costs",dollars per hundredweight sold,No specific size,Indiana,United States,2021,13.56,Base survey of 2021,annual,dollars per hundredweight sold
Milk,Operating costs,"Total, feed costs",dollars per hundredweight sold,No specific size,Indiana,United States,2022,16.75,Base survey of 2021,annual,dollars per hundredweight sold
Milk,Operating costs,"Total, feed costs",dollars per hundredweight sold,No specific size,Indiana,United States,2023,15.69,Base survey of 2021,annual,dollars per hundredweight sold
Milk,Operating costs,"Total, feed costs",dollars per hundredweight sold,No specific size,Indiana,United States,2024,12.13,Base survey of 2021,annual,dollars per hundredweight sold
Milk,Operating costs,"Total, feed costs",dollars per hundredweight sold,No specific size,Iowa,United States,2021,9.59,Base survey of 2021,annual,dollars per hundredweight sold
Milk,Operating costs,"Total, feed costs",dollars per hundredweight sold,No specific size,Iowa,United States,2022,11.86,Base survey of 2021,annual,dollars per hundredweight sold
Milk,Operating costs,"Total, feed costs",dollars per hundredweight sold,No specific size,Iowa,United States,2023,10.95,Base survey of 2021,annual,dollars per hundredweight sold
Milk,Operating costs,"Total, feed costs",dollars per hundredweight sold,No specific size,Iowa,United States,2024,8.37,Base survey of 2021,annual,dollars per hundredweight sold
Milk,Operating costs,"Total, feed costs",dollars per hundredweight sold,No specific size,Kentucky,United States,2021,10.67,Base survey of 2021,annual,dollars per hundredweight sold
Milk,Operating costs,"Total, feed costs",dollars per hundredweight sold,No specific size,Kentucky,United States,2022,13.17,Base survey of 2021,annual,dollars per hundredweight sold
Milk,Operating costs,"Total, feed costs",dollars per hundredweight sold,No specific size,Kentucky,United States,2023,12.28,Base survey of 2021,annual,dollars per hundredweight sold
Milk,Operating costs,"Total, feed costs",dollars per hundredweight sold,No specific size,Kentucky,United States,2024,9.48,Base survey of 2021,annual,dollars per hundredweight sold
Milk,Operating costs,"Total, feed costs",dollars per hundredweight sold,No specific size,Michigan,United States,2021,14.15,Base survey of 2021,annual,dollars per hundredweight sold
Milk,Operating costs,"Total, feed costs",dollars per hundredweight sold,No specific size,Michigan,United States,2022,17.48,Base survey of 2021,annual,dollars per hundredweight sold
Milk,Operating costs,"Total, feed costs",dollars per hundredweight sold,No specific size,Michigan,United States,2023,16.49,Base survey of 2021,annual,dollars per hundredweight sold
Milk,Operating costs,"Total, feed costs",dollars per hundredweight sold,No specific size,Michigan,United States,2024,12.83,Base survey of 2021,annual,dollars per hundredweight sold
Milk,Operating costs,"Total, feed costs",dollars per hundredweight sold,No specific size,Minnesota,United States,2021,10.65,Base survey of 2021,annual,dollars per hundredweight sold
Milk,Operating costs,"Total, feed costs",dollars per hundredweight sold,No specific size,Minnesota,United States,2022,13.16,Base survey of 2021,annual,dollars per hundredweight sold
Milk,Operating costs,"Total, feed costs",dollars per hundredweight sold,No specific size,Minnesota,United States,2023,12.23,Base survey of 2021,annual,dollars per hundredweight sold
Milk,Operating costs,"Total, feed costs",dollars per hundredweight sold,No specific size,Minnesota,United States,2024,9.41,Base survey of 2021,annual,dollars per hundredweight sold
Milk,Operating costs,"Total, feed costs",dollars per hundredweight sold,No specific size,New York,United States,2021,11.29,Base survey of 2021,annual,dollars per hundredweight sold
Milk,Operating costs,"Total, feed costs",dollars per hundredweight sold,No specific size,New York,United States,2022,13.95,Base survey of 2021,annual,dollars per hundredweight sold
Milk,Operating costs,"Total, feed costs",dollars per hundredweight sold,No specific size,New York,United States,2023,12.99,Base survey of 2021,annual,dollars per hundredweight sold
Milk,Operating costs,"Total, feed costs",dollars per hundredweight sold,No specific size,New York,United States,2024,10.02,Base survey of 2021,annual,dollars per hundredweight sold
Milk,Operating costs,"Total, feed costs",dollars per hundredweight sold,No specific size,Ohio,United States,2021,11.23,Base survey of 2021,annual,dollars per hundredweight sold
Milk,Operating costs,"Total, feed costs",dollars per hundredweight sold,No specific size,Ohio,United States,2022,13.87,Base survey of 2021,annual,dollars per hundredweight sold
Milk,Operating costs,"Total, feed costs",dollars per hundredweight sold,No specific size,Ohio,United States,2023,12.92,Base survey of 2021,annual,dollars per hundredweight sold
Milk,Operating costs,"Total, feed costs",dollars per hundredweight sold,No specific size,Ohio,United States,2024,9.95,Base survey of 2021,annual,dollars per hundredweight sold
Milk,Operating costs,"Total, feed costs",dollars per hundredweight sold,No specific size,Pennsylvania,United States,2021,12.93,Base survey of 2021,annual,dollars per hundredweight sold
Milk,Operating costs,"Total, feed costs",dollars per hundredweight sold,No specific size,Pennsylvania,United States,2022,15.96,Base survey of 2021,annual,dollars per hundredweight sold
Milk,Operating costs,"Total, feed costs",dollars per hundredweight sold,No specific size,Pennsylvania,United States,2023,15.11,Base survey of 2021,annual,dollars per hundredweight sold
Milk,Operating costs,"Total, feed costs",dollars per hundredweight sold,No specific size,Pennsylvania,United States,2024,11.78,Base survey of 2021,annual,dollars per hundredweight sold
Milk,Operating costs,"Total, feed costs",dollars per hundredweight sold,No specific size,Wisconsin,United States,2021,10.98,Base survey of 2021,annual,dollars per hundredweight sold
Milk,Operating costs,"Total, feed costs",dollars per hundredweight sold,No specific size,Wisconsin,United States,2022,13.58,Base survey of 2021,annual,dollars per hundredweight sold
Milk,Operating costs,"Total, feed costs",dollars per hundredweight sold,No specific size,Wisconsin,United States,2023,12.54,Base survey of 2021,annual,dollars per hundredweight sold
Milk,Operating costs,"Total, feed costs",dollars per hundredweight sold,No specific size,Wisconsin,United States,2024,9.59,Base survey of 2021,annual,dollars per hundredweight sold
Milk,Operating costs,Veterinary and medicine,dollars per hundredweight sold,No specific size,U.S. total,United States,2021,0.62,Base survey of 2021,annual,dollars per hundredweight sold
Milk,Operating costs,Veterinary and medicine,dollars per hundredweight sold,No specific size,U.S. total,United States,2022,0.7,Base survey of 2021,annual,dollars per hundredweight sold
Milk,Operating costs,Veterinary and medicine,dollars per hundredweight sold,No specific size,U.S. total,United States,2023,0.74,Base survey of 2021,annual,dollars per hundredweight sold
Milk,Operating costs,Veterinary and medicine,dollars per hundredweight sold,No specific size,U.S. total,United States,2024,0.76,Base survey of 2021,annual,dollars per hundredweight sold
Milk,Operating costs,Custom services,dollars per hundredweight sold,No specific size,California,United States,2021,0.58,Base survey of 2021,annual,dollars per hundredweight sold
Milk,Operating costs,Custom services,dollars per hundredweight sold,No specific size,California,United States,2022,0.65,Base survey of 2021,annual,dollars per hundredweight sold
Milk,Operating costs,Custom services,dollars per hundredweight sold,No specific size,California,United States,2023,0.69,Base survey of 2021,annual,dollars per hundredweight sold
Milk,Operating costs,Custom services,dollars per hundredweight sold,No specific size,California,United States,2024,0.71,Base survey of 2021,annual,dollars per hundredweight sold
Milk,Operating costs,Custom services,dollars per hundredweight sold,No specific size,Indiana,United States,2021,0.87,Base survey of 2021,annual,dollars per hundredweight sold
Milk,Operating costs,Custom services,dollars per hundredweight sold,No specific size,Indiana,United States,2022,0.98,Base survey of 2021,annual,dollars per hundredweight sold
Milk,Operating costs,Custom services,dollars per hundredweight sold,No specific size,Indiana,United States,2023,1.03,Base survey of 2021,annual,dollars per hundredweight sold
Milk,Operating costs,Custom services,dollars per hundredweight sold,No specific size,Indiana,United States,2024,1.07,Base survey of 2021,annual,dollars per hundredweight sold
Milk,Operating costs,Custom services,dollars per hundredweight sold,No specific size,Iowa,United States,2021,0.58,Base survey of 2021,annual,dollars per hundredweight sold
Milk,Operating costs,Custom services,dollars per hundredweight sold,No specific size,Iowa,United States,2022,0.65,Base survey of 2021,annual,dollars per hundredweight sold
Milk,Operating costs,Custom services,dollars per hundredweight sold,No specific size,Iowa,United States,2023,0.68,Base survey of 2021,annual,dollars per hundredweight sold
Milk,Operating costs,Custom services,dollars per hundredweight sold,No specific size,Iowa,United States,2024,0.7,Base survey of 2021,annual,dollars per hundredweight sold
Milk,Operating costs,Custom services,dollars per hundredweight sold,No specific size,Kentucky,United States,2021,0.59,Base survey of 2021,annual,dollars per hundredweight sold
Milk,Operating costs,Custom services,dollars per hundredweight sold,No specific size,Kentucky,United States,2022,0.66,Base survey of 2021,annual,dollars per hundredweight sold
Milk,Operating costs,Custom services,dollars per hundredweight sold,No specific size,Kentucky,United States,2023,0.7,Base survey of 2021,annual,dollars per hundredweight sold
Milk,Operating costs,Custom services,dollars per hundredweight sold,No specific size,Kentucky,United States,2024,0.72,Base survey of 2021,annual,dollars per hundredweight sold
Milk,Operating costs,Custom services,dollars per hundredweight sold,No specific size,Michigan,United States,2021,0.67,Base survey of 2021,annual,dollars per hundredweight sold
Milk,Operating costs,Custom services,dollars per hundredweight sold,No specific size,Michigan,United States,2022,0.75,Base survey of 2021,annual,dollars per hundredweight sold
Milk,Operating costs,Custom services,dollars per hundredweight sold,No specific size,Michigan,United States,2023,0.8,Base survey of 2021,annual,dollars per hundredweight sold
Milk,Operating costs,Custom services,dollars per hundredweight sold,No specific size,Michigan,United States,2024,0.82,Base survey of 2021,annual,dollars per hundredweight sold
Milk,Operating costs,Custom services,dollars per hundredweight sold,No specific size,Minnesota,United States,2021,0.56,Base survey of 2021,annual,dollars per hundredweight sold
Milk,Operating costs,Custom services,dollars per hundredweight sold,No specific size,Minnesota,United States,2022,0.63,Base survey of 2021,annual,dollars per hundredweight sold
Milk,Operating costs,Custom services,dollars per hundredweight sold,No specific size,Minnesota,United States,2023,0.66,Base survey of 2021,annual,dollars per hundredweight sold
Milk,Operating costs,Custom services,dollars per hundredweight sold,No specific size,Minnesota,United States,2024,0.68,Base survey of 2021,annual,dollars per hundredweight sold
Milk,Operating costs,Custom services,dollars per hundredweight sold,No specific size,New York,United States,2021,0.61,Base survey of 2021,annual,dollars per hundredweight sold
Milk,Operating costs,Custom services,dollars per hundredweight sold,No specific size,New York,United States,2022,0.68,Base survey of 2021,annual,dollars per hundredweight sold
Milk,Operating costs,Custom services,dollars per hundredweight sold,No specific size,New York,United States,2023,0.72,Base survey of 2021,annual,dollars per hundredweight sold
Milk,Operating costs,Custom services,dollars per hundredweight sold,No specific size,New York,United States,2024,0.75,Base survey of 2021,annual,dollars per hundredweight sold
Milk,Operating costs,Custom services,dollars per hundredweight sold,No specific size,Ohio,United States,2021,0.67,Base survey of 2021,annual,dollars per hundredweight sold
Milk,Operating costs,Custom services,dollars per hundredweight sold,No specific size,Ohio,United States,2022,0.75,Base survey of 2021,annual,dollars per hundredweight sold
Milk,Operating costs,Custom services,dollars per hundredweight sold,No specific size,Ohio,United States,2023,0.79,Base survey of 2021,annual,dollars per hundredweight sold
Milk,Operating costs,Custom services,dollars per hundredweight sold,No specific size,Ohio,United States,2024,0.81,Base survey of 2021,annual,dollars per hundredweight sold
Milk,Operating costs,Custom services,dollars per hundredweight sold,No specific size,Pennsylvania,United States,2021,1.12,Base survey of 2021,annual,dollars per hundredweight sold
Milk,Operating costs,Custom services,dollars per hundredweight sold,No specific size,Pennsylvania,United States,2022,1.26,Base survey of 2021,annual,dollars per hundredweight sold
Milk,Operating costs,Custom services,dollars per hundredweight sold,No specific size,Pennsylvania,United States,2023,1.32,Base survey of 2021,annual,dollars per hundredweight sold
Milk,Operating costs,Custom services,dollars per hundredweight sold,No specific size,Pennsylvania,United States,2024,1.37,Base survey of 2021,annual,dollars per hundredweight sold
Milk,Operating costs,Custom services,dollars per hundredweight sold,No specific size,Wisconsin,United States,2021,0.93,Base survey of 2021,annual,dollars per hundredweight sold
Milk,Operating costs,Custom services,dollars per hundredweight sold,No specific size,Wisconsin,United States,2022,1.04,Base survey of 2021,annual,dollars per hundredweight sold
Milk,Operating costs,Custom services,dollars per hundredweight sold,No specific size,Wisconsin,United States,2023,1.1,Base survey of 2021,annual,dollars per hundredweight sold
Milk,Operating costs,Custom services,dollars per hundredweight sold,No specific size,Wisconsin,United States,2024,1.13,Base survey of 2021,annual,dollars per hundredweight sold
Milk,Operating costs,"Fuel, lube, and electricity",dollars per hundredweight sold,No specific size,U.S. total,United States,2021,0.63,Base survey of 2021,annual,dollars per hundredweight sold
Milk,Operating costs,"Fuel, lube, and electricity",dollars per hundredweight sold,No specific size,U.S. total,United States,2022,0.91,Base survey of 2021,annual,dollars per hundredweight sold
Milk,Operating costs,"Fuel, lube, and electricity",dollars per hundredweight sold,No specific size,U.S. total,United States,2023,0.79,Base survey of 2021,annual,dollars per hundredweight sold
Milk,Operating costs,"Fuel, lube, and electricity",dollars per hundredweight sold,No specific size,U.S. total,United States,2024,0.73,Base survey of 2021,annual,dollars per hundredweight sold
Milk,Operating costs,"Fuel, lube, and electricity",dollars per hundredweight sold,No specific size,California,United States,2021,0.44,Base survey of 2021,annual,dollars per hundredweight sold
Milk,Operating costs,"Fuel, lube, and electricity",dollars per hundredweight sold,No specific size,California,United States,2022,0.64,Base survey of 2021,annual,dollars per hundredweight sold
Milk,Operating costs,"Fuel, lube, and electricity",dollars per hundredweight sold,No specific size,California,United States,2023,0.55,Base survey of 2021,annual,dollars per hundredweight sold
Milk,Operating costs,"Fuel, lube, and electricity",dollars per hundredweight sold,No specific size,California,United States,2024,0.52,Base survey of 2021,annual,dollars per hundredweight sold
Milk,Operating costs,"Fuel, lube, and electricity",dollars per hundredweight sold,No specific size,Indiana,United States,2021,1.0,Base survey of 2021,annual,dollars per hundredweight sold
Milk,Operating costs,"Fuel, lube, and electricity",dollars per hundredweight sold,No specific size,Indiana,United States,2022,1.44,Base survey of 2021,annual,dollars per hundredweight sold
Milk,Operating costs,"Fuel, lube, and electricity",dollars per hundredweight sold,No specific size,Indiana,United States,2023,1.24,Base survey of 2021,annual,dollars per hundredweight sold
Milk,Operating costs,"Fuel, lube, and electricity",dollars per hundredweight sold,No specific size,Indiana,United States,2024,1.16,Base survey of 2021,annual,dollars per hundredweight sold
Milk,Operating costs,"Fuel, lube, and electricity",dollars per hundredweight sold,No specific size,Iowa,United States,2021,0.71,Base survey of 2021,annual,dollars per hundredweight sold
Milk,Operating costs,"Fuel, lube, and electricity",dollars per hundredweight sold,No specific size,Iowa,United States,2022,1.02,Base survey of 2021,annual,dollars per hundredweight sold
Milk,Operating costs,"Fuel, lube, and electricity",dollars per hundredweight sold,No specific size,Iowa,United States,2023,0.88,Base survey of 2021,annual,dollars per hundredweight sold
Milk,Operating costs,"Fuel, lube, and electricity",dollars per hundredweight sold,No specific size,Iowa,United States,2024,0.82,Base survey of 2021,annual,dollars per hundredweight sold
Milk,Operating costs,"Fuel, lube, and electricity",dollars per hundredweight sold,No specific size,Kentucky,United States,2021,0.58,Base survey of 2021,annual,dollars per hundredweight sold
Milk,Operating costs,"Fuel, lube, and electricity",dollars per hundredweight sold,No specific size,Kentucky,United States,2022,0.84,Base survey of 2021,annual,dollars per hundredweight sold
Milk,Operating costs,"Fuel, lube, and electricity",dollars per hundredweight sold,No specific size,Kentucky,United States,2023,0.73,Base survey of 2021,annual,dollars per hundredweight sold
Milk,Operating costs,"Fuel, lube, and electricity",dollars per hundredweight sold,No specific size,Kentucky,United States,2024,0.68,Base survey of 2021,annual,dollars per hundredweight sold
Milk,Operating costs,"Fuel, lube, and electricity",dollars per hundredweight sold,No specific size,Michigan,United States,2021,1.02,Base survey of 2021,annual,dollars per hundredweight sold
Milk,Operating costs,"Fuel, lube, and electricity",dollars per hundredweight sold,No specific size,Michigan,United States,2022,1.48,Base survey of 2021,annual,dollars per hundredweight sold
Milk,Operating costs,"Fuel, lube, and electricity",dollars per hundredweight sold,No specific size,Michigan,United States,2023,1.27,Base survey of 2021,annual,dollars per hundredweight sold
Milk,Operating costs,"Fuel, lube, and electricity",dollars per hundredweight sold,No specific size,Michigan,United States,2024,1.19,Base survey of 2021,annual,dollars per hundredweight sold
Milk,Operating costs,"Fuel, lube, and electricity",dollars per hundredweight sold,No specific size,Minnesota,United States,2021,0.88,Base survey of 2021,annual,dollars per hundredweight sold
Milk,Operating costs,"Fuel, lube, and electricity",dollars per hundredweight sold,No specific size,Minnesota,United States,2022,1.27,Base survey of 2021,annual,dollars per hundredweight sold
Milk,Operating costs,"Fuel, lube, and electricity",dollars per hundredweight sold,No specific size,Minnesota,United States,2023,1.09,Base survey of 2021,annual,dollars per hundredweight sold
Milk,Operating costs,"Fuel, lube, and electricity",dollars per hundredweight sold,No specific size,Minnesota,United States,2024,1.02,Base survey of 2021,annual,dollars per hundredweight sold
Milk,Operating costs,"Fuel, lube, and electricity",dollars per hundredweight sold,No specific size,New York,United States,2021,0.85,Base survey of 2021,annual,dollars per hundredweight sold
Milk,Operating costs,"Fuel, lube, and electricity",dollars per hundredweight sold,No specific size,New York,United States,2022,1.23,Base survey of 2021,annual,dollars per hundredweight sold
Milk,Operating costs,"Fuel, lube, and electricity",dollars per hundredweight sold,No specific size,New York,United States,2023,1.06,Base survey of 2021,annual,dollars per hundredweight sold
Milk,Operating costs,"Fuel, lube, and electricity",dollars per hundredweight sold,No specific size,New York,United States,2024,0.99,Base survey of 2021,annual,dollars per hundredweight sold
Milk,Operating costs,"Fuel, lube, and electricity",dollars per hundredweight sold,No specific size,Ohio,United States,2021,0.88,Base survey of 2021,annual,dollars per hundredweight sold
Milk,Operating costs,"Fuel, lube, and electricity",dollars per hundredweight sold,No specific size,Ohio,United States,2022,1.28,Base survey of 2021,annual,dollars per hundredweight sold
Milk,Operating costs,"Fuel, lube, and electricity",dollars per hundredweight sold,No specific size,Ohio,United States,2023,1.1,Base survey of 2021,annual,dollars per hundredweight sold
Milk,Operating costs,"Fuel, lube, and electricity",dollars per hundredweight sold,No specific size,Ohio,United States,2024,1.03,Base survey of 2021,annual,dollars per hundredweight sold
Milk,Operating costs,"Fuel, lube, and electricity",dollars per hundredweight sold,No specific size,Pennsylvania,United States,2021,0.9,Base survey of 2021,annual,dollars per hundredweight sold
Milk,Operating costs,"Fuel, lube, and electricity",dollars per hundredweight sold,No specific size,Pennsylvania,United States,2022,1.3,Base survey of 2021,annual,dollars per hundredweight sold
Milk,Operating costs,"Fuel, lube, and electricity",dollars per hundredweight sold,No specific size,Pennsylvania,United States,2023,1.12,Base survey of 2021,annual,dollars per hundredweight sold
Milk,Operating costs,"Fuel, lube, and electricity",dollars per hundredweight sold,No specific size,Pennsylvania,United States,2024,1.04,Base survey of 2021,annual,dollars per hundredweight sold
Milk,Operating costs,"Fuel, lube, and electricity",dollars per hundredweight sold,No specific size,Wisconsin,United States,2021,0.64,Base survey of 2021,annual,dollars per hundredweight sold
Milk,Operating costs,"Fuel, lube, and electricity",dollars per hundredweight sold,No specific size,Wisconsin,United States,2022,0.93,Base survey of 2021,annual,dollars per hundredweight sold
Milk,Operating costs,"Fuel, lube, and electricity",dollars per hundredweight sold,No specific size,Wisconsin,United States,2023,0.8,Base survey of 2021,annual,dollars per hundredweight sold
Milk,Operating costs,"Fuel, lube, and electricity",dollars per hundredweight sold,No specific size,Wisconsin,United States,2024,0.75,Base survey of 2021,annual,dollars per hundredweight sold
Milk,Operating costs,Repairs,dollars per hundredweight sold,No specific size,U.S. total,United States,2021,0.7,Base survey of 2021,annual,dollars per hundredweight sold
Milk,Operating costs,Repairs,dollars per hundredweight sold,No specific size,U.S. total,United States,2022,0.77,Base survey of 2021,annual,dollars per hundredweight sold
Milk,Operating costs,Repairs,dollars per hundredweight sold,No specific size,U.S. total,United States,2023,0.8,Base survey of 2021,annual,dollars per hundredweight sold
Milk,Operating costs,Repairs,dollars per hundredweight sold,No specific size,U.S. total,United States,2024,0.82,Base survey of 2021,annual,dollars per hundredweight sold
Milk,Operating costs,Repairs,dollars per hundredweight sold,No specific size,California,United States,2021,0.44,Base survey of 2021,annual,dollars per hundredweight sold
Milk,Operating costs,Repairs,dollars per hundredweight sold,No specific size,California,United States,2022,0.48,Base survey of 2021,annual,dollars per hundredweight sold
Milk,Operating costs,Repairs,dollars per hundredweight sold,No specific size,California,United States,2023,0.5,Base survey of 2021,annual,dollars per hundredweight sold
Milk,Operating costs,Repairs,dollars per hundredweight sold,No specific size,California,United States,2024,0.51,Base survey of 2021,annual,dollars per hundredweight sold
Milk,Operating costs,Repairs,dollars per hundredweight sold,No specific size,Indiana,United States,2021,1.02,Base survey of 2021,annual,dollars per hundredweight sold
Milk,Operating costs,Repairs,dollars per hundredweight sold,No specific size,Indiana,United States,2022,1.12,Base survey of 2021,annual,dollars per hundredweight sold
Milk,Operating costs,Repairs,dollars per hundredweight sold,No specific size,Indiana,United States,2023,1.17,Base survey of 2021,annual,dollars per hundredweight sold
Milk,Operating costs,Repairs,dollars per hundredweight sold,No specific size,Indiana,United States,2024,1.2,Base survey of 2021,annual,dollars per hundredweight sold
Milk,Operating costs,Repairs,dollars per hundredweight sold,No specific size,Iowa,United States,2021,0.77,Base survey of 2021,annual,dollars per hundredweight sold
Milk,Operating costs,Repairs,dollars per hundredweight sold,No specific size,Iowa,United States,2022,0.86,Base survey of 2021,annual,dollars per hundredweight sold
Milk,Operating costs,Repairs,dollars per hundredweight sold,No specific size,Iowa,United States,2023,0.89,Base survey of 2021,annual,dollars per hundredweight sold
Milk,Operating costs,Repairs,dollars per hundredweight sold,No specific size,Iowa,United States,2024,0.91,Base survey of 2021,annual,dollars per hundredweight sold
Milk,Operating costs,Repairs,dollars per hundredweight sold,No specific size,Kentucky,United States,2021,0.56,Base survey of 2021,annual,dollars per hundredweight sold
Milk,Operating costs,Repairs,dollars per hundredweight sold,No specific size,Kentucky,United States,2022,0.62,Base survey of 2021,annual,dollars per hundredweight sold
Milk,Operating costs,Repairs,dollars per hundredweight sold,No specific size,Kentucky,United States,2023,0.65,Base survey of 2021,annual,dollars per hundredweight sold
Milk,Operating costs,Repairs,dollars per hundredweight sold,No specific size,Kentucky,United States,2024,0.66,Base survey of 2021,annual,dollars per hundredweight sold
Milk,Operating costs,Repairs,dollars per hundredweight sold,No specific size,Michigan,United States,2021,1.01,Base survey of 2021,annual,dollars per hundredweight sold
Milk,Operating costs,Repairs,dollars per hundredweight sold,No specific size,Michigan,United States,2022,1.12,Base survey of 2021,annual,dollars per hundredweight sold
Milk,Operating costs,Repairs,dollars per hundredweight sold,No specific size,Michigan,United States,2023,1.16,Base survey of 2021,annual,dollars per hundredweight sold
Milk,Operating costs,Repairs,dollars per hundredweight sold,No specific size,Michigan,United States,2024,1.19,Base survey of 2021,annual,dollars per hundredweight sold
Milk,Operating costs,Repairs,dollars per hundredweight sold,No specific size,Minnesota,United States,2021,0.96,Base survey of 2021,annual,dollars per hundredweight sold
Milk,Operating costs,Repairs,dollars per hundredweight sold,No specific size,Minnesota,United States,2022,1.06,Base survey of 2021,annual,dollars per hundredweight sold
Milk,Operating costs,Repairs,dollars per hundredweight sold,No specific size,Minnesota,United States,2023,1.1,Base survey of 2021,annual,dollars per hundredweight sold
Milk,Operating costs,Repairs,dollars per hundredweight sold,No specific size,Minnesota,United States,2024,1.13,Base survey of 2021,annual,dollars per hundredweight sold
Milk,Operating costs,Repairs,dollars per hundredweight sold,No specific size,New York,United States,2021,0.84,Base survey of 2021,annual,dollars per hundredweight sold
Milk,Operating costs,Repairs,dollars per hundredweight sold,No specific size,New York,United States,2022,0.93,Base survey of 2021,annual,dollars per hundredweight sold
Milk,Operating costs,Repairs,dollars per hundredweight sold,No specific size,New York,United States,2023,0.96,Base survey of 2021,annual,dollars per hundredweight sold
Milk,Operating costs,Repairs,dollars per hundredweight sold,No specific size,New York,United States,2024,0.99,Base survey of 2021,annual,dollars per hundredweight sold
Milk,Operating costs,Repairs,dollars per hundredweight sold,No specific size,Ohio,United States,2021,0.88,Base survey of 2021,annual,dollars per hundredweight sold
Milk,Operating costs,Repairs,dollars per hundredweight sold,No specific size,Ohio,United States,2022,0.97,Base survey of 2021,annual,dollars per hundredweight sold
Milk,Operating costs,Repairs,dollars per hundredweight sold,No specific size,Ohio,United States,2023,1.0,Base survey of 2021,annual,dollars per hundredweight sold
Milk,Operating costs,Repairs,dollars per hundredweight sold,No specific size,Ohio,United States,2024,1.03,Base survey of 2021,annual,dollars per hundredweight sold
Milk,Operating costs,Repairs,dollars per hundredweight sold,No specific size,Pennsylvania,United States,2021,0.68,Base survey of 2021,annual,dollars per hundredweight sold
Milk,Operating costs,Repairs,dollars per hundredweight sold,No specific size,Pennsylvania,United States,2022,0.75,Base survey of 2021,annual,dollars per hundredweight sold
Milk,Operating costs,Repairs,dollars per hundredweight sold,No specific size,Pennsylvania,United States,2023,0.78,Base survey of 2021,annual,dollars per hundredweight sold
Milk,Operating costs,Repairs,dollars per hundredweight sold,No specific size,Pennsylvania,United States,2024,0.8,Base survey of 2021,annual,dollars per hundredweight sold
Milk,Operating costs,Repairs,dollars per hundredweight sold,No specific size,Wisconsin,United States,2021,0.77,Base survey of 2021,annual,dollars per hundredweight sold
Milk,Operating costs,Repairs,dollars per hundredweight sold,No specific size,Wisconsin,United States,2022,0.85,Base survey of 2021,annual,dollars per hundredweight sold
Milk,Operating costs,Repairs,dollars per hundredweight sold,No specific size,Wisconsin,United States,2023,0.89,Base survey of 2021,annual,dollars per hundredweight sold
Milk,Operating costs,Repairs,dollars per hundredweight sold,No specific size,Wisconsin,United States,2024,0.91,Base survey of 2021,annual,dollars per hundredweight sold
Milk,Operating costs,"Other, operating costs  ",dollars per hundredweight sold,No specific size,U.S. total,United States,2021,0.01,Base survey of 2021,annual,dollars per hundredweight sold
Milk,Operating costs,"Other, operating costs  ",dollars per hundredweight sold,No specific size,U.S. total,United States,2022,0.01,Base survey of 2021,annual,dollars per hundredweight sold
Milk,Operating costs,"Other, operating costs  ",dollars per hundredweight sold,No specific size,U.S. total,United States,2023,0.01,Base survey of 2021,annual,dollars per hundredweight sold
Milk,Operating costs,"Other, operating costs  ",dollars per hundredweight sold,No specific size,U.S. total,United States,2024,0.01,Base survey of 2021,annual,dollars per hundredweight sold
Milk,Operating costs,"Other, operating costs  ",dollars per hundredweight sold,No specific size,California,United States,2021,0.0,Base survey of 2021,annual,dollars per hundredweight sold
Milk,Operating costs,"Other, operating costs  ",dollars per hundredweight sold,No specific size,California,United States,2022,0.0,Base survey of 2021,annual,dollars per hundredweight sold
Milk,Operating costs,"Other, operating costs  ",dollars per hundredweight sold,No specific size,California,United States,2023,0.0,Base survey of 2021,annual,dollars per hundredweight sold
Milk,Operating costs,"Other, operating costs  ",dollars per hundredweight sold,No specific size,California,United States,2024,0.0,Base survey of 2021,annual,dollars per hundredweight sold
Milk,Operating costs,"Other, operating costs  ",dollars per hundredweight sold,No specific size,Indiana,United States,2021,0.05,Base survey of 2021,annual,dollars per hundredweight sold
Milk,Operating costs,"Other, operating costs  ",dollars per hundredweight sold,No specific size,Indiana,United States,2022,0.06,Base survey of 2021,annual,dollars per hundredweight sold
Milk,Operating costs,"Other, operating costs  ",dollars per hundredweight sold,No specific size,Indiana,United States,2023,0.06,Base survey of 2021,annual,dollars per hundredweight sold
Milk,Operating costs,"Other, operating costs  ",dollars per hundredweight sold,No specific size,Indiana,United States,2024,0.06,Base survey of 2021,annual,dollars per hundredweight sold
Milk,Operating costs,"Other, operating costs  ",dollars per hundredweight sold,No specific size,Iowa,United States,2021,0.01,Base survey of 2021,annual,dollars per hundredweight sold
Milk,Operating costs,"Other, operating costs  ",dollars per hundredweight sold,No specific size,Iowa,United States,2022,0.01,Base survey of 2021,annual,dollars per hundredweight sold
Milk,Operating costs,"Other, operating costs  ",dollars per hundredweight sold,No specific size,Iowa,United States,2023,0.01,Base survey of 2021,annual,dollars per hundredweight sold
Milk,Operating costs,"Other, operating costs  ",dollars per hundredweight sold,No specific size,Iowa,United States,2024,0.01,Base survey of 2021,annual,dollars per hundredweight sold
Milk,Operating costs,"Other, operating costs  ",dollars per hundredweight sold,No specific size,Kentucky,United States,2021,0.0,Base survey of 2021,annual,dollars per hundredweight sold
Milk,Operating costs,"Other, operating costs  ",dollars per hundredweight sold,No specific size,Kentucky,United States,2022,0.0,Base survey of 2021,annual,dollars per hundredweight sold
Milk,Operating costs,"Other, operating costs  ",dollars per hundredweight sold,No specific size,Kentucky,United States,2023,0.0,Base survey of 2021,annual,dollars per hundredweight sold
Milk,Operating costs,"Other, operating costs  ",dollars per hundredweight sold,No specific size,Kentucky,United States,2024,0.0,Base survey of 2021,annual,dollars per hundredweight sold
Milk,Operating costs,"Other, operating costs  ",dollars per hundredweight sold,No specific size,Michigan,United States,2021,0.0,Base survey of 2021,annual,dollars per hundredweight sold
Milk,Operating costs,"Other, operating costs  ",dollars per hundredweight sold,No specific size,Michigan,United States,2022,0.0,Base survey of 2021,annual,dollars per hundredweight sold
Milk,Operating costs,"Other, operating costs  ",dollars per hundredweight sold,No specific size,Michigan,United States,2023,0.0,Base survey of 2021,annual,dollars per hundredweight sold
Milk,Operating costs,"Other, operating costs  ",dollars per hundredweight sold,No specific size,Michigan,United States,2024,0.0,Base survey of 2021,annual,dollars per hundredweight sold
Milk,Operating costs,"Other, operating costs  ",dollars per hundredweight sold,No specific size,Minnesota,United States,2021,0.01,Base survey of 2021,annual,dollars per hundredweight sold
Milk,Operating costs,"Other, operating costs  ",dollars per hundredweight sold,No specific size,Minnesota,United States,2022,0.01,Base survey of 2021,annual,dollars per hundredweight sold
Milk,Operating costs,"Other, operating costs  ",dollars per hundredweight sold,No specific size,Minnesota,United States,2023,0.01,Base survey of 2021,annual,dollars per hundredweight sold
Milk,Operating costs,"Other, operating costs  ",dollars per hundredweight sold,No specific size,Minnesota,United States,2024,0.01,Base survey of 2021,annual,dollars per hundredweight sold
Milk,Operating costs,"Other, operating costs  ",dollars per hundredweight sold,No specific size,New York,United States,2021,0.02,Base survey of 2021,annual,dollars per hundredweight sold
Milk,Operating costs,"Other, operating costs  ",dollars per hundredweight sold,No specific size,New York,United States,2022,0.02,Base survey of 2021,annual,dollars per hundredweight sold
Milk,Operating costs,"Other, operating costs  ",dollars per hundredweight sold,No specific size,New York,United States,2023,0.02,Base survey of 2021,annual,dollars per hundredweight sold
Milk,Operating costs,"Other, operating costs  ",dollars per hundredweight sold,No specific size,New York,United States,2024,0.02,Base survey of 2021,annual,dollars per hundredweight sold
Milk,Operating costs,"Other, operating costs  ",dollars per hundredweight sold,No specific size,Ohio,United States,2021,0.01,Base survey of 2021,annual,dollars per hundredweight sold
Milk,Operating costs,"Other, operating costs  ",dollars per hundredweight sold,No specific size,Ohio,United States,2022,0.01,Base survey of 2021,annual,dollars per hundredweight sold
Milk,Operating costs,"Other, operating costs  ",dollars per hundredweight sold,No specific size,Ohio,United States,2023,0.01,Base survey of 2021,annual,dollars per hundredweight sold
Milk,Operating costs,"Other, operating costs  ",dollars per hundredweight sold,No specific size,Ohio,United States,2024,0.01,Base survey of 2021,annual,dollars per hundredweight sold
Milk,Operating costs,"Other, operating costs  ",dollars per hundredweight sold,No specific size,Pennsylvania,United States,2021,0.01,Base survey of 2021,annual,dollars per hundredweight sold
Milk,Operating costs,"Other, operating costs  ",dollars per hundredweight sold,No specific size,Pennsylvania,United States,2022,0.01,Base survey of 2021,annual,dollars per hundredweight sold
Milk,Operating costs,"Other, operating costs  ",dollars per hundredweight sold,No specific size,Pennsylvania,United States,2023,0.01,Base survey of 2021,annual,dollars per hundredweight sold
Milk,Operating costs,"Other, operating costs  ",dollars per hundredweight sold,No specific size,Pennsylvania,United States,2024,0.01,Base survey of 2021,annual,dollars per hundredweight sold
Milk,Operating costs,"Other, operating costs  ",dollars per hundredweight sold,No specific size,Wisconsin,United States,2021,0.01,Base survey of 2021,annual,dollars per hundredweight sold
Milk,Operating costs,"Other, operating costs  ",dollars per hundredweight sold,No specific size,Wisconsin,United States,2022,0.01,Base survey of 2021,annual,dollars per hundredweight sold
Milk,Operating costs,"Other, operating costs  ",dollars per hundredweight sold,No specific size,Wisconsin,United States,2023,0.01,Base survey of 2021,annual,dollars per hundredweight sold
Milk,Operating costs,"Other, operating costs  ",dollars per hundredweight sold,No specific size,Wisconsin,United States,2024,0.01,Base survey of 2021,annual,dollars per hundredweight sold
Milk,Operating costs,Interest on operating capital,dollars per hundredweight sold,No specific size,U.S. total,United States,2021,0.0,Base survey of 2021,annual,dollars per hundredweight sold
Milk,Operating costs,Interest on operating capital,dollars per hundredweight sold,No specific size,U.S. total,United States,2022,0.22,Base survey of 2021,annual,dollars per hundredweight sold
Milk,Operating costs,Interest on operating capital,dollars per hundredweight sold,No specific size,U.S. total,United States,2023,0.43,Base survey of 2021,annual,dollars per hundredweight sold
Milk,Operating costs,Interest on operating capital,dollars per hundredweight sold,No specific size,U.S. total,United States,2024,0.33,Base survey of 2021,annual,dollars per hundredweight sold
Milk,Operating costs,Interest on operating capital,dollars per hundredweight sold,No specific size,California,United States,2021,0.0,Base survey of 2021,annual,dollars per hundredweight sold
Milk,Operating costs,Interest on operating capital,dollars per hundredweight sold,No specific size,California,United States,2022,0.21,Base survey of 2021,annual,dollars per hundredweight sold
Milk,Operating costs,Interest on operating capital,dollars per hundredweight sold,No specific size,California,United States,2023,0.41,Base survey of 2021,annual,dollars per hundredweight sold
Milk,Operating costs,Interest on operating capital,dollars per hundredweight sold,No specific size,California,United States,2024,0.31,Base survey of 2021,annual,dollars per hundredweight sold
Milk,Operating costs,Interest on operating capital,dollars per hundredweight sold,No specific size,Indiana,United States,2021,0.01,Base survey of 2021,annual,dollars per hundredweight sold
Milk,Operating costs,Interest on operating capital,dollars per hundredweight sold,No specific size,Indiana,United States,2022,0.26,Base survey of 2021,annual,dollars per hundredweight sold
Milk,Operating costs,Interest on operating capital,dollars per hundredweight sold,No specific size,Indiana,United States,2023,0.51,Base survey of 2021,annual,dollars per hundredweight sold
Milk,Operating costs,Interest on operating capital,dollars per hundredweight sold,No specific size,Indiana,United States,2024,0.4,Base survey of 2021,annual,dollars per hundredweight sold
Milk,Operating costs,Interest on operating capital,dollars per hundredweight sold,No specific size,Iowa,United States,2021,0.0,Base survey of 2021,annual,dollars per hundredweight sold
Milk,Operating costs,Interest on operating capital,dollars per hundredweight sold,No specific size,Iowa,United States,2022,0.19,Base survey of 2021,annual,dollars per hundredweight sold
Milk,Operating costs,Interest on operating capital,dollars per hundredweight sold,No specific size,Iowa,United States,2023,0.36,Base survey of 2021,annual,dollars per hundredweight sold
Milk,Operating costs,Interest on operating capital,dollars per hundredweight sold,No specific size,Iowa,United States,2024,0.28,Base survey of 2021,annual,dollars per hundredweight sold
Milk,Operating costs,Interest on operating capital,dollars per hundredweight sold,No specific size,Kentucky,United States,2021,0.0,Base survey of 2021,annual,dollars per hundredweight sold
Milk,Operating costs,Interest on operating capital,dollars per hundredweight sold,No specific size,Kentucky,United States,2022,0.2,Base survey of 2021,annual,dollars per hundredweight sold
Milk,Operating costs,Interest on operating capital,dollars per hundredweight sold,No specific size,Kentucky,United States,2023,0.39,Base survey of 2021,annual,dollars per hundredweight sold
Milk,Operating costs,Interest on operating capital,dollars per hundredweight sold,No specific size,Kentucky,United States,2024,0.3,Base survey of 2021,annual,dollars per hundredweight sold
Milk,Operating costs,Interest on operating capital,dollars per hundredweight sold,No specific size,Michigan,United States,2021,0.01,Base survey of 2021,annual,dollars per hundredweight sold
Milk,Operating costs,Interest on operating capital,dollars per hundredweight sold,No specific size,Michigan,United States,2022,0.27,Base survey of 2021,annual,dollars per hundredweight sold
Milk,Operating costs,Interest on operating capital,dollars per hundredweight sold,No specific size,Michigan,United States,2023,0.54,Base survey of 2021,annual,dollars per hundredweight sold
Milk,Operating costs,Interest on operating capital,dollars per hundredweight sold,No specific size,Michigan,United States,2024,0.42,Base survey of 2021,annual,dollars per hundredweight sold
Milk,Operating costs,Interest on operating capital,dollars per hundredweight sold,No specific size,Minnesota,United States,2021,0.0,Base survey of 2021,annual,dollars per hundredweight sold
Milk,Operating costs,Interest on operating capital,dollars per hundredweight sold,No specific size,Minnesota,United States,2022,0.21,Base survey of 2021,annual,dollars per hundredweight sold
Milk,Operating costs,Interest on operating capital,dollars per hundredweight sold,No specific size,Minnesota,United States,2023,0.41,Base survey of 2021,annual,dollars per hundredweight sold
Milk,Operating costs,Interest on operating capital,dollars per hundredweight sold,No specific size,Minnesota,United States,2024,0.32,Base survey of 2021,annual,dollars per hundredweight sold
Milk,Operating costs,Interest on operating capital,dollars per hundredweight sold,No specific size,New York,United States,2021,0.0,Base survey of 2021,annual,dollars per hundredweight sold
Milk,Operating costs,Interest on operating capital,dollars per hundredweight sold,No specific size,New York,United States,2022,0.22,Base survey of 2021,annual,dollars per hundredweight sold
Milk,Operating costs,Interest on operating capital,dollars per hundredweight sold,No specific size,New York,United States,2023,0.43,Base survey of 2021,annual,dollars per hundredweight sold
Milk,Operating costs,Interest on operating capital,dollars per hundredweight sold,No specific size,New York,United States,2024,0.34,Base survey of 2021,annual,dollars per hundredweight sold
Milk,Operating costs,Interest on operating capital,dollars per hundredweight sold,No specific size,Ohio,United States,2021,0.0,Base survey of 2021,annual,dollars per hundredweight sold
Milk,Operating costs,Interest on operating capital,dollars per hundredweight sold,No specific size,Ohio,United States,2022,0.22,Base survey of 2021,annual,dollars per hundredweight sold
Milk,Operating costs,Interest on operating capital,dollars per hundredweight sold,No specific size,Ohio,United States,2023,0.43,Base survey of 2021,annual,dollars per hundredweight sold
Milk,Operating costs,Interest on operating capital,dollars per hundredweight sold,No specific size,Ohio,United States,2024,0.34,Base survey of 2021,annual,dollars per hundredweight sold
Milk,Operating costs,Interest on operating capital,dollars per hundredweight sold,No specific size,Pennsylvania,United States,2021,0.01,Base survey of 2021,annual,dollars per hundredweight sold
Milk,Operating costs,Interest on operating capital,dollars per hundredweight sold,No specific size,Pennsylvania,United States,2022,0.25,Base survey of 2021,annual,dollars per hundredweight sold
Milk,Operating costs,Interest on operating capital,dollars per hundredweight sold,No specific size,Pennsylvania,United States,2023,0.5,Base survey of 2021,annual,dollars per hundredweight sold
Milk,Operating costs,Interest on operating capital,dollars per hundredweight sold,No specific size,Pennsylvania,United States,2024,0.39,Base survey of 2021,annual,dollars per hundredweight sold
Milk,Operating costs,Interest on operating capital,dollars per hundredweight sold,No specific size,Wisconsin,United States,2021,0.0,Base survey of 2021,annual,dollars per hundredweight sold
Milk,Operating costs,Interest on operating capital,dollars per hundredweight sold,No specific size,Wisconsin,United States,2022,0.21,Base survey of 2021,annual,dollars per hundredweight sold
Milk,Operating costs,Interest on operating capital,dollars per hundredweight sold,No specific size,Wisconsin,United States,2023,0.42,Base survey of 2021,annual,dollars per hundredweight sold
Milk,Operating costs,Interest on operating capital,dollars per hundredweight sold,No specific size,Wisconsin,United States,2024,0.33,Base survey of 2021,annual,dollars per hundredweight sold
Milk,Operating costs,"Total, operating costs",dollars per hundredweight sold,No specific size,U.S. total,United States,2021,14.94,Base survey of 2021,annual,dollars per hundredweight sold
Milk,Operating costs,"Total, operating costs",dollars per hundredweight sold,No specific size,U.S. total,United States,2022,18.56,Base survey of 2021,annual,dollars per hundredweight sold
Milk,Operating costs,"Total, operating costs",dollars per hundredweight sold,No specific size,U.S. total,United States,2023,17.57,Base survey of 2021,annual,dollars per hundredweight sold
Milk,Operating costs,"Total, operating costs",dollars per hundredweight sold,No specific size,U.S. total,United States,2024,14.24,Base survey of 2021,annual,dollars per hundredweight sold
Milk,Operating costs,"Total, operating costs",dollars per hundredweight sold,No specific size,California,United States,2021,14.26,Base survey of 2021,annual,dollars per hundredweight sold
Milk,Operating costs,"Total, operating costs",dollars per hundredweight sold,No specific size,California,United States,2022,17.75,Base survey of 2021,annual,dollars per hundredweight sold
Milk,Operating costs,"Total, operating costs",dollars per hundredweight sold,No specific size,California,United States,2023,16.57,Base survey of 2021,annual,dollars per hundredweight sold
Milk,Operating costs,"Total, operating costs",dollars per hundredweight sold,No specific size,California,United States,2024,13.16,Base survey of 2021,annual,dollars per hundredweight sold
Milk,Operating costs,"Total, operating costs",dollars per hundredweight sold,No specific size,Indiana,United States,2021,17.6,Base survey of 2021,annual,dollars per hundredweight sold
Milk,Operating costs,"Total, operating costs",dollars per hundredweight sold,No specific size,Indiana,United States,2022,21.83,Base survey of 2021,annual,dollars per hundredweight sold
Milk,Operating costs,"Total, operating costs",dollars per hundredweight sold,No specific size,Indiana,United States,2023,20.98,Base survey of 2021,annual,dollars per hundredweight sold
Milk,Operating costs,"Total, operating costs",dollars per hundredweight sold,No specific size,Indiana,United States,2024,17.35,Base survey of 2021,annual,dollars per hundredweight sold
Milk,Operating costs,"Total, operating costs",dollars per hundredweight sold,No specific size,Iowa,United States,2021,12.5,Base survey of 2021,annual,dollars per hundredweight sold
Milk,Operating costs,"Total, operating costs",dollars per hundredweight sold,No specific size,Iowa,United States,2022,15.54,Base survey of 2021,annual,dollars per hundredweight sold
Milk,Operating costs,"Total, operating costs",dollars per hundredweight sold,No specific size,Iowa,United States,2023,14.76,Base survey of 2021,annual,dollars per hundredweight sold
Milk,Operating costs,"Total, operating costs",dollars per hundredweight sold,No specific size,Iowa,United States,2024,12.12,Base survey of 2021,annual,dollars per hundredweight sold
Milk,Operating costs,"Total, operating costs",dollars per hundredweight sold,No specific size,Kentucky,United States,2021,13.28,Base survey of 2021,annual,dollars per hundredweight sold
Milk,Operating costs,"Total, operating costs",dollars per hundredweight sold,No specific size,Kentucky,United States,2022,16.48,Base survey of 2021,annual,dollars per hundredweight sold
Milk,Operating costs,"Total, operating costs",dollars per hundredweight sold,No specific size,Kentucky,United States,2023,15.8,Base survey of 2021,annual,dollars per hundredweight sold
Milk,Operating costs,"Total, operating costs",dollars per hundredweight sold,No specific size,Kentucky,United States,2024,12.92,Base survey of 2021,annual,dollars per hundredweight sold
Milk,Operating costs,"Total, operating costs",dollars per hundredweight sold,No specific size,Michigan,United States,2021,18.28,Base survey of 2021,annual,dollars per hundredweight sold
Milk,Operating costs,"Total, operating costs",dollars per hundredweight sold,No specific size,Michigan,United States,2022,22.69,Base survey of 2021,annual,dollars per hundredweight sold
Milk,Operating costs,"Total, operating costs",dollars per hundredweight sold,No specific size,Michigan,United States,2023,21.94,Base survey of 2021,annual,dollars per hundredweight sold
Milk,Operating costs,"Total, operating costs",dollars per hundredweight sold,No specific size,Michigan,United States,2024,18.18,Base survey of 2021,annual,dollars per hundredweight sold
Milk,Operating costs,"Total, operating costs",dollars per hundredweight sold,No specific size,Minnesota,United States,2021,14.2,Base survey of 2021,annual,dollars per hundredweight sold
Milk,Operating costs,"Total, operating costs",dollars per hundredweight sold,No specific size,Minnesota,United States,2022,17.61,Base survey of 2021,annual,dollars per hundredweight sold
Milk,Operating costs,"Total, operating costs",dollars per hundredweight sold,No specific size,Minnesota,United States,2023,16.85,Base survey of 2021,annual,dollars per hundredweight sold
Milk,Operating costs,"Total, operating costs",dollars per hundredweight sold,No specific size,Minnesota,United States,2024,13.96,Base survey of 2021,annual,dollars per hundredweight sold
Milk,Operating costs,"Total, operating costs",dollars per hundredweight sold,No specific size,New York,United States,2021,14.9,Base survey of 2021,annual,dollars per hundredweight sold
Milk,Operating costs,"Total, operating costs",dollars per hundredweight sold,No specific size,New York,United States,2022,18.47,Base survey of 2021,annual,dollars per hundredweight sold
Milk,Operating costs,"Total, operating costs",dollars per hundredweight sold,No specific size,New York,United States,2023,17.7,Base survey of 2021,annual,dollars per hundredweight sold
Milk,Operating costs,"Total, operating costs",dollars per hundredweight sold,No specific size,New York,United States,2024,14.69,Base survey of 2021,annual,dollars per hundredweight sold
Milk,Operating costs,"Total, operating costs",dollars per hundredweight sold,No specific size,Ohio,United States,2021,14.74,Base survey of 2021,annual,dollars per hundredweight sold
Milk,Operating costs,"Total, operating costs",dollars per hundredweight sold,No specific size,Ohio,United States,2022,18.3,Base survey of 2021,annual,dollars per hundredweight sold
Milk,Operating costs,"Total, operating costs",dollars per hundredweight sold,No specific size,Ohio,United States,2023,17.51,Base survey of 2021,annual,dollars per hundredweight sold
Milk,Operating costs,"Total, operating costs",dollars per hundredweight sold,No specific size,Ohio,United States,2024,14.48,Base survey of 2021,annual,dollars per hundredweight sold
Milk,Operating costs,"Total, operating costs",dollars per hundredweight sold,No specific size,Pennsylvania,United States,2021,16.91,Base survey of 2021,annual,dollars per hundredweight sold
Milk,Operating costs,"Total, operating costs",dollars per hundredweight sold,No specific size,Pennsylvania,United States,2022,20.94,Base survey of 2021,annual,dollars per hundredweight sold
Milk,Operating costs,"Total, operating costs",dollars per hundredweight sold,No specific size,Pennsylvania,United States,2023,20.33,Base survey of 2021,annual,dollars per hundredweight sold
Milk,Operating costs,"Total, operating costs",dollars per hundredweight sold,No specific size,Pennsylvania,United States,2024,16.94,Base survey of 2021,annual,dollars per hundredweight sold
Milk,Operating costs,"Total, operating costs",dollars per hundredweight sold,No specific size,Wisconsin,United States,2021,14.49,Base survey of 2021,annual,dollars per hundredweight sold
Milk,Operating costs,"Total, operating costs",dollars per hundredweight sold,No specific size,Wisconsin,United States,2022,17.93,Base survey of 2021,annual,dollars per hundredweight sold
Milk,Operating costs,"Total, operating costs",dollars per hundredweight sold,No specific size,Wisconsin,United States,2023,17.14,Base survey of 2021,annual,dollars per hundredweight sold
Milk,Operating costs,"Total, operating costs",dollars per hundredweight sold,No specific size,Wisconsin,United States,2024,14.14,Base survey of 2021,annual,dollars per hundredweight sold
Milk,Allocated overhead,Hired labor,dollars per hundredweight sold,No specific size,U.S. total,United States,2021,1.94,Base survey of 2021,annual,dollars per hundredweight sold
Milk,Allocated overhead,Hired labor,dollars per hundredweight sold,No specific size,U.S. total,United States,2022,2.11,Base survey of 2021,annual,dollars per hundredweight sold
Milk,Allocated overhead,Hired labor,dollars per hundredweight sold,No specific size,U.S. total,United States,2023,2.23,Base survey of 2021,annual,dollars per hundredweight sold
Milk,Allocated overhead,Hired labor,dollars per hundredweight sold,No specific size,U.S. total,United States,2024,2.27,Base survey of 2021,annual,dollars per hundredweight sold
Milk,Allocated overhead,Hired labor,dollars per hundredweight sold,No specific size,California,United States,2021,1.96,Base survey of 2021,annual,dollars per hundredweight sold
Milk,Allocated overhead,Hired labor,dollars per hundredweight sold,No specific size,California,United States,2022,2.09,Base survey of 2021,annual,dollars per hundredweight sold
Milk,Allocated overhead,Hired labor,dollars per hundredweight sold,No specific size,California,United States,2023,2.22,Base survey of 2021,annual,dollars per hundredweight sold
Milk,Allocated overhead,Hired labor,dollars per hundredweight sold,No specific size,California,United States,2024,2.23,Base survey of 2021,annual,dollars per hundredweight sold
Milk,Allocated overhead,Hired labor,dollars per hundredweight sold,No specific size,Indiana,United States,2021,1.42,Base survey of 2021,annual,dollars per hundredweight sold
Milk,Allocated overhead,Hired labor,dollars per hundredweight sold,No specific size,Indiana,United States,2022,1.53,Base survey of 2021,annual,dollars per hundredweight sold
Milk,Allocated overhead,Hired labor,dollars per hundredweight sold,No specific size,Indiana,United States,2023,1.61,Base survey of 2021,annual,dollars per hundredweight sold
Milk,Allocated overhead,Hired labor,dollars per hundredweight sold,No specific size,Indiana,United States,2024,1.75,Base survey of 2021,annual,dollars per hundredweight sold
Milk,Allocated overhead,Hired labor,dollars per hundredweight sold,No specific size,Iowa,United States,2021,1.1,Base survey of 2021,annual,dollars per hundredweight sold
Milk,Allocated overhead,Hired labor,dollars per hundredweight sold,No specific size,Iowa,United States,2022,1.2,Base survey of 2021,annual,dollars per hundredweight sold
Milk,Allocated overhead,Hired labor,dollars per hundredweight sold,No specific size,Iowa,United States,2023,1.21,Base survey of 2021,annual,dollars per hundredweight sold
Milk,Allocated overhead,Hired labor,dollars per hundredweight sold,No specific size,Iowa,United States,2024,1.27,Base survey of 2021,annual,dollars per hundredweight sold
Milk,Allocated overhead,Hired labor,dollars per hundredweight sold,No specific size,Kentucky,United States,2021,0.85,Base survey of 2021,annual,dollars per hundredweight sold
Milk,Allocated overhead,Hired labor,dollars per hundredweight sold,No specific size,Kentucky,United States,2022,0.88,Base survey of 2021,annual,dollars per hundredweight sold
Milk,Allocated overhead,Hired labor,dollars per hundredweight sold,No specific size,Kentucky,United States,2023,0.93,Base survey of 2021,annual,dollars per hundredweight sold
Milk,Allocated overhead,Hired labor,dollars per hundredweight sold,No specific size,Kentucky,United States,2024,0.97,Base survey of 2021,annual,dollars per hundredweight sold
Milk,Allocated overhead,Hired labor,dollars per hundredweight sold,No specific size,Michigan,United States,2021,3.14,Base survey of 2021,annual,dollars per hundredweight sold
Milk,Allocated overhead,Hired labor,dollars per hundredweight sold,No specific size,Michigan,United States,2022,3.54,Base survey of 2021,annual,dollars per hundredweight sold
Milk,Allocated overhead,Hired labor,dollars per hundredweight sold,No specific size,Michigan,United States,2023,3.8,Base survey of 2021,annual,dollars per hundredweight sold
Milk,Allocated overhead,Hired labor,dollars per hundredweight sold,No specific size,Michigan,United States,2024,3.73,Base survey of 2021,annual,dollars per hundredweight sold
Milk,Allocated overhead,Hired labor,dollars per hundredweight sold,No specific size,Minnesota,United States,2021,2.21,Base survey of 2021,annual,dollars per hundredweight sold
Milk,Allocated overhead,Hired labor,dollars per hundredweight sold,No specific size,Minnesota,United States,2022,2.5,Base survey of 2021,annual,dollars per hundredweight sold
Milk,Allocated overhead,Hired labor,dollars per hundredweight sold,No specific size,Minnesota,United States,2023,2.68,Base survey of 2021,annual,dollars per hundredweight sold
Milk,Allocated overhead,Hired labor,dollars per hundredweight sold,No specific size,Minnesota,United States,2024,2.62,Base survey of 2021,annual,dollars per hundredweight sold
Milk,Allocated overhead,Hired labor,dollars per hundredweight sold,No specific size,New York,United States,2021,2.35,Base survey of 2021,annual,dollars per hundredweight sold
Milk,Allocated overhead,Hired labor,dollars per hundredweight sold,No specific size,New York,United States,2022,2.53,Base survey of 2021,annual,dollars per hundredweight sold
Milk,Allocated overhead,Hired labor,dollars per hundredweight sold,No specific size,New York,United States,2023,2.64,Base survey of 2021,annual,dollars per hundredweight sold
Milk,Allocated overhead,Hired labor,dollars per hundredweight sold,No specific size,New York,United States,2024,2.81,Base survey of 2021,annual,dollars per hundredweight sold
Milk,Allocated overhead,Hired labor,dollars per hundredweight sold,No specific size,Ohio,United States,2021,1.51,Base survey of 2021,annual,dollars per hundredweight sold
Milk,Allocated overhead,Hired labor,dollars per hundredweight sold,No specific size,Ohio,United States,2022,1.62,Base survey of 2021,annual,dollars per hundredweight sold
Milk,Allocated overhead,Hired labor,dollars per hundredweight sold,No specific size,Ohio,United States,2023,1.72,Base survey of 2021,annual,dollars per hundredweight sold
Milk,Allocated overhead,Hired labor,dollars per hundredweight sold,No specific size,Ohio,United States,2024,1.86,Base survey of 2021,annual,dollars per hundredweight sold
Milk,Allocated overhead,Hired labor,dollars per hundredweight sold,No specific size,Pennsylvania,United States,2021,1.06,Base survey of 2021,annual,dollars per hundredweight sold
Milk,Allocated overhead,Hired labor,dollars per hundredweight sold,No specific size,Pennsylvania,United States,2022,1.14,Base survey of 2021,annual,dollars per hundredweight sold
Milk,Allocated overhead,Hired labor,dollars per hundredweight sold,No specific size,Pennsylvania,United States,2023,1.18,Base survey of 2021,annual,dollars per hundredweight sold
Milk,Allocated overhead,Hired labor,dollars per hundredweight sold,No specific size,Pennsylvania,United States,2024,1.24,Base survey of 2021,annual,dollars per hundredweight sold
Milk,Allocated overhead,Hired labor,dollars per hundredweight sold,No specific size,Wisconsin,United States,2021,1.89,Base survey of 2021,annual,dollars per hundredweight sold
Milk,Allocated overhead,Hired labor,dollars per hundredweight sold,No specific size,Wisconsin,United States,2022,2.14,Base survey of 2021,annual,dollars per hundredweight sold
Milk,Allocated overhead,Hired labor,dollars per hundredweight sold,No specific size,Wisconsin,United States,2023,2.29,Base survey of 2021,annual,dollars per hundredweight sold
Milk,Allocated overhead,Hired labor,dollars per hundredweight sold,No specific size,Wisconsin,United States,2024,2.25,Base survey of 2021,annual,dollars per hundredweight sold
Milk,Allocated overhead,Opportunity cost of unpaid labor,dollars per hundredweight sold,No specific size,U.S. total,United States,2021,1.34,Base survey of 2021,annual,dollars per hundredweight sold
Milk,Allocated overhead,Opportunity cost of unpaid labor,dollars per hundredweight sold,No specific size,U.S. total,United States,2022,1.43,Base survey of 2021,annual,dollars per hundredweight sold
Milk,Allocated overhead,Opportunity cost of unpaid labor,dollars per hundredweight sold,No specific size,U.S. total,United States,2023,1.5,Base survey of 2021,annual,dollars per hundredweight sold
Milk,Allocated overhead,Opportunity cost of unpaid labor,dollars per hundredweight sold,No specific size,U.S. total,United States,2024,1.58,Base survey of 2021,annual,dollars per hundredweight sold
Milk,Allocated overhead,Opportunity cost of unpaid labor,dollars per hundredweight sold,No specific size,California,United States,2021,0.26,Base survey of 2021,annual,dollars per hundredweight sold
Milk,Allocated overhead,Opportunity cost of unpaid labor,dollars per hundredweight sold,No specific size,California,United States,2022,0.27,Base survey of 2021,annual,dollars per hundredweight sold
Milk,Allocated overhead,Opportunity cost of unpaid labor,dollars per hundredweight sold,No specific size,California,United States,2023,0.29,Base survey of 2021,annual,dollars per hundredweight sold
Milk,Allocated overhead,Opportunity cost of unpaid labor,dollars per hundredweight sold,No specific size,California,United States,2024,0.31,Base survey of 2021,annual,dollars per hundredweight sold
Milk,Allocated overhead,Opportunity cost of unpaid labor,dollars per hundredweight sold,No specific size,Indiana,United States,2021,6.48,Base survey of 2021,annual,dollars per hundredweight sold
Milk,Allocated overhead,Opportunity cost of unpaid labor,dollars per hundredweight sold,No specific size,Indiana,United States,2022,7.06,Base survey of 2021,annual,dollars per hundredweight sold
Milk,Allocated overhead,Opportunity cost of unpaid labor,dollars per hundredweight sold,No specific size,Indiana,United States,2023,7.44,Base survey of 2021,annual,dollars per hundredweight sold
Milk,Allocated overhead,Opportunity cost of unpaid labor,dollars per hundredweight sold,No specific size,Indiana,United States,2024,7.84,Base survey of 2021,annual,dollars per hundredweight sold
Milk,Allocated overhead,Opportunity cost of unpaid labor,dollars per hundredweight sold,No specific size,Iowa,United States,2021,2.32,Base survey of 2021,annual,dollars per hundredweight sold
Milk,Allocated overhead,Opportunity cost of unpaid labor,dollars per hundredweight sold,No specific size,Iowa,United States,2022,2.49,Base survey of 2021,annual,dollars per hundredweight sold
Milk,Allocated overhead,Opportunity cost of unpaid labor,dollars per hundredweight sold,No specific size,Iowa,United States,2023,2.57,Base survey of 2021,annual,dollars per hundredweight sold
Milk,Allocated overhead,Opportunity cost of unpaid labor,dollars per hundredweight sold,No specific size,Iowa,United States,2024,2.58,Base survey of 2021,annual,dollars per hundredweight sold
Milk,Allocated overhead,Opportunity cost of unpaid labor,dollars per hundredweight sold,No specific size,Kentucky,United States,2021,3.57,Base survey of 2021,annual,dollars per hundredweight sold
Milk,Allocated overhead,Opportunity cost of unpaid labor,dollars per hundredweight sold,No specific size,Kentucky,United States,2022,3.64,Base survey of 2021,annual,dollars per hundredweight sold
Milk,Allocated overhead,Opportunity cost of unpaid labor,dollars per hundredweight sold,No specific size,Kentucky,United States,2023,3.67,Base survey of 2021,annual,dollars per hundredweight sold
Milk,Allocated overhead,Opportunity cost of unpaid labor,dollars per hundredweight sold,No specific size,Kentucky,United States,2024,3.92,Base survey of 2021,annual,dollars per hundredweight sold
Milk,Allocated overhead,Opportunity cost of unpaid labor,dollars per hundredweight sold,No specific size,Michigan,United States,2021,2.87,Base survey of 2021,annual,dollars per hundredweight sold
Milk,Allocated overhead,Opportunity cost of unpaid labor,dollars per hundredweight sold,No specific size,Michigan,United States,2022,3.07,Base survey of 2021,annual,dollars per hundredweight sold
Milk,Allocated overhead,Opportunity cost of unpaid labor,dollars per hundredweight sold,No specific size,Michigan,United States,2023,3.22,Base survey of 2021,annual,dollars per hundredweight sold
Milk,Allocated overhead,Opportunity cost of unpaid labor,dollars per hundredweight sold,No specific size,Michigan,United States,2024,3.42,Base survey of 2021,annual,dollars per hundredweight sold
Milk,Allocated overhead,Opportunity cost of unpaid labor,dollars per hundredweight sold,No specific size,Minnesota,United States,2021,2.49,Base survey of 2021,annual,dollars per hundredweight sold
Milk,Allocated overhead,Opportunity cost of unpaid labor,dollars per hundredweight sold,No specific size,Minnesota,United States,2022,2.62,Base survey of 2021,annual,dollars per hundredweight sold
Milk,Allocated overhead,Opportunity cost of unpaid labor,dollars per hundredweight sold,No specific size,Minnesota,United States,2023,2.76,Base survey of 2021,annual,dollars per hundredweight sold
Milk,Allocated overhead,Opportunity cost of unpaid labor,dollars per hundredweight sold,No specific size,Minnesota,United States,2024,2.86,Base survey of 2021,annual,dollars per hundredweight sold
Milk,Allocated overhead,Opportunity cost of unpaid labor,dollars per hundredweight sold,No specific size,New York,United States,2021,1.56,Base survey of 2021,annual,dollars per hundredweight sold
Milk,Allocated overhead,Opportunity cost of unpaid labor,dollars per hundredweight sold,No specific size,New York,United States,2022,1.61,Base survey of 2021,annual,dollars per hundredweight sold
Milk,Allocated overhead,Opportunity cost of unpaid labor,dollars per hundredweight sold,No specific size,New York,United States,2023,1.64,Base survey of 2021,annual,dollars per hundredweight sold
Milk,Allocated overhead,Opportunity cost of unpaid labor,dollars per hundredweight sold,No specific size,New York,United States,2024,1.78,Base survey of 2021,annual,dollars per hundredweight sold
Milk,Allocated overhead,Opportunity cost of unpaid labor,dollars per hundredweight sold,No specific size,Ohio,United States,2021,2.81,Base survey of 2021,annual,dollars per hundredweight sold
Milk,Allocated overhead,Opportunity cost of unpaid labor,dollars per hundredweight sold,No specific size,Ohio,United States,2022,3.01,Base survey of 2021,annual,dollars per hundredweight sold
Milk,Allocated overhead,Opportunity cost of unpaid labor,dollars per hundredweight sold,No specific size,Ohio,United States,2023,3.17,Base survey of 2021,annual,dollars per hundredweight sold
Milk,Allocated overhead,Opportunity cost of unpaid labor,dollars per hundredweight sold,No specific size,Ohio,United States,2024,3.3,Base survey of 2021,annual,dollars per hundredweight sold
Milk,Allocated overhead,Opportunity cost of unpaid labor,dollars per hundredweight sold,No specific size,Pennsylvania,United States,2021,3.02,Base survey of 2021,annual,dollars per hundredweight sold
Milk,Allocated overhead,Opportunity cost of unpaid labor,dollars per hundredweight sold,No specific size,Pennsylvania,United States,2022,3.19,Base survey of 2021,annual,dollars per hundredweight sold
Milk,Allocated overhead,Opportunity cost of unpaid labor,dollars per hundredweight sold,No specific size,Pennsylvania,United States,2023,3.33,Base survey of 2021,annual,dollars per hundredweight sold
Milk,Allocated overhead,Opportunity cost of unpaid labor,dollars per hundredweight sold,No specific size,Pennsylvania,United States,2024,3.42,Base survey of 2021,annual,dollars per hundredweight sold
Milk,Allocated overhead,Opportunity cost of unpaid labor,dollars per hundredweight sold,No specific size,Wisconsin,United States,2021,1.92,Base survey of 2021,annual,dollars per hundredweight sold
Milk,Allocated overhead,Opportunity cost of unpaid labor,dollars per hundredweight sold,No specific size,Wisconsin,United States,2022,2.05,Base survey of 2021,annual,dollars per hundredweight sold
Milk,Allocated overhead,Opportunity cost of unpaid labor,dollars per hundredweight sold,No specific size,Wisconsin,United States,2023,2.16,Base survey of 2021,annual,dollars per hundredweight sold
Milk,Allocated overhead,Opportunity cost of unpaid labor,dollars per hundredweight sold,No specific size,Wisconsin,United States,2024,2.28,Base survey of 2021,annual,dollars per hundredweight sold
Milk,Allocated overhead,Capital recovery of machinery and equipment  ,dollars per hundredweight sold,No specific size,U.S. total,United States,2021,4.0,Base survey of 2021,annual,dollars per hundredweight sold
Milk,Allocated overhead,Capital recovery of machinery and equipment  ,dollars per hundredweight sold,No specific size,U.S. total,United States,2022,4.43,Base survey of 2021,annual,dollars per hundredweight sold
Milk,Allocated overhead,Capital recovery of machinery and equipment  ,dollars per hundredweight sold,No specific size,U.S. total,United States,2023,4.59,Base survey of 2021,annual,dollars per hundredweight sold
Milk,Allocated overhead,Capital recovery of machinery and equipment  ,dollars per hundredweight sold,No specific size,U.S. total,United States,2024,4.71,Base survey of 2021,annual,dollars per hundredweight sold
Milk,Allocated overhead,Capital recovery of machinery and equipment  ,dollars per hundredweight sold,No specific size,California,United States,2021,2.31,Base survey of 2021,annual,dollars per hundredweight sold
Milk,Allocated overhead,Capital recovery of machinery and equipment  ,dollars per hundredweight sold,No specific size,California,United States,2022,2.55,Base survey of 2021,annual,dollars per hundredweight sold
Milk,Allocated overhead,Capital recovery of machinery and equipment  ,dollars per hundredweight sold,No specific size,California,United States,2023,2.65,Base survey of 2021,annual,dollars per hundredweight sold
Milk,Allocated overhead,Capital recovery of machinery and equipment  ,dollars per hundredweight sold,No specific size,California,United States,2024,2.72,Base survey of 2021,annual,dollars per hundredweight sold
Milk,Allocated overhead,Capital recovery of machinery and equipment  ,dollars per hundredweight sold,No specific size,Indiana,United States,2021,4.87,Base survey of 2021,annual,dollars per hundredweight sold
Milk,Allocated overhead,Capital recovery of machinery and equipment  ,dollars per hundredweight sold,No specific size,Indiana,United States,2022,5.39,Base survey of 2021,annual,dollars per hundredweight sold
Milk,Allocated overhead,Capital recovery of machinery and equipment  ,dollars per hundredweight sold,No specific size,Indiana,United States,2023,5.58,Base survey of 2021,annual,dollars per hundredweight sold
Milk,Allocated overhead,Capital recovery of machinery and equipment  ,dollars per hundredweight sold,No specific size,Indiana,United States,2024,5.73,Base survey of 2021,annual,dollars per hundredweight sold
Milk,Allocated overhead,Capital recovery of machinery and equipment  ,dollars per hundredweight sold,No specific size,Iowa,United States,2021,4.14,Base survey of 2021,annual,dollars per hundredweight sold
Milk,Allocated overhead,Capital recovery of machinery and equipment  ,dollars per hundredweight sold,No specific size,Iowa,United States,2022,4.58,Base survey of 2021,annual,dollars per hundredweight sold
Milk,Allocated overhead,Capital recovery of machinery and equipment  ,dollars per hundredweight sold,No specific size,Iowa,United States,2023,4.75,Base survey of 2021,annual,dollars per hundredweight sold
Milk,Allocated overhead,Capital recovery of machinery and equipment  ,dollars per hundredweight sold,No specific size,Iowa,United States,2024,4.88,Base survey of 2021,annual,dollars per hundredweight sold
Milk,Allocated overhead,Capital recovery of machinery and equipment  ,dollars per hundredweight sold,No specific size,Kentucky,United States,2021,7.44,Base survey of 2021,annual,dollars per hundredweight sold
Milk,Allocated overhead,Capital recovery of machinery and equipment  ,dollars per hundredweight sold,No specific size,Kentucky,United States,2022,8.24,Base survey of 2021,annual,dollars per hundredweight sold
Milk,Allocated overhead,Capital recovery of machinery and equipment  ,dollars per hundredweight sold,No specific size,Kentucky,United States,2023,8.54,Base survey of 2021,annual,dollars per hundredweight sold
Milk,Allocated overhead,Capital recovery of machinery and equipment  ,dollars per hundredweight sold,No specific size,Kentucky,United States,2024,8.76,Base survey of 2021,annual,dollars per hundredweight sold
Milk,Allocated overhead,Capital recovery of machinery and equipment  ,dollars per hundredweight sold,No specific size,Michigan,United States,2021,5.65,Base survey of 2021,annual,dollars per hundredweight sold
Milk,Allocated overhead,Capital recovery of machinery and equipment  ,dollars per hundredweight sold,No specific size,Michigan,United States,2022,6.25,Base survey of 2021,annual,dollars per hundredweight sold
Milk,Allocated overhead,Capital recovery of machinery and equipment  ,dollars per hundredweight sold,No specific size,Michigan,United States,2023,6.48,Base survey of 2021,annual,dollars per hundredweight sold
Milk,Allocated overhead,Capital recovery of machinery and equipment  ,dollars per hundredweight sold,No specific size,Michigan,United States,2024,6.65,Base survey of 2021,annual,dollars per hundredweight sold
Milk,Allocated overhead,Capital recovery of machinery and equipment  ,dollars per hundredweight sold,No specific size,Minnesota,United States,2021,4.42,Base survey of 2021,annual,dollars per hundredweight sold
Milk,Allocated overhead,Capital recovery of machinery and equipment  ,dollars per hundredweight sold,No specific size,Minnesota,United States,2022,4.89,Base survey of 2021,annual,dollars per hundredweight sold
Milk,Allocated overhead,Capital recovery of machinery and equipment  ,dollars per hundredweight sold,No specific size,Minnesota,United States,2023,5.07,Base survey of 2021,annual,dollars per hundredweight sold
Milk,Allocated overhead,Capital recovery of machinery and equipment  ,dollars per hundredweight sold,No specific size,Minnesota,United States,2024,5.21,Base survey of 2021,annual,dollars per hundredweight sold
Milk,Allocated overhead,Capital recovery of machinery and equipment  ,dollars per hundredweight sold,No specific size,New York,United States,2021,7.15,Base survey of 2021,annual,dollars per hundredweight sold
Milk,Allocated overhead,Capital recovery of machinery and equipment  ,dollars per hundredweight sold,No specific size,New York,United States,2022,7.9,Base survey of 2021,annual,dollars per hundredweight sold
Milk,Allocated overhead,Capital recovery of machinery and equipment  ,dollars per hundredweight sold,No specific size,New York,United States,2023,8.19,Base survey of 2021,annual,dollars per hundredweight sold
Milk,Allocated overhead,Capital recovery of machinery and equipment  ,dollars per hundredweight sold,No specific size,New York,United States,2024,8.41,Base survey of 2021,annual,dollars per hundredweight sold
Milk,Allocated overhead,Capital recovery of machinery and equipment  ,dollars per hundredweight sold,No specific size,Ohio,United States,2021,4.53,Base survey of 2021,annual,dollars per hundredweight sold
Milk,Allocated overhead,Capital recovery of machinery and equipment  ,dollars per hundredweight sold,No specific size,Ohio,United States,2022,5.01,Base survey of 2021,annual,dollars per hundredweight sold
Milk,Allocated overhead,Capital recovery of machinery and equipment  ,dollars per hundredweight sold,No specific size,Ohio,United States,2023,5.19,Base survey of 2021,annual,dollars per hundredweight sold
Milk,Allocated overhead,Capital recovery of machinery and equipment  ,dollars per hundredweight sold,No specific size,Ohio,United States,2024,5.33,Base survey of 2021,annual,dollars per hundredweight sold
Milk,Allocated overhead,Capital recovery of machinery and equipment  ,dollars per hundredweight sold,No specific size,Pennsylvania,United States,2021,9.15,Base survey of 2021,annual,dollars per hundredweight sold
Milk,Allocated overhead,Capital recovery of machinery and equipment  ,dollars per hundredweight sold,No specific size,Pennsylvania,United States,2022,10.12,Base survey of 2021,annual,dollars per hundredweight sold
Milk,Allocated overhead,Capital recovery of machinery and equipment  ,dollars per hundredweight sold,No specific size,Pennsylvania,United States,2023,10.49,Base survey of 2021,annual,dollars per hundredweight sold
Milk,Allocated overhead,Capital recovery of machinery and equipment  ,dollars per hundredweight sold,No specific size,Pennsylvania,United States,2024,10.77,Base survey of 2021,annual,dollars per hundredweight sold
Milk,Allocated overhead,Capital recovery of machinery and equipment  ,dollars per hundredweight sold,No specific size,Wisconsin,United States,2021,3.9,Base survey of 2021,annual,dollars per hundredweight sold
Milk,Allocated overhead,Capital recovery of machinery and equipment  ,dollars per hundredweight sold,No specific size,Wisconsin,United States,2022,4.32,Base survey of 2021,annual,dollars per hundredweight sold
Milk,Allocated overhead,Capital recovery of machinery and equipment  ,dollars per hundredweight sold,No specific size,Wisconsin,United States,2023,4.47,Base survey of 2021,annual,dollars per hundredweight sold
Milk,Allocated overhead,Capital recovery of machinery and equipment  ,dollars per hundredweight sold,No specific size,Wisconsin,United States,2024,4.59,Base survey of 2021,annual,dollars per hundredweight sold
Milk,Allocated overhead,Opportunity cost of land,dollars per hundredweight sold,No specific size,U.S. total,United States,2021,0.02,Base survey of 2021,annual,dollars per hundredweight sold
Milk,Allocated overhead,Opportunity cost of land,dollars per hundredweight sold,No specific size,U.S. total,United States,2022,0.02,Base survey of 2021,annual,dollars per hundredweight sold
Milk,Allocated overhead,Opportunity cost of land,dollars per hundredweight sold,No specific size,U.S. total,United States,2023,0.03,Base survey of 2021,annual,dollars per hundredweight sold
Milk,Allocated overhead,Opportunity cost of land,dollars per hundredweight sold,No specific size,U.S. total,United States,2024,0.03,Base survey of 2021,annual,dollars per hundredweight sold
Milk,Allocated overhead,Opportunity cost of land,dollars per hundredweight sold,No specific size,California,United States,2021,0.01,Base survey of 2021,annual,dollars per hundredweight sold
Milk,Allocated overhead,Opportunity cost of land,dollars per hundredweight sold,No specific size,California,United States,2022,0.01,Base survey of 2021,annual,dollars per hundredweight sold
Milk,Allocated overhead,Opportunity cost of land,dollars per hundredweight sold,No specific size,California,United States,2023,0.01,Base survey of 2021,annual,dollars per hundredweight sold
Milk,Allocated overhead,Opportunity cost of land,dollars per hundredweight sold,No specific size,California,United States,2024,0.01,Base survey of 2021,annual,dollars per hundredweight sold
Milk,Allocated overhead,Opportunity cost of land,dollars per hundredweight sold,No specific size,Indiana,United States,2021,0.09,Base survey of 2021,annual,dollars per hundredweight sold
Milk,Allocated overhead,Opportunity cost of land,dollars per hundredweight sold,No specific size,Indiana,United States,2022,0.09,Base survey of 2021,annual,dollars per hundredweight sold
Milk,Allocated overhead,Opportunity cost of land,dollars per hundredweight sold,No specific size,Indiana,United States,2023,0.1,Base survey of 2021,annual,dollars per hundredweight sold
Milk,Allocated overhead,Opportunity cost of land,dollars per hundredweight sold,No specific size,Indiana,United States,2024,0.1,Base survey of 2021,annual,dollars per hundredweight sold
Milk,Allocated overhead,Opportunity cost of land,dollars per hundredweight sold,No specific size,Iowa,United States,2021,0.08,Base survey of 2021,annual,dollars per hundredweight sold
Milk,Allocated overhead,Opportunity cost of land,dollars per hundredweight sold,No specific size,Iowa,United States,2022,0.08,Base survey of 2021,annual,dollars per hundredweight sold
Milk,Allocated overhead,Opportunity cost of land,dollars per hundredweight sold,No specific size,Iowa,United States,2023,0.08,Base survey of 2021,annual,dollars per hundredweight sold
Milk,Allocated overhead,Opportunity cost of land,dollars per hundredweight sold,No specific size,Iowa,United States,2024,0.09,Base survey of 2021,annual,dollars per hundredweight sold
Milk,Allocated overhead,Opportunity cost of land,dollars per hundredweight sold,No specific size,Kentucky,United States,2021,0.06,Base survey of 2021,annual,dollars per hundredweight sold
Milk,Allocated overhead,Opportunity cost of land,dollars per hundredweight sold,No specific size,Kentucky,United States,2022,0.07,Base survey of 2021,annual,dollars per hundredweight sold
Milk,Allocated overhead,Opportunity cost of land,dollars per hundredweight sold,No specific size,Kentucky,United States,2023,0.07,Base survey of 2021,annual,dollars per hundredweight sold
Milk,Allocated overhead,Opportunity cost of land,dollars per hundredweight sold,No specific size,Kentucky,United States,2024,0.08,Base survey of 2021,annual,dollars per hundredweight sold
Milk,Allocated overhead,Opportunity cost of land,dollars per hundredweight sold,No specific size,Michigan,United States,2021,0.02,Base survey of 2021,annual,dollars per hundredweight sold
Milk,Allocated overhead,Opportunity cost of land,dollars per hundredweight sold,No specific size,Michigan,United States,2022,0.02,Base survey of 2021,annual,dollars per hundredweight sold
Milk,Allocated overhead,Opportunity cost of land,dollars per hundredweight sold,No specific size,Michigan,United States,2023,0.02,Base survey of 2021,annual,dollars per hundredweight sold
Milk,Allocated overhead,Opportunity cost of land,dollars per hundredweight sold,No specific size,Michigan,United States,2024,0.02,Base survey of 2021,annual,dollars per hundredweight sold
Milk,Allocated overhead,Opportunity cost of land,dollars per hundredweight sold,No specific size,Minnesota,United States,2021,0.04,Base survey of 2021,annual,dollars per hundredweight sold
Milk,Allocated overhead,Opportunity cost of land,dollars per hundredweight sold,No specific size,Minnesota,United States,2022,0.05,Base survey of 2021,annual,dollars per hundredweight sold
Milk,Allocated overhead,Opportunity cost of land,dollars per hundredweight sold,No specific size,Minnesota,United States,2023,0.05,Base survey of 2021,annual,dollars per hundredweight sold
Milk,Allocated overhead,Opportunity cost of land,dollars per hundredweight sold,No specific size,Minnesota,United States,2024,0.05,Base survey of 2021,annual,dollars per hundredweight sold
Milk,Allocated overhead,Opportunity cost of land,dollars per hundredweight sold,No specific size,New York,United States,2021,0.03,Base survey of 2021,annual,dollars per hundredweight sold
Milk,Allocated overhead,Opportunity cost of land,dollars per hundredweight sold,No specific size,New York,United States,2022,0.03,Base survey of 2021,annual,dollars per hundredweight sold
Milk,Allocated overhead,Opportunity cost of land,dollars per hundredweight sold,No specific size,New York,United States,2023,0.03,Base survey of 2021,annual,dollars per hundredweight sold
Milk,Allocated overhead,Opportunity cost of land,dollars per hundredweight sold,No specific size,New York,United States,2024,0.04,Base survey of 2021,annual,dollars per hundredweight sold
Milk,Allocated overhead,Opportunity cost of land,dollars per hundredweight sold,No specific size,Ohio,United States,2021,0.03,Base survey of 2021,annual,dollars per hundredweight sold
Milk,Allocated overhead,Opportunity cost of land,dollars per hundredweight sold,No specific size,Ohio,United States,2022,0.03,Base survey of 2021,annual,dollars per hundredweight sold
Milk,Allocated overhead,Opportunity cost of land,dollars per hundredweight sold,No specific size,Ohio,United States,2023,0.03,Base survey of 2021,annual,dollars per hundredweight sold
Milk,Allocated overhead,Opportunity cost of land,dollars per hundredweight sold,No specific size,Ohio,United States,2024,0.04,Base survey of 2021,annual,dollars per hundredweight sold
Milk,Allocated overhead,Opportunity cost of land,dollars per hundredweight sold,No specific size,Pennsylvania,United States,2021,0.05,Base survey of 2021,annual,dollars per hundredweight sold
Milk,Allocated overhead,Opportunity cost of land,dollars per hundredweight sold,No specific size,Pennsylvania,United States,2022,0.05,Base survey of 2021,annual,dollars per hundredweight sold
Milk,Allocated overhead,Opportunity cost of land,dollars per hundredweight sold,No specific size,Pennsylvania,United States,2023,0.06,Base survey of 2021,annual,dollars per hundredweight sold
Milk,Allocated overhead,Opportunity cost of land,dollars per hundredweight sold,No specific size,Pennsylvania,United States,2024,0.06,Base survey of 2021,annual,dollars per hundredweight sold
Milk,Allocated overhead,Opportunity cost of land,dollars per hundredweight sold,No specific size,Wisconsin,United States,2021,0.03,Base survey of 2021,annual,dollars per hundredweight sold
Milk,Allocated overhead,Opportunity cost of land,dollars per hundredweight sold,No specific size,Wisconsin,United States,2022,0.03,Base survey of 2021,annual,dollars per hundredweight sold
Milk,Allocated overhead,Opportunity cost of land,dollars per hundredweight sold,No specific size,Wisconsin,United States,2023,0.03,Base survey of 2021,annual,dollars per hundredweight sold
Milk,Allocated overhead,Opportunity cost of land,dollars per hundredweight sold,No specific size,Wisconsin,United States,2024,0.03,Base survey of 2021,annual,dollars per hundredweight sold
Milk,Allocated overhead,Taxes and insurance,dollars per hundredweight sold,No specific size,U.S. total,United States,2021,0.2,Base survey of 2021,annual,dollars per hundredweight sold
Milk,Allocated overhead,Taxes and insurance,dollars per hundredweight sold,No specific size,U.S. total,United States,2022,0.22,Base survey of 2021,annual,dollars per hundredweight sold
Milk,Allocated overhead,Taxes and insurance,dollars per hundredweight sold,No specific size,U.S. total,United States,2023,0.24,Base survey of 2021,annual,dollars per hundredweight sold
Milk,Allocated overhead,Taxes and insurance,dollars per hundredweight sold,No specific size,U.S. total,United States,2024,0.24,Base survey of 2021,annual,dollars per hundredweight sold
Milk,Allocated overhead,Taxes and insurance,dollars per hundredweight sold,No specific size,California,United States,2021,0.15,Base survey of 2021,annual,dollars per hundredweight sold
Milk,Allocated overhead,Taxes and insurance,dollars per hundredweight sold,No specific size,California,United States,2022,0.17,Base survey of 2021,annual,dollars per hundredweight sold
Milk,Allocated overhead,Taxes and insurance,dollars per hundredweight sold,No specific size,California,United States,2023,0.18,Base survey of 2021,annual,dollars per hundredweight sold
Milk,Allocated overhead,Taxes and insurance,dollars per hundredweight sold,No specific size,California,United States,2024,0.19,Base survey of 2021,annual,dollars per hundredweight sold
Milk,Allocated overhead,Taxes and insurance,dollars per hundredweight sold,No specific size,Indiana,United States,2021,0.23,Base survey of 2021,annual,dollars per hundredweight sold
Milk,Allocated overhead,Taxes and insurance,dollars per hundredweight sold,No specific size,Indiana,United States,2022,0.26,Base survey of 2021,annual,dollars per hundredweight sold
Milk,Allocated overhead,Taxes and insurance,dollars per hundredweight sold,No specific size,Indiana,United States,2023,0.27,Base survey of 2021,annual,dollars per hundredweight sold
Milk,Allocated overhead,Taxes and insurance,dollars per hundredweight sold,No specific size,Indiana,United States,2024,0.28,Base survey of 2021,annual,dollars per hundredweight sold
Milk,Allocated overhead,Taxes and insurance,dollars per hundredweight sold,No specific size,Iowa,United States,2021,0.23,Base survey of 2021,annual,dollars per hundredweight sold
Milk,Allocated overhead,Taxes and insurance,dollars per hundredweight sold,No specific size,Iowa,United States,2022,0.26,Base survey of 2021,annual,dollars per hundredweight sold
Milk,Allocated overhead,Taxes and insurance,dollars per hundredweight sold,No specific size,Iowa,United States,2023,0.27,Base survey of 2021,annual,dollars per hundredweight sold
Milk,Allocated overhead,Taxes and insurance,dollars per hundredweight sold,No specific size,Iowa,United States,2024,0.28,Base survey of 2021,annual,dollars per hundredweight sold
Milk,Allocated overhead,Taxes and insurance,dollars per hundredweight sold,No specific size,Kentucky,United States,2021,0.11,Base survey of 2021,annual,dollars per hundredweight sold
Milk,Allocated overhead,Taxes and insurance,dollars per hundredweight sold,No specific size,Kentucky,United States,2022,0.12,Base survey of 2021,annual,dollars per hundredweight sold
Milk,Allocated overhead,Taxes and insurance,dollars per hundredweight sold,No specific size,Kentucky,United States,2023,0.13,Base survey of 2021,annual,dollars per hundredweight sold
Milk,Allocated overhead,Taxes and insurance,dollars per hundredweight sold,No specific size,Kentucky,United States,2024,0.13,Base survey of 2021,annual,dollars per hundredweight sold
Milk,Allocated overhead,Taxes and insurance,dollars per hundredweight sold,No specific size,Michigan,United States,2021,0.19,Base survey of 2021,annual,dollars per hundredweight sold
Milk,Allocated overhead,Taxes and insurance,dollars per hundredweight sold,No specific size,Michigan,United States,2022,0.22,Base survey of 2021,annual,dollars per hundredweight sold
Milk,Allocated overhead,Taxes and insurance,dollars per hundredweight sold,No specific size,Michigan,United States,2023,0.23,Base survey of 2021,annual,dollars per hundredweight sold
Milk,Allocated overhead,Taxes and insurance,dollars per hundredweight sold,No specific size,Michigan,United States,2024,0.24,Base survey of 2021,annual,dollars per hundredweight sold
Milk,Allocated overhead,Taxes and insurance,dollars per hundredweight sold,No specific size,Minnesota,United States,2021,0.26,Base survey of 2021,annual,dollars per hundredweight sold
Milk,Allocated overhead,Taxes and insurance,dollars per hundredweight sold,No specific size,Minnesota,United States,2022,0.29,Base survey of 2021,annual,dollars per hundredweight sold
Milk,Allocated overhead,Taxes and insurance,dollars per hundredweight sold,No specific size,Minnesota,United States,2023,0.3,Base survey of 2021,annual,dollars per hundredweight sold
Milk,Allocated overhead,Taxes and insurance,dollars per hundredweight sold,No specific size,Minnesota,United States,2024,0.31,Base survey of 2021,annual,dollars per hundredweight sold
Milk,Allocated overhead,Taxes and insurance,dollars per hundredweight sold,No specific size,New York,United States,2021,0.19,Base survey of 2021,annual,dollars per hundredweight sold
Milk,Allocated overhead,Taxes and insurance,dollars per hundredweight sold,No specific size,New York,United States,2022,0.21,Base survey of 2021,annual,dollars per hundredweight sold
Milk,Allocated overhead,Taxes and insurance,dollars per hundredweight sold,No specific size,New York,United States,2023,0.23,Base survey of 2021,annual,dollars per hundredweight sold
Milk,Allocated overhead,Taxes and insurance,dollars per hundredweight sold,No specific size,New York,United States,2024,0.23,Base survey of 2021,annual,dollars per hundredweight sold
Milk,Allocated overhead,Taxes and insurance,dollars per hundredweight sold,No specific size,Ohio,United States,2021,0.14,Base survey of 2021,annual,dollars per hundredweight sold
Milk,Allocated overhead,Taxes and insurance,dollars per hundredweight sold,No specific size,Ohio,United States,2022,0.16,Base survey of 2021,annual,dollars per hundredweight sold
Milk,Allocated overhead,Taxes and insurance,dollars per hundredweight sold,No specific size,Ohio,United States,2023,0.17,Base survey of 2021,annual,dollars per hundredweight sold
Milk,Allocated overhead,Taxes and insurance,dollars per hundredweight sold,No specific size,Ohio,United States,2024,0.17,Base survey of 2021,annual,dollars per hundredweight sold
Milk,Allocated overhead,Taxes and insurance,dollars per hundredweight sold,No specific size,Pennsylvania,United States,2021,0.27,Base survey of 2021,annual,dollars per hundredweight sold
Milk,Allocated overhead,Taxes and insurance,dollars per hundredweight sold,No specific size,Pennsylvania,United States,2022,0.3,Base survey of 2021,annual,dollars per hundredweight sold
Milk,Allocated overhead,Taxes and insurance,dollars per hundredweight sold,No specific size,Pennsylvania,United States,2023,0.32,Base survey of 2021,annual,dollars per hundredweight sold
Milk,Allocated overhead,Taxes and insurance,dollars per hundredweight sold,No specific size,Pennsylvania,United States,2024,0.33,Base survey of 2021,annual,dollars per hundredweight sold
Milk,Allocated overhead,Taxes and insurance,dollars per hundredweight sold,No specific size,Wisconsin,United States,2021,0.29,Base survey of 2021,annual,dollars per hundredweight sold
Milk,Allocated overhead,Taxes and insurance,dollars per hundredweight sold,No specific size,Wisconsin,United States,2022,0.32,Base survey of 2021,annual,dollars per hundredweight sold
Milk,Allocated overhead,Taxes and insurance,dollars per hundredweight sold,No specific size,Wisconsin,United States,2023,0.34,Base survey of 2021,annual,dollars per hundredweight sold
Milk,Allocated overhead,Taxes and insurance,dollars per hundredweight sold,No specific size,Wisconsin,United States,2024,0.35,Base survey of 2021,annual,dollars per hundredweight sold
Milk,Allocated overhead,General farm overhead,dollars per hundredweight sold,No specific size,U.S. total,United States,2021,0.5,Base survey of 2021,annual,dollars per hundredweight sold
Milk,Allocated overhead,General farm overhead,dollars per hundredweight sold,No specific size,U.S. total,United States,2022,0.56,Base survey of 2021,annual,dollars per hundredweight sold
Milk,Allocated overhead,General farm overhead,dollars per hundredweight sold,No specific size,U.S. total,United States,2023,0.58,Base survey of 2021,annual,dollars per hundredweight sold
Milk,Allocated overhead,General farm overhead,dollars per hundredweight sold,No specific size,U.S. total,United States,2024,0.58,Base survey of 2021,annual,dollars per hundredweight sold
Milk,Allocated overhead,General farm overhead,dollars per hundredweight sold,No specific size,California,United States,2021,0.49,Base survey of 2021,annual,dollars per hundredweight sold
Milk,Allocated overhead,General farm overhead,dollars per hundredweight sold,No specific size,California,United States,2022,0.54,Base survey of 2021,annual,dollars per hundredweight sold
Milk,Allocated overhead,General farm overhead,dollars per hundredweight sold,No specific size,California,United States,2023,0.56,Base survey of 2021,annual,dollars per hundredweight sold
Milk,Allocated overhead,General farm overhead,dollars per hundredweight sold,No specific size,California,United States,2024,0.57,Base survey of 2021,annual,dollars per hundredweight sold
Milk,Allocated overhead,General farm overhead,dollars per hundredweight sold,No specific size,Indiana,United States,2021,0.68,Base survey of 2021,annual,dollars per hundredweight sold
Milk,Allocated overhead,General farm overhead,dollars per hundredweight sold,No specific size,Indiana,United States,2022,0.76,Base survey of 2021,annual,dollars per hundredweight sold
Milk,Allocated overhead,General farm overhead,dollars per hundredweight sold,No specific size,Indiana,United States,2023,0.78,Base survey of 2021,annual,dollars per hundredweight sold
Milk,Allocated overhead,General farm overhead,dollars per hundredweight sold,No specific size,Indiana,United States,2024,0.79,Base survey of 2021,annual,dollars per hundredweight sold
Milk,Allocated overhead,General farm overhead,dollars per hundredweight sold,No specific size,Iowa,United States,2021,0.44,Base survey of 2021,annual,dollars per hundredweight sold
Milk,Allocated overhead,General farm overhead,dollars per hundredweight sold,No specific size,Iowa,United States,2022,0.5,Base survey of 2021,annual,dollars per hundredweight sold
Milk,Allocated overhead,General farm overhead,dollars per hundredweight sold,No specific size,Iowa,United States,2023,0.51,Base survey of 2021,annual,dollars per hundredweight sold
Milk,Allocated overhead,General farm overhead,dollars per hundredweight sold,No specific size,Iowa,United States,2024,0.52,Base survey of 2021,annual,dollars per hundredweight sold
Milk,Allocated overhead,General farm overhead,dollars per hundredweight sold,No specific size,Kentucky,United States,2021,0.45,Base survey of 2021,annual,dollars per hundredweight sold
Milk,Allocated overhead,General farm overhead,dollars per hundredweight sold,No specific size,Kentucky,United States,2022,0.5,Base survey of 2021,annual,dollars per hundredweight sold
Milk,Allocated overhead,General farm overhead,dollars per hundredweight sold,No specific size,Kentucky,United States,2023,0.52,Base survey of 2021,annual,dollars per hundredweight sold
Milk,Allocated overhead,General farm overhead,dollars per hundredweight sold,No specific size,Kentucky,United States,2024,0.52,Base survey of 2021,annual,dollars per hundredweight sold
Milk,Allocated overhead,General farm overhead,dollars per hundredweight sold,No specific size,Michigan,United States,2021,0.39,Base survey of 2021,annual,dollars per hundredweight sold
Milk,Allocated overhead,General farm overhead,dollars per hundredweight sold,No specific size,Michigan,United States,2022,0.43,Base survey of 2021,annual,dollars per hundredweight sold
Milk,Allocated overhead,General farm overhead,dollars per hundredweight sold,No specific size,Michigan,United States,2023,0.45,Base survey of 2021,annual,dollars per hundredweight sold
Milk,Allocated overhead,General farm overhead,dollars per hundredweight sold,No specific size,Michigan,United States,2024,0.45,Base survey of 2021,annual,dollars per hundredweight sold
Milk,Allocated overhead,General farm overhead,dollars per hundredweight sold,No specific size,Minnesota,United States,2021,0.49,Base survey of 2021,annual,dollars per hundredweight sold
Milk,Allocated overhead,General farm overhead,dollars per hundredweight sold,No specific size,Minnesota,United States,2022,0.54,Base survey of 2021,annual,dollars per hundredweight sold
Milk,Allocated overhead,General farm overhead,dollars per hundredweight sold,No specific size,Minnesota,United States,2023,0.56,Base survey of 2021,annual,dollars per hundredweight sold
Milk,Allocated overhead,General farm overhead,dollars per hundredweight sold,No specific size,Minnesota,United States,2024,0.57,Base survey of 2021,annual,dollars per hundredweight sold
Milk,Allocated overhead,General farm overhead,dollars per hundredweight sold,No specific size,New York,United States,2021,0.56,Base survey of 2021,annual,dollars per hundredweight sold
Milk,Allocated overhead,General farm overhead,dollars per hundredweight sold,No specific size,New York,United States,2022,0.63,Base survey of 2021,annual,dollars per hundredweight sold
Milk,Allocated overhead,General farm overhead,dollars per hundredweight sold,No specific size,New York,United States,2023,0.65,Base survey of 2021,annual,dollars per hundredweight sold
Milk,Allocated overhead,General farm overhead,dollars per hundredweight sold,No specific size,New York,United States,2024,0.66,Base survey of 2021,annual,dollars per hundredweight sold
Milk,Allocated overhead,General farm overhead,dollars per hundredweight sold,No specific size,Ohio,United States,2021,0.59,Base survey of 2021,annual,dollars per hundredweight sold
Milk,Allocated overhead,General farm overhead,dollars per hundredweight sold,No specific size,Ohio,United States,2022,0.66,Base survey of 2021,annual,dollars per hundredweight sold
Milk,Allocated overhead,General farm overhead,dollars per hundredweight sold,No specific size,Ohio,United States,2023,0.68,Base survey of 2021,annual,dollars per hundredweight sold
Milk,Allocated overhead,General farm overhead,dollars per hundredweight sold,No specific size,Ohio,United States,2024,0.69,Base survey of 2021,annual,dollars per hundredweight sold
Milk,Allocated overhead,General farm overhead,dollars per hundredweight sold,No specific size,Pennsylvania,United States,2021,0.72,Base survey of 2021,annual,dollars per hundredweight sold
Milk,Allocated overhead,General farm overhead,dollars per hundredweight sold,No specific size,Pennsylvania,United States,2022,0.81,Base survey of 2021,annual,dollars per hundredweight sold
Milk,Allocated overhead,General farm overhead,dollars per hundredweight sold,No specific size,Pennsylvania,United States,2023,0.84,Base survey of 2021,annual,dollars per hundredweight sold
Milk,Allocated overhead,General farm overhead,dollars per hundredweight sold,No specific size,Pennsylvania,United States,2024,0.84,Base survey of 2021,annual,dollars per hundredweight sold
Milk,Allocated overhead,General farm overhead,dollars per hundredweight sold,No specific size,Wisconsin,United States,2021,0.56,Base survey of 2021,annual,dollars per hundredweight sold
Milk,Allocated overhead,General farm overhead,dollars per hundredweight sold,No specific size,Wisconsin,United States,2022,0.62,Base survey of 2021,annual,dollars per hundredweight sold
Milk,Allocated overhead,General farm overhead,dollars per hundredweight sold,No specific size,Wisconsin,United States,2023,0.64,Base survey of 2021,annual,dollars per hundredweight sold
Milk,Allocated overhead,General farm overhead,dollars per hundredweight sold,No specific size,Wisconsin,United States,2024,0.65,Base survey of 2021,annual,dollars per hundredweight sold
Milk,Allocated overhead,"Total, allocated overhead",dollars per hundredweight sold,No specific size,U.S. total,United States,2021,8.0,Base survey of 2021,annual,dollars per hundredweight sold
Milk,Allocated overhead,"Total, allocated overhead",dollars per hundredweight sold,No specific size,U.S. total,United States,2022,8.77,Base survey of 2021,annual,dollars per hundredweight sold
Milk,Allocated overhead,"Total, allocated overhead",dollars per hundredweight sold,No specific size,U.S. total,United States,2023,9.17,Base survey of 2021,annual,dollars per hundredweight sold
Milk,Allocated overhead,"Total, allocated overhead",dollars per hundredweight sold,No specific size,U.S. total,United States,2024,9.41,Base survey of 2021,annual,dollars per hundredweight sold
Milk,Allocated overhead,"Total, allocated overhead",dollars per hundredweight sold,No specific size,California,United States,2021,5.18,Base survey of 2021,annual,dollars per hundredweight sold
Milk,Allocated overhead,"Total, allocated overhead",dollars per hundredweight sold,No specific size,California,United States,2022,5.63,Base survey of 2021,annual,dollars per hundredweight sold
Milk,Allocated overhead,"Total, allocated overhead",dollars per hundredweight sold,No specific size,California,United States,2023,5.91,Base survey of 2021,annual,dollars per hundredweight sold
Milk,Allocated overhead,"Total, allocated overhead",dollars per hundredweight sold,No specific size,California,United States,2024,6.03,Base survey of 2021,annual,dollars per hundredweight sold
Milk,Allocated overhead,"Total, allocated overhead",dollars per hundredweight sold,No specific size,Indiana,United States,2021,13.77,Base survey of 2021,annual,dollars per hundredweight sold
Milk,Allocated overhead,"Total, allocated overhead",dollars per hundredweight sold,No specific size,Indiana,United States,2022,15.09,Base survey of 2021,annual,dollars per hundredweight sold
Milk,Allocated overhead,"Total, allocated overhead",dollars per hundredweight sold,No specific size,Indiana,United States,2023,15.78,Base survey of 2021,annual,dollars per hundredweight sold
Milk,Allocated overhead,"Total, allocated overhead",dollars per hundredweight sold,No specific size,Indiana,United States,2024,16.49,Base survey of 2021,annual,dollars per hundredweight sold
Milk,Allocated overhead,"Total, allocated overhead",dollars per hundredweight sold,No specific size,Iowa,United States,2021,8.31,Base survey of 2021,annual,dollars per hundredweight sold
Milk,Allocated overhead,"Total, allocated overhead",dollars per hundredweight sold,No specific size,Iowa,United States,2022,9.11,Base survey of 2021,annual,dollars per hundredweight sold
Milk,Allocated overhead,"Total, allocated overhead",dollars per hundredweight sold,No specific size,Iowa,United States,2023,9.39,Base survey of 2021,annual,dollars per hundredweight sold
Milk,Allocated overhead,"Total, allocated overhead",dollars per hundredweight sold,No specific size,Iowa,United States,2024,9.62,Base survey of 2021,annual,dollars per hundredweight sold
Milk,Allocated overhead,"Total, allocated overhead",dollars per hundredweight sold,No specific size,Kentucky,United States,2021,12.48,Base survey of 2021,annual,dollars per hundredweight sold
Milk,Allocated overhead,"Total, allocated overhead",dollars per hundredweight sold,No specific size,Kentucky,United States,2022,13.45,Base survey of 2021,annual,dollars per hundredweight sold
Milk,Allocated overhead,"Total, allocated overhead",dollars per hundredweight sold,No specific size,Kentucky,United States,2023,13.86,Base survey of 2021,annual,dollars per hundredweight sold
Milk,Allocated overhead,"Total, allocated overhead",dollars per hundredweight sold,No specific size,Kentucky,United States,2024,14.38,Base survey of 2021,annual,dollars per hundredweight sold
Milk,Allocated overhead,"Total, allocated overhead",dollars per hundredweight sold,No specific size,Michigan,United States,2021,12.26,Base survey of 2021,annual,dollars per hundredweight sold
Milk,Allocated overhead,"Total, allocated overhead",dollars per hundredweight sold,No specific size,Michigan,United States,2022,13.53,Base survey of 2021,annual,dollars per hundredweight sold
Milk,Allocated overhead,"Total, allocated overhead",dollars per hundredweight sold,No specific size,Michigan,United States,2023,14.2,Base survey of 2021,annual,dollars per hundredweight sold
Milk,Allocated overhead,"Total, allocated overhead",dollars per hundredweight sold,No specific size,Michigan,United States,2024,14.51,Base survey of 2021,annual,dollars per hundredweight sold
Milk,Allocated overhead,"Total, allocated overhead",dollars per hundredweight sold,No specific size,Minnesota,United States,2021,9.91,Base survey of 2021,annual,dollars per hundredweight sold
Milk,Allocated overhead,"Total, allocated overhead",dollars per hundredweight sold,No specific size,Minnesota,United States,2022,10.89,Base survey of 2021,annual,dollars per hundredweight sold
Milk,Allocated overhead,"Total, allocated overhead",dollars per hundredweight sold,No specific size,Minnesota,United States,2023,11.42,Base survey of 2021,annual,dollars per hundredweight sold
Milk,Allocated overhead,"Total, allocated overhead",dollars per hundredweight sold,No specific size,Minnesota,United States,2024,11.62,Base survey of 2021,annual,dollars per hundredweight sold
Milk,Allocated overhead,"Total, allocated overhead",dollars per hundredweight sold,No specific size,New York,United States,2021,11.84,Base survey of 2021,annual,dollars per hundredweight sold
Milk,Allocated overhead,"Total, allocated overhead",dollars per hundredweight sold,No specific size,New York,United States,2022,12.91,Base survey of 2021,annual,dollars per hundredweight sold
Milk,Allocated overhead,"Total, allocated overhead",dollars per hundredweight sold,No specific size,New York,United States,2023,13.38,Base survey of 2021,annual,dollars per hundredweight sold
Milk,Allocated overhead,"Total, allocated overhead",dollars per hundredweight sold,No specific size,New York,United States,2024,13.93,Base survey of 2021,annual,dollars per hundredweight sold
Milk,Allocated overhead,"Total, allocated overhead",dollars per hundredweight sold,No specific size,Ohio,United States,2021,9.61,Base survey of 2021,annual,dollars per hundredweight sold
Milk,Allocated overhead,"Total, allocated overhead",dollars per hundredweight sold,No specific size,Ohio,United States,2022,10.49,Base survey of 2021,annual,dollars per hundredweight sold
Milk,Allocated overhead,"Total, allocated overhead",dollars per hundredweight sold,No specific size,Ohio,United States,2023,10.96,Base survey of 2021,annual,dollars per hundredweight sold
Milk,Allocated overhead,"Total, allocated overhead",dollars per hundredweight sold,No specific size,Ohio,United States,2024,11.39,Base survey of 2021,annual,dollars per hundredweight sold
Milk,Allocated overhead,"Total, allocated overhead",dollars per hundredweight sold,No specific size,Pennsylvania,United States,2021,14.27,Base survey of 2021,annual,dollars per hundredweight sold
Milk,Allocated overhead,"Total, allocated overhead",dollars per hundredweight sold,No specific size,Pennsylvania,United States,2022,15.61,Base survey of 2021,annual,dollars per hundredweight sold
Milk,Allocated overhead,"Total, allocated overhead",dollars per hundredweight sold,No specific size,Pennsylvania,United States,2023,16.22,Base survey of 2021,annual,dollars per hundredweight sold
Milk,Allocated overhead,"Total, allocated overhead",dollars per hundredweight sold,No specific size,Pennsylvania,United States,2024,16.66,Base survey of 2021,annual,dollars per hundredweight sold
Milk,Allocated overhead,"Total, allocated overhead",dollars per hundredweight sold,No specific size,Wisconsin,United States,2021,8.59,Base survey of 2021,annual,dollars per hundredweight sold
Milk,Allocated overhead,"Total, allocated overhead",dollars per hundredweight sold,No specific size,Wisconsin,United States,2022,9.48,Base survey of 2021,annual,dollars per hundredweight sold
Milk,Allocated overhead,"Total, allocated overhead",dollars per hundredweight sold,No specific size,Wisconsin,United States,2023,9.93,Base survey of 2021,annual,dollars per hundredweight sold
Milk,Allocated overhead,"Total, allocated overhead",dollars per hundredweight sold,No specific size,Wisconsin,United States,2024,10.15,Base survey of 2021,annual,dollars per hundredweight sold
Milk,Costs listed,"Total, costs listed",dollars per hundredweight sold,No specific size,U.S. total,United States,2021,22.94,Base survey of 2021,annual,dollars per hundredweight sold
Milk,Costs listed,"Total, costs listed",dollars per hundredweight sold,No specific size,U.S. total,United States,2022,27.33,Base survey of 2021,annual,dollars per hundredweight sold
Milk,Costs listed,"Total, costs listed",dollars per hundredweight sold,No specific size,U.S. total,United States,2023,26.74,Base survey of 2021,annual,dollars per hundredweight sold
Milk,Costs listed,"Total, costs listed",dollars per hundredweight sold,No specific size,U.S. total,United States,2024,23.65,Base survey of 2021,annual,dollars per hundredweight sold
Milk,Costs listed,"Total, costs listed",dollars per hundredweight sold,No specific size,California,United States,2021,19.44,Base survey of 2021,annual,dollars per hundredweight sold
Milk,Costs listed,"Total, costs listed",dollars per hundredweight sold,No specific size,California,United States,2022,23.38,Base survey of 2021,annual,dollars per hundredweight sold
Milk,Costs listed,"Total, costs listed",dollars per hundredweight sold,No specific size,California,United States,2023,22.48,Base survey of 2021,annual,dollars per hundredweight sold
Milk,Costs listed,"Total, costs listed",dollars per hundredweight sold,No specific size,California,United States,2024,19.19,Base survey of 2021,annual,dollars per hundredweight sold
Milk,Costs listed,"Total, costs listed",dollars per hundredweight sold,No specific size,Indiana,United States,2021,31.37,Base survey of 2021,annual,dollars per hundredweight sold
Milk,Costs listed,"Total, costs listed",dollars per hundredweight sold,No specific size,Indiana,United States,2022,36.92,Base survey of 2021,annual,dollars per hundredweight sold
Milk,Costs listed,"Total, costs listed",dollars per hundredweight sold,No specific size,Indiana,United States,2023,36.76,Base survey of 2021,annual,dollars per hundredweight sold
Milk,Costs listed,"Total, costs listed",dollars per hundredweight sold,No specific size,Indiana,United States,2024,33.84,Base survey of 2021,annual,dollars per hundredweight sold
Milk,Costs listed,"Total, costs listed",dollars per hundredweight sold,No specific size,Iowa,United States,2021,20.81,Base survey of 2021,annual,dollars per hundredweight sold
Milk,Costs listed,"Total, costs listed",dollars per hundredweight sold,No specific size,Iowa,United States,2022,24.65,Base survey of 2021,annual,dollars per hundredweight sold
Milk,Costs listed,"Total, costs listed",dollars per hundredweight sold,No specific size,Iowa,United States,2023,24.15,Base survey of 2021,annual,dollars per hundredweight sold
Milk,Costs listed,"Total, costs listed",dollars per hundredweight sold,No specific size,Iowa,United States,2024,21.74,Base survey of 2021,annual,dollars per hundredweight sold
Milk,Costs listed,"Total, costs listed",dollars per hundredweight sold,No specific size,Kentucky,United States,2021,25.76,Base survey of 2021,annual,dollars per hundredweight sold
Milk,Costs listed,"Total, costs listed",dollars per hundredweight sold,No specific size,Kentucky,United States,2022,29.93,Base survey of 2021,annual,dollars per hundredweight sold
Milk,Costs listed,"Total, costs listed",dollars per hundredweight sold,No specific size,Kentucky,United States,2023,29.66,Base survey of 2021,annual,dollars per hundredweight sold
Milk,Costs listed,"Total, costs listed",dollars per hundredweight sold,No specific size,Kentucky,United States,2024,27.3,Base survey of 2021,annual,dollars per hundredweight sold
Milk,Supporting information,Output per cow,pounds,No specific size,U.S. total,United States,2021,22653.0,Base survey of 2021,annual,pounds
Milk,Supporting information,Output per cow,pounds,No specific size,U.S. total,United States,2022,22653.0,Base survey of 2021,annual,pounds
Milk,Supporting information,Output per cow,pounds,No specific size,U.S. total,United States,2023,22653.0,Base survey of 2021,annual,pounds
Milk,Supporting information,Output per cow,pounds,No specific size,U.S. total,United States,2024,22653.0,Base survey of 2021,annual,pounds
Milk,Supporting information,Output per cow,pounds,No specific size,California,United States,2021,24768.0,Base survey of 2021,annual,pounds
Milk,Supporting information,Output per cow,pounds,No specific size,California,United States,2022,24768.0,Base survey of 2021,annual,pounds
Milk,Supporting information,Output per cow,pounds,No specific size,California,United States,2023,24768.0,Base survey of 2021,annual,pounds
Milk,Supporting information,Output per cow,pounds,No specific size,California,United States,2024,24768.0,Base survey of 2021,annual,pounds
Milk,Supporting information,Output per cow,pounds,No specific size,Indiana,United States,2021,19121.0,Base survey of 2021,annual,pounds
Milk,Supporting information,Output per cow,pounds,No specific size,Indiana,United States,2022,19121.0,Base survey of 2021,annual,pounds
Milk,Supporting information,Output per cow,pounds,No specific size,Indiana,United States,2023,19121.0,Base survey of 2021,annual,pounds
Milk,Supporting information,Output per cow,pounds,No specific size,Indiana,United States,2024,19121.0,Base survey of 2021,annual,pounds
Milk,Supporting information,Output per cow,pounds,No specific size,Iowa,United States,2021,23325.0,Base survey of 2021,annual,pounds
Milk,Supporting information,Output per cow,pounds,No specific size,Iowa,United States,2022,23325.0,Base survey of 2021,annual,pounds
Milk,Supporting information,Output per cow,pounds,No specific size,Iowa,United States,2023,23325.0,Base survey of 2021,annual,pounds
Milk,Supporting information,Output per cow,pounds,No specific size,Iowa,United States,2024,23325.0,Base survey of 2021,annual,pounds
Milk,Supporting information,Output per cow,pounds,No specific size,Kentucky,United States,2021,17662.0,Base survey of 2021,annual,pounds
Milk,Supporting information,Output per cow,pounds,No specific size,Kentucky,United States,2022,17662.0,Base survey of 2021,annual,pounds
Milk,Supporting information,Output per cow,pounds,No specific size,Kentucky,United States,2023,17662.0,Base survey of 2021,annual,pounds
Milk,Supporting information,Output per cow,pounds,No specific size,Kentucky,United States,2024,17662.0,Base survey of 2021,annual,pounds
Milk,Supporting information,Output per cow,pounds,No specific size,Michigan,United States,2021,21995.0,Base survey of 2021,annual,pounds
Milk,Supporting information,Output per cow,pounds,No specific size,Michigan,United States,2022,21995.0,Base survey of 2021,annual,pounds
Milk,Supporting information,Output per cow,pounds,No specific size,Michigan,United States,2023,21995.0,Base survey of 2021,annual,pounds
Milk,Supporting information,Output per cow,pounds,No specific size,Michigan,United States,2024,21995.0,Base survey of 2021,annual,pounds
Milk,Supporting information,Output per cow,pounds,No specific size,Minnesota,United States,2021,21559.0,Base survey of 2021,annual,pounds
Milk,Supporting information,Output per cow,pounds,No specific size,Minnesota,United States,2022,21559.0,Base survey of 2021,annual,pounds
Milk,Supporting information,Output per cow,pounds,No specific size,Minnesota,United States,2023,21559.0,Base survey of 2021,annual,pounds
Milk,Supporting information,Output per cow,pounds,No specific size,Minnesota,United States,2024,21559.0,Base survey of 2021,annual,pounds
Milk,Supporting information,Output per cow,pounds,No specific size,New York,United States,2021,22218.0,Base survey of 2021,annual,pounds
Milk,Supporting information,Output per cow,pounds,No specific size,New York,United States,2022,22218.0,Base survey of 2021,annual,pounds
Milk,Supporting information,Output per cow,pounds,No specific size,New York,United States,2023,22218.0,Base survey of 2021,annual,pounds
Milk,Supporting information,Output per cow,pounds,No specific size,New York,United States,2024,22218.0,Base survey of 2021,annual,pounds
Milk,Supporting information,Output per cow,pounds,No specific size,Ohio,United States,2021,21773.0,Base survey of 2021,annual,pounds
Milk,Supporting information,Output per cow,pounds,No specific size,Ohio,United States,2022,21773.0,Base survey of 2021,annual,pounds
Milk,Supporting information,Output per cow,pounds,No specific size,Ohio,United States,2023,21773.0,Base survey of 2021,annual,pounds
Milk,Supporting information,Output per cow,pounds,No specific size,Ohio,United States,2024,21773.0,Base survey of 2021,annual,pounds
Milk,Supporting information,Output per cow,pounds,No specific size,Pennsylvania,United States,2021,20445.0,Base survey of 2021,annual,pounds
Milk,Supporting information,Output per cow,pounds,No specific size,Pennsylvania,United States,2022,20445.0,Base survey of 2021,annual,pounds
Milk,Supporting information,Output per cow,pounds,No specific size,Pennsylvania,United States,2023,20445.0,Base survey of 2021,annual,pounds
Milk,Supporting information,Output per cow,pounds,No specific size,Pennsylvania,United States,2024,20445.0,Base survey of 2021,annual,pounds
Milk,Supporting information,Output per cow,pounds,No specific size,Wisconsin,United States,2021,24902.0,Base survey of 2021,annual,pounds
Milk,Supporting information,Output per cow,pounds,No specific size,Wisconsin,United States,2022,24902.0,Base survey of 2021,annual,pounds
Milk,Supporting information,Output per cow,pounds,No specific size,Wisconsin,United States,2023,24902.0,Base survey of 2021,annual,pounds
Milk,Supporting information,Output per cow,pounds,No specific size,Wisconsin,United States,2024,24902.0,Base survey of 2021,annual,pounds
Milk,Gross value of production,Cattle,dollars per hundredweight sold,No specific size,U.S. total,United States,2025,2.25,Base survey of 2021,annual,dollars per hundredweight sold
Milk,Operating costs,Purchased feed,dollars per hundredweight sold,No specific size,U.S. total,United States,2025,6.3,Base survey of 2021,annual,dollars per hundredweight sold
Milk,Operating costs,"Fuel, lube, and electricity",dollars per hundredweight sold,No specific size,U.S. total,United States,2025,0.71,Base survey of 2021,annual,dollars per hundredweight sold
Milk,Allocated overhead,Hired labor,dollars per hundredweight sold,No specific size,U.S. total,United States,2025,2.32,Base survey of 2021,annual,dollars per hundredweight sold
Milk,Operating costs,"Total, feed costs",dollars per hundredweight sold,No specific size,U.S. total,United States,2025,9.82,Base survey of 2021,annual,dollars per hundredweight sold
Milk,Allocated overhead,Taxes and insurance,dollars per hundredweight sold,No specific size,U.S. total,United States,2025,0.25,Base survey of 2021,annual,dollars per hundredweight sold
Milk,Net value,Value of production less total costs listed,dollars per hundredweight sold,No specific size,U.S. total,United States,2025,0.55,Base survey of 2021,annual,dollars per hundredweight sold
Milk,Net value,Value of production less operating costs,dollars per hundredweight sold,No specific size,U.S. total,United States,2025,10.17,Base survey of 2021,annual,dollars per hundredweight sold
Milk,Operating costs,"Total, operating costs",dollars per hundredweight sold,No specific size,U.S. total,United States,2025,13.75,Base survey of 2021,annual,dollars per hundredweight sold
Milk,Allocated overhead,Opportunity cost of land,dollars per hundredweight sold,No specific size,U.S. total,United States,2025,0.03,Base survey of 2021,annual,dollars per hundredweight sold
Milk,Allocated overhead,Capital recovery of machinery and equipment  ,dollars per hundredweight sold,No specific size,U.S. total,United States,2025,4.78,Base survey of 2021,annual,dollars per hundredweight sold
Milk,Operating costs,Custom services,dollars per hundredweight sold,No specific size,U.S. total,United States,2025,0.9,Base survey of 2021,annual,dollars per hundredweight sold
Milk,Allocated overhead,General farm overhead,dollars per hundredweight sold,No specific size,U.S. total,United States,2025,0.6,Base survey of 2021,annual,dollars per hundredweight sold
Milk,Operating costs,Homegrown harvested feed,dollars per hundredweight sold,No specific size,U.S. total,United States,2025,3.48,Base survey of 2021,annual,dollars per hundredweight sold
Milk,Operating costs,Bedding and litter,dollars per hundredweight sold,No specific size,U.S. total,United States,2025,0.22,Base survey of 2021,annual,dollars per hundredweight sold
Milk,Operating costs,Marketing,dollars per hundredweight sold,No specific size,U.S. total,United States,2025,0.21,Base survey of 2021,annual,dollars per hundredweight sold
Milk,Operating costs,Grazed feed,dollars per hundredweight sold,No specific size,U.S. total,United States,2025,0.04,Base survey of 2021,annual,dollars per hundredweight sold
Milk,Gross value of production,Other income  ,dollars per hundredweight sold,No specific size,U.S. total,United States,2025,0.67,Base survey of 2021,annual,dollars per hundredweight sold
Milk,Gross value of production,"Total, gross value of production",dollars per hundredweight sold,No specific size,U.S. total,United States,2025,23.92,Base survey of 2021,annual,dollars per hundredweight sold
Milk,Costs listed,"Total, costs listed",dollars per hundredweight sold,No specific size,U.S. total,United States,2025,23.37,Base survey of 2021,annual,dollars per hundredweight sold
Milk,Supporting information,Output per cow,pounds,No specific size,U.S. total,United States,2025,22653.0,Base survey of 2021,annual,pounds
Milk,Operating costs,Veterinary and medicine,dollars per hundredweight sold,No specific size,U.S. total,United States,2025,0.79,Base survey of 2021,annual,dollars per hundredweight sold
Milk,Allocated overhead,"Total, allocated overhead",dollars per hundredweight sold,No specific size,U.S. total,United States,2025,9.62,Base survey of 2021,annual,dollars per hundredweight sold
Milk,Operating costs,Interest on operating capital,dollars per hundredweight sold,No specific size,U.S. total,United States,2025,0.26,Base survey of 2021,annual,dollars per hundredweight sold
Milk,Operating costs,Repairs,dollars per hundredweight sold,No specific size,U.S. total,United States,2025,0.83,Base survey of 2021,annual,dollars per hundredweight sold
Milk,Operating costs,Veterinary and medicine,dollars per hundredweight sold,No specific size,California,United States,2021,0.53,Base survey of 2021,annual,dollars per hundredweight sold
Milk,Operating costs,Veterinary and medicine,dollars per hundredweight sold,No specific size,California,United States,2022,0.6,Base survey of 2021,annual,dollars per hundredweight sold
Milk,Operating costs,Veterinary and medicine,dollars per hundredweight sold,No specific size,California,United States,2023,0.63,Base survey of 2021,annual,dollars per hundredweight sold
Milk,Operating costs,Veterinary and medicine,dollars per hundredweight sold,No specific size,California,United States,2024,0.65,Base survey of 2021,annual,dollars per hundredweight sold
Milk,Operating costs,Veterinary and medicine,dollars per hundredweight sold,No specific size,Indiana,United States,2021,0.67,Base survey of 2021,annual,dollars per hundredweight sold
Milk,Operating costs,Veterinary and medicine,dollars per hundredweight sold,No specific size,Indiana,United States,2022,0.75,Base survey of 2021,annual,dollars per hundredweight sold
Milk,Operating costs,Veterinary and medicine,dollars per hundredweight sold,No specific size,Indiana,United States,2023,0.79,Base survey of 2021,annual,dollars per hundredweight sold
Milk,Operating costs,Veterinary and medicine,dollars per hundredweight sold,No specific size,Indiana,United States,2024,0.82,Base survey of 2021,annual,dollars per hundredweight sold
Milk,Operating costs,Veterinary and medicine,dollars per hundredweight sold,No specific size,Iowa,United States,2021,0.63,Base survey of 2021,annual,dollars per hundredweight sold
Milk,Operating costs,Veterinary and medicine,dollars per hundredweight sold,No specific size,Iowa,United States,2022,0.71,Base survey of 2021,annual,dollars per hundredweight sold
Milk,Operating costs,Veterinary and medicine,dollars per hundredweight sold,No specific size,Iowa,United States,2023,0.74,Base survey of 2021,annual,dollars per hundredweight sold
Milk,Operating costs,Veterinary and medicine,dollars per hundredweight sold,No specific size,Iowa,United States,2024,0.77,Base survey of 2021,annual,dollars per hundredweight sold
Milk,Operating costs,Veterinary and medicine,dollars per hundredweight sold,No specific size,Kentucky,United States,2021,0.64,Base survey of 2021,annual,dollars per hundredweight sold
Milk,Operating costs,Veterinary and medicine,dollars per hundredweight sold,No specific size,Kentucky,United States,2022,0.72,Base survey of 2021,annual,dollars per hundredweight sold
Milk,Operating costs,Veterinary and medicine,dollars per hundredweight sold,No specific size,Kentucky,United States,2023,0.76,Base survey of 2021,annual,dollars per hundredweight sold
Milk,Operating costs,Veterinary and medicine,dollars per hundredweight sold,No specific size,Kentucky,United States,2024,0.79,Base survey of 2021,annual,dollars per hundredweight sold
Milk,Operating costs,Veterinary and medicine,dollars per hundredweight sold,No specific size,Michigan,United States,2021,0.92,Base survey of 2021,annual,dollars per hundredweight sold
Milk,Operating costs,Veterinary and medicine,dollars per hundredweight sold,No specific size,Michigan,United States,2022,1.03,Base survey of 2021,annual,dollars per hundredweight sold
Milk,Operating costs,Veterinary and medicine,dollars per hundredweight sold,No specific size,Michigan,United States,2023,1.09,Base survey of 2021,annual,dollars per hundredweight sold
Milk,Operating costs,Veterinary and medicine,dollars per hundredweight sold,No specific size,Michigan,United States,2024,1.12,Base survey of 2021,annual,dollars per hundredweight sold
Milk,Operating costs,Veterinary and medicine,dollars per hundredweight sold,No specific size,Minnesota,United States,2021,0.77,Base survey of 2021,annual,dollars per hundredweight sold
Milk,Operating costs,Veterinary and medicine,dollars per hundredweight sold,No specific size,Minnesota,United States,2022,0.86,Base survey of 2021,annual,dollars per hundredweight sold
Milk,Operating costs,Veterinary and medicine,dollars per hundredweight sold,No specific size,Minnesota,United States,2023,0.91,Base survey of 2021,annual,dollars per hundredweight sold
Milk,Operating costs,Veterinary and medicine,dollars per hundredweight sold,No specific size,Minnesota,United States,2024,0.94,Base survey of 2021,annual,dollars per hundredweight sold
Milk,Operating costs,Veterinary and medicine,dollars per hundredweight sold,No specific size,New York,United States,2021,0.79,Base survey of 2021,annual,dollars per hundredweight sold
Milk,Operating costs,Veterinary and medicine,dollars per hundredweight sold,No specific size,New York,United States,2022,0.89,Base survey of 2021,annual,dollars per hundredweight sold
Milk,Operating costs,Veterinary and medicine,dollars per hundredweight sold,No specific size,New York,United States,2023,0.94,Base survey of 2021,annual,dollars per hundredweight sold
Milk,Operating costs,Veterinary and medicine,dollars per hundredweight sold,No specific size,New York,United States,2024,0.97,Base survey of 2021,annual,dollars per hundredweight sold
Milk,Operating costs,Veterinary and medicine,dollars per hundredweight sold,No specific size,Ohio,United States,2021,0.73,Base survey of 2021,annual,dollars per hundredweight sold
Milk,Operating costs,Veterinary and medicine,dollars per hundredweight sold,No specific size,Ohio,United States,2022,0.82,Base survey of 2021,annual,dollars per hundredweight sold
Milk,Operating costs,Veterinary and medicine,dollars per hundredweight sold,No specific size,Ohio,United States,2023,0.86,Base survey of 2021,annual,dollars per hundredweight sold
Milk,Operating costs,Veterinary and medicine,dollars per hundredweight sold,No specific size,Ohio,United States,2024,0.89,Base survey of 2021,annual,dollars per hundredweight sold
Milk,Operating costs,Veterinary and medicine,dollars per hundredweight sold,No specific size,Pennsylvania,United States,2021,0.78,Base survey of 2021,annual,dollars per hundredweight sold
Milk,Operating costs,Veterinary and medicine,dollars per hundredweight sold,No specific size,Pennsylvania,United States,2022,0.88,Base survey of 2021,annual,dollars per hundredweight sold
Milk,Operating costs,Veterinary and medicine,dollars per hundredweight sold,No specific size,Pennsylvania,United States,2023,0.93,Base survey of 2021,annual,dollars per hundredweight sold
Milk,Operating costs,Veterinary and medicine,dollars per hundredweight sold,No specific size,Pennsylvania,United States,2024,0.96,Base survey of 2021,annual,dollars per hundredweight sold
Milk,Operating costs,Veterinary and medicine,dollars per hundredweight sold,No specific size,Wisconsin,United States,2021,0.71,Base survey of 2021,annual,dollars per hundredweight sold
Milk,Operating costs,Veterinary and medicine,dollars per hundredweight sold,No specific size,Wisconsin,United States,2022,0.79,Base survey of 2021,annual,dollars per hundredweight sold
Milk,Operating costs,Veterinary and medicine,dollars per hundredweight sold,No specific size,Wisconsin,United States,2023,0.84,Base survey of 2021,annual,dollars per hundredweight sold
Milk,Operating costs,Veterinary and medicine,dollars per hundredweight sold,No specific size,Wisconsin,United States,2024,0.87,Base survey of 2021,annual,dollars per hundredweight sold
Milk,Operating costs,Bedding and litter,dollars per hundredweight sold,No specific size,U.S. total,United States,2021,0.18,Base survey of 2021,annual,dollars per hundredweight sold
Milk,Operating costs,Bedding and litter,dollars per hundredweight sold,No specific size,U.S. total,United States,2022,0.2,Base survey of 2021,annual,dollars per hundredweight sold
Milk,Operating costs,Bedding and litter,dollars per hundredweight sold,No specific size,U.S. total,United States,2023,0.21,Base survey of 2021,annual,dollars per hundredweight sold
Milk,Operating costs,Bedding and litter,dollars per hundredweight sold,No specific size,U.S. total,United States,2024,0.21,Base survey of 2021,annual,dollars per hundredweight sold
Milk,Operating costs,Bedding and litter,dollars per hundredweight sold,No specific size,California,United States,2021,0.03,Base survey of 2021,annual,dollars per hundredweight sold
Milk,Operating costs,Bedding and litter,dollars per hundredweight sold,No specific size,California,United States,2022,0.03,Base survey of 2021,annual,dollars per hundredweight sold
Milk,Operating costs,Bedding and litter,dollars per hundredweight sold,No specific size,California,United States,2023,0.03,Base survey of 2021,annual,dollars per hundredweight sold
Milk,Operating costs,Bedding and litter,dollars per hundredweight sold,No specific size,California,United States,2024,0.04,Base survey of 2021,annual,dollars per hundredweight sold
Milk,Operating costs,Bedding and litter,dollars per hundredweight sold,No specific size,Indiana,United States,2021,0.36,Base survey of 2021,annual,dollars per hundredweight sold
Milk,Operating costs,Bedding and litter,dollars per hundredweight sold,No specific size,Indiana,United States,2022,0.4,Base survey of 2021,annual,dollars per hundredweight sold
Milk,Operating costs,Bedding and litter,dollars per hundredweight sold,No specific size,Indiana,United States,2023,0.42,Base survey of 2021,annual,dollars per hundredweight sold
Milk,Operating costs,Bedding and litter,dollars per hundredweight sold,No specific size,Indiana,United States,2024,0.44,Base survey of 2021,annual,dollars per hundredweight sold
Milk,Operating costs,Bedding and litter,dollars per hundredweight sold,No specific size,Iowa,United States,2021,0.17,Base survey of 2021,annual,dollars per hundredweight sold
Milk,Operating costs,Bedding and litter,dollars per hundredweight sold,No specific size,Iowa,United States,2022,0.19,Base survey of 2021,annual,dollars per hundredweight sold
Milk,Operating costs,Bedding and litter,dollars per hundredweight sold,No specific size,Iowa,United States,2023,0.2,Base survey of 2021,annual,dollars per hundredweight sold
Milk,Operating costs,Bedding and litter,dollars per hundredweight sold,No specific size,Iowa,United States,2024,0.21,Base survey of 2021,annual,dollars per hundredweight sold
Milk,Operating costs,Bedding and litter,dollars per hundredweight sold,No specific size,Kentucky,United States,2021,0.18,Base survey of 2021,annual,dollars per hundredweight sold
Milk,Operating costs,Bedding and litter,dollars per hundredweight sold,No specific size,Kentucky,United States,2022,0.21,Base survey of 2021,annual,dollars per hundredweight sold
Milk,Operating costs,Bedding and litter,dollars per hundredweight sold,No specific size,Kentucky,United States,2023,0.22,Base survey of 2021,annual,dollars per hundredweight sold
Milk,Operating costs,Bedding and litter,dollars per hundredweight sold,No specific size,Kentucky,United States,2024,0.22,Base survey of 2021,annual,dollars per hundredweight sold
Milk,Operating costs,Bedding and litter,dollars per hundredweight sold,No specific size,Michigan,United States,2021,0.28,Base survey of 2021,annual,dollars per hundredweight sold
Milk,Operating costs,Bedding and litter,dollars per hundredweight sold,No specific size,Michigan,United States,2022,0.31,Base survey of 2021,annual,dollars per hundredweight sold
Milk,Operating costs,Bedding and litter,dollars per hundredweight sold,No specific size,Michigan,United States,2023,0.33,Base survey of 2021,annual,dollars per hundredweight sold
Milk,Operating costs,Bedding and litter,dollars per hundredweight sold,No specific size,Michigan,United States,2024,0.34,Base survey of 2021,annual,dollars per hundredweight sold
Milk,Operating costs,Bedding and litter,dollars per hundredweight sold,No specific size,Minnesota,United States,2021,0.28,Base survey of 2021,annual,dollars per hundredweight sold
Milk,Operating costs,Bedding and litter,dollars per hundredweight sold,No specific size,Minnesota,United States,2022,0.31,Base survey of 2021,annual,dollars per hundredweight sold
Milk,Operating costs,Bedding and litter,dollars per hundredweight sold,No specific size,Minnesota,United States,2023,0.33,Base survey of 2021,annual,dollars per hundredweight sold
Milk,Operating costs,Bedding and litter,dollars per hundredweight sold,No specific size,Minnesota,United States,2024,0.34,Base survey of 2021,annual,dollars per hundredweight sold
Milk,Operating costs,Bedding and litter,dollars per hundredweight sold,No specific size,New York,United States,2021,0.34,Base survey of 2021,annual,dollars per hundredweight sold
Milk,Operating costs,Bedding and litter,dollars per hundredweight sold,No specific size,New York,United States,2022,0.38,Base survey of 2021,annual,dollars per hundredweight sold
Milk,Operating costs,Bedding and litter,dollars per hundredweight sold,No specific size,New York,United States,2023,0.4,Base survey of 2021,annual,dollars per hundredweight sold
Milk,Operating costs,Bedding and litter,dollars per hundredweight sold,No specific size,New York,United States,2024,0.42,Base survey of 2021,annual,dollars per hundredweight sold
Milk,Operating costs,Bedding and litter,dollars per hundredweight sold,No specific size,Ohio,United States,2021,0.28,Base survey of 2021,annual,dollars per hundredweight sold
Milk,Operating costs,Bedding and litter,dollars per hundredweight sold,No specific size,Ohio,United States,2022,0.31,Base survey of 2021,annual,dollars per hundredweight sold
Milk,Operating costs,Bedding and litter,dollars per hundredweight sold,No specific size,Ohio,United States,2023,0.33,Base survey of 2021,annual,dollars per hundredweight sold
Milk,Operating costs,Bedding and litter,dollars per hundredweight sold,No specific size,Ohio,United States,2024,0.34,Base survey of 2021,annual,dollars per hundredweight sold
Milk,Operating costs,Bedding and litter,dollars per hundredweight sold,No specific size,Pennsylvania,United States,2021,0.32,Base survey of 2021,annual,dollars per hundredweight sold
Milk,Operating costs,Bedding and litter,dollars per hundredweight sold,No specific size,Pennsylvania,United States,2022,0.35,Base survey of 2021,annual,dollars per hundredweight sold
Milk,Operating costs,Bedding and litter,dollars per hundredweight sold,No specific size,Pennsylvania,United States,2023,0.37,Base survey of 2021,annual,dollars per hundredweight sold
Milk,Operating costs,Bedding and litter,dollars per hundredweight sold,No specific size,Pennsylvania,United States,2024,0.39,Base survey of 2021,annual,dollars per hundredweight sold
Milk,Operating costs,Bedding and litter,dollars per hundredweight sold,No specific size,Wisconsin,United States,2021,0.28,Base survey of 2021,annual,dollars per hundredweight sold
Milk,Operating costs,Bedding and litter,dollars per hundredweight sold,No specific size,Wisconsin,United States,2022,0.32,Base survey of 2021,annual,dollars per hundredweight sold
Milk,Operating costs,Bedding and litter,dollars per hundredweight sold,No specific size,Wisconsin,United States,2023,0.33,Base survey of 2021,annual,dollars per hundredweight sold
Milk,Operating costs,Bedding and litter,dollars per hundredweight sold,No specific size,Wisconsin,United States,2024,0.34,Base survey of 2021,annual,dollars per hundredweight sold
Milk,Operating costs,Marketing,dollars per hundredweight sold,No specific size,U.S. total,United States,2021,0.16,Base survey of 2021,annual,dollars per hundredweight sold
Milk,Operating costs,Marketing,dollars per hundredweight sold,No specific size,U.S. total,United States,2022,0.18,Base survey of 2021,annual,dollars per hundredweight sold
Milk,Operating costs,Marketing,dollars per hundredweight sold,No specific size,U.S. total,United States,2023,0.19,Base survey of 2021,annual,dollars per hundredweight sold
Milk,Operating costs,Marketing,dollars per hundredweight sold,No specific size,U.S. total,United States,2024,0.2,Base survey of 2021,annual,dollars per hundredweight sold
Milk,Operating costs,Marketing,dollars per hundredweight sold,No specific size,California,United States,2021,0.16,Base survey of 2021,annual,dollars per hundredweight sold
Milk,Operating costs,Marketing,dollars per hundredweight sold,No specific size,California,United States,2022,0.18,Base survey of 2021,annual,dollars per hundredweight sold
Milk,Operating costs,Marketing,dollars per hundredweight sold,No specific size,California,United States,2023,0.19,Base survey of 2021,annual,dollars per hundredweight sold
Milk,Operating costs,Marketing,dollars per hundredweight sold,No specific size,California,United States,2024,0.2,Base survey of 2021,annual,dollars per hundredweight sold
Milk,Operating costs,Marketing,dollars per hundredweight sold,No specific size,Indiana,United States,2021,0.06,Base survey of 2021,annual,dollars per hundredweight sold
Milk,Operating costs,Marketing,dollars per hundredweight sold,No specific size,Indiana,United States,2022,0.07,Base survey of 2021,annual,dollars per hundredweight sold
Milk,Operating costs,Marketing,dollars per hundredweight sold,No specific size,Indiana,United States,2023,0.07,Base survey of 2021,annual,dollars per hundredweight sold
Milk,Operating costs,Marketing,dollars per hundredweight sold,No specific size,Indiana,United States,2024,0.07,Base survey of 2021,annual,dollars per hundredweight sold
Milk,Operating costs,Marketing,dollars per hundredweight sold,No specific size,Iowa,United States,2021,0.04,Base survey of 2021,annual,dollars per hundredweight sold
Milk,Operating costs,Marketing,dollars per hundredweight sold,No specific size,Iowa,United States,2022,0.05,Base survey of 2021,annual,dollars per hundredweight sold
Milk,Operating costs,Marketing,dollars per hundredweight sold,No specific size,Iowa,United States,2023,0.05,Base survey of 2021,annual,dollars per hundredweight sold
Milk,Operating costs,Marketing,dollars per hundredweight sold,No specific size,Iowa,United States,2024,0.05,Base survey of 2021,annual,dollars per hundredweight sold
Milk,Operating costs,Marketing,dollars per hundredweight sold,No specific size,Kentucky,United States,2021,0.06,Base survey of 2021,annual,dollars per hundredweight sold
Milk,Operating costs,Marketing,dollars per hundredweight sold,No specific size,Kentucky,United States,2022,0.06,Base survey of 2021,annual,dollars per hundredweight sold
Milk,Operating costs,Marketing,dollars per hundredweight sold,No specific size,Kentucky,United States,2023,0.07,Base survey of 2021,annual,dollars per hundredweight sold
Milk,Operating costs,Marketing,dollars per hundredweight sold,No specific size,Kentucky,United States,2024,0.07,Base survey of 2021,annual,dollars per hundredweight sold
Milk,Operating costs,Marketing,dollars per hundredweight sold,No specific size,Michigan,United States,2021,0.22,Base survey of 2021,annual,dollars per hundredweight sold
Milk,Operating costs,Marketing,dollars per hundredweight sold,No specific size,Michigan,United States,2022,0.25,Base survey of 2021,annual,dollars per hundredweight sold
Milk,Operating costs,Marketing,dollars per hundredweight sold,No specific size,Michigan,United States,2023,0.26,Base survey of 2021,annual,dollars per hundredweight sold
Milk,Operating costs,Marketing,dollars per hundredweight sold,No specific size,Michigan,United States,2024,0.27,Base survey of 2021,annual,dollars per hundredweight sold
Milk,Operating costs,Marketing,dollars per hundredweight sold,No specific size,Minnesota,United States,2021,0.09,Base survey of 2021,annual,dollars per hundredweight sold
Milk,Operating costs,Marketing,dollars per hundredweight sold,No specific size,Minnesota,United States,2022,0.1,Base survey of 2021,annual,dollars per hundredweight sold
Milk,Operating costs,Marketing,dollars per hundredweight sold,No specific size,Minnesota,United States,2023,0.11,Base survey of 2021,annual,dollars per hundredweight sold
Milk,Operating costs,Marketing,dollars per hundredweight sold,No specific size,Minnesota,United States,2024,0.11,Base survey of 2021,annual,dollars per hundredweight sold
Milk,Operating costs,Marketing,dollars per hundredweight sold,No specific size,New York,United States,2021,0.16,Base survey of 2021,annual,dollars per hundredweight sold
Milk,Operating costs,Marketing,dollars per hundredweight sold,No specific size,New York,United States,2022,0.17,Base survey of 2021,annual,dollars per hundredweight sold
Milk,Operating costs,Marketing,dollars per hundredweight sold,No specific size,New York,United States,2023,0.18,Base survey of 2021,annual,dollars per hundredweight sold
Milk,Operating costs,Marketing,dollars per hundredweight sold,No specific size,New York,United States,2024,0.19,Base survey of 2021,annual,dollars per hundredweight sold
Milk,Operating costs,Marketing,dollars per hundredweight sold,No specific size,Ohio,United States,2021,0.06,Base survey of 2021,annual,dollars per hundredweight sold
Milk,Operating costs,Marketing,dollars per hundredweight sold,No specific size,Ohio,United States,2022,0.07,Base survey of 2021,annual,dollars per hundredweight sold
Milk,Operating costs,Marketing,dollars per hundredweight sold,No specific size,Ohio,United States,2023,0.07,Base survey of 2021,annual,dollars per hundredweight sold
Milk,Operating costs,Marketing,dollars per hundredweight sold,No specific size,Ohio,United States,2024,0.08,Base survey of 2021,annual,dollars per hundredweight sold
Milk,Operating costs,Marketing,dollars per hundredweight sold,No specific size,Pennsylvania,United States,2021,0.16,Base survey of 2021,annual,dollars per hundredweight sold
Milk,Operating costs,Marketing,dollars per hundredweight sold,No specific size,Pennsylvania,United States,2022,0.18,Base survey of 2021,annual,dollars per hundredweight sold
Milk,Operating costs,Marketing,dollars per hundredweight sold,No specific size,Pennsylvania,United States,2023,0.19,Base survey of 2021,annual,dollars per hundredweight sold
Milk,Operating costs,Marketing,dollars per hundredweight sold,No specific size,Pennsylvania,United States,2024,0.2,Base survey of 2021,annual,dollars per hundredweight sold
Milk,Operating costs,Marketing,dollars per hundredweight sold,No specific size,Wisconsin,United States,2021,0.17,Base survey of 2021,annual,dollars per hundredweight sold
Milk,Operating costs,Marketing,dollars per hundredweight sold,No specific size,Wisconsin,United States,2022,0.2,Base survey of 2021,annual,dollars per hundredweight sold
Milk,Operating costs,Marketing,dollars per hundredweight sold,No specific size,Wisconsin,United States,2023,0.21,Base survey of 2021,annual,dollars per hundredweight sold
Milk,Operating costs,Marketing,dollars per hundredweight sold,No specific size,Wisconsin,United States,2024,0.21,Base survey of 2021,annual,dollars per hundredweight sold
Milk,Operating costs,Custom services,dollars per hundredweight sold,No specific size,U.S. total,United States,2021,0.71,Base survey of 2021,annual,dollars per hundredweight sold
Milk,Operating costs,Custom services,dollars per hundredweight sold,No specific size,U.S. total,United States,2022,0.8,Base survey of 2021,annual,dollars per hundredweight sold
Milk,Operating costs,Custom services,dollars per hundredweight sold,No specific size,U.S. total,United States,2023,0.84,Base survey of 2021,annual,dollars per hundredweight sold
Milk,Operating costs,Custom services,dollars per hundredweight sold,No specific size,U.S. total,United States,2024,0.87,Base survey of 2021,annual,dollars per hundredweight sold
Milk,Costs listed,"Total, costs listed",dollars per hundredweight sold,No specific size,Michigan,United States,2021,30.54,Base survey of 2021,annual,dollars per hundredweight sold
Milk,Costs listed,"Total, costs listed",dollars per hundredweight sold,No specific size,Michigan,United States,2022,36.22,Base survey of 2021,annual,dollars per hundredweight sold
Milk,Costs listed,"Total, costs listed",dollars per hundredweight sold,No specific size,Michigan,United States,2023,36.14,Base survey of 2021,annual,dollars per hundredweight sold
Milk,Costs listed,"Total, costs listed",dollars per hundredweight sold,No specific size,Michigan,United States,2024,32.69,Base survey of 2021,annual,dollars per hundredweight sold
Milk,Costs listed,"Total, costs listed",dollars per hundredweight sold,No specific size,Minnesota,United States,2021,24.11,Base survey of 2021,annual,dollars per hundredweight sold
Milk,Costs listed,"Total, costs listed",dollars per hundredweight sold,No specific size,Minnesota,United States,2022,28.5,Base survey of 2021,annual,dollars per hundredweight sold
Milk,Costs listed,"Total, costs listed",dollars per hundredweight sold,No specific size,Minnesota,United States,2023,28.27,Base survey of 2021,annual,dollars per hundredweight sold
Milk,Costs listed,"Total, costs listed",dollars per hundredweight sold,No specific size,Minnesota,United States,2024,25.58,Base survey of 2021,annual,dollars per hundredweight sold
Milk,Costs listed,"Total, costs listed",dollars per hundredweight sold,No specific size,New York,United States,2021,26.74,Base survey of 2021,annual,dollars per hundredweight sold
Milk,Costs listed,"Total, costs listed",dollars per hundredweight sold,No specific size,New York,United States,2022,31.38,Base survey of 2021,annual,dollars per hundredweight sold
Milk,Costs listed,"Total, costs listed",dollars per hundredweight sold,No specific size,New York,United States,2023,31.08,Base survey of 2021,annual,dollars per hundredweight sold
Milk,Costs listed,"Total, costs listed",dollars per hundredweight sold,No specific size,New York,United States,2024,28.62,Base survey of 2021,annual,dollars per hundredweight sold
Milk,Costs listed,"Total, costs listed",dollars per hundredweight sold,No specific size,Ohio,United States,2021,24.35,Base survey of 2021,annual,dollars per hundredweight sold
Milk,Costs listed,"Total, costs listed",dollars per hundredweight sold,No specific size,Ohio,United States,2022,28.79,Base survey of 2021,annual,dollars per hundredweight sold
Milk,Costs listed,"Total, costs listed",dollars per hundredweight sold,No specific size,Ohio,United States,2023,28.47,Base survey of 2021,annual,dollars per hundredweight sold
Milk,Costs listed,"Total, costs listed",dollars per hundredweight sold,No specific size,Ohio,United States,2024,25.87,Base survey of 2021,annual,dollars per hundredweight sold
Milk,Costs listed,"Total, costs listed",dollars per hundredweight sold,No specific size,Pennsylvania,United States,2021,31.18,Base survey of 2021,annual,dollars per hundredweight sold
Milk,Costs listed,"Total, costs listed",dollars per hundredweight sold,No specific size,Pennsylvania,United States,2022,36.55,Base survey of 2021,annual,dollars per hundredweight sold
Milk,Costs listed,"Total, costs listed",dollars per hundredweight sold,No specific size,Pennsylvania,United States,2023,36.55,Base survey of 2021,annual,dollars per hundredweight sold
Milk,Costs listed,"Total, costs listed",dollars per hundredweight sold,No specific size,Pennsylvania,United States,2024,33.6,Base survey of 2021,annual,dollars per hundredweight sold
Milk,Costs listed,"Total, costs listed",dollars per hundredweight sold,No specific size,Wisconsin,United States,2021,23.08,Base survey of 2021,annual,dollars per hundredweight sold
Milk,Costs listed,"Total, costs listed",dollars per hundredweight sold,No specific size,Wisconsin,United States,2022,27.41,Base survey of 2021,annual,dollars per hundredweight sold
Milk,Costs listed,"Total, costs listed",dollars per hundredweight sold,No specific size,Wisconsin,United States,2023,27.07,Base survey of 2021,annual,dollars per hundredweight sold
Milk,Costs listed,"Total, costs listed",dollars per hundredweight sold,No specific size,Wisconsin,United States,2024,24.29,Base survey of 2021,annual,dollars per hundredweight sold
Milk,Net value,Value of production less total costs listed,dollars per hundredweight sold,No specific size,U.S. total,United States,2021,-2.89,Base survey of 2021,annual,dollars per hundredweight sold
Milk,Net value,Value of production less total costs listed,dollars per hundredweight sold,No specific size,U.S. total,United States,2022,0.01,Base survey of 2021,annual,dollars per hundredweight sold
Milk,Net value,Value of production less total costs listed,dollars per hundredweight sold,No specific size,U.S. total,United States,2023,-4.23,Base survey of 2021,annual,dollars per hundredweight sold
Milk,Net value,Value of production less total costs listed,dollars per hundredweight sold,No specific size,U.S. total,United States,2024,1.29,Base survey of 2021,annual,dollars per hundredweight sold
Milk,Net value,Value of production less total costs listed,dollars per hundredweight sold,No specific size,California,United States,2021,0.55,Base survey of 2021,annual,dollars per hundredweight sold
Milk,Net value,Value of production less total costs listed,dollars per hundredweight sold,No specific size,California,United States,2022,4.02,Base survey of 2021,annual,dollars per hundredweight sold
Milk,Net value,Value of production less total costs listed,dollars per hundredweight sold,No specific size,California,United States,2023,-0.11,Base survey of 2021,annual,dollars per hundredweight sold
Milk,Net value,Value of production less total costs listed,dollars per hundredweight sold,No specific size,California,United States,2024,5.09,Base survey of 2021,annual,dollars per hundredweight sold
Milk,Net value,Value of production less total costs listed,dollars per hundredweight sold,No specific size,Indiana,United States,2021,-9.21,Base survey of 2021,annual,dollars per hundredweight sold
Milk,Net value,Value of production less total costs listed,dollars per hundredweight sold,No specific size,Indiana,United States,2022,-6.44,Base survey of 2021,annual,dollars per hundredweight sold
Milk,Net value,Value of production less total costs listed,dollars per hundredweight sold,No specific size,Indiana,United States,2023,-10.62,Base survey of 2021,annual,dollars per hundredweight sold
Milk,Net value,Value of production less total costs listed,dollars per hundredweight sold,No specific size,Indiana,United States,2024,-4.72,Base survey of 2021,annual,dollars per hundredweight sold
Milk,Net value,Value of production less total costs listed,dollars per hundredweight sold,No specific size,Iowa,United States,2021,-1.59,Base survey of 2021,annual,dollars per hundredweight sold
Milk,Net value,Value of production less total costs listed,dollars per hundredweight sold,No specific size,Iowa,United States,2022,0.47,Base survey of 2021,annual,dollars per hundredweight sold
Milk,Net value,Value of production less total costs listed,dollars per hundredweight sold,No specific size,Iowa,United States,2023,-4.25,Base survey of 2021,annual,dollars per hundredweight sold
Milk,Net value,Value of production less total costs listed,dollars per hundredweight sold,No specific size,Iowa,United States,2024,1.31,Base survey of 2021,annual,dollars per hundredweight sold
Milk,Net value,Value of production less total costs listed,dollars per hundredweight sold,No specific size,Kentucky,United States,2021,-5.28,Base survey of 2021,annual,dollars per hundredweight sold
Milk,Net value,Value of production less total costs listed,dollars per hundredweight sold,No specific size,Kentucky,United States,2022,-1.97,Base survey of 2021,annual,dollars per hundredweight sold
Milk,Net value,Value of production less total costs listed,dollars per hundredweight sold,No specific size,Kentucky,United States,2023,-6.25,Base survey of 2021,annual,dollars per hundredweight sold
Milk,Net value,Value of production less total costs listed,dollars per hundredweight sold,No specific size,Kentucky,United States,2024,-2.32,Base survey of 2021,annual,dollars per hundredweight sold
Milk,Net value,Value of production less total costs listed,dollars per hundredweight sold,No specific size,Michigan,United States,2021,-11.41,Base survey of 2021,annual,dollars per hundredweight sold
Milk,Net value,Value of production less total costs listed,dollars per hundredweight sold,No specific size,Michigan,United States,2022,-9.58,Base survey of 2021,annual,dollars per hundredweight sold
Milk,Net value,Value of production less total costs listed,dollars per hundredweight sold,No specific size,Michigan,United States,2023,-13.82,Base survey of 2021,annual,dollars per hundredweight sold
Milk,Net value,Value of production less total costs listed,dollars per hundredweight sold,No specific size,Michigan,United States,2024,-7.4,Base survey of 2021,annual,dollars per hundredweight sold
Milk,Net value,Value of production less total costs listed,dollars per hundredweight sold,No specific size,Minnesota,United States,2021,-3.32,Base survey of 2021,annual,dollars per hundredweight sold
Milk,Net value,Value of production less total costs listed,dollars per hundredweight sold,No specific size,Minnesota,United States,2022,-1.02,Base survey of 2021,annual,dollars per hundredweight sold
Milk,Net value,Value of production less total costs listed,dollars per hundredweight sold,No specific size,Minnesota,United States,2023,-6.45,Base survey of 2021,annual,dollars per hundredweight sold
Milk,Net value,Value of production less total costs listed,dollars per hundredweight sold,No specific size,Minnesota,United States,2024,-0.36,Base survey of 2021,annual,dollars per hundredweight sold
Milk,Net value,Value of production less total costs listed,dollars per hundredweight sold,No specific size,New York,United States,2021,-5.66,Base survey of 2021,annual,dollars per hundredweight sold
Milk,Net value,Value of production less total costs listed,dollars per hundredweight sold,No specific size,New York,United States,2022,-2.29,Base survey of 2021,annual,dollars per hundredweight sold
Milk,Net value,Value of production less total costs listed,dollars per hundredweight sold,No specific size,New York,United States,2023,-6.21,Base survey of 2021,annual,dollars per hundredweight sold
Milk,Net value,Value of production less total costs listed,dollars per hundredweight sold,No specific size,New York,United States,2024,-1.62,Base survey of 2021,annual,dollars per hundredweight sold
Milk,Net value,Value of production less total costs listed,dollars per hundredweight sold,No specific size,Ohio,United States,2021,-4.1,Base survey of 2021,annual,dollars per hundredweight sold
Milk,Net value,Value of production less total costs listed,dollars per hundredweight sold,No specific size,Ohio,United States,2022,-1.75,Base survey of 2021,annual,dollars per hundredweight sold
Milk,Net value,Value of production less total costs listed,dollars per hundredweight sold,No specific size,Ohio,United States,2023,-5.28,Base survey of 2021,annual,dollars per hundredweight sold
Milk,Net value,Value of production less total costs listed,dollars per hundredweight sold,No specific size,Ohio,United States,2024,-0.48,Base survey of 2021,annual,dollars per hundredweight sold
Milk,Net value,Value of production less total costs listed,dollars per hundredweight sold,No specific size,Pennsylvania,United States,2021,-10.22,Base survey of 2021,annual,dollars per hundredweight sold
Milk,Net value,Value of production less total costs listed,dollars per hundredweight sold,No specific size,Pennsylvania,United States,2022,-7.59,Base survey of 2021,annual,dollars per hundredweight sold
Milk,Net value,Value of production less total costs listed,dollars per hundredweight sold,No specific size,Pennsylvania,United States,2023,-12.48,Base survey of 2021,annual,dollars per hundredweight sold
Milk,Net value,Value of production less total costs listed,dollars per hundredweight sold,No specific size,Pennsylvania,United States,2024,-7.21,Base survey of 2021,annual,dollars per hundredweight sold
Milk,Net value,Value of production less total costs listed,dollars per hundredweight sold,No specific size,Wisconsin,United States,2021,-2.6,Base survey of 2021,annual,dollars per hundredweight sold
Milk,Net value,Value of production less total costs listed,dollars per hundredweight sold,No specific size,Wisconsin,United States,2022,-0.6,Base survey of 2021,annual,dollars per hundredweight sold
Milk,Net value,Value of production less total costs listed,dollars per hundredweight sold,No specific size,Wisconsin,United States,2023,-5.43,Base survey of 2021,annual,dollars per hundredweight sold
Milk,Net value,Value of production less total costs listed,dollars per hundredweight sold,No specific size,Wisconsin,United States,2024,-0.04,Base survey of 2021,annual,dollars per hundredweight sold
Milk,Net value,Value of production less operating costs,dollars per hundredweight sold,No specific size,U.S. total,United States,2021,5.11,Base survey of 2021,annual,dollars per hundredweight sold
Milk,Net value,Value of production less operating costs,dollars per hundredweight sold,No specific size,U.S. total,United States,2022,8.78,Base survey of 2021,annual,dollars per hundredweight sold
Milk,Net value,Value of production less operating costs,dollars per hundredweight sold,No specific size,U.S. total,United States,2023,4.94,Base survey of 2021,annual,dollars per hundredweight sold
Milk,Net value,Value of production less operating costs,dollars per hundredweight sold,No specific size,U.S. total,United States,2024,10.7,Base survey of 2021,annual,dollars per hundredweight sold
Milk,Net value,Value of production less operating costs,dollars per hundredweight sold,No specific size,California,United States,2021,5.73,Base survey of 2021,annual,dollars per hundredweight sold
Milk,Net value,Value of production less operating costs,dollars per hundredweight sold,No specific size,California,United States,2022,9.65,Base survey of 2021,annual,dollars per hundredweight sold
Milk,Net value,Value of production less operating costs,dollars per hundredweight sold,No specific size,California,United States,2023,5.8,Base survey of 2021,annual,dollars per hundredweight sold
Milk,Net value,Value of production less operating costs,dollars per hundredweight sold,No specific size,California,United States,2024,11.12,Base survey of 2021,annual,dollars per hundredweight sold
Milk,Net value,Value of production less operating costs,dollars per hundredweight sold,No specific size,Indiana,United States,2021,4.56,Base survey of 2021,annual,dollars per hundredweight sold
Milk,Net value,Value of production less operating costs,dollars per hundredweight sold,No specific size,Indiana,United States,2022,8.65,Base survey of 2021,annual,dollars per hundredweight sold
Milk,Net value,Value of production less operating costs,dollars per hundredweight sold,No specific size,Indiana,United States,2023,5.16,Base survey of 2021,annual,dollars per hundredweight sold
Milk,Net value,Value of production less operating costs,dollars per hundredweight sold,No specific size,Indiana,United States,2024,11.77,Base survey of 2021,annual,dollars per hundredweight sold
Milk,Net value,Value of production less operating costs,dollars per hundredweight sold,No specific size,Iowa,United States,2021,6.72,Base survey of 2021,annual,dollars per hundredweight sold
Milk,Net value,Value of production less operating costs,dollars per hundredweight sold,No specific size,Iowa,United States,2022,9.58,Base survey of 2021,annual,dollars per hundredweight sold
Milk,Net value,Value of production less operating costs,dollars per hundredweight sold,No specific size,Iowa,United States,2023,5.14,Base survey of 2021,annual,dollars per hundredweight sold
Milk,Net value,Value of production less operating costs,dollars per hundredweight sold,No specific size,Iowa,United States,2024,10.93,Base survey of 2021,annual,dollars per hundredweight sold
Milk,Net value,Value of production less operating costs,dollars per hundredweight sold,No specific size,Kentucky,United States,2021,7.2,Base survey of 2021,annual,dollars per hundredweight sold
Milk,Net value,Value of production less operating costs,dollars per hundredweight sold,No specific size,Kentucky,United States,2022,11.48,Base survey of 2021,annual,dollars per hundredweight sold
Milk,Net value,Value of production less operating costs,dollars per hundredweight sold,No specific size,Kentucky,United States,2023,7.61,Base survey of 2021,annual,dollars per hundredweight sold
Milk,Net value,Value of production less operating costs,dollars per hundredweight sold,No specific size,Kentucky,United States,2024,12.06,Base survey of 2021,annual,dollars per hundredweight sold
Milk,Net value,Value of production less operating costs,dollars per hundredweight sold,No specific size,Michigan,United States,2021,0.85,Base survey of 2021,annual,dollars per hundredweight sold
Milk,Net value,Value of production less operating costs,dollars per hundredweight sold,No specific size,Michigan,United States,2022,3.95,Base survey of 2021,annual,dollars per hundredweight sold
Milk,Net value,Value of production less operating costs,dollars per hundredweight sold,No specific size,Michigan,United States,2023,0.38,Base survey of 2021,annual,dollars per hundredweight sold
Milk,Net value,Value of production less operating costs,dollars per hundredweight sold,No specific size,Michigan,United States,2024,7.11,Base survey of 2021,annual,dollars per hundredweight sold
Milk,Net value,Value of production less operating costs,dollars per hundredweight sold,No specific size,Minnesota,United States,2021,6.59,Base survey of 2021,annual,dollars per hundredweight sold
Milk,Net value,Value of production less operating costs,dollars per hundredweight sold,No specific size,Minnesota,United States,2022,9.87,Base survey of 2021,annual,dollars per hundredweight sold
Milk,Net value,Value of production less operating costs,dollars per hundredweight sold,No specific size,Minnesota,United States,2023,4.97,Base survey of 2021,annual,dollars per hundredweight sold
Milk,Net value,Value of production less operating costs,dollars per hundredweight sold,No specific size,Minnesota,United States,2024,11.26,Base survey of 2021,annual,dollars per hundredweight sold
Milk,Net value,Value of production less operating costs,dollars per hundredweight sold,No specific size,New York,United States,2021,6.18,Base survey of 2021,annual,dollars per hundredweight sold
Milk,Net value,Value of production less operating costs,dollars per hundredweight sold,No specific size,New York,United States,2022,10.62,Base survey of 2021,annual,dollars per hundredweight sold
Milk,Net value,Value of production less operating costs,dollars per hundredweight sold,No specific size,New York,United States,2023,7.17,Base survey of 2021,annual,dollars per hundredweight sold
Milk,Net value,Value of production less operating costs,dollars per hundredweight sold,No specific size,New York,United States,2024,12.31,Base survey of 2021,annual,dollars per hundredweight sold
Milk,Net value,Value of production less operating costs,dollars per hundredweight sold,No specific size,Ohio,United States,2021,5.51,Base survey of 2021,annual,dollars per hundredweight sold
Milk,Net value,Value of production less operating costs,dollars per hundredweight sold,No specific size,Ohio,United States,2022,8.74,Base survey of 2021,annual,dollars per hundredweight sold
Milk,Net value,Value of production less operating costs,dollars per hundredweight sold,No specific size,Ohio,United States,2023,5.68,Base survey of 2021,annual,dollars per hundredweight sold
Milk,Net value,Value of production less operating costs,dollars per hundredweight sold,No specific size,Ohio,United States,2024,10.91,Base survey of 2021,annual,dollars per hundredweight sold
Milk,Net value,Value of production less operating costs,dollars per hundredweight sold,No specific size,Pennsylvania,United States,2021,4.05,Base survey of 2021,annual,dollars per hundredweight sold
Milk,Net value,Value of production less operating costs,dollars per hundredweight sold,No specific size,Pennsylvania,United States,2022,8.02,Base survey of 2021,annual,dollars per hundredweight sold
Milk,Net value,Value of production less operating costs,dollars per hundredweight sold,No specific size,Pennsylvania,United States,2023,3.74,Base survey of 2021,annual,dollars per hundredweight sold
Milk,Net value,Value of production less operating costs,dollars per hundredweight sold,No specific size,Pennsylvania,United States,2024,9.45,Base survey of 2021,annual,dollars per hundredweight sold
Milk,Net value,Value of production less operating costs,dollars per hundredweight sold,No specific size,Wisconsin,United States,2021,5.99,Base survey of 2021,annual,dollars per hundredweight sold
Milk,Net value,Value of production less operating costs,dollars per hundredweight sold,No specific size,Wisconsin,United States,2022,8.88,Base survey of 2021,annual,dollars per hundredweight sold
Milk,Net value,Value of production less operating costs,dollars per hundredweight sold,No specific size,Wisconsin,United States,2023,4.5,Base survey of 2021,annual,dollars per hundredweight sold
Milk,Net value,Value of production less operating costs,dollars per hundredweight sold,No specific size,Wisconsin,United States,2024,10.11,Base survey of 2021,annual,dollars per hundredweight sold
Milk,Supporting information,Milk cows,head per farm,No specific size,U.S. total,United States,2021,283.0,Base survey of 2021,annual,head per farm
Milk,Supporting information,Milk cows,head per farm,No specific size,U.S. total,United States,2022,283.0,Base survey of 2021,annual,head per farm
Milk,Supporting information,Milk cows,head per farm,No specific size,U.S. total,United States,2023,283.0,Base survey of 2021,annual,head per farm
Milk,Supporting information,Milk cows,head per farm,No specific size,U.S. total,United States,2024,283.0,Base survey of 2021,annual,head per farm
Milk,Supporting information,Milk cows,head per farm,No specific size,California,United States,2021,972.0,Base survey of 2021,annual,head per farm
Milk,Supporting information,Milk cows,head per farm,No specific size,California,United States,2022,972.0,Base survey of 2021,annual,head per farm
Milk,Supporting information,Milk cows,head per farm,No specific size,California,United States,2023,972.0,Base survey of 2021,annual,head per farm
Milk,Supporting information,Milk cows,head per farm,No specific size,California,United States,2024,972.0,Base survey of 2021,annual,head per farm
Milk,Supporting information,Milk cows,head per farm,No specific size,Indiana,United States,2021,71.0,Base survey of 2021,annual,head per farm
Milk,Supporting information,Milk cows,head per farm,No specific size,Indiana,United States,2022,71.0,Base survey of 2021,annual,head per farm
Milk,Supporting information,Milk cows,head per farm,No specific size,Indiana,United States,2023,71.0,Base survey of 2021,annual,head per farm
Milk,Supporting information,Milk cows,head per farm,No specific size,Indiana,United States,2024,71.0,Base survey of 2021,annual,head per farm
Milk,Supporting information,Milk cows,head per farm,No specific size,Iowa,United States,2021,178.0,Base survey of 2021,annual,head per farm
Milk,Supporting information,Milk cows,head per farm,No specific size,Iowa,United States,2022,178.0,Base survey of 2021,annual,head per farm
Milk,Supporting information,Milk cows,head per farm,No specific size,Iowa,United States,2023,178.0,Base survey of 2021,annual,head per farm
Milk,Supporting information,Milk cows,head per farm,No specific size,Iowa,United States,2024,178.0,Base survey of 2021,annual,head per farm
Milk,Supporting information,Milk cows,head per farm,No specific size,Kentucky,United States,2021,128.0,Base survey of 2021,annual,head per farm
Milk,Supporting information,Milk cows,head per farm,No specific size,Kentucky,United States,2022,128.0,Base survey of 2021,annual,head per farm
Milk,Supporting information,Milk cows,head per farm,No specific size,Kentucky,United States,2023,128.0,Base survey of 2021,annual,head per farm
Milk,Supporting information,Milk cows,head per farm,No specific size,Kentucky,United States,2024,128.0,Base survey of 2021,annual,head per farm
Milk,Supporting information,Milk cows,head per farm,No specific size,Michigan,United States,2021,211.0,Base survey of 2021,annual,head per farm
Milk,Supporting information,Milk cows,head per farm,No specific size,Michigan,United States,2022,211.0,Base survey of 2021,annual,head per farm
Milk,Supporting information,Milk cows,head per farm,No specific size,Michigan,United States,2023,211.0,Base survey of 2021,annual,head per farm
Milk,Supporting information,Milk cows,head per farm,No specific size,Michigan,United States,2024,211.0,Base survey of 2021,annual,head per farm
Milk,Supporting information,Milk cows,head per farm,No specific size,Minnesota,United States,2021,155.0,Base survey of 2021,annual,head per farm
Milk,Supporting information,Milk cows,head per farm,No specific size,Minnesota,United States,2022,155.0,Base survey of 2021,annual,head per farm
Milk,Supporting information,Milk cows,head per farm,No specific size,Minnesota,United States,2023,155.0,Base survey of 2021,annual,head per farm
Milk,Supporting information,Milk cows,head per farm,No specific size,Minnesota,United States,2024,155.0,Base survey of 2021,annual,head per farm
Milk,Supporting information,Milk cows,head per farm,No specific size,New York,United States,2021,192.0,Base survey of 2021,annual,head per farm
Milk,Supporting information,Milk cows,head per farm,No specific size,New York,United States,2022,192.0,Base survey of 2021,annual,head per farm
Milk,Supporting information,Milk cows,head per farm,No specific size,New York,United States,2023,192.0,Base survey of 2021,annual,head per farm
Milk,Supporting information,Milk cows,head per farm,No specific size,New York,United States,2024,192.0,Base survey of 2021,annual,head per farm
Milk,Supporting information,Milk cows,head per farm,No specific size,Ohio,United States,2021,144.0,Base survey of 2021,annual,head per farm
Milk,Supporting information,Milk cows,head per farm,No specific size,Ohio,United States,2022,144.0,Base survey of 2021,annual,head per farm
Milk,Supporting information,Milk cows,head per farm,No specific size,Ohio,United States,2023,144.0,Base survey of 2021,annual,head per farm
Milk,Supporting information,Milk cows,head per farm,No specific size,Ohio,United States,2024,144.0,Base survey of 2021,annual,head per farm
Milk,Supporting information,Milk cows,head per farm,No specific size,Pennsylvania,United States,2021,100.0,Base survey of 2021,annual,head per farm
Milk,Supporting information,Milk cows,head per farm,No specific size,Pennsylvania,United States,2022,100.0,Base survey of 2021,annual,head per farm
Milk,Supporting information,Milk cows,head per farm,No specific size,Pennsylvania,United States,2023,100.0,Base survey of 2021,annual,head per farm
Milk,Supporting information,Milk cows,head per farm,No specific size,Pennsylvania,United States,2024,100.0,Base survey of 2021,annual,head per farm
Milk,Supporting information,Milk cows,head per farm,No specific size,Wisconsin,United States,2021,225.0,Base survey of 2021,annual,head per farm
Milk,Supporting information,Milk cows,head per farm,No specific size,Wisconsin,United States,2022,225.0,Base survey of 2021,annual,head per farm
Milk,Supporting information,Milk cows,head per farm,No specific size,Wisconsin,United States,2023,225.0,Base survey of 2021,annual,head per farm
Milk,Supporting information,Milk cows,head per farm,No specific size,Wisconsin,United States,2024,225.0,Base survey of 2021,annual,head per farm
