report_month,report_year,narrative,Pool_Order_Name,Pool_order_No,total,report_title,slug_name,slug_id,office_name,office_code,office_city,office_state,market_location_name,market_location_city,market_location_state,market_type,market_type_category,published_date,year,period,value,data_item,category,unit
Dec,2000,,All Markets Combined,,3.69,Producer Milk Components,AMS_3462,3462,Dairy FMMOS,DY-NA,Washington,DC,"Washington, DC",Washington,DC,FMMOS,FMMOS - non-mars,04/09/2021 07:48:00,2000,2000-JAN,3.77,component,lmprs,
Dec,2000,,Appalachian,5.0,3.67,Producer Milk Components,AMS_3462,3462,Dairy FMMOS,DY-NA,Washington,DC,"Washington, DC",Washington,DC,FMMOS,FMMOS - non-mars,04/09/2021 07:48:00,2000,2000-JAN,3.79,component,lmprs,
Dec,2000,,Arizona,131.0,3.62,Producer Milk Components,AMS_3462,3462,Dairy FMMOS,DY-NA,Washington,DC,"Washington, DC",Washington,DC,FMMOS,FMMOS - non-mars,04/09/2021 07:48:00,2000,2000-JAN,3.72,component,lmprs,
Dec,2000,,Central,32.0,3.69,Producer Milk Components,AMS_3462,3462,Dairy FMMOS,DY-NA,Washington,DC,"Washington, DC",Washington,DC,FMMOS,FMMOS - non-mars,04/09/2021 07:48:00,2000,2000-JAN,3.78,component,lmprs,
Dec,2000,,Florida,6.0,3.60,Producer Milk Components,AMS_3462,3462,Dairy FMMOS,DY-NA,Washington,DC,"Washington, DC",Washington,DC,FMMOS,FMMOS - non-mars,04/09/2021 07:48:00,2000,2000-JAN,3.60,component,lmprs,
Dec,2000,,Mideast,33.0,3.72,Producer Milk Components,AMS_3462,3462,Dairy FMMOS,DY-NA,Washington,DC,"Washington, DC",Washington,DC,FMMOS,FMMOS - non-mars,04/09/2021 07:48:00,2000,2000-JAN,3.85,component,lmprs,
Dec,2000,,Northeast,1.0,3.71,Producer Milk Components,AMS_3462,3462,Dairy FMMOS,DY-NA,Washington,DC,"Washington, DC",Washington,DC,FMMOS,FMMOS - non-mars,04/09/2021 07:48:00,2000,2000-JAN,3.78,component,lmprs,
Dec,2000,,Pacific Northwest,124.0,3.65,Producer Milk Components,AMS_3462,3462,Dairy FMMOS,DY-NA,Washington,DC,"Washington, DC",Washington,DC,FMMOS,FMMOS - non-mars,04/09/2021 07:48:00,2000,2000-JAN,3.71,component,lmprs,
Dec,2000,,Southeast,7.0,3.64,Producer Milk Components,AMS_3462,3462,Dairy FMMOS,DY-NA,Washington,DC,"Washington, DC",Washington,DC,FMMOS,FMMOS - non-mars,04/09/2021 07:48:00,2000,2000-JAN,3.69,component,lmprs,
Dec,2000,,Southwest,126.0,3.60,Producer Milk Components,AMS_3462,3462,Dairy FMMOS,DY-NA,Washington,DC,"Washington, DC",Washington,DC,FMMOS,FMMOS - non-mars,04/09/2021 07:48:00,2000,2000-JAN,3.71,component,lmprs,
Dec,2000,,Upper Midwest,30.0,3.73,Producer Milk Components,AMS_3462,3462,Dairy FMMOS,DY-NA,Washington,DC,"Washington, DC",Washington,DC,FMMOS,FMMOS - non-mars,04/09/2021 07:48:00,2000,2000-JAN,3.81,component,lmprs,
Dec,2000,,Western,135.0,3.60,Producer Milk Components,AMS_3462,3462,Dairy FMMOS,DY-NA,Washington,DC,"Washington, DC",Washington,DC,FMMOS,FMMOS - non-mars,04/09/2021 07:48:00,2000,2000-JAN,3.72,component,lmprs,
Dec,2001,,Western,135.0,3.61,Producer Milk Components,AMS_3462,3462,Dairy FMMOS,DY-NA,Washington,DC,"Washington, DC",Washington,DC,FMMOS,FMMOS - non-mars,04/09/2021 07:46:00,2001,2001-JAN,3.69,component,lmprs,
Dec,2001,,Upper Midwest,30.0,3.72,Producer Milk Components,AMS_3462,3462,Dairy FMMOS,DY-NA,Washington,DC,"Washington, DC",Washington,DC,FMMOS,FMMOS - non-mars,04/09/2021 07:46:00,2001,2001-JAN,3.81,component,lmprs,
Dec,2001,,Southwest,126.0,3.62,Producer Milk Components,AMS_3462,3462,Dairy FMMOS,DY-NA,Washington,DC,"Washington, DC",Washington,DC,FMMOS,FMMOS - non-mars,04/09/2021 07:46:00,2001,2001-JAN,3.77,component,lmprs,
Dec,2001,,Southeast,7.0,3.64,Producer Milk Components,AMS_3462,3462,Dairy FMMOS,DY-NA,Washington,DC,"Washington, DC",Washington,DC,FMMOS,FMMOS - non-mars,04/09/2021 07:46:00,2001,2001-JAN,3.81,component,lmprs,
Dec,2001,,Pacific Northwest,124.0,3.66,Producer Milk Components,AMS_3462,3462,Dairy FMMOS,DY-NA,Washington,DC,"Washington, DC",Washington,DC,FMMOS,FMMOS - non-mars,04/09/2021 07:46:00,2001,2001-JAN,3.72,component,lmprs,
Dec,2001,,Northeast,1.0,3.68,Producer Milk Components,AMS_3462,3462,Dairy FMMOS,DY-NA,Washington,DC,"Washington, DC",Washington,DC,FMMOS,FMMOS - non-mars,04/09/2021 07:46:00,2001,2001-JAN,3.78,component,lmprs,
Dec,2001,,Mideast,33.0,3.68,Producer Milk Components,AMS_3462,3462,Dairy FMMOS,DY-NA,Washington,DC,"Washington, DC",Washington,DC,FMMOS,FMMOS - non-mars,04/09/2021 07:46:00,2001,2001-JAN,3.81,component,lmprs,
Dec,2001,,Florida,6.0,3.60,Producer Milk Components,AMS_3462,3462,Dairy FMMOS,DY-NA,Washington,DC,"Washington, DC",Washington,DC,FMMOS,FMMOS - non-mars,04/09/2021 07:46:00,2001,2001-JAN,3.66,component,lmprs,
Dec,2001,,Central,32.0,3.69,Producer Milk Components,AMS_3462,3462,Dairy FMMOS,DY-NA,Washington,DC,"Washington, DC",Washington,DC,FMMOS,FMMOS - non-mars,04/09/2021 07:46:00,2001,2001-JAN,3.79,component,lmprs,
Dec,2001,,Arizona,131.0,3.62,Producer Milk Components,AMS_3462,3462,Dairy FMMOS,DY-NA,Washington,DC,"Washington, DC",Washington,DC,FMMOS,FMMOS - non-mars,04/09/2021 07:46:00,2001,2001-JAN,3.71,component,lmprs,
Dec,2001,,Appalachian,5.0,3.65,Producer Milk Components,AMS_3462,3462,Dairy FMMOS,DY-NA,Washington,DC,"Washington, DC",Washington,DC,FMMOS,FMMOS - non-mars,04/09/2021 07:46:00,2001,2001-JAN,3.78,component,lmprs,
Dec,2001,,All Markets Combined,,3.67,Producer Milk Components,AMS_3462,3462,Dairy FMMOS,DY-NA,Washington,DC,"Washington, DC",Washington,DC,FMMOS,FMMOS - non-mars,04/09/2021 07:46:00,2001,2001-JAN,3.78,component,lmprs,
Dec,2002,,All Markets Combined,,3.69,Producer Milk Components,AMS_3462,3462,Dairy FMMOS,DY-NA,Washington,DC,"Washington, DC",Washington,DC,FMMOS,FMMOS - non-mars,04/09/2021 07:46:00,2002,2002-JAN,3.77,component,lmprs,
Dec,2002,,Appalachian,5.0,3.66,Producer Milk Components,AMS_3462,3462,Dairy FMMOS,DY-NA,Washington,DC,"Washington, DC",Washington,DC,FMMOS,FMMOS - non-mars,04/09/2021 07:46:00,2002,2002-JAN,3.77,component,lmprs,
Dec,2002,,Arizona,131.0,3.63,Producer Milk Components,AMS_3462,3462,Dairy FMMOS,DY-NA,Washington,DC,"Washington, DC",Washington,DC,FMMOS,FMMOS - non-mars,04/09/2021 07:46:00,2002,2002-JAN,3.73,component,lmprs,
Dec,2002,,Central,32.0,3.70,Producer Milk Components,AMS_3462,3462,Dairy FMMOS,DY-NA,Washington,DC,"Washington, DC",Washington,DC,FMMOS,FMMOS - non-mars,04/09/2021 07:46:00,2002,2002-JAN,3.78,component,lmprs,
Dec,2002,,Florida,6.0,3.67,Producer Milk Components,AMS_3462,3462,Dairy FMMOS,DY-NA,Washington,DC,"Washington, DC",Washington,DC,FMMOS,FMMOS - non-mars,04/09/2021 07:46:00,2002,2002-JAN,3.71,component,lmprs,
Dec,2002,,Mideast,33.0,3.69,Producer Milk Components,AMS_3462,3462,Dairy FMMOS,DY-NA,Washington,DC,"Washington, DC",Washington,DC,FMMOS,FMMOS - non-mars,04/09/2021 07:46:00,2002,2002-JAN,3.80,component,lmprs,
Dec,2002,,Northeast,1.0,3.69,Producer Milk Components,AMS_3462,3462,Dairy FMMOS,DY-NA,Washington,DC,"Washington, DC",Washington,DC,FMMOS,FMMOS - non-mars,04/09/2021 07:46:00,2002,2002-JAN,3.76,component,lmprs,
Dec,2002,,Pacific Northwest,124.0,3.67,Producer Milk Components,AMS_3462,3462,Dairy FMMOS,DY-NA,Washington,DC,"Washington, DC",Washington,DC,FMMOS,FMMOS - non-mars,04/09/2021 07:46:00,2002,2002-JAN,3.72,component,lmprs,
Dec,2002,,Southeast,7.0,3.66,Producer Milk Components,AMS_3462,3462,Dairy FMMOS,DY-NA,Washington,DC,"Washington, DC",Washington,DC,FMMOS,FMMOS - non-mars,04/09/2021 07:46:00,2002,2002-JAN,3.75,component,lmprs,
Dec,2002,,Southwest,126.0,3.64,Producer Milk Components,AMS_3462,3462,Dairy FMMOS,DY-NA,Washington,DC,"Washington, DC",Washington,DC,FMMOS,FMMOS - non-mars,04/09/2021 07:46:00,2002,2002-JAN,3.74,component,lmprs,
Dec,2002,,Upper Midwest,30.0,3.73,Producer Milk Components,AMS_3462,3462,Dairy FMMOS,DY-NA,Washington,DC,"Washington, DC",Washington,DC,FMMOS,FMMOS - non-mars,04/09/2021 07:46:00,2002,2002-JAN,3.80,component,lmprs,
Dec,2002,,Western,135.0,3.63,Producer Milk Components,AMS_3462,3462,Dairy FMMOS,DY-NA,Washington,DC,"Washington, DC",Washington,DC,FMMOS,FMMOS - non-mars,04/09/2021 07:46:00,2002,2002-JAN,3.74,component,lmprs,
Dec,2003,,Western,135.0,3.60,Producer Milk Components,AMS_3462,3462,Dairy FMMOS,DY-NA,Washington,DC,"Washington, DC",Washington,DC,FMMOS,FMMOS - non-mars,04/09/2021 07:46:00,2003,2003-JAN,3.68,component,lmprs,
Dec,2003,,Upper Midwest,30.0,3.72,Producer Milk Components,AMS_3462,3462,Dairy FMMOS,DY-NA,Washington,DC,"Washington, DC",Washington,DC,FMMOS,FMMOS - non-mars,04/09/2021 07:46:00,2003,2003-JAN,3.77,component,lmprs,
Dec,2003,,Southwest,126.0,3.62,Producer Milk Components,AMS_3462,3462,Dairy FMMOS,DY-NA,Washington,DC,"Washington, DC",Washington,DC,FMMOS,FMMOS - non-mars,04/09/2021 07:46:00,2003,2003-JAN,3.75,component,lmprs,
Dec,2003,,Southeast,7.0,3.63,Producer Milk Components,AMS_3462,3462,Dairy FMMOS,DY-NA,Washington,DC,"Washington, DC",Washington,DC,FMMOS,FMMOS - non-mars,04/09/2021 07:46:00,2003,2003-JAN,3.74,component,lmprs,
Dec,2003,,Northeast,1.0,3.70,Producer Milk Components,AMS_3462,3462,Dairy FMMOS,DY-NA,Washington,DC,"Washington, DC",Washington,DC,FMMOS,FMMOS - non-mars,04/09/2021 07:46:00,2003,2003-JAN,3.80,component,lmprs,
Dec,2003,,Pacific Northwest,124.0,3.66,Producer Milk Components,AMS_3462,3462,Dairy FMMOS,DY-NA,Washington,DC,"Washington, DC",Washington,DC,FMMOS,FMMOS - non-mars,04/09/2021 07:46:00,2003,2003-JAN,3.71,component,lmprs,
Dec,2003,,Mideast,33.0,3.69,Producer Milk Components,AMS_3462,3462,Dairy FMMOS,DY-NA,Washington,DC,"Washington, DC",Washington,DC,FMMOS,FMMOS - non-mars,04/09/2021 07:46:00,2003,2003-JAN,3.79,component,lmprs,
Dec,2003,,Florida,6.0,3.57,Producer Milk Components,AMS_3462,3462,Dairy FMMOS,DY-NA,Washington,DC,"Washington, DC",Washington,DC,FMMOS,FMMOS - non-mars,04/09/2021 07:46:00,2003,2003-JAN,3.65,component,lmprs,
Dec,2003,,Arizona,131.0,3.59,Producer Milk Components,AMS_3462,3462,Dairy FMMOS,DY-NA,Washington,DC,"Washington, DC",Washington,DC,FMMOS,FMMOS - non-mars,04/09/2021 07:46:00,2003,2003-JAN,3.63,component,lmprs,
Dec,2003,,Central,32.0,3.68,Producer Milk Components,AMS_3462,3462,Dairy FMMOS,DY-NA,Washington,DC,"Washington, DC",Washington,DC,FMMOS,FMMOS - non-mars,04/09/2021 07:46:00,2003,2003-JAN,3.77,component,lmprs,
Dec,2003,,Appalachian,5.0,3.65,Producer Milk Components,AMS_3462,3462,Dairy FMMOS,DY-NA,Washington,DC,"Washington, DC",Washington,DC,FMMOS,FMMOS - non-mars,04/09/2021 07:46:00,2003,2003-JAN,3.76,component,lmprs,
Dec,2003,,All Markets Combined,,3.67,Producer Milk Components,AMS_3462,3462,Dairy FMMOS,DY-NA,Washington,DC,"Washington, DC",Washington,DC,FMMOS,FMMOS - non-mars,04/09/2021 07:46:00,2003,2003-JAN,3.76,component,lmprs,
Dec,2004,,All Markets Combined,,3.67,Producer Milk Components,AMS_3462,3462,Dairy FMMOS,DY-NA,Washington,DC,"Washington, DC",Washington,DC,FMMOS,FMMOS - non-mars,04/09/2021 07:44:00,2004,2004-JAN,3.77,component,lmprs,
Dec,2004,,Appalachian,5.0,3.62,Producer Milk Components,AMS_3462,3462,Dairy FMMOS,DY-NA,Washington,DC,"Washington, DC",Washington,DC,FMMOS,FMMOS - non-mars,04/09/2021 07:44:00,2004,2004-JAN,3.72,component,lmprs,
Dec,2004,,Central,32.0,3.66,Producer Milk Components,AMS_3462,3462,Dairy FMMOS,DY-NA,Washington,DC,"Washington, DC",Washington,DC,FMMOS,FMMOS - non-mars,04/09/2021 07:44:00,2004,2004-JAN,3.75,component,lmprs,
Dec,2004,,Arizona,131.0,3.61,Producer Milk Components,AMS_3462,3462,Dairy FMMOS,DY-NA,Washington,DC,"Washington, DC",Washington,DC,FMMOS,FMMOS - non-mars,04/09/2021 07:44:00,2004,2004-JAN,3.67,component,lmprs,
Dec,2004,,Florida,6.0,3.61,Producer Milk Components,AMS_3462,3462,Dairy FMMOS,DY-NA,Washington,DC,"Washington, DC",Washington,DC,FMMOS,FMMOS - non-mars,04/09/2021 07:44:00,2004,2004-JAN,3.67,component,lmprs,
Dec,2004,,Mideast,33.0,3.67,Producer Milk Components,AMS_3462,3462,Dairy FMMOS,DY-NA,Washington,DC,"Washington, DC",Washington,DC,FMMOS,FMMOS - non-mars,04/09/2021 07:44:00,2004,2004-JAN,3.79,component,lmprs,
Dec,2004,,Pacific Northwest,124.0,3.68,Producer Milk Components,AMS_3462,3462,Dairy FMMOS,DY-NA,Washington,DC,"Washington, DC",Washington,DC,FMMOS,FMMOS - non-mars,04/09/2021 07:44:00,2004,2004-JAN,3.82,component,lmprs,
Dec,2004,,Northeast,1.0,3.66,Producer Milk Components,AMS_3462,3462,Dairy FMMOS,DY-NA,Washington,DC,"Washington, DC",Washington,DC,FMMOS,FMMOS - non-mars,04/09/2021 07:44:00,2004,2004-JAN,3.76,component,lmprs,
Dec,2004,,Southeast,7.0,3.65,Producer Milk Components,AMS_3462,3462,Dairy FMMOS,DY-NA,Washington,DC,"Washington, DC",Washington,DC,FMMOS,FMMOS - non-mars,04/09/2021 07:44:00,2004,2004-JAN,3.75,component,lmprs,
Dec,2004,,Southwest,126.0,3.64,Producer Milk Components,AMS_3462,3462,Dairy FMMOS,DY-NA,Washington,DC,"Washington, DC",Washington,DC,FMMOS,FMMOS - non-mars,04/09/2021 07:44:00,2004,2004-JAN,3.72,component,lmprs,
Dec,2004,,Upper Midwest,30.0,3.72,Producer Milk Components,AMS_3462,3462,Dairy FMMOS,DY-NA,Washington,DC,"Washington, DC",Washington,DC,FMMOS,FMMOS - non-mars,04/09/2021 07:44:00,2004,2004-JAN,3.82,component,lmprs,
Dec,2004,,Western,135.0,3.70,Producer Milk Components,AMS_3462,3462,Dairy FMMOS,DY-NA,Washington,DC,"Washington, DC",Washington,DC,FMMOS,FMMOS - non-mars,04/09/2021 07:44:00,2004,2004-JAN,3.73,component,lmprs,
Dec,2005,,Upper Midwest,30.0,3.71,Producer Milk Components,AMS_3462,3462,Dairy FMMOS,DY-NA,Washington,DC,"Washington, DC",Washington,DC,FMMOS,FMMOS - non-mars,03/30/2021 14:16:00,2005,2005-JAN,3.79,component,lmprs,
Dec,2005,,Southwest,126.0,3.66,Producer Milk Components,AMS_3462,3462,Dairy FMMOS,DY-NA,Washington,DC,"Washington, DC",Washington,DC,FMMOS,FMMOS - non-mars,03/30/2021 14:16:00,2005,2005-JAN,3.74,component,lmprs,
Dec,2005,,Southeast,7.0,3.63,Producer Milk Components,AMS_3462,3462,Dairy FMMOS,DY-NA,Washington,DC,"Washington, DC",Washington,DC,FMMOS,FMMOS - non-mars,03/30/2021 14:16:00,2005,2005-JAN,3.72,component,lmprs,
Dec,2005,,Northeast,1.0,3.67,Producer Milk Components,AMS_3462,3462,Dairy FMMOS,DY-NA,Washington,DC,"Washington, DC",Washington,DC,FMMOS,FMMOS - non-mars,03/30/2021 14:16:00,2005,2005-JAN,3.74,component,lmprs,
Dec,2005,,Pacific Northwest,124.0,3.67,Producer Milk Components,AMS_3462,3462,Dairy FMMOS,DY-NA,Washington,DC,"Washington, DC",Washington,DC,FMMOS,FMMOS - non-mars,03/30/2021 14:16:00,2005,2005-JAN,3.74,component,lmprs,
Dec,2005,,Mideast,33.0,3.65,Producer Milk Components,AMS_3462,3462,Dairy FMMOS,DY-NA,Washington,DC,"Washington, DC",Washington,DC,FMMOS,FMMOS - non-mars,03/30/2021 14:16:00,2005,2005-JAN,3.76,component,lmprs,
Dec,2005,,Florida,6.0,3.60,Producer Milk Components,AMS_3462,3462,Dairy FMMOS,DY-NA,Washington,DC,"Washington, DC",Washington,DC,FMMOS,FMMOS - non-mars,03/30/2021 14:16:00,2005,2005-JAN,3.60,component,lmprs,
Dec,2005,,Central,32.0,3.64,Producer Milk Components,AMS_3462,3462,Dairy FMMOS,DY-NA,Washington,DC,"Washington, DC",Washington,DC,FMMOS,FMMOS - non-mars,03/30/2021 14:16:00,2005,2005-JAN,3.74,component,lmprs,
Dec,2005,,Appalachian,5.0,3.62,Producer Milk Components,AMS_3462,3462,Dairy FMMOS,DY-NA,Washington,DC,"Washington, DC",Washington,DC,FMMOS,FMMOS - non-mars,03/30/2021 14:16:00,2005,2005-JAN,3.70,component,lmprs,
Dec,2005,,Arizona,131.0,3.59,Producer Milk Components,AMS_3462,3462,Dairy FMMOS,DY-NA,Washington,DC,"Washington, DC",Washington,DC,FMMOS,FMMOS - non-mars,03/30/2021 14:16:00,2005,2005-JAN,3.68,component,lmprs,
Dec,2005,,All Markets Combined,,3.66,Producer Milk Components,AMS_3462,3462,Dairy FMMOS,DY-NA,Washington,DC,"Washington, DC",Washington,DC,FMMOS,FMMOS - non-mars,03/30/2021 14:16:00,2005,2005-JAN,3.75,component,lmprs,
Dec,2006,,All Markets Combined,,3.69,Producer Milk Components,AMS_3462,3462,Dairy FMMOS,DY-NA,Washington,DC,"Washington, DC",Washington,DC,FMMOS,FMMOS - non-mars,03/30/2021 14:16:00,2006,2006-JAN,3.77,component,lmprs,
Dec,2006,,Arizona,131.0,3.59,Producer Milk Components,AMS_3462,3462,Dairy FMMOS,DY-NA,Washington,DC,"Washington, DC",Washington,DC,FMMOS,FMMOS - non-mars,03/30/2021 14:16:00,2006,2006-JAN,3.67,component,lmprs,
Dec,2006,,Appalachian,5.0,3.67,Producer Milk Components,AMS_3462,3462,Dairy FMMOS,DY-NA,Washington,DC,"Washington, DC",Washington,DC,FMMOS,FMMOS - non-mars,03/30/2021 14:16:00,2006,2006-JAN,3.75,component,lmprs,
Dec,2006,,Central,32.0,3.67,Producer Milk Components,AMS_3462,3462,Dairy FMMOS,DY-NA,Washington,DC,"Washington, DC",Washington,DC,FMMOS,FMMOS - non-mars,03/30/2021 14:16:00,2006,2006-JAN,3.74,component,lmprs,
Dec,2006,,Florida,6.0,3.66,Producer Milk Components,AMS_3462,3462,Dairy FMMOS,DY-NA,Washington,DC,"Washington, DC",Washington,DC,FMMOS,FMMOS - non-mars,03/30/2021 14:16:00,2006,2006-JAN,3.70,component,lmprs,
Dec,2006,,Mideast,33.0,3.69,Producer Milk Components,AMS_3462,3462,Dairy FMMOS,DY-NA,Washington,DC,"Washington, DC",Washington,DC,FMMOS,FMMOS - non-mars,03/30/2021 14:16:00,2006,2006-JAN,3.76,component,lmprs,
Dec,2006,,Pacific Northwest,124.0,3.69,Producer Milk Components,AMS_3462,3462,Dairy FMMOS,DY-NA,Washington,DC,"Washington, DC",Washington,DC,FMMOS,FMMOS - non-mars,03/30/2021 14:16:00,2006,2006-JAN,3.76,component,lmprs,
Dec,2006,,Northeast,1.0,3.71,Producer Milk Components,AMS_3462,3462,Dairy FMMOS,DY-NA,Washington,DC,"Washington, DC",Washington,DC,FMMOS,FMMOS - non-mars,03/30/2021 14:16:00,2006,2006-JAN,3.79,component,lmprs,
Dec,2006,,Southeast,7.0,3.67,Producer Milk Components,AMS_3462,3462,Dairy FMMOS,DY-NA,Washington,DC,"Washington, DC",Washington,DC,FMMOS,FMMOS - non-mars,03/30/2021 14:16:00,2006,2006-JAN,3.76,component,lmprs,
Dec,2006,,Southwest,126.0,3.69,Producer Milk Components,AMS_3462,3462,Dairy FMMOS,DY-NA,Washington,DC,"Washington, DC",Washington,DC,FMMOS,FMMOS - non-mars,03/30/2021 14:16:00,2006,2006-JAN,3.81,component,lmprs,
Dec,2006,,Upper Midwest,30.0,3.72,Producer Milk Components,AMS_3462,3462,Dairy FMMOS,DY-NA,Washington,DC,"Washington, DC",Washington,DC,FMMOS,FMMOS - non-mars,03/30/2021 14:16:00,2006,2006-JAN,3.78,component,lmprs,
Dec,2007,,Upper Midwest,30.0,3.71,Producer Milk Components,AMS_3462,3462,Dairy FMMOS,DY-NA,Washington,DC,"Washington, DC",Washington,DC,FMMOS,FMMOS - non-mars,03/30/2021 14:16:00,2007,2007-JAN,3.78,component,lmprs,
Dec,2007,,Southwest,126.0,3.67,Producer Milk Components,AMS_3462,3462,Dairy FMMOS,DY-NA,Washington,DC,"Washington, DC",Washington,DC,FMMOS,FMMOS - non-mars,03/30/2021 14:16:00,2007,2007-JAN,3.85,component,lmprs,
Dec,2007,,Southeast,7.0,3.67,Producer Milk Components,AMS_3462,3462,Dairy FMMOS,DY-NA,Washington,DC,"Washington, DC",Washington,DC,FMMOS,FMMOS - non-mars,03/30/2021 14:16:00,2007,2007-JAN,3.79,component,lmprs,
Dec,2007,,Northeast,1.0,3.70,Producer Milk Components,AMS_3462,3462,Dairy FMMOS,DY-NA,Washington,DC,"Washington, DC",Washington,DC,FMMOS,FMMOS - non-mars,03/30/2021 14:16:00,2007,2007-JAN,3.76,component,lmprs,
Dec,2007,,Pacific Northwest,124.0,3.70,Producer Milk Components,AMS_3462,3462,Dairy FMMOS,DY-NA,Washington,DC,"Washington, DC",Washington,DC,FMMOS,FMMOS - non-mars,03/30/2021 14:16:00,2007,2007-JAN,3.79,component,lmprs,
Dec,2007,,Mideast,33.0,3.67,Producer Milk Components,AMS_3462,3462,Dairy FMMOS,DY-NA,Washington,DC,"Washington, DC",Washington,DC,FMMOS,FMMOS - non-mars,03/30/2021 14:16:00,2007,2007-JAN,3.73,component,lmprs,
Dec,2007,,Florida,6.0,3.63,Producer Milk Components,AMS_3462,3462,Dairy FMMOS,DY-NA,Washington,DC,"Washington, DC",Washington,DC,FMMOS,FMMOS - non-mars,03/30/2021 14:16:00,2007,2007-JAN,3.65,component,lmprs,
Dec,2007,,Central,32.0,3.68,Producer Milk Components,AMS_3462,3462,Dairy FMMOS,DY-NA,Washington,DC,"Washington, DC",Washington,DC,FMMOS,FMMOS - non-mars,03/30/2021 14:16:00,2007,2007-JAN,3.78,component,lmprs,
Dec,2007,,Appalachian,5.0,3.67,Producer Milk Components,AMS_3462,3462,Dairy FMMOS,DY-NA,Washington,DC,"Washington, DC",Washington,DC,FMMOS,FMMOS - non-mars,03/30/2021 14:16:00,2007,2007-JAN,3.74,component,lmprs,
Dec,2007,,Arizona,131.0,3.60,Producer Milk Components,AMS_3462,3462,Dairy FMMOS,DY-NA,Washington,DC,"Washington, DC",Washington,DC,FMMOS,FMMOS - non-mars,03/30/2021 14:16:00,2007,2007-JAN,3.75,component,lmprs,
Dec,2007,,All Markets Combined,,3.68,Producer Milk Components,AMS_3462,3462,Dairy FMMOS,DY-NA,Washington,DC,"Washington, DC",Washington,DC,FMMOS,FMMOS - non-mars,03/30/2021 14:16:00,2007,2007-JAN,3.77,component,lmprs,
Dec,2008,,All Markets Combined,,3.69,Producer Milk Components,AMS_3462,3462,Dairy FMMOS,DY-NA,Washington,DC,"Washington, DC",Washington,DC,FMMOS,FMMOS - non-mars,03/30/2021 14:15:00,2008,2008-JAN,3.79,component,lmprs,
Dec,2008,,Arizona,131.0,3.56,Producer Milk Components,AMS_3462,3462,Dairy FMMOS,DY-NA,Washington,DC,"Washington, DC",Washington,DC,FMMOS,FMMOS - non-mars,03/30/2021 14:15:00,2008,2008-JAN,3.70,component,lmprs,
Dec,2008,,Appalachian,5.0,3.69,Producer Milk Components,AMS_3462,3462,Dairy FMMOS,DY-NA,Washington,DC,"Washington, DC",Washington,DC,FMMOS,FMMOS - non-mars,03/30/2021 14:15:00,2008,2008-JAN,3.79,component,lmprs,
Dec,2008,,Central,32.0,3.65,Producer Milk Components,AMS_3462,3462,Dairy FMMOS,DY-NA,Washington,DC,"Washington, DC",Washington,DC,FMMOS,FMMOS - non-mars,03/30/2021 14:15:00,2008,2008-JAN,3.78,component,lmprs,
Dec,2008,,Florida,6.0,3.60,Producer Milk Components,AMS_3462,3462,Dairy FMMOS,DY-NA,Washington,DC,"Washington, DC",Washington,DC,FMMOS,FMMOS - non-mars,03/30/2021 14:15:00,2008,2008-JAN,3.65,component,lmprs,
Dec,2008,,Mideast,33.0,3.70,Producer Milk Components,AMS_3462,3462,Dairy FMMOS,DY-NA,Washington,DC,"Washington, DC",Washington,DC,FMMOS,FMMOS - non-mars,03/30/2021 14:15:00,2008,2008-JAN,3.80,component,lmprs,
Dec,2008,,Pacific Northwest,124.0,3.67,Producer Milk Components,AMS_3462,3462,Dairy FMMOS,DY-NA,Washington,DC,"Washington, DC",Washington,DC,FMMOS,FMMOS - non-mars,03/30/2021 14:15:00,2008,2008-JAN,3.81,component,lmprs,
Dec,2008,,Northeast,1.0,3.73,Producer Milk Components,AMS_3462,3462,Dairy FMMOS,DY-NA,Washington,DC,"Washington, DC",Washington,DC,FMMOS,FMMOS - non-mars,03/30/2021 14:15:00,2008,2008-JAN,3.79,component,lmprs,
Dec,2008,,Southeast,7.0,3.67,Producer Milk Components,AMS_3462,3462,Dairy FMMOS,DY-NA,Washington,DC,"Washington, DC",Washington,DC,FMMOS,FMMOS - non-mars,03/30/2021 14:15:00,2008,2008-JAN,3.78,component,lmprs,
Dec,2008,,Southwest,126.0,3.63,Producer Milk Components,AMS_3462,3462,Dairy FMMOS,DY-NA,Washington,DC,"Washington, DC",Washington,DC,FMMOS,FMMOS - non-mars,03/30/2021 14:15:00,2008,2008-JAN,3.81,component,lmprs,
Dec,2008,,Upper Midwest,30.0,3.72,Producer Milk Components,AMS_3462,3462,Dairy FMMOS,DY-NA,Washington,DC,"Washington, DC",Washington,DC,FMMOS,FMMOS - non-mars,03/30/2021 14:15:00,2008,2008-JAN,3.81,component,lmprs,
Dec,2009,,Upper Midwest,30.0,3.70,Producer Milk Components,AMS_3462,3462,Dairy FMMOS,DY-NA,Washington,DC,"Washington, DC",Washington,DC,FMMOS,FMMOS - non-mars,03/30/2021 14:15:00,2009,2009-JAN,3.81,component,lmprs,
Dec,2009,,Southwest,126.0,3.58,Producer Milk Components,AMS_3462,3462,Dairy FMMOS,DY-NA,Washington,DC,"Washington, DC",Washington,DC,FMMOS,FMMOS - non-mars,03/30/2021 14:15:00,2009,2009-JAN,3.69,component,lmprs,
Dec,2009,,Southeast,7.0,3.65,Producer Milk Components,AMS_3462,3462,Dairy FMMOS,DY-NA,Washington,DC,"Washington, DC",Washington,DC,FMMOS,FMMOS - non-mars,03/30/2021 14:15:00,2009,2009-JAN,3.74,component,lmprs,
Dec,2009,,Northeast,1.0,3.72,Producer Milk Components,AMS_3462,3462,Dairy FMMOS,DY-NA,Washington,DC,"Washington, DC",Washington,DC,FMMOS,FMMOS - non-mars,03/30/2021 14:15:00,2009,2009-JAN,3.83,component,lmprs,
Dec,2009,,Pacific Northwest,124.0,3.71,Producer Milk Components,AMS_3462,3462,Dairy FMMOS,DY-NA,Washington,DC,"Washington, DC",Washington,DC,FMMOS,FMMOS - non-mars,03/30/2021 14:15:00,2009,2009-JAN,3.77,component,lmprs,
Dec,2009,,Mideast,33.0,3.69,Producer Milk Components,AMS_3462,3462,Dairy FMMOS,DY-NA,Washington,DC,"Washington, DC",Washington,DC,FMMOS,FMMOS - non-mars,03/30/2021 14:15:00,2009,2009-JAN,3.83,component,lmprs,
Dec,2009,,Florida,6.0,3.59,Producer Milk Components,AMS_3462,3462,Dairy FMMOS,DY-NA,Washington,DC,"Washington, DC",Washington,DC,FMMOS,FMMOS - non-mars,03/30/2021 14:15:00,2009,2009-JAN,3.63,component,lmprs,
Dec,2009,,Central,32.0,3.61,Producer Milk Components,AMS_3462,3462,Dairy FMMOS,DY-NA,Washington,DC,"Washington, DC",Washington,DC,FMMOS,FMMOS - non-mars,03/30/2021 14:15:00,2009,2009-JAN,3.72,component,lmprs,
Dec,2009,,Appalachian,5.0,3.68,Producer Milk Components,AMS_3462,3462,Dairy FMMOS,DY-NA,Washington,DC,"Washington, DC",Washington,DC,FMMOS,FMMOS - non-mars,03/30/2021 14:15:00,2009,2009-JAN,3.79,component,lmprs,
Dec,2009,,Arizona,131.0,3.49,Producer Milk Components,AMS_3462,3462,Dairy FMMOS,DY-NA,Washington,DC,"Washington, DC",Washington,DC,FMMOS,FMMOS - non-mars,03/30/2021 14:15:00,2009,2009-JAN,3.60,component,lmprs,
Dec,2009,,All Markets Combined,,3.67,Producer Milk Components,AMS_3462,3462,Dairy FMMOS,DY-NA,Washington,DC,"Washington, DC",Washington,DC,FMMOS,FMMOS - non-mars,03/30/2021 14:15:00,2009,2009-JAN,3.77,component,lmprs,
Dec,2010,,All Markets Combined,,3.66,Producer Milk Components,AMS_3462,3462,Dairy FMMOS,DY-NA,Washington,DC,"Washington, DC",Washington,DC,FMMOS,FMMOS - non-mars,03/30/2021 14:14:00,2010,2010-JAN,3.76,component,lmprs,
Dec,2010,,Arizona,131.0,3.50,Producer Milk Components,AMS_3462,3462,Dairy FMMOS,DY-NA,Washington,DC,"Washington, DC",Washington,DC,FMMOS,FMMOS - non-mars,03/30/2021 14:14:00,2010,2010-JAN,3.60,component,lmprs,
Dec,2010,,Appalachian,5.0,3.65,Producer Milk Components,AMS_3462,3462,Dairy FMMOS,DY-NA,Washington,DC,"Washington, DC",Washington,DC,FMMOS,FMMOS - non-mars,03/30/2021 14:14:00,2010,2010-JAN,3.79,component,lmprs,
Dec,2010,,Central,32.0,3.60,Producer Milk Components,AMS_3462,3462,Dairy FMMOS,DY-NA,Washington,DC,"Washington, DC",Washington,DC,FMMOS,FMMOS - non-mars,03/30/2021 14:14:00,2010,2010-JAN,3.73,component,lmprs,
Dec,2010,,Florida,6.0,3.60,Producer Milk Components,AMS_3462,3462,Dairy FMMOS,DY-NA,Washington,DC,"Washington, DC",Washington,DC,FMMOS,FMMOS - non-mars,03/30/2021 14:14:00,2010,2010-JAN,3.66,component,lmprs,
Dec,2010,,Mideast,33.0,3.66,Producer Milk Components,AMS_3462,3462,Dairy FMMOS,DY-NA,Washington,DC,"Washington, DC",Washington,DC,FMMOS,FMMOS - non-mars,03/30/2021 14:14:00,2010,2010-JAN,3.77,component,lmprs,
Dec,2010,,Pacific Northwest,124.0,3.73,Producer Milk Components,AMS_3462,3462,Dairy FMMOS,DY-NA,Washington,DC,"Washington, DC",Washington,DC,FMMOS,FMMOS - non-mars,03/30/2021 14:14:00,2010,2010-JAN,3.78,component,lmprs,
Dec,2010,,Northeast,1.0,3.69,Producer Milk Components,AMS_3462,3462,Dairy FMMOS,DY-NA,Washington,DC,"Washington, DC",Washington,DC,FMMOS,FMMOS - non-mars,03/30/2021 14:14:00,2010,2010-JAN,3.78,component,lmprs,
Dec,2010,,Southeast,7.0,3.66,Producer Milk Components,AMS_3462,3462,Dairy FMMOS,DY-NA,Washington,DC,"Washington, DC",Washington,DC,FMMOS,FMMOS - non-mars,03/30/2021 14:14:00,2010,2010-JAN,3.80,component,lmprs,
Dec,2010,,Southwest,126.0,3.60,Producer Milk Components,AMS_3462,3462,Dairy FMMOS,DY-NA,Washington,DC,"Washington, DC",Washington,DC,FMMOS,FMMOS - non-mars,03/30/2021 14:14:00,2010,2010-JAN,3.75,component,lmprs,
Dec,2010,,Upper Midwest,30.0,3.68,Producer Milk Components,AMS_3462,3462,Dairy FMMOS,DY-NA,Washington,DC,"Washington, DC",Washington,DC,FMMOS,FMMOS - non-mars,03/30/2021 14:14:00,2010,2010-JAN,3.77,component,lmprs,
Dec,2011,,Southwest,126.0,3.65,Producer Milk Components,AMS_3462,3462,Dairy FMMOS,DY-NA,Washington,DC,"Washington, DC",Washington,DC,FMMOS,FMMOS - non-mars,03/30/2021 14:14:00,2011,2011-JAN,3.83,component,lmprs,
Dec,2011,,Upper Midwest,30.0,3.73,Producer Milk Components,AMS_3462,3462,Dairy FMMOS,DY-NA,Washington,DC,"Washington, DC",Washington,DC,FMMOS,FMMOS - non-mars,03/30/2021 14:14:00,2011,2011-JAN,3.82,component,lmprs,
Dec,2011,,Southeast,7.0,3.71,Producer Milk Components,AMS_3462,3462,Dairy FMMOS,DY-NA,Washington,DC,"Washington, DC",Washington,DC,FMMOS,FMMOS - non-mars,03/30/2021 14:14:00,2011,2011-JAN,3.87,component,lmprs,
Dec,2011,,Pacific Northwest,124.0,3.77,Producer Milk Components,AMS_3462,3462,Dairy FMMOS,DY-NA,Washington,DC,"Washington, DC",Washington,DC,FMMOS,FMMOS - non-mars,03/30/2021 14:14:00,2011,2011-JAN,3.90,component,lmprs,
Dec,2011,,Mideast,33.0,3.70,Producer Milk Components,AMS_3462,3462,Dairy FMMOS,DY-NA,Washington,DC,"Washington, DC",Washington,DC,FMMOS,FMMOS - non-mars,03/30/2021 14:14:00,2011,2011-JAN,3.84,component,lmprs,
Dec,2011,,Northeast,1.0,3.73,Producer Milk Components,AMS_3462,3462,Dairy FMMOS,DY-NA,Washington,DC,"Washington, DC",Washington,DC,FMMOS,FMMOS - non-mars,03/30/2021 14:14:00,2011,2011-JAN,3.84,component,lmprs,
Dec,2011,,Florida,6.0,3.67,Producer Milk Components,AMS_3462,3462,Dairy FMMOS,DY-NA,Washington,DC,"Washington, DC",Washington,DC,FMMOS,FMMOS - non-mars,03/30/2021 14:14:00,2011,2011-JAN,3.76,component,lmprs,
Dec,2011,,Central,32.0,3.67,Producer Milk Components,AMS_3462,3462,Dairy FMMOS,DY-NA,Washington,DC,"Washington, DC",Washington,DC,FMMOS,FMMOS - non-mars,03/30/2021 14:14:00,2011,2011-JAN,3.79,component,lmprs,
Dec,2011,,Appalachian,5.0,3.69,Producer Milk Components,AMS_3462,3462,Dairy FMMOS,DY-NA,Washington,DC,"Washington, DC",Washington,DC,FMMOS,FMMOS - non-mars,03/30/2021 14:14:00,2011,2011-JAN,3.88,component,lmprs,
Dec,2011,,Arizona,131.0,3.55,Producer Milk Components,AMS_3462,3462,Dairy FMMOS,DY-NA,Washington,DC,"Washington, DC",Washington,DC,FMMOS,FMMOS - non-mars,03/30/2021 14:14:00,2011,2011-JAN,3.69,component,lmprs,
Dec,2011,,All Markets Combined,,3.70,Producer Milk Components,AMS_3462,3462,Dairy FMMOS,DY-NA,Washington,DC,"Washington, DC",Washington,DC,FMMOS,FMMOS - non-mars,03/30/2021 14:14:00,2011,2011-JAN,3.83,component,lmprs,
Dec,2012,,All Markets Combined,,3.71,Producer Milk Components,AMS_3462,3462,Dairy FMMOS,DY-NA,Washington,DC,"Washington, DC",Washington,DC,FMMOS,FMMOS - non-mars,03/30/2021 14:13:00,2012,2012-JAN,3.80,component,lmprs,
Dec,2012,,Arizona,131.0,3.55,Producer Milk Components,AMS_3462,3462,Dairy FMMOS,DY-NA,Washington,DC,"Washington, DC",Washington,DC,FMMOS,FMMOS - non-mars,03/30/2021 14:13:00,2012,2012-JAN,3.60,component,lmprs,
Dec,2012,,Appalachian,5.0,3.69,Producer Milk Components,AMS_3462,3462,Dairy FMMOS,DY-NA,Washington,DC,"Washington, DC",Washington,DC,FMMOS,FMMOS - non-mars,03/30/2021 14:13:00,2012,2012-JAN,3.78,component,lmprs,
Dec,2012,,Central,32.0,3.69,Producer Milk Components,AMS_3462,3462,Dairy FMMOS,DY-NA,Washington,DC,"Washington, DC",Washington,DC,FMMOS,FMMOS - non-mars,03/30/2021 14:13:00,2012,2012-JAN,3.79,component,lmprs,
Dec,2012,,Florida,6.0,3.66,Producer Milk Components,AMS_3462,3462,Dairy FMMOS,DY-NA,Washington,DC,"Washington, DC",Washington,DC,FMMOS,FMMOS - non-mars,03/30/2021 14:13:00,2012,2012-JAN,3.67,component,lmprs,
Dec,2012,,Northeast,1.0,3.73,Producer Milk Components,AMS_3462,3462,Dairy FMMOS,DY-NA,Washington,DC,"Washington, DC",Washington,DC,FMMOS,FMMOS - non-mars,03/30/2021 14:13:00,2012,2012-JAN,3.81,component,lmprs,
Dec,2012,,Mideast,33.0,3.69,Producer Milk Components,AMS_3462,3462,Dairy FMMOS,DY-NA,Washington,DC,"Washington, DC",Washington,DC,FMMOS,FMMOS - non-mars,03/30/2021 14:13:00,2012,2012-JAN,3.78,component,lmprs,
Dec,2012,,Pacific Northwest,124.0,3.81,Producer Milk Components,AMS_3462,3462,Dairy FMMOS,DY-NA,Washington,DC,"Washington, DC",Washington,DC,FMMOS,FMMOS - non-mars,03/30/2021 14:13:00,2012,2012-JAN,3.90,component,lmprs,
Dec,2012,,Southeast,7.0,3.70,Producer Milk Components,AMS_3462,3462,Dairy FMMOS,DY-NA,Washington,DC,"Washington, DC",Washington,DC,FMMOS,FMMOS - non-mars,03/30/2021 14:13:00,2012,2012-JAN,3.78,component,lmprs,
Dec,2012,,Upper Midwest,30.0,3.76,Producer Milk Components,AMS_3462,3462,Dairy FMMOS,DY-NA,Washington,DC,"Washington, DC",Washington,DC,FMMOS,FMMOS - non-mars,03/30/2021 14:13:00,2012,2012-JAN,3.84,component,lmprs,
Dec,2012,,Southwest,126.0,3.65,Producer Milk Components,AMS_3462,3462,Dairy FMMOS,DY-NA,Washington,DC,"Washington, DC",Washington,DC,FMMOS,FMMOS - non-mars,03/30/2021 14:13:00,2012,2012-JAN,3.78,component,lmprs,
Dec,2013,,Southwest,126.0,3.69,Producer Milk Components,AMS_3462,3462,Dairy FMMOS,DY-NA,Washington,DC,"Washington, DC",Washington,DC,FMMOS,FMMOS - non-mars,03/30/2021 14:13:00,2013,2013-JAN,3.85,component,lmprs,
Dec,2013,,Upper Midwest,30.0,3.81,Producer Milk Components,AMS_3462,3462,Dairy FMMOS,DY-NA,Washington,DC,"Washington, DC",Washington,DC,FMMOS,FMMOS - non-mars,03/30/2021 14:13:00,2013,2013-JAN,3.89,component,lmprs,
Dec,2013,,Southeast,7.0,3.72,Producer Milk Components,AMS_3462,3462,Dairy FMMOS,DY-NA,Washington,DC,"Washington, DC",Washington,DC,FMMOS,FMMOS - non-mars,03/30/2021 14:13:00,2013,2013-JAN,3.85,component,lmprs,
Dec,2013,,Pacific Northwest,124.0,3.88,Producer Milk Components,AMS_3462,3462,Dairy FMMOS,DY-NA,Washington,DC,"Washington, DC",Washington,DC,FMMOS,FMMOS - non-mars,03/30/2021 14:13:00,2013,2013-JAN,4.01,component,lmprs,
Dec,2013,,Mideast,33.0,3.76,Producer Milk Components,AMS_3462,3462,Dairy FMMOS,DY-NA,Washington,DC,"Washington, DC",Washington,DC,FMMOS,FMMOS - non-mars,03/30/2021 14:13:00,2013,2013-JAN,3.84,component,lmprs,
Dec,2013,,Northeast,1.0,3.76,Producer Milk Components,AMS_3462,3462,Dairy FMMOS,DY-NA,Washington,DC,"Washington, DC",Washington,DC,FMMOS,FMMOS - non-mars,03/30/2021 14:13:00,2013,2013-JAN,3.84,component,lmprs,
Dec,2013,,Florida,6.0,3.64,Producer Milk Components,AMS_3462,3462,Dairy FMMOS,DY-NA,Washington,DC,"Washington, DC",Washington,DC,FMMOS,FMMOS - non-mars,03/30/2021 14:13:00,2013,2013-JAN,3.70,component,lmprs,
Dec,2013,,Central,32.0,3.75,Producer Milk Components,AMS_3462,3462,Dairy FMMOS,DY-NA,Washington,DC,"Washington, DC",Washington,DC,FMMOS,FMMOS - non-mars,03/30/2021 14:13:00,2013,2013-JAN,3.86,component,lmprs,
Dec,2013,,Arizona,131.0,3.52,Producer Milk Components,AMS_3462,3462,Dairy FMMOS,DY-NA,Washington,DC,"Washington, DC",Washington,DC,FMMOS,FMMOS - non-mars,03/30/2021 14:13:00,2013,2013-JAN,3.63,component,lmprs,
Dec,2013,,All Markets Combined,,3.76,Producer Milk Components,AMS_3462,3462,Dairy FMMOS,DY-NA,Washington,DC,"Washington, DC",Washington,DC,FMMOS,FMMOS - non-mars,03/30/2021 14:13:00,2013,2013-JAN,3.86,component,lmprs,
Dec,2013,,Appalachian,5.0,3.71,Producer Milk Components,AMS_3462,3462,Dairy FMMOS,DY-NA,Washington,DC,"Washington, DC",Washington,DC,FMMOS,FMMOS - non-mars,03/30/2021 14:13:00,2013,2013-JAN,3.82,component,lmprs,
Dec,2014,,Appalachian,5.0,3.65,Producer Milk Components,AMS_3462,3462,Dairy FMMOS,DY-NA,Washington,DC,"Washington, DC",Washington,DC,FMMOS,FMMOS - non-mars,03/30/2021 14:13:00,2014,2014-JAN,3.77,component,lmprs,
Dec,2014,,All Markets Combined,,3.74,Producer Milk Components,AMS_3462,3462,Dairy FMMOS,DY-NA,Washington,DC,"Washington, DC",Washington,DC,FMMOS,FMMOS - non-mars,03/30/2021 14:13:00,2014,2014-JAN,3.85,component,lmprs,
Dec,2014,,Arizona,131.0,3.47,Producer Milk Components,AMS_3462,3462,Dairy FMMOS,DY-NA,Washington,DC,"Washington, DC",Washington,DC,FMMOS,FMMOS - non-mars,03/30/2021 14:13:00,2014,2014-JAN,3.55,component,lmprs,
Dec,2014,,Central,32.0,3.73,Producer Milk Components,AMS_3462,3462,Dairy FMMOS,DY-NA,Washington,DC,"Washington, DC",Washington,DC,FMMOS,FMMOS - non-mars,03/30/2021 14:13:00,2014,2014-JAN,3.83,component,lmprs,
Dec,2014,,Florida,6.0,3.60,Producer Milk Components,AMS_3462,3462,Dairy FMMOS,DY-NA,Washington,DC,"Washington, DC",Washington,DC,FMMOS,FMMOS - non-mars,03/30/2021 14:13:00,2014,2014-JAN,3.64,component,lmprs,
Dec,2014,,Northeast,1.0,3.78,Producer Milk Components,AMS_3462,3462,Dairy FMMOS,DY-NA,Washington,DC,"Washington, DC",Washington,DC,FMMOS,FMMOS - non-mars,03/30/2021 14:13:00,2014,2014-JAN,3.88,component,lmprs,
Dec,2014,,Mideast,33.0,3.75,Producer Milk Components,AMS_3462,3462,Dairy FMMOS,DY-NA,Washington,DC,"Washington, DC",Washington,DC,FMMOS,FMMOS - non-mars,03/30/2021 14:13:00,2014,2014-JAN,3.89,component,lmprs,
Dec,2014,,Pacific Northwest,124.0,3.88,Producer Milk Components,AMS_3462,3462,Dairy FMMOS,DY-NA,Washington,DC,"Washington, DC",Washington,DC,FMMOS,FMMOS - non-mars,03/30/2021 14:13:00,2014,2014-JAN,4.00,component,lmprs,
Dec,2014,,Southeast,7.0,3.66,Producer Milk Components,AMS_3462,3462,Dairy FMMOS,DY-NA,Washington,DC,"Washington, DC",Washington,DC,FMMOS,FMMOS - non-mars,03/30/2021 14:13:00,2014,2014-JAN,3.79,component,lmprs,
Dec,2014,,Upper Midwest,30.0,3.80,Producer Milk Components,AMS_3462,3462,Dairy FMMOS,DY-NA,Washington,DC,"Washington, DC",Washington,DC,FMMOS,FMMOS - non-mars,03/30/2021 14:13:00,2014,2014-JAN,3.89,component,lmprs,
Dec,2014,,Southwest,126.0,3.67,Producer Milk Components,AMS_3462,3462,Dairy FMMOS,DY-NA,Washington,DC,"Washington, DC",Washington,DC,FMMOS,FMMOS - non-mars,03/30/2021 14:13:00,2014,2014-JAN,3.80,component,lmprs,
Dec,2015,,Southwest,126.0,3.73,Producer Milk Components,AMS_3462,3462,Dairy FMMOS,DY-NA,Washington,DC,"Washington, DC",Washington,DC,FMMOS,FMMOS - non-mars,03/30/2021 14:12:00,2015,2015-JAN,3.86,component,lmprs,
Dec,2015,,Upper Midwest,30.0,3.80,Producer Milk Components,AMS_3462,3462,Dairy FMMOS,DY-NA,Washington,DC,"Washington, DC",Washington,DC,FMMOS,FMMOS - non-mars,03/30/2021 14:12:00,2015,2015-JAN,3.87,component,lmprs,
Dec,2015,,Southeast,7.0,3.68,Producer Milk Components,AMS_3462,3462,Dairy FMMOS,DY-NA,Washington,DC,"Washington, DC",Washington,DC,FMMOS,FMMOS - non-mars,03/30/2021 14:12:00,2015,2015-JAN,3.78,component,lmprs,
Dec,2015,,Pacific Northwest,124.0,3.92,Producer Milk Components,AMS_3462,3462,Dairy FMMOS,DY-NA,Washington,DC,"Washington, DC",Washington,DC,FMMOS,FMMOS - non-mars,03/30/2021 14:12:00,2015,2015-JAN,3.96,component,lmprs,
Dec,2015,,Mideast,33.0,3.72,Producer Milk Components,AMS_3462,3462,Dairy FMMOS,DY-NA,Washington,DC,"Washington, DC",Washington,DC,FMMOS,FMMOS - non-mars,03/30/2021 14:12:00,2015,2015-JAN,3.84,component,lmprs,
Dec,2015,,Northeast,1.0,3.78,Producer Milk Components,AMS_3462,3462,Dairy FMMOS,DY-NA,Washington,DC,"Washington, DC",Washington,DC,FMMOS,FMMOS - non-mars,03/30/2021 14:12:00,2015,2015-JAN,3.90,component,lmprs,
Dec,2015,,Florida,6.0,3.60,Producer Milk Components,AMS_3462,3462,Dairy FMMOS,DY-NA,Washington,DC,"Washington, DC",Washington,DC,FMMOS,FMMOS - non-mars,03/30/2021 14:12:00,2015,2015-JAN,3.61,component,lmprs,
Dec,2015,,Central,32.0,3.76,Producer Milk Components,AMS_3462,3462,Dairy FMMOS,DY-NA,Washington,DC,"Washington, DC",Washington,DC,FMMOS,FMMOS - non-mars,03/30/2021 14:12:00,2015,2015-JAN,3.88,component,lmprs,
Dec,2015,,Arizona,131.0,3.47,Producer Milk Components,AMS_3462,3462,Dairy FMMOS,DY-NA,Washington,DC,"Washington, DC",Washington,DC,FMMOS,FMMOS - non-mars,03/30/2021 14:12:00,2015,2015-JAN,3.54,component,lmprs,
Dec,2015,,All Markets Combined,,3.75,Producer Milk Components,AMS_3462,3462,Dairy FMMOS,DY-NA,Washington,DC,"Washington, DC",Washington,DC,FMMOS,FMMOS - non-mars,03/30/2021 14:12:00,2015,2015-JAN,3.85,component,lmprs,
Dec,2015,,Appalachian,5.0,3.67,Producer Milk Components,AMS_3462,3462,Dairy FMMOS,DY-NA,Washington,DC,"Washington, DC",Washington,DC,FMMOS,FMMOS - non-mars,03/30/2021 14:12:00,2015,2015-JAN,3.79,component,lmprs,
Dec,2016,,Appalachian,5.0,3.71,Producer Milk Components,AMS_3462,3462,Dairy FMMOS,DY-NA,Washington,DC,"Washington, DC",Washington,DC,FMMOS,FMMOS - non-mars,03/30/2021 14:12:00,2016,2016-JAN,3.81,component,lmprs,
Dec,2016,,All Markets Combined,,3.77,Producer Milk Components,AMS_3462,3462,Dairy FMMOS,DY-NA,Washington,DC,"Washington, DC",Washington,DC,FMMOS,FMMOS - non-mars,03/30/2021 14:12:00,2016,2016-JAN,3.88,component,lmprs,
Dec,2016,,Arizona,131.0,3.54,Producer Milk Components,AMS_3462,3462,Dairy FMMOS,DY-NA,Washington,DC,"Washington, DC",Washington,DC,FMMOS,FMMOS - non-mars,03/30/2021 14:12:00,2016,2016-JAN,3.64,component,lmprs,
Dec,2016,,Central,32.0,3.76,Producer Milk Components,AMS_3462,3462,Dairy FMMOS,DY-NA,Washington,DC,"Washington, DC",Washington,DC,FMMOS,FMMOS - non-mars,03/30/2021 14:12:00,2016,2016-JAN,3.92,component,lmprs,
Dec,2016,,Florida,6.0,3.62,Producer Milk Components,AMS_3462,3462,Dairy FMMOS,DY-NA,Washington,DC,"Washington, DC",Washington,DC,FMMOS,FMMOS - non-mars,03/30/2021 14:12:00,2016,2016-JAN,3.62,component,lmprs,
Dec,2016,,Northeast,1.0,3.81,Producer Milk Components,AMS_3462,3462,Dairy FMMOS,DY-NA,Washington,DC,"Washington, DC",Washington,DC,FMMOS,FMMOS - non-mars,03/30/2021 14:12:00,2016,2016-JAN,3.89,component,lmprs,
Dec,2016,,Mideast,33.0,3.73,Producer Milk Components,AMS_3462,3462,Dairy FMMOS,DY-NA,Washington,DC,"Washington, DC",Washington,DC,FMMOS,FMMOS - non-mars,03/30/2021 14:12:00,2016,2016-JAN,3.84,component,lmprs,
Dec,2016,,Pacific Northwest,124.0,3.95,Producer Milk Components,AMS_3462,3462,Dairy FMMOS,DY-NA,Washington,DC,"Washington, DC",Washington,DC,FMMOS,FMMOS - non-mars,03/30/2021 14:12:00,2016,2016-JAN,4.09,component,lmprs,
Dec,2016,,Southeast,7.0,3.69,Producer Milk Components,AMS_3462,3462,Dairy FMMOS,DY-NA,Washington,DC,"Washington, DC",Washington,DC,FMMOS,FMMOS - non-mars,03/30/2021 14:12:00,2016,2016-JAN,3.77,component,lmprs,
Dec,2016,,Upper Midwest,30.0,3.82,Producer Milk Components,AMS_3462,3462,Dairy FMMOS,DY-NA,Washington,DC,"Washington, DC",Washington,DC,FMMOS,FMMOS - non-mars,03/30/2021 14:12:00,2016,2016-JAN,3.92,component,lmprs,
Dec,2016,,Southwest,126.0,3.75,Producer Milk Components,AMS_3462,3462,Dairy FMMOS,DY-NA,Washington,DC,"Washington, DC",Washington,DC,FMMOS,FMMOS - non-mars,03/30/2021 14:12:00,2016,2016-JAN,3.88,component,lmprs,
Dec,2017,,Southwest,126.0,3.86,Producer Milk Components,AMS_3462,3462,Dairy FMMOS,DY-NA,Washington,DC,"Washington, DC",Washington,DC,FMMOS,FMMOS - non-mars,03/30/2021 14:11:00,2017,2017-JAN,3.98,component,lmprs,
Dec,2017,,Upper Midwest,30.0,3.84,Producer Milk Components,AMS_3462,3462,Dairy FMMOS,DY-NA,Washington,DC,"Washington, DC",Washington,DC,FMMOS,FMMOS - non-mars,03/30/2021 14:11:00,2017,2017-JAN,3.91,component,lmprs,
Dec,2017,,Southeast,7.0,3.74,Producer Milk Components,AMS_3462,3462,Dairy FMMOS,DY-NA,Washington,DC,"Washington, DC",Washington,DC,FMMOS,FMMOS - non-mars,03/30/2021 14:11:00,2017,2017-JAN,3.83,component,lmprs,
Dec,2017,,Pacific Northwest,124.0,3.99,Producer Milk Components,AMS_3462,3462,Dairy FMMOS,DY-NA,Washington,DC,"Washington, DC",Washington,DC,FMMOS,FMMOS - non-mars,03/30/2021 14:11:00,2017,2017-JAN,4.13,component,lmprs,
Dec,2017,,Mideast,33.0,3.78,Producer Milk Components,AMS_3462,3462,Dairy FMMOS,DY-NA,Washington,DC,"Washington, DC",Washington,DC,FMMOS,FMMOS - non-mars,03/30/2021 14:11:00,2017,2017-JAN,3.88,component,lmprs,
Dec,2017,,Northeast,1.0,3.85,Producer Milk Components,AMS_3462,3462,Dairy FMMOS,DY-NA,Washington,DC,"Washington, DC",Washington,DC,FMMOS,FMMOS - non-mars,03/30/2021 14:11:00,2017,2017-JAN,3.95,component,lmprs,
Dec,2017,,Florida,6.0,3.69,Producer Milk Components,AMS_3462,3462,Dairy FMMOS,DY-NA,Washington,DC,"Washington, DC",Washington,DC,FMMOS,FMMOS - non-mars,03/30/2021 14:11:00,2017,2017-JAN,3.69,component,lmprs,
Dec,2017,,Central,32.0,3.82,Producer Milk Components,AMS_3462,3462,Dairy FMMOS,DY-NA,Washington,DC,"Washington, DC",Washington,DC,FMMOS,FMMOS - non-mars,03/30/2021 14:11:00,2017,2017-JAN,3.94,component,lmprs,
Dec,2017,,Arizona,131.0,3.62,Producer Milk Components,AMS_3462,3462,Dairy FMMOS,DY-NA,Washington,DC,"Washington, DC",Washington,DC,FMMOS,FMMOS - non-mars,03/30/2021 14:11:00,2017,2017-JAN,3.72,component,lmprs,
Dec,2017,,All Markets Combined,,3.82,Producer Milk Components,AMS_3462,3462,Dairy FMMOS,DY-NA,Washington,DC,"Washington, DC",Washington,DC,FMMOS,FMMOS - non-mars,03/30/2021 14:11:00,2017,2017-JAN,3.92,component,lmprs,
Dec,2017,,Appalachian,5.0,3.76,Producer Milk Components,AMS_3462,3462,Dairy FMMOS,DY-NA,Washington,DC,"Washington, DC",Washington,DC,FMMOS,FMMOS - non-mars,03/30/2021 14:11:00,2017,2017-JAN,3.86,component,lmprs,
Dec,2018,,Appalachian,5.0,3.79,Producer Milk Components,AMS_3462,3462,Dairy FMMOS,DY-NA,Washington,DC,"Washington, DC",Washington,DC,FMMOS,FMMOS - non-mars,03/30/2021 14:09:00,2018,2018-JAN,3.92,component,lmprs,
Dec,2018,,All Markets Combined,,3.88,Producer Milk Components,AMS_3462,3462,Dairy FMMOS,DY-NA,Washington,DC,"Washington, DC",Washington,DC,FMMOS,FMMOS - non-mars,03/30/2021 14:09:00,2018,2018-JAN,3.99,component,lmprs,
Dec,2018,,Arizona,131.0,3.66,Producer Milk Components,AMS_3462,3462,Dairy FMMOS,DY-NA,Washington,DC,"Washington, DC",Washington,DC,FMMOS,FMMOS - non-mars,03/30/2021 14:09:00,2018,2018-JAN,3.70,component,lmprs,
Dec,2018,,Central,32.0,3.89,Producer Milk Components,AMS_3462,3462,Dairy FMMOS,DY-NA,Washington,DC,"Washington, DC",Washington,DC,FMMOS,FMMOS - non-mars,03/30/2021 14:09:00,2018,2018-JAN,3.99,component,lmprs,
Dec,2018,,California,51.0,4.01,Producer Milk Components,AMS_3462,3462,Dairy FMMOS,DY-NA,Washington,DC,"Washington, DC",Washington,DC,FMMOS,FMMOS - non-mars,03/30/2021 14:09:00,2018,2018-JAN,,component,lmprs,
Dec,2018,,Florida,6.0,3.68,Producer Milk Components,AMS_3462,3462,Dairy FMMOS,DY-NA,Washington,DC,"Washington, DC",Washington,DC,FMMOS,FMMOS - non-mars,03/30/2021 14:09:00,2018,2018-JAN,3.77,component,lmprs,
Dec,2018,,Northeast,1.0,3.86,Producer Milk Components,AMS_3462,3462,Dairy FMMOS,DY-NA,Washington,DC,"Washington, DC",Washington,DC,FMMOS,FMMOS - non-mars,03/30/2021 14:09:00,2018,2018-JAN,3.97,component,lmprs,
Dec,2018,,Mideast,33.0,3.84,Producer Milk Components,AMS_3462,3462,Dairy FMMOS,DY-NA,Washington,DC,"Washington, DC",Washington,DC,FMMOS,FMMOS - non-mars,03/30/2021 14:09:00,2018,2018-JAN,3.97,component,lmprs,
Dec,2018,,Pacific Northwest,124.0,4.07,Producer Milk Components,AMS_3462,3462,Dairy FMMOS,DY-NA,Washington,DC,"Washington, DC",Washington,DC,FMMOS,FMMOS - non-mars,03/30/2021 14:09:00,2018,2018-JAN,4.17,component,lmprs,
Dec,2018,,Southeast,7.0,3.80,Producer Milk Components,AMS_3462,3462,Dairy FMMOS,DY-NA,Washington,DC,"Washington, DC",Washington,DC,FMMOS,FMMOS - non-mars,03/30/2021 14:09:00,2018,2018-JAN,3.91,component,lmprs,
Dec,2018,,Upper Midwest,30.0,3.92,Producer Milk Components,AMS_3462,3462,Dairy FMMOS,DY-NA,Washington,DC,"Washington, DC",Washington,DC,FMMOS,FMMOS - non-mars,03/30/2021 14:09:00,2018,2018-JAN,4.02,component,lmprs,
Dec,2018,,Southwest,126.0,3.94,Producer Milk Components,AMS_3462,3462,Dairy FMMOS,DY-NA,Washington,DC,"Washington, DC",Washington,DC,FMMOS,FMMOS - non-mars,03/30/2021 14:09:00,2018,2018-JAN,4.05,component,lmprs,
Dec,2019,,Upper Midwest,30.0,3.93,Producer Milk Components,AMS_3462,3462,Dairy FMMOS,DY-NA,Washington,DC,"Washington, DC",Washington,DC,FMMOS,FMMOS - non-mars,03/30/2021 14:09:00,2019,2019-JAN,4.02,component,lmprs,
Dec,2019,,Southeast,7.0,3.80,Producer Milk Components,AMS_3462,3462,Dairy FMMOS,DY-NA,Washington,DC,"Washington, DC",Washington,DC,FMMOS,FMMOS - non-mars,03/30/2021 14:09:00,2019,2019-JAN,3.90,component,lmprs,
Dec,2019,,Southwest,126.0,3.99,Producer Milk Components,AMS_3462,3462,Dairy FMMOS,DY-NA,Washington,DC,"Washington, DC",Washington,DC,FMMOS,FMMOS - non-mars,03/30/2021 14:09:00,2019,2019-JAN,4.07,component,lmprs,
Dec,2019,,Pacific Northwest,124.0,4.08,Producer Milk Components,AMS_3462,3462,Dairy FMMOS,DY-NA,Washington,DC,"Washington, DC",Washington,DC,FMMOS,FMMOS - non-mars,03/30/2021 14:09:00,2019,2019-JAN,4.20,component,lmprs,
Dec,2019,,Northeast,1.0,3.89,Producer Milk Components,AMS_3462,3462,Dairy FMMOS,DY-NA,Washington,DC,"Washington, DC",Washington,DC,FMMOS,FMMOS - non-mars,03/30/2021 14:09:00,2019,2019-JAN,3.99,component,lmprs,
Dec,2019,,Florida,6.0,3.66,Producer Milk Components,AMS_3462,3462,Dairy FMMOS,DY-NA,Washington,DC,"Washington, DC",Washington,DC,FMMOS,FMMOS - non-mars,03/30/2021 14:09:00,2019,2019-JAN,3.66,component,lmprs,
Dec,2019,,Mideast,33.0,3.86,Producer Milk Components,AMS_3462,3462,Dairy FMMOS,DY-NA,Washington,DC,"Washington, DC",Washington,DC,FMMOS,FMMOS - non-mars,03/30/2021 14:09:00,2019,2019-JAN,3.96,component,lmprs,
Dec,2019,,California,51.0,3.86,Producer Milk Components,AMS_3462,3462,Dairy FMMOS,DY-NA,Washington,DC,"Washington, DC",Washington,DC,FMMOS,FMMOS - non-mars,03/30/2021 14:09:00,2019,2019-JAN,4.00,component,lmprs,
Dec,2019,,Central,32.0,3.92,Producer Milk Components,AMS_3462,3462,Dairy FMMOS,DY-NA,Washington,DC,"Washington, DC",Washington,DC,FMMOS,FMMOS - non-mars,03/30/2021 14:09:00,2019,2019-JAN,4.03,component,lmprs,
Dec,2019,,Arizona,131.0,3.74,Producer Milk Components,AMS_3462,3462,Dairy FMMOS,DY-NA,Washington,DC,"Washington, DC",Washington,DC,FMMOS,FMMOS - non-mars,03/30/2021 14:09:00,2019,2019-JAN,3.79,component,lmprs,
Dec,2019,,All Markets Combined,,3.90,Producer Milk Components,AMS_3462,3462,Dairy FMMOS,DY-NA,Washington,DC,"Washington, DC",Washington,DC,FMMOS,FMMOS - non-mars,03/30/2021 14:09:00,2019,2019-JAN,4.00,component,lmprs,
Dec,2019,,Appalachian,5.0,3.80,Producer Milk Components,AMS_3462,3462,Dairy FMMOS,DY-NA,Washington,DC,"Washington, DC",Washington,DC,FMMOS,FMMOS - non-mars,03/30/2021 14:09:00,2019,2019-JAN,3.90,component,lmprs,
Dec,2020,,Appalachian,5.0,3.86,Producer Milk Components,AMS_3462,3462,Dairy FMMOS,DY-NA,Washington,DC,"Washington, DC",Washington,DC,FMMOS,FMMOS - non-mars,02/23/2021 09:39:00,2020,2020-JAN,3.94,component,lmprs,
Dec,2020,,All Markets Combined,,3.92,Producer Milk Components,AMS_3462,3462,Dairy FMMOS,DY-NA,Washington,DC,"Washington, DC",Washington,DC,FMMOS,FMMOS - non-mars,02/23/2021 09:39:00,2020,2020-JAN,4.00,component,lmprs,
Dec,2020,,Arizona,131.0,3.75,Producer Milk Components,AMS_3462,3462,Dairy FMMOS,DY-NA,Washington,DC,"Washington, DC",Washington,DC,FMMOS,FMMOS - non-mars,02/23/2021 09:39:00,2020,2020-JAN,3.88,component,lmprs,
Dec,2020,,Central,32.0,3.93,Producer Milk Components,AMS_3462,3462,Dairy FMMOS,DY-NA,Washington,DC,"Washington, DC",Washington,DC,FMMOS,FMMOS - non-mars,02/23/2021 09:39:00,2020,2020-JAN,4.02,component,lmprs,
Dec,2020,,California,51.0,3.87,Producer Milk Components,AMS_3462,3462,Dairy FMMOS,DY-NA,Washington,DC,"Washington, DC",Washington,DC,FMMOS,FMMOS - non-mars,02/23/2021 09:39:00,2020,2020-JAN,3.95,component,lmprs,
Dec,2020,,Mideast,33.0,3.89,Producer Milk Components,AMS_3462,3462,Dairy FMMOS,DY-NA,Washington,DC,"Washington, DC",Washington,DC,FMMOS,FMMOS - non-mars,02/23/2021 09:39:00,2020,2020-JAN,3.96,component,lmprs,
Dec,2020,,Florida,6.0,3.70,Producer Milk Components,AMS_3462,3462,Dairy FMMOS,DY-NA,Washington,DC,"Washington, DC",Washington,DC,FMMOS,FMMOS - non-mars,02/23/2021 09:39:00,2020,2020-JAN,3.69,component,lmprs,
Dec,2020,,Northeast,1.0,3.92,Producer Milk Components,AMS_3462,3462,Dairy FMMOS,DY-NA,Washington,DC,"Washington, DC",Washington,DC,FMMOS,FMMOS - non-mars,02/23/2021 09:39:00,2020,2020-JAN,3.99,component,lmprs,
Dec,2020,,Pacific Northwest,124.0,4.07,Producer Milk Components,AMS_3462,3462,Dairy FMMOS,DY-NA,Washington,DC,"Washington, DC",Washington,DC,FMMOS,FMMOS - non-mars,02/23/2021 09:39:00,2020,2020-JAN,4.24,component,lmprs,
Dec,2020,,Southwest,126.0,4.07,Producer Milk Components,AMS_3462,3462,Dairy FMMOS,DY-NA,Washington,DC,"Washington, DC",Washington,DC,FMMOS,FMMOS - non-mars,02/23/2021 09:39:00,2020,2020-JAN,4.14,component,lmprs,
Dec,2020,,Southeast,7.0,3.84,Producer Milk Components,AMS_3462,3462,Dairy FMMOS,DY-NA,Washington,DC,"Washington, DC",Washington,DC,FMMOS,FMMOS - non-mars,02/23/2021 09:39:00,2020,2020-JAN,3.91,component,lmprs,
Dec,2020,,Upper Midwest,30.0,3.96,Producer Milk Components,AMS_3462,3462,Dairy FMMOS,DY-NA,Washington,DC,"Washington, DC",Washington,DC,FMMOS,FMMOS - non-mars,02/23/2021 09:39:00,2020,2020-JAN,4.01,component,lmprs,
Dec,2021,,Southwest,126.0,4.13,Producer Milk Components,AMS_3462,3462,Dairy FMMOS,DY-NA,Washington,DC,"Washington, DC",Washington,DC,FMMOS,FMMOS - non-mars,01/31/2022 07:17:00,2021,2021-JAN,4.24,component,lmprs,
Dec,2021,,Pacific Northwest,124.0,4.11,Producer Milk Components,AMS_3462,3462,Dairy FMMOS,DY-NA,Washington,DC,"Washington, DC",Washington,DC,FMMOS,FMMOS - non-mars,01/31/2022 07:17:00,2021,2021-JAN,4.18,component,lmprs,
Dec,2021,,Southeast,7.0,3.88,Producer Milk Components,AMS_3462,3462,Dairy FMMOS,DY-NA,Washington,DC,"Washington, DC",Washington,DC,FMMOS,FMMOS - non-mars,01/31/2022 07:17:00,2021,2021-JAN,4.00,component,lmprs,
Dec,2021,,Northeast,1.0,3.99,Producer Milk Components,AMS_3462,3462,Dairy FMMOS,DY-NA,Washington,DC,"Washington, DC",Washington,DC,FMMOS,FMMOS - non-mars,01/31/2022 07:17:00,2021,2021-JAN,4.09,component,lmprs,
Dec,2021,,Mideast,33.0,3.93,Producer Milk Components,AMS_3462,3462,Dairy FMMOS,DY-NA,Washington,DC,"Washington, DC",Washington,DC,FMMOS,FMMOS - non-mars,01/31/2022 07:17:00,2021,2021-JAN,4.02,component,lmprs,
Dec,2021,,Central,32.0,3.98,Producer Milk Components,AMS_3462,3462,Dairy FMMOS,DY-NA,Washington,DC,"Washington, DC",Washington,DC,FMMOS,FMMOS - non-mars,01/31/2022 07:17:00,2021,2021-JAN,4.09,component,lmprs,
Dec,2021,,Florida,6.0,3.66,Producer Milk Components,AMS_3462,3462,Dairy FMMOS,DY-NA,Washington,DC,"Washington, DC",Washington,DC,FMMOS,FMMOS - non-mars,01/31/2022 07:17:00,2021,2021-JAN,3.74,component,lmprs,
Dec,2021,,California,51.0,3.92,Producer Milk Components,AMS_3462,3462,Dairy FMMOS,DY-NA,Washington,DC,"Washington, DC",Washington,DC,FMMOS,FMMOS - non-mars,01/31/2022 07:17:00,2021,2021-JAN,4.00,component,lmprs,
Dec,2021,,Arizona,131.0,3.77,Producer Milk Components,AMS_3462,3462,Dairy FMMOS,DY-NA,Washington,DC,"Washington, DC",Washington,DC,FMMOS,FMMOS - non-mars,01/31/2022 07:17:00,2021,2021-JAN,3.78,component,lmprs,
Dec,2021,,Appalachian,5.0,3.84,Producer Milk Components,AMS_3462,3462,Dairy FMMOS,DY-NA,Washington,DC,"Washington, DC",Washington,DC,FMMOS,FMMOS - non-mars,01/31/2022 07:17:00,2021,2021-JAN,3.98,component,lmprs,
Dec,2021,,All Markets Combined,,3.97,Producer Milk Components,AMS_3462,3462,Dairy FMMOS,DY-NA,Washington,DC,"Washington, DC",Washington,DC,FMMOS,FMMOS - non-mars,01/31/2022 07:17:00,2021,2021-JAN,4.06,component,lmprs,
Dec,2021,,Upper Midwest,30.0,4.03,Producer Milk Components,AMS_3462,3462,Dairy FMMOS,DY-NA,Washington,DC,"Washington, DC",Washington,DC,FMMOS,FMMOS - non-mars,01/31/2022 07:17:00,2021,2021-JAN,4.11,component,lmprs,
Dec,2022,,Upper Midwest,30.0,4.12,Producer Milk Components,AMS_3462,3462,Dairy FMMOS,DY-NA,Washington,DC,"Washington, DC",Washington,DC,FMMOS,FMMOS - non-mars,01/30/2023 07:36:00,2022,2022-JAN,4.25,component,lmprs,
Dec,2022,,All Markets Combined,,4.06,Producer Milk Components,AMS_3462,3462,Dairy FMMOS,DY-NA,Washington,DC,"Washington, DC",Washington,DC,FMMOS,FMMOS - non-mars,01/30/2023 07:36:00,2022,2022-JAN,4.18,component,lmprs,
Dec,2022,,Appalachian,5.0,3.91,Producer Milk Components,AMS_3462,3462,Dairy FMMOS,DY-NA,Washington,DC,"Washington, DC",Washington,DC,FMMOS,FMMOS - non-mars,01/30/2023 07:36:00,2022,2022-JAN,4.00,component,lmprs,
Dec,2022,,Arizona,131.0,3.81,Producer Milk Components,AMS_3462,3462,Dairy FMMOS,DY-NA,Washington,DC,"Washington, DC",Washington,DC,FMMOS,FMMOS - non-mars,01/30/2023 07:36:00,2022,2022-JAN,3.91,component,lmprs,
Dec,2022,,California,51.0,4.05,Producer Milk Components,AMS_3462,3462,Dairy FMMOS,DY-NA,Washington,DC,"Washington, DC",Washington,DC,FMMOS,FMMOS - non-mars,01/30/2023 07:36:00,2022,2022-JAN,4.17,component,lmprs,
Dec,2022,,Florida,6.0,3.70,Producer Milk Components,AMS_3462,3462,Dairy FMMOS,DY-NA,Washington,DC,"Washington, DC",Washington,DC,FMMOS,FMMOS - non-mars,01/30/2023 07:36:00,2022,2022-JAN,3.71,component,lmprs,
Dec,2022,,Central,32.0,4.06,Producer Milk Components,AMS_3462,3462,Dairy FMMOS,DY-NA,Washington,DC,"Washington, DC",Washington,DC,FMMOS,FMMOS - non-mars,01/30/2023 07:36:00,2022,2022-JAN,4.21,component,lmprs,
Dec,2022,,Mideast,33.0,4.02,Producer Milk Components,AMS_3462,3462,Dairy FMMOS,DY-NA,Washington,DC,"Washington, DC",Washington,DC,FMMOS,FMMOS - non-mars,01/30/2023 07:36:00,2022,2022-JAN,4.14,component,lmprs,
Dec,2022,,Northeast,1.0,4.03,Producer Milk Components,AMS_3462,3462,Dairy FMMOS,DY-NA,Washington,DC,"Washington, DC",Washington,DC,FMMOS,FMMOS - non-mars,01/30/2023 07:36:00,2022,2022-JAN,4.16,component,lmprs,
Dec,2022,,Southeast,7.0,3.96,Producer Milk Components,AMS_3462,3462,Dairy FMMOS,DY-NA,Washington,DC,"Washington, DC",Washington,DC,FMMOS,FMMOS - non-mars,01/30/2023 07:36:00,2022,2022-JAN,4.07,component,lmprs,
Dec,2022,,Pacific Northwest,124.0,4.30,Producer Milk Components,AMS_3462,3462,Dairy FMMOS,DY-NA,Washington,DC,"Washington, DC",Washington,DC,FMMOS,FMMOS - non-mars,01/30/2023 07:36:00,2022,2022-JAN,4.43,component,lmprs,
Dec,2022,,Southwest,126.0,4.13,Producer Milk Components,AMS_3462,3462,Dairy FMMOS,DY-NA,Washington,DC,"Washington, DC",Washington,DC,FMMOS,FMMOS - non-mars,01/30/2023 07:36:00,2022,2022-JAN,4.29,component,lmprs,
Dec,2023,,Southwest,126.0,4.12,Producer Milk Components,AMS_3462,3462,Dairy FMMOS,DY-NA,Washington,DC,"Washington, DC",Washington,DC,FMMOS,FMMOS - non-mars,01/30/2024 09:42:00,2023,2023-JAN,4.21,component,lmprs,
Dec,2023,,Pacific Northwest,124.0,4.32,Producer Milk Components,AMS_3462,3462,Dairy FMMOS,DY-NA,Washington,DC,"Washington, DC",Washington,DC,FMMOS,FMMOS - non-mars,01/30/2024 09:42:00,2023,2023-JAN,4.47,component,lmprs,
Dec,2023,,Southeast,7.0,4.01,Producer Milk Components,AMS_3462,3462,Dairy FMMOS,DY-NA,Washington,DC,"Washington, DC",Washington,DC,FMMOS,FMMOS - non-mars,01/30/2024 09:42:00,2023,2023-JAN,4.09,component,lmprs,
Dec,2023,,Northeast,1.0,4.12,Producer Milk Components,AMS_3462,3462,Dairy FMMOS,DY-NA,Washington,DC,"Washington, DC",Washington,DC,FMMOS,FMMOS - non-mars,01/30/2024 09:42:00,2023,2023-JAN,4.16,component,lmprs,
Dec,2023,,Mideast,33.0,4.06,Producer Milk Components,AMS_3462,3462,Dairy FMMOS,DY-NA,Washington,DC,"Washington, DC",Washington,DC,FMMOS,FMMOS - non-mars,01/30/2024 09:42:00,2023,2023-JAN,4.11,component,lmprs,
Dec,2023,,Central,32.0,4.11,Producer Milk Components,AMS_3462,3462,Dairy FMMOS,DY-NA,Washington,DC,"Washington, DC",Washington,DC,FMMOS,FMMOS - non-mars,01/30/2024 09:42:00,2023,2023-JAN,4.25,component,lmprs,
Dec,2023,,Florida,6.0,3.82,Producer Milk Components,AMS_3462,3462,Dairy FMMOS,DY-NA,Washington,DC,"Washington, DC",Washington,DC,FMMOS,FMMOS - non-mars,01/30/2024 09:42:00,2023,2023-JAN,3.82,component,lmprs,
Dec,2023,,California,51.0,4.12,Producer Milk Components,AMS_3462,3462,Dairy FMMOS,DY-NA,Washington,DC,"Washington, DC",Washington,DC,FMMOS,FMMOS - non-mars,01/30/2024 09:42:00,2023,2023-JAN,4.21,component,lmprs,
Dec,2023,,Arizona,131.0,3.88,Producer Milk Components,AMS_3462,3462,Dairy FMMOS,DY-NA,Washington,DC,"Washington, DC",Washington,DC,FMMOS,FMMOS - non-mars,01/30/2024 09:42:00,2023,2023-JAN,3.93,component,lmprs,
Dec,2023,,Appalachian,5.0,3.97,Producer Milk Components,AMS_3462,3462,Dairy FMMOS,DY-NA,Washington,DC,"Washington, DC",Washington,DC,FMMOS,FMMOS - non-mars,01/30/2024 09:42:00,2023,2023-JAN,4.02,component,lmprs,
Dec,2023,,All Markets Combined,,4.11,Producer Milk Components,AMS_3462,3462,Dairy FMMOS,DY-NA,Washington,DC,"Washington, DC",Washington,DC,FMMOS,FMMOS - non-mars,01/30/2024 09:42:00,2023,2023-JAN,4.20,component,lmprs,
Dec,2023,,Upper Midwest,30.0,4.17,Producer Milk Components,AMS_3462,3462,Dairy FMMOS,DY-NA,Washington,DC,"Washington, DC",Washington,DC,FMMOS,FMMOS - non-mars,01/30/2024 09:42:00,2023,2023-JAN,4.26,component,lmprs,
Dec,2024,,Upper Midwest,30.0,4.27,Producer Milk Components,AMS_3462,3462,Dairy FMMOS,DY-NA,Washington,DC,"Washington, DC",Washington,DC,FMMOS,FMMOS - non-mars,01/23/2025 09:07:00,2024,2024-JAN,4.37,component,lmprs,
Dec,2024,,All Markets Combined,,4.21,Producer Milk Components,AMS_3462,3462,Dairy FMMOS,DY-NA,Washington,DC,"Washington, DC",Washington,DC,FMMOS,FMMOS - non-mars,01/23/2025 09:07:00,2024,2024-JAN,4.32,component,lmprs,
Dec,2024,,Appalachian,5.0,4.06,Producer Milk Components,AMS_3462,3462,Dairy FMMOS,DY-NA,Washington,DC,"Washington, DC",Washington,DC,FMMOS,FMMOS - non-mars,01/23/2025 09:07:00,2024,2024-JAN,4.19,component,lmprs,
Dec,2024,,Arizona,131.0,4.07,Producer Milk Components,AMS_3462,3462,Dairy FMMOS,DY-NA,Washington,DC,"Washington, DC",Washington,DC,FMMOS,FMMOS - non-mars,01/23/2025 09:07:00,2024,2024-JAN,4.14,component,lmprs,
Dec,2024,,California,51.0,4.18,Producer Milk Components,AMS_3462,3462,Dairy FMMOS,DY-NA,Washington,DC,"Washington, DC",Washington,DC,FMMOS,FMMOS - non-mars,01/23/2025 09:07:00,2024,2024-JAN,4.26,component,lmprs,
Dec,2024,,Florida,6.0,3.92,Producer Milk Components,AMS_3462,3462,Dairy FMMOS,DY-NA,Washington,DC,"Washington, DC",Washington,DC,FMMOS,FMMOS - non-mars,01/23/2025 09:07:00,2024,2024-JAN,3.97,component,lmprs,
Dec,2024,,Central,32.0,4.19,Producer Milk Components,AMS_3462,3462,Dairy FMMOS,DY-NA,Washington,DC,"Washington, DC",Washington,DC,FMMOS,FMMOS - non-mars,01/23/2025 09:07:00,2024,2024-JAN,4.36,component,lmprs,
Dec,2024,,Mideast,33.0,4.17,Producer Milk Components,AMS_3462,3462,Dairy FMMOS,DY-NA,Washington,DC,"Washington, DC",Washington,DC,FMMOS,FMMOS - non-mars,01/23/2025 09:07:00,2024,2024-JAN,4.29,component,lmprs,
Dec,2024,,Northeast,1.0,4.22,Producer Milk Components,AMS_3462,3462,Dairy FMMOS,DY-NA,Washington,DC,"Washington, DC",Washington,DC,FMMOS,FMMOS - non-mars,01/23/2025 09:07:00,2024,2024-JAN,4.32,component,lmprs,
Dec,2024,,Southeast,7.0,4.11,Producer Milk Components,AMS_3462,3462,Dairy FMMOS,DY-NA,Washington,DC,"Washington, DC",Washington,DC,FMMOS,FMMOS - non-mars,01/23/2025 09:07:00,2024,2024-JAN,4.27,component,lmprs,
Dec,2024,,Pacific Northwest,124.0,4.39,Producer Milk Components,AMS_3462,3462,Dairy FMMOS,DY-NA,Washington,DC,"Washington, DC",Washington,DC,FMMOS,FMMOS - non-mars,01/23/2025 09:07:00,2024,2024-JAN,4.56,component,lmprs,
Dec,2024,,Southwest,126.0,4.24,Producer Milk Components,AMS_3462,3462,Dairy FMMOS,DY-NA,Washington,DC,"Washington, DC",Washington,DC,FMMOS,FMMOS - non-mars,01/23/2025 09:07:00,2024,2024-JAN,4.38,component,lmprs,
Dec,2025,,Southwest,126.0,4.38,Producer Milk Components,AMS_3462,3462,Dairy FMMOS,DY-NA,Washington,DC,"Washington, DC",Washington,DC,FMMOS,FMMOS - non-mars,01/21/2026 11:39:00,2025,2025-JAN,4.52,component,lmprs,
Dec,2025,,Pacific Northwest,124.0,4.45,Producer Milk Components,AMS_3462,3462,Dairy FMMOS,DY-NA,Washington,DC,"Washington, DC",Washington,DC,FMMOS,FMMOS - non-mars,01/21/2026 11:39:00,2025,2025-JAN,4.61,component,lmprs,
Dec,2025,,Southeast,7.0,4.19,Producer Milk Components,AMS_3462,3462,Dairy FMMOS,DY-NA,Washington,DC,"Washington, DC",Washington,DC,FMMOS,FMMOS - non-mars,01/21/2026 11:39:00,2025,2025-JAN,4.34,component,lmprs,
Dec,2025,,Northeast,1.0,4.33,Producer Milk Components,AMS_3462,3462,Dairy FMMOS,DY-NA,Washington,DC,"Washington, DC",Washington,DC,FMMOS,FMMOS - non-mars,01/21/2026 11:39:00,2025,2025-JAN,4.45,component,lmprs,
Dec,2025,,Mideast,33.0,4.30,Producer Milk Components,AMS_3462,3462,Dairy FMMOS,DY-NA,Washington,DC,"Washington, DC",Washington,DC,FMMOS,FMMOS - non-mars,01/21/2026 11:39:00,2025,2025-JAN,4.44,component,lmprs,
Dec,2025,,Central,32.0,4.25,Producer Milk Components,AMS_3462,3462,Dairy FMMOS,DY-NA,Washington,DC,"Washington, DC",Washington,DC,FMMOS,FMMOS - non-mars,01/21/2026 11:39:00,2025,2025-JAN,4.40,component,lmprs,
Dec,2025,,Florida,6.0,3.94,Producer Milk Components,AMS_3462,3462,Dairy FMMOS,DY-NA,Washington,DC,"Washington, DC",Washington,DC,FMMOS,FMMOS - non-mars,01/21/2026 11:39:00,2025,2025-JAN,4.06,component,lmprs,
Dec,2025,,California,51.0,4.22,Producer Milk Components,AMS_3462,3462,Dairy FMMOS,DY-NA,Washington,DC,"Washington, DC",Washington,DC,FMMOS,FMMOS - non-mars,01/21/2026 11:39:00,2025,2025-JAN,4.35,component,lmprs,
Dec,2025,,Arizona,131.0,4.10,Producer Milk Components,AMS_3462,3462,Dairy FMMOS,DY-NA,Washington,DC,"Washington, DC",Washington,DC,FMMOS,FMMOS - non-mars,01/21/2026 11:39:00,2025,2025-JAN,4.28,component,lmprs,
Dec,2025,,Appalachian,5.0,4.13,Producer Milk Components,AMS_3462,3462,Dairy FMMOS,DY-NA,Washington,DC,"Washington, DC",Washington,DC,FMMOS,FMMOS - non-mars,01/21/2026 11:39:00,2025,2025-JAN,4.28,component,lmprs,
Dec,2025,,All Markets Combined,,4.29,Producer Milk Components,AMS_3462,3462,Dairy FMMOS,DY-NA,Washington,DC,"Washington, DC",Washington,DC,FMMOS,FMMOS - non-mars,01/21/2026 11:39:00,2025,2025-JAN,4.43,component,lmprs,
Dec,2025,,Upper Midwest,30.0,4.33,Producer Milk Components,AMS_3462,3462,Dairy FMMOS,DY-NA,Washington,DC,"Washington, DC",Washington,DC,FMMOS,FMMOS - non-mars,01/21/2026 11:39:00,2025,2025-JAN,4.48,component,lmprs,
Mar,2026,,Upper Midwest,30.0,4.46,Producer Milk Components,AMS_3462,3462,Dairy FMMOS,DY-NA,Washington,DC,"Washington, DC",Washington,DC,FMMOS,FMMOS - non-mars,04/21/2026 05:48:00,2026,2026-JAN,4.52,component,lmprs,
Mar,2026,,All Markets Combined,,4.42,Producer Milk Components,AMS_3462,3462,Dairy FMMOS,DY-NA,Washington,DC,"Washington, DC",Washington,DC,FMMOS,FMMOS - non-mars,04/21/2026 05:48:00,2026,2026-JAN,4.46,component,lmprs,
Mar,2026,,Appalachian,5.0,4.23,Producer Milk Components,AMS_3462,3462,Dairy FMMOS,DY-NA,Washington,DC,"Washington, DC",Washington,DC,FMMOS,FMMOS - non-mars,04/21/2026 05:48:00,2026,2026-JAN,4.27,component,lmprs,
Mar,2026,,Arizona,131.0,4.16,Producer Milk Components,AMS_3462,3462,Dairy FMMOS,DY-NA,Washington,DC,"Washington, DC",Washington,DC,FMMOS,FMMOS - non-mars,04/21/2026 05:48:00,2026,2026-JAN,4.15,component,lmprs,
Mar,2026,,California,51.0,4.31,Producer Milk Components,AMS_3462,3462,Dairy FMMOS,DY-NA,Washington,DC,"Washington, DC",Washington,DC,FMMOS,FMMOS - non-mars,04/21/2026 05:48:00,2026,2026-JAN,4.33,component,lmprs,
Mar,2026,,Florida,6.0,3.97,Producer Milk Components,AMS_3462,3462,Dairy FMMOS,DY-NA,Washington,DC,"Washington, DC",Washington,DC,FMMOS,FMMOS - non-mars,04/21/2026 05:48:00,2026,2026-JAN,3.99,component,lmprs,
Mar,2026,,Central,32.0,4.36,Producer Milk Components,AMS_3462,3462,Dairy FMMOS,DY-NA,Washington,DC,"Washington, DC",Washington,DC,FMMOS,FMMOS - non-mars,04/21/2026 05:48:00,2026,2026-JAN,4.43,component,lmprs,
Mar,2026,,Mideast,33.0,4.45,Producer Milk Components,AMS_3462,3462,Dairy FMMOS,DY-NA,Washington,DC,"Washington, DC",Washington,DC,FMMOS,FMMOS - non-mars,04/21/2026 05:48:00,2026,2026-JAN,4.48,component,lmprs,
Mar,2026,,Northeast,1.0,4.53,Producer Milk Components,AMS_3462,3462,Dairy FMMOS,DY-NA,Washington,DC,"Washington, DC",Washington,DC,FMMOS,FMMOS - non-mars,04/21/2026 05:48:00,2026,2026-JAN,4.56,component,lmprs,
Mar,2026,,Southeast,7.0,4.32,Producer Milk Components,AMS_3462,3462,Dairy FMMOS,DY-NA,Washington,DC,"Washington, DC",Washington,DC,FMMOS,FMMOS - non-mars,04/21/2026 05:48:00,2026,2026-JAN,4.36,component,lmprs,
Mar,2026,,Pacific Northwest,124.0,4.56,Producer Milk Components,AMS_3462,3462,Dairy FMMOS,DY-NA,Washington,DC,"Washington, DC",Washington,DC,FMMOS,FMMOS - non-mars,04/21/2026 05:48:00,2026,2026-JAN,4.59,component,lmprs,
Mar,2026,,Southwest,126.0,4.52,Producer Milk Components,AMS_3462,3462,Dairy FMMOS,DY-NA,Washington,DC,"Washington, DC",Washington,DC,FMMOS,FMMOS - non-mars,04/21/2026 05:48:00,2026,2026-JAN,4.60,component,lmprs,
Dec,2000,,All Markets Combined,,3.69,Producer Milk Components,AMS_3462,3462,Dairy FMMOS,DY-NA,Washington,DC,"Washington, DC",Washington,DC,FMMOS,FMMOS - non-mars,04/09/2021 07:48:00,2000,2000-FEB,3.75,component,lmprs,
Dec,2000,,Appalachian,5.0,3.67,Producer Milk Components,AMS_3462,3462,Dairy FMMOS,DY-NA,Washington,DC,"Washington, DC",Washington,DC,FMMOS,FMMOS - non-mars,04/09/2021 07:48:00,2000,2000-FEB,3.77,component,lmprs,
Dec,2000,,Arizona,131.0,3.62,Producer Milk Components,AMS_3462,3462,Dairy FMMOS,DY-NA,Washington,DC,"Washington, DC",Washington,DC,FMMOS,FMMOS - non-mars,04/09/2021 07:48:00,2000,2000-FEB,3.65,component,lmprs,
Dec,2000,,Central,32.0,3.69,Producer Milk Components,AMS_3462,3462,Dairy FMMOS,DY-NA,Washington,DC,"Washington, DC",Washington,DC,FMMOS,FMMOS - non-mars,04/09/2021 07:48:00,2000,2000-FEB,3.75,component,lmprs,
Dec,2000,,Florida,6.0,3.60,Producer Milk Components,AMS_3462,3462,Dairy FMMOS,DY-NA,Washington,DC,"Washington, DC",Washington,DC,FMMOS,FMMOS - non-mars,04/09/2021 07:48:00,2000,2000-FEB,3.60,component,lmprs,
Dec,2000,,Mideast,33.0,3.72,Producer Milk Components,AMS_3462,3462,Dairy FMMOS,DY-NA,Washington,DC,"Washington, DC",Washington,DC,FMMOS,FMMOS - non-mars,04/09/2021 07:48:00,2000,2000-FEB,3.84,component,lmprs,
Dec,2000,,Northeast,1.0,3.71,Producer Milk Components,AMS_3462,3462,Dairy FMMOS,DY-NA,Washington,DC,"Washington, DC",Washington,DC,FMMOS,FMMOS - non-mars,04/09/2021 07:48:00,2000,2000-FEB,3.80,component,lmprs,
Dec,2000,,Pacific Northwest,124.0,3.65,Producer Milk Components,AMS_3462,3462,Dairy FMMOS,DY-NA,Washington,DC,"Washington, DC",Washington,DC,FMMOS,FMMOS - non-mars,04/09/2021 07:48:00,2000,2000-FEB,3.70,component,lmprs,
Dec,2000,,Southeast,7.0,3.64,Producer Milk Components,AMS_3462,3462,Dairy FMMOS,DY-NA,Washington,DC,"Washington, DC",Washington,DC,FMMOS,FMMOS - non-mars,04/09/2021 07:48:00,2000,2000-FEB,3.66,component,lmprs,
Dec,2000,,Southwest,126.0,3.60,Producer Milk Components,AMS_3462,3462,Dairy FMMOS,DY-NA,Washington,DC,"Washington, DC",Washington,DC,FMMOS,FMMOS - non-mars,04/09/2021 07:48:00,2000,2000-FEB,3.66,component,lmprs,
Dec,2000,,Upper Midwest,30.0,3.73,Producer Milk Components,AMS_3462,3462,Dairy FMMOS,DY-NA,Washington,DC,"Washington, DC",Washington,DC,FMMOS,FMMOS - non-mars,04/09/2021 07:48:00,2000,2000-FEB,3.78,component,lmprs,
Dec,2000,,Western,135.0,3.60,Producer Milk Components,AMS_3462,3462,Dairy FMMOS,DY-NA,Washington,DC,"Washington, DC",Washington,DC,FMMOS,FMMOS - non-mars,04/09/2021 07:48:00,2000,2000-FEB,3.68,component,lmprs,
Dec,2001,,Western,135.0,3.61,Producer Milk Components,AMS_3462,3462,Dairy FMMOS,DY-NA,Washington,DC,"Washington, DC",Washington,DC,FMMOS,FMMOS - non-mars,04/09/2021 07:46:00,2001,2001-FEB,3.68,component,lmprs,
Dec,2001,,Upper Midwest,30.0,3.72,Producer Milk Components,AMS_3462,3462,Dairy FMMOS,DY-NA,Washington,DC,"Washington, DC",Washington,DC,FMMOS,FMMOS - non-mars,04/09/2021 07:46:00,2001,2001-FEB,3.79,component,lmprs,
Dec,2001,,Southwest,126.0,3.62,Producer Milk Components,AMS_3462,3462,Dairy FMMOS,DY-NA,Washington,DC,"Washington, DC",Washington,DC,FMMOS,FMMOS - non-mars,04/09/2021 07:46:00,2001,2001-FEB,3.71,component,lmprs,
Dec,2001,,Southeast,7.0,3.64,Producer Milk Components,AMS_3462,3462,Dairy FMMOS,DY-NA,Washington,DC,"Washington, DC",Washington,DC,FMMOS,FMMOS - non-mars,04/09/2021 07:46:00,2001,2001-FEB,3.70,component,lmprs,
Dec,2001,,Pacific Northwest,124.0,3.66,Producer Milk Components,AMS_3462,3462,Dairy FMMOS,DY-NA,Washington,DC,"Washington, DC",Washington,DC,FMMOS,FMMOS - non-mars,04/09/2021 07:46:00,2001,2001-FEB,3.72,component,lmprs,
Dec,2001,,Northeast,1.0,3.68,Producer Milk Components,AMS_3462,3462,Dairy FMMOS,DY-NA,Washington,DC,"Washington, DC",Washington,DC,FMMOS,FMMOS - non-mars,04/09/2021 07:46:00,2001,2001-FEB,3.75,component,lmprs,
Dec,2001,,Mideast,33.0,3.68,Producer Milk Components,AMS_3462,3462,Dairy FMMOS,DY-NA,Washington,DC,"Washington, DC",Washington,DC,FMMOS,FMMOS - non-mars,04/09/2021 07:46:00,2001,2001-FEB,3.78,component,lmprs,
Dec,2001,,Florida,6.0,3.60,Producer Milk Components,AMS_3462,3462,Dairy FMMOS,DY-NA,Washington,DC,"Washington, DC",Washington,DC,FMMOS,FMMOS - non-mars,04/09/2021 07:46:00,2001,2001-FEB,3.59,component,lmprs,
Dec,2001,,Central,32.0,3.69,Producer Milk Components,AMS_3462,3462,Dairy FMMOS,DY-NA,Washington,DC,"Washington, DC",Washington,DC,FMMOS,FMMOS - non-mars,04/09/2021 07:46:00,2001,2001-FEB,3.77,component,lmprs,
Dec,2001,,Arizona,131.0,3.62,Producer Milk Components,AMS_3462,3462,Dairy FMMOS,DY-NA,Washington,DC,"Washington, DC",Washington,DC,FMMOS,FMMOS - non-mars,04/09/2021 07:46:00,2001,2001-FEB,3.65,component,lmprs,
Dec,2001,,Appalachian,5.0,3.65,Producer Milk Components,AMS_3462,3462,Dairy FMMOS,DY-NA,Washington,DC,"Washington, DC",Washington,DC,FMMOS,FMMOS - non-mars,04/09/2021 07:46:00,2001,2001-FEB,3.72,component,lmprs,
Dec,2001,,All Markets Combined,,3.67,Producer Milk Components,AMS_3462,3462,Dairy FMMOS,DY-NA,Washington,DC,"Washington, DC",Washington,DC,FMMOS,FMMOS - non-mars,04/09/2021 07:46:00,2001,2001-FEB,3.75,component,lmprs,
Dec,2002,,All Markets Combined,,3.69,Producer Milk Components,AMS_3462,3462,Dairy FMMOS,DY-NA,Washington,DC,"Washington, DC",Washington,DC,FMMOS,FMMOS - non-mars,04/09/2021 07:46:00,2002,2002-FEB,3.74,component,lmprs,
Dec,2002,,Appalachian,5.0,3.66,Producer Milk Components,AMS_3462,3462,Dairy FMMOS,DY-NA,Washington,DC,"Washington, DC",Washington,DC,FMMOS,FMMOS - non-mars,04/09/2021 07:46:00,2002,2002-FEB,3.72,component,lmprs,
Dec,2002,,Arizona,131.0,3.63,Producer Milk Components,AMS_3462,3462,Dairy FMMOS,DY-NA,Washington,DC,"Washington, DC",Washington,DC,FMMOS,FMMOS - non-mars,04/09/2021 07:46:00,2002,2002-FEB,3.66,component,lmprs,
Dec,2002,,Central,32.0,3.70,Producer Milk Components,AMS_3462,3462,Dairy FMMOS,DY-NA,Washington,DC,"Washington, DC",Washington,DC,FMMOS,FMMOS - non-mars,04/09/2021 07:46:00,2002,2002-FEB,3.76,component,lmprs,
Dec,2002,,Florida,6.0,3.67,Producer Milk Components,AMS_3462,3462,Dairy FMMOS,DY-NA,Washington,DC,"Washington, DC",Washington,DC,FMMOS,FMMOS - non-mars,04/09/2021 07:46:00,2002,2002-FEB,3.67,component,lmprs,
Dec,2002,,Mideast,33.0,3.69,Producer Milk Components,AMS_3462,3462,Dairy FMMOS,DY-NA,Washington,DC,"Washington, DC",Washington,DC,FMMOS,FMMOS - non-mars,04/09/2021 07:46:00,2002,2002-FEB,3.76,component,lmprs,
Dec,2002,,Northeast,1.0,3.69,Producer Milk Components,AMS_3462,3462,Dairy FMMOS,DY-NA,Washington,DC,"Washington, DC",Washington,DC,FMMOS,FMMOS - non-mars,04/09/2021 07:46:00,2002,2002-FEB,3.75,component,lmprs,
Dec,2002,,Pacific Northwest,124.0,3.67,Producer Milk Components,AMS_3462,3462,Dairy FMMOS,DY-NA,Washington,DC,"Washington, DC",Washington,DC,FMMOS,FMMOS - non-mars,04/09/2021 07:46:00,2002,2002-FEB,3.69,component,lmprs,
Dec,2002,,Southeast,7.0,3.66,Producer Milk Components,AMS_3462,3462,Dairy FMMOS,DY-NA,Washington,DC,"Washington, DC",Washington,DC,FMMOS,FMMOS - non-mars,04/09/2021 07:46:00,2002,2002-FEB,3.71,component,lmprs,
Dec,2002,,Southwest,126.0,3.64,Producer Milk Components,AMS_3462,3462,Dairy FMMOS,DY-NA,Washington,DC,"Washington, DC",Washington,DC,FMMOS,FMMOS - non-mars,04/09/2021 07:46:00,2002,2002-FEB,3.74,component,lmprs,
Dec,2002,,Upper Midwest,30.0,3.73,Producer Milk Components,AMS_3462,3462,Dairy FMMOS,DY-NA,Washington,DC,"Washington, DC",Washington,DC,FMMOS,FMMOS - non-mars,04/09/2021 07:46:00,2002,2002-FEB,3.78,component,lmprs,
Dec,2002,,Western,135.0,3.63,Producer Milk Components,AMS_3462,3462,Dairy FMMOS,DY-NA,Washington,DC,"Washington, DC",Washington,DC,FMMOS,FMMOS - non-mars,04/09/2021 07:46:00,2002,2002-FEB,3.72,component,lmprs,
Dec,2003,,Western,135.0,3.60,Producer Milk Components,AMS_3462,3462,Dairy FMMOS,DY-NA,Washington,DC,"Washington, DC",Washington,DC,FMMOS,FMMOS - non-mars,04/09/2021 07:46:00,2003,2003-FEB,3.65,component,lmprs,
Dec,2003,,Upper Midwest,30.0,3.72,Producer Milk Components,AMS_3462,3462,Dairy FMMOS,DY-NA,Washington,DC,"Washington, DC",Washington,DC,FMMOS,FMMOS - non-mars,04/09/2021 07:46:00,2003,2003-FEB,3.76,component,lmprs,
Dec,2003,,Southwest,126.0,3.62,Producer Milk Components,AMS_3462,3462,Dairy FMMOS,DY-NA,Washington,DC,"Washington, DC",Washington,DC,FMMOS,FMMOS - non-mars,04/09/2021 07:46:00,2003,2003-FEB,3.71,component,lmprs,
Dec,2003,,Southeast,7.0,3.63,Producer Milk Components,AMS_3462,3462,Dairy FMMOS,DY-NA,Washington,DC,"Washington, DC",Washington,DC,FMMOS,FMMOS - non-mars,04/09/2021 07:46:00,2003,2003-FEB,3.70,component,lmprs,
Dec,2003,,Northeast,1.0,3.70,Producer Milk Components,AMS_3462,3462,Dairy FMMOS,DY-NA,Washington,DC,"Washington, DC",Washington,DC,FMMOS,FMMOS - non-mars,04/09/2021 07:46:00,2003,2003-FEB,3.80,component,lmprs,
Dec,2003,,Pacific Northwest,124.0,3.66,Producer Milk Components,AMS_3462,3462,Dairy FMMOS,DY-NA,Washington,DC,"Washington, DC",Washington,DC,FMMOS,FMMOS - non-mars,04/09/2021 07:46:00,2003,2003-FEB,3.69,component,lmprs,
Dec,2003,,Mideast,33.0,3.69,Producer Milk Components,AMS_3462,3462,Dairy FMMOS,DY-NA,Washington,DC,"Washington, DC",Washington,DC,FMMOS,FMMOS - non-mars,04/09/2021 07:46:00,2003,2003-FEB,3.77,component,lmprs,
Dec,2003,,Florida,6.0,3.57,Producer Milk Components,AMS_3462,3462,Dairy FMMOS,DY-NA,Washington,DC,"Washington, DC",Washington,DC,FMMOS,FMMOS - non-mars,04/09/2021 07:46:00,2003,2003-FEB,3.59,component,lmprs,
Dec,2003,,Arizona,131.0,3.59,Producer Milk Components,AMS_3462,3462,Dairy FMMOS,DY-NA,Washington,DC,"Washington, DC",Washington,DC,FMMOS,FMMOS - non-mars,04/09/2021 07:46:00,2003,2003-FEB,3.58,component,lmprs,
Dec,2003,,Central,32.0,3.68,Producer Milk Components,AMS_3462,3462,Dairy FMMOS,DY-NA,Washington,DC,"Washington, DC",Washington,DC,FMMOS,FMMOS - non-mars,04/09/2021 07:46:00,2003,2003-FEB,3.75,component,lmprs,
Dec,2003,,Appalachian,5.0,3.65,Producer Milk Components,AMS_3462,3462,Dairy FMMOS,DY-NA,Washington,DC,"Washington, DC",Washington,DC,FMMOS,FMMOS - non-mars,04/09/2021 07:46:00,2003,2003-FEB,3.76,component,lmprs,
Dec,2003,,All Markets Combined,,3.67,Producer Milk Components,AMS_3462,3462,Dairy FMMOS,DY-NA,Washington,DC,"Washington, DC",Washington,DC,FMMOS,FMMOS - non-mars,04/09/2021 07:46:00,2003,2003-FEB,3.74,component,lmprs,
Dec,2004,,All Markets Combined,,3.67,Producer Milk Components,AMS_3462,3462,Dairy FMMOS,DY-NA,Washington,DC,"Washington, DC",Washington,DC,FMMOS,FMMOS - non-mars,04/09/2021 07:44:00,2004,2004-FEB,3.75,component,lmprs,
Dec,2004,,Appalachian,5.0,3.62,Producer Milk Components,AMS_3462,3462,Dairy FMMOS,DY-NA,Washington,DC,"Washington, DC",Washington,DC,FMMOS,FMMOS - non-mars,04/09/2021 07:44:00,2004,2004-FEB,3.72,component,lmprs,
Dec,2004,,Central,32.0,3.66,Producer Milk Components,AMS_3462,3462,Dairy FMMOS,DY-NA,Washington,DC,"Washington, DC",Washington,DC,FMMOS,FMMOS - non-mars,04/09/2021 07:44:00,2004,2004-FEB,3.75,component,lmprs,
Dec,2004,,Arizona,131.0,3.61,Producer Milk Components,AMS_3462,3462,Dairy FMMOS,DY-NA,Washington,DC,"Washington, DC",Washington,DC,FMMOS,FMMOS - non-mars,04/09/2021 07:44:00,2004,2004-FEB,3.61,component,lmprs,
Dec,2004,,Florida,6.0,3.61,Producer Milk Components,AMS_3462,3462,Dairy FMMOS,DY-NA,Washington,DC,"Washington, DC",Washington,DC,FMMOS,FMMOS - non-mars,04/09/2021 07:44:00,2004,2004-FEB,3.65,component,lmprs,
Dec,2004,,Mideast,33.0,3.67,Producer Milk Components,AMS_3462,3462,Dairy FMMOS,DY-NA,Washington,DC,"Washington, DC",Washington,DC,FMMOS,FMMOS - non-mars,04/09/2021 07:44:00,2004,2004-FEB,3.78,component,lmprs,
Dec,2004,,Pacific Northwest,124.0,3.68,Producer Milk Components,AMS_3462,3462,Dairy FMMOS,DY-NA,Washington,DC,"Washington, DC",Washington,DC,FMMOS,FMMOS - non-mars,04/09/2021 07:44:00,2004,2004-FEB,3.75,component,lmprs,
Dec,2004,,Northeast,1.0,3.66,Producer Milk Components,AMS_3462,3462,Dairy FMMOS,DY-NA,Washington,DC,"Washington, DC",Washington,DC,FMMOS,FMMOS - non-mars,04/09/2021 07:44:00,2004,2004-FEB,3.74,component,lmprs,
Dec,2004,,Southeast,7.0,3.65,Producer Milk Components,AMS_3462,3462,Dairy FMMOS,DY-NA,Washington,DC,"Washington, DC",Washington,DC,FMMOS,FMMOS - non-mars,04/09/2021 07:44:00,2004,2004-FEB,3.73,component,lmprs,
Dec,2004,,Southwest,126.0,3.64,Producer Milk Components,AMS_3462,3462,Dairy FMMOS,DY-NA,Washington,DC,"Washington, DC",Washington,DC,FMMOS,FMMOS - non-mars,04/09/2021 07:44:00,2004,2004-FEB,3.71,component,lmprs,
Dec,2004,,Upper Midwest,30.0,3.72,Producer Milk Components,AMS_3462,3462,Dairy FMMOS,DY-NA,Washington,DC,"Washington, DC",Washington,DC,FMMOS,FMMOS - non-mars,04/09/2021 07:44:00,2004,2004-FEB,3.81,component,lmprs,
Dec,2004,,Western,135.0,3.70,Producer Milk Components,AMS_3462,3462,Dairy FMMOS,DY-NA,Washington,DC,"Washington, DC",Washington,DC,FMMOS,FMMOS - non-mars,04/09/2021 07:44:00,2004,2004-FEB,3.70,component,lmprs,
Dec,2005,,Upper Midwest,30.0,3.71,Producer Milk Components,AMS_3462,3462,Dairy FMMOS,DY-NA,Washington,DC,"Washington, DC",Washington,DC,FMMOS,FMMOS - non-mars,03/30/2021 14:16:00,2005,2005-FEB,3.74,component,lmprs,
Dec,2005,,Southwest,126.0,3.66,Producer Milk Components,AMS_3462,3462,Dairy FMMOS,DY-NA,Washington,DC,"Washington, DC",Washington,DC,FMMOS,FMMOS - non-mars,03/30/2021 14:16:00,2005,2005-FEB,3.74,component,lmprs,
Dec,2005,,Southeast,7.0,3.63,Producer Milk Components,AMS_3462,3462,Dairy FMMOS,DY-NA,Washington,DC,"Washington, DC",Washington,DC,FMMOS,FMMOS - non-mars,03/30/2021 14:16:00,2005,2005-FEB,3.68,component,lmprs,
Dec,2005,,Northeast,1.0,3.67,Producer Milk Components,AMS_3462,3462,Dairy FMMOS,DY-NA,Washington,DC,"Washington, DC",Washington,DC,FMMOS,FMMOS - non-mars,03/30/2021 14:16:00,2005,2005-FEB,3.72,component,lmprs,
Dec,2005,,Pacific Northwest,124.0,3.67,Producer Milk Components,AMS_3462,3462,Dairy FMMOS,DY-NA,Washington,DC,"Washington, DC",Washington,DC,FMMOS,FMMOS - non-mars,03/30/2021 14:16:00,2005,2005-FEB,3.66,component,lmprs,
Dec,2005,,Mideast,33.0,3.65,Producer Milk Components,AMS_3462,3462,Dairy FMMOS,DY-NA,Washington,DC,"Washington, DC",Washington,DC,FMMOS,FMMOS - non-mars,03/30/2021 14:16:00,2005,2005-FEB,3.72,component,lmprs,
Dec,2005,,Florida,6.0,3.60,Producer Milk Components,AMS_3462,3462,Dairy FMMOS,DY-NA,Washington,DC,"Washington, DC",Washington,DC,FMMOS,FMMOS - non-mars,03/30/2021 14:16:00,2005,2005-FEB,3.59,component,lmprs,
Dec,2005,,Central,32.0,3.64,Producer Milk Components,AMS_3462,3462,Dairy FMMOS,DY-NA,Washington,DC,"Washington, DC",Washington,DC,FMMOS,FMMOS - non-mars,03/30/2021 14:16:00,2005,2005-FEB,3.68,component,lmprs,
Dec,2005,,Appalachian,5.0,3.62,Producer Milk Components,AMS_3462,3462,Dairy FMMOS,DY-NA,Washington,DC,"Washington, DC",Washington,DC,FMMOS,FMMOS - non-mars,03/30/2021 14:16:00,2005,2005-FEB,3.68,component,lmprs,
Dec,2005,,Arizona,131.0,3.59,Producer Milk Components,AMS_3462,3462,Dairy FMMOS,DY-NA,Washington,DC,"Washington, DC",Washington,DC,FMMOS,FMMOS - non-mars,03/30/2021 14:16:00,2005,2005-FEB,3.64,component,lmprs,
Dec,2005,,All Markets Combined,,3.66,Producer Milk Components,AMS_3462,3462,Dairy FMMOS,DY-NA,Washington,DC,"Washington, DC",Washington,DC,FMMOS,FMMOS - non-mars,03/30/2021 14:16:00,2005,2005-FEB,3.70,component,lmprs,
Dec,2006,,All Markets Combined,,3.69,Producer Milk Components,AMS_3462,3462,Dairy FMMOS,DY-NA,Washington,DC,"Washington, DC",Washington,DC,FMMOS,FMMOS - non-mars,03/30/2021 14:16:00,2006,2006-FEB,3.76,component,lmprs,
Dec,2006,,Arizona,131.0,3.59,Producer Milk Components,AMS_3462,3462,Dairy FMMOS,DY-NA,Washington,DC,"Washington, DC",Washington,DC,FMMOS,FMMOS - non-mars,03/30/2021 14:16:00,2006,2006-FEB,3.60,component,lmprs,
Dec,2006,,Appalachian,5.0,3.67,Producer Milk Components,AMS_3462,3462,Dairy FMMOS,DY-NA,Washington,DC,"Washington, DC",Washington,DC,FMMOS,FMMOS - non-mars,03/30/2021 14:16:00,2006,2006-FEB,3.74,component,lmprs,
Dec,2006,,Central,32.0,3.67,Producer Milk Components,AMS_3462,3462,Dairy FMMOS,DY-NA,Washington,DC,"Washington, DC",Washington,DC,FMMOS,FMMOS - non-mars,03/30/2021 14:16:00,2006,2006-FEB,3.74,component,lmprs,
Dec,2006,,Florida,6.0,3.66,Producer Milk Components,AMS_3462,3462,Dairy FMMOS,DY-NA,Washington,DC,"Washington, DC",Washington,DC,FMMOS,FMMOS - non-mars,03/30/2021 14:16:00,2006,2006-FEB,3.68,component,lmprs,
Dec,2006,,Mideast,33.0,3.69,Producer Milk Components,AMS_3462,3462,Dairy FMMOS,DY-NA,Washington,DC,"Washington, DC",Washington,DC,FMMOS,FMMOS - non-mars,03/30/2021 14:16:00,2006,2006-FEB,3.75,component,lmprs,
Dec,2006,,Pacific Northwest,124.0,3.69,Producer Milk Components,AMS_3462,3462,Dairy FMMOS,DY-NA,Washington,DC,"Washington, DC",Washington,DC,FMMOS,FMMOS - non-mars,03/30/2021 14:16:00,2006,2006-FEB,3.77,component,lmprs,
Dec,2006,,Northeast,1.0,3.71,Producer Milk Components,AMS_3462,3462,Dairy FMMOS,DY-NA,Washington,DC,"Washington, DC",Washington,DC,FMMOS,FMMOS - non-mars,03/30/2021 14:16:00,2006,2006-FEB,3.78,component,lmprs,
Dec,2006,,Southeast,7.0,3.67,Producer Milk Components,AMS_3462,3462,Dairy FMMOS,DY-NA,Washington,DC,"Washington, DC",Washington,DC,FMMOS,FMMOS - non-mars,03/30/2021 14:16:00,2006,2006-FEB,3.74,component,lmprs,
Dec,2006,,Southwest,126.0,3.69,Producer Milk Components,AMS_3462,3462,Dairy FMMOS,DY-NA,Washington,DC,"Washington, DC",Washington,DC,FMMOS,FMMOS - non-mars,03/30/2021 14:16:00,2006,2006-FEB,3.79,component,lmprs,
Dec,2006,,Upper Midwest,30.0,3.72,Producer Milk Components,AMS_3462,3462,Dairy FMMOS,DY-NA,Washington,DC,"Washington, DC",Washington,DC,FMMOS,FMMOS - non-mars,03/30/2021 14:16:00,2006,2006-FEB,3.78,component,lmprs,
Dec,2007,,Upper Midwest,30.0,3.71,Producer Milk Components,AMS_3462,3462,Dairy FMMOS,DY-NA,Washington,DC,"Washington, DC",Washington,DC,FMMOS,FMMOS - non-mars,03/30/2021 14:16:00,2007,2007-FEB,3.80,component,lmprs,
Dec,2007,,Southwest,126.0,3.67,Producer Milk Components,AMS_3462,3462,Dairy FMMOS,DY-NA,Washington,DC,"Washington, DC",Washington,DC,FMMOS,FMMOS - non-mars,03/30/2021 14:16:00,2007,2007-FEB,3.81,component,lmprs,
Dec,2007,,Southeast,7.0,3.67,Producer Milk Components,AMS_3462,3462,Dairy FMMOS,DY-NA,Washington,DC,"Washington, DC",Washington,DC,FMMOS,FMMOS - non-mars,03/30/2021 14:16:00,2007,2007-FEB,3.78,component,lmprs,
Dec,2007,,Northeast,1.0,3.70,Producer Milk Components,AMS_3462,3462,Dairy FMMOS,DY-NA,Washington,DC,"Washington, DC",Washington,DC,FMMOS,FMMOS - non-mars,03/30/2021 14:16:00,2007,2007-FEB,3.79,component,lmprs,
Dec,2007,,Pacific Northwest,124.0,3.70,Producer Milk Components,AMS_3462,3462,Dairy FMMOS,DY-NA,Washington,DC,"Washington, DC",Washington,DC,FMMOS,FMMOS - non-mars,03/30/2021 14:16:00,2007,2007-FEB,3.76,component,lmprs,
Dec,2007,,Mideast,33.0,3.67,Producer Milk Components,AMS_3462,3462,Dairy FMMOS,DY-NA,Washington,DC,"Washington, DC",Washington,DC,FMMOS,FMMOS - non-mars,03/30/2021 14:16:00,2007,2007-FEB,3.78,component,lmprs,
Dec,2007,,Florida,6.0,3.63,Producer Milk Components,AMS_3462,3462,Dairy FMMOS,DY-NA,Washington,DC,"Washington, DC",Washington,DC,FMMOS,FMMOS - non-mars,03/30/2021 14:16:00,2007,2007-FEB,3.65,component,lmprs,
Dec,2007,,Central,32.0,3.68,Producer Milk Components,AMS_3462,3462,Dairy FMMOS,DY-NA,Washington,DC,"Washington, DC",Washington,DC,FMMOS,FMMOS - non-mars,03/30/2021 14:16:00,2007,2007-FEB,3.80,component,lmprs,
Dec,2007,,Appalachian,5.0,3.67,Producer Milk Components,AMS_3462,3462,Dairy FMMOS,DY-NA,Washington,DC,"Washington, DC",Washington,DC,FMMOS,FMMOS - non-mars,03/30/2021 14:16:00,2007,2007-FEB,3.78,component,lmprs,
Dec,2007,,Arizona,131.0,3.60,Producer Milk Components,AMS_3462,3462,Dairy FMMOS,DY-NA,Washington,DC,"Washington, DC",Washington,DC,FMMOS,FMMOS - non-mars,03/30/2021 14:16:00,2007,2007-FEB,3.66,component,lmprs,
Dec,2007,,All Markets Combined,,3.68,Producer Milk Components,AMS_3462,3462,Dairy FMMOS,DY-NA,Washington,DC,"Washington, DC",Washington,DC,FMMOS,FMMOS - non-mars,03/30/2021 14:16:00,2007,2007-FEB,3.78,component,lmprs,
Dec,2008,,All Markets Combined,,3.69,Producer Milk Components,AMS_3462,3462,Dairy FMMOS,DY-NA,Washington,DC,"Washington, DC",Washington,DC,FMMOS,FMMOS - non-mars,03/30/2021 14:15:00,2008,2008-FEB,3.76,component,lmprs,
Dec,2008,,Arizona,131.0,3.56,Producer Milk Components,AMS_3462,3462,Dairy FMMOS,DY-NA,Washington,DC,"Washington, DC",Washington,DC,FMMOS,FMMOS - non-mars,03/30/2021 14:15:00,2008,2008-FEB,3.65,component,lmprs,
Dec,2008,,Appalachian,5.0,3.69,Producer Milk Components,AMS_3462,3462,Dairy FMMOS,DY-NA,Washington,DC,"Washington, DC",Washington,DC,FMMOS,FMMOS - non-mars,03/30/2021 14:15:00,2008,2008-FEB,3.77,component,lmprs,
Dec,2008,,Central,32.0,3.65,Producer Milk Components,AMS_3462,3462,Dairy FMMOS,DY-NA,Washington,DC,"Washington, DC",Washington,DC,FMMOS,FMMOS - non-mars,03/30/2021 14:15:00,2008,2008-FEB,3.73,component,lmprs,
Dec,2008,,Florida,6.0,3.60,Producer Milk Components,AMS_3462,3462,Dairy FMMOS,DY-NA,Washington,DC,"Washington, DC",Washington,DC,FMMOS,FMMOS - non-mars,03/30/2021 14:15:00,2008,2008-FEB,3.59,component,lmprs,
Dec,2008,,Mideast,33.0,3.70,Producer Milk Components,AMS_3462,3462,Dairy FMMOS,DY-NA,Washington,DC,"Washington, DC",Washington,DC,FMMOS,FMMOS - non-mars,03/30/2021 14:15:00,2008,2008-FEB,3.78,component,lmprs,
Dec,2008,,Pacific Northwest,124.0,3.67,Producer Milk Components,AMS_3462,3462,Dairy FMMOS,DY-NA,Washington,DC,"Washington, DC",Washington,DC,FMMOS,FMMOS - non-mars,03/30/2021 14:15:00,2008,2008-FEB,3.74,component,lmprs,
Dec,2008,,Northeast,1.0,3.73,Producer Milk Components,AMS_3462,3462,Dairy FMMOS,DY-NA,Washington,DC,"Washington, DC",Washington,DC,FMMOS,FMMOS - non-mars,03/30/2021 14:15:00,2008,2008-FEB,3.77,component,lmprs,
Dec,2008,,Southeast,7.0,3.67,Producer Milk Components,AMS_3462,3462,Dairy FMMOS,DY-NA,Washington,DC,"Washington, DC",Washington,DC,FMMOS,FMMOS - non-mars,03/30/2021 14:15:00,2008,2008-FEB,3.75,component,lmprs,
Dec,2008,,Southwest,126.0,3.63,Producer Milk Components,AMS_3462,3462,Dairy FMMOS,DY-NA,Washington,DC,"Washington, DC",Washington,DC,FMMOS,FMMOS - non-mars,03/30/2021 14:15:00,2008,2008-FEB,3.72,component,lmprs,
Dec,2008,,Upper Midwest,30.0,3.72,Producer Milk Components,AMS_3462,3462,Dairy FMMOS,DY-NA,Washington,DC,"Washington, DC",Washington,DC,FMMOS,FMMOS - non-mars,03/30/2021 14:15:00,2008,2008-FEB,3.79,component,lmprs,
Dec,2009,,Upper Midwest,30.0,3.70,Producer Milk Components,AMS_3462,3462,Dairy FMMOS,DY-NA,Washington,DC,"Washington, DC",Washington,DC,FMMOS,FMMOS - non-mars,03/30/2021 14:15:00,2009,2009-FEB,3.76,component,lmprs,
Dec,2009,,Southwest,126.0,3.58,Producer Milk Components,AMS_3462,3462,Dairy FMMOS,DY-NA,Washington,DC,"Washington, DC",Washington,DC,FMMOS,FMMOS - non-mars,03/30/2021 14:15:00,2009,2009-FEB,3.63,component,lmprs,
Dec,2009,,Southeast,7.0,3.65,Producer Milk Components,AMS_3462,3462,Dairy FMMOS,DY-NA,Washington,DC,"Washington, DC",Washington,DC,FMMOS,FMMOS - non-mars,03/30/2021 14:15:00,2009,2009-FEB,3.69,component,lmprs,
Dec,2009,,Northeast,1.0,3.72,Producer Milk Components,AMS_3462,3462,Dairy FMMOS,DY-NA,Washington,DC,"Washington, DC",Washington,DC,FMMOS,FMMOS - non-mars,03/30/2021 14:15:00,2009,2009-FEB,3.80,component,lmprs,
Dec,2009,,Pacific Northwest,124.0,3.71,Producer Milk Components,AMS_3462,3462,Dairy FMMOS,DY-NA,Washington,DC,"Washington, DC",Washington,DC,FMMOS,FMMOS - non-mars,03/30/2021 14:15:00,2009,2009-FEB,3.74,component,lmprs,
Dec,2009,,Mideast,33.0,3.69,Producer Milk Components,AMS_3462,3462,Dairy FMMOS,DY-NA,Washington,DC,"Washington, DC",Washington,DC,FMMOS,FMMOS - non-mars,03/30/2021 14:15:00,2009,2009-FEB,3.78,component,lmprs,
Dec,2009,,Florida,6.0,3.59,Producer Milk Components,AMS_3462,3462,Dairy FMMOS,DY-NA,Washington,DC,"Washington, DC",Washington,DC,FMMOS,FMMOS - non-mars,03/30/2021 14:15:00,2009,2009-FEB,3.62,component,lmprs,
Dec,2009,,Central,32.0,3.61,Producer Milk Components,AMS_3462,3462,Dairy FMMOS,DY-NA,Washington,DC,"Washington, DC",Washington,DC,FMMOS,FMMOS - non-mars,03/30/2021 14:15:00,2009,2009-FEB,3.67,component,lmprs,
Dec,2009,,Appalachian,5.0,3.68,Producer Milk Components,AMS_3462,3462,Dairy FMMOS,DY-NA,Washington,DC,"Washington, DC",Washington,DC,FMMOS,FMMOS - non-mars,03/30/2021 14:15:00,2009,2009-FEB,3.75,component,lmprs,
Dec,2009,,Arizona,131.0,3.49,Producer Milk Components,AMS_3462,3462,Dairy FMMOS,DY-NA,Washington,DC,"Washington, DC",Washington,DC,FMMOS,FMMOS - non-mars,03/30/2021 14:15:00,2009,2009-FEB,3.53,component,lmprs,
Dec,2009,,All Markets Combined,,3.67,Producer Milk Components,AMS_3462,3462,Dairy FMMOS,DY-NA,Washington,DC,"Washington, DC",Washington,DC,FMMOS,FMMOS - non-mars,03/30/2021 14:15:00,2009,2009-FEB,3.73,component,lmprs,
Dec,2010,,All Markets Combined,,3.66,Producer Milk Components,AMS_3462,3462,Dairy FMMOS,DY-NA,Washington,DC,"Washington, DC",Washington,DC,FMMOS,FMMOS - non-mars,03/30/2021 14:14:00,2010,2010-FEB,3.73,component,lmprs,
Dec,2010,,Arizona,131.0,3.50,Producer Milk Components,AMS_3462,3462,Dairy FMMOS,DY-NA,Washington,DC,"Washington, DC",Washington,DC,FMMOS,FMMOS - non-mars,03/30/2021 14:14:00,2010,2010-FEB,3.55,component,lmprs,
Dec,2010,,Appalachian,5.0,3.65,Producer Milk Components,AMS_3462,3462,Dairy FMMOS,DY-NA,Washington,DC,"Washington, DC",Washington,DC,FMMOS,FMMOS - non-mars,03/30/2021 14:14:00,2010,2010-FEB,3.74,component,lmprs,
Dec,2010,,Central,32.0,3.60,Producer Milk Components,AMS_3462,3462,Dairy FMMOS,DY-NA,Washington,DC,"Washington, DC",Washington,DC,FMMOS,FMMOS - non-mars,03/30/2021 14:14:00,2010,2010-FEB,3.70,component,lmprs,
Dec,2010,,Florida,6.0,3.60,Producer Milk Components,AMS_3462,3462,Dairy FMMOS,DY-NA,Washington,DC,"Washington, DC",Washington,DC,FMMOS,FMMOS - non-mars,03/30/2021 14:14:00,2010,2010-FEB,3.62,component,lmprs,
Dec,2010,,Mideast,33.0,3.66,Producer Milk Components,AMS_3462,3462,Dairy FMMOS,DY-NA,Washington,DC,"Washington, DC",Washington,DC,FMMOS,FMMOS - non-mars,03/30/2021 14:14:00,2010,2010-FEB,3.73,component,lmprs,
Dec,2010,,Pacific Northwest,124.0,3.73,Producer Milk Components,AMS_3462,3462,Dairy FMMOS,DY-NA,Washington,DC,"Washington, DC",Washington,DC,FMMOS,FMMOS - non-mars,03/30/2021 14:14:00,2010,2010-FEB,3.71,component,lmprs,
Dec,2010,,Northeast,1.0,3.69,Producer Milk Components,AMS_3462,3462,Dairy FMMOS,DY-NA,Washington,DC,"Washington, DC",Washington,DC,FMMOS,FMMOS - non-mars,03/30/2021 14:14:00,2010,2010-FEB,3.77,component,lmprs,
Dec,2010,,Southeast,7.0,3.66,Producer Milk Components,AMS_3462,3462,Dairy FMMOS,DY-NA,Washington,DC,"Washington, DC",Washington,DC,FMMOS,FMMOS - non-mars,03/30/2021 14:14:00,2010,2010-FEB,3.78,component,lmprs,
Dec,2010,,Southwest,126.0,3.60,Producer Milk Components,AMS_3462,3462,Dairy FMMOS,DY-NA,Washington,DC,"Washington, DC",Washington,DC,FMMOS,FMMOS - non-mars,03/30/2021 14:14:00,2010,2010-FEB,3.76,component,lmprs,
Dec,2010,,Upper Midwest,30.0,3.68,Producer Milk Components,AMS_3462,3462,Dairy FMMOS,DY-NA,Washington,DC,"Washington, DC",Washington,DC,FMMOS,FMMOS - non-mars,03/30/2021 14:14:00,2010,2010-FEB,3.73,component,lmprs,
Dec,2011,,Southwest,126.0,3.65,Producer Milk Components,AMS_3462,3462,Dairy FMMOS,DY-NA,Washington,DC,"Washington, DC",Washington,DC,FMMOS,FMMOS - non-mars,03/30/2021 14:14:00,2011,2011-FEB,3.82,component,lmprs,
Dec,2011,,Upper Midwest,30.0,3.73,Producer Milk Components,AMS_3462,3462,Dairy FMMOS,DY-NA,Washington,DC,"Washington, DC",Washington,DC,FMMOS,FMMOS - non-mars,03/30/2021 14:14:00,2011,2011-FEB,3.79,component,lmprs,
Dec,2011,,Southeast,7.0,3.71,Producer Milk Components,AMS_3462,3462,Dairy FMMOS,DY-NA,Washington,DC,"Washington, DC",Washington,DC,FMMOS,FMMOS - non-mars,03/30/2021 14:14:00,2011,2011-FEB,3.82,component,lmprs,
Dec,2011,,Pacific Northwest,124.0,3.77,Producer Milk Components,AMS_3462,3462,Dairy FMMOS,DY-NA,Washington,DC,"Washington, DC",Washington,DC,FMMOS,FMMOS - non-mars,03/30/2021 14:14:00,2011,2011-FEB,3.85,component,lmprs,
Dec,2011,,Mideast,33.0,3.70,Producer Milk Components,AMS_3462,3462,Dairy FMMOS,DY-NA,Washington,DC,"Washington, DC",Washington,DC,FMMOS,FMMOS - non-mars,03/30/2021 14:14:00,2011,2011-FEB,3.80,component,lmprs,
Dec,2011,,Northeast,1.0,3.73,Producer Milk Components,AMS_3462,3462,Dairy FMMOS,DY-NA,Washington,DC,"Washington, DC",Washington,DC,FMMOS,FMMOS - non-mars,03/30/2021 14:14:00,2011,2011-FEB,3.82,component,lmprs,
Dec,2011,,Florida,6.0,3.67,Producer Milk Components,AMS_3462,3462,Dairy FMMOS,DY-NA,Washington,DC,"Washington, DC",Washington,DC,FMMOS,FMMOS - non-mars,03/30/2021 14:14:00,2011,2011-FEB,3.71,component,lmprs,
Dec,2011,,Central,32.0,3.67,Producer Milk Components,AMS_3462,3462,Dairy FMMOS,DY-NA,Washington,DC,"Washington, DC",Washington,DC,FMMOS,FMMOS - non-mars,03/30/2021 14:14:00,2011,2011-FEB,3.77,component,lmprs,
Dec,2011,,Appalachian,5.0,3.69,Producer Milk Components,AMS_3462,3462,Dairy FMMOS,DY-NA,Washington,DC,"Washington, DC",Washington,DC,FMMOS,FMMOS - non-mars,03/30/2021 14:14:00,2011,2011-FEB,3.81,component,lmprs,
Dec,2011,,Arizona,131.0,3.55,Producer Milk Components,AMS_3462,3462,Dairy FMMOS,DY-NA,Washington,DC,"Washington, DC",Washington,DC,FMMOS,FMMOS - non-mars,03/30/2021 14:14:00,2011,2011-FEB,3.63,component,lmprs,
Dec,2011,,All Markets Combined,,3.70,Producer Milk Components,AMS_3462,3462,Dairy FMMOS,DY-NA,Washington,DC,"Washington, DC",Washington,DC,FMMOS,FMMOS - non-mars,03/30/2021 14:14:00,2011,2011-FEB,3.80,component,lmprs,
Dec,2012,,All Markets Combined,,3.71,Producer Milk Components,AMS_3462,3462,Dairy FMMOS,DY-NA,Washington,DC,"Washington, DC",Washington,DC,FMMOS,FMMOS - non-mars,03/30/2021 14:13:00,2012,2012-FEB,3.76,component,lmprs,
Dec,2012,,Arizona,131.0,3.55,Producer Milk Components,AMS_3462,3462,Dairy FMMOS,DY-NA,Washington,DC,"Washington, DC",Washington,DC,FMMOS,FMMOS - non-mars,03/30/2021 14:13:00,2012,2012-FEB,3.53,component,lmprs,
Dec,2012,,Appalachian,5.0,3.69,Producer Milk Components,AMS_3462,3462,Dairy FMMOS,DY-NA,Washington,DC,"Washington, DC",Washington,DC,FMMOS,FMMOS - non-mars,03/30/2021 14:13:00,2012,2012-FEB,3.75,component,lmprs,
Dec,2012,,Central,32.0,3.69,Producer Milk Components,AMS_3462,3462,Dairy FMMOS,DY-NA,Washington,DC,"Washington, DC",Washington,DC,FMMOS,FMMOS - non-mars,03/30/2021 14:13:00,2012,2012-FEB,3.75,component,lmprs,
Dec,2012,,Florida,6.0,3.66,Producer Milk Components,AMS_3462,3462,Dairy FMMOS,DY-NA,Washington,DC,"Washington, DC",Washington,DC,FMMOS,FMMOS - non-mars,03/30/2021 14:13:00,2012,2012-FEB,3.64,component,lmprs,
Dec,2012,,Northeast,1.0,3.73,Producer Milk Components,AMS_3462,3462,Dairy FMMOS,DY-NA,Washington,DC,"Washington, DC",Washington,DC,FMMOS,FMMOS - non-mars,03/30/2021 14:13:00,2012,2012-FEB,3.79,component,lmprs,
Dec,2012,,Mideast,33.0,3.69,Producer Milk Components,AMS_3462,3462,Dairy FMMOS,DY-NA,Washington,DC,"Washington, DC",Washington,DC,FMMOS,FMMOS - non-mars,03/30/2021 14:13:00,2012,2012-FEB,3.75,component,lmprs,
Dec,2012,,Pacific Northwest,124.0,3.81,Producer Milk Components,AMS_3462,3462,Dairy FMMOS,DY-NA,Washington,DC,"Washington, DC",Washington,DC,FMMOS,FMMOS - non-mars,03/30/2021 14:13:00,2012,2012-FEB,3.84,component,lmprs,
Dec,2012,,Southeast,7.0,3.70,Producer Milk Components,AMS_3462,3462,Dairy FMMOS,DY-NA,Washington,DC,"Washington, DC",Washington,DC,FMMOS,FMMOS - non-mars,03/30/2021 14:13:00,2012,2012-FEB,3.75,component,lmprs,
Dec,2012,,Upper Midwest,30.0,3.76,Producer Milk Components,AMS_3462,3462,Dairy FMMOS,DY-NA,Washington,DC,"Washington, DC",Washington,DC,FMMOS,FMMOS - non-mars,03/30/2021 14:13:00,2012,2012-FEB,3.82,component,lmprs,
Dec,2012,,Southwest,126.0,3.65,Producer Milk Components,AMS_3462,3462,Dairy FMMOS,DY-NA,Washington,DC,"Washington, DC",Washington,DC,FMMOS,FMMOS - non-mars,03/30/2021 14:13:00,2012,2012-FEB,3.68,component,lmprs,
Dec,2013,,Southwest,126.0,3.69,Producer Milk Components,AMS_3462,3462,Dairy FMMOS,DY-NA,Washington,DC,"Washington, DC",Washington,DC,FMMOS,FMMOS - non-mars,03/30/2021 14:13:00,2013,2013-FEB,3.78,component,lmprs,
Dec,2013,,Upper Midwest,30.0,3.81,Producer Milk Components,AMS_3462,3462,Dairy FMMOS,DY-NA,Washington,DC,"Washington, DC",Washington,DC,FMMOS,FMMOS - non-mars,03/30/2021 14:13:00,2013,2013-FEB,3.88,component,lmprs,
Dec,2013,,Southeast,7.0,3.72,Producer Milk Components,AMS_3462,3462,Dairy FMMOS,DY-NA,Washington,DC,"Washington, DC",Washington,DC,FMMOS,FMMOS - non-mars,03/30/2021 14:13:00,2013,2013-FEB,3.82,component,lmprs,
Dec,2013,,Pacific Northwest,124.0,3.88,Producer Milk Components,AMS_3462,3462,Dairy FMMOS,DY-NA,Washington,DC,"Washington, DC",Washington,DC,FMMOS,FMMOS - non-mars,03/30/2021 14:13:00,2013,2013-FEB,3.92,component,lmprs,
Dec,2013,,Mideast,33.0,3.76,Producer Milk Components,AMS_3462,3462,Dairy FMMOS,DY-NA,Washington,DC,"Washington, DC",Washington,DC,FMMOS,FMMOS - non-mars,03/30/2021 14:13:00,2013,2013-FEB,3.84,component,lmprs,
Dec,2013,,Northeast,1.0,3.76,Producer Milk Components,AMS_3462,3462,Dairy FMMOS,DY-NA,Washington,DC,"Washington, DC",Washington,DC,FMMOS,FMMOS - non-mars,03/30/2021 14:13:00,2013,2013-FEB,3.83,component,lmprs,
Dec,2013,,Florida,6.0,3.64,Producer Milk Components,AMS_3462,3462,Dairy FMMOS,DY-NA,Washington,DC,"Washington, DC",Washington,DC,FMMOS,FMMOS - non-mars,03/30/2021 14:13:00,2013,2013-FEB,3.70,component,lmprs,
Dec,2013,,Central,32.0,3.75,Producer Milk Components,AMS_3462,3462,Dairy FMMOS,DY-NA,Washington,DC,"Washington, DC",Washington,DC,FMMOS,FMMOS - non-mars,03/30/2021 14:13:00,2013,2013-FEB,3.83,component,lmprs,
Dec,2013,,Arizona,131.0,3.52,Producer Milk Components,AMS_3462,3462,Dairy FMMOS,DY-NA,Washington,DC,"Washington, DC",Washington,DC,FMMOS,FMMOS - non-mars,03/30/2021 14:13:00,2013,2013-FEB,3.56,component,lmprs,
Dec,2013,,All Markets Combined,,3.76,Producer Milk Components,AMS_3462,3462,Dairy FMMOS,DY-NA,Washington,DC,"Washington, DC",Washington,DC,FMMOS,FMMOS - non-mars,03/30/2021 14:13:00,2013,2013-FEB,3.83,component,lmprs,
Dec,2013,,Appalachian,5.0,3.71,Producer Milk Components,AMS_3462,3462,Dairy FMMOS,DY-NA,Washington,DC,"Washington, DC",Washington,DC,FMMOS,FMMOS - non-mars,03/30/2021 14:13:00,2013,2013-FEB,3.80,component,lmprs,
Dec,2014,,Appalachian,5.0,3.65,Producer Milk Components,AMS_3462,3462,Dairy FMMOS,DY-NA,Washington,DC,"Washington, DC",Washington,DC,FMMOS,FMMOS - non-mars,03/30/2021 14:13:00,2014,2014-FEB,3.74,component,lmprs,
Dec,2014,,All Markets Combined,,3.74,Producer Milk Components,AMS_3462,3462,Dairy FMMOS,DY-NA,Washington,DC,"Washington, DC",Washington,DC,FMMOS,FMMOS - non-mars,03/30/2021 14:13:00,2014,2014-FEB,3.82,component,lmprs,
Dec,2014,,Arizona,131.0,3.47,Producer Milk Components,AMS_3462,3462,Dairy FMMOS,DY-NA,Washington,DC,"Washington, DC",Washington,DC,FMMOS,FMMOS - non-mars,03/30/2021 14:13:00,2014,2014-FEB,3.45,component,lmprs,
Dec,2014,,Central,32.0,3.73,Producer Milk Components,AMS_3462,3462,Dairy FMMOS,DY-NA,Washington,DC,"Washington, DC",Washington,DC,FMMOS,FMMOS - non-mars,03/30/2021 14:13:00,2014,2014-FEB,3.82,component,lmprs,
Dec,2014,,Florida,6.0,3.60,Producer Milk Components,AMS_3462,3462,Dairy FMMOS,DY-NA,Washington,DC,"Washington, DC",Washington,DC,FMMOS,FMMOS - non-mars,03/30/2021 14:13:00,2014,2014-FEB,3.63,component,lmprs,
Dec,2014,,Northeast,1.0,3.78,Producer Milk Components,AMS_3462,3462,Dairy FMMOS,DY-NA,Washington,DC,"Washington, DC",Washington,DC,FMMOS,FMMOS - non-mars,03/30/2021 14:13:00,2014,2014-FEB,3.87,component,lmprs,
Dec,2014,,Mideast,33.0,3.75,Producer Milk Components,AMS_3462,3462,Dairy FMMOS,DY-NA,Washington,DC,"Washington, DC",Washington,DC,FMMOS,FMMOS - non-mars,03/30/2021 14:13:00,2014,2014-FEB,3.86,component,lmprs,
Dec,2014,,Pacific Northwest,124.0,3.88,Producer Milk Components,AMS_3462,3462,Dairy FMMOS,DY-NA,Washington,DC,"Washington, DC",Washington,DC,FMMOS,FMMOS - non-mars,03/30/2021 14:13:00,2014,2014-FEB,3.92,component,lmprs,
Dec,2014,,Southeast,7.0,3.66,Producer Milk Components,AMS_3462,3462,Dairy FMMOS,DY-NA,Washington,DC,"Washington, DC",Washington,DC,FMMOS,FMMOS - non-mars,03/30/2021 14:13:00,2014,2014-FEB,3.76,component,lmprs,
Dec,2014,,Upper Midwest,30.0,3.80,Producer Milk Components,AMS_3462,3462,Dairy FMMOS,DY-NA,Washington,DC,"Washington, DC",Washington,DC,FMMOS,FMMOS - non-mars,03/30/2021 14:13:00,2014,2014-FEB,3.87,component,lmprs,
Dec,2014,,Southwest,126.0,3.67,Producer Milk Components,AMS_3462,3462,Dairy FMMOS,DY-NA,Washington,DC,"Washington, DC",Washington,DC,FMMOS,FMMOS - non-mars,03/30/2021 14:13:00,2014,2014-FEB,3.72,component,lmprs,
Dec,2015,,Southwest,126.0,3.73,Producer Milk Components,AMS_3462,3462,Dairy FMMOS,DY-NA,Washington,DC,"Washington, DC",Washington,DC,FMMOS,FMMOS - non-mars,03/30/2021 14:12:00,2015,2015-FEB,3.78,component,lmprs,
Dec,2015,,Upper Midwest,30.0,3.80,Producer Milk Components,AMS_3462,3462,Dairy FMMOS,DY-NA,Washington,DC,"Washington, DC",Washington,DC,FMMOS,FMMOS - non-mars,03/30/2021 14:12:00,2015,2015-FEB,3.88,component,lmprs,
Dec,2015,,Southeast,7.0,3.68,Producer Milk Components,AMS_3462,3462,Dairy FMMOS,DY-NA,Washington,DC,"Washington, DC",Washington,DC,FMMOS,FMMOS - non-mars,03/30/2021 14:12:00,2015,2015-FEB,3.76,component,lmprs,
Dec,2015,,Pacific Northwest,124.0,3.92,Producer Milk Components,AMS_3462,3462,Dairy FMMOS,DY-NA,Washington,DC,"Washington, DC",Washington,DC,FMMOS,FMMOS - non-mars,03/30/2021 14:12:00,2015,2015-FEB,3.87,component,lmprs,
Dec,2015,,Mideast,33.0,3.72,Producer Milk Components,AMS_3462,3462,Dairy FMMOS,DY-NA,Washington,DC,"Washington, DC",Washington,DC,FMMOS,FMMOS - non-mars,03/30/2021 14:12:00,2015,2015-FEB,3.85,component,lmprs,
Dec,2015,,Northeast,1.0,3.78,Producer Milk Components,AMS_3462,3462,Dairy FMMOS,DY-NA,Washington,DC,"Washington, DC",Washington,DC,FMMOS,FMMOS - non-mars,03/30/2021 14:12:00,2015,2015-FEB,3.91,component,lmprs,
Dec,2015,,Florida,6.0,3.60,Producer Milk Components,AMS_3462,3462,Dairy FMMOS,DY-NA,Washington,DC,"Washington, DC",Washington,DC,FMMOS,FMMOS - non-mars,03/30/2021 14:12:00,2015,2015-FEB,3.64,component,lmprs,
Dec,2015,,Central,32.0,3.76,Producer Milk Components,AMS_3462,3462,Dairy FMMOS,DY-NA,Washington,DC,"Washington, DC",Washington,DC,FMMOS,FMMOS - non-mars,03/30/2021 14:12:00,2015,2015-FEB,3.83,component,lmprs,
Dec,2015,,Arizona,131.0,3.47,Producer Milk Components,AMS_3462,3462,Dairy FMMOS,DY-NA,Washington,DC,"Washington, DC",Washington,DC,FMMOS,FMMOS - non-mars,03/30/2021 14:12:00,2015,2015-FEB,3.48,component,lmprs,
Dec,2015,,All Markets Combined,,3.75,Producer Milk Components,AMS_3462,3462,Dairy FMMOS,DY-NA,Washington,DC,"Washington, DC",Washington,DC,FMMOS,FMMOS - non-mars,03/30/2021 14:12:00,2015,2015-FEB,3.84,component,lmprs,
Dec,2015,,Appalachian,5.0,3.67,Producer Milk Components,AMS_3462,3462,Dairy FMMOS,DY-NA,Washington,DC,"Washington, DC",Washington,DC,FMMOS,FMMOS - non-mars,03/30/2021 14:12:00,2015,2015-FEB,3.79,component,lmprs,
Dec,2016,,Appalachian,5.0,3.71,Producer Milk Components,AMS_3462,3462,Dairy FMMOS,DY-NA,Washington,DC,"Washington, DC",Washington,DC,FMMOS,FMMOS - non-mars,03/30/2021 14:12:00,2016,2016-FEB,3.82,component,lmprs,
Dec,2016,,All Markets Combined,,3.77,Producer Milk Components,AMS_3462,3462,Dairy FMMOS,DY-NA,Washington,DC,"Washington, DC",Washington,DC,FMMOS,FMMOS - non-mars,03/30/2021 14:12:00,2016,2016-FEB,3.85,component,lmprs,
Dec,2016,,Arizona,131.0,3.54,Producer Milk Components,AMS_3462,3462,Dairy FMMOS,DY-NA,Washington,DC,"Washington, DC",Washington,DC,FMMOS,FMMOS - non-mars,03/30/2021 14:12:00,2016,2016-FEB,3.50,component,lmprs,
Dec,2016,,Central,32.0,3.76,Producer Milk Components,AMS_3462,3462,Dairy FMMOS,DY-NA,Washington,DC,"Washington, DC",Washington,DC,FMMOS,FMMOS - non-mars,03/30/2021 14:12:00,2016,2016-FEB,3.86,component,lmprs,
Dec,2016,,Florida,6.0,3.62,Producer Milk Components,AMS_3462,3462,Dairy FMMOS,DY-NA,Washington,DC,"Washington, DC",Washington,DC,FMMOS,FMMOS - non-mars,03/30/2021 14:12:00,2016,2016-FEB,3.65,component,lmprs,
Dec,2016,,Northeast,1.0,3.81,Producer Milk Components,AMS_3462,3462,Dairy FMMOS,DY-NA,Washington,DC,"Washington, DC",Washington,DC,FMMOS,FMMOS - non-mars,03/30/2021 14:12:00,2016,2016-FEB,3.90,component,lmprs,
Dec,2016,,Mideast,33.0,3.73,Producer Milk Components,AMS_3462,3462,Dairy FMMOS,DY-NA,Washington,DC,"Washington, DC",Washington,DC,FMMOS,FMMOS - non-mars,03/30/2021 14:12:00,2016,2016-FEB,3.83,component,lmprs,
Dec,2016,,Pacific Northwest,124.0,3.95,Producer Milk Components,AMS_3462,3462,Dairy FMMOS,DY-NA,Washington,DC,"Washington, DC",Washington,DC,FMMOS,FMMOS - non-mars,03/30/2021 14:12:00,2016,2016-FEB,4.01,component,lmprs,
Dec,2016,,Southeast,7.0,3.69,Producer Milk Components,AMS_3462,3462,Dairy FMMOS,DY-NA,Washington,DC,"Washington, DC",Washington,DC,FMMOS,FMMOS - non-mars,03/30/2021 14:12:00,2016,2016-FEB,3.75,component,lmprs,
Dec,2016,,Upper Midwest,30.0,3.82,Producer Milk Components,AMS_3462,3462,Dairy FMMOS,DY-NA,Washington,DC,"Washington, DC",Washington,DC,FMMOS,FMMOS - non-mars,03/30/2021 14:12:00,2016,2016-FEB,3.90,component,lmprs,
Dec,2016,,Southwest,126.0,3.75,Producer Milk Components,AMS_3462,3462,Dairy FMMOS,DY-NA,Washington,DC,"Washington, DC",Washington,DC,FMMOS,FMMOS - non-mars,03/30/2021 14:12:00,2016,2016-FEB,3.79,component,lmprs,
Dec,2017,,Southwest,126.0,3.86,Producer Milk Components,AMS_3462,3462,Dairy FMMOS,DY-NA,Washington,DC,"Washington, DC",Washington,DC,FMMOS,FMMOS - non-mars,03/30/2021 14:11:00,2017,2017-FEB,4.00,component,lmprs,
Dec,2017,,Upper Midwest,30.0,3.84,Producer Milk Components,AMS_3462,3462,Dairy FMMOS,DY-NA,Washington,DC,"Washington, DC",Washington,DC,FMMOS,FMMOS - non-mars,03/30/2021 14:11:00,2017,2017-FEB,3.86,component,lmprs,
Dec,2017,,Southeast,7.0,3.74,Producer Milk Components,AMS_3462,3462,Dairy FMMOS,DY-NA,Washington,DC,"Washington, DC",Washington,DC,FMMOS,FMMOS - non-mars,03/30/2021 14:11:00,2017,2017-FEB,3.76,component,lmprs,
Dec,2017,,Pacific Northwest,124.0,3.99,Producer Milk Components,AMS_3462,3462,Dairy FMMOS,DY-NA,Washington,DC,"Washington, DC",Washington,DC,FMMOS,FMMOS - non-mars,03/30/2021 14:11:00,2017,2017-FEB,4.08,component,lmprs,
Dec,2017,,Mideast,33.0,3.78,Producer Milk Components,AMS_3462,3462,Dairy FMMOS,DY-NA,Washington,DC,"Washington, DC",Washington,DC,FMMOS,FMMOS - non-mars,03/30/2021 14:11:00,2017,2017-FEB,3.83,component,lmprs,
Dec,2017,,Northeast,1.0,3.85,Producer Milk Components,AMS_3462,3462,Dairy FMMOS,DY-NA,Washington,DC,"Washington, DC",Washington,DC,FMMOS,FMMOS - non-mars,03/30/2021 14:11:00,2017,2017-FEB,3.92,component,lmprs,
Dec,2017,,Florida,6.0,3.69,Producer Milk Components,AMS_3462,3462,Dairy FMMOS,DY-NA,Washington,DC,"Washington, DC",Washington,DC,FMMOS,FMMOS - non-mars,03/30/2021 14:11:00,2017,2017-FEB,3.67,component,lmprs,
Dec,2017,,Central,32.0,3.82,Producer Milk Components,AMS_3462,3462,Dairy FMMOS,DY-NA,Washington,DC,"Washington, DC",Washington,DC,FMMOS,FMMOS - non-mars,03/30/2021 14:11:00,2017,2017-FEB,3.86,component,lmprs,
Dec,2017,,Arizona,131.0,3.62,Producer Milk Components,AMS_3462,3462,Dairy FMMOS,DY-NA,Washington,DC,"Washington, DC",Washington,DC,FMMOS,FMMOS - non-mars,03/30/2021 14:11:00,2017,2017-FEB,3.65,component,lmprs,
Dec,2017,,All Markets Combined,,3.82,Producer Milk Components,AMS_3462,3462,Dairy FMMOS,DY-NA,Washington,DC,"Washington, DC",Washington,DC,FMMOS,FMMOS - non-mars,03/30/2021 14:11:00,2017,2017-FEB,3.87,component,lmprs,
Dec,2017,,Appalachian,5.0,3.76,Producer Milk Components,AMS_3462,3462,Dairy FMMOS,DY-NA,Washington,DC,"Washington, DC",Washington,DC,FMMOS,FMMOS - non-mars,03/30/2021 14:11:00,2017,2017-FEB,3.81,component,lmprs,
Dec,2018,,Appalachian,5.0,3.79,Producer Milk Components,AMS_3462,3462,Dairy FMMOS,DY-NA,Washington,DC,"Washington, DC",Washington,DC,FMMOS,FMMOS - non-mars,03/30/2021 14:09:00,2018,2018-FEB,3.82,component,lmprs,
Dec,2018,,All Markets Combined,,3.88,Producer Milk Components,AMS_3462,3462,Dairy FMMOS,DY-NA,Washington,DC,"Washington, DC",Washington,DC,FMMOS,FMMOS - non-mars,03/30/2021 14:09:00,2018,2018-FEB,3.94,component,lmprs,
Dec,2018,,Arizona,131.0,3.66,Producer Milk Components,AMS_3462,3462,Dairy FMMOS,DY-NA,Washington,DC,"Washington, DC",Washington,DC,FMMOS,FMMOS - non-mars,03/30/2021 14:09:00,2018,2018-FEB,3.69,component,lmprs,
Dec,2018,,Central,32.0,3.89,Producer Milk Components,AMS_3462,3462,Dairy FMMOS,DY-NA,Washington,DC,"Washington, DC",Washington,DC,FMMOS,FMMOS - non-mars,03/30/2021 14:09:00,2018,2018-FEB,3.96,component,lmprs,
Dec,2018,,California,51.0,4.01,Producer Milk Components,AMS_3462,3462,Dairy FMMOS,DY-NA,Washington,DC,"Washington, DC",Washington,DC,FMMOS,FMMOS - non-mars,03/30/2021 14:09:00,2018,2018-FEB,,component,lmprs,
Dec,2018,,Florida,6.0,3.68,Producer Milk Components,AMS_3462,3462,Dairy FMMOS,DY-NA,Washington,DC,"Washington, DC",Washington,DC,FMMOS,FMMOS - non-mars,03/30/2021 14:09:00,2018,2018-FEB,3.69,component,lmprs,
Dec,2018,,Northeast,1.0,3.86,Producer Milk Components,AMS_3462,3462,Dairy FMMOS,DY-NA,Washington,DC,"Washington, DC",Washington,DC,FMMOS,FMMOS - non-mars,03/30/2021 14:09:00,2018,2018-FEB,3.91,component,lmprs,
Dec,2018,,Mideast,33.0,3.84,Producer Milk Components,AMS_3462,3462,Dairy FMMOS,DY-NA,Washington,DC,"Washington, DC",Washington,DC,FMMOS,FMMOS - non-mars,03/30/2021 14:09:00,2018,2018-FEB,3.90,component,lmprs,
Dec,2018,,Pacific Northwest,124.0,4.07,Producer Milk Components,AMS_3462,3462,Dairy FMMOS,DY-NA,Washington,DC,"Washington, DC",Washington,DC,FMMOS,FMMOS - non-mars,03/30/2021 14:09:00,2018,2018-FEB,4.16,component,lmprs,
Dec,2018,,Southeast,7.0,3.80,Producer Milk Components,AMS_3462,3462,Dairy FMMOS,DY-NA,Washington,DC,"Washington, DC",Washington,DC,FMMOS,FMMOS - non-mars,03/30/2021 14:09:00,2018,2018-FEB,3.82,component,lmprs,
Dec,2018,,Upper Midwest,30.0,3.92,Producer Milk Components,AMS_3462,3462,Dairy FMMOS,DY-NA,Washington,DC,"Washington, DC",Washington,DC,FMMOS,FMMOS - non-mars,03/30/2021 14:09:00,2018,2018-FEB,4.00,component,lmprs,
Dec,2018,,Southwest,126.0,3.94,Producer Milk Components,AMS_3462,3462,Dairy FMMOS,DY-NA,Washington,DC,"Washington, DC",Washington,DC,FMMOS,FMMOS - non-mars,03/30/2021 14:09:00,2018,2018-FEB,4.00,component,lmprs,
Dec,2019,,Upper Midwest,30.0,3.93,Producer Milk Components,AMS_3462,3462,Dairy FMMOS,DY-NA,Washington,DC,"Washington, DC",Washington,DC,FMMOS,FMMOS - non-mars,03/30/2021 14:09:00,2019,2019-FEB,4.04,component,lmprs,
Dec,2019,,Southeast,7.0,3.80,Producer Milk Components,AMS_3462,3462,Dairy FMMOS,DY-NA,Washington,DC,"Washington, DC",Washington,DC,FMMOS,FMMOS - non-mars,03/30/2021 14:09:00,2019,2019-FEB,3.86,component,lmprs,
Dec,2019,,Southwest,126.0,3.99,Producer Milk Components,AMS_3462,3462,Dairy FMMOS,DY-NA,Washington,DC,"Washington, DC",Washington,DC,FMMOS,FMMOS - non-mars,03/30/2021 14:09:00,2019,2019-FEB,4.06,component,lmprs,
Dec,2019,,Pacific Northwest,124.0,4.08,Producer Milk Components,AMS_3462,3462,Dairy FMMOS,DY-NA,Washington,DC,"Washington, DC",Washington,DC,FMMOS,FMMOS - non-mars,03/30/2021 14:09:00,2019,2019-FEB,4.23,component,lmprs,
Dec,2019,,Northeast,1.0,3.89,Producer Milk Components,AMS_3462,3462,Dairy FMMOS,DY-NA,Washington,DC,"Washington, DC",Washington,DC,FMMOS,FMMOS - non-mars,03/30/2021 14:09:00,2019,2019-FEB,3.98,component,lmprs,
Dec,2019,,Florida,6.0,3.66,Producer Milk Components,AMS_3462,3462,Dairy FMMOS,DY-NA,Washington,DC,"Washington, DC",Washington,DC,FMMOS,FMMOS - non-mars,03/30/2021 14:09:00,2019,2019-FEB,3.63,component,lmprs,
Dec,2019,,Mideast,33.0,3.86,Producer Milk Components,AMS_3462,3462,Dairy FMMOS,DY-NA,Washington,DC,"Washington, DC",Washington,DC,FMMOS,FMMOS - non-mars,03/30/2021 14:09:00,2019,2019-FEB,3.96,component,lmprs,
Dec,2019,,California,51.0,3.86,Producer Milk Components,AMS_3462,3462,Dairy FMMOS,DY-NA,Washington,DC,"Washington, DC",Washington,DC,FMMOS,FMMOS - non-mars,03/30/2021 14:09:00,2019,2019-FEB,4.01,component,lmprs,
Dec,2019,,Central,32.0,3.92,Producer Milk Components,AMS_3462,3462,Dairy FMMOS,DY-NA,Washington,DC,"Washington, DC",Washington,DC,FMMOS,FMMOS - non-mars,03/30/2021 14:09:00,2019,2019-FEB,4.01,component,lmprs,
Dec,2019,,Arizona,131.0,3.74,Producer Milk Components,AMS_3462,3462,Dairy FMMOS,DY-NA,Washington,DC,"Washington, DC",Washington,DC,FMMOS,FMMOS - non-mars,03/30/2021 14:09:00,2019,2019-FEB,3.78,component,lmprs,
Dec,2019,,All Markets Combined,,3.90,Producer Milk Components,AMS_3462,3462,Dairy FMMOS,DY-NA,Washington,DC,"Washington, DC",Washington,DC,FMMOS,FMMOS - non-mars,03/30/2021 14:09:00,2019,2019-FEB,4.00,component,lmprs,
Dec,2019,,Appalachian,5.0,3.80,Producer Milk Components,AMS_3462,3462,Dairy FMMOS,DY-NA,Washington,DC,"Washington, DC",Washington,DC,FMMOS,FMMOS - non-mars,03/30/2021 14:09:00,2019,2019-FEB,3.87,component,lmprs,
Dec,2020,,Appalachian,5.0,3.86,Producer Milk Components,AMS_3462,3462,Dairy FMMOS,DY-NA,Washington,DC,"Washington, DC",Washington,DC,FMMOS,FMMOS - non-mars,02/23/2021 09:39:00,2020,2020-FEB,3.93,component,lmprs,
Dec,2020,,All Markets Combined,,3.92,Producer Milk Components,AMS_3462,3462,Dairy FMMOS,DY-NA,Washington,DC,"Washington, DC",Washington,DC,FMMOS,FMMOS - non-mars,02/23/2021 09:39:00,2020,2020-FEB,3.98,component,lmprs,
Dec,2020,,Arizona,131.0,3.75,Producer Milk Components,AMS_3462,3462,Dairy FMMOS,DY-NA,Washington,DC,"Washington, DC",Washington,DC,FMMOS,FMMOS - non-mars,02/23/2021 09:39:00,2020,2020-FEB,3.80,component,lmprs,
Dec,2020,,Central,32.0,3.93,Producer Milk Components,AMS_3462,3462,Dairy FMMOS,DY-NA,Washington,DC,"Washington, DC",Washington,DC,FMMOS,FMMOS - non-mars,02/23/2021 09:39:00,2020,2020-FEB,4.01,component,lmprs,
Dec,2020,,California,51.0,3.87,Producer Milk Components,AMS_3462,3462,Dairy FMMOS,DY-NA,Washington,DC,"Washington, DC",Washington,DC,FMMOS,FMMOS - non-mars,02/23/2021 09:39:00,2020,2020-FEB,3.91,component,lmprs,
Dec,2020,,Mideast,33.0,3.89,Producer Milk Components,AMS_3462,3462,Dairy FMMOS,DY-NA,Washington,DC,"Washington, DC",Washington,DC,FMMOS,FMMOS - non-mars,02/23/2021 09:39:00,2020,2020-FEB,3.96,component,lmprs,
Dec,2020,,Florida,6.0,3.70,Producer Milk Components,AMS_3462,3462,Dairy FMMOS,DY-NA,Washington,DC,"Washington, DC",Washington,DC,FMMOS,FMMOS - non-mars,02/23/2021 09:39:00,2020,2020-FEB,3.67,component,lmprs,
Dec,2020,,Northeast,1.0,3.92,Producer Milk Components,AMS_3462,3462,Dairy FMMOS,DY-NA,Washington,DC,"Washington, DC",Washington,DC,FMMOS,FMMOS - non-mars,02/23/2021 09:39:00,2020,2020-FEB,3.98,component,lmprs,
Dec,2020,,Pacific Northwest,124.0,4.07,Producer Milk Components,AMS_3462,3462,Dairy FMMOS,DY-NA,Washington,DC,"Washington, DC",Washington,DC,FMMOS,FMMOS - non-mars,02/23/2021 09:39:00,2020,2020-FEB,4.14,component,lmprs,
Dec,2020,,Southwest,126.0,4.07,Producer Milk Components,AMS_3462,3462,Dairy FMMOS,DY-NA,Washington,DC,"Washington, DC",Washington,DC,FMMOS,FMMOS - non-mars,02/23/2021 09:39:00,2020,2020-FEB,4.15,component,lmprs,
Dec,2020,,Southeast,7.0,3.84,Producer Milk Components,AMS_3462,3462,Dairy FMMOS,DY-NA,Washington,DC,"Washington, DC",Washington,DC,FMMOS,FMMOS - non-mars,02/23/2021 09:39:00,2020,2020-FEB,3.92,component,lmprs,
Dec,2020,,Upper Midwest,30.0,3.96,Producer Milk Components,AMS_3462,3462,Dairy FMMOS,DY-NA,Washington,DC,"Washington, DC",Washington,DC,FMMOS,FMMOS - non-mars,02/23/2021 09:39:00,2020,2020-FEB,4.01,component,lmprs,
Dec,2021,,Southwest,126.0,4.13,Producer Milk Components,AMS_3462,3462,Dairy FMMOS,DY-NA,Washington,DC,"Washington, DC",Washington,DC,FMMOS,FMMOS - non-mars,01/31/2022 07:17:00,2021,2021-FEB,4.25,component,lmprs,
Dec,2021,,Pacific Northwest,124.0,4.11,Producer Milk Components,AMS_3462,3462,Dairy FMMOS,DY-NA,Washington,DC,"Washington, DC",Washington,DC,FMMOS,FMMOS - non-mars,01/31/2022 07:17:00,2021,2021-FEB,4.16,component,lmprs,
Dec,2021,,Southeast,7.0,3.88,Producer Milk Components,AMS_3462,3462,Dairy FMMOS,DY-NA,Washington,DC,"Washington, DC",Washington,DC,FMMOS,FMMOS - non-mars,01/31/2022 07:17:00,2021,2021-FEB,4.00,component,lmprs,
Dec,2021,,Northeast,1.0,3.99,Producer Milk Components,AMS_3462,3462,Dairy FMMOS,DY-NA,Washington,DC,"Washington, DC",Washington,DC,FMMOS,FMMOS - non-mars,01/31/2022 07:17:00,2021,2021-FEB,4.11,component,lmprs,
Dec,2021,,Mideast,33.0,3.93,Producer Milk Components,AMS_3462,3462,Dairy FMMOS,DY-NA,Washington,DC,"Washington, DC",Washington,DC,FMMOS,FMMOS - non-mars,01/31/2022 07:17:00,2021,2021-FEB,4.06,component,lmprs,
Dec,2021,,Central,32.0,3.98,Producer Milk Components,AMS_3462,3462,Dairy FMMOS,DY-NA,Washington,DC,"Washington, DC",Washington,DC,FMMOS,FMMOS - non-mars,01/31/2022 07:17:00,2021,2021-FEB,4.10,component,lmprs,
Dec,2021,,Florida,6.0,3.66,Producer Milk Components,AMS_3462,3462,Dairy FMMOS,DY-NA,Washington,DC,"Washington, DC",Washington,DC,FMMOS,FMMOS - non-mars,01/31/2022 07:17:00,2021,2021-FEB,3.70,component,lmprs,
Dec,2021,,California,51.0,3.92,Producer Milk Components,AMS_3462,3462,Dairy FMMOS,DY-NA,Washington,DC,"Washington, DC",Washington,DC,FMMOS,FMMOS - non-mars,01/31/2022 07:17:00,2021,2021-FEB,3.95,component,lmprs,
Dec,2021,,Arizona,131.0,3.77,Producer Milk Components,AMS_3462,3462,Dairy FMMOS,DY-NA,Washington,DC,"Washington, DC",Washington,DC,FMMOS,FMMOS - non-mars,01/31/2022 07:17:00,2021,2021-FEB,3.77,component,lmprs,
Dec,2021,,Appalachian,5.0,3.84,Producer Milk Components,AMS_3462,3462,Dairy FMMOS,DY-NA,Washington,DC,"Washington, DC",Washington,DC,FMMOS,FMMOS - non-mars,01/31/2022 07:17:00,2021,2021-FEB,4.00,component,lmprs,
Dec,2021,,All Markets Combined,,3.97,Producer Milk Components,AMS_3462,3462,Dairy FMMOS,DY-NA,Washington,DC,"Washington, DC",Washington,DC,FMMOS,FMMOS - non-mars,01/31/2022 07:17:00,2021,2021-FEB,4.07,component,lmprs,
Dec,2021,,Upper Midwest,30.0,4.03,Producer Milk Components,AMS_3462,3462,Dairy FMMOS,DY-NA,Washington,DC,"Washington, DC",Washington,DC,FMMOS,FMMOS - non-mars,01/31/2022 07:17:00,2021,2021-FEB,4.15,component,lmprs,
Dec,2022,,Upper Midwest,30.0,4.12,Producer Milk Components,AMS_3462,3462,Dairy FMMOS,DY-NA,Washington,DC,"Washington, DC",Washington,DC,FMMOS,FMMOS - non-mars,01/30/2023 07:36:00,2022,2022-FEB,4.23,component,lmprs,
Dec,2022,,All Markets Combined,,4.06,Producer Milk Components,AMS_3462,3462,Dairy FMMOS,DY-NA,Washington,DC,"Washington, DC",Washington,DC,FMMOS,FMMOS - non-mars,01/30/2023 07:36:00,2022,2022-FEB,4.16,component,lmprs,
Dec,2022,,Appalachian,5.0,3.91,Producer Milk Components,AMS_3462,3462,Dairy FMMOS,DY-NA,Washington,DC,"Washington, DC",Washington,DC,FMMOS,FMMOS - non-mars,01/30/2023 07:36:00,2022,2022-FEB,3.99,component,lmprs,
Dec,2022,,Arizona,131.0,3.81,Producer Milk Components,AMS_3462,3462,Dairy FMMOS,DY-NA,Washington,DC,"Washington, DC",Washington,DC,FMMOS,FMMOS - non-mars,01/30/2023 07:36:00,2022,2022-FEB,3.85,component,lmprs,
Dec,2022,,California,51.0,4.05,Producer Milk Components,AMS_3462,3462,Dairy FMMOS,DY-NA,Washington,DC,"Washington, DC",Washington,DC,FMMOS,FMMOS - non-mars,01/30/2023 07:36:00,2022,2022-FEB,4.12,component,lmprs,
Dec,2022,,Florida,6.0,3.70,Producer Milk Components,AMS_3462,3462,Dairy FMMOS,DY-NA,Washington,DC,"Washington, DC",Washington,DC,FMMOS,FMMOS - non-mars,01/30/2023 07:36:00,2022,2022-FEB,3.73,component,lmprs,
Dec,2022,,Central,32.0,4.06,Producer Milk Components,AMS_3462,3462,Dairy FMMOS,DY-NA,Washington,DC,"Washington, DC",Washington,DC,FMMOS,FMMOS - non-mars,01/30/2023 07:36:00,2022,2022-FEB,4.18,component,lmprs,
Dec,2022,,Mideast,33.0,4.02,Producer Milk Components,AMS_3462,3462,Dairy FMMOS,DY-NA,Washington,DC,"Washington, DC",Washington,DC,FMMOS,FMMOS - non-mars,01/30/2023 07:36:00,2022,2022-FEB,4.13,component,lmprs,
Dec,2022,,Northeast,1.0,4.03,Producer Milk Components,AMS_3462,3462,Dairy FMMOS,DY-NA,Washington,DC,"Washington, DC",Washington,DC,FMMOS,FMMOS - non-mars,01/30/2023 07:36:00,2022,2022-FEB,4.13,component,lmprs,
Dec,2022,,Southeast,7.0,3.96,Producer Milk Components,AMS_3462,3462,Dairy FMMOS,DY-NA,Washington,DC,"Washington, DC",Washington,DC,FMMOS,FMMOS - non-mars,01/30/2023 07:36:00,2022,2022-FEB,4.09,component,lmprs,
Dec,2022,,Pacific Northwest,124.0,4.30,Producer Milk Components,AMS_3462,3462,Dairy FMMOS,DY-NA,Washington,DC,"Washington, DC",Washington,DC,FMMOS,FMMOS - non-mars,01/30/2023 07:36:00,2022,2022-FEB,4.37,component,lmprs,
Dec,2022,,Southwest,126.0,4.13,Producer Milk Components,AMS_3462,3462,Dairy FMMOS,DY-NA,Washington,DC,"Washington, DC",Washington,DC,FMMOS,FMMOS - non-mars,01/30/2023 07:36:00,2022,2022-FEB,4.28,component,lmprs,
Dec,2023,,Southwest,126.0,4.12,Producer Milk Components,AMS_3462,3462,Dairy FMMOS,DY-NA,Washington,DC,"Washington, DC",Washington,DC,FMMOS,FMMOS - non-mars,01/30/2024 09:42:00,2023,2023-FEB,4.22,component,lmprs,
Dec,2023,,Pacific Northwest,124.0,4.32,Producer Milk Components,AMS_3462,3462,Dairy FMMOS,DY-NA,Washington,DC,"Washington, DC",Washington,DC,FMMOS,FMMOS - non-mars,01/30/2024 09:42:00,2023,2023-FEB,4.40,component,lmprs,
Dec,2023,,Southeast,7.0,4.01,Producer Milk Components,AMS_3462,3462,Dairy FMMOS,DY-NA,Washington,DC,"Washington, DC",Washington,DC,FMMOS,FMMOS - non-mars,01/30/2024 09:42:00,2023,2023-FEB,4.05,component,lmprs,
Dec,2023,,Northeast,1.0,4.12,Producer Milk Components,AMS_3462,3462,Dairy FMMOS,DY-NA,Washington,DC,"Washington, DC",Washington,DC,FMMOS,FMMOS - non-mars,01/30/2024 09:42:00,2023,2023-FEB,4.17,component,lmprs,
Dec,2023,,Mideast,33.0,4.06,Producer Milk Components,AMS_3462,3462,Dairy FMMOS,DY-NA,Washington,DC,"Washington, DC",Washington,DC,FMMOS,FMMOS - non-mars,01/30/2024 09:42:00,2023,2023-FEB,4.13,component,lmprs,
Dec,2023,,Central,32.0,4.11,Producer Milk Components,AMS_3462,3462,Dairy FMMOS,DY-NA,Washington,DC,"Washington, DC",Washington,DC,FMMOS,FMMOS - non-mars,01/30/2024 09:42:00,2023,2023-FEB,4.21,component,lmprs,
Dec,2023,,Florida,6.0,3.82,Producer Milk Components,AMS_3462,3462,Dairy FMMOS,DY-NA,Washington,DC,"Washington, DC",Washington,DC,FMMOS,FMMOS - non-mars,01/30/2024 09:42:00,2023,2023-FEB,3.78,component,lmprs,
Dec,2023,,California,51.0,4.12,Producer Milk Components,AMS_3462,3462,Dairy FMMOS,DY-NA,Washington,DC,"Washington, DC",Washington,DC,FMMOS,FMMOS - non-mars,01/30/2024 09:42:00,2023,2023-FEB,4.16,component,lmprs,
Dec,2023,,Arizona,131.0,3.88,Producer Milk Components,AMS_3462,3462,Dairy FMMOS,DY-NA,Washington,DC,"Washington, DC",Washington,DC,FMMOS,FMMOS - non-mars,01/30/2024 09:42:00,2023,2023-FEB,3.85,component,lmprs,
Dec,2023,,Appalachian,5.0,3.97,Producer Milk Components,AMS_3462,3462,Dairy FMMOS,DY-NA,Washington,DC,"Washington, DC",Washington,DC,FMMOS,FMMOS - non-mars,01/30/2024 09:42:00,2023,2023-FEB,4.00,component,lmprs,
Dec,2023,,All Markets Combined,,4.11,Producer Milk Components,AMS_3462,3462,Dairy FMMOS,DY-NA,Washington,DC,"Washington, DC",Washington,DC,FMMOS,FMMOS - non-mars,01/30/2024 09:42:00,2023,2023-FEB,4.18,component,lmprs,
Dec,2023,,Upper Midwest,30.0,4.17,Producer Milk Components,AMS_3462,3462,Dairy FMMOS,DY-NA,Washington,DC,"Washington, DC",Washington,DC,FMMOS,FMMOS - non-mars,01/30/2024 09:42:00,2023,2023-FEB,4.25,component,lmprs,
Dec,2024,,Upper Midwest,30.0,4.27,Producer Milk Components,AMS_3462,3462,Dairy FMMOS,DY-NA,Washington,DC,"Washington, DC",Washington,DC,FMMOS,FMMOS - non-mars,01/23/2025 09:07:00,2024,2024-FEB,4.32,component,lmprs,
Dec,2024,,All Markets Combined,,4.21,Producer Milk Components,AMS_3462,3462,Dairy FMMOS,DY-NA,Washington,DC,"Washington, DC",Washington,DC,FMMOS,FMMOS - non-mars,01/23/2025 09:07:00,2024,2024-FEB,4.27,component,lmprs,
Dec,2024,,Appalachian,5.0,4.06,Producer Milk Components,AMS_3462,3462,Dairy FMMOS,DY-NA,Washington,DC,"Washington, DC",Washington,DC,FMMOS,FMMOS - non-mars,01/23/2025 09:07:00,2024,2024-FEB,4.13,component,lmprs,
Dec,2024,,Arizona,131.0,4.07,Producer Milk Components,AMS_3462,3462,Dairy FMMOS,DY-NA,Washington,DC,"Washington, DC",Washington,DC,FMMOS,FMMOS - non-mars,01/23/2025 09:07:00,2024,2024-FEB,4.12,component,lmprs,
Dec,2024,,California,51.0,4.18,Producer Milk Components,AMS_3462,3462,Dairy FMMOS,DY-NA,Washington,DC,"Washington, DC",Washington,DC,FMMOS,FMMOS - non-mars,01/23/2025 09:07:00,2024,2024-FEB,4.23,component,lmprs,
Dec,2024,,Florida,6.0,3.92,Producer Milk Components,AMS_3462,3462,Dairy FMMOS,DY-NA,Washington,DC,"Washington, DC",Washington,DC,FMMOS,FMMOS - non-mars,01/23/2025 09:07:00,2024,2024-FEB,3.94,component,lmprs,
Dec,2024,,Central,32.0,4.19,Producer Milk Components,AMS_3462,3462,Dairy FMMOS,DY-NA,Washington,DC,"Washington, DC",Washington,DC,FMMOS,FMMOS - non-mars,01/23/2025 09:07:00,2024,2024-FEB,4.29,component,lmprs,
Dec,2024,,Mideast,33.0,4.17,Producer Milk Components,AMS_3462,3462,Dairy FMMOS,DY-NA,Washington,DC,"Washington, DC",Washington,DC,FMMOS,FMMOS - non-mars,01/23/2025 09:07:00,2024,2024-FEB,4.23,component,lmprs,
Dec,2024,,Northeast,1.0,4.22,Producer Milk Components,AMS_3462,3462,Dairy FMMOS,DY-NA,Washington,DC,"Washington, DC",Washington,DC,FMMOS,FMMOS - non-mars,01/23/2025 09:07:00,2024,2024-FEB,4.30,component,lmprs,
Dec,2024,,Southeast,7.0,4.11,Producer Milk Components,AMS_3462,3462,Dairy FMMOS,DY-NA,Washington,DC,"Washington, DC",Washington,DC,FMMOS,FMMOS - non-mars,01/23/2025 09:07:00,2024,2024-FEB,4.15,component,lmprs,
Dec,2024,,Pacific Northwest,124.0,4.39,Producer Milk Components,AMS_3462,3462,Dairy FMMOS,DY-NA,Washington,DC,"Washington, DC",Washington,DC,FMMOS,FMMOS - non-mars,01/23/2025 09:07:00,2024,2024-FEB,4.47,component,lmprs,
Dec,2024,,Southwest,126.0,4.24,Producer Milk Components,AMS_3462,3462,Dairy FMMOS,DY-NA,Washington,DC,"Washington, DC",Washington,DC,FMMOS,FMMOS - non-mars,01/23/2025 09:07:00,2024,2024-FEB,4.28,component,lmprs,
Dec,2025,,Southwest,126.0,4.38,Producer Milk Components,AMS_3462,3462,Dairy FMMOS,DY-NA,Washington,DC,"Washington, DC",Washington,DC,FMMOS,FMMOS - non-mars,01/21/2026 11:39:00,2025,2025-FEB,4.45,component,lmprs,
Dec,2025,,Pacific Northwest,124.0,4.45,Producer Milk Components,AMS_3462,3462,Dairy FMMOS,DY-NA,Washington,DC,"Washington, DC",Washington,DC,FMMOS,FMMOS - non-mars,01/21/2026 11:39:00,2025,2025-FEB,4.60,component,lmprs,
Dec,2025,,Southeast,7.0,4.19,Producer Milk Components,AMS_3462,3462,Dairy FMMOS,DY-NA,Washington,DC,"Washington, DC",Washington,DC,FMMOS,FMMOS - non-mars,01/21/2026 11:39:00,2025,2025-FEB,4.27,component,lmprs,
Dec,2025,,Northeast,1.0,4.33,Producer Milk Components,AMS_3462,3462,Dairy FMMOS,DY-NA,Washington,DC,"Washington, DC",Washington,DC,FMMOS,FMMOS - non-mars,01/21/2026 11:39:00,2025,2025-FEB,4.45,component,lmprs,
Dec,2025,,Mideast,33.0,4.30,Producer Milk Components,AMS_3462,3462,Dairy FMMOS,DY-NA,Washington,DC,"Washington, DC",Washington,DC,FMMOS,FMMOS - non-mars,01/21/2026 11:39:00,2025,2025-FEB,4.43,component,lmprs,
Dec,2025,,Central,32.0,4.25,Producer Milk Components,AMS_3462,3462,Dairy FMMOS,DY-NA,Washington,DC,"Washington, DC",Washington,DC,FMMOS,FMMOS - non-mars,01/21/2026 11:39:00,2025,2025-FEB,4.39,component,lmprs,
Dec,2025,,Florida,6.0,3.94,Producer Milk Components,AMS_3462,3462,Dairy FMMOS,DY-NA,Washington,DC,"Washington, DC",Washington,DC,FMMOS,FMMOS - non-mars,01/21/2026 11:39:00,2025,2025-FEB,3.99,component,lmprs,
Dec,2025,,California,51.0,4.22,Producer Milk Components,AMS_3462,3462,Dairy FMMOS,DY-NA,Washington,DC,"Washington, DC",Washington,DC,FMMOS,FMMOS - non-mars,01/21/2026 11:39:00,2025,2025-FEB,4.31,component,lmprs,
Dec,2025,,Arizona,131.0,4.10,Producer Milk Components,AMS_3462,3462,Dairy FMMOS,DY-NA,Washington,DC,"Washington, DC",Washington,DC,FMMOS,FMMOS - non-mars,01/21/2026 11:39:00,2025,2025-FEB,4.18,component,lmprs,
Dec,2025,,Appalachian,5.0,4.13,Producer Milk Components,AMS_3462,3462,Dairy FMMOS,DY-NA,Washington,DC,"Washington, DC",Washington,DC,FMMOS,FMMOS - non-mars,01/21/2026 11:39:00,2025,2025-FEB,4.24,component,lmprs,
Dec,2025,,All Markets Combined,,4.29,Producer Milk Components,AMS_3462,3462,Dairy FMMOS,DY-NA,Washington,DC,"Washington, DC",Washington,DC,FMMOS,FMMOS - non-mars,01/21/2026 11:39:00,2025,2025-FEB,4.40,component,lmprs,
Dec,2025,,Upper Midwest,30.0,4.33,Producer Milk Components,AMS_3462,3462,Dairy FMMOS,DY-NA,Washington,DC,"Washington, DC",Washington,DC,FMMOS,FMMOS - non-mars,01/21/2026 11:39:00,2025,2025-FEB,4.47,component,lmprs,
Mar,2026,,Upper Midwest,30.0,4.46,Producer Milk Components,AMS_3462,3462,Dairy FMMOS,DY-NA,Washington,DC,"Washington, DC",Washington,DC,FMMOS,FMMOS - non-mars,04/21/2026 05:48:00,2026,2026-FEB,4.46,component,lmprs,
Mar,2026,,All Markets Combined,,4.42,Producer Milk Components,AMS_3462,3462,Dairy FMMOS,DY-NA,Washington,DC,"Washington, DC",Washington,DC,FMMOS,FMMOS - non-mars,04/21/2026 05:48:00,2026,2026-FEB,4.43,component,lmprs,
Mar,2026,,Appalachian,5.0,4.23,Producer Milk Components,AMS_3462,3462,Dairy FMMOS,DY-NA,Washington,DC,"Washington, DC",Washington,DC,FMMOS,FMMOS - non-mars,04/21/2026 05:48:00,2026,2026-FEB,4.28,component,lmprs,
Mar,2026,,Arizona,131.0,4.16,Producer Milk Components,AMS_3462,3462,Dairy FMMOS,DY-NA,Washington,DC,"Washington, DC",Washington,DC,FMMOS,FMMOS - non-mars,04/21/2026 05:48:00,2026,2026-FEB,4.19,component,lmprs,
Mar,2026,,California,51.0,4.31,Producer Milk Components,AMS_3462,3462,Dairy FMMOS,DY-NA,Washington,DC,"Washington, DC",Washington,DC,FMMOS,FMMOS - non-mars,04/21/2026 05:48:00,2026,2026-FEB,4.34,component,lmprs,
Mar,2026,,Florida,6.0,3.97,Producer Milk Components,AMS_3462,3462,Dairy FMMOS,DY-NA,Washington,DC,"Washington, DC",Washington,DC,FMMOS,FMMOS - non-mars,04/21/2026 05:48:00,2026,2026-FEB,4.00,component,lmprs,
Mar,2026,,Central,32.0,4.36,Producer Milk Components,AMS_3462,3462,Dairy FMMOS,DY-NA,Washington,DC,"Washington, DC",Washington,DC,FMMOS,FMMOS - non-mars,04/21/2026 05:48:00,2026,2026-FEB,4.35,component,lmprs,
Mar,2026,,Mideast,33.0,4.45,Producer Milk Components,AMS_3462,3462,Dairy FMMOS,DY-NA,Washington,DC,"Washington, DC",Washington,DC,FMMOS,FMMOS - non-mars,04/21/2026 05:48:00,2026,2026-FEB,4.47,component,lmprs,
Mar,2026,,Northeast,1.0,4.53,Producer Milk Components,AMS_3462,3462,Dairy FMMOS,DY-NA,Washington,DC,"Washington, DC",Washington,DC,FMMOS,FMMOS - non-mars,04/21/2026 05:48:00,2026,2026-FEB,4.56,component,lmprs,
Mar,2026,,Southeast,7.0,4.32,Producer Milk Components,AMS_3462,3462,Dairy FMMOS,DY-NA,Washington,DC,"Washington, DC",Washington,DC,FMMOS,FMMOS - non-mars,04/21/2026 05:48:00,2026,2026-FEB,4.43,component,lmprs,
Mar,2026,,Pacific Northwest,124.0,4.56,Producer Milk Components,AMS_3462,3462,Dairy FMMOS,DY-NA,Washington,DC,"Washington, DC",Washington,DC,FMMOS,FMMOS - non-mars,04/21/2026 05:48:00,2026,2026-FEB,4.52,component,lmprs,
Mar,2026,,Southwest,126.0,4.52,Producer Milk Components,AMS_3462,3462,Dairy FMMOS,DY-NA,Washington,DC,"Washington, DC",Washington,DC,FMMOS,FMMOS - non-mars,04/21/2026 05:48:00,2026,2026-FEB,4.48,component,lmprs,
Dec,2000,,All Markets Combined,,3.69,Producer Milk Components,AMS_3462,3462,Dairy FMMOS,DY-NA,Washington,DC,"Washington, DC",Washington,DC,FMMOS,FMMOS - non-mars,04/09/2021 07:48:00,2000,2000-MAR,3.71,component,lmprs,
Dec,2000,,Appalachian,5.0,3.67,Producer Milk Components,AMS_3462,3462,Dairy FMMOS,DY-NA,Washington,DC,"Washington, DC",Washington,DC,FMMOS,FMMOS - non-mars,04/09/2021 07:48:00,2000,2000-MAR,3.70,component,lmprs,
Dec,2000,,Arizona,131.0,3.62,Producer Milk Components,AMS_3462,3462,Dairy FMMOS,DY-NA,Washington,DC,"Washington, DC",Washington,DC,FMMOS,FMMOS - non-mars,04/09/2021 07:48:00,2000,2000-MAR,3.63,component,lmprs,
Dec,2000,,Central,32.0,3.69,Producer Milk Components,AMS_3462,3462,Dairy FMMOS,DY-NA,Washington,DC,"Washington, DC",Washington,DC,FMMOS,FMMOS - non-mars,04/09/2021 07:48:00,2000,2000-MAR,3.72,component,lmprs,
Dec,2000,,Florida,6.0,3.60,Producer Milk Components,AMS_3462,3462,Dairy FMMOS,DY-NA,Washington,DC,"Washington, DC",Washington,DC,FMMOS,FMMOS - non-mars,04/09/2021 07:48:00,2000,2000-MAR,3.55,component,lmprs,
Dec,2000,,Mideast,33.0,3.72,Producer Milk Components,AMS_3462,3462,Dairy FMMOS,DY-NA,Washington,DC,"Washington, DC",Washington,DC,FMMOS,FMMOS - non-mars,04/09/2021 07:48:00,2000,2000-MAR,3.77,component,lmprs,
Dec,2000,,Northeast,1.0,3.71,Producer Milk Components,AMS_3462,3462,Dairy FMMOS,DY-NA,Washington,DC,"Washington, DC",Washington,DC,FMMOS,FMMOS - non-mars,04/09/2021 07:48:00,2000,2000-MAR,3.77,component,lmprs,
Dec,2000,,Pacific Northwest,124.0,3.65,Producer Milk Components,AMS_3462,3462,Dairy FMMOS,DY-NA,Washington,DC,"Washington, DC",Washington,DC,FMMOS,FMMOS - non-mars,04/09/2021 07:48:00,2000,2000-MAR,3.68,component,lmprs,
Dec,2000,,Southeast,7.0,3.64,Producer Milk Components,AMS_3462,3462,Dairy FMMOS,DY-NA,Washington,DC,"Washington, DC",Washington,DC,FMMOS,FMMOS - non-mars,04/09/2021 07:48:00,2000,2000-MAR,3.58,component,lmprs,
Dec,2000,,Southwest,126.0,3.60,Producer Milk Components,AMS_3462,3462,Dairy FMMOS,DY-NA,Washington,DC,"Washington, DC",Washington,DC,FMMOS,FMMOS - non-mars,04/09/2021 07:48:00,2000,2000-MAR,3.61,component,lmprs,
Dec,2000,,Upper Midwest,30.0,3.73,Producer Milk Components,AMS_3462,3462,Dairy FMMOS,DY-NA,Washington,DC,"Washington, DC",Washington,DC,FMMOS,FMMOS - non-mars,04/09/2021 07:48:00,2000,2000-MAR,3.76,component,lmprs,
Dec,2000,,Western,135.0,3.60,Producer Milk Components,AMS_3462,3462,Dairy FMMOS,DY-NA,Washington,DC,"Washington, DC",Washington,DC,FMMOS,FMMOS - non-mars,04/09/2021 07:48:00,2000,2000-MAR,3.65,component,lmprs,
Dec,2001,,Western,135.0,3.61,Producer Milk Components,AMS_3462,3462,Dairy FMMOS,DY-NA,Washington,DC,"Washington, DC",Washington,DC,FMMOS,FMMOS - non-mars,04/09/2021 07:46:00,2001,2001-MAR,3.66,component,lmprs,
Dec,2001,,Upper Midwest,30.0,3.72,Producer Milk Components,AMS_3462,3462,Dairy FMMOS,DY-NA,Washington,DC,"Washington, DC",Washington,DC,FMMOS,FMMOS - non-mars,04/09/2021 07:46:00,2001,2001-MAR,3.77,component,lmprs,
Dec,2001,,Southwest,126.0,3.62,Producer Milk Components,AMS_3462,3462,Dairy FMMOS,DY-NA,Washington,DC,"Washington, DC",Washington,DC,FMMOS,FMMOS - non-mars,04/09/2021 07:46:00,2001,2001-MAR,3.63,component,lmprs,
Dec,2001,,Southeast,7.0,3.64,Producer Milk Components,AMS_3462,3462,Dairy FMMOS,DY-NA,Washington,DC,"Washington, DC",Washington,DC,FMMOS,FMMOS - non-mars,04/09/2021 07:46:00,2001,2001-MAR,3.62,component,lmprs,
Dec,2001,,Pacific Northwest,124.0,3.66,Producer Milk Components,AMS_3462,3462,Dairy FMMOS,DY-NA,Washington,DC,"Washington, DC",Washington,DC,FMMOS,FMMOS - non-mars,04/09/2021 07:46:00,2001,2001-MAR,3.68,component,lmprs,
Dec,2001,,Northeast,1.0,3.68,Producer Milk Components,AMS_3462,3462,Dairy FMMOS,DY-NA,Washington,DC,"Washington, DC",Washington,DC,FMMOS,FMMOS - non-mars,04/09/2021 07:46:00,2001,2001-MAR,3.74,component,lmprs,
Dec,2001,,Mideast,33.0,3.68,Producer Milk Components,AMS_3462,3462,Dairy FMMOS,DY-NA,Washington,DC,"Washington, DC",Washington,DC,FMMOS,FMMOS - non-mars,04/09/2021 07:46:00,2001,2001-MAR,3.76,component,lmprs,
Dec,2001,,Florida,6.0,3.60,Producer Milk Components,AMS_3462,3462,Dairy FMMOS,DY-NA,Washington,DC,"Washington, DC",Washington,DC,FMMOS,FMMOS - non-mars,04/09/2021 07:46:00,2001,2001-MAR,3.54,component,lmprs,
Dec,2001,,Central,32.0,3.69,Producer Milk Components,AMS_3462,3462,Dairy FMMOS,DY-NA,Washington,DC,"Washington, DC",Washington,DC,FMMOS,FMMOS - non-mars,04/09/2021 07:46:00,2001,2001-MAR,3.75,component,lmprs,
Dec,2001,,Arizona,131.0,3.62,Producer Milk Components,AMS_3462,3462,Dairy FMMOS,DY-NA,Washington,DC,"Washington, DC",Washington,DC,FMMOS,FMMOS - non-mars,04/09/2021 07:46:00,2001,2001-MAR,3.60,component,lmprs,
Dec,2001,,Appalachian,5.0,3.65,Producer Milk Components,AMS_3462,3462,Dairy FMMOS,DY-NA,Washington,DC,"Washington, DC",Washington,DC,FMMOS,FMMOS - non-mars,04/09/2021 07:46:00,2001,2001-MAR,3.69,component,lmprs,
Dec,2001,,All Markets Combined,,3.67,Producer Milk Components,AMS_3462,3462,Dairy FMMOS,DY-NA,Washington,DC,"Washington, DC",Washington,DC,FMMOS,FMMOS - non-mars,04/09/2021 07:46:00,2001,2001-MAR,3.72,component,lmprs,
Dec,2002,,All Markets Combined,,3.69,Producer Milk Components,AMS_3462,3462,Dairy FMMOS,DY-NA,Washington,DC,"Washington, DC",Washington,DC,FMMOS,FMMOS - non-mars,04/09/2021 07:46:00,2002,2002-MAR,3.74,component,lmprs,
Dec,2002,,Appalachian,5.0,3.66,Producer Milk Components,AMS_3462,3462,Dairy FMMOS,DY-NA,Washington,DC,"Washington, DC",Washington,DC,FMMOS,FMMOS - non-mars,04/09/2021 07:46:00,2002,2002-MAR,3.70,component,lmprs,
Dec,2002,,Arizona,131.0,3.63,Producer Milk Components,AMS_3462,3462,Dairy FMMOS,DY-NA,Washington,DC,"Washington, DC",Washington,DC,FMMOS,FMMOS - non-mars,04/09/2021 07:46:00,2002,2002-MAR,3.59,component,lmprs,
Dec,2002,,Central,32.0,3.70,Producer Milk Components,AMS_3462,3462,Dairy FMMOS,DY-NA,Washington,DC,"Washington, DC",Washington,DC,FMMOS,FMMOS - non-mars,04/09/2021 07:46:00,2002,2002-MAR,3.76,component,lmprs,
Dec,2002,,Florida,6.0,3.67,Producer Milk Components,AMS_3462,3462,Dairy FMMOS,DY-NA,Washington,DC,"Washington, DC",Washington,DC,FMMOS,FMMOS - non-mars,04/09/2021 07:46:00,2002,2002-MAR,3.65,component,lmprs,
Dec,2002,,Mideast,33.0,3.69,Producer Milk Components,AMS_3462,3462,Dairy FMMOS,DY-NA,Washington,DC,"Washington, DC",Washington,DC,FMMOS,FMMOS - non-mars,04/09/2021 07:46:00,2002,2002-MAR,3.77,component,lmprs,
Dec,2002,,Northeast,1.0,3.69,Producer Milk Components,AMS_3462,3462,Dairy FMMOS,DY-NA,Washington,DC,"Washington, DC",Washington,DC,FMMOS,FMMOS - non-mars,04/09/2021 07:46:00,2002,2002-MAR,3.75,component,lmprs,
Dec,2002,,Pacific Northwest,124.0,3.67,Producer Milk Components,AMS_3462,3462,Dairy FMMOS,DY-NA,Washington,DC,"Washington, DC",Washington,DC,FMMOS,FMMOS - non-mars,04/09/2021 07:46:00,2002,2002-MAR,3.72,component,lmprs,
Dec,2002,,Southeast,7.0,3.66,Producer Milk Components,AMS_3462,3462,Dairy FMMOS,DY-NA,Washington,DC,"Washington, DC",Washington,DC,FMMOS,FMMOS - non-mars,04/09/2021 07:46:00,2002,2002-MAR,3.68,component,lmprs,
Dec,2002,,Southwest,126.0,3.64,Producer Milk Components,AMS_3462,3462,Dairy FMMOS,DY-NA,Washington,DC,"Washington, DC",Washington,DC,FMMOS,FMMOS - non-mars,04/09/2021 07:46:00,2002,2002-MAR,3.69,component,lmprs,
Dec,2002,,Upper Midwest,30.0,3.73,Producer Milk Components,AMS_3462,3462,Dairy FMMOS,DY-NA,Washington,DC,"Washington, DC",Washington,DC,FMMOS,FMMOS - non-mars,04/09/2021 07:46:00,2002,2002-MAR,3.78,component,lmprs,
Dec,2002,,Western,135.0,3.63,Producer Milk Components,AMS_3462,3462,Dairy FMMOS,DY-NA,Washington,DC,"Washington, DC",Washington,DC,FMMOS,FMMOS - non-mars,04/09/2021 07:46:00,2002,2002-MAR,3.68,component,lmprs,
Dec,2003,,Western,135.0,3.60,Producer Milk Components,AMS_3462,3462,Dairy FMMOS,DY-NA,Washington,DC,"Washington, DC",Washington,DC,FMMOS,FMMOS - non-mars,04/09/2021 07:46:00,2003,2003-MAR,3.63,component,lmprs,
Dec,2003,,Upper Midwest,30.0,3.72,Producer Milk Components,AMS_3462,3462,Dairy FMMOS,DY-NA,Washington,DC,"Washington, DC",Washington,DC,FMMOS,FMMOS - non-mars,04/09/2021 07:46:00,2003,2003-MAR,3.74,component,lmprs,
Dec,2003,,Southwest,126.0,3.62,Producer Milk Components,AMS_3462,3462,Dairy FMMOS,DY-NA,Washington,DC,"Washington, DC",Washington,DC,FMMOS,FMMOS - non-mars,04/09/2021 07:46:00,2003,2003-MAR,3.67,component,lmprs,
Dec,2003,,Southeast,7.0,3.63,Producer Milk Components,AMS_3462,3462,Dairy FMMOS,DY-NA,Washington,DC,"Washington, DC",Washington,DC,FMMOS,FMMOS - non-mars,04/09/2021 07:46:00,2003,2003-MAR,3.63,component,lmprs,
Dec,2003,,Northeast,1.0,3.70,Producer Milk Components,AMS_3462,3462,Dairy FMMOS,DY-NA,Washington,DC,"Washington, DC",Washington,DC,FMMOS,FMMOS - non-mars,04/09/2021 07:46:00,2003,2003-MAR,3.77,component,lmprs,
Dec,2003,,Pacific Northwest,124.0,3.66,Producer Milk Components,AMS_3462,3462,Dairy FMMOS,DY-NA,Washington,DC,"Washington, DC",Washington,DC,FMMOS,FMMOS - non-mars,04/09/2021 07:46:00,2003,2003-MAR,3.68,component,lmprs,
Dec,2003,,Mideast,33.0,3.69,Producer Milk Components,AMS_3462,3462,Dairy FMMOS,DY-NA,Washington,DC,"Washington, DC",Washington,DC,FMMOS,FMMOS - non-mars,04/09/2021 07:46:00,2003,2003-MAR,3.74,component,lmprs,
Dec,2003,,Florida,6.0,3.57,Producer Milk Components,AMS_3462,3462,Dairy FMMOS,DY-NA,Washington,DC,"Washington, DC",Washington,DC,FMMOS,FMMOS - non-mars,04/09/2021 07:46:00,2003,2003-MAR,3.53,component,lmprs,
Dec,2003,,Arizona,131.0,3.59,Producer Milk Components,AMS_3462,3462,Dairy FMMOS,DY-NA,Washington,DC,"Washington, DC",Washington,DC,FMMOS,FMMOS - non-mars,04/09/2021 07:46:00,2003,2003-MAR,3.58,component,lmprs,
Dec,2003,,Central,32.0,3.68,Producer Milk Components,AMS_3462,3462,Dairy FMMOS,DY-NA,Washington,DC,"Washington, DC",Washington,DC,FMMOS,FMMOS - non-mars,04/09/2021 07:46:00,2003,2003-MAR,3.72,component,lmprs,
Dec,2003,,Appalachian,5.0,3.65,Producer Milk Components,AMS_3462,3462,Dairy FMMOS,DY-NA,Washington,DC,"Washington, DC",Washington,DC,FMMOS,FMMOS - non-mars,04/09/2021 07:46:00,2003,2003-MAR,3.71,component,lmprs,
Dec,2003,,All Markets Combined,,3.67,Producer Milk Components,AMS_3462,3462,Dairy FMMOS,DY-NA,Washington,DC,"Washington, DC",Washington,DC,FMMOS,FMMOS - non-mars,04/09/2021 07:46:00,2003,2003-MAR,3.71,component,lmprs,
Dec,2004,,All Markets Combined,,3.67,Producer Milk Components,AMS_3462,3462,Dairy FMMOS,DY-NA,Washington,DC,"Washington, DC",Washington,DC,FMMOS,FMMOS - non-mars,04/09/2021 07:44:00,2004,2004-MAR,3.68,component,lmprs,
Dec,2004,,Appalachian,5.0,3.62,Producer Milk Components,AMS_3462,3462,Dairy FMMOS,DY-NA,Washington,DC,"Washington, DC",Washington,DC,FMMOS,FMMOS - non-mars,04/09/2021 07:44:00,2004,2004-MAR,3.64,component,lmprs,
Dec,2004,,Central,32.0,3.66,Producer Milk Components,AMS_3462,3462,Dairy FMMOS,DY-NA,Washington,DC,"Washington, DC",Washington,DC,FMMOS,FMMOS - non-mars,04/09/2021 07:44:00,2004,2004-MAR,3.67,component,lmprs,
Dec,2004,,Arizona,131.0,3.61,Producer Milk Components,AMS_3462,3462,Dairy FMMOS,DY-NA,Washington,DC,"Washington, DC",Washington,DC,FMMOS,FMMOS - non-mars,04/09/2021 07:44:00,2004,2004-MAR,3.54,component,lmprs,
Dec,2004,,Florida,6.0,3.61,Producer Milk Components,AMS_3462,3462,Dairy FMMOS,DY-NA,Washington,DC,"Washington, DC",Washington,DC,FMMOS,FMMOS - non-mars,04/09/2021 07:44:00,2004,2004-MAR,3.58,component,lmprs,
Dec,2004,,Mideast,33.0,3.67,Producer Milk Components,AMS_3462,3462,Dairy FMMOS,DY-NA,Washington,DC,"Washington, DC",Washington,DC,FMMOS,FMMOS - non-mars,04/09/2021 07:44:00,2004,2004-MAR,3.72,component,lmprs,
Dec,2004,,Pacific Northwest,124.0,3.68,Producer Milk Components,AMS_3462,3462,Dairy FMMOS,DY-NA,Washington,DC,"Washington, DC",Washington,DC,FMMOS,FMMOS - non-mars,04/09/2021 07:44:00,2004,2004-MAR,3.71,component,lmprs,
Dec,2004,,Northeast,1.0,3.66,Producer Milk Components,AMS_3462,3462,Dairy FMMOS,DY-NA,Washington,DC,"Washington, DC",Washington,DC,FMMOS,FMMOS - non-mars,04/09/2021 07:44:00,2004,2004-MAR,3.70,component,lmprs,
Dec,2004,,Southeast,7.0,3.65,Producer Milk Components,AMS_3462,3462,Dairy FMMOS,DY-NA,Washington,DC,"Washington, DC",Washington,DC,FMMOS,FMMOS - non-mars,04/09/2021 07:44:00,2004,2004-MAR,3.61,component,lmprs,
Dec,2004,,Southwest,126.0,3.64,Producer Milk Components,AMS_3462,3462,Dairy FMMOS,DY-NA,Washington,DC,"Washington, DC",Washington,DC,FMMOS,FMMOS - non-mars,04/09/2021 07:44:00,2004,2004-MAR,3.67,component,lmprs,
Dec,2004,,Upper Midwest,30.0,3.72,Producer Milk Components,AMS_3462,3462,Dairy FMMOS,DY-NA,Washington,DC,"Washington, DC",Washington,DC,FMMOS,FMMOS - non-mars,04/09/2021 07:44:00,2004,2004-MAR,3.75,component,lmprs,
Dec,2004,,Western,135.0,3.70,Producer Milk Components,AMS_3462,3462,Dairy FMMOS,DY-NA,Washington,DC,"Washington, DC",Washington,DC,FMMOS,FMMOS - non-mars,04/09/2021 07:44:00,2004,2004-MAR,3.61,component,lmprs,
Dec,2005,,Upper Midwest,30.0,3.71,Producer Milk Components,AMS_3462,3462,Dairy FMMOS,DY-NA,Washington,DC,"Washington, DC",Washington,DC,FMMOS,FMMOS - non-mars,03/30/2021 14:16:00,2005,2005-MAR,3.76,component,lmprs,
Dec,2005,,Southwest,126.0,3.66,Producer Milk Components,AMS_3462,3462,Dairy FMMOS,DY-NA,Washington,DC,"Washington, DC",Washington,DC,FMMOS,FMMOS - non-mars,03/30/2021 14:16:00,2005,2005-MAR,3.67,component,lmprs,
Dec,2005,,Southeast,7.0,3.63,Producer Milk Components,AMS_3462,3462,Dairy FMMOS,DY-NA,Washington,DC,"Washington, DC",Washington,DC,FMMOS,FMMOS - non-mars,03/30/2021 14:16:00,2005,2005-MAR,3.63,component,lmprs,
Dec,2005,,Northeast,1.0,3.67,Producer Milk Components,AMS_3462,3462,Dairy FMMOS,DY-NA,Washington,DC,"Washington, DC",Washington,DC,FMMOS,FMMOS - non-mars,03/30/2021 14:16:00,2005,2005-MAR,3.73,component,lmprs,
Dec,2005,,Pacific Northwest,124.0,3.67,Producer Milk Components,AMS_3462,3462,Dairy FMMOS,DY-NA,Washington,DC,"Washington, DC",Washington,DC,FMMOS,FMMOS - non-mars,03/30/2021 14:16:00,2005,2005-MAR,3.63,component,lmprs,
Dec,2005,,Mideast,33.0,3.65,Producer Milk Components,AMS_3462,3462,Dairy FMMOS,DY-NA,Washington,DC,"Washington, DC",Washington,DC,FMMOS,FMMOS - non-mars,03/30/2021 14:16:00,2005,2005-MAR,3.71,component,lmprs,
Dec,2005,,Florida,6.0,3.60,Producer Milk Components,AMS_3462,3462,Dairy FMMOS,DY-NA,Washington,DC,"Washington, DC",Washington,DC,FMMOS,FMMOS - non-mars,03/30/2021 14:16:00,2005,2005-MAR,3.56,component,lmprs,
Dec,2005,,Central,32.0,3.64,Producer Milk Components,AMS_3462,3462,Dairy FMMOS,DY-NA,Washington,DC,"Washington, DC",Washington,DC,FMMOS,FMMOS - non-mars,03/30/2021 14:16:00,2005,2005-MAR,3.67,component,lmprs,
Dec,2005,,Appalachian,5.0,3.62,Producer Milk Components,AMS_3462,3462,Dairy FMMOS,DY-NA,Washington,DC,"Washington, DC",Washington,DC,FMMOS,FMMOS - non-mars,03/30/2021 14:16:00,2005,2005-MAR,3.65,component,lmprs,
Dec,2005,,Arizona,131.0,3.59,Producer Milk Components,AMS_3462,3462,Dairy FMMOS,DY-NA,Washington,DC,"Washington, DC",Washington,DC,FMMOS,FMMOS - non-mars,03/30/2021 14:16:00,2005,2005-MAR,3.62,component,lmprs,
Dec,2005,,All Markets Combined,,3.66,Producer Milk Components,AMS_3462,3462,Dairy FMMOS,DY-NA,Washington,DC,"Washington, DC",Washington,DC,FMMOS,FMMOS - non-mars,03/30/2021 14:16:00,2005,2005-MAR,3.70,component,lmprs,
Dec,2006,,All Markets Combined,,3.69,Producer Milk Components,AMS_3462,3462,Dairy FMMOS,DY-NA,Washington,DC,"Washington, DC",Washington,DC,FMMOS,FMMOS - non-mars,03/30/2021 14:16:00,2006,2006-MAR,3.73,component,lmprs,
Dec,2006,,Arizona,131.0,3.59,Producer Milk Components,AMS_3462,3462,Dairy FMMOS,DY-NA,Washington,DC,"Washington, DC",Washington,DC,FMMOS,FMMOS - non-mars,03/30/2021 14:16:00,2006,2006-MAR,3.59,component,lmprs,
Dec,2006,,Appalachian,5.0,3.67,Producer Milk Components,AMS_3462,3462,Dairy FMMOS,DY-NA,Washington,DC,"Washington, DC",Washington,DC,FMMOS,FMMOS - non-mars,03/30/2021 14:16:00,2006,2006-MAR,3.69,component,lmprs,
Dec,2006,,Central,32.0,3.67,Producer Milk Components,AMS_3462,3462,Dairy FMMOS,DY-NA,Washington,DC,"Washington, DC",Washington,DC,FMMOS,FMMOS - non-mars,03/30/2021 14:16:00,2006,2006-MAR,3.71,component,lmprs,
Dec,2006,,Florida,6.0,3.66,Producer Milk Components,AMS_3462,3462,Dairy FMMOS,DY-NA,Washington,DC,"Washington, DC",Washington,DC,FMMOS,FMMOS - non-mars,03/30/2021 14:16:00,2006,2006-MAR,3.62,component,lmprs,
Dec,2006,,Mideast,33.0,3.69,Producer Milk Components,AMS_3462,3462,Dairy FMMOS,DY-NA,Washington,DC,"Washington, DC",Washington,DC,FMMOS,FMMOS - non-mars,03/30/2021 14:16:00,2006,2006-MAR,3.75,component,lmprs,
Dec,2006,,Pacific Northwest,124.0,3.69,Producer Milk Components,AMS_3462,3462,Dairy FMMOS,DY-NA,Washington,DC,"Washington, DC",Washington,DC,FMMOS,FMMOS - non-mars,03/30/2021 14:16:00,2006,2006-MAR,3.75,component,lmprs,
Dec,2006,,Northeast,1.0,3.71,Producer Milk Components,AMS_3462,3462,Dairy FMMOS,DY-NA,Washington,DC,"Washington, DC",Washington,DC,FMMOS,FMMOS - non-mars,03/30/2021 14:16:00,2006,2006-MAR,3.77,component,lmprs,
Dec,2006,,Southeast,7.0,3.67,Producer Milk Components,AMS_3462,3462,Dairy FMMOS,DY-NA,Washington,DC,"Washington, DC",Washington,DC,FMMOS,FMMOS - non-mars,03/30/2021 14:16:00,2006,2006-MAR,3.67,component,lmprs,
Dec,2006,,Southwest,126.0,3.69,Producer Milk Components,AMS_3462,3462,Dairy FMMOS,DY-NA,Washington,DC,"Washington, DC",Washington,DC,FMMOS,FMMOS - non-mars,03/30/2021 14:16:00,2006,2006-MAR,3.73,component,lmprs,
Dec,2006,,Upper Midwest,30.0,3.72,Producer Milk Components,AMS_3462,3462,Dairy FMMOS,DY-NA,Washington,DC,"Washington, DC",Washington,DC,FMMOS,FMMOS - non-mars,03/30/2021 14:16:00,2006,2006-MAR,3.76,component,lmprs,
Dec,2007,,Upper Midwest,30.0,3.71,Producer Milk Components,AMS_3462,3462,Dairy FMMOS,DY-NA,Washington,DC,"Washington, DC",Washington,DC,FMMOS,FMMOS - non-mars,03/30/2021 14:16:00,2007,2007-MAR,3.75,component,lmprs,
Dec,2007,,Southwest,126.0,3.67,Producer Milk Components,AMS_3462,3462,Dairy FMMOS,DY-NA,Washington,DC,"Washington, DC",Washington,DC,FMMOS,FMMOS - non-mars,03/30/2021 14:16:00,2007,2007-MAR,3.67,component,lmprs,
Dec,2007,,Southeast,7.0,3.67,Producer Milk Components,AMS_3462,3462,Dairy FMMOS,DY-NA,Washington,DC,"Washington, DC",Washington,DC,FMMOS,FMMOS - non-mars,03/30/2021 14:16:00,2007,2007-MAR,3.64,component,lmprs,
Dec,2007,,Northeast,1.0,3.70,Producer Milk Components,AMS_3462,3462,Dairy FMMOS,DY-NA,Washington,DC,"Washington, DC",Washington,DC,FMMOS,FMMOS - non-mars,03/30/2021 14:16:00,2007,2007-MAR,3.76,component,lmprs,
Dec,2007,,Pacific Northwest,124.0,3.70,Producer Milk Components,AMS_3462,3462,Dairy FMMOS,DY-NA,Washington,DC,"Washington, DC",Washington,DC,FMMOS,FMMOS - non-mars,03/30/2021 14:16:00,2007,2007-MAR,3.71,component,lmprs,
Dec,2007,,Mideast,33.0,3.67,Producer Milk Components,AMS_3462,3462,Dairy FMMOS,DY-NA,Washington,DC,"Washington, DC",Washington,DC,FMMOS,FMMOS - non-mars,03/30/2021 14:16:00,2007,2007-MAR,3.72,component,lmprs,
Dec,2007,,Florida,6.0,3.63,Producer Milk Components,AMS_3462,3462,Dairy FMMOS,DY-NA,Washington,DC,"Washington, DC",Washington,DC,FMMOS,FMMOS - non-mars,03/30/2021 14:16:00,2007,2007-MAR,3.57,component,lmprs,
Dec,2007,,Central,32.0,3.68,Producer Milk Components,AMS_3462,3462,Dairy FMMOS,DY-NA,Washington,DC,"Washington, DC",Washington,DC,FMMOS,FMMOS - non-mars,03/30/2021 14:16:00,2007,2007-MAR,3.73,component,lmprs,
Dec,2007,,Appalachian,5.0,3.67,Producer Milk Components,AMS_3462,3462,Dairy FMMOS,DY-NA,Washington,DC,"Washington, DC",Washington,DC,FMMOS,FMMOS - non-mars,03/30/2021 14:16:00,2007,2007-MAR,3.71,component,lmprs,
Dec,2007,,Arizona,131.0,3.60,Producer Milk Components,AMS_3462,3462,Dairy FMMOS,DY-NA,Washington,DC,"Washington, DC",Washington,DC,FMMOS,FMMOS - non-mars,03/30/2021 14:16:00,2007,2007-MAR,3.56,component,lmprs,
Dec,2007,,All Markets Combined,,3.68,Producer Milk Components,AMS_3462,3462,Dairy FMMOS,DY-NA,Washington,DC,"Washington, DC",Washington,DC,FMMOS,FMMOS - non-mars,03/30/2021 14:16:00,2007,2007-MAR,3.71,component,lmprs,
Dec,2008,,All Markets Combined,,3.69,Producer Milk Components,AMS_3462,3462,Dairy FMMOS,DY-NA,Washington,DC,"Washington, DC",Washington,DC,FMMOS,FMMOS - non-mars,03/30/2021 14:15:00,2008,2008-MAR,3.74,component,lmprs,
Dec,2008,,Arizona,131.0,3.56,Producer Milk Components,AMS_3462,3462,Dairy FMMOS,DY-NA,Washington,DC,"Washington, DC",Washington,DC,FMMOS,FMMOS - non-mars,03/30/2021 14:15:00,2008,2008-MAR,3.55,component,lmprs,
Dec,2008,,Appalachian,5.0,3.69,Producer Milk Components,AMS_3462,3462,Dairy FMMOS,DY-NA,Washington,DC,"Washington, DC",Washington,DC,FMMOS,FMMOS - non-mars,03/30/2021 14:15:00,2008,2008-MAR,3.74,component,lmprs,
Dec,2008,,Central,32.0,3.65,Producer Milk Components,AMS_3462,3462,Dairy FMMOS,DY-NA,Washington,DC,"Washington, DC",Washington,DC,FMMOS,FMMOS - non-mars,03/30/2021 14:15:00,2008,2008-MAR,3.71,component,lmprs,
Dec,2008,,Florida,6.0,3.60,Producer Milk Components,AMS_3462,3462,Dairy FMMOS,DY-NA,Washington,DC,"Washington, DC",Washington,DC,FMMOS,FMMOS - non-mars,03/30/2021 14:15:00,2008,2008-MAR,3.55,component,lmprs,
Dec,2008,,Mideast,33.0,3.70,Producer Milk Components,AMS_3462,3462,Dairy FMMOS,DY-NA,Washington,DC,"Washington, DC",Washington,DC,FMMOS,FMMOS - non-mars,03/30/2021 14:15:00,2008,2008-MAR,3.77,component,lmprs,
Dec,2008,,Pacific Northwest,124.0,3.67,Producer Milk Components,AMS_3462,3462,Dairy FMMOS,DY-NA,Washington,DC,"Washington, DC",Washington,DC,FMMOS,FMMOS - non-mars,03/30/2021 14:15:00,2008,2008-MAR,3.71,component,lmprs,
Dec,2008,,Northeast,1.0,3.73,Producer Milk Components,AMS_3462,3462,Dairy FMMOS,DY-NA,Washington,DC,"Washington, DC",Washington,DC,FMMOS,FMMOS - non-mars,03/30/2021 14:15:00,2008,2008-MAR,3.78,component,lmprs,
Dec,2008,,Southeast,7.0,3.67,Producer Milk Components,AMS_3462,3462,Dairy FMMOS,DY-NA,Washington,DC,"Washington, DC",Washington,DC,FMMOS,FMMOS - non-mars,03/30/2021 14:15:00,2008,2008-MAR,3.71,component,lmprs,
Dec,2008,,Southwest,126.0,3.63,Producer Milk Components,AMS_3462,3462,Dairy FMMOS,DY-NA,Washington,DC,"Washington, DC",Washington,DC,FMMOS,FMMOS - non-mars,03/30/2021 14:15:00,2008,2008-MAR,3.69,component,lmprs,
Dec,2008,,Upper Midwest,30.0,3.72,Producer Milk Components,AMS_3462,3462,Dairy FMMOS,DY-NA,Washington,DC,"Washington, DC",Washington,DC,FMMOS,FMMOS - non-mars,03/30/2021 14:15:00,2008,2008-MAR,3.77,component,lmprs,
Dec,2009,,Upper Midwest,30.0,3.70,Producer Milk Components,AMS_3462,3462,Dairy FMMOS,DY-NA,Washington,DC,"Washington, DC",Washington,DC,FMMOS,FMMOS - non-mars,03/30/2021 14:15:00,2009,2009-MAR,3.73,component,lmprs,
Dec,2009,,Southwest,126.0,3.58,Producer Milk Components,AMS_3462,3462,Dairy FMMOS,DY-NA,Washington,DC,"Washington, DC",Washington,DC,FMMOS,FMMOS - non-mars,03/30/2021 14:15:00,2009,2009-MAR,3.62,component,lmprs,
Dec,2009,,Southeast,7.0,3.65,Producer Milk Components,AMS_3462,3462,Dairy FMMOS,DY-NA,Washington,DC,"Washington, DC",Washington,DC,FMMOS,FMMOS - non-mars,03/30/2021 14:15:00,2009,2009-MAR,3.63,component,lmprs,
Dec,2009,,Northeast,1.0,3.72,Producer Milk Components,AMS_3462,3462,Dairy FMMOS,DY-NA,Washington,DC,"Washington, DC",Washington,DC,FMMOS,FMMOS - non-mars,03/30/2021 14:15:00,2009,2009-MAR,3.76,component,lmprs,
Dec,2009,,Pacific Northwest,124.0,3.71,Producer Milk Components,AMS_3462,3462,Dairy FMMOS,DY-NA,Washington,DC,"Washington, DC",Washington,DC,FMMOS,FMMOS - non-mars,03/30/2021 14:15:00,2009,2009-MAR,3.74,component,lmprs,
Dec,2009,,Mideast,33.0,3.69,Producer Milk Components,AMS_3462,3462,Dairy FMMOS,DY-NA,Washington,DC,"Washington, DC",Washington,DC,FMMOS,FMMOS - non-mars,03/30/2021 14:15:00,2009,2009-MAR,3.74,component,lmprs,
Dec,2009,,Florida,6.0,3.59,Producer Milk Components,AMS_3462,3462,Dairy FMMOS,DY-NA,Washington,DC,"Washington, DC",Washington,DC,FMMOS,FMMOS - non-mars,03/30/2021 14:15:00,2009,2009-MAR,3.56,component,lmprs,
Dec,2009,,Central,32.0,3.61,Producer Milk Components,AMS_3462,3462,Dairy FMMOS,DY-NA,Washington,DC,"Washington, DC",Washington,DC,FMMOS,FMMOS - non-mars,03/30/2021 14:15:00,2009,2009-MAR,3.64,component,lmprs,
Dec,2009,,Appalachian,5.0,3.68,Producer Milk Components,AMS_3462,3462,Dairy FMMOS,DY-NA,Washington,DC,"Washington, DC",Washington,DC,FMMOS,FMMOS - non-mars,03/30/2021 14:15:00,2009,2009-MAR,3.73,component,lmprs,
Dec,2009,,Arizona,131.0,3.49,Producer Milk Components,AMS_3462,3462,Dairy FMMOS,DY-NA,Washington,DC,"Washington, DC",Washington,DC,FMMOS,FMMOS - non-mars,03/30/2021 14:15:00,2009,2009-MAR,3.45,component,lmprs,
Dec,2009,,All Markets Combined,,3.67,Producer Milk Components,AMS_3462,3462,Dairy FMMOS,DY-NA,Washington,DC,"Washington, DC",Washington,DC,FMMOS,FMMOS - non-mars,03/30/2021 14:15:00,2009,2009-MAR,3.70,component,lmprs,
Dec,2010,,All Markets Combined,,3.66,Producer Milk Components,AMS_3462,3462,Dairy FMMOS,DY-NA,Washington,DC,"Washington, DC",Washington,DC,FMMOS,FMMOS - non-mars,03/30/2021 14:14:00,2010,2010-MAR,3.67,component,lmprs,
Dec,2010,,Arizona,131.0,3.50,Producer Milk Components,AMS_3462,3462,Dairy FMMOS,DY-NA,Washington,DC,"Washington, DC",Washington,DC,FMMOS,FMMOS - non-mars,03/30/2021 14:14:00,2010,2010-MAR,3.51,component,lmprs,
Dec,2010,,Appalachian,5.0,3.65,Producer Milk Components,AMS_3462,3462,Dairy FMMOS,DY-NA,Washington,DC,"Washington, DC",Washington,DC,FMMOS,FMMOS - non-mars,03/30/2021 14:14:00,2010,2010-MAR,3.64,component,lmprs,
Dec,2010,,Central,32.0,3.60,Producer Milk Components,AMS_3462,3462,Dairy FMMOS,DY-NA,Washington,DC,"Washington, DC",Washington,DC,FMMOS,FMMOS - non-mars,03/30/2021 14:14:00,2010,2010-MAR,3.63,component,lmprs,
Dec,2010,,Florida,6.0,3.60,Producer Milk Components,AMS_3462,3462,Dairy FMMOS,DY-NA,Washington,DC,"Washington, DC",Washington,DC,FMMOS,FMMOS - non-mars,03/30/2021 14:14:00,2010,2010-MAR,3.56,component,lmprs,
Dec,2010,,Mideast,33.0,3.66,Producer Milk Components,AMS_3462,3462,Dairy FMMOS,DY-NA,Washington,DC,"Washington, DC",Washington,DC,FMMOS,FMMOS - non-mars,03/30/2021 14:14:00,2010,2010-MAR,3.68,component,lmprs,
Dec,2010,,Pacific Northwest,124.0,3.73,Producer Milk Components,AMS_3462,3462,Dairy FMMOS,DY-NA,Washington,DC,"Washington, DC",Washington,DC,FMMOS,FMMOS - non-mars,03/30/2021 14:14:00,2010,2010-MAR,3.72,component,lmprs,
Dec,2010,,Northeast,1.0,3.69,Producer Milk Components,AMS_3462,3462,Dairy FMMOS,DY-NA,Washington,DC,"Washington, DC",Washington,DC,FMMOS,FMMOS - non-mars,03/30/2021 14:14:00,2010,2010-MAR,3.73,component,lmprs,
Dec,2010,,Southeast,7.0,3.66,Producer Milk Components,AMS_3462,3462,Dairy FMMOS,DY-NA,Washington,DC,"Washington, DC",Washington,DC,FMMOS,FMMOS - non-mars,03/30/2021 14:14:00,2010,2010-MAR,3.67,component,lmprs,
Dec,2010,,Southwest,126.0,3.60,Producer Milk Components,AMS_3462,3462,Dairy FMMOS,DY-NA,Washington,DC,"Washington, DC",Washington,DC,FMMOS,FMMOS - non-mars,03/30/2021 14:14:00,2010,2010-MAR,3.63,component,lmprs,
Dec,2010,,Upper Midwest,30.0,3.68,Producer Milk Components,AMS_3462,3462,Dairy FMMOS,DY-NA,Washington,DC,"Washington, DC",Washington,DC,FMMOS,FMMOS - non-mars,03/30/2021 14:14:00,2010,2010-MAR,3.69,component,lmprs,
Dec,2011,,Southwest,126.0,3.65,Producer Milk Components,AMS_3462,3462,Dairy FMMOS,DY-NA,Washington,DC,"Washington, DC",Washington,DC,FMMOS,FMMOS - non-mars,03/30/2021 14:14:00,2011,2011-MAR,3.72,component,lmprs,
Dec,2011,,Upper Midwest,30.0,3.73,Producer Milk Components,AMS_3462,3462,Dairy FMMOS,DY-NA,Washington,DC,"Washington, DC",Washington,DC,FMMOS,FMMOS - non-mars,03/30/2021 14:14:00,2011,2011-MAR,3.76,component,lmprs,
Dec,2011,,Southeast,7.0,3.71,Producer Milk Components,AMS_3462,3462,Dairy FMMOS,DY-NA,Washington,DC,"Washington, DC",Washington,DC,FMMOS,FMMOS - non-mars,03/30/2021 14:14:00,2011,2011-MAR,3.74,component,lmprs,
Dec,2011,,Pacific Northwest,124.0,3.77,Producer Milk Components,AMS_3462,3462,Dairy FMMOS,DY-NA,Washington,DC,"Washington, DC",Washington,DC,FMMOS,FMMOS - non-mars,03/30/2021 14:14:00,2011,2011-MAR,3.83,component,lmprs,
Dec,2011,,Mideast,33.0,3.70,Producer Milk Components,AMS_3462,3462,Dairy FMMOS,DY-NA,Washington,DC,"Washington, DC",Washington,DC,FMMOS,FMMOS - non-mars,03/30/2021 14:14:00,2011,2011-MAR,3.76,component,lmprs,
Dec,2011,,Northeast,1.0,3.73,Producer Milk Components,AMS_3462,3462,Dairy FMMOS,DY-NA,Washington,DC,"Washington, DC",Washington,DC,FMMOS,FMMOS - non-mars,03/30/2021 14:14:00,2011,2011-MAR,3.79,component,lmprs,
Dec,2011,,Florida,6.0,3.67,Producer Milk Components,AMS_3462,3462,Dairy FMMOS,DY-NA,Washington,DC,"Washington, DC",Washington,DC,FMMOS,FMMOS - non-mars,03/30/2021 14:14:00,2011,2011-MAR,3.66,component,lmprs,
Dec,2011,,Central,32.0,3.67,Producer Milk Components,AMS_3462,3462,Dairy FMMOS,DY-NA,Washington,DC,"Washington, DC",Washington,DC,FMMOS,FMMOS - non-mars,03/30/2021 14:14:00,2011,2011-MAR,3.73,component,lmprs,
Dec,2011,,Appalachian,5.0,3.69,Producer Milk Components,AMS_3462,3462,Dairy FMMOS,DY-NA,Washington,DC,"Washington, DC",Washington,DC,FMMOS,FMMOS - non-mars,03/30/2021 14:14:00,2011,2011-MAR,3.74,component,lmprs,
Dec,2011,,Arizona,131.0,3.55,Producer Milk Components,AMS_3462,3462,Dairy FMMOS,DY-NA,Washington,DC,"Washington, DC",Washington,DC,FMMOS,FMMOS - non-mars,03/30/2021 14:14:00,2011,2011-MAR,3.55,component,lmprs,
Dec,2011,,All Markets Combined,,3.70,Producer Milk Components,AMS_3462,3462,Dairy FMMOS,DY-NA,Washington,DC,"Washington, DC",Washington,DC,FMMOS,FMMOS - non-mars,03/30/2021 14:14:00,2011,2011-MAR,3.75,component,lmprs,
Dec,2012,,All Markets Combined,,3.71,Producer Milk Components,AMS_3462,3462,Dairy FMMOS,DY-NA,Washington,DC,"Washington, DC",Washington,DC,FMMOS,FMMOS - non-mars,03/30/2021 14:13:00,2012,2012-MAR,3.71,component,lmprs,
Dec,2012,,Arizona,131.0,3.55,Producer Milk Components,AMS_3462,3462,Dairy FMMOS,DY-NA,Washington,DC,"Washington, DC",Washington,DC,FMMOS,FMMOS - non-mars,03/30/2021 14:13:00,2012,2012-MAR,3.52,component,lmprs,
Dec,2012,,Appalachian,5.0,3.69,Producer Milk Components,AMS_3462,3462,Dairy FMMOS,DY-NA,Washington,DC,"Washington, DC",Washington,DC,FMMOS,FMMOS - non-mars,03/30/2021 14:13:00,2012,2012-MAR,3.69,component,lmprs,
Dec,2012,,Central,32.0,3.69,Producer Milk Components,AMS_3462,3462,Dairy FMMOS,DY-NA,Washington,DC,"Washington, DC",Washington,DC,FMMOS,FMMOS - non-mars,03/30/2021 14:13:00,2012,2012-MAR,3.70,component,lmprs,
Dec,2012,,Florida,6.0,3.66,Producer Milk Components,AMS_3462,3462,Dairy FMMOS,DY-NA,Washington,DC,"Washington, DC",Washington,DC,FMMOS,FMMOS - non-mars,03/30/2021 14:13:00,2012,2012-MAR,3.60,component,lmprs,
Dec,2012,,Northeast,1.0,3.73,Producer Milk Components,AMS_3462,3462,Dairy FMMOS,DY-NA,Washington,DC,"Washington, DC",Washington,DC,FMMOS,FMMOS - non-mars,03/30/2021 14:13:00,2012,2012-MAR,3.74,component,lmprs,
Dec,2012,,Mideast,33.0,3.69,Producer Milk Components,AMS_3462,3462,Dairy FMMOS,DY-NA,Washington,DC,"Washington, DC",Washington,DC,FMMOS,FMMOS - non-mars,03/30/2021 14:13:00,2012,2012-MAR,3.70,component,lmprs,
Dec,2012,,Pacific Northwest,124.0,3.81,Producer Milk Components,AMS_3462,3462,Dairy FMMOS,DY-NA,Washington,DC,"Washington, DC",Washington,DC,FMMOS,FMMOS - non-mars,03/30/2021 14:13:00,2012,2012-MAR,3.83,component,lmprs,
Dec,2012,,Southeast,7.0,3.70,Producer Milk Components,AMS_3462,3462,Dairy FMMOS,DY-NA,Washington,DC,"Washington, DC",Washington,DC,FMMOS,FMMOS - non-mars,03/30/2021 14:13:00,2012,2012-MAR,3.66,component,lmprs,
Dec,2012,,Upper Midwest,30.0,3.76,Producer Milk Components,AMS_3462,3462,Dairy FMMOS,DY-NA,Washington,DC,"Washington, DC",Washington,DC,FMMOS,FMMOS - non-mars,03/30/2021 14:13:00,2012,2012-MAR,3.77,component,lmprs,
Dec,2012,,Southwest,126.0,3.65,Producer Milk Components,AMS_3462,3462,Dairy FMMOS,DY-NA,Washington,DC,"Washington, DC",Washington,DC,FMMOS,FMMOS - non-mars,03/30/2021 14:13:00,2012,2012-MAR,3.61,component,lmprs,
Dec,2013,,Southwest,126.0,3.69,Producer Milk Components,AMS_3462,3462,Dairy FMMOS,DY-NA,Washington,DC,"Washington, DC",Washington,DC,FMMOS,FMMOS - non-mars,03/30/2021 14:13:00,2013,2013-MAR,3.74,component,lmprs,
Dec,2013,,Upper Midwest,30.0,3.81,Producer Milk Components,AMS_3462,3462,Dairy FMMOS,DY-NA,Washington,DC,"Washington, DC",Washington,DC,FMMOS,FMMOS - non-mars,03/30/2021 14:13:00,2013,2013-MAR,3.87,component,lmprs,
Dec,2013,,Southeast,7.0,3.72,Producer Milk Components,AMS_3462,3462,Dairy FMMOS,DY-NA,Washington,DC,"Washington, DC",Washington,DC,FMMOS,FMMOS - non-mars,03/30/2021 14:13:00,2013,2013-MAR,3.78,component,lmprs,
Dec,2013,,Pacific Northwest,124.0,3.88,Producer Milk Components,AMS_3462,3462,Dairy FMMOS,DY-NA,Washington,DC,"Washington, DC",Washington,DC,FMMOS,FMMOS - non-mars,03/30/2021 14:13:00,2013,2013-MAR,3.92,component,lmprs,
Dec,2013,,Mideast,33.0,3.76,Producer Milk Components,AMS_3462,3462,Dairy FMMOS,DY-NA,Washington,DC,"Washington, DC",Washington,DC,FMMOS,FMMOS - non-mars,03/30/2021 14:13:00,2013,2013-MAR,3.84,component,lmprs,
Dec,2013,,Northeast,1.0,3.76,Producer Milk Components,AMS_3462,3462,Dairy FMMOS,DY-NA,Washington,DC,"Washington, DC",Washington,DC,FMMOS,FMMOS - non-mars,03/30/2021 14:13:00,2013,2013-MAR,3.81,component,lmprs,
Dec,2013,,Florida,6.0,3.64,Producer Milk Components,AMS_3462,3462,Dairy FMMOS,DY-NA,Washington,DC,"Washington, DC",Washington,DC,FMMOS,FMMOS - non-mars,03/30/2021 14:13:00,2013,2013-MAR,3.69,component,lmprs,
Dec,2013,,Central,32.0,3.75,Producer Milk Components,AMS_3462,3462,Dairy FMMOS,DY-NA,Washington,DC,"Washington, DC",Washington,DC,FMMOS,FMMOS - non-mars,03/30/2021 14:13:00,2013,2013-MAR,3.82,component,lmprs,
Dec,2013,,Arizona,131.0,3.52,Producer Milk Components,AMS_3462,3462,Dairy FMMOS,DY-NA,Washington,DC,"Washington, DC",Washington,DC,FMMOS,FMMOS - non-mars,03/30/2021 14:13:00,2013,2013-MAR,3.49,component,lmprs,
Dec,2013,,All Markets Combined,,3.76,Producer Milk Components,AMS_3462,3462,Dairy FMMOS,DY-NA,Washington,DC,"Washington, DC",Washington,DC,FMMOS,FMMOS - non-mars,03/30/2021 14:13:00,2013,2013-MAR,3.81,component,lmprs,
Dec,2013,,Appalachian,5.0,3.71,Producer Milk Components,AMS_3462,3462,Dairy FMMOS,DY-NA,Washington,DC,"Washington, DC",Washington,DC,FMMOS,FMMOS - non-mars,03/30/2021 14:13:00,2013,2013-MAR,3.81,component,lmprs,
Dec,2014,,Appalachian,5.0,3.65,Producer Milk Components,AMS_3462,3462,Dairy FMMOS,DY-NA,Washington,DC,"Washington, DC",Washington,DC,FMMOS,FMMOS - non-mars,03/30/2021 14:13:00,2014,2014-MAR,3.70,component,lmprs,
Dec,2014,,All Markets Combined,,3.74,Producer Milk Components,AMS_3462,3462,Dairy FMMOS,DY-NA,Washington,DC,"Washington, DC",Washington,DC,FMMOS,FMMOS - non-mars,03/30/2021 14:13:00,2014,2014-MAR,3.79,component,lmprs,
Dec,2014,,Arizona,131.0,3.47,Producer Milk Components,AMS_3462,3462,Dairy FMMOS,DY-NA,Washington,DC,"Washington, DC",Washington,DC,FMMOS,FMMOS - non-mars,03/30/2021 14:13:00,2014,2014-MAR,3.44,component,lmprs,
Dec,2014,,Central,32.0,3.73,Producer Milk Components,AMS_3462,3462,Dairy FMMOS,DY-NA,Washington,DC,"Washington, DC",Washington,DC,FMMOS,FMMOS - non-mars,03/30/2021 14:13:00,2014,2014-MAR,3.78,component,lmprs,
Dec,2014,,Florida,6.0,3.60,Producer Milk Components,AMS_3462,3462,Dairy FMMOS,DY-NA,Washington,DC,"Washington, DC",Washington,DC,FMMOS,FMMOS - non-mars,03/30/2021 14:13:00,2014,2014-MAR,3.59,component,lmprs,
Dec,2014,,Northeast,1.0,3.78,Producer Milk Components,AMS_3462,3462,Dairy FMMOS,DY-NA,Washington,DC,"Washington, DC",Washington,DC,FMMOS,FMMOS - non-mars,03/30/2021 14:13:00,2014,2014-MAR,3.85,component,lmprs,
Dec,2014,,Mideast,33.0,3.75,Producer Milk Components,AMS_3462,3462,Dairy FMMOS,DY-NA,Washington,DC,"Washington, DC",Washington,DC,FMMOS,FMMOS - non-mars,03/30/2021 14:13:00,2014,2014-MAR,3.83,component,lmprs,
Dec,2014,,Pacific Northwest,124.0,3.88,Producer Milk Components,AMS_3462,3462,Dairy FMMOS,DY-NA,Washington,DC,"Washington, DC",Washington,DC,FMMOS,FMMOS - non-mars,03/30/2021 14:13:00,2014,2014-MAR,3.91,component,lmprs,
Dec,2014,,Southeast,7.0,3.66,Producer Milk Components,AMS_3462,3462,Dairy FMMOS,DY-NA,Washington,DC,"Washington, DC",Washington,DC,FMMOS,FMMOS - non-mars,03/30/2021 14:13:00,2014,2014-MAR,3.67,component,lmprs,
Dec,2014,,Upper Midwest,30.0,3.80,Producer Milk Components,AMS_3462,3462,Dairy FMMOS,DY-NA,Washington,DC,"Washington, DC",Washington,DC,FMMOS,FMMOS - non-mars,03/30/2021 14:13:00,2014,2014-MAR,3.86,component,lmprs,
Dec,2014,,Southwest,126.0,3.67,Producer Milk Components,AMS_3462,3462,Dairy FMMOS,DY-NA,Washington,DC,"Washington, DC",Washington,DC,FMMOS,FMMOS - non-mars,03/30/2021 14:13:00,2014,2014-MAR,3.69,component,lmprs,
Dec,2015,,Southwest,126.0,3.73,Producer Milk Components,AMS_3462,3462,Dairy FMMOS,DY-NA,Washington,DC,"Washington, DC",Washington,DC,FMMOS,FMMOS - non-mars,03/30/2021 14:12:00,2015,2015-MAR,3.83,component,lmprs,
Dec,2015,,Upper Midwest,30.0,3.80,Producer Milk Components,AMS_3462,3462,Dairy FMMOS,DY-NA,Washington,DC,"Washington, DC",Washington,DC,FMMOS,FMMOS - non-mars,03/30/2021 14:12:00,2015,2015-MAR,3.84,component,lmprs,
Dec,2015,,Southeast,7.0,3.68,Producer Milk Components,AMS_3462,3462,Dairy FMMOS,DY-NA,Washington,DC,"Washington, DC",Washington,DC,FMMOS,FMMOS - non-mars,03/30/2021 14:12:00,2015,2015-MAR,3.71,component,lmprs,
Dec,2015,,Pacific Northwest,124.0,3.92,Producer Milk Components,AMS_3462,3462,Dairy FMMOS,DY-NA,Washington,DC,"Washington, DC",Washington,DC,FMMOS,FMMOS - non-mars,03/30/2021 14:12:00,2015,2015-MAR,3.87,component,lmprs,
Dec,2015,,Mideast,33.0,3.72,Producer Milk Components,AMS_3462,3462,Dairy FMMOS,DY-NA,Washington,DC,"Washington, DC",Washington,DC,FMMOS,FMMOS - non-mars,03/30/2021 14:12:00,2015,2015-MAR,3.81,component,lmprs,
Dec,2015,,Northeast,1.0,3.78,Producer Milk Components,AMS_3462,3462,Dairy FMMOS,DY-NA,Washington,DC,"Washington, DC",Washington,DC,FMMOS,FMMOS - non-mars,03/30/2021 14:12:00,2015,2015-MAR,3.87,component,lmprs,
Dec,2015,,Florida,6.0,3.60,Producer Milk Components,AMS_3462,3462,Dairy FMMOS,DY-NA,Washington,DC,"Washington, DC",Washington,DC,FMMOS,FMMOS - non-mars,03/30/2021 14:12:00,2015,2015-MAR,3.55,component,lmprs,
Dec,2015,,Central,32.0,3.76,Producer Milk Components,AMS_3462,3462,Dairy FMMOS,DY-NA,Washington,DC,"Washington, DC",Washington,DC,FMMOS,FMMOS - non-mars,03/30/2021 14:12:00,2015,2015-MAR,3.80,component,lmprs,
Dec,2015,,Arizona,131.0,3.47,Producer Milk Components,AMS_3462,3462,Dairy FMMOS,DY-NA,Washington,DC,"Washington, DC",Washington,DC,FMMOS,FMMOS - non-mars,03/30/2021 14:12:00,2015,2015-MAR,3.42,component,lmprs,
Dec,2015,,All Markets Combined,,3.75,Producer Milk Components,AMS_3462,3462,Dairy FMMOS,DY-NA,Washington,DC,"Washington, DC",Washington,DC,FMMOS,FMMOS - non-mars,03/30/2021 14:12:00,2015,2015-MAR,3.80,component,lmprs,
Dec,2015,,Appalachian,5.0,3.67,Producer Milk Components,AMS_3462,3462,Dairy FMMOS,DY-NA,Washington,DC,"Washington, DC",Washington,DC,FMMOS,FMMOS - non-mars,03/30/2021 14:12:00,2015,2015-MAR,3.72,component,lmprs,
Dec,2016,,Appalachian,5.0,3.71,Producer Milk Components,AMS_3462,3462,Dairy FMMOS,DY-NA,Washington,DC,"Washington, DC",Washington,DC,FMMOS,FMMOS - non-mars,03/30/2021 14:12:00,2016,2016-MAR,3.71,component,lmprs,
Dec,2016,,All Markets Combined,,3.77,Producer Milk Components,AMS_3462,3462,Dairy FMMOS,DY-NA,Washington,DC,"Washington, DC",Washington,DC,FMMOS,FMMOS - non-mars,03/30/2021 14:12:00,2016,2016-MAR,3.80,component,lmprs,
Dec,2016,,Arizona,131.0,3.54,Producer Milk Components,AMS_3462,3462,Dairy FMMOS,DY-NA,Washington,DC,"Washington, DC",Washington,DC,FMMOS,FMMOS - non-mars,03/30/2021 14:12:00,2016,2016-MAR,3.50,component,lmprs,
Dec,2016,,Central,32.0,3.76,Producer Milk Components,AMS_3462,3462,Dairy FMMOS,DY-NA,Washington,DC,"Washington, DC",Washington,DC,FMMOS,FMMOS - non-mars,03/30/2021 14:12:00,2016,2016-MAR,3.79,component,lmprs,
Dec,2016,,Florida,6.0,3.62,Producer Milk Components,AMS_3462,3462,Dairy FMMOS,DY-NA,Washington,DC,"Washington, DC",Washington,DC,FMMOS,FMMOS - non-mars,03/30/2021 14:12:00,2016,2016-MAR,3.57,component,lmprs,
Dec,2016,,Northeast,1.0,3.81,Producer Milk Components,AMS_3462,3462,Dairy FMMOS,DY-NA,Washington,DC,"Washington, DC",Washington,DC,FMMOS,FMMOS - non-mars,03/30/2021 14:12:00,2016,2016-MAR,3.86,component,lmprs,
Dec,2016,,Mideast,33.0,3.73,Producer Milk Components,AMS_3462,3462,Dairy FMMOS,DY-NA,Washington,DC,"Washington, DC",Washington,DC,FMMOS,FMMOS - non-mars,03/30/2021 14:12:00,2016,2016-MAR,3.77,component,lmprs,
Dec,2016,,Pacific Northwest,124.0,3.95,Producer Milk Components,AMS_3462,3462,Dairy FMMOS,DY-NA,Washington,DC,"Washington, DC",Washington,DC,FMMOS,FMMOS - non-mars,03/30/2021 14:12:00,2016,2016-MAR,3.93,component,lmprs,
Dec,2016,,Southeast,7.0,3.69,Producer Milk Components,AMS_3462,3462,Dairy FMMOS,DY-NA,Washington,DC,"Washington, DC",Washington,DC,FMMOS,FMMOS - non-mars,03/30/2021 14:12:00,2016,2016-MAR,3.67,component,lmprs,
Dec,2016,,Upper Midwest,30.0,3.82,Producer Milk Components,AMS_3462,3462,Dairy FMMOS,DY-NA,Washington,DC,"Washington, DC",Washington,DC,FMMOS,FMMOS - non-mars,03/30/2021 14:12:00,2016,2016-MAR,3.86,component,lmprs,
Dec,2016,,Southwest,126.0,3.75,Producer Milk Components,AMS_3462,3462,Dairy FMMOS,DY-NA,Washington,DC,"Washington, DC",Washington,DC,FMMOS,FMMOS - non-mars,03/30/2021 14:12:00,2016,2016-MAR,3.75,component,lmprs,
Dec,2017,,Southwest,126.0,3.86,Producer Milk Components,AMS_3462,3462,Dairy FMMOS,DY-NA,Washington,DC,"Washington, DC",Washington,DC,FMMOS,FMMOS - non-mars,03/30/2021 14:11:00,2017,2017-MAR,3.87,component,lmprs,
Dec,2017,,Upper Midwest,30.0,3.84,Producer Milk Components,AMS_3462,3462,Dairy FMMOS,DY-NA,Washington,DC,"Washington, DC",Washington,DC,FMMOS,FMMOS - non-mars,03/30/2021 14:11:00,2017,2017-MAR,3.88,component,lmprs,
Dec,2017,,Southeast,7.0,3.74,Producer Milk Components,AMS_3462,3462,Dairy FMMOS,DY-NA,Washington,DC,"Washington, DC",Washington,DC,FMMOS,FMMOS - non-mars,03/30/2021 14:11:00,2017,2017-MAR,3.74,component,lmprs,
Dec,2017,,Pacific Northwest,124.0,3.99,Producer Milk Components,AMS_3462,3462,Dairy FMMOS,DY-NA,Washington,DC,"Washington, DC",Washington,DC,FMMOS,FMMOS - non-mars,03/30/2021 14:11:00,2017,2017-MAR,4.01,component,lmprs,
Dec,2017,,Mideast,33.0,3.78,Producer Milk Components,AMS_3462,3462,Dairy FMMOS,DY-NA,Washington,DC,"Washington, DC",Washington,DC,FMMOS,FMMOS - non-mars,03/30/2021 14:11:00,2017,2017-MAR,3.82,component,lmprs,
Dec,2017,,Northeast,1.0,3.85,Producer Milk Components,AMS_3462,3462,Dairy FMMOS,DY-NA,Washington,DC,"Washington, DC",Washington,DC,FMMOS,FMMOS - non-mars,03/30/2021 14:11:00,2017,2017-MAR,3.92,component,lmprs,
Dec,2017,,Florida,6.0,3.69,Producer Milk Components,AMS_3462,3462,Dairy FMMOS,DY-NA,Washington,DC,"Washington, DC",Washington,DC,FMMOS,FMMOS - non-mars,03/30/2021 14:11:00,2017,2017-MAR,3.67,component,lmprs,
Dec,2017,,Central,32.0,3.82,Producer Milk Components,AMS_3462,3462,Dairy FMMOS,DY-NA,Washington,DC,"Washington, DC",Washington,DC,FMMOS,FMMOS - non-mars,03/30/2021 14:11:00,2017,2017-MAR,3.82,component,lmprs,
Dec,2017,,Arizona,131.0,3.62,Producer Milk Components,AMS_3462,3462,Dairy FMMOS,DY-NA,Washington,DC,"Washington, DC",Washington,DC,FMMOS,FMMOS - non-mars,03/30/2021 14:11:00,2017,2017-MAR,3.57,component,lmprs,
Dec,2017,,All Markets Combined,,3.82,Producer Milk Components,AMS_3462,3462,Dairy FMMOS,DY-NA,Washington,DC,"Washington, DC",Washington,DC,FMMOS,FMMOS - non-mars,03/30/2021 14:11:00,2017,2017-MAR,3.85,component,lmprs,
Dec,2017,,Appalachian,5.0,3.76,Producer Milk Components,AMS_3462,3462,Dairy FMMOS,DY-NA,Washington,DC,"Washington, DC",Washington,DC,FMMOS,FMMOS - non-mars,03/30/2021 14:11:00,2017,2017-MAR,3.79,component,lmprs,
Dec,2018,,Appalachian,5.0,3.79,Producer Milk Components,AMS_3462,3462,Dairy FMMOS,DY-NA,Washington,DC,"Washington, DC",Washington,DC,FMMOS,FMMOS - non-mars,03/30/2021 14:09:00,2018,2018-MAR,3.82,component,lmprs,
Dec,2018,,All Markets Combined,,3.88,Producer Milk Components,AMS_3462,3462,Dairy FMMOS,DY-NA,Washington,DC,"Washington, DC",Washington,DC,FMMOS,FMMOS - non-mars,03/30/2021 14:09:00,2018,2018-MAR,3.90,component,lmprs,
Dec,2018,,Arizona,131.0,3.66,Producer Milk Components,AMS_3462,3462,Dairy FMMOS,DY-NA,Washington,DC,"Washington, DC",Washington,DC,FMMOS,FMMOS - non-mars,03/30/2021 14:09:00,2018,2018-MAR,3.68,component,lmprs,
Dec,2018,,Central,32.0,3.89,Producer Milk Components,AMS_3462,3462,Dairy FMMOS,DY-NA,Washington,DC,"Washington, DC",Washington,DC,FMMOS,FMMOS - non-mars,03/30/2021 14:09:00,2018,2018-MAR,3.93,component,lmprs,
Dec,2018,,California,51.0,4.01,Producer Milk Components,AMS_3462,3462,Dairy FMMOS,DY-NA,Washington,DC,"Washington, DC",Washington,DC,FMMOS,FMMOS - non-mars,03/30/2021 14:09:00,2018,2018-MAR,,component,lmprs,
Dec,2018,,Florida,6.0,3.68,Producer Milk Components,AMS_3462,3462,Dairy FMMOS,DY-NA,Washington,DC,"Washington, DC",Washington,DC,FMMOS,FMMOS - non-mars,03/30/2021 14:09:00,2018,2018-MAR,3.65,component,lmprs,
Dec,2018,,Northeast,1.0,3.86,Producer Milk Components,AMS_3462,3462,Dairy FMMOS,DY-NA,Washington,DC,"Washington, DC",Washington,DC,FMMOS,FMMOS - non-mars,03/30/2021 14:09:00,2018,2018-MAR,3.91,component,lmprs,
Dec,2018,,Mideast,33.0,3.84,Producer Milk Components,AMS_3462,3462,Dairy FMMOS,DY-NA,Washington,DC,"Washington, DC",Washington,DC,FMMOS,FMMOS - non-mars,03/30/2021 14:09:00,2018,2018-MAR,3.89,component,lmprs,
Dec,2018,,Pacific Northwest,124.0,4.07,Producer Milk Components,AMS_3462,3462,Dairy FMMOS,DY-NA,Washington,DC,"Washington, DC",Washington,DC,FMMOS,FMMOS - non-mars,03/30/2021 14:09:00,2018,2018-MAR,4.04,component,lmprs,
Dec,2018,,Southeast,7.0,3.80,Producer Milk Components,AMS_3462,3462,Dairy FMMOS,DY-NA,Washington,DC,"Washington, DC",Washington,DC,FMMOS,FMMOS - non-mars,03/30/2021 14:09:00,2018,2018-MAR,3.78,component,lmprs,
Dec,2018,,Upper Midwest,30.0,3.92,Producer Milk Components,AMS_3462,3462,Dairy FMMOS,DY-NA,Washington,DC,"Washington, DC",Washington,DC,FMMOS,FMMOS - non-mars,03/30/2021 14:09:00,2018,2018-MAR,3.95,component,lmprs,
Dec,2018,,Southwest,126.0,3.94,Producer Milk Components,AMS_3462,3462,Dairy FMMOS,DY-NA,Washington,DC,"Washington, DC",Washington,DC,FMMOS,FMMOS - non-mars,03/30/2021 14:09:00,2018,2018-MAR,3.89,component,lmprs,
Dec,2019,,Upper Midwest,30.0,3.93,Producer Milk Components,AMS_3462,3462,Dairy FMMOS,DY-NA,Washington,DC,"Washington, DC",Washington,DC,FMMOS,FMMOS - non-mars,03/30/2021 14:09:00,2019,2019-MAR,4.03,component,lmprs,
Dec,2019,,Southeast,7.0,3.80,Producer Milk Components,AMS_3462,3462,Dairy FMMOS,DY-NA,Washington,DC,"Washington, DC",Washington,DC,FMMOS,FMMOS - non-mars,03/30/2021 14:09:00,2019,2019-MAR,3.81,component,lmprs,
Dec,2019,,Southwest,126.0,3.99,Producer Milk Components,AMS_3462,3462,Dairy FMMOS,DY-NA,Washington,DC,"Washington, DC",Washington,DC,FMMOS,FMMOS - non-mars,03/30/2021 14:09:00,2019,2019-MAR,4.03,component,lmprs,
Dec,2019,,Pacific Northwest,124.0,4.08,Producer Milk Components,AMS_3462,3462,Dairy FMMOS,DY-NA,Washington,DC,"Washington, DC",Washington,DC,FMMOS,FMMOS - non-mars,03/30/2021 14:09:00,2019,2019-MAR,4.22,component,lmprs,
Dec,2019,,Northeast,1.0,3.89,Producer Milk Components,AMS_3462,3462,Dairy FMMOS,DY-NA,Washington,DC,"Washington, DC",Washington,DC,FMMOS,FMMOS - non-mars,03/30/2021 14:09:00,2019,2019-MAR,3.96,component,lmprs,
Dec,2019,,Florida,6.0,3.66,Producer Milk Components,AMS_3462,3462,Dairy FMMOS,DY-NA,Washington,DC,"Washington, DC",Washington,DC,FMMOS,FMMOS - non-mars,03/30/2021 14:09:00,2019,2019-MAR,3.58,component,lmprs,
Dec,2019,,Mideast,33.0,3.86,Producer Milk Components,AMS_3462,3462,Dairy FMMOS,DY-NA,Washington,DC,"Washington, DC",Washington,DC,FMMOS,FMMOS - non-mars,03/30/2021 14:09:00,2019,2019-MAR,3.93,component,lmprs,
Dec,2019,,California,51.0,3.86,Producer Milk Components,AMS_3462,3462,Dairy FMMOS,DY-NA,Washington,DC,"Washington, DC",Washington,DC,FMMOS,FMMOS - non-mars,03/30/2021 14:09:00,2019,2019-MAR,3.98,component,lmprs,
Dec,2019,,Central,32.0,3.92,Producer Milk Components,AMS_3462,3462,Dairy FMMOS,DY-NA,Washington,DC,"Washington, DC",Washington,DC,FMMOS,FMMOS - non-mars,03/30/2021 14:09:00,2019,2019-MAR,3.99,component,lmprs,
Dec,2019,,Arizona,131.0,3.74,Producer Milk Components,AMS_3462,3462,Dairy FMMOS,DY-NA,Washington,DC,"Washington, DC",Washington,DC,FMMOS,FMMOS - non-mars,03/30/2021 14:09:00,2019,2019-MAR,3.71,component,lmprs,
Dec,2019,,All Markets Combined,,3.90,Producer Milk Components,AMS_3462,3462,Dairy FMMOS,DY-NA,Washington,DC,"Washington, DC",Washington,DC,FMMOS,FMMOS - non-mars,03/30/2021 14:09:00,2019,2019-MAR,3.98,component,lmprs,
Dec,2019,,Appalachian,5.0,3.80,Producer Milk Components,AMS_3462,3462,Dairy FMMOS,DY-NA,Washington,DC,"Washington, DC",Washington,DC,FMMOS,FMMOS - non-mars,03/30/2021 14:09:00,2019,2019-MAR,3.84,component,lmprs,
Dec,2020,,Appalachian,5.0,3.86,Producer Milk Components,AMS_3462,3462,Dairy FMMOS,DY-NA,Washington,DC,"Washington, DC",Washington,DC,FMMOS,FMMOS - non-mars,02/23/2021 09:39:00,2020,2020-MAR,3.87,component,lmprs,
Dec,2020,,All Markets Combined,,3.92,Producer Milk Components,AMS_3462,3462,Dairy FMMOS,DY-NA,Washington,DC,"Washington, DC",Washington,DC,FMMOS,FMMOS - non-mars,02/23/2021 09:39:00,2020,2020-MAR,3.94,component,lmprs,
Dec,2020,,Arizona,131.0,3.75,Producer Milk Components,AMS_3462,3462,Dairy FMMOS,DY-NA,Washington,DC,"Washington, DC",Washington,DC,FMMOS,FMMOS - non-mars,02/23/2021 09:39:00,2020,2020-MAR,3.75,component,lmprs,
Dec,2020,,Central,32.0,3.93,Producer Milk Components,AMS_3462,3462,Dairy FMMOS,DY-NA,Washington,DC,"Washington, DC",Washington,DC,FMMOS,FMMOS - non-mars,02/23/2021 09:39:00,2020,2020-MAR,3.97,component,lmprs,
Dec,2020,,California,51.0,3.87,Producer Milk Components,AMS_3462,3462,Dairy FMMOS,DY-NA,Washington,DC,"Washington, DC",Washington,DC,FMMOS,FMMOS - non-mars,02/23/2021 09:39:00,2020,2020-MAR,3.87,component,lmprs,
Dec,2020,,Mideast,33.0,3.89,Producer Milk Components,AMS_3462,3462,Dairy FMMOS,DY-NA,Washington,DC,"Washington, DC",Washington,DC,FMMOS,FMMOS - non-mars,02/23/2021 09:39:00,2020,2020-MAR,3.92,component,lmprs,
Dec,2020,,Florida,6.0,3.70,Producer Milk Components,AMS_3462,3462,Dairy FMMOS,DY-NA,Washington,DC,"Washington, DC",Washington,DC,FMMOS,FMMOS - non-mars,02/23/2021 09:39:00,2020,2020-MAR,3.67,component,lmprs,
Dec,2020,,Northeast,1.0,3.92,Producer Milk Components,AMS_3462,3462,Dairy FMMOS,DY-NA,Washington,DC,"Washington, DC",Washington,DC,FMMOS,FMMOS - non-mars,02/23/2021 09:39:00,2020,2020-MAR,3.95,component,lmprs,
Dec,2020,,Pacific Northwest,124.0,4.07,Producer Milk Components,AMS_3462,3462,Dairy FMMOS,DY-NA,Washington,DC,"Washington, DC",Washington,DC,FMMOS,FMMOS - non-mars,02/23/2021 09:39:00,2020,2020-MAR,4.09,component,lmprs,
Dec,2020,,Southwest,126.0,4.07,Producer Milk Components,AMS_3462,3462,Dairy FMMOS,DY-NA,Washington,DC,"Washington, DC",Washington,DC,FMMOS,FMMOS - non-mars,02/23/2021 09:39:00,2020,2020-MAR,4.09,component,lmprs,
Dec,2020,,Southeast,7.0,3.84,Producer Milk Components,AMS_3462,3462,Dairy FMMOS,DY-NA,Washington,DC,"Washington, DC",Washington,DC,FMMOS,FMMOS - non-mars,02/23/2021 09:39:00,2020,2020-MAR,3.87,component,lmprs,
Dec,2020,,Upper Midwest,30.0,3.96,Producer Milk Components,AMS_3462,3462,Dairy FMMOS,DY-NA,Washington,DC,"Washington, DC",Washington,DC,FMMOS,FMMOS - non-mars,02/23/2021 09:39:00,2020,2020-MAR,3.97,component,lmprs,
Dec,2021,,Southwest,126.0,4.13,Producer Milk Components,AMS_3462,3462,Dairy FMMOS,DY-NA,Washington,DC,"Washington, DC",Washington,DC,FMMOS,FMMOS - non-mars,01/31/2022 07:17:00,2021,2021-MAR,4.19,component,lmprs,
Dec,2021,,Pacific Northwest,124.0,4.11,Producer Milk Components,AMS_3462,3462,Dairy FMMOS,DY-NA,Washington,DC,"Washington, DC",Washington,DC,FMMOS,FMMOS - non-mars,01/31/2022 07:17:00,2021,2021-MAR,4.13,component,lmprs,
Dec,2021,,Southeast,7.0,3.88,Producer Milk Components,AMS_3462,3462,Dairy FMMOS,DY-NA,Washington,DC,"Washington, DC",Washington,DC,FMMOS,FMMOS - non-mars,01/31/2022 07:17:00,2021,2021-MAR,3.89,component,lmprs,
Dec,2021,,Northeast,1.0,3.99,Producer Milk Components,AMS_3462,3462,Dairy FMMOS,DY-NA,Washington,DC,"Washington, DC",Washington,DC,FMMOS,FMMOS - non-mars,01/31/2022 07:17:00,2021,2021-MAR,4.06,component,lmprs,
Dec,2021,,Mideast,33.0,3.93,Producer Milk Components,AMS_3462,3462,Dairy FMMOS,DY-NA,Washington,DC,"Washington, DC",Washington,DC,FMMOS,FMMOS - non-mars,01/31/2022 07:17:00,2021,2021-MAR,3.99,component,lmprs,
Dec,2021,,Central,32.0,3.98,Producer Milk Components,AMS_3462,3462,Dairy FMMOS,DY-NA,Washington,DC,"Washington, DC",Washington,DC,FMMOS,FMMOS - non-mars,01/31/2022 07:17:00,2021,2021-MAR,4.01,component,lmprs,
Dec,2021,,Florida,6.0,3.66,Producer Milk Components,AMS_3462,3462,Dairy FMMOS,DY-NA,Washington,DC,"Washington, DC",Washington,DC,FMMOS,FMMOS - non-mars,01/31/2022 07:17:00,2021,2021-MAR,3.63,component,lmprs,
Dec,2021,,California,51.0,3.92,Producer Milk Components,AMS_3462,3462,Dairy FMMOS,DY-NA,Washington,DC,"Washington, DC",Washington,DC,FMMOS,FMMOS - non-mars,01/31/2022 07:17:00,2021,2021-MAR,3.94,component,lmprs,
Dec,2021,,Arizona,131.0,3.77,Producer Milk Components,AMS_3462,3462,Dairy FMMOS,DY-NA,Washington,DC,"Washington, DC",Washington,DC,FMMOS,FMMOS - non-mars,01/31/2022 07:17:00,2021,2021-MAR,3.73,component,lmprs,
Dec,2021,,Appalachian,5.0,3.84,Producer Milk Components,AMS_3462,3462,Dairy FMMOS,DY-NA,Washington,DC,"Washington, DC",Washington,DC,FMMOS,FMMOS - non-mars,01/31/2022 07:17:00,2021,2021-MAR,3.90,component,lmprs,
Dec,2021,,All Markets Combined,,3.97,Producer Milk Components,AMS_3462,3462,Dairy FMMOS,DY-NA,Washington,DC,"Washington, DC",Washington,DC,FMMOS,FMMOS - non-mars,01/31/2022 07:17:00,2021,2021-MAR,4.01,component,lmprs,
Dec,2021,,Upper Midwest,30.0,4.03,Producer Milk Components,AMS_3462,3462,Dairy FMMOS,DY-NA,Washington,DC,"Washington, DC",Washington,DC,FMMOS,FMMOS - non-mars,01/31/2022 07:17:00,2021,2021-MAR,4.06,component,lmprs,
Dec,2022,,Upper Midwest,30.0,4.12,Producer Milk Components,AMS_3462,3462,Dairy FMMOS,DY-NA,Washington,DC,"Washington, DC",Washington,DC,FMMOS,FMMOS - non-mars,01/30/2023 07:36:00,2022,2022-MAR,4.17,component,lmprs,
Dec,2022,,All Markets Combined,,4.06,Producer Milk Components,AMS_3462,3462,Dairy FMMOS,DY-NA,Washington,DC,"Washington, DC",Washington,DC,FMMOS,FMMOS - non-mars,01/30/2023 07:36:00,2022,2022-MAR,4.10,component,lmprs,
Dec,2022,,Appalachian,5.0,3.91,Producer Milk Components,AMS_3462,3462,Dairy FMMOS,DY-NA,Washington,DC,"Washington, DC",Washington,DC,FMMOS,FMMOS - non-mars,01/30/2023 07:36:00,2022,2022-MAR,3.92,component,lmprs,
Dec,2022,,Arizona,131.0,3.81,Producer Milk Components,AMS_3462,3462,Dairy FMMOS,DY-NA,Washington,DC,"Washington, DC",Washington,DC,FMMOS,FMMOS - non-mars,01/30/2023 07:36:00,2022,2022-MAR,3.74,component,lmprs,
Dec,2022,,California,51.0,4.05,Producer Milk Components,AMS_3462,3462,Dairy FMMOS,DY-NA,Washington,DC,"Washington, DC",Washington,DC,FMMOS,FMMOS - non-mars,01/30/2023 07:36:00,2022,2022-MAR,4.08,component,lmprs,
Dec,2022,,Florida,6.0,3.70,Producer Milk Components,AMS_3462,3462,Dairy FMMOS,DY-NA,Washington,DC,"Washington, DC",Washington,DC,FMMOS,FMMOS - non-mars,01/30/2023 07:36:00,2022,2022-MAR,3.66,component,lmprs,
Dec,2022,,Central,32.0,4.06,Producer Milk Components,AMS_3462,3462,Dairy FMMOS,DY-NA,Washington,DC,"Washington, DC",Washington,DC,FMMOS,FMMOS - non-mars,01/30/2023 07:36:00,2022,2022-MAR,4.12,component,lmprs,
Dec,2022,,Mideast,33.0,4.02,Producer Milk Components,AMS_3462,3462,Dairy FMMOS,DY-NA,Washington,DC,"Washington, DC",Washington,DC,FMMOS,FMMOS - non-mars,01/30/2023 07:36:00,2022,2022-MAR,4.07,component,lmprs,
Dec,2022,,Northeast,1.0,4.03,Producer Milk Components,AMS_3462,3462,Dairy FMMOS,DY-NA,Washington,DC,"Washington, DC",Washington,DC,FMMOS,FMMOS - non-mars,01/30/2023 07:36:00,2022,2022-MAR,4.09,component,lmprs,
Dec,2022,,Southeast,7.0,3.96,Producer Milk Components,AMS_3462,3462,Dairy FMMOS,DY-NA,Washington,DC,"Washington, DC",Washington,DC,FMMOS,FMMOS - non-mars,01/30/2023 07:36:00,2022,2022-MAR,4.04,component,lmprs,
Dec,2022,,Pacific Northwest,124.0,4.30,Producer Milk Components,AMS_3462,3462,Dairy FMMOS,DY-NA,Washington,DC,"Washington, DC",Washington,DC,FMMOS,FMMOS - non-mars,01/30/2023 07:36:00,2022,2022-MAR,4.29,component,lmprs,
Dec,2022,,Southwest,126.0,4.13,Producer Milk Components,AMS_3462,3462,Dairy FMMOS,DY-NA,Washington,DC,"Washington, DC",Washington,DC,FMMOS,FMMOS - non-mars,01/30/2023 07:36:00,2022,2022-MAR,4.20,component,lmprs,
Dec,2023,,Southwest,126.0,4.12,Producer Milk Components,AMS_3462,3462,Dairy FMMOS,DY-NA,Washington,DC,"Washington, DC",Washington,DC,FMMOS,FMMOS - non-mars,01/30/2024 09:42:00,2023,2023-MAR,4.13,component,lmprs,
Dec,2023,,Pacific Northwest,124.0,4.32,Producer Milk Components,AMS_3462,3462,Dairy FMMOS,DY-NA,Washington,DC,"Washington, DC",Washington,DC,FMMOS,FMMOS - non-mars,01/30/2024 09:42:00,2023,2023-MAR,4.37,component,lmprs,
Dec,2023,,Southeast,7.0,4.01,Producer Milk Components,AMS_3462,3462,Dairy FMMOS,DY-NA,Washington,DC,"Washington, DC",Washington,DC,FMMOS,FMMOS - non-mars,01/30/2024 09:42:00,2023,2023-MAR,4.04,component,lmprs,
Dec,2023,,Northeast,1.0,4.12,Producer Milk Components,AMS_3462,3462,Dairy FMMOS,DY-NA,Washington,DC,"Washington, DC",Washington,DC,FMMOS,FMMOS - non-mars,01/30/2024 09:42:00,2023,2023-MAR,4.18,component,lmprs,
Dec,2023,,Mideast,33.0,4.06,Producer Milk Components,AMS_3462,3462,Dairy FMMOS,DY-NA,Washington,DC,"Washington, DC",Washington,DC,FMMOS,FMMOS - non-mars,01/30/2024 09:42:00,2023,2023-MAR,4.11,component,lmprs,
Dec,2023,,Central,32.0,4.11,Producer Milk Components,AMS_3462,3462,Dairy FMMOS,DY-NA,Washington,DC,"Washington, DC",Washington,DC,FMMOS,FMMOS - non-mars,01/30/2024 09:42:00,2023,2023-MAR,4.16,component,lmprs,
Dec,2023,,Florida,6.0,3.82,Producer Milk Components,AMS_3462,3462,Dairy FMMOS,DY-NA,Washington,DC,"Washington, DC",Washington,DC,FMMOS,FMMOS - non-mars,01/30/2024 09:42:00,2023,2023-MAR,3.78,component,lmprs,
Dec,2023,,California,51.0,4.12,Producer Milk Components,AMS_3462,3462,Dairy FMMOS,DY-NA,Washington,DC,"Washington, DC",Washington,DC,FMMOS,FMMOS - non-mars,01/30/2024 09:42:00,2023,2023-MAR,4.15,component,lmprs,
Dec,2023,,Arizona,131.0,3.88,Producer Milk Components,AMS_3462,3462,Dairy FMMOS,DY-NA,Washington,DC,"Washington, DC",Washington,DC,FMMOS,FMMOS - non-mars,01/30/2024 09:42:00,2023,2023-MAR,3.78,component,lmprs,
Dec,2023,,Appalachian,5.0,3.97,Producer Milk Components,AMS_3462,3462,Dairy FMMOS,DY-NA,Washington,DC,"Washington, DC",Washington,DC,FMMOS,FMMOS - non-mars,01/30/2024 09:42:00,2023,2023-MAR,3.96,component,lmprs,
Dec,2023,,All Markets Combined,,4.11,Producer Milk Components,AMS_3462,3462,Dairy FMMOS,DY-NA,Washington,DC,"Washington, DC",Washington,DC,FMMOS,FMMOS - non-mars,01/30/2024 09:42:00,2023,2023-MAR,4.15,component,lmprs,
Dec,2023,,Upper Midwest,30.0,4.17,Producer Milk Components,AMS_3462,3462,Dairy FMMOS,DY-NA,Washington,DC,"Washington, DC",Washington,DC,FMMOS,FMMOS - non-mars,01/30/2024 09:42:00,2023,2023-MAR,4.24,component,lmprs,
Dec,2024,,Upper Midwest,30.0,4.27,Producer Milk Components,AMS_3462,3462,Dairy FMMOS,DY-NA,Washington,DC,"Washington, DC",Washington,DC,FMMOS,FMMOS - non-mars,01/23/2025 09:07:00,2024,2024-MAR,4.32,component,lmprs,
Dec,2024,,All Markets Combined,,4.21,Producer Milk Components,AMS_3462,3462,Dairy FMMOS,DY-NA,Washington,DC,"Washington, DC",Washington,DC,FMMOS,FMMOS - non-mars,01/23/2025 09:07:00,2024,2024-MAR,4.25,component,lmprs,
Dec,2024,,Appalachian,5.0,4.06,Producer Milk Components,AMS_3462,3462,Dairy FMMOS,DY-NA,Washington,DC,"Washington, DC",Washington,DC,FMMOS,FMMOS - non-mars,01/23/2025 09:07:00,2024,2024-MAR,4.10,component,lmprs,
Dec,2024,,Arizona,131.0,4.07,Producer Milk Components,AMS_3462,3462,Dairy FMMOS,DY-NA,Washington,DC,"Washington, DC",Washington,DC,FMMOS,FMMOS - non-mars,01/23/2025 09:07:00,2024,2024-MAR,4.05,component,lmprs,
Dec,2024,,California,51.0,4.18,Producer Milk Components,AMS_3462,3462,Dairy FMMOS,DY-NA,Washington,DC,"Washington, DC",Washington,DC,FMMOS,FMMOS - non-mars,01/23/2025 09:07:00,2024,2024-MAR,4.21,component,lmprs,
Dec,2024,,Florida,6.0,3.92,Producer Milk Components,AMS_3462,3462,Dairy FMMOS,DY-NA,Washington,DC,"Washington, DC",Washington,DC,FMMOS,FMMOS - non-mars,01/23/2025 09:07:00,2024,2024-MAR,3.93,component,lmprs,
Dec,2024,,Central,32.0,4.19,Producer Milk Components,AMS_3462,3462,Dairy FMMOS,DY-NA,Washington,DC,"Washington, DC",Washington,DC,FMMOS,FMMOS - non-mars,01/23/2025 09:07:00,2024,2024-MAR,4.26,component,lmprs,
Dec,2024,,Mideast,33.0,4.17,Producer Milk Components,AMS_3462,3462,Dairy FMMOS,DY-NA,Washington,DC,"Washington, DC",Washington,DC,FMMOS,FMMOS - non-mars,01/23/2025 09:07:00,2024,2024-MAR,4.22,component,lmprs,
Dec,2024,,Northeast,1.0,4.22,Producer Milk Components,AMS_3462,3462,Dairy FMMOS,DY-NA,Washington,DC,"Washington, DC",Washington,DC,FMMOS,FMMOS - non-mars,01/23/2025 09:07:00,2024,2024-MAR,4.28,component,lmprs,
Dec,2024,,Southeast,7.0,4.11,Producer Milk Components,AMS_3462,3462,Dairy FMMOS,DY-NA,Washington,DC,"Washington, DC",Washington,DC,FMMOS,FMMOS - non-mars,01/23/2025 09:07:00,2024,2024-MAR,4.11,component,lmprs,
Dec,2024,,Pacific Northwest,124.0,4.39,Producer Milk Components,AMS_3462,3462,Dairy FMMOS,DY-NA,Washington,DC,"Washington, DC",Washington,DC,FMMOS,FMMOS - non-mars,01/23/2025 09:07:00,2024,2024-MAR,4.44,component,lmprs,
Dec,2024,,Southwest,126.0,4.24,Producer Milk Components,AMS_3462,3462,Dairy FMMOS,DY-NA,Washington,DC,"Washington, DC",Washington,DC,FMMOS,FMMOS - non-mars,01/23/2025 09:07:00,2024,2024-MAR,4.22,component,lmprs,
Dec,2025,,Southwest,126.0,4.38,Producer Milk Components,AMS_3462,3462,Dairy FMMOS,DY-NA,Washington,DC,"Washington, DC",Washington,DC,FMMOS,FMMOS - non-mars,01/21/2026 11:39:00,2025,2025-MAR,4.39,component,lmprs,
Dec,2025,,Pacific Northwest,124.0,4.45,Producer Milk Components,AMS_3462,3462,Dairy FMMOS,DY-NA,Washington,DC,"Washington, DC",Washington,DC,FMMOS,FMMOS - non-mars,01/21/2026 11:39:00,2025,2025-MAR,4.49,component,lmprs,
Dec,2025,,Southeast,7.0,4.19,Producer Milk Components,AMS_3462,3462,Dairy FMMOS,DY-NA,Washington,DC,"Washington, DC",Washington,DC,FMMOS,FMMOS - non-mars,01/21/2026 11:39:00,2025,2025-MAR,4.19,component,lmprs,
Dec,2025,,Northeast,1.0,4.33,Producer Milk Components,AMS_3462,3462,Dairy FMMOS,DY-NA,Washington,DC,"Washington, DC",Washington,DC,FMMOS,FMMOS - non-mars,01/21/2026 11:39:00,2025,2025-MAR,4.38,component,lmprs,
Dec,2025,,Mideast,33.0,4.30,Producer Milk Components,AMS_3462,3462,Dairy FMMOS,DY-NA,Washington,DC,"Washington, DC",Washington,DC,FMMOS,FMMOS - non-mars,01/21/2026 11:39:00,2025,2025-MAR,4.36,component,lmprs,
Dec,2025,,Central,32.0,4.25,Producer Milk Components,AMS_3462,3462,Dairy FMMOS,DY-NA,Washington,DC,"Washington, DC",Washington,DC,FMMOS,FMMOS - non-mars,01/21/2026 11:39:00,2025,2025-MAR,4.30,component,lmprs,
Dec,2025,,Florida,6.0,3.94,Producer Milk Components,AMS_3462,3462,Dairy FMMOS,DY-NA,Washington,DC,"Washington, DC",Washington,DC,FMMOS,FMMOS - non-mars,01/21/2026 11:39:00,2025,2025-MAR,3.97,component,lmprs,
Dec,2025,,California,51.0,4.22,Producer Milk Components,AMS_3462,3462,Dairy FMMOS,DY-NA,Washington,DC,"Washington, DC",Washington,DC,FMMOS,FMMOS - non-mars,01/21/2026 11:39:00,2025,2025-MAR,4.26,component,lmprs,
Dec,2025,,Arizona,131.0,4.10,Producer Milk Components,AMS_3462,3462,Dairy FMMOS,DY-NA,Washington,DC,"Washington, DC",Washington,DC,FMMOS,FMMOS - non-mars,01/21/2026 11:39:00,2025,2025-MAR,4.19,component,lmprs,
Dec,2025,,Appalachian,5.0,4.13,Producer Milk Components,AMS_3462,3462,Dairy FMMOS,DY-NA,Washington,DC,"Washington, DC",Washington,DC,FMMOS,FMMOS - non-mars,01/21/2026 11:39:00,2025,2025-MAR,4.18,component,lmprs,
Dec,2025,,All Markets Combined,,4.29,Producer Milk Components,AMS_3462,3462,Dairy FMMOS,DY-NA,Washington,DC,"Washington, DC",Washington,DC,FMMOS,FMMOS - non-mars,01/21/2026 11:39:00,2025,2025-MAR,4.33,component,lmprs,
Dec,2025,,Upper Midwest,30.0,4.33,Producer Milk Components,AMS_3462,3462,Dairy FMMOS,DY-NA,Washington,DC,"Washington, DC",Washington,DC,FMMOS,FMMOS - non-mars,01/21/2026 11:39:00,2025,2025-MAR,4.40,component,lmprs,
Mar,2026,,Upper Midwest,30.0,4.46,Producer Milk Components,AMS_3462,3462,Dairy FMMOS,DY-NA,Washington,DC,"Washington, DC",Washington,DC,FMMOS,FMMOS - non-mars,04/21/2026 05:48:00,2026,2026-MAR,4.41,component,lmprs,
Mar,2026,,All Markets Combined,,4.42,Producer Milk Components,AMS_3462,3462,Dairy FMMOS,DY-NA,Washington,DC,"Washington, DC",Washington,DC,FMMOS,FMMOS - non-mars,04/21/2026 05:48:00,2026,2026-MAR,4.37,component,lmprs,
Mar,2026,,Appalachian,5.0,4.23,Producer Milk Components,AMS_3462,3462,Dairy FMMOS,DY-NA,Washington,DC,"Washington, DC",Washington,DC,FMMOS,FMMOS - non-mars,04/21/2026 05:48:00,2026,2026-MAR,4.13,component,lmprs,
Mar,2026,,Arizona,131.0,4.16,Producer Milk Components,AMS_3462,3462,Dairy FMMOS,DY-NA,Washington,DC,"Washington, DC",Washington,DC,FMMOS,FMMOS - non-mars,04/21/2026 05:48:00,2026,2026-MAR,4.14,component,lmprs,
Mar,2026,,California,51.0,4.31,Producer Milk Components,AMS_3462,3462,Dairy FMMOS,DY-NA,Washington,DC,"Washington, DC",Washington,DC,FMMOS,FMMOS - non-mars,04/21/2026 05:48:00,2026,2026-MAR,4.26,component,lmprs,
Mar,2026,,Florida,6.0,3.97,Producer Milk Components,AMS_3462,3462,Dairy FMMOS,DY-NA,Washington,DC,"Washington, DC",Washington,DC,FMMOS,FMMOS - non-mars,04/21/2026 05:48:00,2026,2026-MAR,3.91,component,lmprs,
Mar,2026,,Central,32.0,4.36,Producer Milk Components,AMS_3462,3462,Dairy FMMOS,DY-NA,Washington,DC,"Washington, DC",Washington,DC,FMMOS,FMMOS - non-mars,04/21/2026 05:48:00,2026,2026-MAR,4.30,component,lmprs,
Mar,2026,,Mideast,33.0,4.45,Producer Milk Components,AMS_3462,3462,Dairy FMMOS,DY-NA,Washington,DC,"Washington, DC",Washington,DC,FMMOS,FMMOS - non-mars,04/21/2026 05:48:00,2026,2026-MAR,4.39,component,lmprs,
Mar,2026,,Northeast,1.0,4.53,Producer Milk Components,AMS_3462,3462,Dairy FMMOS,DY-NA,Washington,DC,"Washington, DC",Washington,DC,FMMOS,FMMOS - non-mars,04/21/2026 05:48:00,2026,2026-MAR,4.48,component,lmprs,
Mar,2026,,Southeast,7.0,4.32,Producer Milk Components,AMS_3462,3462,Dairy FMMOS,DY-NA,Washington,DC,"Washington, DC",Washington,DC,FMMOS,FMMOS - non-mars,04/21/2026 05:48:00,2026,2026-MAR,4.19,component,lmprs,
Mar,2026,,Pacific Northwest,124.0,4.56,Producer Milk Components,AMS_3462,3462,Dairy FMMOS,DY-NA,Washington,DC,"Washington, DC",Washington,DC,FMMOS,FMMOS - non-mars,04/21/2026 05:48:00,2026,2026-MAR,4.55,component,lmprs,
Mar,2026,,Southwest,126.0,4.52,Producer Milk Components,AMS_3462,3462,Dairy FMMOS,DY-NA,Washington,DC,"Washington, DC",Washington,DC,FMMOS,FMMOS - non-mars,04/21/2026 05:48:00,2026,2026-MAR,4.46,component,lmprs,
Dec,2000,,All Markets Combined,,3.69,Producer Milk Components,AMS_3462,3462,Dairy FMMOS,DY-NA,Washington,DC,"Washington, DC",Washington,DC,FMMOS,FMMOS - non-mars,04/09/2021 07:48:00,2000,2000-APR,3.68,component,lmprs,
Dec,2000,,Appalachian,5.0,3.67,Producer Milk Components,AMS_3462,3462,Dairy FMMOS,DY-NA,Washington,DC,"Washington, DC",Washington,DC,FMMOS,FMMOS - non-mars,04/09/2021 07:48:00,2000,2000-APR,3.64,component,lmprs,
Dec,2000,,Arizona,131.0,3.62,Producer Milk Components,AMS_3462,3462,Dairy FMMOS,DY-NA,Washington,DC,"Washington, DC",Washington,DC,FMMOS,FMMOS - non-mars,04/09/2021 07:48:00,2000,2000-APR,3.54,component,lmprs,
Dec,2000,,Central,32.0,3.69,Producer Milk Components,AMS_3462,3462,Dairy FMMOS,DY-NA,Washington,DC,"Washington, DC",Washington,DC,FMMOS,FMMOS - non-mars,04/09/2021 07:48:00,2000,2000-APR,3.70,component,lmprs,
Dec,2000,,Florida,6.0,3.60,Producer Milk Components,AMS_3462,3462,Dairy FMMOS,DY-NA,Washington,DC,"Washington, DC",Washington,DC,FMMOS,FMMOS - non-mars,04/09/2021 07:48:00,2000,2000-APR,3.53,component,lmprs,
Dec,2000,,Mideast,33.0,3.72,Producer Milk Components,AMS_3462,3462,Dairy FMMOS,DY-NA,Washington,DC,"Washington, DC",Washington,DC,FMMOS,FMMOS - non-mars,04/09/2021 07:48:00,2000,2000-APR,3.73,component,lmprs,
Dec,2000,,Northeast,1.0,3.71,Producer Milk Components,AMS_3462,3462,Dairy FMMOS,DY-NA,Washington,DC,"Washington, DC",Washington,DC,FMMOS,FMMOS - non-mars,04/09/2021 07:48:00,2000,2000-APR,3.72,component,lmprs,
Dec,2000,,Pacific Northwest,124.0,3.65,Producer Milk Components,AMS_3462,3462,Dairy FMMOS,DY-NA,Washington,DC,"Washington, DC",Washington,DC,FMMOS,FMMOS - non-mars,04/09/2021 07:48:00,2000,2000-APR,3.64,component,lmprs,
Dec,2000,,Southeast,7.0,3.64,Producer Milk Components,AMS_3462,3462,Dairy FMMOS,DY-NA,Washington,DC,"Washington, DC",Washington,DC,FMMOS,FMMOS - non-mars,04/09/2021 07:48:00,2000,2000-APR,3.53,component,lmprs,
Dec,2000,,Southwest,126.0,3.60,Producer Milk Components,AMS_3462,3462,Dairy FMMOS,DY-NA,Washington,DC,"Washington, DC",Washington,DC,FMMOS,FMMOS - non-mars,04/09/2021 07:48:00,2000,2000-APR,3.58,component,lmprs,
Dec,2000,,Upper Midwest,30.0,3.73,Producer Milk Components,AMS_3462,3462,Dairy FMMOS,DY-NA,Washington,DC,"Washington, DC",Washington,DC,FMMOS,FMMOS - non-mars,04/09/2021 07:48:00,2000,2000-APR,3.76,component,lmprs,
Dec,2000,,Western,135.0,3.60,Producer Milk Components,AMS_3462,3462,Dairy FMMOS,DY-NA,Washington,DC,"Washington, DC",Washington,DC,FMMOS,FMMOS - non-mars,04/09/2021 07:48:00,2000,2000-APR,3.61,component,lmprs,
Dec,2001,,Western,135.0,3.61,Producer Milk Components,AMS_3462,3462,Dairy FMMOS,DY-NA,Washington,DC,"Washington, DC",Washington,DC,FMMOS,FMMOS - non-mars,04/09/2021 07:46:00,2001,2001-APR,3.61,component,lmprs,
Dec,2001,,Upper Midwest,30.0,3.72,Producer Milk Components,AMS_3462,3462,Dairy FMMOS,DY-NA,Washington,DC,"Washington, DC",Washington,DC,FMMOS,FMMOS - non-mars,04/09/2021 07:46:00,2001,2001-APR,3.73,component,lmprs,
Dec,2001,,Southwest,126.0,3.62,Producer Milk Components,AMS_3462,3462,Dairy FMMOS,DY-NA,Washington,DC,"Washington, DC",Washington,DC,FMMOS,FMMOS - non-mars,04/09/2021 07:46:00,2001,2001-APR,3.55,component,lmprs,
Dec,2001,,Southeast,7.0,3.64,Producer Milk Components,AMS_3462,3462,Dairy FMMOS,DY-NA,Washington,DC,"Washington, DC",Washington,DC,FMMOS,FMMOS - non-mars,04/09/2021 07:46:00,2001,2001-APR,3.53,component,lmprs,
Dec,2001,,Pacific Northwest,124.0,3.66,Producer Milk Components,AMS_3462,3462,Dairy FMMOS,DY-NA,Washington,DC,"Washington, DC",Washington,DC,FMMOS,FMMOS - non-mars,04/09/2021 07:46:00,2001,2001-APR,3.66,component,lmprs,
Dec,2001,,Northeast,1.0,3.68,Producer Milk Components,AMS_3462,3462,Dairy FMMOS,DY-NA,Washington,DC,"Washington, DC",Washington,DC,FMMOS,FMMOS - non-mars,04/09/2021 07:46:00,2001,2001-APR,3.70,component,lmprs,
Dec,2001,,Mideast,33.0,3.68,Producer Milk Components,AMS_3462,3462,Dairy FMMOS,DY-NA,Washington,DC,"Washington, DC",Washington,DC,FMMOS,FMMOS - non-mars,04/09/2021 07:46:00,2001,2001-APR,3.71,component,lmprs,
Dec,2001,,Florida,6.0,3.60,Producer Milk Components,AMS_3462,3462,Dairy FMMOS,DY-NA,Washington,DC,"Washington, DC",Washington,DC,FMMOS,FMMOS - non-mars,04/09/2021 07:46:00,2001,2001-APR,3.53,component,lmprs,
Dec,2001,,Central,32.0,3.69,Producer Milk Components,AMS_3462,3462,Dairy FMMOS,DY-NA,Washington,DC,"Washington, DC",Washington,DC,FMMOS,FMMOS - non-mars,04/09/2021 07:46:00,2001,2001-APR,3.69,component,lmprs,
Dec,2001,,Arizona,131.0,3.62,Producer Milk Components,AMS_3462,3462,Dairy FMMOS,DY-NA,Washington,DC,"Washington, DC",Washington,DC,FMMOS,FMMOS - non-mars,04/09/2021 07:46:00,2001,2001-APR,3.55,component,lmprs,
Dec,2001,,Appalachian,5.0,3.65,Producer Milk Components,AMS_3462,3462,Dairy FMMOS,DY-NA,Washington,DC,"Washington, DC",Washington,DC,FMMOS,FMMOS - non-mars,04/09/2021 07:46:00,2001,2001-APR,3.62,component,lmprs,
Dec,2001,,All Markets Combined,,3.67,Producer Milk Components,AMS_3462,3462,Dairy FMMOS,DY-NA,Washington,DC,"Washington, DC",Washington,DC,FMMOS,FMMOS - non-mars,04/09/2021 07:46:00,2001,2001-APR,3.67,component,lmprs,
Dec,2002,,All Markets Combined,,3.69,Producer Milk Components,AMS_3462,3462,Dairy FMMOS,DY-NA,Washington,DC,"Washington, DC",Washington,DC,FMMOS,FMMOS - non-mars,04/09/2021 07:46:00,2002,2002-APR,3.68,component,lmprs,
Dec,2002,,Appalachian,5.0,3.66,Producer Milk Components,AMS_3462,3462,Dairy FMMOS,DY-NA,Washington,DC,"Washington, DC",Washington,DC,FMMOS,FMMOS - non-mars,04/09/2021 07:46:00,2002,2002-APR,3.62,component,lmprs,
Dec,2002,,Arizona,131.0,3.63,Producer Milk Components,AMS_3462,3462,Dairy FMMOS,DY-NA,Washington,DC,"Washington, DC",Washington,DC,FMMOS,FMMOS - non-mars,04/09/2021 07:46:00,2002,2002-APR,3.56,component,lmprs,
Dec,2002,,Central,32.0,3.70,Producer Milk Components,AMS_3462,3462,Dairy FMMOS,DY-NA,Washington,DC,"Washington, DC",Washington,DC,FMMOS,FMMOS - non-mars,04/09/2021 07:46:00,2002,2002-APR,3.71,component,lmprs,
Dec,2002,,Florida,6.0,3.67,Producer Milk Components,AMS_3462,3462,Dairy FMMOS,DY-NA,Washington,DC,"Washington, DC",Washington,DC,FMMOS,FMMOS - non-mars,04/09/2021 07:46:00,2002,2002-APR,3.58,component,lmprs,
Dec,2002,,Mideast,33.0,3.69,Producer Milk Components,AMS_3462,3462,Dairy FMMOS,DY-NA,Washington,DC,"Washington, DC",Washington,DC,FMMOS,FMMOS - non-mars,04/09/2021 07:46:00,2002,2002-APR,3.72,component,lmprs,
Dec,2002,,Northeast,1.0,3.69,Producer Milk Components,AMS_3462,3462,Dairy FMMOS,DY-NA,Washington,DC,"Washington, DC",Washington,DC,FMMOS,FMMOS - non-mars,04/09/2021 07:46:00,2002,2002-APR,3.72,component,lmprs,
Dec,2002,,Pacific Northwest,124.0,3.67,Producer Milk Components,AMS_3462,3462,Dairy FMMOS,DY-NA,Washington,DC,"Washington, DC",Washington,DC,FMMOS,FMMOS - non-mars,04/09/2021 07:46:00,2002,2002-APR,3.67,component,lmprs,
Dec,2002,,Southeast,7.0,3.66,Producer Milk Components,AMS_3462,3462,Dairy FMMOS,DY-NA,Washington,DC,"Washington, DC",Washington,DC,FMMOS,FMMOS - non-mars,04/09/2021 07:46:00,2002,2002-APR,3.57,component,lmprs,
Dec,2002,,Southwest,126.0,3.64,Producer Milk Components,AMS_3462,3462,Dairy FMMOS,DY-NA,Washington,DC,"Washington, DC",Washington,DC,FMMOS,FMMOS - non-mars,04/09/2021 07:46:00,2002,2002-APR,3.60,component,lmprs,
Dec,2002,,Upper Midwest,30.0,3.73,Producer Milk Components,AMS_3462,3462,Dairy FMMOS,DY-NA,Washington,DC,"Washington, DC",Washington,DC,FMMOS,FMMOS - non-mars,04/09/2021 07:46:00,2002,2002-APR,3.74,component,lmprs,
Dec,2002,,Western,135.0,3.63,Producer Milk Components,AMS_3462,3462,Dairy FMMOS,DY-NA,Washington,DC,"Washington, DC",Washington,DC,FMMOS,FMMOS - non-mars,04/09/2021 07:46:00,2002,2002-APR,3.61,component,lmprs,
Dec,2003,,Western,135.0,3.60,Producer Milk Components,AMS_3462,3462,Dairy FMMOS,DY-NA,Washington,DC,"Washington, DC",Washington,DC,FMMOS,FMMOS - non-mars,04/09/2021 07:46:00,2003,2003-APR,3.60,component,lmprs,
Dec,2003,,Upper Midwest,30.0,3.72,Producer Milk Components,AMS_3462,3462,Dairy FMMOS,DY-NA,Washington,DC,"Washington, DC",Washington,DC,FMMOS,FMMOS - non-mars,04/09/2021 07:46:00,2003,2003-APR,3.71,component,lmprs,
Dec,2003,,Southwest,126.0,3.62,Producer Milk Components,AMS_3462,3462,Dairy FMMOS,DY-NA,Washington,DC,"Washington, DC",Washington,DC,FMMOS,FMMOS - non-mars,04/09/2021 07:46:00,2003,2003-APR,3.58,component,lmprs,
Dec,2003,,Southeast,7.0,3.63,Producer Milk Components,AMS_3462,3462,Dairy FMMOS,DY-NA,Washington,DC,"Washington, DC",Washington,DC,FMMOS,FMMOS - non-mars,04/09/2021 07:46:00,2003,2003-APR,3.53,component,lmprs,
Dec,2003,,Northeast,1.0,3.70,Producer Milk Components,AMS_3462,3462,Dairy FMMOS,DY-NA,Washington,DC,"Washington, DC",Washington,DC,FMMOS,FMMOS - non-mars,04/09/2021 07:46:00,2003,2003-APR,3.72,component,lmprs,
Dec,2003,,Pacific Northwest,124.0,3.66,Producer Milk Components,AMS_3462,3462,Dairy FMMOS,DY-NA,Washington,DC,"Washington, DC",Washington,DC,FMMOS,FMMOS - non-mars,04/09/2021 07:46:00,2003,2003-APR,3.65,component,lmprs,
Dec,2003,,Mideast,33.0,3.69,Producer Milk Components,AMS_3462,3462,Dairy FMMOS,DY-NA,Washington,DC,"Washington, DC",Washington,DC,FMMOS,FMMOS - non-mars,04/09/2021 07:46:00,2003,2003-APR,3.69,component,lmprs,
Dec,2003,,Florida,6.0,3.57,Producer Milk Components,AMS_3462,3462,Dairy FMMOS,DY-NA,Washington,DC,"Washington, DC",Washington,DC,FMMOS,FMMOS - non-mars,04/09/2021 07:46:00,2003,2003-APR,3.50,component,lmprs,
Dec,2003,,Arizona,131.0,3.59,Producer Milk Components,AMS_3462,3462,Dairy FMMOS,DY-NA,Washington,DC,"Washington, DC",Washington,DC,FMMOS,FMMOS - non-mars,04/09/2021 07:46:00,2003,2003-APR,3.57,component,lmprs,
Dec,2003,,Central,32.0,3.68,Producer Milk Components,AMS_3462,3462,Dairy FMMOS,DY-NA,Washington,DC,"Washington, DC",Washington,DC,FMMOS,FMMOS - non-mars,04/09/2021 07:46:00,2003,2003-APR,3.66,component,lmprs,
Dec,2003,,Appalachian,5.0,3.65,Producer Milk Components,AMS_3462,3462,Dairy FMMOS,DY-NA,Washington,DC,"Washington, DC",Washington,DC,FMMOS,FMMOS - non-mars,04/09/2021 07:46:00,2003,2003-APR,3.64,component,lmprs,
Dec,2003,,All Markets Combined,,3.67,Producer Milk Components,AMS_3462,3462,Dairy FMMOS,DY-NA,Washington,DC,"Washington, DC",Washington,DC,FMMOS,FMMOS - non-mars,04/09/2021 07:46:00,2003,2003-APR,3.66,component,lmprs,
Dec,2004,,All Markets Combined,,3.67,Producer Milk Components,AMS_3462,3462,Dairy FMMOS,DY-NA,Washington,DC,"Washington, DC",Washington,DC,FMMOS,FMMOS - non-mars,04/09/2021 07:44:00,2004,2004-APR,3.63,component,lmprs,
Dec,2004,,Appalachian,5.0,3.62,Producer Milk Components,AMS_3462,3462,Dairy FMMOS,DY-NA,Washington,DC,"Washington, DC",Washington,DC,FMMOS,FMMOS - non-mars,04/09/2021 07:44:00,2004,2004-APR,3.59,component,lmprs,
Dec,2004,,Central,32.0,3.66,Producer Milk Components,AMS_3462,3462,Dairy FMMOS,DY-NA,Washington,DC,"Washington, DC",Washington,DC,FMMOS,FMMOS - non-mars,04/09/2021 07:44:00,2004,2004-APR,3.62,component,lmprs,
Dec,2004,,Arizona,131.0,3.61,Producer Milk Components,AMS_3462,3462,Dairy FMMOS,DY-NA,Washington,DC,"Washington, DC",Washington,DC,FMMOS,FMMOS - non-mars,04/09/2021 07:44:00,2004,2004-APR,3.51,component,lmprs,
Dec,2004,,Florida,6.0,3.61,Producer Milk Components,AMS_3462,3462,Dairy FMMOS,DY-NA,Washington,DC,"Washington, DC",Washington,DC,FMMOS,FMMOS - non-mars,04/09/2021 07:44:00,2004,2004-APR,3.57,component,lmprs,
Dec,2004,,Mideast,33.0,3.67,Producer Milk Components,AMS_3462,3462,Dairy FMMOS,DY-NA,Washington,DC,"Washington, DC",Washington,DC,FMMOS,FMMOS - non-mars,04/09/2021 07:44:00,2004,2004-APR,3.66,component,lmprs,
Dec,2004,,Pacific Northwest,124.0,3.68,Producer Milk Components,AMS_3462,3462,Dairy FMMOS,DY-NA,Washington,DC,"Washington, DC",Washington,DC,FMMOS,FMMOS - non-mars,04/09/2021 07:44:00,2004,2004-APR,3.63,component,lmprs,
Dec,2004,,Northeast,1.0,3.66,Producer Milk Components,AMS_3462,3462,Dairy FMMOS,DY-NA,Washington,DC,"Washington, DC",Washington,DC,FMMOS,FMMOS - non-mars,04/09/2021 07:44:00,2004,2004-APR,3.66,component,lmprs,
Dec,2004,,Southeast,7.0,3.65,Producer Milk Components,AMS_3462,3462,Dairy FMMOS,DY-NA,Washington,DC,"Washington, DC",Washington,DC,FMMOS,FMMOS - non-mars,04/09/2021 07:44:00,2004,2004-APR,3.56,component,lmprs,
Dec,2004,,Southwest,126.0,3.64,Producer Milk Components,AMS_3462,3462,Dairy FMMOS,DY-NA,Washington,DC,"Washington, DC",Washington,DC,FMMOS,FMMOS - non-mars,04/09/2021 07:44:00,2004,2004-APR,3.62,component,lmprs,
Dec,2004,,Upper Midwest,30.0,3.72,Producer Milk Components,AMS_3462,3462,Dairy FMMOS,DY-NA,Washington,DC,"Washington, DC",Washington,DC,FMMOS,FMMOS - non-mars,04/09/2021 07:44:00,2004,2004-APR,3.71,component,lmprs,
Dec,2004,,Western,135.0,3.70,Producer Milk Components,AMS_3462,3462,Dairy FMMOS,DY-NA,Washington,DC,"Washington, DC",Washington,DC,FMMOS,FMMOS - non-mars,04/09/2021 07:44:00,2004,2004-APR,,component,lmprs,
Dec,2005,,Upper Midwest,30.0,3.71,Producer Milk Components,AMS_3462,3462,Dairy FMMOS,DY-NA,Washington,DC,"Washington, DC",Washington,DC,FMMOS,FMMOS - non-mars,03/30/2021 14:16:00,2005,2005-APR,3.69,component,lmprs,
Dec,2005,,Southwest,126.0,3.66,Producer Milk Components,AMS_3462,3462,Dairy FMMOS,DY-NA,Washington,DC,"Washington, DC",Washington,DC,FMMOS,FMMOS - non-mars,03/30/2021 14:16:00,2005,2005-APR,3.61,component,lmprs,
Dec,2005,,Southeast,7.0,3.63,Producer Milk Components,AMS_3462,3462,Dairy FMMOS,DY-NA,Washington,DC,"Washington, DC",Washington,DC,FMMOS,FMMOS - non-mars,03/30/2021 14:16:00,2005,2005-APR,3.56,component,lmprs,
Dec,2005,,Northeast,1.0,3.67,Producer Milk Components,AMS_3462,3462,Dairy FMMOS,DY-NA,Washington,DC,"Washington, DC",Washington,DC,FMMOS,FMMOS - non-mars,03/30/2021 14:16:00,2005,2005-APR,3.67,component,lmprs,
Dec,2005,,Pacific Northwest,124.0,3.67,Producer Milk Components,AMS_3462,3462,Dairy FMMOS,DY-NA,Washington,DC,"Washington, DC",Washington,DC,FMMOS,FMMOS - non-mars,03/30/2021 14:16:00,2005,2005-APR,3.64,component,lmprs,
Dec,2005,,Mideast,33.0,3.65,Producer Milk Components,AMS_3462,3462,Dairy FMMOS,DY-NA,Washington,DC,"Washington, DC",Washington,DC,FMMOS,FMMOS - non-mars,03/30/2021 14:16:00,2005,2005-APR,3.64,component,lmprs,
Dec,2005,,Florida,6.0,3.60,Producer Milk Components,AMS_3462,3462,Dairy FMMOS,DY-NA,Washington,DC,"Washington, DC",Washington,DC,FMMOS,FMMOS - non-mars,03/30/2021 14:16:00,2005,2005-APR,3.53,component,lmprs,
Dec,2005,,Central,32.0,3.64,Producer Milk Components,AMS_3462,3462,Dairy FMMOS,DY-NA,Washington,DC,"Washington, DC",Washington,DC,FMMOS,FMMOS - non-mars,03/30/2021 14:16:00,2005,2005-APR,3.61,component,lmprs,
Dec,2005,,Appalachian,5.0,3.62,Producer Milk Components,AMS_3462,3462,Dairy FMMOS,DY-NA,Washington,DC,"Washington, DC",Washington,DC,FMMOS,FMMOS - non-mars,03/30/2021 14:16:00,2005,2005-APR,3.57,component,lmprs,
Dec,2005,,Arizona,131.0,3.59,Producer Milk Components,AMS_3462,3462,Dairy FMMOS,DY-NA,Washington,DC,"Washington, DC",Washington,DC,FMMOS,FMMOS - non-mars,03/30/2021 14:16:00,2005,2005-APR,3.52,component,lmprs,
Dec,2005,,All Markets Combined,,3.66,Producer Milk Components,AMS_3462,3462,Dairy FMMOS,DY-NA,Washington,DC,"Washington, DC",Washington,DC,FMMOS,FMMOS - non-mars,03/30/2021 14:16:00,2005,2005-APR,3.63,component,lmprs,
Dec,2006,,All Markets Combined,,3.69,Producer Milk Components,AMS_3462,3462,Dairy FMMOS,DY-NA,Washington,DC,"Washington, DC",Washington,DC,FMMOS,FMMOS - non-mars,03/30/2021 14:16:00,2006,2006-APR,3.68,component,lmprs,
Dec,2006,,Arizona,131.0,3.59,Producer Milk Components,AMS_3462,3462,Dairy FMMOS,DY-NA,Washington,DC,"Washington, DC",Washington,DC,FMMOS,FMMOS - non-mars,03/30/2021 14:16:00,2006,2006-APR,3.52,component,lmprs,
Dec,2006,,Appalachian,5.0,3.67,Producer Milk Components,AMS_3462,3462,Dairy FMMOS,DY-NA,Washington,DC,"Washington, DC",Washington,DC,FMMOS,FMMOS - non-mars,03/30/2021 14:16:00,2006,2006-APR,3.63,component,lmprs,
Dec,2006,,Central,32.0,3.67,Producer Milk Components,AMS_3462,3462,Dairy FMMOS,DY-NA,Washington,DC,"Washington, DC",Washington,DC,FMMOS,FMMOS - non-mars,03/30/2021 14:16:00,2006,2006-APR,3.65,component,lmprs,
Dec,2006,,Florida,6.0,3.66,Producer Milk Components,AMS_3462,3462,Dairy FMMOS,DY-NA,Washington,DC,"Washington, DC",Washington,DC,FMMOS,FMMOS - non-mars,03/30/2021 14:16:00,2006,2006-APR,3.60,component,lmprs,
Dec,2006,,Mideast,33.0,3.69,Producer Milk Components,AMS_3462,3462,Dairy FMMOS,DY-NA,Washington,DC,"Washington, DC",Washington,DC,FMMOS,FMMOS - non-mars,03/30/2021 14:16:00,2006,2006-APR,3.69,component,lmprs,
Dec,2006,,Pacific Northwest,124.0,3.69,Producer Milk Components,AMS_3462,3462,Dairy FMMOS,DY-NA,Washington,DC,"Washington, DC",Washington,DC,FMMOS,FMMOS - non-mars,03/30/2021 14:16:00,2006,2006-APR,3.70,component,lmprs,
Dec,2006,,Northeast,1.0,3.71,Producer Milk Components,AMS_3462,3462,Dairy FMMOS,DY-NA,Washington,DC,"Washington, DC",Washington,DC,FMMOS,FMMOS - non-mars,03/30/2021 14:16:00,2006,2006-APR,3.71,component,lmprs,
Dec,2006,,Southeast,7.0,3.67,Producer Milk Components,AMS_3462,3462,Dairy FMMOS,DY-NA,Washington,DC,"Washington, DC",Washington,DC,FMMOS,FMMOS - non-mars,03/30/2021 14:16:00,2006,2006-APR,3.60,component,lmprs,
Dec,2006,,Southwest,126.0,3.69,Producer Milk Components,AMS_3462,3462,Dairy FMMOS,DY-NA,Washington,DC,"Washington, DC",Washington,DC,FMMOS,FMMOS - non-mars,03/30/2021 14:16:00,2006,2006-APR,3.66,component,lmprs,
Dec,2006,,Upper Midwest,30.0,3.72,Producer Milk Components,AMS_3462,3462,Dairy FMMOS,DY-NA,Washington,DC,"Washington, DC",Washington,DC,FMMOS,FMMOS - non-mars,03/30/2021 14:16:00,2006,2006-APR,3.72,component,lmprs,
Dec,2007,,Upper Midwest,30.0,3.71,Producer Milk Components,AMS_3462,3462,Dairy FMMOS,DY-NA,Washington,DC,"Washington, DC",Washington,DC,FMMOS,FMMOS - non-mars,03/30/2021 14:16:00,2007,2007-APR,3.72,component,lmprs,
Dec,2007,,Southwest,126.0,3.67,Producer Milk Components,AMS_3462,3462,Dairy FMMOS,DY-NA,Washington,DC,"Washington, DC",Washington,DC,FMMOS,FMMOS - non-mars,03/30/2021 14:16:00,2007,2007-APR,3.64,component,lmprs,
Dec,2007,,Southeast,7.0,3.67,Producer Milk Components,AMS_3462,3462,Dairy FMMOS,DY-NA,Washington,DC,"Washington, DC",Washington,DC,FMMOS,FMMOS - non-mars,03/30/2021 14:16:00,2007,2007-APR,3.60,component,lmprs,
Dec,2007,,Northeast,1.0,3.70,Producer Milk Components,AMS_3462,3462,Dairy FMMOS,DY-NA,Washington,DC,"Washington, DC",Washington,DC,FMMOS,FMMOS - non-mars,03/30/2021 14:16:00,2007,2007-APR,3.72,component,lmprs,
Dec,2007,,Pacific Northwest,124.0,3.70,Producer Milk Components,AMS_3462,3462,Dairy FMMOS,DY-NA,Washington,DC,"Washington, DC",Washington,DC,FMMOS,FMMOS - non-mars,03/30/2021 14:16:00,2007,2007-APR,3.66,component,lmprs,
Dec,2007,,Mideast,33.0,3.67,Producer Milk Components,AMS_3462,3462,Dairy FMMOS,DY-NA,Washington,DC,"Washington, DC",Washington,DC,FMMOS,FMMOS - non-mars,03/30/2021 14:16:00,2007,2007-APR,3.66,component,lmprs,
Dec,2007,,Florida,6.0,3.63,Producer Milk Components,AMS_3462,3462,Dairy FMMOS,DY-NA,Washington,DC,"Washington, DC",Washington,DC,FMMOS,FMMOS - non-mars,03/30/2021 14:16:00,2007,2007-APR,3.57,component,lmprs,
Dec,2007,,Central,32.0,3.68,Producer Milk Components,AMS_3462,3462,Dairy FMMOS,DY-NA,Washington,DC,"Washington, DC",Washington,DC,FMMOS,FMMOS - non-mars,03/30/2021 14:16:00,2007,2007-APR,3.67,component,lmprs,
Dec,2007,,Appalachian,5.0,3.67,Producer Milk Components,AMS_3462,3462,Dairy FMMOS,DY-NA,Washington,DC,"Washington, DC",Washington,DC,FMMOS,FMMOS - non-mars,03/30/2021 14:16:00,2007,2007-APR,3.65,component,lmprs,
Dec,2007,,Arizona,131.0,3.60,Producer Milk Components,AMS_3462,3462,Dairy FMMOS,DY-NA,Washington,DC,"Washington, DC",Washington,DC,FMMOS,FMMOS - non-mars,03/30/2021 14:16:00,2007,2007-APR,3.53,component,lmprs,
Dec,2007,,All Markets Combined,,3.68,Producer Milk Components,AMS_3462,3462,Dairy FMMOS,DY-NA,Washington,DC,"Washington, DC",Washington,DC,FMMOS,FMMOS - non-mars,03/30/2021 14:16:00,2007,2007-APR,3.67,component,lmprs,
Dec,2008,,All Markets Combined,,3.69,Producer Milk Components,AMS_3462,3462,Dairy FMMOS,DY-NA,Washington,DC,"Washington, DC",Washington,DC,FMMOS,FMMOS - non-mars,03/30/2021 14:15:00,2008,2008-APR,3.68,component,lmprs,
Dec,2008,,Arizona,131.0,3.56,Producer Milk Components,AMS_3462,3462,Dairy FMMOS,DY-NA,Washington,DC,"Washington, DC",Washington,DC,FMMOS,FMMOS - non-mars,03/30/2021 14:15:00,2008,2008-APR,3.50,component,lmprs,
Dec,2008,,Appalachian,5.0,3.69,Producer Milk Components,AMS_3462,3462,Dairy FMMOS,DY-NA,Washington,DC,"Washington, DC",Washington,DC,FMMOS,FMMOS - non-mars,03/30/2021 14:15:00,2008,2008-APR,3.66,component,lmprs,
Dec,2008,,Central,32.0,3.65,Producer Milk Components,AMS_3462,3462,Dairy FMMOS,DY-NA,Washington,DC,"Washington, DC",Washington,DC,FMMOS,FMMOS - non-mars,03/30/2021 14:15:00,2008,2008-APR,3.66,component,lmprs,
Dec,2008,,Florida,6.0,3.60,Producer Milk Components,AMS_3462,3462,Dairy FMMOS,DY-NA,Washington,DC,"Washington, DC",Washington,DC,FMMOS,FMMOS - non-mars,03/30/2021 14:15:00,2008,2008-APR,3.54,component,lmprs,
Dec,2008,,Mideast,33.0,3.70,Producer Milk Components,AMS_3462,3462,Dairy FMMOS,DY-NA,Washington,DC,"Washington, DC",Washington,DC,FMMOS,FMMOS - non-mars,03/30/2021 14:15:00,2008,2008-APR,3.70,component,lmprs,
Dec,2008,,Pacific Northwest,124.0,3.67,Producer Milk Components,AMS_3462,3462,Dairy FMMOS,DY-NA,Washington,DC,"Washington, DC",Washington,DC,FMMOS,FMMOS - non-mars,03/30/2021 14:15:00,2008,2008-APR,3.70,component,lmprs,
Dec,2008,,Northeast,1.0,3.73,Producer Milk Components,AMS_3462,3462,Dairy FMMOS,DY-NA,Washington,DC,"Washington, DC",Washington,DC,FMMOS,FMMOS - non-mars,03/30/2021 14:15:00,2008,2008-APR,3.73,component,lmprs,
Dec,2008,,Southeast,7.0,3.67,Producer Milk Components,AMS_3462,3462,Dairy FMMOS,DY-NA,Washington,DC,"Washington, DC",Washington,DC,FMMOS,FMMOS - non-mars,03/30/2021 14:15:00,2008,2008-APR,3.62,component,lmprs,
Dec,2008,,Southwest,126.0,3.63,Producer Milk Components,AMS_3462,3462,Dairy FMMOS,DY-NA,Washington,DC,"Washington, DC",Washington,DC,FMMOS,FMMOS - non-mars,03/30/2021 14:15:00,2008,2008-APR,3.59,component,lmprs,
Dec,2008,,Upper Midwest,30.0,3.72,Producer Milk Components,AMS_3462,3462,Dairy FMMOS,DY-NA,Washington,DC,"Washington, DC",Washington,DC,FMMOS,FMMOS - non-mars,03/30/2021 14:15:00,2008,2008-APR,3.73,component,lmprs,
Dec,2009,,Upper Midwest,30.0,3.70,Producer Milk Components,AMS_3462,3462,Dairy FMMOS,DY-NA,Washington,DC,"Washington, DC",Washington,DC,FMMOS,FMMOS - non-mars,03/30/2021 14:15:00,2009,2009-APR,3.72,component,lmprs,
Dec,2009,,Southwest,126.0,3.58,Producer Milk Components,AMS_3462,3462,Dairy FMMOS,DY-NA,Washington,DC,"Washington, DC",Washington,DC,FMMOS,FMMOS - non-mars,03/30/2021 14:15:00,2009,2009-APR,3.56,component,lmprs,
Dec,2009,,Southeast,7.0,3.65,Producer Milk Components,AMS_3462,3462,Dairy FMMOS,DY-NA,Washington,DC,"Washington, DC",Washington,DC,FMMOS,FMMOS - non-mars,03/30/2021 14:15:00,2009,2009-APR,3.61,component,lmprs,
Dec,2009,,Northeast,1.0,3.72,Producer Milk Components,AMS_3462,3462,Dairy FMMOS,DY-NA,Washington,DC,"Washington, DC",Washington,DC,FMMOS,FMMOS - non-mars,03/30/2021 14:15:00,2009,2009-APR,3.72,component,lmprs,
Dec,2009,,Pacific Northwest,124.0,3.71,Producer Milk Components,AMS_3462,3462,Dairy FMMOS,DY-NA,Washington,DC,"Washington, DC",Washington,DC,FMMOS,FMMOS - non-mars,03/30/2021 14:15:00,2009,2009-APR,3.67,component,lmprs,
Dec,2009,,Mideast,33.0,3.69,Producer Milk Components,AMS_3462,3462,Dairy FMMOS,DY-NA,Washington,DC,"Washington, DC",Washington,DC,FMMOS,FMMOS - non-mars,03/30/2021 14:15:00,2009,2009-APR,3.69,component,lmprs,
Dec,2009,,Florida,6.0,3.59,Producer Milk Components,AMS_3462,3462,Dairy FMMOS,DY-NA,Washington,DC,"Washington, DC",Washington,DC,FMMOS,FMMOS - non-mars,03/30/2021 14:15:00,2009,2009-APR,3.53,component,lmprs,
Dec,2009,,Central,32.0,3.61,Producer Milk Components,AMS_3462,3462,Dairy FMMOS,DY-NA,Washington,DC,"Washington, DC",Washington,DC,FMMOS,FMMOS - non-mars,03/30/2021 14:15:00,2009,2009-APR,3.61,component,lmprs,
Dec,2009,,Appalachian,5.0,3.68,Producer Milk Components,AMS_3462,3462,Dairy FMMOS,DY-NA,Washington,DC,"Washington, DC",Washington,DC,FMMOS,FMMOS - non-mars,03/30/2021 14:15:00,2009,2009-APR,3.67,component,lmprs,
Dec,2009,,Arizona,131.0,3.49,Producer Milk Components,AMS_3462,3462,Dairy FMMOS,DY-NA,Washington,DC,"Washington, DC",Washington,DC,FMMOS,FMMOS - non-mars,03/30/2021 14:15:00,2009,2009-APR,3.43,component,lmprs,
Dec,2009,,All Markets Combined,,3.67,Producer Milk Components,AMS_3462,3462,Dairy FMMOS,DY-NA,Washington,DC,"Washington, DC",Washington,DC,FMMOS,FMMOS - non-mars,03/30/2021 14:15:00,2009,2009-APR,3.66,component,lmprs,
Dec,2010,,All Markets Combined,,3.66,Producer Milk Components,AMS_3462,3462,Dairy FMMOS,DY-NA,Washington,DC,"Washington, DC",Washington,DC,FMMOS,FMMOS - non-mars,03/30/2021 14:14:00,2010,2010-APR,3.61,component,lmprs,
Dec,2010,,Arizona,131.0,3.50,Producer Milk Components,AMS_3462,3462,Dairy FMMOS,DY-NA,Washington,DC,"Washington, DC",Washington,DC,FMMOS,FMMOS - non-mars,03/30/2021 14:14:00,2010,2010-APR,3.41,component,lmprs,
Dec,2010,,Appalachian,5.0,3.65,Producer Milk Components,AMS_3462,3462,Dairy FMMOS,DY-NA,Washington,DC,"Washington, DC",Washington,DC,FMMOS,FMMOS - non-mars,03/30/2021 14:14:00,2010,2010-APR,3.55,component,lmprs,
Dec,2010,,Central,32.0,3.60,Producer Milk Components,AMS_3462,3462,Dairy FMMOS,DY-NA,Washington,DC,"Washington, DC",Washington,DC,FMMOS,FMMOS - non-mars,03/30/2021 14:14:00,2010,2010-APR,3.55,component,lmprs,
Dec,2010,,Florida,6.0,3.60,Producer Milk Components,AMS_3462,3462,Dairy FMMOS,DY-NA,Washington,DC,"Washington, DC",Washington,DC,FMMOS,FMMOS - non-mars,03/30/2021 14:14:00,2010,2010-APR,3.47,component,lmprs,
Dec,2010,,Mideast,33.0,3.66,Producer Milk Components,AMS_3462,3462,Dairy FMMOS,DY-NA,Washington,DC,"Washington, DC",Washington,DC,FMMOS,FMMOS - non-mars,03/30/2021 14:14:00,2010,2010-APR,3.61,component,lmprs,
Dec,2010,,Pacific Northwest,124.0,3.73,Producer Milk Components,AMS_3462,3462,Dairy FMMOS,DY-NA,Washington,DC,"Washington, DC",Washington,DC,FMMOS,FMMOS - non-mars,03/30/2021 14:14:00,2010,2010-APR,3.74,component,lmprs,
Dec,2010,,Northeast,1.0,3.69,Producer Milk Components,AMS_3462,3462,Dairy FMMOS,DY-NA,Washington,DC,"Washington, DC",Washington,DC,FMMOS,FMMOS - non-mars,03/30/2021 14:14:00,2010,2010-APR,3.67,component,lmprs,
Dec,2010,,Southeast,7.0,3.66,Producer Milk Components,AMS_3462,3462,Dairy FMMOS,DY-NA,Washington,DC,"Washington, DC",Washington,DC,FMMOS,FMMOS - non-mars,03/30/2021 14:14:00,2010,2010-APR,3.55,component,lmprs,
Dec,2010,,Southwest,126.0,3.60,Producer Milk Components,AMS_3462,3462,Dairy FMMOS,DY-NA,Washington,DC,"Washington, DC",Washington,DC,FMMOS,FMMOS - non-mars,03/30/2021 14:14:00,2010,2010-APR,3.52,component,lmprs,
Dec,2010,,Upper Midwest,30.0,3.68,Producer Milk Components,AMS_3462,3462,Dairy FMMOS,DY-NA,Washington,DC,"Washington, DC",Washington,DC,FMMOS,FMMOS - non-mars,03/30/2021 14:14:00,2010,2010-APR,3.64,component,lmprs,
Dec,2011,,Southwest,126.0,3.65,Producer Milk Components,AMS_3462,3462,Dairy FMMOS,DY-NA,Washington,DC,"Washington, DC",Washington,DC,FMMOS,FMMOS - non-mars,03/30/2021 14:14:00,2011,2011-APR,3.62,component,lmprs,
Dec,2011,,Upper Midwest,30.0,3.73,Producer Milk Components,AMS_3462,3462,Dairy FMMOS,DY-NA,Washington,DC,"Washington, DC",Washington,DC,FMMOS,FMMOS - non-mars,03/30/2021 14:14:00,2011,2011-APR,3.73,component,lmprs,
Dec,2011,,Southeast,7.0,3.71,Producer Milk Components,AMS_3462,3462,Dairy FMMOS,DY-NA,Washington,DC,"Washington, DC",Washington,DC,FMMOS,FMMOS - non-mars,03/30/2021 14:14:00,2011,2011-APR,3.68,component,lmprs,
Dec,2011,,Pacific Northwest,124.0,3.77,Producer Milk Components,AMS_3462,3462,Dairy FMMOS,DY-NA,Washington,DC,"Washington, DC",Washington,DC,FMMOS,FMMOS - non-mars,03/30/2021 14:14:00,2011,2011-APR,3.79,component,lmprs,
Dec,2011,,Mideast,33.0,3.70,Producer Milk Components,AMS_3462,3462,Dairy FMMOS,DY-NA,Washington,DC,"Washington, DC",Washington,DC,FMMOS,FMMOS - non-mars,03/30/2021 14:14:00,2011,2011-APR,3.72,component,lmprs,
Dec,2011,,Northeast,1.0,3.73,Producer Milk Components,AMS_3462,3462,Dairy FMMOS,DY-NA,Washington,DC,"Washington, DC",Washington,DC,FMMOS,FMMOS - non-mars,03/30/2021 14:14:00,2011,2011-APR,3.75,component,lmprs,
Dec,2011,,Florida,6.0,3.67,Producer Milk Components,AMS_3462,3462,Dairy FMMOS,DY-NA,Washington,DC,"Washington, DC",Washington,DC,FMMOS,FMMOS - non-mars,03/30/2021 14:14:00,2011,2011-APR,3.63,component,lmprs,
Dec,2011,,Central,32.0,3.67,Producer Milk Components,AMS_3462,3462,Dairy FMMOS,DY-NA,Washington,DC,"Washington, DC",Washington,DC,FMMOS,FMMOS - non-mars,03/30/2021 14:14:00,2011,2011-APR,3.67,component,lmprs,
Dec,2011,,Appalachian,5.0,3.69,Producer Milk Components,AMS_3462,3462,Dairy FMMOS,DY-NA,Washington,DC,"Washington, DC",Washington,DC,FMMOS,FMMOS - non-mars,03/30/2021 14:14:00,2011,2011-APR,3.68,component,lmprs,
Dec,2011,,Arizona,131.0,3.55,Producer Milk Components,AMS_3462,3462,Dairy FMMOS,DY-NA,Washington,DC,"Washington, DC",Washington,DC,FMMOS,FMMOS - non-mars,03/30/2021 14:14:00,2011,2011-APR,3.50,component,lmprs,
Dec,2011,,All Markets Combined,,3.70,Producer Milk Components,AMS_3462,3462,Dairy FMMOS,DY-NA,Washington,DC,"Washington, DC",Washington,DC,FMMOS,FMMOS - non-mars,03/30/2021 14:14:00,2011,2011-APR,3.70,component,lmprs,
Dec,2012,,All Markets Combined,,3.71,Producer Milk Components,AMS_3462,3462,Dairy FMMOS,DY-NA,Washington,DC,"Washington, DC",Washington,DC,FMMOS,FMMOS - non-mars,03/30/2021 14:13:00,2012,2012-APR,3.68,component,lmprs,
Dec,2012,,Arizona,131.0,3.55,Producer Milk Components,AMS_3462,3462,Dairy FMMOS,DY-NA,Washington,DC,"Washington, DC",Washington,DC,FMMOS,FMMOS - non-mars,03/30/2021 14:13:00,2012,2012-APR,3.48,component,lmprs,
Dec,2012,,Appalachian,5.0,3.69,Producer Milk Components,AMS_3462,3462,Dairy FMMOS,DY-NA,Washington,DC,"Washington, DC",Washington,DC,FMMOS,FMMOS - non-mars,03/30/2021 14:13:00,2012,2012-APR,3.63,component,lmprs,
Dec,2012,,Central,32.0,3.69,Producer Milk Components,AMS_3462,3462,Dairy FMMOS,DY-NA,Washington,DC,"Washington, DC",Washington,DC,FMMOS,FMMOS - non-mars,03/30/2021 14:13:00,2012,2012-APR,3.65,component,lmprs,
Dec,2012,,Florida,6.0,3.66,Producer Milk Components,AMS_3462,3462,Dairy FMMOS,DY-NA,Washington,DC,"Washington, DC",Washington,DC,FMMOS,FMMOS - non-mars,03/30/2021 14:13:00,2012,2012-APR,3.58,component,lmprs,
Dec,2012,,Northeast,1.0,3.73,Producer Milk Components,AMS_3462,3462,Dairy FMMOS,DY-NA,Washington,DC,"Washington, DC",Washington,DC,FMMOS,FMMOS - non-mars,03/30/2021 14:13:00,2012,2012-APR,3.72,component,lmprs,
Dec,2012,,Mideast,33.0,3.69,Producer Milk Components,AMS_3462,3462,Dairy FMMOS,DY-NA,Washington,DC,"Washington, DC",Washington,DC,FMMOS,FMMOS - non-mars,03/30/2021 14:13:00,2012,2012-APR,3.67,component,lmprs,
Dec,2012,,Pacific Northwest,124.0,3.81,Producer Milk Components,AMS_3462,3462,Dairy FMMOS,DY-NA,Washington,DC,"Washington, DC",Washington,DC,FMMOS,FMMOS - non-mars,03/30/2021 14:13:00,2012,2012-APR,3.78,component,lmprs,
Dec,2012,,Southeast,7.0,3.70,Producer Milk Components,AMS_3462,3462,Dairy FMMOS,DY-NA,Washington,DC,"Washington, DC",Washington,DC,FMMOS,FMMOS - non-mars,03/30/2021 14:13:00,2012,2012-APR,3.61,component,lmprs,
Dec,2012,,Upper Midwest,30.0,3.76,Producer Milk Components,AMS_3462,3462,Dairy FMMOS,DY-NA,Washington,DC,"Washington, DC",Washington,DC,FMMOS,FMMOS - non-mars,03/30/2021 14:13:00,2012,2012-APR,3.75,component,lmprs,
Dec,2012,,Southwest,126.0,3.65,Producer Milk Components,AMS_3462,3462,Dairy FMMOS,DY-NA,Washington,DC,"Washington, DC",Washington,DC,FMMOS,FMMOS - non-mars,03/30/2021 14:13:00,2012,2012-APR,3.54,component,lmprs,
Dec,2013,,Southwest,126.0,3.69,Producer Milk Components,AMS_3462,3462,Dairy FMMOS,DY-NA,Washington,DC,"Washington, DC",Washington,DC,FMMOS,FMMOS - non-mars,03/30/2021 14:13:00,2013,2013-APR,3.66,component,lmprs,
Dec,2013,,Upper Midwest,30.0,3.81,Producer Milk Components,AMS_3462,3462,Dairy FMMOS,DY-NA,Washington,DC,"Washington, DC",Washington,DC,FMMOS,FMMOS - non-mars,03/30/2021 14:13:00,2013,2013-APR,3.84,component,lmprs,
Dec,2013,,Southeast,7.0,3.72,Producer Milk Components,AMS_3462,3462,Dairy FMMOS,DY-NA,Washington,DC,"Washington, DC",Washington,DC,FMMOS,FMMOS - non-mars,03/30/2021 14:13:00,2013,2013-APR,3.70,component,lmprs,
Dec,2013,,Pacific Northwest,124.0,3.88,Producer Milk Components,AMS_3462,3462,Dairy FMMOS,DY-NA,Washington,DC,"Washington, DC",Washington,DC,FMMOS,FMMOS - non-mars,03/30/2021 14:13:00,2013,2013-APR,3.85,component,lmprs,
Dec,2013,,Mideast,33.0,3.76,Producer Milk Components,AMS_3462,3462,Dairy FMMOS,DY-NA,Washington,DC,"Washington, DC",Washington,DC,FMMOS,FMMOS - non-mars,03/30/2021 14:13:00,2013,2013-APR,3.77,component,lmprs,
Dec,2013,,Northeast,1.0,3.76,Producer Milk Components,AMS_3462,3462,Dairy FMMOS,DY-NA,Washington,DC,"Washington, DC",Washington,DC,FMMOS,FMMOS - non-mars,03/30/2021 14:13:00,2013,2013-APR,3.77,component,lmprs,
Dec,2013,,Florida,6.0,3.64,Producer Milk Components,AMS_3462,3462,Dairy FMMOS,DY-NA,Washington,DC,"Washington, DC",Washington,DC,FMMOS,FMMOS - non-mars,03/30/2021 14:13:00,2013,2013-APR,3.64,component,lmprs,
Dec,2013,,Central,32.0,3.75,Producer Milk Components,AMS_3462,3462,Dairy FMMOS,DY-NA,Washington,DC,"Washington, DC",Washington,DC,FMMOS,FMMOS - non-mars,03/30/2021 14:13:00,2013,2013-APR,3.77,component,lmprs,
Dec,2013,,Arizona,131.0,3.52,Producer Milk Components,AMS_3462,3462,Dairy FMMOS,DY-NA,Washington,DC,"Washington, DC",Washington,DC,FMMOS,FMMOS - non-mars,03/30/2021 14:13:00,2013,2013-APR,3.47,component,lmprs,
Dec,2013,,All Markets Combined,,3.76,Producer Milk Components,AMS_3462,3462,Dairy FMMOS,DY-NA,Washington,DC,"Washington, DC",Washington,DC,FMMOS,FMMOS - non-mars,03/30/2021 14:13:00,2013,2013-APR,3.76,component,lmprs,
Dec,2013,,Appalachian,5.0,3.71,Producer Milk Components,AMS_3462,3462,Dairy FMMOS,DY-NA,Washington,DC,"Washington, DC",Washington,DC,FMMOS,FMMOS - non-mars,03/30/2021 14:13:00,2013,2013-APR,3.73,component,lmprs,
Dec,2014,,Appalachian,5.0,3.65,Producer Milk Components,AMS_3462,3462,Dairy FMMOS,DY-NA,Washington,DC,"Washington, DC",Washington,DC,FMMOS,FMMOS - non-mars,03/30/2021 14:13:00,2014,2014-APR,3.60,component,lmprs,
Dec,2014,,All Markets Combined,,3.74,Producer Milk Components,AMS_3462,3462,Dairy FMMOS,DY-NA,Washington,DC,"Washington, DC",Washington,DC,FMMOS,FMMOS - non-mars,03/30/2021 14:13:00,2014,2014-APR,3.72,component,lmprs,
Dec,2014,,Arizona,131.0,3.47,Producer Milk Components,AMS_3462,3462,Dairy FMMOS,DY-NA,Washington,DC,"Washington, DC",Washington,DC,FMMOS,FMMOS - non-mars,03/30/2021 14:13:00,2014,2014-APR,3.40,component,lmprs,
Dec,2014,,Central,32.0,3.73,Producer Milk Components,AMS_3462,3462,Dairy FMMOS,DY-NA,Washington,DC,"Washington, DC",Washington,DC,FMMOS,FMMOS - non-mars,03/30/2021 14:13:00,2014,2014-APR,3.71,component,lmprs,
Dec,2014,,Florida,6.0,3.60,Producer Milk Components,AMS_3462,3462,Dairy FMMOS,DY-NA,Washington,DC,"Washington, DC",Washington,DC,FMMOS,FMMOS - non-mars,03/30/2021 14:13:00,2014,2014-APR,3.53,component,lmprs,
Dec,2014,,Northeast,1.0,3.78,Producer Milk Components,AMS_3462,3462,Dairy FMMOS,DY-NA,Washington,DC,"Washington, DC",Washington,DC,FMMOS,FMMOS - non-mars,03/30/2021 14:13:00,2014,2014-APR,3.77,component,lmprs,
Dec,2014,,Mideast,33.0,3.75,Producer Milk Components,AMS_3462,3462,Dairy FMMOS,DY-NA,Washington,DC,"Washington, DC",Washington,DC,FMMOS,FMMOS - non-mars,03/30/2021 14:13:00,2014,2014-APR,3.73,component,lmprs,
Dec,2014,,Pacific Northwest,124.0,3.88,Producer Milk Components,AMS_3462,3462,Dairy FMMOS,DY-NA,Washington,DC,"Washington, DC",Washington,DC,FMMOS,FMMOS - non-mars,03/30/2021 14:13:00,2014,2014-APR,3.77,component,lmprs,
Dec,2014,,Southeast,7.0,3.66,Producer Milk Components,AMS_3462,3462,Dairy FMMOS,DY-NA,Washington,DC,"Washington, DC",Washington,DC,FMMOS,FMMOS - non-mars,03/30/2021 14:13:00,2014,2014-APR,3.58,component,lmprs,
Dec,2014,,Upper Midwest,30.0,3.80,Producer Milk Components,AMS_3462,3462,Dairy FMMOS,DY-NA,Washington,DC,"Washington, DC",Washington,DC,FMMOS,FMMOS - non-mars,03/30/2021 14:13:00,2014,2014-APR,3.79,component,lmprs,
Dec,2014,,Southwest,126.0,3.67,Producer Milk Components,AMS_3462,3462,Dairy FMMOS,DY-NA,Washington,DC,"Washington, DC",Washington,DC,FMMOS,FMMOS - non-mars,03/30/2021 14:13:00,2014,2014-APR,3.71,component,lmprs,
Dec,2015,,Southwest,126.0,3.73,Producer Milk Components,AMS_3462,3462,Dairy FMMOS,DY-NA,Washington,DC,"Washington, DC",Washington,DC,FMMOS,FMMOS - non-mars,03/30/2021 14:12:00,2015,2015-APR,3.66,component,lmprs,
Dec,2015,,Upper Midwest,30.0,3.80,Producer Milk Components,AMS_3462,3462,Dairy FMMOS,DY-NA,Washington,DC,"Washington, DC",Washington,DC,FMMOS,FMMOS - non-mars,03/30/2021 14:12:00,2015,2015-APR,3.77,component,lmprs,
Dec,2015,,Southeast,7.0,3.68,Producer Milk Components,AMS_3462,3462,Dairy FMMOS,DY-NA,Washington,DC,"Washington, DC",Washington,DC,FMMOS,FMMOS - non-mars,03/30/2021 14:12:00,2015,2015-APR,3.60,component,lmprs,
Dec,2015,,Pacific Northwest,124.0,3.92,Producer Milk Components,AMS_3462,3462,Dairy FMMOS,DY-NA,Washington,DC,"Washington, DC",Washington,DC,FMMOS,FMMOS - non-mars,03/30/2021 14:12:00,2015,2015-APR,3.87,component,lmprs,
Dec,2015,,Mideast,33.0,3.72,Producer Milk Components,AMS_3462,3462,Dairy FMMOS,DY-NA,Washington,DC,"Washington, DC",Washington,DC,FMMOS,FMMOS - non-mars,03/30/2021 14:12:00,2015,2015-APR,3.72,component,lmprs,
Dec,2015,,Northeast,1.0,3.78,Producer Milk Components,AMS_3462,3462,Dairy FMMOS,DY-NA,Washington,DC,"Washington, DC",Washington,DC,FMMOS,FMMOS - non-mars,03/30/2021 14:12:00,2015,2015-APR,3.78,component,lmprs,
Dec,2015,,Florida,6.0,3.60,Producer Milk Components,AMS_3462,3462,Dairy FMMOS,DY-NA,Washington,DC,"Washington, DC",Washington,DC,FMMOS,FMMOS - non-mars,03/30/2021 14:12:00,2015,2015-APR,3.51,component,lmprs,
Dec,2015,,Central,32.0,3.76,Producer Milk Components,AMS_3462,3462,Dairy FMMOS,DY-NA,Washington,DC,"Washington, DC",Washington,DC,FMMOS,FMMOS - non-mars,03/30/2021 14:12:00,2015,2015-APR,3.71,component,lmprs,
Dec,2015,,Arizona,131.0,3.47,Producer Milk Components,AMS_3462,3462,Dairy FMMOS,DY-NA,Washington,DC,"Washington, DC",Washington,DC,FMMOS,FMMOS - non-mars,03/30/2021 14:12:00,2015,2015-APR,3.40,component,lmprs,
Dec,2015,,All Markets Combined,,3.75,Producer Milk Components,AMS_3462,3462,Dairy FMMOS,DY-NA,Washington,DC,"Washington, DC",Washington,DC,FMMOS,FMMOS - non-mars,03/30/2021 14:12:00,2015,2015-APR,3.72,component,lmprs,
Dec,2015,,Appalachian,5.0,3.67,Producer Milk Components,AMS_3462,3462,Dairy FMMOS,DY-NA,Washington,DC,"Washington, DC",Washington,DC,FMMOS,FMMOS - non-mars,03/30/2021 14:12:00,2015,2015-APR,3.62,component,lmprs,
Dec,2016,,Appalachian,5.0,3.71,Producer Milk Components,AMS_3462,3462,Dairy FMMOS,DY-NA,Washington,DC,"Washington, DC",Washington,DC,FMMOS,FMMOS - non-mars,03/30/2021 14:12:00,2016,2016-APR,3.67,component,lmprs,
Dec,2016,,All Markets Combined,,3.77,Producer Milk Components,AMS_3462,3462,Dairy FMMOS,DY-NA,Washington,DC,"Washington, DC",Washington,DC,FMMOS,FMMOS - non-mars,03/30/2021 14:12:00,2016,2016-APR,3.77,component,lmprs,
Dec,2016,,Arizona,131.0,3.54,Producer Milk Components,AMS_3462,3462,Dairy FMMOS,DY-NA,Washington,DC,"Washington, DC",Washington,DC,FMMOS,FMMOS - non-mars,03/30/2021 14:12:00,2016,2016-APR,3.50,component,lmprs,
Dec,2016,,Central,32.0,3.76,Producer Milk Components,AMS_3462,3462,Dairy FMMOS,DY-NA,Washington,DC,"Washington, DC",Washington,DC,FMMOS,FMMOS - non-mars,03/30/2021 14:12:00,2016,2016-APR,3.77,component,lmprs,
Dec,2016,,Florida,6.0,3.62,Producer Milk Components,AMS_3462,3462,Dairy FMMOS,DY-NA,Washington,DC,"Washington, DC",Washington,DC,FMMOS,FMMOS - non-mars,03/30/2021 14:12:00,2016,2016-APR,3.52,component,lmprs,
Dec,2016,,Northeast,1.0,3.81,Producer Milk Components,AMS_3462,3462,Dairy FMMOS,DY-NA,Washington,DC,"Washington, DC",Washington,DC,FMMOS,FMMOS - non-mars,03/30/2021 14:12:00,2016,2016-APR,3.83,component,lmprs,
Dec,2016,,Mideast,33.0,3.73,Producer Milk Components,AMS_3462,3462,Dairy FMMOS,DY-NA,Washington,DC,"Washington, DC",Washington,DC,FMMOS,FMMOS - non-mars,03/30/2021 14:12:00,2016,2016-APR,3.76,component,lmprs,
Dec,2016,,Pacific Northwest,124.0,3.95,Producer Milk Components,AMS_3462,3462,Dairy FMMOS,DY-NA,Washington,DC,"Washington, DC",Washington,DC,FMMOS,FMMOS - non-mars,03/30/2021 14:12:00,2016,2016-APR,3.86,component,lmprs,
Dec,2016,,Southeast,7.0,3.69,Producer Milk Components,AMS_3462,3462,Dairy FMMOS,DY-NA,Washington,DC,"Washington, DC",Washington,DC,FMMOS,FMMOS - non-mars,03/30/2021 14:12:00,2016,2016-APR,3.62,component,lmprs,
Dec,2016,,Upper Midwest,30.0,3.82,Producer Milk Components,AMS_3462,3462,Dairy FMMOS,DY-NA,Washington,DC,"Washington, DC",Washington,DC,FMMOS,FMMOS - non-mars,03/30/2021 14:12:00,2016,2016-APR,3.84,component,lmprs,
Dec,2016,,Southwest,126.0,3.75,Producer Milk Components,AMS_3462,3462,Dairy FMMOS,DY-NA,Washington,DC,"Washington, DC",Washington,DC,FMMOS,FMMOS - non-mars,03/30/2021 14:12:00,2016,2016-APR,3.72,component,lmprs,
Dec,2017,,Southwest,126.0,3.86,Producer Milk Components,AMS_3462,3462,Dairy FMMOS,DY-NA,Washington,DC,"Washington, DC",Washington,DC,FMMOS,FMMOS - non-mars,03/30/2021 14:11:00,2017,2017-APR,3.81,component,lmprs,
Dec,2017,,Upper Midwest,30.0,3.84,Producer Milk Components,AMS_3462,3462,Dairy FMMOS,DY-NA,Washington,DC,"Washington, DC",Washington,DC,FMMOS,FMMOS - non-mars,03/30/2021 14:11:00,2017,2017-APR,3.84,component,lmprs,
Dec,2017,,Southeast,7.0,3.74,Producer Milk Components,AMS_3462,3462,Dairy FMMOS,DY-NA,Washington,DC,"Washington, DC",Washington,DC,FMMOS,FMMOS - non-mars,03/30/2021 14:11:00,2017,2017-APR,3.69,component,lmprs,
Dec,2017,,Pacific Northwest,124.0,3.99,Producer Milk Components,AMS_3462,3462,Dairy FMMOS,DY-NA,Washington,DC,"Washington, DC",Washington,DC,FMMOS,FMMOS - non-mars,03/30/2021 14:11:00,2017,2017-APR,3.95,component,lmprs,
Dec,2017,,Mideast,33.0,3.78,Producer Milk Components,AMS_3462,3462,Dairy FMMOS,DY-NA,Washington,DC,"Washington, DC",Washington,DC,FMMOS,FMMOS - non-mars,03/30/2021 14:11:00,2017,2017-APR,3.76,component,lmprs,
Dec,2017,,Northeast,1.0,3.85,Producer Milk Components,AMS_3462,3462,Dairy FMMOS,DY-NA,Washington,DC,"Washington, DC",Washington,DC,FMMOS,FMMOS - non-mars,03/30/2021 14:11:00,2017,2017-APR,3.86,component,lmprs,
Dec,2017,,Florida,6.0,3.69,Producer Milk Components,AMS_3462,3462,Dairy FMMOS,DY-NA,Washington,DC,"Washington, DC",Washington,DC,FMMOS,FMMOS - non-mars,03/30/2021 14:11:00,2017,2017-APR,3.65,component,lmprs,
Dec,2017,,Central,32.0,3.82,Producer Milk Components,AMS_3462,3462,Dairy FMMOS,DY-NA,Washington,DC,"Washington, DC",Washington,DC,FMMOS,FMMOS - non-mars,03/30/2021 14:11:00,2017,2017-APR,3.81,component,lmprs,
Dec,2017,,Arizona,131.0,3.62,Producer Milk Components,AMS_3462,3462,Dairy FMMOS,DY-NA,Washington,DC,"Washington, DC",Washington,DC,FMMOS,FMMOS - non-mars,03/30/2021 14:11:00,2017,2017-APR,3.55,component,lmprs,
Dec,2017,,All Markets Combined,,3.82,Producer Milk Components,AMS_3462,3462,Dairy FMMOS,DY-NA,Washington,DC,"Washington, DC",Washington,DC,FMMOS,FMMOS - non-mars,03/30/2021 14:11:00,2017,2017-APR,3.81,component,lmprs,
Dec,2017,,Appalachian,5.0,3.76,Producer Milk Components,AMS_3462,3462,Dairy FMMOS,DY-NA,Washington,DC,"Washington, DC",Washington,DC,FMMOS,FMMOS - non-mars,03/30/2021 14:11:00,2017,2017-APR,3.73,component,lmprs,
Dec,2018,,Appalachian,5.0,3.79,Producer Milk Components,AMS_3462,3462,Dairy FMMOS,DY-NA,Washington,DC,"Washington, DC",Washington,DC,FMMOS,FMMOS - non-mars,03/30/2021 14:09:00,2018,2018-APR,3.79,component,lmprs,
Dec,2018,,All Markets Combined,,3.88,Producer Milk Components,AMS_3462,3462,Dairy FMMOS,DY-NA,Washington,DC,"Washington, DC",Washington,DC,FMMOS,FMMOS - non-mars,03/30/2021 14:09:00,2018,2018-APR,3.89,component,lmprs,
Dec,2018,,Arizona,131.0,3.66,Producer Milk Components,AMS_3462,3462,Dairy FMMOS,DY-NA,Washington,DC,"Washington, DC",Washington,DC,FMMOS,FMMOS - non-mars,03/30/2021 14:09:00,2018,2018-APR,3.62,component,lmprs,
Dec,2018,,Central,32.0,3.89,Producer Milk Components,AMS_3462,3462,Dairy FMMOS,DY-NA,Washington,DC,"Washington, DC",Washington,DC,FMMOS,FMMOS - non-mars,03/30/2021 14:09:00,2018,2018-APR,3.89,component,lmprs,
Dec,2018,,California,51.0,4.01,Producer Milk Components,AMS_3462,3462,Dairy FMMOS,DY-NA,Washington,DC,"Washington, DC",Washington,DC,FMMOS,FMMOS - non-mars,03/30/2021 14:09:00,2018,2018-APR,,component,lmprs,
Dec,2018,,Florida,6.0,3.68,Producer Milk Components,AMS_3462,3462,Dairy FMMOS,DY-NA,Washington,DC,"Washington, DC",Washington,DC,FMMOS,FMMOS - non-mars,03/30/2021 14:09:00,2018,2018-APR,3.61,component,lmprs,
Dec,2018,,Northeast,1.0,3.86,Producer Milk Components,AMS_3462,3462,Dairy FMMOS,DY-NA,Washington,DC,"Washington, DC",Washington,DC,FMMOS,FMMOS - non-mars,03/30/2021 14:09:00,2018,2018-APR,3.90,component,lmprs,
Dec,2018,,Mideast,33.0,3.84,Producer Milk Components,AMS_3462,3462,Dairy FMMOS,DY-NA,Washington,DC,"Washington, DC",Washington,DC,FMMOS,FMMOS - non-mars,03/30/2021 14:09:00,2018,2018-APR,3.88,component,lmprs,
Dec,2018,,Pacific Northwest,124.0,4.07,Producer Milk Components,AMS_3462,3462,Dairy FMMOS,DY-NA,Washington,DC,"Washington, DC",Washington,DC,FMMOS,FMMOS - non-mars,03/30/2021 14:09:00,2018,2018-APR,3.99,component,lmprs,
Dec,2018,,Southeast,7.0,3.80,Producer Milk Components,AMS_3462,3462,Dairy FMMOS,DY-NA,Washington,DC,"Washington, DC",Washington,DC,FMMOS,FMMOS - non-mars,03/30/2021 14:09:00,2018,2018-APR,3.78,component,lmprs,
Dec,2018,,Upper Midwest,30.0,3.92,Producer Milk Components,AMS_3462,3462,Dairy FMMOS,DY-NA,Washington,DC,"Washington, DC",Washington,DC,FMMOS,FMMOS - non-mars,03/30/2021 14:09:00,2018,2018-APR,3.96,component,lmprs,
Dec,2018,,Southwest,126.0,3.94,Producer Milk Components,AMS_3462,3462,Dairy FMMOS,DY-NA,Washington,DC,"Washington, DC",Washington,DC,FMMOS,FMMOS - non-mars,03/30/2021 14:09:00,2018,2018-APR,3.93,component,lmprs,
Dec,2019,,Upper Midwest,30.0,3.93,Producer Milk Components,AMS_3462,3462,Dairy FMMOS,DY-NA,Washington,DC,"Washington, DC",Washington,DC,FMMOS,FMMOS - non-mars,03/30/2021 14:09:00,2019,2019-APR,3.93,component,lmprs,
Dec,2019,,Southeast,7.0,3.80,Producer Milk Components,AMS_3462,3462,Dairy FMMOS,DY-NA,Washington,DC,"Washington, DC",Washington,DC,FMMOS,FMMOS - non-mars,03/30/2021 14:09:00,2019,2019-APR,3.75,component,lmprs,
Dec,2019,,Southwest,126.0,3.99,Producer Milk Components,AMS_3462,3462,Dairy FMMOS,DY-NA,Washington,DC,"Washington, DC",Washington,DC,FMMOS,FMMOS - non-mars,03/30/2021 14:09:00,2019,2019-APR,3.98,component,lmprs,
Dec,2019,,Pacific Northwest,124.0,4.08,Producer Milk Components,AMS_3462,3462,Dairy FMMOS,DY-NA,Washington,DC,"Washington, DC",Washington,DC,FMMOS,FMMOS - non-mars,03/30/2021 14:09:00,2019,2019-APR,4.07,component,lmprs,
Dec,2019,,Northeast,1.0,3.89,Producer Milk Components,AMS_3462,3462,Dairy FMMOS,DY-NA,Washington,DC,"Washington, DC",Washington,DC,FMMOS,FMMOS - non-mars,03/30/2021 14:09:00,2019,2019-APR,3.90,component,lmprs,
Dec,2019,,Florida,6.0,3.66,Producer Milk Components,AMS_3462,3462,Dairy FMMOS,DY-NA,Washington,DC,"Washington, DC",Washington,DC,FMMOS,FMMOS - non-mars,03/30/2021 14:09:00,2019,2019-APR,3.60,component,lmprs,
Dec,2019,,Mideast,33.0,3.86,Producer Milk Components,AMS_3462,3462,Dairy FMMOS,DY-NA,Washington,DC,"Washington, DC",Washington,DC,FMMOS,FMMOS - non-mars,03/30/2021 14:09:00,2019,2019-APR,3.85,component,lmprs,
Dec,2019,,California,51.0,3.86,Producer Milk Components,AMS_3462,3462,Dairy FMMOS,DY-NA,Washington,DC,"Washington, DC",Washington,DC,FMMOS,FMMOS - non-mars,03/30/2021 14:09:00,2019,2019-APR,3.82,component,lmprs,
Dec,2019,,Central,32.0,3.92,Producer Milk Components,AMS_3462,3462,Dairy FMMOS,DY-NA,Washington,DC,"Washington, DC",Washington,DC,FMMOS,FMMOS - non-mars,03/30/2021 14:09:00,2019,2019-APR,3.90,component,lmprs,
Dec,2019,,Arizona,131.0,3.74,Producer Milk Components,AMS_3462,3462,Dairy FMMOS,DY-NA,Washington,DC,"Washington, DC",Washington,DC,FMMOS,FMMOS - non-mars,03/30/2021 14:09:00,2019,2019-APR,3.67,component,lmprs,
Dec,2019,,All Markets Combined,,3.90,Producer Milk Components,AMS_3462,3462,Dairy FMMOS,DY-NA,Washington,DC,"Washington, DC",Washington,DC,FMMOS,FMMOS - non-mars,03/30/2021 14:09:00,2019,2019-APR,3.88,component,lmprs,
Dec,2019,,Appalachian,5.0,3.80,Producer Milk Components,AMS_3462,3462,Dairy FMMOS,DY-NA,Washington,DC,"Washington, DC",Washington,DC,FMMOS,FMMOS - non-mars,03/30/2021 14:09:00,2019,2019-APR,3.76,component,lmprs,
Dec,2020,,Appalachian,5.0,3.86,Producer Milk Components,AMS_3462,3462,Dairy FMMOS,DY-NA,Washington,DC,"Washington, DC",Washington,DC,FMMOS,FMMOS - non-mars,02/23/2021 09:39:00,2020,2020-APR,3.83,component,lmprs,
Dec,2020,,All Markets Combined,,3.92,Producer Milk Components,AMS_3462,3462,Dairy FMMOS,DY-NA,Washington,DC,"Washington, DC",Washington,DC,FMMOS,FMMOS - non-mars,02/23/2021 09:39:00,2020,2020-APR,3.92,component,lmprs,
Dec,2020,,Arizona,131.0,3.75,Producer Milk Components,AMS_3462,3462,Dairy FMMOS,DY-NA,Washington,DC,"Washington, DC",Washington,DC,FMMOS,FMMOS - non-mars,02/23/2021 09:39:00,2020,2020-APR,3.72,component,lmprs,
Dec,2020,,Central,32.0,3.93,Producer Milk Components,AMS_3462,3462,Dairy FMMOS,DY-NA,Washington,DC,"Washington, DC",Washington,DC,FMMOS,FMMOS - non-mars,02/23/2021 09:39:00,2020,2020-APR,3.95,component,lmprs,
Dec,2020,,California,51.0,3.87,Producer Milk Components,AMS_3462,3462,Dairy FMMOS,DY-NA,Washington,DC,"Washington, DC",Washington,DC,FMMOS,FMMOS - non-mars,02/23/2021 09:39:00,2020,2020-APR,3.89,component,lmprs,
Dec,2020,,Mideast,33.0,3.89,Producer Milk Components,AMS_3462,3462,Dairy FMMOS,DY-NA,Washington,DC,"Washington, DC",Washington,DC,FMMOS,FMMOS - non-mars,02/23/2021 09:39:00,2020,2020-APR,3.89,component,lmprs,
Dec,2020,,Florida,6.0,3.70,Producer Milk Components,AMS_3462,3462,Dairy FMMOS,DY-NA,Washington,DC,"Washington, DC",Washington,DC,FMMOS,FMMOS - non-mars,02/23/2021 09:39:00,2020,2020-APR,3.65,component,lmprs,
Dec,2020,,Northeast,1.0,3.92,Producer Milk Components,AMS_3462,3462,Dairy FMMOS,DY-NA,Washington,DC,"Washington, DC",Washington,DC,FMMOS,FMMOS - non-mars,02/23/2021 09:39:00,2020,2020-APR,3.94,component,lmprs,
Dec,2020,,Pacific Northwest,124.0,4.07,Producer Milk Components,AMS_3462,3462,Dairy FMMOS,DY-NA,Washington,DC,"Washington, DC",Washington,DC,FMMOS,FMMOS - non-mars,02/23/2021 09:39:00,2020,2020-APR,4.03,component,lmprs,
Dec,2020,,Southwest,126.0,4.07,Producer Milk Components,AMS_3462,3462,Dairy FMMOS,DY-NA,Washington,DC,"Washington, DC",Washington,DC,FMMOS,FMMOS - non-mars,02/23/2021 09:39:00,2020,2020-APR,4.01,component,lmprs,
Dec,2020,,Southeast,7.0,3.84,Producer Milk Components,AMS_3462,3462,Dairy FMMOS,DY-NA,Washington,DC,"Washington, DC",Washington,DC,FMMOS,FMMOS - non-mars,02/23/2021 09:39:00,2020,2020-APR,3.79,component,lmprs,
Dec,2020,,Upper Midwest,30.0,3.96,Producer Milk Components,AMS_3462,3462,Dairy FMMOS,DY-NA,Washington,DC,"Washington, DC",Washington,DC,FMMOS,FMMOS - non-mars,02/23/2021 09:39:00,2020,2020-APR,3.96,component,lmprs,
Dec,2021,,Southwest,126.0,4.13,Producer Milk Components,AMS_3462,3462,Dairy FMMOS,DY-NA,Washington,DC,"Washington, DC",Washington,DC,FMMOS,FMMOS - non-mars,01/31/2022 07:17:00,2021,2021-APR,4.13,component,lmprs,
Dec,2021,,Pacific Northwest,124.0,4.11,Producer Milk Components,AMS_3462,3462,Dairy FMMOS,DY-NA,Washington,DC,"Washington, DC",Washington,DC,FMMOS,FMMOS - non-mars,01/31/2022 07:17:00,2021,2021-APR,4.06,component,lmprs,
Dec,2021,,Southeast,7.0,3.88,Producer Milk Components,AMS_3462,3462,Dairy FMMOS,DY-NA,Washington,DC,"Washington, DC",Washington,DC,FMMOS,FMMOS - non-mars,01/31/2022 07:17:00,2021,2021-APR,3.83,component,lmprs,
Dec,2021,,Northeast,1.0,3.99,Producer Milk Components,AMS_3462,3462,Dairy FMMOS,DY-NA,Washington,DC,"Washington, DC",Washington,DC,FMMOS,FMMOS - non-mars,01/31/2022 07:17:00,2021,2021-APR,3.98,component,lmprs,
Dec,2021,,Mideast,33.0,3.93,Producer Milk Components,AMS_3462,3462,Dairy FMMOS,DY-NA,Washington,DC,"Washington, DC",Washington,DC,FMMOS,FMMOS - non-mars,01/31/2022 07:17:00,2021,2021-APR,3.92,component,lmprs,
Dec,2021,,Central,32.0,3.98,Producer Milk Components,AMS_3462,3462,Dairy FMMOS,DY-NA,Washington,DC,"Washington, DC",Washington,DC,FMMOS,FMMOS - non-mars,01/31/2022 07:17:00,2021,2021-APR,3.98,component,lmprs,
Dec,2021,,Florida,6.0,3.66,Producer Milk Components,AMS_3462,3462,Dairy FMMOS,DY-NA,Washington,DC,"Washington, DC",Washington,DC,FMMOS,FMMOS - non-mars,01/31/2022 07:17:00,2021,2021-APR,3.61,component,lmprs,
Dec,2021,,California,51.0,3.92,Producer Milk Components,AMS_3462,3462,Dairy FMMOS,DY-NA,Washington,DC,"Washington, DC",Washington,DC,FMMOS,FMMOS - non-mars,01/31/2022 07:17:00,2021,2021-APR,3.88,component,lmprs,
Dec,2021,,Arizona,131.0,3.77,Producer Milk Components,AMS_3462,3462,Dairy FMMOS,DY-NA,Washington,DC,"Washington, DC",Washington,DC,FMMOS,FMMOS - non-mars,01/31/2022 07:17:00,2021,2021-APR,3.67,component,lmprs,
Dec,2021,,Appalachian,5.0,3.84,Producer Milk Components,AMS_3462,3462,Dairy FMMOS,DY-NA,Washington,DC,"Washington, DC",Washington,DC,FMMOS,FMMOS - non-mars,01/31/2022 07:17:00,2021,2021-APR,3.82,component,lmprs,
Dec,2021,,All Markets Combined,,3.97,Producer Milk Components,AMS_3462,3462,Dairy FMMOS,DY-NA,Washington,DC,"Washington, DC",Washington,DC,FMMOS,FMMOS - non-mars,01/31/2022 07:17:00,2021,2021-APR,3.94,component,lmprs,
Dec,2021,,Upper Midwest,30.0,4.03,Producer Milk Components,AMS_3462,3462,Dairy FMMOS,DY-NA,Washington,DC,"Washington, DC",Washington,DC,FMMOS,FMMOS - non-mars,01/31/2022 07:17:00,2021,2021-APR,4.01,component,lmprs,
Dec,2022,,Upper Midwest,30.0,4.12,Producer Milk Components,AMS_3462,3462,Dairy FMMOS,DY-NA,Washington,DC,"Washington, DC",Washington,DC,FMMOS,FMMOS - non-mars,01/30/2023 07:36:00,2022,2022-APR,4.10,component,lmprs,
Dec,2022,,All Markets Combined,,4.06,Producer Milk Components,AMS_3462,3462,Dairy FMMOS,DY-NA,Washington,DC,"Washington, DC",Washington,DC,FMMOS,FMMOS - non-mars,01/30/2023 07:36:00,2022,2022-APR,4.04,component,lmprs,
Dec,2022,,Appalachian,5.0,3.91,Producer Milk Components,AMS_3462,3462,Dairy FMMOS,DY-NA,Washington,DC,"Washington, DC",Washington,DC,FMMOS,FMMOS - non-mars,01/30/2023 07:36:00,2022,2022-APR,3.91,component,lmprs,
Dec,2022,,Arizona,131.0,3.81,Producer Milk Components,AMS_3462,3462,Dairy FMMOS,DY-NA,Washington,DC,"Washington, DC",Washington,DC,FMMOS,FMMOS - non-mars,01/30/2023 07:36:00,2022,2022-APR,3.75,component,lmprs,
Dec,2022,,California,51.0,4.05,Producer Milk Components,AMS_3462,3462,Dairy FMMOS,DY-NA,Washington,DC,"Washington, DC",Washington,DC,FMMOS,FMMOS - non-mars,01/30/2023 07:36:00,2022,2022-APR,4.03,component,lmprs,
Dec,2022,,Florida,6.0,3.70,Producer Milk Components,AMS_3462,3462,Dairy FMMOS,DY-NA,Washington,DC,"Washington, DC",Washington,DC,FMMOS,FMMOS - non-mars,01/30/2023 07:36:00,2022,2022-APR,3.65,component,lmprs,
Dec,2022,,Central,32.0,4.06,Producer Milk Components,AMS_3462,3462,Dairy FMMOS,DY-NA,Washington,DC,"Washington, DC",Washington,DC,FMMOS,FMMOS - non-mars,01/30/2023 07:36:00,2022,2022-APR,4.07,component,lmprs,
Dec,2022,,Mideast,33.0,4.02,Producer Milk Components,AMS_3462,3462,Dairy FMMOS,DY-NA,Washington,DC,"Washington, DC",Washington,DC,FMMOS,FMMOS - non-mars,01/30/2023 07:36:00,2022,2022-APR,4.04,component,lmprs,
Dec,2022,,Northeast,1.0,4.03,Producer Milk Components,AMS_3462,3462,Dairy FMMOS,DY-NA,Washington,DC,"Washington, DC",Washington,DC,FMMOS,FMMOS - non-mars,01/30/2023 07:36:00,2022,2022-APR,4.05,component,lmprs,
Dec,2022,,Southeast,7.0,3.96,Producer Milk Components,AMS_3462,3462,Dairy FMMOS,DY-NA,Washington,DC,"Washington, DC",Washington,DC,FMMOS,FMMOS - non-mars,01/30/2023 07:36:00,2022,2022-APR,3.92,component,lmprs,
Dec,2022,,Pacific Northwest,124.0,4.30,Producer Milk Components,AMS_3462,3462,Dairy FMMOS,DY-NA,Washington,DC,"Washington, DC",Washington,DC,FMMOS,FMMOS - non-mars,01/30/2023 07:36:00,2022,2022-APR,4.28,component,lmprs,
Dec,2022,,Southwest,126.0,4.13,Producer Milk Components,AMS_3462,3462,Dairy FMMOS,DY-NA,Washington,DC,"Washington, DC",Washington,DC,FMMOS,FMMOS - non-mars,01/30/2023 07:36:00,2022,2022-APR,4.10,component,lmprs,
Dec,2023,,Southwest,126.0,4.12,Producer Milk Components,AMS_3462,3462,Dairy FMMOS,DY-NA,Washington,DC,"Washington, DC",Washington,DC,FMMOS,FMMOS - non-mars,01/30/2024 09:42:00,2023,2023-APR,4.14,component,lmprs,
Dec,2023,,Pacific Northwest,124.0,4.32,Producer Milk Components,AMS_3462,3462,Dairy FMMOS,DY-NA,Washington,DC,"Washington, DC",Washington,DC,FMMOS,FMMOS - non-mars,01/30/2024 09:42:00,2023,2023-APR,4.20,component,lmprs,
Dec,2023,,Southeast,7.0,4.01,Producer Milk Components,AMS_3462,3462,Dairy FMMOS,DY-NA,Washington,DC,"Washington, DC",Washington,DC,FMMOS,FMMOS - non-mars,01/30/2024 09:42:00,2023,2023-APR,3.93,component,lmprs,
Dec,2023,,Northeast,1.0,4.12,Producer Milk Components,AMS_3462,3462,Dairy FMMOS,DY-NA,Washington,DC,"Washington, DC",Washington,DC,FMMOS,FMMOS - non-mars,01/30/2024 09:42:00,2023,2023-APR,4.12,component,lmprs,
Dec,2023,,Mideast,33.0,4.06,Producer Milk Components,AMS_3462,3462,Dairy FMMOS,DY-NA,Washington,DC,"Washington, DC",Washington,DC,FMMOS,FMMOS - non-mars,01/30/2024 09:42:00,2023,2023-APR,4.05,component,lmprs,
Dec,2023,,Central,32.0,4.11,Producer Milk Components,AMS_3462,3462,Dairy FMMOS,DY-NA,Washington,DC,"Washington, DC",Washington,DC,FMMOS,FMMOS - non-mars,01/30/2024 09:42:00,2023,2023-APR,4.09,component,lmprs,
Dec,2023,,Florida,6.0,3.82,Producer Milk Components,AMS_3462,3462,Dairy FMMOS,DY-NA,Washington,DC,"Washington, DC",Washington,DC,FMMOS,FMMOS - non-mars,01/30/2024 09:42:00,2023,2023-APR,3.77,component,lmprs,
Dec,2023,,California,51.0,4.12,Producer Milk Components,AMS_3462,3462,Dairy FMMOS,DY-NA,Washington,DC,"Washington, DC",Washington,DC,FMMOS,FMMOS - non-mars,01/30/2024 09:42:00,2023,2023-APR,4.03,component,lmprs,
Dec,2023,,Arizona,131.0,3.88,Producer Milk Components,AMS_3462,3462,Dairy FMMOS,DY-NA,Washington,DC,"Washington, DC",Washington,DC,FMMOS,FMMOS - non-mars,01/30/2024 09:42:00,2023,2023-APR,3.74,component,lmprs,
Dec,2023,,Appalachian,5.0,3.97,Producer Milk Components,AMS_3462,3462,Dairy FMMOS,DY-NA,Washington,DC,"Washington, DC",Washington,DC,FMMOS,FMMOS - non-mars,01/30/2024 09:42:00,2023,2023-APR,3.93,component,lmprs,
Dec,2023,,All Markets Combined,,4.11,Producer Milk Components,AMS_3462,3462,Dairy FMMOS,DY-NA,Washington,DC,"Washington, DC",Washington,DC,FMMOS,FMMOS - non-mars,01/30/2024 09:42:00,2023,2023-APR,4.08,component,lmprs,
Dec,2023,,Upper Midwest,30.0,4.17,Producer Milk Components,AMS_3462,3462,Dairy FMMOS,DY-NA,Washington,DC,"Washington, DC",Washington,DC,FMMOS,FMMOS - non-mars,01/30/2024 09:42:00,2023,2023-APR,4.19,component,lmprs,
Dec,2024,,Upper Midwest,30.0,4.27,Producer Milk Components,AMS_3462,3462,Dairy FMMOS,DY-NA,Washington,DC,"Washington, DC",Washington,DC,FMMOS,FMMOS - non-mars,01/23/2025 09:07:00,2024,2024-APR,4.29,component,lmprs,
Dec,2024,,All Markets Combined,,4.21,Producer Milk Components,AMS_3462,3462,Dairy FMMOS,DY-NA,Washington,DC,"Washington, DC",Washington,DC,FMMOS,FMMOS - non-mars,01/23/2025 09:07:00,2024,2024-APR,4.22,component,lmprs,
Dec,2024,,Appalachian,5.0,4.06,Producer Milk Components,AMS_3462,3462,Dairy FMMOS,DY-NA,Washington,DC,"Washington, DC",Washington,DC,FMMOS,FMMOS - non-mars,01/23/2025 09:07:00,2024,2024-APR,4.05,component,lmprs,
Dec,2024,,Arizona,131.0,4.07,Producer Milk Components,AMS_3462,3462,Dairy FMMOS,DY-NA,Washington,DC,"Washington, DC",Washington,DC,FMMOS,FMMOS - non-mars,01/23/2025 09:07:00,2024,2024-APR,4.01,component,lmprs,
Dec,2024,,California,51.0,4.18,Producer Milk Components,AMS_3462,3462,Dairy FMMOS,DY-NA,Washington,DC,"Washington, DC",Washington,DC,FMMOS,FMMOS - non-mars,01/23/2025 09:07:00,2024,2024-APR,4.20,component,lmprs,
Dec,2024,,Florida,6.0,3.92,Producer Milk Components,AMS_3462,3462,Dairy FMMOS,DY-NA,Washington,DC,"Washington, DC",Washington,DC,FMMOS,FMMOS - non-mars,01/23/2025 09:07:00,2024,2024-APR,3.91,component,lmprs,
Dec,2024,,Central,32.0,4.19,Producer Milk Components,AMS_3462,3462,Dairy FMMOS,DY-NA,Washington,DC,"Washington, DC",Washington,DC,FMMOS,FMMOS - non-mars,01/23/2025 09:07:00,2024,2024-APR,4.23,component,lmprs,
Dec,2024,,Mideast,33.0,4.17,Producer Milk Components,AMS_3462,3462,Dairy FMMOS,DY-NA,Washington,DC,"Washington, DC",Washington,DC,FMMOS,FMMOS - non-mars,01/23/2025 09:07:00,2024,2024-APR,4.17,component,lmprs,
Dec,2024,,Northeast,1.0,4.22,Producer Milk Components,AMS_3462,3462,Dairy FMMOS,DY-NA,Washington,DC,"Washington, DC",Washington,DC,FMMOS,FMMOS - non-mars,01/23/2025 09:07:00,2024,2024-APR,4.26,component,lmprs,
Dec,2024,,Southeast,7.0,4.11,Producer Milk Components,AMS_3462,3462,Dairy FMMOS,DY-NA,Washington,DC,"Washington, DC",Washington,DC,FMMOS,FMMOS - non-mars,01/23/2025 09:07:00,2024,2024-APR,4.07,component,lmprs,
Dec,2024,,Pacific Northwest,124.0,4.39,Producer Milk Components,AMS_3462,3462,Dairy FMMOS,DY-NA,Washington,DC,"Washington, DC",Washington,DC,FMMOS,FMMOS - non-mars,01/23/2025 09:07:00,2024,2024-APR,4.35,component,lmprs,
Dec,2024,,Southwest,126.0,4.24,Producer Milk Components,AMS_3462,3462,Dairy FMMOS,DY-NA,Washington,DC,"Washington, DC",Washington,DC,FMMOS,FMMOS - non-mars,01/23/2025 09:07:00,2024,2024-APR,4.19,component,lmprs,
Dec,2025,,Southwest,126.0,4.38,Producer Milk Components,AMS_3462,3462,Dairy FMMOS,DY-NA,Washington,DC,"Washington, DC",Washington,DC,FMMOS,FMMOS - non-mars,01/21/2026 11:39:00,2025,2025-APR,4.31,component,lmprs,
Dec,2025,,Pacific Northwest,124.0,4.45,Producer Milk Components,AMS_3462,3462,Dairy FMMOS,DY-NA,Washington,DC,"Washington, DC",Washington,DC,FMMOS,FMMOS - non-mars,01/21/2026 11:39:00,2025,2025-APR,4.44,component,lmprs,
Dec,2025,,Southeast,7.0,4.19,Producer Milk Components,AMS_3462,3462,Dairy FMMOS,DY-NA,Washington,DC,"Washington, DC",Washington,DC,FMMOS,FMMOS - non-mars,01/21/2026 11:39:00,2025,2025-APR,4.16,component,lmprs,
Dec,2025,,Northeast,1.0,4.33,Producer Milk Components,AMS_3462,3462,Dairy FMMOS,DY-NA,Washington,DC,"Washington, DC",Washington,DC,FMMOS,FMMOS - non-mars,01/21/2026 11:39:00,2025,2025-APR,4.34,component,lmprs,
Dec,2025,,Mideast,33.0,4.30,Producer Milk Components,AMS_3462,3462,Dairy FMMOS,DY-NA,Washington,DC,"Washington, DC",Washington,DC,FMMOS,FMMOS - non-mars,01/21/2026 11:39:00,2025,2025-APR,4.32,component,lmprs,
Dec,2025,,Central,32.0,4.25,Producer Milk Components,AMS_3462,3462,Dairy FMMOS,DY-NA,Washington,DC,"Washington, DC",Washington,DC,FMMOS,FMMOS - non-mars,01/21/2026 11:39:00,2025,2025-APR,4.27,component,lmprs,
Dec,2025,,Florida,6.0,3.94,Producer Milk Components,AMS_3462,3462,Dairy FMMOS,DY-NA,Washington,DC,"Washington, DC",Washington,DC,FMMOS,FMMOS - non-mars,01/21/2026 11:39:00,2025,2025-APR,3.92,component,lmprs,
Dec,2025,,California,51.0,4.22,Producer Milk Components,AMS_3462,3462,Dairy FMMOS,DY-NA,Washington,DC,"Washington, DC",Washington,DC,FMMOS,FMMOS - non-mars,01/21/2026 11:39:00,2025,2025-APR,4.22,component,lmprs,
Dec,2025,,Arizona,131.0,4.10,Producer Milk Components,AMS_3462,3462,Dairy FMMOS,DY-NA,Washington,DC,"Washington, DC",Washington,DC,FMMOS,FMMOS - non-mars,01/21/2026 11:39:00,2025,2025-APR,4.12,component,lmprs,
Dec,2025,,Appalachian,5.0,4.13,Producer Milk Components,AMS_3462,3462,Dairy FMMOS,DY-NA,Washington,DC,"Washington, DC",Washington,DC,FMMOS,FMMOS - non-mars,01/21/2026 11:39:00,2025,2025-APR,4.10,component,lmprs,
Dec,2025,,All Markets Combined,,4.29,Producer Milk Components,AMS_3462,3462,Dairy FMMOS,DY-NA,Washington,DC,"Washington, DC",Washington,DC,FMMOS,FMMOS - non-mars,01/21/2026 11:39:00,2025,2025-APR,4.29,component,lmprs,
Dec,2025,,Upper Midwest,30.0,4.33,Producer Milk Components,AMS_3462,3462,Dairy FMMOS,DY-NA,Washington,DC,"Washington, DC",Washington,DC,FMMOS,FMMOS - non-mars,01/21/2026 11:39:00,2025,2025-APR,4.38,component,lmprs,
Mar,2026,,Upper Midwest,30.0,4.46,Producer Milk Components,AMS_3462,3462,Dairy FMMOS,DY-NA,Washington,DC,"Washington, DC",Washington,DC,FMMOS,FMMOS - non-mars,04/21/2026 05:48:00,2026,2026-APR,,component,lmprs,
Mar,2026,,All Markets Combined,,4.42,Producer Milk Components,AMS_3462,3462,Dairy FMMOS,DY-NA,Washington,DC,"Washington, DC",Washington,DC,FMMOS,FMMOS - non-mars,04/21/2026 05:48:00,2026,2026-APR,,component,lmprs,
Mar,2026,,Appalachian,5.0,4.23,Producer Milk Components,AMS_3462,3462,Dairy FMMOS,DY-NA,Washington,DC,"Washington, DC",Washington,DC,FMMOS,FMMOS - non-mars,04/21/2026 05:48:00,2026,2026-APR,,component,lmprs,
Mar,2026,,Arizona,131.0,4.16,Producer Milk Components,AMS_3462,3462,Dairy FMMOS,DY-NA,Washington,DC,"Washington, DC",Washington,DC,FMMOS,FMMOS - non-mars,04/21/2026 05:48:00,2026,2026-APR,,component,lmprs,
Mar,2026,,California,51.0,4.31,Producer Milk Components,AMS_3462,3462,Dairy FMMOS,DY-NA,Washington,DC,"Washington, DC",Washington,DC,FMMOS,FMMOS - non-mars,04/21/2026 05:48:00,2026,2026-APR,,component,lmprs,
Mar,2026,,Florida,6.0,3.97,Producer Milk Components,AMS_3462,3462,Dairy FMMOS,DY-NA,Washington,DC,"Washington, DC",Washington,DC,FMMOS,FMMOS - non-mars,04/21/2026 05:48:00,2026,2026-APR,,component,lmprs,
Mar,2026,,Central,32.0,4.36,Producer Milk Components,AMS_3462,3462,Dairy FMMOS,DY-NA,Washington,DC,"Washington, DC",Washington,DC,FMMOS,FMMOS - non-mars,04/21/2026 05:48:00,2026,2026-APR,,component,lmprs,
Mar,2026,,Mideast,33.0,4.45,Producer Milk Components,AMS_3462,3462,Dairy FMMOS,DY-NA,Washington,DC,"Washington, DC",Washington,DC,FMMOS,FMMOS - non-mars,04/21/2026 05:48:00,2026,2026-APR,,component,lmprs,
Mar,2026,,Northeast,1.0,4.53,Producer Milk Components,AMS_3462,3462,Dairy FMMOS,DY-NA,Washington,DC,"Washington, DC",Washington,DC,FMMOS,FMMOS - non-mars,04/21/2026 05:48:00,2026,2026-APR,,component,lmprs,
Mar,2026,,Southeast,7.0,4.32,Producer Milk Components,AMS_3462,3462,Dairy FMMOS,DY-NA,Washington,DC,"Washington, DC",Washington,DC,FMMOS,FMMOS - non-mars,04/21/2026 05:48:00,2026,2026-APR,,component,lmprs,
Mar,2026,,Pacific Northwest,124.0,4.56,Producer Milk Components,AMS_3462,3462,Dairy FMMOS,DY-NA,Washington,DC,"Washington, DC",Washington,DC,FMMOS,FMMOS - non-mars,04/21/2026 05:48:00,2026,2026-APR,,component,lmprs,
Mar,2026,,Southwest,126.0,4.52,Producer Milk Components,AMS_3462,3462,Dairy FMMOS,DY-NA,Washington,DC,"Washington, DC",Washington,DC,FMMOS,FMMOS - non-mars,04/21/2026 05:48:00,2026,2026-APR,,component,lmprs,
Dec,2000,,All Markets Combined,,3.69,Producer Milk Components,AMS_3462,3462,Dairy FMMOS,DY-NA,Washington,DC,"Washington, DC",Washington,DC,FMMOS,FMMOS - non-mars,04/09/2021 07:48:00,2000,2000-MAY,3.62,component,lmprs,
Dec,2000,,Appalachian,5.0,3.67,Producer Milk Components,AMS_3462,3462,Dairy FMMOS,DY-NA,Washington,DC,"Washington, DC",Washington,DC,FMMOS,FMMOS - non-mars,04/09/2021 07:48:00,2000,2000-MAY,3.60,component,lmprs,
Dec,2000,,Arizona,131.0,3.62,Producer Milk Components,AMS_3462,3462,Dairy FMMOS,DY-NA,Washington,DC,"Washington, DC",Washington,DC,FMMOS,FMMOS - non-mars,04/09/2021 07:48:00,2000,2000-MAY,3.51,component,lmprs,
Dec,2000,,Central,32.0,3.69,Producer Milk Components,AMS_3462,3462,Dairy FMMOS,DY-NA,Washington,DC,"Washington, DC",Washington,DC,FMMOS,FMMOS - non-mars,04/09/2021 07:48:00,2000,2000-MAY,3.62,component,lmprs,
Dec,2000,,Florida,6.0,3.60,Producer Milk Components,AMS_3462,3462,Dairy FMMOS,DY-NA,Washington,DC,"Washington, DC",Washington,DC,FMMOS,FMMOS - non-mars,04/09/2021 07:48:00,2000,2000-MAY,3.54,component,lmprs,
Dec,2000,,Mideast,33.0,3.72,Producer Milk Components,AMS_3462,3462,Dairy FMMOS,DY-NA,Washington,DC,"Washington, DC",Washington,DC,FMMOS,FMMOS - non-mars,04/09/2021 07:48:00,2000,2000-MAY,3.64,component,lmprs,
Dec,2000,,Northeast,1.0,3.71,Producer Milk Components,AMS_3462,3462,Dairy FMMOS,DY-NA,Washington,DC,"Washington, DC",Washington,DC,FMMOS,FMMOS - non-mars,04/09/2021 07:48:00,2000,2000-MAY,3.68,component,lmprs,
Dec,2000,,Pacific Northwest,124.0,3.65,Producer Milk Components,AMS_3462,3462,Dairy FMMOS,DY-NA,Washington,DC,"Washington, DC",Washington,DC,FMMOS,FMMOS - non-mars,04/09/2021 07:48:00,2000,2000-MAY,3.58,component,lmprs,
Dec,2000,,Southeast,7.0,3.64,Producer Milk Components,AMS_3462,3462,Dairy FMMOS,DY-NA,Washington,DC,"Washington, DC",Washington,DC,FMMOS,FMMOS - non-mars,04/09/2021 07:48:00,2000,2000-MAY,3.52,component,lmprs,
Dec,2000,,Southwest,126.0,3.60,Producer Milk Components,AMS_3462,3462,Dairy FMMOS,DY-NA,Washington,DC,"Washington, DC",Washington,DC,FMMOS,FMMOS - non-mars,04/09/2021 07:48:00,2000,2000-MAY,3.54,component,lmprs,
Dec,2000,,Upper Midwest,30.0,3.73,Producer Milk Components,AMS_3462,3462,Dairy FMMOS,DY-NA,Washington,DC,"Washington, DC",Washington,DC,FMMOS,FMMOS - non-mars,04/09/2021 07:48:00,2000,2000-MAY,3.67,component,lmprs,
Dec,2000,,Western,135.0,3.60,Producer Milk Components,AMS_3462,3462,Dairy FMMOS,DY-NA,Washington,DC,"Washington, DC",Washington,DC,FMMOS,FMMOS - non-mars,04/09/2021 07:48:00,2000,2000-MAY,3.53,component,lmprs,
Dec,2001,,Western,135.0,3.61,Producer Milk Components,AMS_3462,3462,Dairy FMMOS,DY-NA,Washington,DC,"Washington, DC",Washington,DC,FMMOS,FMMOS - non-mars,04/09/2021 07:46:00,2001,2001-MAY,3.54,component,lmprs,
Dec,2001,,Upper Midwest,30.0,3.72,Producer Milk Components,AMS_3462,3462,Dairy FMMOS,DY-NA,Washington,DC,"Washington, DC",Washington,DC,FMMOS,FMMOS - non-mars,04/09/2021 07:46:00,2001,2001-MAY,3.66,component,lmprs,
Dec,2001,,Southwest,126.0,3.62,Producer Milk Components,AMS_3462,3462,Dairy FMMOS,DY-NA,Washington,DC,"Washington, DC",Washington,DC,FMMOS,FMMOS - non-mars,04/09/2021 07:46:00,2001,2001-MAY,3.50,component,lmprs,
Dec,2001,,Southeast,7.0,3.64,Producer Milk Components,AMS_3462,3462,Dairy FMMOS,DY-NA,Washington,DC,"Washington, DC",Washington,DC,FMMOS,FMMOS - non-mars,04/09/2021 07:46:00,2001,2001-MAY,3.51,component,lmprs,
Dec,2001,,Pacific Northwest,124.0,3.66,Producer Milk Components,AMS_3462,3462,Dairy FMMOS,DY-NA,Washington,DC,"Washington, DC",Washington,DC,FMMOS,FMMOS - non-mars,04/09/2021 07:46:00,2001,2001-MAY,3.59,component,lmprs,
Dec,2001,,Northeast,1.0,3.68,Producer Milk Components,AMS_3462,3462,Dairy FMMOS,DY-NA,Washington,DC,"Washington, DC",Washington,DC,FMMOS,FMMOS - non-mars,04/09/2021 07:46:00,2001,2001-MAY,3.63,component,lmprs,
Dec,2001,,Mideast,33.0,3.68,Producer Milk Components,AMS_3462,3462,Dairy FMMOS,DY-NA,Washington,DC,"Washington, DC",Washington,DC,FMMOS,FMMOS - non-mars,04/09/2021 07:46:00,2001,2001-MAY,3.61,component,lmprs,
Dec,2001,,Florida,6.0,3.60,Producer Milk Components,AMS_3462,3462,Dairy FMMOS,DY-NA,Washington,DC,"Washington, DC",Washington,DC,FMMOS,FMMOS - non-mars,04/09/2021 07:46:00,2001,2001-MAY,3.55,component,lmprs,
Dec,2001,,Central,32.0,3.69,Producer Milk Components,AMS_3462,3462,Dairy FMMOS,DY-NA,Washington,DC,"Washington, DC",Washington,DC,FMMOS,FMMOS - non-mars,04/09/2021 07:46:00,2001,2001-MAY,3.62,component,lmprs,
Dec,2001,,Arizona,131.0,3.62,Producer Milk Components,AMS_3462,3462,Dairy FMMOS,DY-NA,Washington,DC,"Washington, DC",Washington,DC,FMMOS,FMMOS - non-mars,04/09/2021 07:46:00,2001,2001-MAY,3.54,component,lmprs,
Dec,2001,,Appalachian,5.0,3.65,Producer Milk Components,AMS_3462,3462,Dairy FMMOS,DY-NA,Washington,DC,"Washington, DC",Washington,DC,FMMOS,FMMOS - non-mars,04/09/2021 07:46:00,2001,2001-MAY,3.55,component,lmprs,
Dec,2001,,All Markets Combined,,3.67,Producer Milk Components,AMS_3462,3462,Dairy FMMOS,DY-NA,Washington,DC,"Washington, DC",Washington,DC,FMMOS,FMMOS - non-mars,04/09/2021 07:46:00,2001,2001-MAY,3.60,component,lmprs,
Dec,2002,,All Markets Combined,,3.69,Producer Milk Components,AMS_3462,3462,Dairy FMMOS,DY-NA,Washington,DC,"Washington, DC",Washington,DC,FMMOS,FMMOS - non-mars,04/09/2021 07:46:00,2002,2002-MAY,3.63,component,lmprs,
Dec,2002,,Appalachian,5.0,3.66,Producer Milk Components,AMS_3462,3462,Dairy FMMOS,DY-NA,Washington,DC,"Washington, DC",Washington,DC,FMMOS,FMMOS - non-mars,04/09/2021 07:46:00,2002,2002-MAY,3.57,component,lmprs,
Dec,2002,,Arizona,131.0,3.63,Producer Milk Components,AMS_3462,3462,Dairy FMMOS,DY-NA,Washington,DC,"Washington, DC",Washington,DC,FMMOS,FMMOS - non-mars,04/09/2021 07:46:00,2002,2002-MAY,3.56,component,lmprs,
Dec,2002,,Central,32.0,3.70,Producer Milk Components,AMS_3462,3462,Dairy FMMOS,DY-NA,Washington,DC,"Washington, DC",Washington,DC,FMMOS,FMMOS - non-mars,04/09/2021 07:46:00,2002,2002-MAY,3.64,component,lmprs,
Dec,2002,,Florida,6.0,3.67,Producer Milk Components,AMS_3462,3462,Dairy FMMOS,DY-NA,Washington,DC,"Washington, DC",Washington,DC,FMMOS,FMMOS - non-mars,04/09/2021 07:46:00,2002,2002-MAY,3.60,component,lmprs,
Dec,2002,,Mideast,33.0,3.69,Producer Milk Components,AMS_3462,3462,Dairy FMMOS,DY-NA,Washington,DC,"Washington, DC",Washington,DC,FMMOS,FMMOS - non-mars,04/09/2021 07:46:00,2002,2002-MAY,3.65,component,lmprs,
Dec,2002,,Northeast,1.0,3.69,Producer Milk Components,AMS_3462,3462,Dairy FMMOS,DY-NA,Washington,DC,"Washington, DC",Washington,DC,FMMOS,FMMOS - non-mars,04/09/2021 07:46:00,2002,2002-MAY,3.67,component,lmprs,
Dec,2002,,Pacific Northwest,124.0,3.67,Producer Milk Components,AMS_3462,3462,Dairy FMMOS,DY-NA,Washington,DC,"Washington, DC",Washington,DC,FMMOS,FMMOS - non-mars,04/09/2021 07:46:00,2002,2002-MAY,3.61,component,lmprs,
Dec,2002,,Southeast,7.0,3.66,Producer Milk Components,AMS_3462,3462,Dairy FMMOS,DY-NA,Washington,DC,"Washington, DC",Washington,DC,FMMOS,FMMOS - non-mars,04/09/2021 07:46:00,2002,2002-MAY,3.54,component,lmprs,
Dec,2002,,Southwest,126.0,3.64,Producer Milk Components,AMS_3462,3462,Dairy FMMOS,DY-NA,Washington,DC,"Washington, DC",Washington,DC,FMMOS,FMMOS - non-mars,04/09/2021 07:46:00,2002,2002-MAY,3.54,component,lmprs,
Dec,2002,,Upper Midwest,30.0,3.73,Producer Milk Components,AMS_3462,3462,Dairy FMMOS,DY-NA,Washington,DC,"Washington, DC",Washington,DC,FMMOS,FMMOS - non-mars,04/09/2021 07:46:00,2002,2002-MAY,3.71,component,lmprs,
Dec,2002,,Western,135.0,3.63,Producer Milk Components,AMS_3462,3462,Dairy FMMOS,DY-NA,Washington,DC,"Washington, DC",Washington,DC,FMMOS,FMMOS - non-mars,04/09/2021 07:46:00,2002,2002-MAY,3.55,component,lmprs,
Dec,2003,,Western,135.0,3.60,Producer Milk Components,AMS_3462,3462,Dairy FMMOS,DY-NA,Washington,DC,"Washington, DC",Washington,DC,FMMOS,FMMOS - non-mars,04/09/2021 07:46:00,2003,2003-MAY,3.55,component,lmprs,
Dec,2003,,Upper Midwest,30.0,3.72,Producer Milk Components,AMS_3462,3462,Dairy FMMOS,DY-NA,Washington,DC,"Washington, DC",Washington,DC,FMMOS,FMMOS - non-mars,04/09/2021 07:46:00,2003,2003-MAY,3.66,component,lmprs,
Dec,2003,,Southwest,126.0,3.62,Producer Milk Components,AMS_3462,3462,Dairy FMMOS,DY-NA,Washington,DC,"Washington, DC",Washington,DC,FMMOS,FMMOS - non-mars,04/09/2021 07:46:00,2003,2003-MAY,3.52,component,lmprs,
Dec,2003,,Southeast,7.0,3.63,Producer Milk Components,AMS_3462,3462,Dairy FMMOS,DY-NA,Washington,DC,"Washington, DC",Washington,DC,FMMOS,FMMOS - non-mars,04/09/2021 07:46:00,2003,2003-MAY,3.50,component,lmprs,
Dec,2003,,Northeast,1.0,3.70,Producer Milk Components,AMS_3462,3462,Dairy FMMOS,DY-NA,Washington,DC,"Washington, DC",Washington,DC,FMMOS,FMMOS - non-mars,04/09/2021 07:46:00,2003,2003-MAY,3.66,component,lmprs,
Dec,2003,,Pacific Northwest,124.0,3.66,Producer Milk Components,AMS_3462,3462,Dairy FMMOS,DY-NA,Washington,DC,"Washington, DC",Washington,DC,FMMOS,FMMOS - non-mars,04/09/2021 07:46:00,2003,2003-MAY,3.62,component,lmprs,
Dec,2003,,Mideast,33.0,3.69,Producer Milk Components,AMS_3462,3462,Dairy FMMOS,DY-NA,Washington,DC,"Washington, DC",Washington,DC,FMMOS,FMMOS - non-mars,04/09/2021 07:46:00,2003,2003-MAY,3.62,component,lmprs,
Dec,2003,,Florida,6.0,3.57,Producer Milk Components,AMS_3462,3462,Dairy FMMOS,DY-NA,Washington,DC,"Washington, DC",Washington,DC,FMMOS,FMMOS - non-mars,04/09/2021 07:46:00,2003,2003-MAY,3.46,component,lmprs,
Dec,2003,,Arizona,131.0,3.59,Producer Milk Components,AMS_3462,3462,Dairy FMMOS,DY-NA,Washington,DC,"Washington, DC",Washington,DC,FMMOS,FMMOS - non-mars,04/09/2021 07:46:00,2003,2003-MAY,3.54,component,lmprs,
Dec,2003,,Central,32.0,3.68,Producer Milk Components,AMS_3462,3462,Dairy FMMOS,DY-NA,Washington,DC,"Washington, DC",Washington,DC,FMMOS,FMMOS - non-mars,04/09/2021 07:46:00,2003,2003-MAY,3.60,component,lmprs,
Dec,2003,,Appalachian,5.0,3.65,Producer Milk Components,AMS_3462,3462,Dairy FMMOS,DY-NA,Washington,DC,"Washington, DC",Washington,DC,FMMOS,FMMOS - non-mars,04/09/2021 07:46:00,2003,2003-MAY,3.59,component,lmprs,
Dec,2003,,All Markets Combined,,3.67,Producer Milk Components,AMS_3462,3462,Dairy FMMOS,DY-NA,Washington,DC,"Washington, DC",Washington,DC,FMMOS,FMMOS - non-mars,04/09/2021 07:46:00,2003,2003-MAY,3.61,component,lmprs,
Dec,2004,,All Markets Combined,,3.67,Producer Milk Components,AMS_3462,3462,Dairy FMMOS,DY-NA,Washington,DC,"Washington, DC",Washington,DC,FMMOS,FMMOS - non-mars,04/09/2021 07:44:00,2004,2004-MAY,3.57,component,lmprs,
Dec,2004,,Appalachian,5.0,3.62,Producer Milk Components,AMS_3462,3462,Dairy FMMOS,DY-NA,Washington,DC,"Washington, DC",Washington,DC,FMMOS,FMMOS - non-mars,04/09/2021 07:44:00,2004,2004-MAY,3.52,component,lmprs,
Dec,2004,,Central,32.0,3.66,Producer Milk Components,AMS_3462,3462,Dairy FMMOS,DY-NA,Washington,DC,"Washington, DC",Washington,DC,FMMOS,FMMOS - non-mars,04/09/2021 07:44:00,2004,2004-MAY,3.58,component,lmprs,
Dec,2004,,Arizona,131.0,3.61,Producer Milk Components,AMS_3462,3462,Dairy FMMOS,DY-NA,Washington,DC,"Washington, DC",Washington,DC,FMMOS,FMMOS - non-mars,04/09/2021 07:44:00,2004,2004-MAY,3.52,component,lmprs,
Dec,2004,,Florida,6.0,3.61,Producer Milk Components,AMS_3462,3462,Dairy FMMOS,DY-NA,Washington,DC,"Washington, DC",Washington,DC,FMMOS,FMMOS - non-mars,04/09/2021 07:44:00,2004,2004-MAY,3.55,component,lmprs,
Dec,2004,,Mideast,33.0,3.67,Producer Milk Components,AMS_3462,3462,Dairy FMMOS,DY-NA,Washington,DC,"Washington, DC",Washington,DC,FMMOS,FMMOS - non-mars,04/09/2021 07:44:00,2004,2004-MAY,3.58,component,lmprs,
Dec,2004,,Pacific Northwest,124.0,3.68,Producer Milk Components,AMS_3462,3462,Dairy FMMOS,DY-NA,Washington,DC,"Washington, DC",Washington,DC,FMMOS,FMMOS - non-mars,04/09/2021 07:44:00,2004,2004-MAY,3.57,component,lmprs,
Dec,2004,,Northeast,1.0,3.66,Producer Milk Components,AMS_3462,3462,Dairy FMMOS,DY-NA,Washington,DC,"Washington, DC",Washington,DC,FMMOS,FMMOS - non-mars,04/09/2021 07:44:00,2004,2004-MAY,3.59,component,lmprs,
Dec,2004,,Southeast,7.0,3.65,Producer Milk Components,AMS_3462,3462,Dairy FMMOS,DY-NA,Washington,DC,"Washington, DC",Washington,DC,FMMOS,FMMOS - non-mars,04/09/2021 07:44:00,2004,2004-MAY,3.53,component,lmprs,
Dec,2004,,Southwest,126.0,3.64,Producer Milk Components,AMS_3462,3462,Dairy FMMOS,DY-NA,Washington,DC,"Washington, DC",Washington,DC,FMMOS,FMMOS - non-mars,04/09/2021 07:44:00,2004,2004-MAY,3.55,component,lmprs,
Dec,2004,,Upper Midwest,30.0,3.72,Producer Milk Components,AMS_3462,3462,Dairy FMMOS,DY-NA,Washington,DC,"Washington, DC",Washington,DC,FMMOS,FMMOS - non-mars,04/09/2021 07:44:00,2004,2004-MAY,3.66,component,lmprs,
Dec,2004,,Western,135.0,3.70,Producer Milk Components,AMS_3462,3462,Dairy FMMOS,DY-NA,Washington,DC,"Washington, DC",Washington,DC,FMMOS,FMMOS - non-mars,04/09/2021 07:44:00,2004,2004-MAY,,component,lmprs,
Dec,2005,,Upper Midwest,30.0,3.71,Producer Milk Components,AMS_3462,3462,Dairy FMMOS,DY-NA,Washington,DC,"Washington, DC",Washington,DC,FMMOS,FMMOS - non-mars,03/30/2021 14:16:00,2005,2005-MAY,3.68,component,lmprs,
Dec,2005,,Southwest,126.0,3.66,Producer Milk Components,AMS_3462,3462,Dairy FMMOS,DY-NA,Washington,DC,"Washington, DC",Washington,DC,FMMOS,FMMOS - non-mars,03/30/2021 14:16:00,2005,2005-MAY,3.57,component,lmprs,
Dec,2005,,Southeast,7.0,3.63,Producer Milk Components,AMS_3462,3462,Dairy FMMOS,DY-NA,Washington,DC,"Washington, DC",Washington,DC,FMMOS,FMMOS - non-mars,03/30/2021 14:16:00,2005,2005-MAY,3.52,component,lmprs,
Dec,2005,,Northeast,1.0,3.67,Producer Milk Components,AMS_3462,3462,Dairy FMMOS,DY-NA,Washington,DC,"Washington, DC",Washington,DC,FMMOS,FMMOS - non-mars,03/30/2021 14:16:00,2005,2005-MAY,3.62,component,lmprs,
Dec,2005,,Pacific Northwest,124.0,3.67,Producer Milk Components,AMS_3462,3462,Dairy FMMOS,DY-NA,Washington,DC,"Washington, DC",Washington,DC,FMMOS,FMMOS - non-mars,03/30/2021 14:16:00,2005,2005-MAY,3.58,component,lmprs,
Dec,2005,,Mideast,33.0,3.65,Producer Milk Components,AMS_3462,3462,Dairy FMMOS,DY-NA,Washington,DC,"Washington, DC",Washington,DC,FMMOS,FMMOS - non-mars,03/30/2021 14:16:00,2005,2005-MAY,3.60,component,lmprs,
Dec,2005,,Florida,6.0,3.60,Producer Milk Components,AMS_3462,3462,Dairy FMMOS,DY-NA,Washington,DC,"Washington, DC",Washington,DC,FMMOS,FMMOS - non-mars,03/30/2021 14:16:00,2005,2005-MAY,3.51,component,lmprs,
Dec,2005,,Central,32.0,3.64,Producer Milk Components,AMS_3462,3462,Dairy FMMOS,DY-NA,Washington,DC,"Washington, DC",Washington,DC,FMMOS,FMMOS - non-mars,03/30/2021 14:16:00,2005,2005-MAY,3.58,component,lmprs,
Dec,2005,,Appalachian,5.0,3.62,Producer Milk Components,AMS_3462,3462,Dairy FMMOS,DY-NA,Washington,DC,"Washington, DC",Washington,DC,FMMOS,FMMOS - non-mars,03/30/2021 14:16:00,2005,2005-MAY,3.53,component,lmprs,
Dec,2005,,Arizona,131.0,3.59,Producer Milk Components,AMS_3462,3462,Dairy FMMOS,DY-NA,Washington,DC,"Washington, DC",Washington,DC,FMMOS,FMMOS - non-mars,03/30/2021 14:16:00,2005,2005-MAY,3.53,component,lmprs,
Dec,2005,,All Markets Combined,,3.66,Producer Milk Components,AMS_3462,3462,Dairy FMMOS,DY-NA,Washington,DC,"Washington, DC",Washington,DC,FMMOS,FMMOS - non-mars,03/30/2021 14:16:00,2005,2005-MAY,3.60,component,lmprs,
Dec,2006,,All Markets Combined,,3.69,Producer Milk Components,AMS_3462,3462,Dairy FMMOS,DY-NA,Washington,DC,"Washington, DC",Washington,DC,FMMOS,FMMOS - non-mars,03/30/2021 14:16:00,2006,2006-MAY,3.63,component,lmprs,
Dec,2006,,Arizona,131.0,3.59,Producer Milk Components,AMS_3462,3462,Dairy FMMOS,DY-NA,Washington,DC,"Washington, DC",Washington,DC,FMMOS,FMMOS - non-mars,03/30/2021 14:16:00,2006,2006-MAY,3.50,component,lmprs,
Dec,2006,,Appalachian,5.0,3.67,Producer Milk Components,AMS_3462,3462,Dairy FMMOS,DY-NA,Washington,DC,"Washington, DC",Washington,DC,FMMOS,FMMOS - non-mars,03/30/2021 14:16:00,2006,2006-MAY,3.60,component,lmprs,
Dec,2006,,Central,32.0,3.67,Producer Milk Components,AMS_3462,3462,Dairy FMMOS,DY-NA,Washington,DC,"Washington, DC",Washington,DC,FMMOS,FMMOS - non-mars,03/30/2021 14:16:00,2006,2006-MAY,3.61,component,lmprs,
Dec,2006,,Florida,6.0,3.66,Producer Milk Components,AMS_3462,3462,Dairy FMMOS,DY-NA,Washington,DC,"Washington, DC",Washington,DC,FMMOS,FMMOS - non-mars,03/30/2021 14:16:00,2006,2006-MAY,3.58,component,lmprs,
Dec,2006,,Mideast,33.0,3.69,Producer Milk Components,AMS_3462,3462,Dairy FMMOS,DY-NA,Washington,DC,"Washington, DC",Washington,DC,FMMOS,FMMOS - non-mars,03/30/2021 14:16:00,2006,2006-MAY,3.64,component,lmprs,
Dec,2006,,Pacific Northwest,124.0,3.69,Producer Milk Components,AMS_3462,3462,Dairy FMMOS,DY-NA,Washington,DC,"Washington, DC",Washington,DC,FMMOS,FMMOS - non-mars,03/30/2021 14:16:00,2006,2006-MAY,3.62,component,lmprs,
Dec,2006,,Northeast,1.0,3.71,Producer Milk Components,AMS_3462,3462,Dairy FMMOS,DY-NA,Washington,DC,"Washington, DC",Washington,DC,FMMOS,FMMOS - non-mars,03/30/2021 14:16:00,2006,2006-MAY,3.67,component,lmprs,
Dec,2006,,Southeast,7.0,3.67,Producer Milk Components,AMS_3462,3462,Dairy FMMOS,DY-NA,Washington,DC,"Washington, DC",Washington,DC,FMMOS,FMMOS - non-mars,03/30/2021 14:16:00,2006,2006-MAY,3.58,component,lmprs,
Dec,2006,,Southwest,126.0,3.69,Producer Milk Components,AMS_3462,3462,Dairy FMMOS,DY-NA,Washington,DC,"Washington, DC",Washington,DC,FMMOS,FMMOS - non-mars,03/30/2021 14:16:00,2006,2006-MAY,3.60,component,lmprs,
Dec,2006,,Upper Midwest,30.0,3.72,Producer Milk Components,AMS_3462,3462,Dairy FMMOS,DY-NA,Washington,DC,"Washington, DC",Washington,DC,FMMOS,FMMOS - non-mars,03/30/2021 14:16:00,2006,2006-MAY,3.68,component,lmprs,
Dec,2007,,Upper Midwest,30.0,3.71,Producer Milk Components,AMS_3462,3462,Dairy FMMOS,DY-NA,Washington,DC,"Washington, DC",Washington,DC,FMMOS,FMMOS - non-mars,03/30/2021 14:16:00,2007,2007-MAY,3.64,component,lmprs,
Dec,2007,,Southwest,126.0,3.67,Producer Milk Components,AMS_3462,3462,Dairy FMMOS,DY-NA,Washington,DC,"Washington, DC",Washington,DC,FMMOS,FMMOS - non-mars,03/30/2021 14:16:00,2007,2007-MAY,3.63,component,lmprs,
Dec,2007,,Southeast,7.0,3.67,Producer Milk Components,AMS_3462,3462,Dairy FMMOS,DY-NA,Washington,DC,"Washington, DC",Washington,DC,FMMOS,FMMOS - non-mars,03/30/2021 14:16:00,2007,2007-MAY,3.56,component,lmprs,
Dec,2007,,Northeast,1.0,3.70,Producer Milk Components,AMS_3462,3462,Dairy FMMOS,DY-NA,Washington,DC,"Washington, DC",Washington,DC,FMMOS,FMMOS - non-mars,03/30/2021 14:16:00,2007,2007-MAY,3.63,component,lmprs,
Dec,2007,,Pacific Northwest,124.0,3.70,Producer Milk Components,AMS_3462,3462,Dairy FMMOS,DY-NA,Washington,DC,"Washington, DC",Washington,DC,FMMOS,FMMOS - non-mars,03/30/2021 14:16:00,2007,2007-MAY,3.63,component,lmprs,
Dec,2007,,Mideast,33.0,3.67,Producer Milk Components,AMS_3462,3462,Dairy FMMOS,DY-NA,Washington,DC,"Washington, DC",Washington,DC,FMMOS,FMMOS - non-mars,03/30/2021 14:16:00,2007,2007-MAY,3.58,component,lmprs,
Dec,2007,,Florida,6.0,3.63,Producer Milk Components,AMS_3462,3462,Dairy FMMOS,DY-NA,Washington,DC,"Washington, DC",Washington,DC,FMMOS,FMMOS - non-mars,03/30/2021 14:16:00,2007,2007-MAY,3.56,component,lmprs,
Dec,2007,,Central,32.0,3.68,Producer Milk Components,AMS_3462,3462,Dairy FMMOS,DY-NA,Washington,DC,"Washington, DC",Washington,DC,FMMOS,FMMOS - non-mars,03/30/2021 14:16:00,2007,2007-MAY,3.59,component,lmprs,
Dec,2007,,Appalachian,5.0,3.67,Producer Milk Components,AMS_3462,3462,Dairy FMMOS,DY-NA,Washington,DC,"Washington, DC",Washington,DC,FMMOS,FMMOS - non-mars,03/30/2021 14:16:00,2007,2007-MAY,3.59,component,lmprs,
Dec,2007,,Arizona,131.0,3.60,Producer Milk Components,AMS_3462,3462,Dairy FMMOS,DY-NA,Washington,DC,"Washington, DC",Washington,DC,FMMOS,FMMOS - non-mars,03/30/2021 14:16:00,2007,2007-MAY,3.52,component,lmprs,
Dec,2007,,All Markets Combined,,3.68,Producer Milk Components,AMS_3462,3462,Dairy FMMOS,DY-NA,Washington,DC,"Washington, DC",Washington,DC,FMMOS,FMMOS - non-mars,03/30/2021 14:16:00,2007,2007-MAY,3.61,component,lmprs,
Dec,2008,,All Markets Combined,,3.69,Producer Milk Components,AMS_3462,3462,Dairy FMMOS,DY-NA,Washington,DC,"Washington, DC",Washington,DC,FMMOS,FMMOS - non-mars,03/30/2021 14:15:00,2008,2008-MAY,3.62,component,lmprs,
Dec,2008,,Arizona,131.0,3.56,Producer Milk Components,AMS_3462,3462,Dairy FMMOS,DY-NA,Washington,DC,"Washington, DC",Washington,DC,FMMOS,FMMOS - non-mars,03/30/2021 14:15:00,2008,2008-MAY,3.48,component,lmprs,
Dec,2008,,Appalachian,5.0,3.69,Producer Milk Components,AMS_3462,3462,Dairy FMMOS,DY-NA,Washington,DC,"Washington, DC",Washington,DC,FMMOS,FMMOS - non-mars,03/30/2021 14:15:00,2008,2008-MAY,3.60,component,lmprs,
Dec,2008,,Central,32.0,3.65,Producer Milk Components,AMS_3462,3462,Dairy FMMOS,DY-NA,Washington,DC,"Washington, DC",Washington,DC,FMMOS,FMMOS - non-mars,03/30/2021 14:15:00,2008,2008-MAY,3.60,component,lmprs,
Dec,2008,,Florida,6.0,3.60,Producer Milk Components,AMS_3462,3462,Dairy FMMOS,DY-NA,Washington,DC,"Washington, DC",Washington,DC,FMMOS,FMMOS - non-mars,03/30/2021 14:15:00,2008,2008-MAY,3.55,component,lmprs,
Dec,2008,,Mideast,33.0,3.70,Producer Milk Components,AMS_3462,3462,Dairy FMMOS,DY-NA,Washington,DC,"Washington, DC",Washington,DC,FMMOS,FMMOS - non-mars,03/30/2021 14:15:00,2008,2008-MAY,3.62,component,lmprs,
Dec,2008,,Pacific Northwest,124.0,3.67,Producer Milk Components,AMS_3462,3462,Dairy FMMOS,DY-NA,Washington,DC,"Washington, DC",Washington,DC,FMMOS,FMMOS - non-mars,03/30/2021 14:15:00,2008,2008-MAY,3.58,component,lmprs,
Dec,2008,,Northeast,1.0,3.73,Producer Milk Components,AMS_3462,3462,Dairy FMMOS,DY-NA,Washington,DC,"Washington, DC",Washington,DC,FMMOS,FMMOS - non-mars,03/30/2021 14:15:00,2008,2008-MAY,3.67,component,lmprs,
Dec,2008,,Southeast,7.0,3.67,Producer Milk Components,AMS_3462,3462,Dairy FMMOS,DY-NA,Washington,DC,"Washington, DC",Washington,DC,FMMOS,FMMOS - non-mars,03/30/2021 14:15:00,2008,2008-MAY,3.58,component,lmprs,
Dec,2008,,Southwest,126.0,3.63,Producer Milk Components,AMS_3462,3462,Dairy FMMOS,DY-NA,Washington,DC,"Washington, DC",Washington,DC,FMMOS,FMMOS - non-mars,03/30/2021 14:15:00,2008,2008-MAY,3.56,component,lmprs,
Dec,2008,,Upper Midwest,30.0,3.72,Producer Milk Components,AMS_3462,3462,Dairy FMMOS,DY-NA,Washington,DC,"Washington, DC",Washington,DC,FMMOS,FMMOS - non-mars,03/30/2021 14:15:00,2008,2008-MAY,3.67,component,lmprs,
Dec,2009,,Upper Midwest,30.0,3.70,Producer Milk Components,AMS_3462,3462,Dairy FMMOS,DY-NA,Washington,DC,"Washington, DC",Washington,DC,FMMOS,FMMOS - non-mars,03/30/2021 14:15:00,2009,2009-MAY,3.66,component,lmprs,
Dec,2009,,Southwest,126.0,3.58,Producer Milk Components,AMS_3462,3462,Dairy FMMOS,DY-NA,Washington,DC,"Washington, DC",Washington,DC,FMMOS,FMMOS - non-mars,03/30/2021 14:15:00,2009,2009-MAY,3.48,component,lmprs,
Dec,2009,,Southeast,7.0,3.65,Producer Milk Components,AMS_3462,3462,Dairy FMMOS,DY-NA,Washington,DC,"Washington, DC",Washington,DC,FMMOS,FMMOS - non-mars,03/30/2021 14:15:00,2009,2009-MAY,3.55,component,lmprs,
Dec,2009,,Northeast,1.0,3.72,Producer Milk Components,AMS_3462,3462,Dairy FMMOS,DY-NA,Washington,DC,"Washington, DC",Washington,DC,FMMOS,FMMOS - non-mars,03/30/2021 14:15:00,2009,2009-MAY,3.66,component,lmprs,
Dec,2009,,Pacific Northwest,124.0,3.71,Producer Milk Components,AMS_3462,3462,Dairy FMMOS,DY-NA,Washington,DC,"Washington, DC",Washington,DC,FMMOS,FMMOS - non-mars,03/30/2021 14:15:00,2009,2009-MAY,3.65,component,lmprs,
Dec,2009,,Mideast,33.0,3.69,Producer Milk Components,AMS_3462,3462,Dairy FMMOS,DY-NA,Washington,DC,"Washington, DC",Washington,DC,FMMOS,FMMOS - non-mars,03/30/2021 14:15:00,2009,2009-MAY,3.62,component,lmprs,
Dec,2009,,Florida,6.0,3.59,Producer Milk Components,AMS_3462,3462,Dairy FMMOS,DY-NA,Washington,DC,"Washington, DC",Washington,DC,FMMOS,FMMOS - non-mars,03/30/2021 14:15:00,2009,2009-MAY,3.51,component,lmprs,
Dec,2009,,Central,32.0,3.61,Producer Milk Components,AMS_3462,3462,Dairy FMMOS,DY-NA,Washington,DC,"Washington, DC",Washington,DC,FMMOS,FMMOS - non-mars,03/30/2021 14:15:00,2009,2009-MAY,3.52,component,lmprs,
Dec,2009,,Appalachian,5.0,3.68,Producer Milk Components,AMS_3462,3462,Dairy FMMOS,DY-NA,Washington,DC,"Washington, DC",Washington,DC,FMMOS,FMMOS - non-mars,03/30/2021 14:15:00,2009,2009-MAY,3.62,component,lmprs,
Dec,2009,,Arizona,131.0,3.49,Producer Milk Components,AMS_3462,3462,Dairy FMMOS,DY-NA,Washington,DC,"Washington, DC",Washington,DC,FMMOS,FMMOS - non-mars,03/30/2021 14:15:00,2009,2009-MAY,3.41,component,lmprs,
Dec,2009,,All Markets Combined,,3.67,Producer Milk Components,AMS_3462,3462,Dairy FMMOS,DY-NA,Washington,DC,"Washington, DC",Washington,DC,FMMOS,FMMOS - non-mars,03/30/2021 14:15:00,2009,2009-MAY,3.60,component,lmprs,
Dec,2010,,All Markets Combined,,3.66,Producer Milk Components,AMS_3462,3462,Dairy FMMOS,DY-NA,Washington,DC,"Washington, DC",Washington,DC,FMMOS,FMMOS - non-mars,03/30/2021 14:14:00,2010,2010-MAY,3.57,component,lmprs,
Dec,2010,,Arizona,131.0,3.50,Producer Milk Components,AMS_3462,3462,Dairy FMMOS,DY-NA,Washington,DC,"Washington, DC",Washington,DC,FMMOS,FMMOS - non-mars,03/30/2021 14:14:00,2010,2010-MAY,3.41,component,lmprs,
Dec,2010,,Appalachian,5.0,3.65,Producer Milk Components,AMS_3462,3462,Dairy FMMOS,DY-NA,Washington,DC,"Washington, DC",Washington,DC,FMMOS,FMMOS - non-mars,03/30/2021 14:14:00,2010,2010-MAY,3.52,component,lmprs,
Dec,2010,,Central,32.0,3.60,Producer Milk Components,AMS_3462,3462,Dairy FMMOS,DY-NA,Washington,DC,"Washington, DC",Washington,DC,FMMOS,FMMOS - non-mars,03/30/2021 14:14:00,2010,2010-MAY,3.51,component,lmprs,
Dec,2010,,Florida,6.0,3.60,Producer Milk Components,AMS_3462,3462,Dairy FMMOS,DY-NA,Washington,DC,"Washington, DC",Washington,DC,FMMOS,FMMOS - non-mars,03/30/2021 14:14:00,2010,2010-MAY,3.48,component,lmprs,
Dec,2010,,Mideast,33.0,3.66,Producer Milk Components,AMS_3462,3462,Dairy FMMOS,DY-NA,Washington,DC,"Washington, DC",Washington,DC,FMMOS,FMMOS - non-mars,03/30/2021 14:14:00,2010,2010-MAY,3.58,component,lmprs,
Dec,2010,,Pacific Northwest,124.0,3.73,Producer Milk Components,AMS_3462,3462,Dairy FMMOS,DY-NA,Washington,DC,"Washington, DC",Washington,DC,FMMOS,FMMOS - non-mars,03/30/2021 14:14:00,2010,2010-MAY,3.68,component,lmprs,
Dec,2010,,Northeast,1.0,3.69,Producer Milk Components,AMS_3462,3462,Dairy FMMOS,DY-NA,Washington,DC,"Washington, DC",Washington,DC,FMMOS,FMMOS - non-mars,03/30/2021 14:14:00,2010,2010-MAY,3.62,component,lmprs,
Dec,2010,,Southeast,7.0,3.66,Producer Milk Components,AMS_3462,3462,Dairy FMMOS,DY-NA,Washington,DC,"Washington, DC",Washington,DC,FMMOS,FMMOS - non-mars,03/30/2021 14:14:00,2010,2010-MAY,3.54,component,lmprs,
Dec,2010,,Southwest,126.0,3.60,Producer Milk Components,AMS_3462,3462,Dairy FMMOS,DY-NA,Washington,DC,"Washington, DC",Washington,DC,FMMOS,FMMOS - non-mars,03/30/2021 14:14:00,2010,2010-MAY,3.49,component,lmprs,
Dec,2010,,Upper Midwest,30.0,3.68,Producer Milk Components,AMS_3462,3462,Dairy FMMOS,DY-NA,Washington,DC,"Washington, DC",Washington,DC,FMMOS,FMMOS - non-mars,03/30/2021 14:14:00,2010,2010-MAY,3.61,component,lmprs,
Dec,2011,,Southwest,126.0,3.65,Producer Milk Components,AMS_3462,3462,Dairy FMMOS,DY-NA,Washington,DC,"Washington, DC",Washington,DC,FMMOS,FMMOS - non-mars,03/30/2021 14:14:00,2011,2011-MAY,3.60,component,lmprs,
Dec,2011,,Upper Midwest,30.0,3.73,Producer Milk Components,AMS_3462,3462,Dairy FMMOS,DY-NA,Washington,DC,"Washington, DC",Washington,DC,FMMOS,FMMOS - non-mars,03/30/2021 14:14:00,2011,2011-MAY,3.69,component,lmprs,
Dec,2011,,Southeast,7.0,3.71,Producer Milk Components,AMS_3462,3462,Dairy FMMOS,DY-NA,Washington,DC,"Washington, DC",Washington,DC,FMMOS,FMMOS - non-mars,03/30/2021 14:14:00,2011,2011-MAY,3.66,component,lmprs,
Dec,2011,,Pacific Northwest,124.0,3.77,Producer Milk Components,AMS_3462,3462,Dairy FMMOS,DY-NA,Washington,DC,"Washington, DC",Washington,DC,FMMOS,FMMOS - non-mars,03/30/2021 14:14:00,2011,2011-MAY,3.71,component,lmprs,
Dec,2011,,Mideast,33.0,3.70,Producer Milk Components,AMS_3462,3462,Dairy FMMOS,DY-NA,Washington,DC,"Washington, DC",Washington,DC,FMMOS,FMMOS - non-mars,03/30/2021 14:14:00,2011,2011-MAY,3.65,component,lmprs,
Dec,2011,,Northeast,1.0,3.73,Producer Milk Components,AMS_3462,3462,Dairy FMMOS,DY-NA,Washington,DC,"Washington, DC",Washington,DC,FMMOS,FMMOS - non-mars,03/30/2021 14:14:00,2011,2011-MAY,3.67,component,lmprs,
Dec,2011,,Florida,6.0,3.67,Producer Milk Components,AMS_3462,3462,Dairy FMMOS,DY-NA,Washington,DC,"Washington, DC",Washington,DC,FMMOS,FMMOS - non-mars,03/30/2021 14:14:00,2011,2011-MAY,3.59,component,lmprs,
Dec,2011,,Central,32.0,3.67,Producer Milk Components,AMS_3462,3462,Dairy FMMOS,DY-NA,Washington,DC,"Washington, DC",Washington,DC,FMMOS,FMMOS - non-mars,03/30/2021 14:14:00,2011,2011-MAY,3.62,component,lmprs,
Dec,2011,,Appalachian,5.0,3.69,Producer Milk Components,AMS_3462,3462,Dairy FMMOS,DY-NA,Washington,DC,"Washington, DC",Washington,DC,FMMOS,FMMOS - non-mars,03/30/2021 14:14:00,2011,2011-MAY,3.59,component,lmprs,
Dec,2011,,Arizona,131.0,3.55,Producer Milk Components,AMS_3462,3462,Dairy FMMOS,DY-NA,Washington,DC,"Washington, DC",Washington,DC,FMMOS,FMMOS - non-mars,03/30/2021 14:14:00,2011,2011-MAY,3.47,component,lmprs,
Dec,2011,,All Markets Combined,,3.70,Producer Milk Components,AMS_3462,3462,Dairy FMMOS,DY-NA,Washington,DC,"Washington, DC",Washington,DC,FMMOS,FMMOS - non-mars,03/30/2021 14:14:00,2011,2011-MAY,3.65,component,lmprs,
Dec,2012,,All Markets Combined,,3.71,Producer Milk Components,AMS_3462,3462,Dairy FMMOS,DY-NA,Washington,DC,"Washington, DC",Washington,DC,FMMOS,FMMOS - non-mars,03/30/2021 14:13:00,2012,2012-MAY,3.64,component,lmprs,
Dec,2012,,Arizona,131.0,3.55,Producer Milk Components,AMS_3462,3462,Dairy FMMOS,DY-NA,Washington,DC,"Washington, DC",Washington,DC,FMMOS,FMMOS - non-mars,03/30/2021 14:13:00,2012,2012-MAY,3.48,component,lmprs,
Dec,2012,,Appalachian,5.0,3.69,Producer Milk Components,AMS_3462,3462,Dairy FMMOS,DY-NA,Washington,DC,"Washington, DC",Washington,DC,FMMOS,FMMOS - non-mars,03/30/2021 14:13:00,2012,2012-MAY,3.59,component,lmprs,
Dec,2012,,Central,32.0,3.69,Producer Milk Components,AMS_3462,3462,Dairy FMMOS,DY-NA,Washington,DC,"Washington, DC",Washington,DC,FMMOS,FMMOS - non-mars,03/30/2021 14:13:00,2012,2012-MAY,3.60,component,lmprs,
Dec,2012,,Florida,6.0,3.66,Producer Milk Components,AMS_3462,3462,Dairy FMMOS,DY-NA,Washington,DC,"Washington, DC",Washington,DC,FMMOS,FMMOS - non-mars,03/30/2021 14:13:00,2012,2012-MAY,3.58,component,lmprs,
Dec,2012,,Northeast,1.0,3.73,Producer Milk Components,AMS_3462,3462,Dairy FMMOS,DY-NA,Washington,DC,"Washington, DC",Washington,DC,FMMOS,FMMOS - non-mars,03/30/2021 14:13:00,2012,2012-MAY,3.66,component,lmprs,
Dec,2012,,Mideast,33.0,3.69,Producer Milk Components,AMS_3462,3462,Dairy FMMOS,DY-NA,Washington,DC,"Washington, DC",Washington,DC,FMMOS,FMMOS - non-mars,03/30/2021 14:13:00,2012,2012-MAY,3.61,component,lmprs,
Dec,2012,,Pacific Northwest,124.0,3.81,Producer Milk Components,AMS_3462,3462,Dairy FMMOS,DY-NA,Washington,DC,"Washington, DC",Washington,DC,FMMOS,FMMOS - non-mars,03/30/2021 14:13:00,2012,2012-MAY,3.70,component,lmprs,
Dec,2012,,Southeast,7.0,3.70,Producer Milk Components,AMS_3462,3462,Dairy FMMOS,DY-NA,Washington,DC,"Washington, DC",Washington,DC,FMMOS,FMMOS - non-mars,03/30/2021 14:13:00,2012,2012-MAY,3.61,component,lmprs,
Dec,2012,,Upper Midwest,30.0,3.76,Producer Milk Components,AMS_3462,3462,Dairy FMMOS,DY-NA,Washington,DC,"Washington, DC",Washington,DC,FMMOS,FMMOS - non-mars,03/30/2021 14:13:00,2012,2012-MAY,3.70,component,lmprs,
Dec,2012,,Southwest,126.0,3.65,Producer Milk Components,AMS_3462,3462,Dairy FMMOS,DY-NA,Washington,DC,"Washington, DC",Washington,DC,FMMOS,FMMOS - non-mars,03/30/2021 14:13:00,2012,2012-MAY,3.56,component,lmprs,
Dec,2013,,Southwest,126.0,3.69,Producer Milk Components,AMS_3462,3462,Dairy FMMOS,DY-NA,Washington,DC,"Washington, DC",Washington,DC,FMMOS,FMMOS - non-mars,03/30/2021 14:13:00,2013,2013-MAY,3.61,component,lmprs,
Dec,2013,,Upper Midwest,30.0,3.81,Producer Milk Components,AMS_3462,3462,Dairy FMMOS,DY-NA,Washington,DC,"Washington, DC",Washington,DC,FMMOS,FMMOS - non-mars,03/30/2021 14:13:00,2013,2013-MAY,3.77,component,lmprs,
Dec,2013,,Southeast,7.0,3.72,Producer Milk Components,AMS_3462,3462,Dairy FMMOS,DY-NA,Washington,DC,"Washington, DC",Washington,DC,FMMOS,FMMOS - non-mars,03/30/2021 14:13:00,2013,2013-MAY,3.65,component,lmprs,
Dec,2013,,Pacific Northwest,124.0,3.88,Producer Milk Components,AMS_3462,3462,Dairy FMMOS,DY-NA,Washington,DC,"Washington, DC",Washington,DC,FMMOS,FMMOS - non-mars,03/30/2021 14:13:00,2013,2013-MAY,3.77,component,lmprs,
Dec,2013,,Mideast,33.0,3.76,Producer Milk Components,AMS_3462,3462,Dairy FMMOS,DY-NA,Washington,DC,"Washington, DC",Washington,DC,FMMOS,FMMOS - non-mars,03/30/2021 14:13:00,2013,2013-MAY,3.67,component,lmprs,
Dec,2013,,Northeast,1.0,3.76,Producer Milk Components,AMS_3462,3462,Dairy FMMOS,DY-NA,Washington,DC,"Washington, DC",Washington,DC,FMMOS,FMMOS - non-mars,03/30/2021 14:13:00,2013,2013-MAY,3.69,component,lmprs,
Dec,2013,,Florida,6.0,3.64,Producer Milk Components,AMS_3462,3462,Dairy FMMOS,DY-NA,Washington,DC,"Washington, DC",Washington,DC,FMMOS,FMMOS - non-mars,03/30/2021 14:13:00,2013,2013-MAY,3.63,component,lmprs,
Dec,2013,,Central,32.0,3.75,Producer Milk Components,AMS_3462,3462,Dairy FMMOS,DY-NA,Washington,DC,"Washington, DC",Washington,DC,FMMOS,FMMOS - non-mars,03/30/2021 14:13:00,2013,2013-MAY,3.67,component,lmprs,
Dec,2013,,Arizona,131.0,3.52,Producer Milk Components,AMS_3462,3462,Dairy FMMOS,DY-NA,Washington,DC,"Washington, DC",Washington,DC,FMMOS,FMMOS - non-mars,03/30/2021 14:13:00,2013,2013-MAY,3.44,component,lmprs,
Dec,2013,,All Markets Combined,,3.76,Producer Milk Components,AMS_3462,3462,Dairy FMMOS,DY-NA,Washington,DC,"Washington, DC",Washington,DC,FMMOS,FMMOS - non-mars,03/30/2021 14:13:00,2013,2013-MAY,3.69,component,lmprs,
Dec,2013,,Appalachian,5.0,3.71,Producer Milk Components,AMS_3462,3462,Dairy FMMOS,DY-NA,Washington,DC,"Washington, DC",Washington,DC,FMMOS,FMMOS - non-mars,03/30/2021 14:13:00,2013,2013-MAY,3.66,component,lmprs,
Dec,2014,,Appalachian,5.0,3.65,Producer Milk Components,AMS_3462,3462,Dairy FMMOS,DY-NA,Washington,DC,"Washington, DC",Washington,DC,FMMOS,FMMOS - non-mars,03/30/2021 14:13:00,2014,2014-MAY,3.55,component,lmprs,
Dec,2014,,All Markets Combined,,3.74,Producer Milk Components,AMS_3462,3462,Dairy FMMOS,DY-NA,Washington,DC,"Washington, DC",Washington,DC,FMMOS,FMMOS - non-mars,03/30/2021 14:13:00,2014,2014-MAY,3.66,component,lmprs,
Dec,2014,,Arizona,131.0,3.47,Producer Milk Components,AMS_3462,3462,Dairy FMMOS,DY-NA,Washington,DC,"Washington, DC",Washington,DC,FMMOS,FMMOS - non-mars,03/30/2021 14:13:00,2014,2014-MAY,3.41,component,lmprs,
Dec,2014,,Central,32.0,3.73,Producer Milk Components,AMS_3462,3462,Dairy FMMOS,DY-NA,Washington,DC,"Washington, DC",Washington,DC,FMMOS,FMMOS - non-mars,03/30/2021 14:13:00,2014,2014-MAY,3.65,component,lmprs,
Dec,2014,,Florida,6.0,3.60,Producer Milk Components,AMS_3462,3462,Dairy FMMOS,DY-NA,Washington,DC,"Washington, DC",Washington,DC,FMMOS,FMMOS - non-mars,03/30/2021 14:13:00,2014,2014-MAY,3.51,component,lmprs,
Dec,2014,,Northeast,1.0,3.78,Producer Milk Components,AMS_3462,3462,Dairy FMMOS,DY-NA,Washington,DC,"Washington, DC",Washington,DC,FMMOS,FMMOS - non-mars,03/30/2021 14:13:00,2014,2014-MAY,3.70,component,lmprs,
Dec,2014,,Mideast,33.0,3.75,Producer Milk Components,AMS_3462,3462,Dairy FMMOS,DY-NA,Washington,DC,"Washington, DC",Washington,DC,FMMOS,FMMOS - non-mars,03/30/2021 14:13:00,2014,2014-MAY,3.65,component,lmprs,
Dec,2014,,Pacific Northwest,124.0,3.88,Producer Milk Components,AMS_3462,3462,Dairy FMMOS,DY-NA,Washington,DC,"Washington, DC",Washington,DC,FMMOS,FMMOS - non-mars,03/30/2021 14:13:00,2014,2014-MAY,3.79,component,lmprs,
Dec,2014,,Southeast,7.0,3.66,Producer Milk Components,AMS_3462,3462,Dairy FMMOS,DY-NA,Washington,DC,"Washington, DC",Washington,DC,FMMOS,FMMOS - non-mars,03/30/2021 14:13:00,2014,2014-MAY,3.54,component,lmprs,
Dec,2014,,Upper Midwest,30.0,3.80,Producer Milk Components,AMS_3462,3462,Dairy FMMOS,DY-NA,Washington,DC,"Washington, DC",Washington,DC,FMMOS,FMMOS - non-mars,03/30/2021 14:13:00,2014,2014-MAY,3.74,component,lmprs,
Dec,2014,,Southwest,126.0,3.67,Producer Milk Components,AMS_3462,3462,Dairy FMMOS,DY-NA,Washington,DC,"Washington, DC",Washington,DC,FMMOS,FMMOS - non-mars,03/30/2021 14:13:00,2014,2014-MAY,3.56,component,lmprs,
Dec,2015,,Southwest,126.0,3.73,Producer Milk Components,AMS_3462,3462,Dairy FMMOS,DY-NA,Washington,DC,"Washington, DC",Washington,DC,FMMOS,FMMOS - non-mars,03/30/2021 14:12:00,2015,2015-MAY,3.62,component,lmprs,
Dec,2015,,Upper Midwest,30.0,3.80,Producer Milk Components,AMS_3462,3462,Dairy FMMOS,DY-NA,Washington,DC,"Washington, DC",Washington,DC,FMMOS,FMMOS - non-mars,03/30/2021 14:12:00,2015,2015-MAY,3.72,component,lmprs,
Dec,2015,,Southeast,7.0,3.68,Producer Milk Components,AMS_3462,3462,Dairy FMMOS,DY-NA,Washington,DC,"Washington, DC",Washington,DC,FMMOS,FMMOS - non-mars,03/30/2021 14:12:00,2015,2015-MAY,3.58,component,lmprs,
Dec,2015,,Pacific Northwest,124.0,3.92,Producer Milk Components,AMS_3462,3462,Dairy FMMOS,DY-NA,Washington,DC,"Washington, DC",Washington,DC,FMMOS,FMMOS - non-mars,03/30/2021 14:12:00,2015,2015-MAY,3.79,component,lmprs,
Dec,2015,,Mideast,33.0,3.72,Producer Milk Components,AMS_3462,3462,Dairy FMMOS,DY-NA,Washington,DC,"Washington, DC",Washington,DC,FMMOS,FMMOS - non-mars,03/30/2021 14:12:00,2015,2015-MAY,3.65,component,lmprs,
Dec,2015,,Northeast,1.0,3.78,Producer Milk Components,AMS_3462,3462,Dairy FMMOS,DY-NA,Washington,DC,"Washington, DC",Washington,DC,FMMOS,FMMOS - non-mars,03/30/2021 14:12:00,2015,2015-MAY,3.70,component,lmprs,
Dec,2015,,Florida,6.0,3.60,Producer Milk Components,AMS_3462,3462,Dairy FMMOS,DY-NA,Washington,DC,"Washington, DC",Washington,DC,FMMOS,FMMOS - non-mars,03/30/2021 14:12:00,2015,2015-MAY,3.52,component,lmprs,
Dec,2015,,Central,32.0,3.76,Producer Milk Components,AMS_3462,3462,Dairy FMMOS,DY-NA,Washington,DC,"Washington, DC",Washington,DC,FMMOS,FMMOS - non-mars,03/30/2021 14:12:00,2015,2015-MAY,3.67,component,lmprs,
Dec,2015,,Arizona,131.0,3.47,Producer Milk Components,AMS_3462,3462,Dairy FMMOS,DY-NA,Washington,DC,"Washington, DC",Washington,DC,FMMOS,FMMOS - non-mars,03/30/2021 14:12:00,2015,2015-MAY,3.40,component,lmprs,
Dec,2015,,All Markets Combined,,3.75,Producer Milk Components,AMS_3462,3462,Dairy FMMOS,DY-NA,Washington,DC,"Washington, DC",Washington,DC,FMMOS,FMMOS - non-mars,03/30/2021 14:12:00,2015,2015-MAY,3.66,component,lmprs,
Dec,2015,,Appalachian,5.0,3.67,Producer Milk Components,AMS_3462,3462,Dairy FMMOS,DY-NA,Washington,DC,"Washington, DC",Washington,DC,FMMOS,FMMOS - non-mars,03/30/2021 14:12:00,2015,2015-MAY,3.55,component,lmprs,
Dec,2016,,Appalachian,5.0,3.71,Producer Milk Components,AMS_3462,3462,Dairy FMMOS,DY-NA,Washington,DC,"Washington, DC",Washington,DC,FMMOS,FMMOS - non-mars,03/30/2021 14:12:00,2016,2016-MAY,3.64,component,lmprs,
Dec,2016,,All Markets Combined,,3.77,Producer Milk Components,AMS_3462,3462,Dairy FMMOS,DY-NA,Washington,DC,"Washington, DC",Washington,DC,FMMOS,FMMOS - non-mars,03/30/2021 14:12:00,2016,2016-MAY,3.73,component,lmprs,
Dec,2016,,Arizona,131.0,3.54,Producer Milk Components,AMS_3462,3462,Dairy FMMOS,DY-NA,Washington,DC,"Washington, DC",Washington,DC,FMMOS,FMMOS - non-mars,03/30/2021 14:12:00,2016,2016-MAY,3.50,component,lmprs,
Dec,2016,,Central,32.0,3.76,Producer Milk Components,AMS_3462,3462,Dairy FMMOS,DY-NA,Washington,DC,"Washington, DC",Washington,DC,FMMOS,FMMOS - non-mars,03/30/2021 14:12:00,2016,2016-MAY,3.71,component,lmprs,
Dec,2016,,Florida,6.0,3.62,Producer Milk Components,AMS_3462,3462,Dairy FMMOS,DY-NA,Washington,DC,"Washington, DC",Washington,DC,FMMOS,FMMOS - non-mars,03/30/2021 14:12:00,2016,2016-MAY,3.52,component,lmprs,
Dec,2016,,Northeast,1.0,3.81,Producer Milk Components,AMS_3462,3462,Dairy FMMOS,DY-NA,Washington,DC,"Washington, DC",Washington,DC,FMMOS,FMMOS - non-mars,03/30/2021 14:12:00,2016,2016-MAY,3.77,component,lmprs,
Dec,2016,,Mideast,33.0,3.73,Producer Milk Components,AMS_3462,3462,Dairy FMMOS,DY-NA,Washington,DC,"Washington, DC",Washington,DC,FMMOS,FMMOS - non-mars,03/30/2021 14:12:00,2016,2016-MAY,3.69,component,lmprs,
Dec,2016,,Pacific Northwest,124.0,3.95,Producer Milk Components,AMS_3462,3462,Dairy FMMOS,DY-NA,Washington,DC,"Washington, DC",Washington,DC,FMMOS,FMMOS - non-mars,03/30/2021 14:12:00,2016,2016-MAY,3.89,component,lmprs,
Dec,2016,,Southeast,7.0,3.69,Producer Milk Components,AMS_3462,3462,Dairy FMMOS,DY-NA,Washington,DC,"Washington, DC",Washington,DC,FMMOS,FMMOS - non-mars,03/30/2021 14:12:00,2016,2016-MAY,3.59,component,lmprs,
Dec,2016,,Upper Midwest,30.0,3.82,Producer Milk Components,AMS_3462,3462,Dairy FMMOS,DY-NA,Washington,DC,"Washington, DC",Washington,DC,FMMOS,FMMOS - non-mars,03/30/2021 14:12:00,2016,2016-MAY,3.78,component,lmprs,
Dec,2016,,Southwest,126.0,3.75,Producer Milk Components,AMS_3462,3462,Dairy FMMOS,DY-NA,Washington,DC,"Washington, DC",Washington,DC,FMMOS,FMMOS - non-mars,03/30/2021 14:12:00,2016,2016-MAY,3.68,component,lmprs,
Dec,2017,,Southwest,126.0,3.86,Producer Milk Components,AMS_3462,3462,Dairy FMMOS,DY-NA,Washington,DC,"Washington, DC",Washington,DC,FMMOS,FMMOS - non-mars,03/30/2021 14:11:00,2017,2017-MAY,3.84,component,lmprs,
Dec,2017,,Upper Midwest,30.0,3.84,Producer Milk Components,AMS_3462,3462,Dairy FMMOS,DY-NA,Washington,DC,"Washington, DC",Washington,DC,FMMOS,FMMOS - non-mars,03/30/2021 14:11:00,2017,2017-MAY,3.79,component,lmprs,
Dec,2017,,Southeast,7.0,3.74,Producer Milk Components,AMS_3462,3462,Dairy FMMOS,DY-NA,Washington,DC,"Washington, DC",Washington,DC,FMMOS,FMMOS - non-mars,03/30/2021 14:11:00,2017,2017-MAY,3.66,component,lmprs,
Dec,2017,,Pacific Northwest,124.0,3.99,Producer Milk Components,AMS_3462,3462,Dairy FMMOS,DY-NA,Washington,DC,"Washington, DC",Washington,DC,FMMOS,FMMOS - non-mars,03/30/2021 14:11:00,2017,2017-MAY,3.88,component,lmprs,
Dec,2017,,Mideast,33.0,3.78,Producer Milk Components,AMS_3462,3462,Dairy FMMOS,DY-NA,Washington,DC,"Washington, DC",Washington,DC,FMMOS,FMMOS - non-mars,03/30/2021 14:11:00,2017,2017-MAY,3.71,component,lmprs,
Dec,2017,,Northeast,1.0,3.85,Producer Milk Components,AMS_3462,3462,Dairy FMMOS,DY-NA,Washington,DC,"Washington, DC",Washington,DC,FMMOS,FMMOS - non-mars,03/30/2021 14:11:00,2017,2017-MAY,3.80,component,lmprs,
Dec,2017,,Florida,6.0,3.69,Producer Milk Components,AMS_3462,3462,Dairy FMMOS,DY-NA,Washington,DC,"Washington, DC",Washington,DC,FMMOS,FMMOS - non-mars,03/30/2021 14:11:00,2017,2017-MAY,3.64,component,lmprs,
Dec,2017,,Central,32.0,3.82,Producer Milk Components,AMS_3462,3462,Dairy FMMOS,DY-NA,Washington,DC,"Washington, DC",Washington,DC,FMMOS,FMMOS - non-mars,03/30/2021 14:11:00,2017,2017-MAY,3.79,component,lmprs,
Dec,2017,,Arizona,131.0,3.62,Producer Milk Components,AMS_3462,3462,Dairy FMMOS,DY-NA,Washington,DC,"Washington, DC",Washington,DC,FMMOS,FMMOS - non-mars,03/30/2021 14:11:00,2017,2017-MAY,3.54,component,lmprs,
Dec,2017,,All Markets Combined,,3.82,Producer Milk Components,AMS_3462,3462,Dairy FMMOS,DY-NA,Washington,DC,"Washington, DC",Washington,DC,FMMOS,FMMOS - non-mars,03/30/2021 14:11:00,2017,2017-MAY,3.77,component,lmprs,
Dec,2017,,Appalachian,5.0,3.76,Producer Milk Components,AMS_3462,3462,Dairy FMMOS,DY-NA,Washington,DC,"Washington, DC",Washington,DC,FMMOS,FMMOS - non-mars,03/30/2021 14:11:00,2017,2017-MAY,3.70,component,lmprs,
Dec,2018,,Appalachian,5.0,3.79,Producer Milk Components,AMS_3462,3462,Dairy FMMOS,DY-NA,Washington,DC,"Washington, DC",Washington,DC,FMMOS,FMMOS - non-mars,03/30/2021 14:09:00,2018,2018-MAY,3.71,component,lmprs,
Dec,2018,,All Markets Combined,,3.88,Producer Milk Components,AMS_3462,3462,Dairy FMMOS,DY-NA,Washington,DC,"Washington, DC",Washington,DC,FMMOS,FMMOS - non-mars,03/30/2021 14:09:00,2018,2018-MAY,3.79,component,lmprs,
Dec,2018,,Arizona,131.0,3.66,Producer Milk Components,AMS_3462,3462,Dairy FMMOS,DY-NA,Washington,DC,"Washington, DC",Washington,DC,FMMOS,FMMOS - non-mars,03/30/2021 14:09:00,2018,2018-MAY,3.61,component,lmprs,
Dec,2018,,Central,32.0,3.89,Producer Milk Components,AMS_3462,3462,Dairy FMMOS,DY-NA,Washington,DC,"Washington, DC",Washington,DC,FMMOS,FMMOS - non-mars,03/30/2021 14:09:00,2018,2018-MAY,3.78,component,lmprs,
Dec,2018,,California,51.0,4.01,Producer Milk Components,AMS_3462,3462,Dairy FMMOS,DY-NA,Washington,DC,"Washington, DC",Washington,DC,FMMOS,FMMOS - non-mars,03/30/2021 14:09:00,2018,2018-MAY,,component,lmprs,
Dec,2018,,Florida,6.0,3.68,Producer Milk Components,AMS_3462,3462,Dairy FMMOS,DY-NA,Washington,DC,"Washington, DC",Washington,DC,FMMOS,FMMOS - non-mars,03/30/2021 14:09:00,2018,2018-MAY,3.59,component,lmprs,
Dec,2018,,Northeast,1.0,3.86,Producer Milk Components,AMS_3462,3462,Dairy FMMOS,DY-NA,Washington,DC,"Washington, DC",Washington,DC,FMMOS,FMMOS - non-mars,03/30/2021 14:09:00,2018,2018-MAY,3.80,component,lmprs,
Dec,2018,,Mideast,33.0,3.84,Producer Milk Components,AMS_3462,3462,Dairy FMMOS,DY-NA,Washington,DC,"Washington, DC",Washington,DC,FMMOS,FMMOS - non-mars,03/30/2021 14:09:00,2018,2018-MAY,3.77,component,lmprs,
Dec,2018,,Pacific Northwest,124.0,4.07,Producer Milk Components,AMS_3462,3462,Dairy FMMOS,DY-NA,Washington,DC,"Washington, DC",Washington,DC,FMMOS,FMMOS - non-mars,03/30/2021 14:09:00,2018,2018-MAY,3.97,component,lmprs,
Dec,2018,,Southeast,7.0,3.80,Producer Milk Components,AMS_3462,3462,Dairy FMMOS,DY-NA,Washington,DC,"Washington, DC",Washington,DC,FMMOS,FMMOS - non-mars,03/30/2021 14:09:00,2018,2018-MAY,3.68,component,lmprs,
Dec,2018,,Upper Midwest,30.0,3.92,Producer Milk Components,AMS_3462,3462,Dairy FMMOS,DY-NA,Washington,DC,"Washington, DC",Washington,DC,FMMOS,FMMOS - non-mars,03/30/2021 14:09:00,2018,2018-MAY,3.84,component,lmprs,
Dec,2018,,Southwest,126.0,3.94,Producer Milk Components,AMS_3462,3462,Dairy FMMOS,DY-NA,Washington,DC,"Washington, DC",Washington,DC,FMMOS,FMMOS - non-mars,03/30/2021 14:09:00,2018,2018-MAY,3.81,component,lmprs,
Dec,2019,,Upper Midwest,30.0,3.93,Producer Milk Components,AMS_3462,3462,Dairy FMMOS,DY-NA,Washington,DC,"Washington, DC",Washington,DC,FMMOS,FMMOS - non-mars,03/30/2021 14:09:00,2019,2019-MAY,3.89,component,lmprs,
Dec,2019,,Southeast,7.0,3.80,Producer Milk Components,AMS_3462,3462,Dairy FMMOS,DY-NA,Washington,DC,"Washington, DC",Washington,DC,FMMOS,FMMOS - non-mars,03/30/2021 14:09:00,2019,2019-MAY,3.72,component,lmprs,
Dec,2019,,Southwest,126.0,3.99,Producer Milk Components,AMS_3462,3462,Dairy FMMOS,DY-NA,Washington,DC,"Washington, DC",Washington,DC,FMMOS,FMMOS - non-mars,03/30/2021 14:09:00,2019,2019-MAY,3.93,component,lmprs,
Dec,2019,,Pacific Northwest,124.0,4.08,Producer Milk Components,AMS_3462,3462,Dairy FMMOS,DY-NA,Washington,DC,"Washington, DC",Washington,DC,FMMOS,FMMOS - non-mars,03/30/2021 14:09:00,2019,2019-MAY,4.00,component,lmprs,
Dec,2019,,Northeast,1.0,3.89,Producer Milk Components,AMS_3462,3462,Dairy FMMOS,DY-NA,Washington,DC,"Washington, DC",Washington,DC,FMMOS,FMMOS - non-mars,03/30/2021 14:09:00,2019,2019-MAY,3.84,component,lmprs,
Dec,2019,,Florida,6.0,3.66,Producer Milk Components,AMS_3462,3462,Dairy FMMOS,DY-NA,Washington,DC,"Washington, DC",Washington,DC,FMMOS,FMMOS - non-mars,03/30/2021 14:09:00,2019,2019-MAY,3.57,component,lmprs,
Dec,2019,,Mideast,33.0,3.86,Producer Milk Components,AMS_3462,3462,Dairy FMMOS,DY-NA,Washington,DC,"Washington, DC",Washington,DC,FMMOS,FMMOS - non-mars,03/30/2021 14:09:00,2019,2019-MAY,3.79,component,lmprs,
Dec,2019,,California,51.0,3.86,Producer Milk Components,AMS_3462,3462,Dairy FMMOS,DY-NA,Washington,DC,"Washington, DC",Washington,DC,FMMOS,FMMOS - non-mars,03/30/2021 14:09:00,2019,2019-MAY,3.77,component,lmprs,
Dec,2019,,Central,32.0,3.92,Producer Milk Components,AMS_3462,3462,Dairy FMMOS,DY-NA,Washington,DC,"Washington, DC",Washington,DC,FMMOS,FMMOS - non-mars,03/30/2021 14:09:00,2019,2019-MAY,3.86,component,lmprs,
Dec,2019,,Arizona,131.0,3.74,Producer Milk Components,AMS_3462,3462,Dairy FMMOS,DY-NA,Washington,DC,"Washington, DC",Washington,DC,FMMOS,FMMOS - non-mars,03/30/2021 14:09:00,2019,2019-MAY,3.65,component,lmprs,
Dec,2019,,All Markets Combined,,3.90,Producer Milk Components,AMS_3462,3462,Dairy FMMOS,DY-NA,Washington,DC,"Washington, DC",Washington,DC,FMMOS,FMMOS - non-mars,03/30/2021 14:09:00,2019,2019-MAY,3.83,component,lmprs,
Dec,2019,,Appalachian,5.0,3.80,Producer Milk Components,AMS_3462,3462,Dairy FMMOS,DY-NA,Washington,DC,"Washington, DC",Washington,DC,FMMOS,FMMOS - non-mars,03/30/2021 14:09:00,2019,2019-MAY,3.70,component,lmprs,
Dec,2020,,Appalachian,5.0,3.86,Producer Milk Components,AMS_3462,3462,Dairy FMMOS,DY-NA,Washington,DC,"Washington, DC",Washington,DC,FMMOS,FMMOS - non-mars,02/23/2021 09:39:00,2020,2020-MAY,3.82,component,lmprs,
Dec,2020,,All Markets Combined,,3.92,Producer Milk Components,AMS_3462,3462,Dairy FMMOS,DY-NA,Washington,DC,"Washington, DC",Washington,DC,FMMOS,FMMOS - non-mars,02/23/2021 09:39:00,2020,2020-MAY,3.86,component,lmprs,
Dec,2020,,Arizona,131.0,3.75,Producer Milk Components,AMS_3462,3462,Dairy FMMOS,DY-NA,Washington,DC,"Washington, DC",Washington,DC,FMMOS,FMMOS - non-mars,02/23/2021 09:39:00,2020,2020-MAY,3.69,component,lmprs,
Dec,2020,,Central,32.0,3.93,Producer Milk Components,AMS_3462,3462,Dairy FMMOS,DY-NA,Washington,DC,"Washington, DC",Washington,DC,FMMOS,FMMOS - non-mars,02/23/2021 09:39:00,2020,2020-MAY,3.89,component,lmprs,
Dec,2020,,California,51.0,3.87,Producer Milk Components,AMS_3462,3462,Dairy FMMOS,DY-NA,Washington,DC,"Washington, DC",Washington,DC,FMMOS,FMMOS - non-mars,02/23/2021 09:39:00,2020,2020-MAY,3.80,component,lmprs,
Dec,2020,,Mideast,33.0,3.89,Producer Milk Components,AMS_3462,3462,Dairy FMMOS,DY-NA,Washington,DC,"Washington, DC",Washington,DC,FMMOS,FMMOS - non-mars,02/23/2021 09:39:00,2020,2020-MAY,3.83,component,lmprs,
Dec,2020,,Florida,6.0,3.70,Producer Milk Components,AMS_3462,3462,Dairy FMMOS,DY-NA,Washington,DC,"Washington, DC",Washington,DC,FMMOS,FMMOS - non-mars,02/23/2021 09:39:00,2020,2020-MAY,3.67,component,lmprs,
Dec,2020,,Northeast,1.0,3.92,Producer Milk Components,AMS_3462,3462,Dairy FMMOS,DY-NA,Washington,DC,"Washington, DC",Washington,DC,FMMOS,FMMOS - non-mars,02/23/2021 09:39:00,2020,2020-MAY,3.88,component,lmprs,
Dec,2020,,Pacific Northwest,124.0,4.07,Producer Milk Components,AMS_3462,3462,Dairy FMMOS,DY-NA,Washington,DC,"Washington, DC",Washington,DC,FMMOS,FMMOS - non-mars,02/23/2021 09:39:00,2020,2020-MAY,3.95,component,lmprs,
Dec,2020,,Southwest,126.0,4.07,Producer Milk Components,AMS_3462,3462,Dairy FMMOS,DY-NA,Washington,DC,"Washington, DC",Washington,DC,FMMOS,FMMOS - non-mars,02/23/2021 09:39:00,2020,2020-MAY,3.97,component,lmprs,
Dec,2020,,Southeast,7.0,3.84,Producer Milk Components,AMS_3462,3462,Dairy FMMOS,DY-NA,Washington,DC,"Washington, DC",Washington,DC,FMMOS,FMMOS - non-mars,02/23/2021 09:39:00,2020,2020-MAY,3.78,component,lmprs,
Dec,2020,,Upper Midwest,30.0,3.96,Producer Milk Components,AMS_3462,3462,Dairy FMMOS,DY-NA,Washington,DC,"Washington, DC",Washington,DC,FMMOS,FMMOS - non-mars,02/23/2021 09:39:00,2020,2020-MAY,3.91,component,lmprs,
Dec,2021,,Southwest,126.0,4.13,Producer Milk Components,AMS_3462,3462,Dairy FMMOS,DY-NA,Washington,DC,"Washington, DC",Washington,DC,FMMOS,FMMOS - non-mars,01/31/2022 07:17:00,2021,2021-MAY,4.05,component,lmprs,
Dec,2021,,Pacific Northwest,124.0,4.11,Producer Milk Components,AMS_3462,3462,Dairy FMMOS,DY-NA,Washington,DC,"Washington, DC",Washington,DC,FMMOS,FMMOS - non-mars,01/31/2022 07:17:00,2021,2021-MAY,3.98,component,lmprs,
Dec,2021,,Southeast,7.0,3.88,Producer Milk Components,AMS_3462,3462,Dairy FMMOS,DY-NA,Washington,DC,"Washington, DC",Washington,DC,FMMOS,FMMOS - non-mars,01/31/2022 07:17:00,2021,2021-MAY,3.82,component,lmprs,
Dec,2021,,Northeast,1.0,3.99,Producer Milk Components,AMS_3462,3462,Dairy FMMOS,DY-NA,Washington,DC,"Washington, DC",Washington,DC,FMMOS,FMMOS - non-mars,01/31/2022 07:17:00,2021,2021-MAY,3.94,component,lmprs,
Dec,2021,,Mideast,33.0,3.93,Producer Milk Components,AMS_3462,3462,Dairy FMMOS,DY-NA,Washington,DC,"Washington, DC",Washington,DC,FMMOS,FMMOS - non-mars,01/31/2022 07:17:00,2021,2021-MAY,3.88,component,lmprs,
Dec,2021,,Central,32.0,3.98,Producer Milk Components,AMS_3462,3462,Dairy FMMOS,DY-NA,Washington,DC,"Washington, DC",Washington,DC,FMMOS,FMMOS - non-mars,01/31/2022 07:17:00,2021,2021-MAY,3.90,component,lmprs,
Dec,2021,,Florida,6.0,3.66,Producer Milk Components,AMS_3462,3462,Dairy FMMOS,DY-NA,Washington,DC,"Washington, DC",Washington,DC,FMMOS,FMMOS - non-mars,01/31/2022 07:17:00,2021,2021-MAY,3.59,component,lmprs,
Dec,2021,,California,51.0,3.92,Producer Milk Components,AMS_3462,3462,Dairy FMMOS,DY-NA,Washington,DC,"Washington, DC",Washington,DC,FMMOS,FMMOS - non-mars,01/31/2022 07:17:00,2021,2021-MAY,3.82,component,lmprs,
Dec,2021,,Arizona,131.0,3.77,Producer Milk Components,AMS_3462,3462,Dairy FMMOS,DY-NA,Washington,DC,"Washington, DC",Washington,DC,FMMOS,FMMOS - non-mars,01/31/2022 07:17:00,2021,2021-MAY,3.67,component,lmprs,
Dec,2021,,Appalachian,5.0,3.84,Producer Milk Components,AMS_3462,3462,Dairy FMMOS,DY-NA,Washington,DC,"Washington, DC",Washington,DC,FMMOS,FMMOS - non-mars,01/31/2022 07:17:00,2021,2021-MAY,3.79,component,lmprs,
Dec,2021,,All Markets Combined,,3.97,Producer Milk Components,AMS_3462,3462,Dairy FMMOS,DY-NA,Washington,DC,"Washington, DC",Washington,DC,FMMOS,FMMOS - non-mars,01/31/2022 07:17:00,2021,2021-MAY,3.90,component,lmprs,
Dec,2021,,Upper Midwest,30.0,4.03,Producer Milk Components,AMS_3462,3462,Dairy FMMOS,DY-NA,Washington,DC,"Washington, DC",Washington,DC,FMMOS,FMMOS - non-mars,01/31/2022 07:17:00,2021,2021-MAY,3.98,component,lmprs,
Dec,2022,,Upper Midwest,30.0,4.12,Producer Milk Components,AMS_3462,3462,Dairy FMMOS,DY-NA,Washington,DC,"Washington, DC",Washington,DC,FMMOS,FMMOS - non-mars,01/30/2023 07:36:00,2022,2022-MAY,4.02,component,lmprs,
Dec,2022,,All Markets Combined,,4.06,Producer Milk Components,AMS_3462,3462,Dairy FMMOS,DY-NA,Washington,DC,"Washington, DC",Washington,DC,FMMOS,FMMOS - non-mars,01/30/2023 07:36:00,2022,2022-MAY,3.96,component,lmprs,
Dec,2022,,Appalachian,5.0,3.91,Producer Milk Components,AMS_3462,3462,Dairy FMMOS,DY-NA,Washington,DC,"Washington, DC",Washington,DC,FMMOS,FMMOS - non-mars,01/30/2023 07:36:00,2022,2022-MAY,3.82,component,lmprs,
Dec,2022,,Arizona,131.0,3.81,Producer Milk Components,AMS_3462,3462,Dairy FMMOS,DY-NA,Washington,DC,"Washington, DC",Washington,DC,FMMOS,FMMOS - non-mars,01/30/2023 07:36:00,2022,2022-MAY,3.72,component,lmprs,
Dec,2022,,California,51.0,4.05,Producer Milk Components,AMS_3462,3462,Dairy FMMOS,DY-NA,Washington,DC,"Washington, DC",Washington,DC,FMMOS,FMMOS - non-mars,01/30/2023 07:36:00,2022,2022-MAY,3.92,component,lmprs,
Dec,2022,,Florida,6.0,3.70,Producer Milk Components,AMS_3462,3462,Dairy FMMOS,DY-NA,Washington,DC,"Washington, DC",Washington,DC,FMMOS,FMMOS - non-mars,01/30/2023 07:36:00,2022,2022-MAY,3.63,component,lmprs,
Dec,2022,,Central,32.0,4.06,Producer Milk Components,AMS_3462,3462,Dairy FMMOS,DY-NA,Washington,DC,"Washington, DC",Washington,DC,FMMOS,FMMOS - non-mars,01/30/2023 07:36:00,2022,2022-MAY,3.98,component,lmprs,
Dec,2022,,Mideast,33.0,4.02,Producer Milk Components,AMS_3462,3462,Dairy FMMOS,DY-NA,Washington,DC,"Washington, DC",Washington,DC,FMMOS,FMMOS - non-mars,01/30/2023 07:36:00,2022,2022-MAY,3.94,component,lmprs,
Dec,2022,,Northeast,1.0,4.03,Producer Milk Components,AMS_3462,3462,Dairy FMMOS,DY-NA,Washington,DC,"Washington, DC",Washington,DC,FMMOS,FMMOS - non-mars,01/30/2023 07:36:00,2022,2022-MAY,3.97,component,lmprs,
Dec,2022,,Southeast,7.0,3.96,Producer Milk Components,AMS_3462,3462,Dairy FMMOS,DY-NA,Washington,DC,"Washington, DC",Washington,DC,FMMOS,FMMOS - non-mars,01/30/2023 07:36:00,2022,2022-MAY,3.88,component,lmprs,
Dec,2022,,Pacific Northwest,124.0,4.30,Producer Milk Components,AMS_3462,3462,Dairy FMMOS,DY-NA,Washington,DC,"Washington, DC",Washington,DC,FMMOS,FMMOS - non-mars,01/30/2023 07:36:00,2022,2022-MAY,4.10,component,lmprs,
Dec,2022,,Southwest,126.0,4.13,Producer Milk Components,AMS_3462,3462,Dairy FMMOS,DY-NA,Washington,DC,"Washington, DC",Washington,DC,FMMOS,FMMOS - non-mars,01/30/2023 07:36:00,2022,2022-MAY,4.09,component,lmprs,
Dec,2023,,Southwest,126.0,4.12,Producer Milk Components,AMS_3462,3462,Dairy FMMOS,DY-NA,Washington,DC,"Washington, DC",Washington,DC,FMMOS,FMMOS - non-mars,01/30/2024 09:42:00,2023,2023-MAY,3.99,component,lmprs,
Dec,2023,,Pacific Northwest,124.0,4.32,Producer Milk Components,AMS_3462,3462,Dairy FMMOS,DY-NA,Washington,DC,"Washington, DC",Washington,DC,FMMOS,FMMOS - non-mars,01/30/2024 09:42:00,2023,2023-MAY,4.17,component,lmprs,
Dec,2023,,Southeast,7.0,4.01,Producer Milk Components,AMS_3462,3462,Dairy FMMOS,DY-NA,Washington,DC,"Washington, DC",Washington,DC,FMMOS,FMMOS - non-mars,01/30/2024 09:42:00,2023,2023-MAY,3.87,component,lmprs,
Dec,2023,,Northeast,1.0,4.12,Producer Milk Components,AMS_3462,3462,Dairy FMMOS,DY-NA,Washington,DC,"Washington, DC",Washington,DC,FMMOS,FMMOS - non-mars,01/30/2024 09:42:00,2023,2023-MAY,4.05,component,lmprs,
Dec,2023,,Mideast,33.0,4.06,Producer Milk Components,AMS_3462,3462,Dairy FMMOS,DY-NA,Washington,DC,"Washington, DC",Washington,DC,FMMOS,FMMOS - non-mars,01/30/2024 09:42:00,2023,2023-MAY,4.00,component,lmprs,
Dec,2023,,Central,32.0,4.11,Producer Milk Components,AMS_3462,3462,Dairy FMMOS,DY-NA,Washington,DC,"Washington, DC",Washington,DC,FMMOS,FMMOS - non-mars,01/30/2024 09:42:00,2023,2023-MAY,4.00,component,lmprs,
Dec,2023,,Florida,6.0,3.82,Producer Milk Components,AMS_3462,3462,Dairy FMMOS,DY-NA,Washington,DC,"Washington, DC",Washington,DC,FMMOS,FMMOS - non-mars,01/30/2024 09:42:00,2023,2023-MAY,3.77,component,lmprs,
Dec,2023,,California,51.0,4.12,Producer Milk Components,AMS_3462,3462,Dairy FMMOS,DY-NA,Washington,DC,"Washington, DC",Washington,DC,FMMOS,FMMOS - non-mars,01/30/2024 09:42:00,2023,2023-MAY,4.04,component,lmprs,
Dec,2023,,Arizona,131.0,3.88,Producer Milk Components,AMS_3462,3462,Dairy FMMOS,DY-NA,Washington,DC,"Washington, DC",Washington,DC,FMMOS,FMMOS - non-mars,01/30/2024 09:42:00,2023,2023-MAY,3.79,component,lmprs,
Dec,2023,,Appalachian,5.0,3.97,Producer Milk Components,AMS_3462,3462,Dairy FMMOS,DY-NA,Washington,DC,"Washington, DC",Washington,DC,FMMOS,FMMOS - non-mars,01/30/2024 09:42:00,2023,2023-MAY,3.89,component,lmprs,
Dec,2023,,All Markets Combined,,4.11,Producer Milk Components,AMS_3462,3462,Dairy FMMOS,DY-NA,Washington,DC,"Washington, DC",Washington,DC,FMMOS,FMMOS - non-mars,01/30/2024 09:42:00,2023,2023-MAY,4.03,component,lmprs,
Dec,2023,,Upper Midwest,30.0,4.17,Producer Milk Components,AMS_3462,3462,Dairy FMMOS,DY-NA,Washington,DC,"Washington, DC",Washington,DC,FMMOS,FMMOS - non-mars,01/30/2024 09:42:00,2023,2023-MAY,4.12,component,lmprs,
Dec,2024,,Upper Midwest,30.0,4.27,Producer Milk Components,AMS_3462,3462,Dairy FMMOS,DY-NA,Washington,DC,"Washington, DC",Washington,DC,FMMOS,FMMOS - non-mars,01/23/2025 09:07:00,2024,2024-MAY,4.21,component,lmprs,
Dec,2024,,All Markets Combined,,4.21,Producer Milk Components,AMS_3462,3462,Dairy FMMOS,DY-NA,Washington,DC,"Washington, DC",Washington,DC,FMMOS,FMMOS - non-mars,01/23/2025 09:07:00,2024,2024-MAY,4.14,component,lmprs,
Dec,2024,,Appalachian,5.0,4.06,Producer Milk Components,AMS_3462,3462,Dairy FMMOS,DY-NA,Washington,DC,"Washington, DC",Washington,DC,FMMOS,FMMOS - non-mars,01/23/2025 09:07:00,2024,2024-MAY,3.98,component,lmprs,
Dec,2024,,Arizona,131.0,4.07,Producer Milk Components,AMS_3462,3462,Dairy FMMOS,DY-NA,Washington,DC,"Washington, DC",Washington,DC,FMMOS,FMMOS - non-mars,01/23/2025 09:07:00,2024,2024-MAY,3.99,component,lmprs,
Dec,2024,,California,51.0,4.18,Producer Milk Components,AMS_3462,3462,Dairy FMMOS,DY-NA,Washington,DC,"Washington, DC",Washington,DC,FMMOS,FMMOS - non-mars,01/23/2025 09:07:00,2024,2024-MAY,4.15,component,lmprs,
Dec,2024,,Florida,6.0,3.92,Producer Milk Components,AMS_3462,3462,Dairy FMMOS,DY-NA,Washington,DC,"Washington, DC",Washington,DC,FMMOS,FMMOS - non-mars,01/23/2025 09:07:00,2024,2024-MAY,3.86,component,lmprs,
Dec,2024,,Central,32.0,4.19,Producer Milk Components,AMS_3462,3462,Dairy FMMOS,DY-NA,Washington,DC,"Washington, DC",Washington,DC,FMMOS,FMMOS - non-mars,01/23/2025 09:07:00,2024,2024-MAY,4.14,component,lmprs,
Dec,2024,,Mideast,33.0,4.17,Producer Milk Components,AMS_3462,3462,Dairy FMMOS,DY-NA,Washington,DC,"Washington, DC",Washington,DC,FMMOS,FMMOS - non-mars,01/23/2025 09:07:00,2024,2024-MAY,4.07,component,lmprs,
Dec,2024,,Northeast,1.0,4.22,Producer Milk Components,AMS_3462,3462,Dairy FMMOS,DY-NA,Washington,DC,"Washington, DC",Washington,DC,FMMOS,FMMOS - non-mars,01/23/2025 09:07:00,2024,2024-MAY,4.16,component,lmprs,
Dec,2024,,Southeast,7.0,4.11,Producer Milk Components,AMS_3462,3462,Dairy FMMOS,DY-NA,Washington,DC,"Washington, DC",Washington,DC,FMMOS,FMMOS - non-mars,01/23/2025 09:07:00,2024,2024-MAY,4.02,component,lmprs,
Dec,2024,,Pacific Northwest,124.0,4.39,Producer Milk Components,AMS_3462,3462,Dairy FMMOS,DY-NA,Washington,DC,"Washington, DC",Washington,DC,FMMOS,FMMOS - non-mars,01/23/2025 09:07:00,2024,2024-MAY,4.30,component,lmprs,
Dec,2024,,Southwest,126.0,4.24,Producer Milk Components,AMS_3462,3462,Dairy FMMOS,DY-NA,Washington,DC,"Washington, DC",Washington,DC,FMMOS,FMMOS - non-mars,01/23/2025 09:07:00,2024,2024-MAY,4.14,component,lmprs,
Dec,2025,,Southwest,126.0,4.38,Producer Milk Components,AMS_3462,3462,Dairy FMMOS,DY-NA,Washington,DC,"Washington, DC",Washington,DC,FMMOS,FMMOS - non-mars,01/21/2026 11:39:00,2025,2025-MAY,4.28,component,lmprs,
Dec,2025,,Pacific Northwest,124.0,4.45,Producer Milk Components,AMS_3462,3462,Dairy FMMOS,DY-NA,Washington,DC,"Washington, DC",Washington,DC,FMMOS,FMMOS - non-mars,01/21/2026 11:39:00,2025,2025-MAY,4.28,component,lmprs,
Dec,2025,,Southeast,7.0,4.19,Producer Milk Components,AMS_3462,3462,Dairy FMMOS,DY-NA,Washington,DC,"Washington, DC",Washington,DC,FMMOS,FMMOS - non-mars,01/21/2026 11:39:00,2025,2025-MAY,4.05,component,lmprs,
Dec,2025,,Northeast,1.0,4.33,Producer Milk Components,AMS_3462,3462,Dairy FMMOS,DY-NA,Washington,DC,"Washington, DC",Washington,DC,FMMOS,FMMOS - non-mars,01/21/2026 11:39:00,2025,2025-MAY,4.26,component,lmprs,
Dec,2025,,Mideast,33.0,4.30,Producer Milk Components,AMS_3462,3462,Dairy FMMOS,DY-NA,Washington,DC,"Washington, DC",Washington,DC,FMMOS,FMMOS - non-mars,01/21/2026 11:39:00,2025,2025-MAY,4.23,component,lmprs,
Dec,2025,,Central,32.0,4.25,Producer Milk Components,AMS_3462,3462,Dairy FMMOS,DY-NA,Washington,DC,"Washington, DC",Washington,DC,FMMOS,FMMOS - non-mars,01/21/2026 11:39:00,2025,2025-MAY,4.16,component,lmprs,
Dec,2025,,Florida,6.0,3.94,Producer Milk Components,AMS_3462,3462,Dairy FMMOS,DY-NA,Washington,DC,"Washington, DC",Washington,DC,FMMOS,FMMOS - non-mars,01/21/2026 11:39:00,2025,2025-MAY,3.83,component,lmprs,
Dec,2025,,California,51.0,4.22,Producer Milk Components,AMS_3462,3462,Dairy FMMOS,DY-NA,Washington,DC,"Washington, DC",Washington,DC,FMMOS,FMMOS - non-mars,01/21/2026 11:39:00,2025,2025-MAY,4.12,component,lmprs,
Dec,2025,,Arizona,131.0,4.10,Producer Milk Components,AMS_3462,3462,Dairy FMMOS,DY-NA,Washington,DC,"Washington, DC",Washington,DC,FMMOS,FMMOS - non-mars,01/21/2026 11:39:00,2025,2025-MAY,4.08,component,lmprs,
Dec,2025,,Appalachian,5.0,4.13,Producer Milk Components,AMS_3462,3462,Dairy FMMOS,DY-NA,Washington,DC,"Washington, DC",Washington,DC,FMMOS,FMMOS - non-mars,01/21/2026 11:39:00,2025,2025-MAY,4.01,component,lmprs,
Dec,2025,,All Markets Combined,,4.29,Producer Milk Components,AMS_3462,3462,Dairy FMMOS,DY-NA,Washington,DC,"Washington, DC",Washington,DC,FMMOS,FMMOS - non-mars,01/21/2026 11:39:00,2025,2025-MAY,4.20,component,lmprs,
Dec,2025,,Upper Midwest,30.0,4.33,Producer Milk Components,AMS_3462,3462,Dairy FMMOS,DY-NA,Washington,DC,"Washington, DC",Washington,DC,FMMOS,FMMOS - non-mars,01/21/2026 11:39:00,2025,2025-MAY,4.30,component,lmprs,
Mar,2026,,Upper Midwest,30.0,4.46,Producer Milk Components,AMS_3462,3462,Dairy FMMOS,DY-NA,Washington,DC,"Washington, DC",Washington,DC,FMMOS,FMMOS - non-mars,04/21/2026 05:48:00,2026,2026-MAY,,component,lmprs,
Mar,2026,,All Markets Combined,,4.42,Producer Milk Components,AMS_3462,3462,Dairy FMMOS,DY-NA,Washington,DC,"Washington, DC",Washington,DC,FMMOS,FMMOS - non-mars,04/21/2026 05:48:00,2026,2026-MAY,,component,lmprs,
Mar,2026,,Appalachian,5.0,4.23,Producer Milk Components,AMS_3462,3462,Dairy FMMOS,DY-NA,Washington,DC,"Washington, DC",Washington,DC,FMMOS,FMMOS - non-mars,04/21/2026 05:48:00,2026,2026-MAY,,component,lmprs,
Mar,2026,,Arizona,131.0,4.16,Producer Milk Components,AMS_3462,3462,Dairy FMMOS,DY-NA,Washington,DC,"Washington, DC",Washington,DC,FMMOS,FMMOS - non-mars,04/21/2026 05:48:00,2026,2026-MAY,,component,lmprs,
Mar,2026,,California,51.0,4.31,Producer Milk Components,AMS_3462,3462,Dairy FMMOS,DY-NA,Washington,DC,"Washington, DC",Washington,DC,FMMOS,FMMOS - non-mars,04/21/2026 05:48:00,2026,2026-MAY,,component,lmprs,
Mar,2026,,Florida,6.0,3.97,Producer Milk Components,AMS_3462,3462,Dairy FMMOS,DY-NA,Washington,DC,"Washington, DC",Washington,DC,FMMOS,FMMOS - non-mars,04/21/2026 05:48:00,2026,2026-MAY,,component,lmprs,
Mar,2026,,Central,32.0,4.36,Producer Milk Components,AMS_3462,3462,Dairy FMMOS,DY-NA,Washington,DC,"Washington, DC",Washington,DC,FMMOS,FMMOS - non-mars,04/21/2026 05:48:00,2026,2026-MAY,,component,lmprs,
Mar,2026,,Mideast,33.0,4.45,Producer Milk Components,AMS_3462,3462,Dairy FMMOS,DY-NA,Washington,DC,"Washington, DC",Washington,DC,FMMOS,FMMOS - non-mars,04/21/2026 05:48:00,2026,2026-MAY,,component,lmprs,
Mar,2026,,Northeast,1.0,4.53,Producer Milk Components,AMS_3462,3462,Dairy FMMOS,DY-NA,Washington,DC,"Washington, DC",Washington,DC,FMMOS,FMMOS - non-mars,04/21/2026 05:48:00,2026,2026-MAY,,component,lmprs,
Mar,2026,,Southeast,7.0,4.32,Producer Milk Components,AMS_3462,3462,Dairy FMMOS,DY-NA,Washington,DC,"Washington, DC",Washington,DC,FMMOS,FMMOS - non-mars,04/21/2026 05:48:00,2026,2026-MAY,,component,lmprs,
Mar,2026,,Pacific Northwest,124.0,4.56,Producer Milk Components,AMS_3462,3462,Dairy FMMOS,DY-NA,Washington,DC,"Washington, DC",Washington,DC,FMMOS,FMMOS - non-mars,04/21/2026 05:48:00,2026,2026-MAY,,component,lmprs,
Mar,2026,,Southwest,126.0,4.52,Producer Milk Components,AMS_3462,3462,Dairy FMMOS,DY-NA,Washington,DC,"Washington, DC",Washington,DC,FMMOS,FMMOS - non-mars,04/21/2026 05:48:00,2026,2026-MAY,,component,lmprs,
Dec,2000,,All Markets Combined,,3.69,Producer Milk Components,AMS_3462,3462,Dairy FMMOS,DY-NA,Washington,DC,"Washington, DC",Washington,DC,FMMOS,FMMOS - non-mars,04/09/2021 07:48:00,2000,2000-JUN,3.59,component,lmprs,
Dec,2000,,Appalachian,5.0,3.67,Producer Milk Components,AMS_3462,3462,Dairy FMMOS,DY-NA,Washington,DC,"Washington, DC",Washington,DC,FMMOS,FMMOS - non-mars,04/09/2021 07:48:00,2000,2000-JUN,3.59,component,lmprs,
Dec,2000,,Arizona,131.0,3.62,Producer Milk Components,AMS_3462,3462,Dairy FMMOS,DY-NA,Washington,DC,"Washington, DC",Washington,DC,FMMOS,FMMOS - non-mars,04/09/2021 07:48:00,2000,2000-JUN,3.55,component,lmprs,
Dec,2000,,Central,32.0,3.69,Producer Milk Components,AMS_3462,3462,Dairy FMMOS,DY-NA,Washington,DC,"Washington, DC",Washington,DC,FMMOS,FMMOS - non-mars,04/09/2021 07:48:00,2000,2000-JUN,3.58,component,lmprs,
Dec,2000,,Florida,6.0,3.60,Producer Milk Components,AMS_3462,3462,Dairy FMMOS,DY-NA,Washington,DC,"Washington, DC",Washington,DC,FMMOS,FMMOS - non-mars,04/09/2021 07:48:00,2000,2000-JUN,3.55,component,lmprs,
Dec,2000,,Mideast,33.0,3.72,Producer Milk Components,AMS_3462,3462,Dairy FMMOS,DY-NA,Washington,DC,"Washington, DC",Washington,DC,FMMOS,FMMOS - non-mars,04/09/2021 07:48:00,2000,2000-JUN,3.60,component,lmprs,
Dec,2000,,Northeast,1.0,3.71,Producer Milk Components,AMS_3462,3462,Dairy FMMOS,DY-NA,Washington,DC,"Washington, DC",Washington,DC,FMMOS,FMMOS - non-mars,04/09/2021 07:48:00,2000,2000-JUN,3.63,component,lmprs,
Dec,2000,,Pacific Northwest,124.0,3.65,Producer Milk Components,AMS_3462,3462,Dairy FMMOS,DY-NA,Washington,DC,"Washington, DC",Washington,DC,FMMOS,FMMOS - non-mars,04/09/2021 07:48:00,2000,2000-JUN,3.57,component,lmprs,
Dec,2000,,Southeast,7.0,3.64,Producer Milk Components,AMS_3462,3462,Dairy FMMOS,DY-NA,Washington,DC,"Washington, DC",Washington,DC,FMMOS,FMMOS - non-mars,04/09/2021 07:48:00,2000,2000-JUN,3.53,component,lmprs,
Dec,2000,,Southwest,126.0,3.60,Producer Milk Components,AMS_3462,3462,Dairy FMMOS,DY-NA,Washington,DC,"Washington, DC",Washington,DC,FMMOS,FMMOS - non-mars,04/09/2021 07:48:00,2000,2000-JUN,3.49,component,lmprs,
Dec,2000,,Upper Midwest,30.0,3.73,Producer Milk Components,AMS_3462,3462,Dairy FMMOS,DY-NA,Washington,DC,"Washington, DC",Washington,DC,FMMOS,FMMOS - non-mars,04/09/2021 07:48:00,2000,2000-JUN,3.64,component,lmprs,
Dec,2000,,Western,135.0,3.60,Producer Milk Components,AMS_3462,3462,Dairy FMMOS,DY-NA,Washington,DC,"Washington, DC",Washington,DC,FMMOS,FMMOS - non-mars,04/09/2021 07:48:00,2000,2000-JUN,3.49,component,lmprs,
Dec,2001,,Western,135.0,3.61,Producer Milk Components,AMS_3462,3462,Dairy FMMOS,DY-NA,Washington,DC,"Washington, DC",Washington,DC,FMMOS,FMMOS - non-mars,04/09/2021 07:46:00,2001,2001-JUN,3.51,component,lmprs,
Dec,2001,,Upper Midwest,30.0,3.72,Producer Milk Components,AMS_3462,3462,Dairy FMMOS,DY-NA,Washington,DC,"Washington, DC",Washington,DC,FMMOS,FMMOS - non-mars,04/09/2021 07:46:00,2001,2001-JUN,3.61,component,lmprs,
Dec,2001,,Southwest,126.0,3.62,Producer Milk Components,AMS_3462,3462,Dairy FMMOS,DY-NA,Washington,DC,"Washington, DC",Washington,DC,FMMOS,FMMOS - non-mars,04/09/2021 07:46:00,2001,2001-JUN,3.50,component,lmprs,
Dec,2001,,Southeast,7.0,3.64,Producer Milk Components,AMS_3462,3462,Dairy FMMOS,DY-NA,Washington,DC,"Washington, DC",Washington,DC,FMMOS,FMMOS - non-mars,04/09/2021 07:46:00,2001,2001-JUN,3.55,component,lmprs,
Dec,2001,,Pacific Northwest,124.0,3.66,Producer Milk Components,AMS_3462,3462,Dairy FMMOS,DY-NA,Washington,DC,"Washington, DC",Washington,DC,FMMOS,FMMOS - non-mars,04/09/2021 07:46:00,2001,2001-JUN,3.55,component,lmprs,
Dec,2001,,Northeast,1.0,3.68,Producer Milk Components,AMS_3462,3462,Dairy FMMOS,DY-NA,Washington,DC,"Washington, DC",Washington,DC,FMMOS,FMMOS - non-mars,04/09/2021 07:46:00,2001,2001-JUN,3.58,component,lmprs,
Dec,2001,,Mideast,33.0,3.68,Producer Milk Components,AMS_3462,3462,Dairy FMMOS,DY-NA,Washington,DC,"Washington, DC",Washington,DC,FMMOS,FMMOS - non-mars,04/09/2021 07:46:00,2001,2001-JUN,3.58,component,lmprs,
Dec,2001,,Florida,6.0,3.60,Producer Milk Components,AMS_3462,3462,Dairy FMMOS,DY-NA,Washington,DC,"Washington, DC",Washington,DC,FMMOS,FMMOS - non-mars,04/09/2021 07:46:00,2001,2001-JUN,3.54,component,lmprs,
Dec,2001,,Central,32.0,3.69,Producer Milk Components,AMS_3462,3462,Dairy FMMOS,DY-NA,Washington,DC,"Washington, DC",Washington,DC,FMMOS,FMMOS - non-mars,04/09/2021 07:46:00,2001,2001-JUN,3.58,component,lmprs,
Dec,2001,,Arizona,131.0,3.62,Producer Milk Components,AMS_3462,3462,Dairy FMMOS,DY-NA,Washington,DC,"Washington, DC",Washington,DC,FMMOS,FMMOS - non-mars,04/09/2021 07:46:00,2001,2001-JUN,3.54,component,lmprs,
Dec,2001,,Appalachian,5.0,3.65,Producer Milk Components,AMS_3462,3462,Dairy FMMOS,DY-NA,Washington,DC,"Washington, DC",Washington,DC,FMMOS,FMMOS - non-mars,04/09/2021 07:46:00,2001,2001-JUN,3.55,component,lmprs,
Dec,2001,,All Markets Combined,,3.67,Producer Milk Components,AMS_3462,3462,Dairy FMMOS,DY-NA,Washington,DC,"Washington, DC",Washington,DC,FMMOS,FMMOS - non-mars,04/09/2021 07:46:00,2001,2001-JUN,3.57,component,lmprs,
Dec,2002,,All Markets Combined,,3.69,Producer Milk Components,AMS_3462,3462,Dairy FMMOS,DY-NA,Washington,DC,"Washington, DC",Washington,DC,FMMOS,FMMOS - non-mars,04/09/2021 07:46:00,2002,2002-JUN,3.59,component,lmprs,
Dec,2002,,Appalachian,5.0,3.66,Producer Milk Components,AMS_3462,3462,Dairy FMMOS,DY-NA,Washington,DC,"Washington, DC",Washington,DC,FMMOS,FMMOS - non-mars,04/09/2021 07:46:00,2002,2002-JUN,3.56,component,lmprs,
Dec,2002,,Arizona,131.0,3.63,Producer Milk Components,AMS_3462,3462,Dairy FMMOS,DY-NA,Washington,DC,"Washington, DC",Washington,DC,FMMOS,FMMOS - non-mars,04/09/2021 07:46:00,2002,2002-JUN,3.59,component,lmprs,
Dec,2002,,Central,32.0,3.70,Producer Milk Components,AMS_3462,3462,Dairy FMMOS,DY-NA,Washington,DC,"Washington, DC",Washington,DC,FMMOS,FMMOS - non-mars,04/09/2021 07:46:00,2002,2002-JUN,3.59,component,lmprs,
Dec,2002,,Florida,6.0,3.67,Producer Milk Components,AMS_3462,3462,Dairy FMMOS,DY-NA,Washington,DC,"Washington, DC",Washington,DC,FMMOS,FMMOS - non-mars,04/09/2021 07:46:00,2002,2002-JUN,3.65,component,lmprs,
Dec,2002,,Mideast,33.0,3.69,Producer Milk Components,AMS_3462,3462,Dairy FMMOS,DY-NA,Washington,DC,"Washington, DC",Washington,DC,FMMOS,FMMOS - non-mars,04/09/2021 07:46:00,2002,2002-JUN,3.59,component,lmprs,
Dec,2002,,Northeast,1.0,3.69,Producer Milk Components,AMS_3462,3462,Dairy FMMOS,DY-NA,Washington,DC,"Washington, DC",Washington,DC,FMMOS,FMMOS - non-mars,04/09/2021 07:46:00,2002,2002-JUN,3.61,component,lmprs,
Dec,2002,,Pacific Northwest,124.0,3.67,Producer Milk Components,AMS_3462,3462,Dairy FMMOS,DY-NA,Washington,DC,"Washington, DC",Washington,DC,FMMOS,FMMOS - non-mars,04/09/2021 07:46:00,2002,2002-JUN,3.58,component,lmprs,
Dec,2002,,Southeast,7.0,3.66,Producer Milk Components,AMS_3462,3462,Dairy FMMOS,DY-NA,Washington,DC,"Washington, DC",Washington,DC,FMMOS,FMMOS - non-mars,04/09/2021 07:46:00,2002,2002-JUN,3.54,component,lmprs,
Dec,2002,,Southwest,126.0,3.64,Producer Milk Components,AMS_3462,3462,Dairy FMMOS,DY-NA,Washington,DC,"Washington, DC",Washington,DC,FMMOS,FMMOS - non-mars,04/09/2021 07:46:00,2002,2002-JUN,3.52,component,lmprs,
Dec,2002,,Upper Midwest,30.0,3.73,Producer Milk Components,AMS_3462,3462,Dairy FMMOS,DY-NA,Washington,DC,"Washington, DC",Washington,DC,FMMOS,FMMOS - non-mars,04/09/2021 07:46:00,2002,2002-JUN,3.64,component,lmprs,
Dec,2002,,Western,135.0,3.63,Producer Milk Components,AMS_3462,3462,Dairy FMMOS,DY-NA,Washington,DC,"Washington, DC",Washington,DC,FMMOS,FMMOS - non-mars,04/09/2021 07:46:00,2002,2002-JUN,3.50,component,lmprs,
Dec,2003,,Western,135.0,3.60,Producer Milk Components,AMS_3462,3462,Dairy FMMOS,DY-NA,Washington,DC,"Washington, DC",Washington,DC,FMMOS,FMMOS - non-mars,04/09/2021 07:46:00,2003,2003-JUN,3.48,component,lmprs,
Dec,2003,,Upper Midwest,30.0,3.72,Producer Milk Components,AMS_3462,3462,Dairy FMMOS,DY-NA,Washington,DC,"Washington, DC",Washington,DC,FMMOS,FMMOS - non-mars,04/09/2021 07:46:00,2003,2003-JUN,3.60,component,lmprs,
Dec,2003,,Southwest,126.0,3.62,Producer Milk Components,AMS_3462,3462,Dairy FMMOS,DY-NA,Washington,DC,"Washington, DC",Washington,DC,FMMOS,FMMOS - non-mars,04/09/2021 07:46:00,2003,2003-JUN,3.50,component,lmprs,
Dec,2003,,Southeast,7.0,3.63,Producer Milk Components,AMS_3462,3462,Dairy FMMOS,DY-NA,Washington,DC,"Washington, DC",Washington,DC,FMMOS,FMMOS - non-mars,04/09/2021 07:46:00,2003,2003-JUN,3.52,component,lmprs,
Dec,2003,,Northeast,1.0,3.70,Producer Milk Components,AMS_3462,3462,Dairy FMMOS,DY-NA,Washington,DC,"Washington, DC",Washington,DC,FMMOS,FMMOS - non-mars,04/09/2021 07:46:00,2003,2003-JUN,3.63,component,lmprs,
Dec,2003,,Pacific Northwest,124.0,3.66,Producer Milk Components,AMS_3462,3462,Dairy FMMOS,DY-NA,Washington,DC,"Washington, DC",Washington,DC,FMMOS,FMMOS - non-mars,04/09/2021 07:46:00,2003,2003-JUN,3.57,component,lmprs,
Dec,2003,,Mideast,33.0,3.69,Producer Milk Components,AMS_3462,3462,Dairy FMMOS,DY-NA,Washington,DC,"Washington, DC",Washington,DC,FMMOS,FMMOS - non-mars,04/09/2021 07:46:00,2003,2003-JUN,3.59,component,lmprs,
Dec,2003,,Florida,6.0,3.57,Producer Milk Components,AMS_3462,3462,Dairy FMMOS,DY-NA,Washington,DC,"Washington, DC",Washington,DC,FMMOS,FMMOS - non-mars,04/09/2021 07:46:00,2003,2003-JUN,3.47,component,lmprs,
Dec,2003,,Arizona,131.0,3.59,Producer Milk Components,AMS_3462,3462,Dairy FMMOS,DY-NA,Washington,DC,"Washington, DC",Washington,DC,FMMOS,FMMOS - non-mars,04/09/2021 07:46:00,2003,2003-JUN,3.54,component,lmprs,
Dec,2003,,Central,32.0,3.68,Producer Milk Components,AMS_3462,3462,Dairy FMMOS,DY-NA,Washington,DC,"Washington, DC",Washington,DC,FMMOS,FMMOS - non-mars,04/09/2021 07:46:00,2003,2003-JUN,3.55,component,lmprs,
Dec,2003,,Appalachian,5.0,3.65,Producer Milk Components,AMS_3462,3462,Dairy FMMOS,DY-NA,Washington,DC,"Washington, DC",Washington,DC,FMMOS,FMMOS - non-mars,04/09/2021 07:46:00,2003,2003-JUN,3.56,component,lmprs,
Dec,2003,,All Markets Combined,,3.67,Producer Milk Components,AMS_3462,3462,Dairy FMMOS,DY-NA,Washington,DC,"Washington, DC",Washington,DC,FMMOS,FMMOS - non-mars,04/09/2021 07:46:00,2003,2003-JUN,3.57,component,lmprs,
Dec,2004,,All Markets Combined,,3.67,Producer Milk Components,AMS_3462,3462,Dairy FMMOS,DY-NA,Washington,DC,"Washington, DC",Washington,DC,FMMOS,FMMOS - non-mars,04/09/2021 07:44:00,2004,2004-JUN,3.56,component,lmprs,
Dec,2004,,Appalachian,5.0,3.62,Producer Milk Components,AMS_3462,3462,Dairy FMMOS,DY-NA,Washington,DC,"Washington, DC",Washington,DC,FMMOS,FMMOS - non-mars,04/09/2021 07:44:00,2004,2004-JUN,3.50,component,lmprs,
Dec,2004,,Central,32.0,3.66,Producer Milk Components,AMS_3462,3462,Dairy FMMOS,DY-NA,Washington,DC,"Washington, DC",Washington,DC,FMMOS,FMMOS - non-mars,04/09/2021 07:44:00,2004,2004-JUN,3.55,component,lmprs,
Dec,2004,,Arizona,131.0,3.61,Producer Milk Components,AMS_3462,3462,Dairy FMMOS,DY-NA,Washington,DC,"Washington, DC",Washington,DC,FMMOS,FMMOS - non-mars,04/09/2021 07:44:00,2004,2004-JUN,3.55,component,lmprs,
Dec,2004,,Florida,6.0,3.61,Producer Milk Components,AMS_3462,3462,Dairy FMMOS,DY-NA,Washington,DC,"Washington, DC",Washington,DC,FMMOS,FMMOS - non-mars,04/09/2021 07:44:00,2004,2004-JUN,3.54,component,lmprs,
Dec,2004,,Mideast,33.0,3.67,Producer Milk Components,AMS_3462,3462,Dairy FMMOS,DY-NA,Washington,DC,"Washington, DC",Washington,DC,FMMOS,FMMOS - non-mars,04/09/2021 07:44:00,2004,2004-JUN,3.56,component,lmprs,
Dec,2004,,Pacific Northwest,124.0,3.68,Producer Milk Components,AMS_3462,3462,Dairy FMMOS,DY-NA,Washington,DC,"Washington, DC",Washington,DC,FMMOS,FMMOS - non-mars,04/09/2021 07:44:00,2004,2004-JUN,3.59,component,lmprs,
Dec,2004,,Northeast,1.0,3.66,Producer Milk Components,AMS_3462,3462,Dairy FMMOS,DY-NA,Washington,DC,"Washington, DC",Washington,DC,FMMOS,FMMOS - non-mars,04/09/2021 07:44:00,2004,2004-JUN,3.55,component,lmprs,
Dec,2004,,Southeast,7.0,3.65,Producer Milk Components,AMS_3462,3462,Dairy FMMOS,DY-NA,Washington,DC,"Washington, DC",Washington,DC,FMMOS,FMMOS - non-mars,04/09/2021 07:44:00,2004,2004-JUN,3.52,component,lmprs,
Dec,2004,,Southwest,126.0,3.64,Producer Milk Components,AMS_3462,3462,Dairy FMMOS,DY-NA,Washington,DC,"Washington, DC",Washington,DC,FMMOS,FMMOS - non-mars,04/09/2021 07:44:00,2004,2004-JUN,3.50,component,lmprs,
Dec,2004,,Upper Midwest,30.0,3.72,Producer Milk Components,AMS_3462,3462,Dairy FMMOS,DY-NA,Washington,DC,"Washington, DC",Washington,DC,FMMOS,FMMOS - non-mars,04/09/2021 07:44:00,2004,2004-JUN,3.64,component,lmprs,
Dec,2004,,Western,135.0,3.70,Producer Milk Components,AMS_3462,3462,Dairy FMMOS,DY-NA,Washington,DC,"Washington, DC",Washington,DC,FMMOS,FMMOS - non-mars,04/09/2021 07:44:00,2004,2004-JUN,,component,lmprs,
Dec,2005,,Upper Midwest,30.0,3.71,Producer Milk Components,AMS_3462,3462,Dairy FMMOS,DY-NA,Washington,DC,"Washington, DC",Washington,DC,FMMOS,FMMOS - non-mars,03/30/2021 14:16:00,2005,2005-JUN,3.58,component,lmprs,
Dec,2005,,Southwest,126.0,3.66,Producer Milk Components,AMS_3462,3462,Dairy FMMOS,DY-NA,Washington,DC,"Washington, DC",Washington,DC,FMMOS,FMMOS - non-mars,03/30/2021 14:16:00,2005,2005-JUN,3.50,component,lmprs,
Dec,2005,,Southeast,7.0,3.63,Producer Milk Components,AMS_3462,3462,Dairy FMMOS,DY-NA,Washington,DC,"Washington, DC",Washington,DC,FMMOS,FMMOS - non-mars,03/30/2021 14:16:00,2005,2005-JUN,3.51,component,lmprs,
Dec,2005,,Northeast,1.0,3.67,Producer Milk Components,AMS_3462,3462,Dairy FMMOS,DY-NA,Washington,DC,"Washington, DC",Washington,DC,FMMOS,FMMOS - non-mars,03/30/2021 14:16:00,2005,2005-JUN,3.55,component,lmprs,
Dec,2005,,Pacific Northwest,124.0,3.67,Producer Milk Components,AMS_3462,3462,Dairy FMMOS,DY-NA,Washington,DC,"Washington, DC",Washington,DC,FMMOS,FMMOS - non-mars,03/30/2021 14:16:00,2005,2005-JUN,3.58,component,lmprs,
Dec,2005,,Mideast,33.0,3.65,Producer Milk Components,AMS_3462,3462,Dairy FMMOS,DY-NA,Washington,DC,"Washington, DC",Washington,DC,FMMOS,FMMOS - non-mars,03/30/2021 14:16:00,2005,2005-JUN,3.52,component,lmprs,
Dec,2005,,Florida,6.0,3.60,Producer Milk Components,AMS_3462,3462,Dairy FMMOS,DY-NA,Washington,DC,"Washington, DC",Washington,DC,FMMOS,FMMOS - non-mars,03/30/2021 14:16:00,2005,2005-JUN,3.52,component,lmprs,
Dec,2005,,Central,32.0,3.64,Producer Milk Components,AMS_3462,3462,Dairy FMMOS,DY-NA,Washington,DC,"Washington, DC",Washington,DC,FMMOS,FMMOS - non-mars,03/30/2021 14:16:00,2005,2005-JUN,3.51,component,lmprs,
Dec,2005,,Appalachian,5.0,3.62,Producer Milk Components,AMS_3462,3462,Dairy FMMOS,DY-NA,Washington,DC,"Washington, DC",Washington,DC,FMMOS,FMMOS - non-mars,03/30/2021 14:16:00,2005,2005-JUN,3.49,component,lmprs,
Dec,2005,,Arizona,131.0,3.59,Producer Milk Components,AMS_3462,3462,Dairy FMMOS,DY-NA,Washington,DC,"Washington, DC",Washington,DC,FMMOS,FMMOS - non-mars,03/30/2021 14:16:00,2005,2005-JUN,3.52,component,lmprs,
Dec,2005,,All Markets Combined,,3.66,Producer Milk Components,AMS_3462,3462,Dairy FMMOS,DY-NA,Washington,DC,"Washington, DC",Washington,DC,FMMOS,FMMOS - non-mars,03/30/2021 14:16:00,2005,2005-JUN,3.54,component,lmprs,
Dec,2006,,All Markets Combined,,3.69,Producer Milk Components,AMS_3462,3462,Dairy FMMOS,DY-NA,Washington,DC,"Washington, DC",Washington,DC,FMMOS,FMMOS - non-mars,03/30/2021 14:16:00,2006,2006-JUN,3.58,component,lmprs,
Dec,2006,,Arizona,131.0,3.59,Producer Milk Components,AMS_3462,3462,Dairy FMMOS,DY-NA,Washington,DC,"Washington, DC",Washington,DC,FMMOS,FMMOS - non-mars,03/30/2021 14:16:00,2006,2006-JUN,3.50,component,lmprs,
Dec,2006,,Appalachian,5.0,3.67,Producer Milk Components,AMS_3462,3462,Dairy FMMOS,DY-NA,Washington,DC,"Washington, DC",Washington,DC,FMMOS,FMMOS - non-mars,03/30/2021 14:16:00,2006,2006-JUN,3.55,component,lmprs,
Dec,2006,,Central,32.0,3.67,Producer Milk Components,AMS_3462,3462,Dairy FMMOS,DY-NA,Washington,DC,"Washington, DC",Washington,DC,FMMOS,FMMOS - non-mars,03/30/2021 14:16:00,2006,2006-JUN,3.53,component,lmprs,
Dec,2006,,Florida,6.0,3.66,Producer Milk Components,AMS_3462,3462,Dairy FMMOS,DY-NA,Washington,DC,"Washington, DC",Washington,DC,FMMOS,FMMOS - non-mars,03/30/2021 14:16:00,2006,2006-JUN,3.58,component,lmprs,
Dec,2006,,Mideast,33.0,3.69,Producer Milk Components,AMS_3462,3462,Dairy FMMOS,DY-NA,Washington,DC,"Washington, DC",Washington,DC,FMMOS,FMMOS - non-mars,03/30/2021 14:16:00,2006,2006-JUN,3.59,component,lmprs,
Dec,2006,,Pacific Northwest,124.0,3.69,Producer Milk Components,AMS_3462,3462,Dairy FMMOS,DY-NA,Washington,DC,"Washington, DC",Washington,DC,FMMOS,FMMOS - non-mars,03/30/2021 14:16:00,2006,2006-JUN,3.57,component,lmprs,
Dec,2006,,Northeast,1.0,3.71,Producer Milk Components,AMS_3462,3462,Dairy FMMOS,DY-NA,Washington,DC,"Washington, DC",Washington,DC,FMMOS,FMMOS - non-mars,03/30/2021 14:16:00,2006,2006-JUN,3.62,component,lmprs,
Dec,2006,,Southeast,7.0,3.67,Producer Milk Components,AMS_3462,3462,Dairy FMMOS,DY-NA,Washington,DC,"Washington, DC",Washington,DC,FMMOS,FMMOS - non-mars,03/30/2021 14:16:00,2006,2006-JUN,3.54,component,lmprs,
Dec,2006,,Southwest,126.0,3.69,Producer Milk Components,AMS_3462,3462,Dairy FMMOS,DY-NA,Washington,DC,"Washington, DC",Washington,DC,FMMOS,FMMOS - non-mars,03/30/2021 14:16:00,2006,2006-JUN,3.55,component,lmprs,
Dec,2006,,Upper Midwest,30.0,3.72,Producer Milk Components,AMS_3462,3462,Dairy FMMOS,DY-NA,Washington,DC,"Washington, DC",Washington,DC,FMMOS,FMMOS - non-mars,03/30/2021 14:16:00,2006,2006-JUN,3.61,component,lmprs,
Dec,2007,,Upper Midwest,30.0,3.71,Producer Milk Components,AMS_3462,3462,Dairy FMMOS,DY-NA,Washington,DC,"Washington, DC",Washington,DC,FMMOS,FMMOS - non-mars,03/30/2021 14:16:00,2007,2007-JUN,3.59,component,lmprs,
Dec,2007,,Southwest,126.0,3.67,Producer Milk Components,AMS_3462,3462,Dairy FMMOS,DY-NA,Washington,DC,"Washington, DC",Washington,DC,FMMOS,FMMOS - non-mars,03/30/2021 14:16:00,2007,2007-JUN,3.59,component,lmprs,
Dec,2007,,Southeast,7.0,3.67,Producer Milk Components,AMS_3462,3462,Dairy FMMOS,DY-NA,Washington,DC,"Washington, DC",Washington,DC,FMMOS,FMMOS - non-mars,03/30/2021 14:16:00,2007,2007-JUN,3.57,component,lmprs,
Dec,2007,,Northeast,1.0,3.70,Producer Milk Components,AMS_3462,3462,Dairy FMMOS,DY-NA,Washington,DC,"Washington, DC",Washington,DC,FMMOS,FMMOS - non-mars,03/30/2021 14:16:00,2007,2007-JUN,3.58,component,lmprs,
Dec,2007,,Pacific Northwest,124.0,3.70,Producer Milk Components,AMS_3462,3462,Dairy FMMOS,DY-NA,Washington,DC,"Washington, DC",Washington,DC,FMMOS,FMMOS - non-mars,03/30/2021 14:16:00,2007,2007-JUN,3.60,component,lmprs,
Dec,2007,,Mideast,33.0,3.67,Producer Milk Components,AMS_3462,3462,Dairy FMMOS,DY-NA,Washington,DC,"Washington, DC",Washington,DC,FMMOS,FMMOS - non-mars,03/30/2021 14:16:00,2007,2007-JUN,3.53,component,lmprs,
Dec,2007,,Florida,6.0,3.63,Producer Milk Components,AMS_3462,3462,Dairy FMMOS,DY-NA,Washington,DC,"Washington, DC",Washington,DC,FMMOS,FMMOS - non-mars,03/30/2021 14:16:00,2007,2007-JUN,3.58,component,lmprs,
Dec,2007,,Central,32.0,3.68,Producer Milk Components,AMS_3462,3462,Dairy FMMOS,DY-NA,Washington,DC,"Washington, DC",Washington,DC,FMMOS,FMMOS - non-mars,03/30/2021 14:16:00,2007,2007-JUN,3.57,component,lmprs,
Dec,2007,,Appalachian,5.0,3.67,Producer Milk Components,AMS_3462,3462,Dairy FMMOS,DY-NA,Washington,DC,"Washington, DC",Washington,DC,FMMOS,FMMOS - non-mars,03/30/2021 14:16:00,2007,2007-JUN,3.56,component,lmprs,
Dec,2007,,Arizona,131.0,3.60,Producer Milk Components,AMS_3462,3462,Dairy FMMOS,DY-NA,Washington,DC,"Washington, DC",Washington,DC,FMMOS,FMMOS - non-mars,03/30/2021 14:16:00,2007,2007-JUN,3.54,component,lmprs,
Dec,2007,,All Markets Combined,,3.68,Producer Milk Components,AMS_3462,3462,Dairy FMMOS,DY-NA,Washington,DC,"Washington, DC",Washington,DC,FMMOS,FMMOS - non-mars,03/30/2021 14:16:00,2007,2007-JUN,3.57,component,lmprs,
Dec,2008,,All Markets Combined,,3.69,Producer Milk Components,AMS_3462,3462,Dairy FMMOS,DY-NA,Washington,DC,"Washington, DC",Washington,DC,FMMOS,FMMOS - non-mars,03/30/2021 14:15:00,2008,2008-JUN,3.57,component,lmprs,
Dec,2008,,Arizona,131.0,3.56,Producer Milk Components,AMS_3462,3462,Dairy FMMOS,DY-NA,Washington,DC,"Washington, DC",Washington,DC,FMMOS,FMMOS - non-mars,03/30/2021 14:15:00,2008,2008-JUN,3.51,component,lmprs,
Dec,2008,,Appalachian,5.0,3.69,Producer Milk Components,AMS_3462,3462,Dairy FMMOS,DY-NA,Washington,DC,"Washington, DC",Washington,DC,FMMOS,FMMOS - non-mars,03/30/2021 14:15:00,2008,2008-JUN,3.56,component,lmprs,
Dec,2008,,Central,32.0,3.65,Producer Milk Components,AMS_3462,3462,Dairy FMMOS,DY-NA,Washington,DC,"Washington, DC",Washington,DC,FMMOS,FMMOS - non-mars,03/30/2021 14:15:00,2008,2008-JUN,3.51,component,lmprs,
Dec,2008,,Florida,6.0,3.60,Producer Milk Components,AMS_3462,3462,Dairy FMMOS,DY-NA,Washington,DC,"Washington, DC",Washington,DC,FMMOS,FMMOS - non-mars,03/30/2021 14:15:00,2008,2008-JUN,3.54,component,lmprs,
Dec,2008,,Mideast,33.0,3.70,Producer Milk Components,AMS_3462,3462,Dairy FMMOS,DY-NA,Washington,DC,"Washington, DC",Washington,DC,FMMOS,FMMOS - non-mars,03/30/2021 14:15:00,2008,2008-JUN,3.56,component,lmprs,
Dec,2008,,Pacific Northwest,124.0,3.67,Producer Milk Components,AMS_3462,3462,Dairy FMMOS,DY-NA,Washington,DC,"Washington, DC",Washington,DC,FMMOS,FMMOS - non-mars,03/30/2021 14:15:00,2008,2008-JUN,3.55,component,lmprs,
Dec,2008,,Northeast,1.0,3.73,Producer Milk Components,AMS_3462,3462,Dairy FMMOS,DY-NA,Washington,DC,"Washington, DC",Washington,DC,FMMOS,FMMOS - non-mars,03/30/2021 14:15:00,2008,2008-JUN,3.61,component,lmprs,
Dec,2008,,Southeast,7.0,3.67,Producer Milk Components,AMS_3462,3462,Dairy FMMOS,DY-NA,Washington,DC,"Washington, DC",Washington,DC,FMMOS,FMMOS - non-mars,03/30/2021 14:15:00,2008,2008-JUN,3.55,component,lmprs,
Dec,2008,,Southwest,126.0,3.63,Producer Milk Components,AMS_3462,3462,Dairy FMMOS,DY-NA,Washington,DC,"Washington, DC",Washington,DC,FMMOS,FMMOS - non-mars,03/30/2021 14:15:00,2008,2008-JUN,3.52,component,lmprs,
Dec,2008,,Upper Midwest,30.0,3.72,Producer Milk Components,AMS_3462,3462,Dairy FMMOS,DY-NA,Washington,DC,"Washington, DC",Washington,DC,FMMOS,FMMOS - non-mars,03/30/2021 14:15:00,2008,2008-JUN,3.61,component,lmprs,
Dec,2009,,Upper Midwest,30.0,3.70,Producer Milk Components,AMS_3462,3462,Dairy FMMOS,DY-NA,Washington,DC,"Washington, DC",Washington,DC,FMMOS,FMMOS - non-mars,03/30/2021 14:15:00,2009,2009-JUN,3.62,component,lmprs,
Dec,2009,,Southwest,126.0,3.58,Producer Milk Components,AMS_3462,3462,Dairy FMMOS,DY-NA,Washington,DC,"Washington, DC",Washington,DC,FMMOS,FMMOS - non-mars,03/30/2021 14:15:00,2009,2009-JUN,3.47,component,lmprs,
Dec,2009,,Southeast,7.0,3.65,Producer Milk Components,AMS_3462,3462,Dairy FMMOS,DY-NA,Washington,DC,"Washington, DC",Washington,DC,FMMOS,FMMOS - non-mars,03/30/2021 14:15:00,2009,2009-JUN,3.55,component,lmprs,
Dec,2009,,Northeast,1.0,3.72,Producer Milk Components,AMS_3462,3462,Dairy FMMOS,DY-NA,Washington,DC,"Washington, DC",Washington,DC,FMMOS,FMMOS - non-mars,03/30/2021 14:15:00,2009,2009-JUN,3.63,component,lmprs,
Dec,2009,,Pacific Northwest,124.0,3.71,Producer Milk Components,AMS_3462,3462,Dairy FMMOS,DY-NA,Washington,DC,"Washington, DC",Washington,DC,FMMOS,FMMOS - non-mars,03/30/2021 14:15:00,2009,2009-JUN,3.59,component,lmprs,
Dec,2009,,Mideast,33.0,3.69,Producer Milk Components,AMS_3462,3462,Dairy FMMOS,DY-NA,Washington,DC,"Washington, DC",Washington,DC,FMMOS,FMMOS - non-mars,03/30/2021 14:15:00,2009,2009-JUN,3.58,component,lmprs,
Dec,2009,,Florida,6.0,3.59,Producer Milk Components,AMS_3462,3462,Dairy FMMOS,DY-NA,Washington,DC,"Washington, DC",Washington,DC,FMMOS,FMMOS - non-mars,03/30/2021 14:15:00,2009,2009-JUN,3.52,component,lmprs,
Dec,2009,,Central,32.0,3.61,Producer Milk Components,AMS_3462,3462,Dairy FMMOS,DY-NA,Washington,DC,"Washington, DC",Washington,DC,FMMOS,FMMOS - non-mars,03/30/2021 14:15:00,2009,2009-JUN,3.51,component,lmprs,
Dec,2009,,Appalachian,5.0,3.68,Producer Milk Components,AMS_3462,3462,Dairy FMMOS,DY-NA,Washington,DC,"Washington, DC",Washington,DC,FMMOS,FMMOS - non-mars,03/30/2021 14:15:00,2009,2009-JUN,3.57,component,lmprs,
Dec,2009,,Arizona,131.0,3.49,Producer Milk Components,AMS_3462,3462,Dairy FMMOS,DY-NA,Washington,DC,"Washington, DC",Washington,DC,FMMOS,FMMOS - non-mars,03/30/2021 14:15:00,2009,2009-JUN,3.42,component,lmprs,
Dec,2009,,All Markets Combined,,3.67,Producer Milk Components,AMS_3462,3462,Dairy FMMOS,DY-NA,Washington,DC,"Washington, DC",Washington,DC,FMMOS,FMMOS - non-mars,03/30/2021 14:15:00,2009,2009-JUN,3.57,component,lmprs,
Dec,2010,,All Markets Combined,,3.66,Producer Milk Components,AMS_3462,3462,Dairy FMMOS,DY-NA,Washington,DC,"Washington, DC",Washington,DC,FMMOS,FMMOS - non-mars,03/30/2021 14:14:00,2010,2010-JUN,3.52,component,lmprs,
Dec,2010,,Arizona,131.0,3.50,Producer Milk Components,AMS_3462,3462,Dairy FMMOS,DY-NA,Washington,DC,"Washington, DC",Washington,DC,FMMOS,FMMOS - non-mars,03/30/2021 14:14:00,2010,2010-JUN,3.41,component,lmprs,
Dec,2010,,Appalachian,5.0,3.65,Producer Milk Components,AMS_3462,3462,Dairy FMMOS,DY-NA,Washington,DC,"Washington, DC",Washington,DC,FMMOS,FMMOS - non-mars,03/30/2021 14:14:00,2010,2010-JUN,3.50,component,lmprs,
Dec,2010,,Central,32.0,3.60,Producer Milk Components,AMS_3462,3462,Dairy FMMOS,DY-NA,Washington,DC,"Washington, DC",Washington,DC,FMMOS,FMMOS - non-mars,03/30/2021 14:14:00,2010,2010-JUN,3.44,component,lmprs,
Dec,2010,,Florida,6.0,3.60,Producer Milk Components,AMS_3462,3462,Dairy FMMOS,DY-NA,Washington,DC,"Washington, DC",Washington,DC,FMMOS,FMMOS - non-mars,03/30/2021 14:14:00,2010,2010-JUN,3.50,component,lmprs,
Dec,2010,,Mideast,33.0,3.66,Producer Milk Components,AMS_3462,3462,Dairy FMMOS,DY-NA,Washington,DC,"Washington, DC",Washington,DC,FMMOS,FMMOS - non-mars,03/30/2021 14:14:00,2010,2010-JUN,3.51,component,lmprs,
Dec,2010,,Pacific Northwest,124.0,3.73,Producer Milk Components,AMS_3462,3462,Dairy FMMOS,DY-NA,Washington,DC,"Washington, DC",Washington,DC,FMMOS,FMMOS - non-mars,03/30/2021 14:14:00,2010,2010-JUN,3.63,component,lmprs,
Dec,2010,,Northeast,1.0,3.69,Producer Milk Components,AMS_3462,3462,Dairy FMMOS,DY-NA,Washington,DC,"Washington, DC",Washington,DC,FMMOS,FMMOS - non-mars,03/30/2021 14:14:00,2010,2010-JUN,3.56,component,lmprs,
Dec,2010,,Southeast,7.0,3.66,Producer Milk Components,AMS_3462,3462,Dairy FMMOS,DY-NA,Washington,DC,"Washington, DC",Washington,DC,FMMOS,FMMOS - non-mars,03/30/2021 14:14:00,2010,2010-JUN,3.50,component,lmprs,
Dec,2010,,Southwest,126.0,3.60,Producer Milk Components,AMS_3462,3462,Dairy FMMOS,DY-NA,Washington,DC,"Washington, DC",Washington,DC,FMMOS,FMMOS - non-mars,03/30/2021 14:14:00,2010,2010-JUN,3.43,component,lmprs,
Dec,2010,,Upper Midwest,30.0,3.68,Producer Milk Components,AMS_3462,3462,Dairy FMMOS,DY-NA,Washington,DC,"Washington, DC",Washington,DC,FMMOS,FMMOS - non-mars,03/30/2021 14:14:00,2010,2010-JUN,3.56,component,lmprs,
Dec,2011,,Southwest,126.0,3.65,Producer Milk Components,AMS_3462,3462,Dairy FMMOS,DY-NA,Washington,DC,"Washington, DC",Washington,DC,FMMOS,FMMOS - non-mars,03/30/2021 14:14:00,2011,2011-JUN,3.52,component,lmprs,
Dec,2011,,Upper Midwest,30.0,3.73,Producer Milk Components,AMS_3462,3462,Dairy FMMOS,DY-NA,Washington,DC,"Washington, DC",Washington,DC,FMMOS,FMMOS - non-mars,03/30/2021 14:14:00,2011,2011-JUN,3.61,component,lmprs,
Dec,2011,,Southeast,7.0,3.71,Producer Milk Components,AMS_3462,3462,Dairy FMMOS,DY-NA,Washington,DC,"Washington, DC",Washington,DC,FMMOS,FMMOS - non-mars,03/30/2021 14:14:00,2011,2011-JUN,3.58,component,lmprs,
Dec,2011,,Pacific Northwest,124.0,3.77,Producer Milk Components,AMS_3462,3462,Dairy FMMOS,DY-NA,Washington,DC,"Washington, DC",Washington,DC,FMMOS,FMMOS - non-mars,03/30/2021 14:14:00,2011,2011-JUN,3.67,component,lmprs,
Dec,2011,,Mideast,33.0,3.70,Producer Milk Components,AMS_3462,3462,Dairy FMMOS,DY-NA,Washington,DC,"Washington, DC",Washington,DC,FMMOS,FMMOS - non-mars,03/30/2021 14:14:00,2011,2011-JUN,3.57,component,lmprs,
Dec,2011,,Northeast,1.0,3.73,Producer Milk Components,AMS_3462,3462,Dairy FMMOS,DY-NA,Washington,DC,"Washington, DC",Washington,DC,FMMOS,FMMOS - non-mars,03/30/2021 14:14:00,2011,2011-JUN,3.60,component,lmprs,
Dec,2011,,Florida,6.0,3.67,Producer Milk Components,AMS_3462,3462,Dairy FMMOS,DY-NA,Washington,DC,"Washington, DC",Washington,DC,FMMOS,FMMOS - non-mars,03/30/2021 14:14:00,2011,2011-JUN,3.60,component,lmprs,
Dec,2011,,Central,32.0,3.67,Producer Milk Components,AMS_3462,3462,Dairy FMMOS,DY-NA,Washington,DC,"Washington, DC",Washington,DC,FMMOS,FMMOS - non-mars,03/30/2021 14:14:00,2011,2011-JUN,3.54,component,lmprs,
Dec,2011,,Appalachian,5.0,3.69,Producer Milk Components,AMS_3462,3462,Dairy FMMOS,DY-NA,Washington,DC,"Washington, DC",Washington,DC,FMMOS,FMMOS - non-mars,03/30/2021 14:14:00,2011,2011-JUN,3.56,component,lmprs,
Dec,2011,,Arizona,131.0,3.55,Producer Milk Components,AMS_3462,3462,Dairy FMMOS,DY-NA,Washington,DC,"Washington, DC",Washington,DC,FMMOS,FMMOS - non-mars,03/30/2021 14:14:00,2011,2011-JUN,3.50,component,lmprs,
Dec,2011,,All Markets Combined,,3.70,Producer Milk Components,AMS_3462,3462,Dairy FMMOS,DY-NA,Washington,DC,"Washington, DC",Washington,DC,FMMOS,FMMOS - non-mars,03/30/2021 14:14:00,2011,2011-JUN,3.58,component,lmprs,
Dec,2012,,All Markets Combined,,3.71,Producer Milk Components,AMS_3462,3462,Dairy FMMOS,DY-NA,Washington,DC,"Washington, DC",Washington,DC,FMMOS,FMMOS - non-mars,03/30/2021 14:13:00,2012,2012-JUN,3.60,component,lmprs,
Dec,2012,,Arizona,131.0,3.55,Producer Milk Components,AMS_3462,3462,Dairy FMMOS,DY-NA,Washington,DC,"Washington, DC",Washington,DC,FMMOS,FMMOS - non-mars,03/30/2021 14:13:00,2012,2012-JUN,3.50,component,lmprs,
Dec,2012,,Appalachian,5.0,3.69,Producer Milk Components,AMS_3462,3462,Dairy FMMOS,DY-NA,Washington,DC,"Washington, DC",Washington,DC,FMMOS,FMMOS - non-mars,03/30/2021 14:13:00,2012,2012-JUN,3.55,component,lmprs,
Dec,2012,,Central,32.0,3.69,Producer Milk Components,AMS_3462,3462,Dairy FMMOS,DY-NA,Washington,DC,"Washington, DC",Washington,DC,FMMOS,FMMOS - non-mars,03/30/2021 14:13:00,2012,2012-JUN,3.57,component,lmprs,
Dec,2012,,Florida,6.0,3.66,Producer Milk Components,AMS_3462,3462,Dairy FMMOS,DY-NA,Washington,DC,"Washington, DC",Washington,DC,FMMOS,FMMOS - non-mars,03/30/2021 14:13:00,2012,2012-JUN,3.62,component,lmprs,
Dec,2012,,Northeast,1.0,3.73,Producer Milk Components,AMS_3462,3462,Dairy FMMOS,DY-NA,Washington,DC,"Washington, DC",Washington,DC,FMMOS,FMMOS - non-mars,03/30/2021 14:13:00,2012,2012-JUN,3.61,component,lmprs,
Dec,2012,,Mideast,33.0,3.69,Producer Milk Components,AMS_3462,3462,Dairy FMMOS,DY-NA,Washington,DC,"Washington, DC",Washington,DC,FMMOS,FMMOS - non-mars,03/30/2021 14:13:00,2012,2012-JUN,3.55,component,lmprs,
Dec,2012,,Pacific Northwest,124.0,3.81,Producer Milk Components,AMS_3462,3462,Dairy FMMOS,DY-NA,Washington,DC,"Washington, DC",Washington,DC,FMMOS,FMMOS - non-mars,03/30/2021 14:13:00,2012,2012-JUN,3.70,component,lmprs,
Dec,2012,,Southeast,7.0,3.70,Producer Milk Components,AMS_3462,3462,Dairy FMMOS,DY-NA,Washington,DC,"Washington, DC",Washington,DC,FMMOS,FMMOS - non-mars,03/30/2021 14:13:00,2012,2012-JUN,3.59,component,lmprs,
Dec,2012,,Upper Midwest,30.0,3.76,Producer Milk Components,AMS_3462,3462,Dairy FMMOS,DY-NA,Washington,DC,"Washington, DC",Washington,DC,FMMOS,FMMOS - non-mars,03/30/2021 14:13:00,2012,2012-JUN,3.63,component,lmprs,
Dec,2012,,Southwest,126.0,3.65,Producer Milk Components,AMS_3462,3462,Dairy FMMOS,DY-NA,Washington,DC,"Washington, DC",Washington,DC,FMMOS,FMMOS - non-mars,03/30/2021 14:13:00,2012,2012-JUN,3.54,component,lmprs,
Dec,2013,,Southwest,126.0,3.69,Producer Milk Components,AMS_3462,3462,Dairy FMMOS,DY-NA,Washington,DC,"Washington, DC",Washington,DC,FMMOS,FMMOS - non-mars,03/30/2021 14:13:00,2013,2013-JUN,3.52,component,lmprs,
Dec,2013,,Upper Midwest,30.0,3.81,Producer Milk Components,AMS_3462,3462,Dairy FMMOS,DY-NA,Washington,DC,"Washington, DC",Washington,DC,FMMOS,FMMOS - non-mars,03/30/2021 14:13:00,2013,2013-JUN,3.71,component,lmprs,
Dec,2013,,Southeast,7.0,3.72,Producer Milk Components,AMS_3462,3462,Dairy FMMOS,DY-NA,Washington,DC,"Washington, DC",Washington,DC,FMMOS,FMMOS - non-mars,03/30/2021 14:13:00,2013,2013-JUN,3.63,component,lmprs,
Dec,2013,,Pacific Northwest,124.0,3.88,Producer Milk Components,AMS_3462,3462,Dairy FMMOS,DY-NA,Washington,DC,"Washington, DC",Washington,DC,FMMOS,FMMOS - non-mars,03/30/2021 14:13:00,2013,2013-JUN,3.76,component,lmprs,
Dec,2013,,Mideast,33.0,3.76,Producer Milk Components,AMS_3462,3462,Dairy FMMOS,DY-NA,Washington,DC,"Washington, DC",Washington,DC,FMMOS,FMMOS - non-mars,03/30/2021 14:13:00,2013,2013-JUN,3.63,component,lmprs,
Dec,2013,,Northeast,1.0,3.76,Producer Milk Components,AMS_3462,3462,Dairy FMMOS,DY-NA,Washington,DC,"Washington, DC",Washington,DC,FMMOS,FMMOS - non-mars,03/30/2021 14:13:00,2013,2013-JUN,3.65,component,lmprs,
Dec,2013,,Florida,6.0,3.64,Producer Milk Components,AMS_3462,3462,Dairy FMMOS,DY-NA,Washington,DC,"Washington, DC",Washington,DC,FMMOS,FMMOS - non-mars,03/30/2021 14:13:00,2013,2013-JUN,3.62,component,lmprs,
Dec,2013,,Central,32.0,3.75,Producer Milk Components,AMS_3462,3462,Dairy FMMOS,DY-NA,Washington,DC,"Washington, DC",Washington,DC,FMMOS,FMMOS - non-mars,03/30/2021 14:13:00,2013,2013-JUN,3.59,component,lmprs,
Dec,2013,,Arizona,131.0,3.52,Producer Milk Components,AMS_3462,3462,Dairy FMMOS,DY-NA,Washington,DC,"Washington, DC",Washington,DC,FMMOS,FMMOS - non-mars,03/30/2021 14:13:00,2013,2013-JUN,3.43,component,lmprs,
Dec,2013,,All Markets Combined,,3.76,Producer Milk Components,AMS_3462,3462,Dairy FMMOS,DY-NA,Washington,DC,"Washington, DC",Washington,DC,FMMOS,FMMOS - non-mars,03/30/2021 14:13:00,2013,2013-JUN,3.64,component,lmprs,
Dec,2013,,Appalachian,5.0,3.71,Producer Milk Components,AMS_3462,3462,Dairy FMMOS,DY-NA,Washington,DC,"Washington, DC",Washington,DC,FMMOS,FMMOS - non-mars,03/30/2021 14:13:00,2013,2013-JUN,3.60,component,lmprs,
Dec,2014,,Appalachian,5.0,3.65,Producer Milk Components,AMS_3462,3462,Dairy FMMOS,DY-NA,Washington,DC,"Washington, DC",Washington,DC,FMMOS,FMMOS - non-mars,03/30/2021 14:13:00,2014,2014-JUN,3.51,component,lmprs,
Dec,2014,,All Markets Combined,,3.74,Producer Milk Components,AMS_3462,3462,Dairy FMMOS,DY-NA,Washington,DC,"Washington, DC",Washington,DC,FMMOS,FMMOS - non-mars,03/30/2021 14:13:00,2014,2014-JUN,3.62,component,lmprs,
Dec,2014,,Arizona,131.0,3.47,Producer Milk Components,AMS_3462,3462,Dairy FMMOS,DY-NA,Washington,DC,"Washington, DC",Washington,DC,FMMOS,FMMOS - non-mars,03/30/2021 14:13:00,2014,2014-JUN,3.41,component,lmprs,
Dec,2014,,Central,32.0,3.73,Producer Milk Components,AMS_3462,3462,Dairy FMMOS,DY-NA,Washington,DC,"Washington, DC",Washington,DC,FMMOS,FMMOS - non-mars,03/30/2021 14:13:00,2014,2014-JUN,3.59,component,lmprs,
Dec,2014,,Florida,6.0,3.60,Producer Milk Components,AMS_3462,3462,Dairy FMMOS,DY-NA,Washington,DC,"Washington, DC",Washington,DC,FMMOS,FMMOS - non-mars,03/30/2021 14:13:00,2014,2014-JUN,3.52,component,lmprs,
Dec,2014,,Northeast,1.0,3.78,Producer Milk Components,AMS_3462,3462,Dairy FMMOS,DY-NA,Washington,DC,"Washington, DC",Washington,DC,FMMOS,FMMOS - non-mars,03/30/2021 14:13:00,2014,2014-JUN,3.65,component,lmprs,
Dec,2014,,Mideast,33.0,3.75,Producer Milk Components,AMS_3462,3462,Dairy FMMOS,DY-NA,Washington,DC,"Washington, DC",Washington,DC,FMMOS,FMMOS - non-mars,03/30/2021 14:13:00,2014,2014-JUN,3.60,component,lmprs,
Dec,2014,,Pacific Northwest,124.0,3.88,Producer Milk Components,AMS_3462,3462,Dairy FMMOS,DY-NA,Washington,DC,"Washington, DC",Washington,DC,FMMOS,FMMOS - non-mars,03/30/2021 14:13:00,2014,2014-JUN,3.78,component,lmprs,
Dec,2014,,Southeast,7.0,3.66,Producer Milk Components,AMS_3462,3462,Dairy FMMOS,DY-NA,Washington,DC,"Washington, DC",Washington,DC,FMMOS,FMMOS - non-mars,03/30/2021 14:13:00,2014,2014-JUN,3.51,component,lmprs,
Dec,2014,,Upper Midwest,30.0,3.80,Producer Milk Components,AMS_3462,3462,Dairy FMMOS,DY-NA,Washington,DC,"Washington, DC",Washington,DC,FMMOS,FMMOS - non-mars,03/30/2021 14:13:00,2014,2014-JUN,3.67,component,lmprs,
Dec,2014,,Southwest,126.0,3.67,Producer Milk Components,AMS_3462,3462,Dairy FMMOS,DY-NA,Washington,DC,"Washington, DC",Washington,DC,FMMOS,FMMOS - non-mars,03/30/2021 14:13:00,2014,2014-JUN,3.53,component,lmprs,
Dec,2015,,Southwest,126.0,3.73,Producer Milk Components,AMS_3462,3462,Dairy FMMOS,DY-NA,Washington,DC,"Washington, DC",Washington,DC,FMMOS,FMMOS - non-mars,03/30/2021 14:12:00,2015,2015-JUN,3.59,component,lmprs,
Dec,2015,,Upper Midwest,30.0,3.80,Producer Milk Components,AMS_3462,3462,Dairy FMMOS,DY-NA,Washington,DC,"Washington, DC",Washington,DC,FMMOS,FMMOS - non-mars,03/30/2021 14:12:00,2015,2015-JUN,3.66,component,lmprs,
Dec,2015,,Southeast,7.0,3.68,Producer Milk Components,AMS_3462,3462,Dairy FMMOS,DY-NA,Washington,DC,"Washington, DC",Washington,DC,FMMOS,FMMOS - non-mars,03/30/2021 14:12:00,2015,2015-JUN,3.56,component,lmprs,
Dec,2015,,Pacific Northwest,124.0,3.92,Producer Milk Components,AMS_3462,3462,Dairy FMMOS,DY-NA,Washington,DC,"Washington, DC",Washington,DC,FMMOS,FMMOS - non-mars,03/30/2021 14:12:00,2015,2015-JUN,3.77,component,lmprs,
Dec,2015,,Mideast,33.0,3.72,Producer Milk Components,AMS_3462,3462,Dairy FMMOS,DY-NA,Washington,DC,"Washington, DC",Washington,DC,FMMOS,FMMOS - non-mars,03/30/2021 14:12:00,2015,2015-JUN,3.59,component,lmprs,
Dec,2015,,Northeast,1.0,3.78,Producer Milk Components,AMS_3462,3462,Dairy FMMOS,DY-NA,Washington,DC,"Washington, DC",Washington,DC,FMMOS,FMMOS - non-mars,03/30/2021 14:12:00,2015,2015-JUN,3.65,component,lmprs,
Dec,2015,,Florida,6.0,3.60,Producer Milk Components,AMS_3462,3462,Dairy FMMOS,DY-NA,Washington,DC,"Washington, DC",Washington,DC,FMMOS,FMMOS - non-mars,03/30/2021 14:12:00,2015,2015-JUN,3.56,component,lmprs,
Dec,2015,,Central,32.0,3.76,Producer Milk Components,AMS_3462,3462,Dairy FMMOS,DY-NA,Washington,DC,"Washington, DC",Washington,DC,FMMOS,FMMOS - non-mars,03/30/2021 14:12:00,2015,2015-JUN,3.61,component,lmprs,
Dec,2015,,Arizona,131.0,3.47,Producer Milk Components,AMS_3462,3462,Dairy FMMOS,DY-NA,Washington,DC,"Washington, DC",Washington,DC,FMMOS,FMMOS - non-mars,03/30/2021 14:12:00,2015,2015-JUN,3.43,component,lmprs,
Dec,2015,,All Markets Combined,,3.75,Producer Milk Components,AMS_3462,3462,Dairy FMMOS,DY-NA,Washington,DC,"Washington, DC",Washington,DC,FMMOS,FMMOS - non-mars,03/30/2021 14:12:00,2015,2015-JUN,3.62,component,lmprs,
Dec,2015,,Appalachian,5.0,3.67,Producer Milk Components,AMS_3462,3462,Dairy FMMOS,DY-NA,Washington,DC,"Washington, DC",Washington,DC,FMMOS,FMMOS - non-mars,03/30/2021 14:12:00,2015,2015-JUN,3.53,component,lmprs,
Dec,2016,,Appalachian,5.0,3.71,Producer Milk Components,AMS_3462,3462,Dairy FMMOS,DY-NA,Washington,DC,"Washington, DC",Washington,DC,FMMOS,FMMOS - non-mars,03/30/2021 14:12:00,2016,2016-JUN,3.58,component,lmprs,
Dec,2016,,All Markets Combined,,3.77,Producer Milk Components,AMS_3462,3462,Dairy FMMOS,DY-NA,Washington,DC,"Washington, DC",Washington,DC,FMMOS,FMMOS - non-mars,03/30/2021 14:12:00,2016,2016-JUN,3.67,component,lmprs,
Dec,2016,,Arizona,131.0,3.54,Producer Milk Components,AMS_3462,3462,Dairy FMMOS,DY-NA,Washington,DC,"Washington, DC",Washington,DC,FMMOS,FMMOS - non-mars,03/30/2021 14:12:00,2016,2016-JUN,3.50,component,lmprs,
Dec,2016,,Central,32.0,3.76,Producer Milk Components,AMS_3462,3462,Dairy FMMOS,DY-NA,Washington,DC,"Washington, DC",Washington,DC,FMMOS,FMMOS - non-mars,03/30/2021 14:12:00,2016,2016-JUN,3.65,component,lmprs,
Dec,2016,,Florida,6.0,3.62,Producer Milk Components,AMS_3462,3462,Dairy FMMOS,DY-NA,Washington,DC,"Washington, DC",Washington,DC,FMMOS,FMMOS - non-mars,03/30/2021 14:12:00,2016,2016-JUN,3.55,component,lmprs,
Dec,2016,,Northeast,1.0,3.81,Producer Milk Components,AMS_3462,3462,Dairy FMMOS,DY-NA,Washington,DC,"Washington, DC",Washington,DC,FMMOS,FMMOS - non-mars,03/30/2021 14:12:00,2016,2016-JUN,3.68,component,lmprs,
Dec,2016,,Mideast,33.0,3.73,Producer Milk Components,AMS_3462,3462,Dairy FMMOS,DY-NA,Washington,DC,"Washington, DC",Washington,DC,FMMOS,FMMOS - non-mars,03/30/2021 14:12:00,2016,2016-JUN,3.60,component,lmprs,
Dec,2016,,Pacific Northwest,124.0,3.95,Producer Milk Components,AMS_3462,3462,Dairy FMMOS,DY-NA,Washington,DC,"Washington, DC",Washington,DC,FMMOS,FMMOS - non-mars,03/30/2021 14:12:00,2016,2016-JUN,3.88,component,lmprs,
Dec,2016,,Southeast,7.0,3.69,Producer Milk Components,AMS_3462,3462,Dairy FMMOS,DY-NA,Washington,DC,"Washington, DC",Washington,DC,FMMOS,FMMOS - non-mars,03/30/2021 14:12:00,2016,2016-JUN,3.58,component,lmprs,
Dec,2016,,Upper Midwest,30.0,3.82,Producer Milk Components,AMS_3462,3462,Dairy FMMOS,DY-NA,Washington,DC,"Washington, DC",Washington,DC,FMMOS,FMMOS - non-mars,03/30/2021 14:12:00,2016,2016-JUN,3.71,component,lmprs,
Dec,2016,,Southwest,126.0,3.75,Producer Milk Components,AMS_3462,3462,Dairy FMMOS,DY-NA,Washington,DC,"Washington, DC",Washington,DC,FMMOS,FMMOS - non-mars,03/30/2021 14:12:00,2016,2016-JUN,3.64,component,lmprs,
Dec,2017,,Southwest,126.0,3.86,Producer Milk Components,AMS_3462,3462,Dairy FMMOS,DY-NA,Washington,DC,"Washington, DC",Washington,DC,FMMOS,FMMOS - non-mars,03/30/2021 14:11:00,2017,2017-JUN,3.74,component,lmprs,
Dec,2017,,Upper Midwest,30.0,3.84,Producer Milk Components,AMS_3462,3462,Dairy FMMOS,DY-NA,Washington,DC,"Washington, DC",Washington,DC,FMMOS,FMMOS - non-mars,03/30/2021 14:11:00,2017,2017-JUN,3.73,component,lmprs,
Dec,2017,,Southeast,7.0,3.74,Producer Milk Components,AMS_3462,3462,Dairy FMMOS,DY-NA,Washington,DC,"Washington, DC",Washington,DC,FMMOS,FMMOS - non-mars,03/30/2021 14:11:00,2017,2017-JUN,3.67,component,lmprs,
Dec,2017,,Pacific Northwest,124.0,3.99,Producer Milk Components,AMS_3462,3462,Dairy FMMOS,DY-NA,Washington,DC,"Washington, DC",Washington,DC,FMMOS,FMMOS - non-mars,03/30/2021 14:11:00,2017,2017-JUN,3.82,component,lmprs,
Dec,2017,,Mideast,33.0,3.78,Producer Milk Components,AMS_3462,3462,Dairy FMMOS,DY-NA,Washington,DC,"Washington, DC",Washington,DC,FMMOS,FMMOS - non-mars,03/30/2021 14:11:00,2017,2017-JUN,3.65,component,lmprs,
Dec,2017,,Northeast,1.0,3.85,Producer Milk Components,AMS_3462,3462,Dairy FMMOS,DY-NA,Washington,DC,"Washington, DC",Washington,DC,FMMOS,FMMOS - non-mars,03/30/2021 14:11:00,2017,2017-JUN,3.74,component,lmprs,
Dec,2017,,Florida,6.0,3.69,Producer Milk Components,AMS_3462,3462,Dairy FMMOS,DY-NA,Washington,DC,"Washington, DC",Washington,DC,FMMOS,FMMOS - non-mars,03/30/2021 14:11:00,2017,2017-JUN,3.64,component,lmprs,
Dec,2017,,Central,32.0,3.82,Producer Milk Components,AMS_3462,3462,Dairy FMMOS,DY-NA,Washington,DC,"Washington, DC",Washington,DC,FMMOS,FMMOS - non-mars,03/30/2021 14:11:00,2017,2017-JUN,3.71,component,lmprs,
Dec,2017,,Arizona,131.0,3.62,Producer Milk Components,AMS_3462,3462,Dairy FMMOS,DY-NA,Washington,DC,"Washington, DC",Washington,DC,FMMOS,FMMOS - non-mars,03/30/2021 14:11:00,2017,2017-JUN,3.56,component,lmprs,
Dec,2017,,All Markets Combined,,3.82,Producer Milk Components,AMS_3462,3462,Dairy FMMOS,DY-NA,Washington,DC,"Washington, DC",Washington,DC,FMMOS,FMMOS - non-mars,03/30/2021 14:11:00,2017,2017-JUN,3.71,component,lmprs,
Dec,2017,,Appalachian,5.0,3.76,Producer Milk Components,AMS_3462,3462,Dairy FMMOS,DY-NA,Washington,DC,"Washington, DC",Washington,DC,FMMOS,FMMOS - non-mars,03/30/2021 14:11:00,2017,2017-JUN,3.66,component,lmprs,
Dec,2018,,Appalachian,5.0,3.79,Producer Milk Components,AMS_3462,3462,Dairy FMMOS,DY-NA,Washington,DC,"Washington, DC",Washington,DC,FMMOS,FMMOS - non-mars,03/30/2021 14:09:00,2018,2018-JUN,3.65,component,lmprs,
Dec,2018,,All Markets Combined,,3.88,Producer Milk Components,AMS_3462,3462,Dairy FMMOS,DY-NA,Washington,DC,"Washington, DC",Washington,DC,FMMOS,FMMOS - non-mars,03/30/2021 14:09:00,2018,2018-JUN,3.74,component,lmprs,
Dec,2018,,Arizona,131.0,3.66,Producer Milk Components,AMS_3462,3462,Dairy FMMOS,DY-NA,Washington,DC,"Washington, DC",Washington,DC,FMMOS,FMMOS - non-mars,03/30/2021 14:09:00,2018,2018-JUN,3.60,component,lmprs,
Dec,2018,,Central,32.0,3.89,Producer Milk Components,AMS_3462,3462,Dairy FMMOS,DY-NA,Washington,DC,"Washington, DC",Washington,DC,FMMOS,FMMOS - non-mars,03/30/2021 14:09:00,2018,2018-JUN,3.73,component,lmprs,
Dec,2018,,California,51.0,4.01,Producer Milk Components,AMS_3462,3462,Dairy FMMOS,DY-NA,Washington,DC,"Washington, DC",Washington,DC,FMMOS,FMMOS - non-mars,03/30/2021 14:09:00,2018,2018-JUN,,component,lmprs,
Dec,2018,,Florida,6.0,3.68,Producer Milk Components,AMS_3462,3462,Dairy FMMOS,DY-NA,Washington,DC,"Washington, DC",Washington,DC,FMMOS,FMMOS - non-mars,03/30/2021 14:09:00,2018,2018-JUN,3.61,component,lmprs,
Dec,2018,,Northeast,1.0,3.86,Producer Milk Components,AMS_3462,3462,Dairy FMMOS,DY-NA,Washington,DC,"Washington, DC",Washington,DC,FMMOS,FMMOS - non-mars,03/30/2021 14:09:00,2018,2018-JUN,3.74,component,lmprs,
Dec,2018,,Mideast,33.0,3.84,Producer Milk Components,AMS_3462,3462,Dairy FMMOS,DY-NA,Washington,DC,"Washington, DC",Washington,DC,FMMOS,FMMOS - non-mars,03/30/2021 14:09:00,2018,2018-JUN,3.69,component,lmprs,
Dec,2018,,Pacific Northwest,124.0,4.07,Producer Milk Components,AMS_3462,3462,Dairy FMMOS,DY-NA,Washington,DC,"Washington, DC",Washington,DC,FMMOS,FMMOS - non-mars,03/30/2021 14:09:00,2018,2018-JUN,3.93,component,lmprs,
Dec,2018,,Southeast,7.0,3.80,Producer Milk Components,AMS_3462,3462,Dairy FMMOS,DY-NA,Washington,DC,"Washington, DC",Washington,DC,FMMOS,FMMOS - non-mars,03/30/2021 14:09:00,2018,2018-JUN,3.65,component,lmprs,
Dec,2018,,Upper Midwest,30.0,3.92,Producer Milk Components,AMS_3462,3462,Dairy FMMOS,DY-NA,Washington,DC,"Washington, DC",Washington,DC,FMMOS,FMMOS - non-mars,03/30/2021 14:09:00,2018,2018-JUN,3.75,component,lmprs,
Dec,2018,,Southwest,126.0,3.94,Producer Milk Components,AMS_3462,3462,Dairy FMMOS,DY-NA,Washington,DC,"Washington, DC",Washington,DC,FMMOS,FMMOS - non-mars,03/30/2021 14:09:00,2018,2018-JUN,3.76,component,lmprs,
Dec,2019,,Upper Midwest,30.0,3.93,Producer Milk Components,AMS_3462,3462,Dairy FMMOS,DY-NA,Washington,DC,"Washington, DC",Washington,DC,FMMOS,FMMOS - non-mars,03/30/2021 14:09:00,2019,2019-JUN,3.83,component,lmprs,
Dec,2019,,Southeast,7.0,3.80,Producer Milk Components,AMS_3462,3462,Dairy FMMOS,DY-NA,Washington,DC,"Washington, DC",Washington,DC,FMMOS,FMMOS - non-mars,03/30/2021 14:09:00,2019,2019-JUN,3.69,component,lmprs,
Dec,2019,,Southwest,126.0,3.99,Producer Milk Components,AMS_3462,3462,Dairy FMMOS,DY-NA,Washington,DC,"Washington, DC",Washington,DC,FMMOS,FMMOS - non-mars,03/30/2021 14:09:00,2019,2019-JUN,3.88,component,lmprs,
Dec,2019,,Pacific Northwest,124.0,4.08,Producer Milk Components,AMS_3462,3462,Dairy FMMOS,DY-NA,Washington,DC,"Washington, DC",Washington,DC,FMMOS,FMMOS - non-mars,03/30/2021 14:09:00,2019,2019-JUN,3.95,component,lmprs,
Dec,2019,,Northeast,1.0,3.89,Producer Milk Components,AMS_3462,3462,Dairy FMMOS,DY-NA,Washington,DC,"Washington, DC",Washington,DC,FMMOS,FMMOS - non-mars,03/30/2021 14:09:00,2019,2019-JUN,3.78,component,lmprs,
Dec,2019,,Florida,6.0,3.66,Producer Milk Components,AMS_3462,3462,Dairy FMMOS,DY-NA,Washington,DC,"Washington, DC",Washington,DC,FMMOS,FMMOS - non-mars,03/30/2021 14:09:00,2019,2019-JUN,3.59,component,lmprs,
Dec,2019,,Mideast,33.0,3.86,Producer Milk Components,AMS_3462,3462,Dairy FMMOS,DY-NA,Washington,DC,"Washington, DC",Washington,DC,FMMOS,FMMOS - non-mars,03/30/2021 14:09:00,2019,2019-JUN,3.74,component,lmprs,
Dec,2019,,California,51.0,3.86,Producer Milk Components,AMS_3462,3462,Dairy FMMOS,DY-NA,Washington,DC,"Washington, DC",Washington,DC,FMMOS,FMMOS - non-mars,03/30/2021 14:09:00,2019,2019-JUN,3.82,component,lmprs,
Dec,2019,,Central,32.0,3.92,Producer Milk Components,AMS_3462,3462,Dairy FMMOS,DY-NA,Washington,DC,"Washington, DC",Washington,DC,FMMOS,FMMOS - non-mars,03/30/2021 14:09:00,2019,2019-JUN,3.79,component,lmprs,
Dec,2019,,Arizona,131.0,3.74,Producer Milk Components,AMS_3462,3462,Dairy FMMOS,DY-NA,Washington,DC,"Washington, DC",Washington,DC,FMMOS,FMMOS - non-mars,03/30/2021 14:09:00,2019,2019-JUN,3.68,component,lmprs,
Dec,2019,,All Markets Combined,,3.90,Producer Milk Components,AMS_3462,3462,Dairy FMMOS,DY-NA,Washington,DC,"Washington, DC",Washington,DC,FMMOS,FMMOS - non-mars,03/30/2021 14:09:00,2019,2019-JUN,3.80,component,lmprs,
Dec,2019,,Appalachian,5.0,3.80,Producer Milk Components,AMS_3462,3462,Dairy FMMOS,DY-NA,Washington,DC,"Washington, DC",Washington,DC,FMMOS,FMMOS - non-mars,03/30/2021 14:09:00,2019,2019-JUN,3.66,component,lmprs,
Dec,2020,,Appalachian,5.0,3.86,Producer Milk Components,AMS_3462,3462,Dairy FMMOS,DY-NA,Washington,DC,"Washington, DC",Washington,DC,FMMOS,FMMOS - non-mars,02/23/2021 09:39:00,2020,2020-JUN,3.75,component,lmprs,
Dec,2020,,All Markets Combined,,3.92,Producer Milk Components,AMS_3462,3462,Dairy FMMOS,DY-NA,Washington,DC,"Washington, DC",Washington,DC,FMMOS,FMMOS - non-mars,02/23/2021 09:39:00,2020,2020-JUN,3.79,component,lmprs,
Dec,2020,,Arizona,131.0,3.75,Producer Milk Components,AMS_3462,3462,Dairy FMMOS,DY-NA,Washington,DC,"Washington, DC",Washington,DC,FMMOS,FMMOS - non-mars,02/23/2021 09:39:00,2020,2020-JUN,3.69,component,lmprs,
Dec,2020,,Central,32.0,3.93,Producer Milk Components,AMS_3462,3462,Dairy FMMOS,DY-NA,Washington,DC,"Washington, DC",Washington,DC,FMMOS,FMMOS - non-mars,02/23/2021 09:39:00,2020,2020-JUN,3.77,component,lmprs,
Dec,2020,,California,51.0,3.87,Producer Milk Components,AMS_3462,3462,Dairy FMMOS,DY-NA,Washington,DC,"Washington, DC",Washington,DC,FMMOS,FMMOS - non-mars,02/23/2021 09:39:00,2020,2020-JUN,3.78,component,lmprs,
Dec,2020,,Mideast,33.0,3.89,Producer Milk Components,AMS_3462,3462,Dairy FMMOS,DY-NA,Washington,DC,"Washington, DC",Washington,DC,FMMOS,FMMOS - non-mars,02/23/2021 09:39:00,2020,2020-JUN,3.72,component,lmprs,
Dec,2020,,Florida,6.0,3.70,Producer Milk Components,AMS_3462,3462,Dairy FMMOS,DY-NA,Washington,DC,"Washington, DC",Washington,DC,FMMOS,FMMOS - non-mars,02/23/2021 09:39:00,2020,2020-JUN,3.66,component,lmprs,
Dec,2020,,Northeast,1.0,3.92,Producer Milk Components,AMS_3462,3462,Dairy FMMOS,DY-NA,Washington,DC,"Washington, DC",Washington,DC,FMMOS,FMMOS - non-mars,02/23/2021 09:39:00,2020,2020-JUN,3.80,component,lmprs,
Dec,2020,,Pacific Northwest,124.0,4.07,Producer Milk Components,AMS_3462,3462,Dairy FMMOS,DY-NA,Washington,DC,"Washington, DC",Washington,DC,FMMOS,FMMOS - non-mars,02/23/2021 09:39:00,2020,2020-JUN,3.92,component,lmprs,
Dec,2020,,Southwest,126.0,4.07,Producer Milk Components,AMS_3462,3462,Dairy FMMOS,DY-NA,Washington,DC,"Washington, DC",Washington,DC,FMMOS,FMMOS - non-mars,02/23/2021 09:39:00,2020,2020-JUN,3.96,component,lmprs,
Dec,2020,,Southeast,7.0,3.84,Producer Milk Components,AMS_3462,3462,Dairy FMMOS,DY-NA,Washington,DC,"Washington, DC",Washington,DC,FMMOS,FMMOS - non-mars,02/23/2021 09:39:00,2020,2020-JUN,3.73,component,lmprs,
Dec,2020,,Upper Midwest,30.0,3.96,Producer Milk Components,AMS_3462,3462,Dairy FMMOS,DY-NA,Washington,DC,"Washington, DC",Washington,DC,FMMOS,FMMOS - non-mars,02/23/2021 09:39:00,2020,2020-JUN,3.79,component,lmprs,
Dec,2021,,Southwest,126.0,4.13,Producer Milk Components,AMS_3462,3462,Dairy FMMOS,DY-NA,Washington,DC,"Washington, DC",Washington,DC,FMMOS,FMMOS - non-mars,01/31/2022 07:17:00,2021,2021-JUN,3.99,component,lmprs,
Dec,2021,,Pacific Northwest,124.0,4.11,Producer Milk Components,AMS_3462,3462,Dairy FMMOS,DY-NA,Washington,DC,"Washington, DC",Washington,DC,FMMOS,FMMOS - non-mars,01/31/2022 07:17:00,2021,2021-JUN,3.93,component,lmprs,
Dec,2021,,Southeast,7.0,3.88,Producer Milk Components,AMS_3462,3462,Dairy FMMOS,DY-NA,Washington,DC,"Washington, DC",Washington,DC,FMMOS,FMMOS - non-mars,01/31/2022 07:17:00,2021,2021-JUN,3.73,component,lmprs,
Dec,2021,,Northeast,1.0,3.99,Producer Milk Components,AMS_3462,3462,Dairy FMMOS,DY-NA,Washington,DC,"Washington, DC",Washington,DC,FMMOS,FMMOS - non-mars,01/31/2022 07:17:00,2021,2021-JUN,3.86,component,lmprs,
Dec,2021,,Mideast,33.0,3.93,Producer Milk Components,AMS_3462,3462,Dairy FMMOS,DY-NA,Washington,DC,"Washington, DC",Washington,DC,FMMOS,FMMOS - non-mars,01/31/2022 07:17:00,2021,2021-JUN,3.80,component,lmprs,
Dec,2021,,Central,32.0,3.98,Producer Milk Components,AMS_3462,3462,Dairy FMMOS,DY-NA,Washington,DC,"Washington, DC",Washington,DC,FMMOS,FMMOS - non-mars,01/31/2022 07:17:00,2021,2021-JUN,3.82,component,lmprs,
Dec,2021,,Florida,6.0,3.66,Producer Milk Components,AMS_3462,3462,Dairy FMMOS,DY-NA,Washington,DC,"Washington, DC",Washington,DC,FMMOS,FMMOS - non-mars,01/31/2022 07:17:00,2021,2021-JUN,3.59,component,lmprs,
Dec,2021,,California,51.0,3.92,Producer Milk Components,AMS_3462,3462,Dairy FMMOS,DY-NA,Washington,DC,"Washington, DC",Washington,DC,FMMOS,FMMOS - non-mars,01/31/2022 07:17:00,2021,2021-JUN,3.79,component,lmprs,
Dec,2021,,Arizona,131.0,3.77,Producer Milk Components,AMS_3462,3462,Dairy FMMOS,DY-NA,Washington,DC,"Washington, DC",Washington,DC,FMMOS,FMMOS - non-mars,01/31/2022 07:17:00,2021,2021-JUN,3.75,component,lmprs,
Dec,2021,,Appalachian,5.0,3.84,Producer Milk Components,AMS_3462,3462,Dairy FMMOS,DY-NA,Washington,DC,"Washington, DC",Washington,DC,FMMOS,FMMOS - non-mars,01/31/2022 07:17:00,2021,2021-JUN,3.72,component,lmprs,
Dec,2021,,All Markets Combined,,3.97,Producer Milk Components,AMS_3462,3462,Dairy FMMOS,DY-NA,Washington,DC,"Washington, DC",Washington,DC,FMMOS,FMMOS - non-mars,01/31/2022 07:17:00,2021,2021-JUN,3.84,component,lmprs,
Dec,2021,,Upper Midwest,30.0,4.03,Producer Milk Components,AMS_3462,3462,Dairy FMMOS,DY-NA,Washington,DC,"Washington, DC",Washington,DC,FMMOS,FMMOS - non-mars,01/31/2022 07:17:00,2021,2021-JUN,3.90,component,lmprs,
Dec,2022,,Upper Midwest,30.0,4.12,Producer Milk Components,AMS_3462,3462,Dairy FMMOS,DY-NA,Washington,DC,"Washington, DC",Washington,DC,FMMOS,FMMOS - non-mars,01/30/2023 07:36:00,2022,2022-JUN,3.95,component,lmprs,
Dec,2022,,All Markets Combined,,4.06,Producer Milk Components,AMS_3462,3462,Dairy FMMOS,DY-NA,Washington,DC,"Washington, DC",Washington,DC,FMMOS,FMMOS - non-mars,01/30/2023 07:36:00,2022,2022-JUN,3.91,component,lmprs,
Dec,2022,,Appalachian,5.0,3.91,Producer Milk Components,AMS_3462,3462,Dairy FMMOS,DY-NA,Washington,DC,"Washington, DC",Washington,DC,FMMOS,FMMOS - non-mars,01/30/2023 07:36:00,2022,2022-JUN,3.78,component,lmprs,
Dec,2022,,Arizona,131.0,3.81,Producer Milk Components,AMS_3462,3462,Dairy FMMOS,DY-NA,Washington,DC,"Washington, DC",Washington,DC,FMMOS,FMMOS - non-mars,01/30/2023 07:36:00,2022,2022-JUN,3.73,component,lmprs,
Dec,2022,,California,51.0,4.05,Producer Milk Components,AMS_3462,3462,Dairy FMMOS,DY-NA,Washington,DC,"Washington, DC",Washington,DC,FMMOS,FMMOS - non-mars,01/30/2023 07:36:00,2022,2022-JUN,3.92,component,lmprs,
Dec,2022,,Florida,6.0,3.70,Producer Milk Components,AMS_3462,3462,Dairy FMMOS,DY-NA,Washington,DC,"Washington, DC",Washington,DC,FMMOS,FMMOS - non-mars,01/30/2023 07:36:00,2022,2022-JUN,3.60,component,lmprs,
Dec,2022,,Central,32.0,4.06,Producer Milk Components,AMS_3462,3462,Dairy FMMOS,DY-NA,Washington,DC,"Washington, DC",Washington,DC,FMMOS,FMMOS - non-mars,01/30/2023 07:36:00,2022,2022-JUN,3.89,component,lmprs,
Dec,2022,,Mideast,33.0,4.02,Producer Milk Components,AMS_3462,3462,Dairy FMMOS,DY-NA,Washington,DC,"Washington, DC",Washington,DC,FMMOS,FMMOS - non-mars,01/30/2023 07:36:00,2022,2022-JUN,3.86,component,lmprs,
Dec,2022,,Northeast,1.0,4.03,Producer Milk Components,AMS_3462,3462,Dairy FMMOS,DY-NA,Washington,DC,"Washington, DC",Washington,DC,FMMOS,FMMOS - non-mars,01/30/2023 07:36:00,2022,2022-JUN,3.91,component,lmprs,
Dec,2022,,Southeast,7.0,3.96,Producer Milk Components,AMS_3462,3462,Dairy FMMOS,DY-NA,Washington,DC,"Washington, DC",Washington,DC,FMMOS,FMMOS - non-mars,01/30/2023 07:36:00,2022,2022-JUN,3.79,component,lmprs,
Dec,2022,,Pacific Northwest,124.0,4.30,Producer Milk Components,AMS_3462,3462,Dairy FMMOS,DY-NA,Washington,DC,"Washington, DC",Washington,DC,FMMOS,FMMOS - non-mars,01/30/2023 07:36:00,2022,2022-JUN,4.15,component,lmprs,
Dec,2022,,Southwest,126.0,4.13,Producer Milk Components,AMS_3462,3462,Dairy FMMOS,DY-NA,Washington,DC,"Washington, DC",Washington,DC,FMMOS,FMMOS - non-mars,01/30/2023 07:36:00,2022,2022-JUN,3.98,component,lmprs,
Dec,2023,,Southwest,126.0,4.12,Producer Milk Components,AMS_3462,3462,Dairy FMMOS,DY-NA,Washington,DC,"Washington, DC",Washington,DC,FMMOS,FMMOS - non-mars,01/30/2024 09:42:00,2023,2023-JUN,4.00,component,lmprs,
Dec,2023,,Pacific Northwest,124.0,4.32,Producer Milk Components,AMS_3462,3462,Dairy FMMOS,DY-NA,Washington,DC,"Washington, DC",Washington,DC,FMMOS,FMMOS - non-mars,01/30/2024 09:42:00,2023,2023-JUN,4.13,component,lmprs,
Dec,2023,,Southeast,7.0,4.01,Producer Milk Components,AMS_3462,3462,Dairy FMMOS,DY-NA,Washington,DC,"Washington, DC",Washington,DC,FMMOS,FMMOS - non-mars,01/30/2024 09:42:00,2023,2023-JUN,3.85,component,lmprs,
Dec,2023,,Northeast,1.0,4.12,Producer Milk Components,AMS_3462,3462,Dairy FMMOS,DY-NA,Washington,DC,"Washington, DC",Washington,DC,FMMOS,FMMOS - non-mars,01/30/2024 09:42:00,2023,2023-JUN,4.00,component,lmprs,
Dec,2023,,Mideast,33.0,4.06,Producer Milk Components,AMS_3462,3462,Dairy FMMOS,DY-NA,Washington,DC,"Washington, DC",Washington,DC,FMMOS,FMMOS - non-mars,01/30/2024 09:42:00,2023,2023-JUN,3.93,component,lmprs,
Dec,2023,,Central,32.0,4.11,Producer Milk Components,AMS_3462,3462,Dairy FMMOS,DY-NA,Washington,DC,"Washington, DC",Washington,DC,FMMOS,FMMOS - non-mars,01/30/2024 09:42:00,2023,2023-JUN,3.95,component,lmprs,
Dec,2023,,Florida,6.0,3.82,Producer Milk Components,AMS_3462,3462,Dairy FMMOS,DY-NA,Washington,DC,"Washington, DC",Washington,DC,FMMOS,FMMOS - non-mars,01/30/2024 09:42:00,2023,2023-JUN,3.75,component,lmprs,
Dec,2023,,California,51.0,4.12,Producer Milk Components,AMS_3462,3462,Dairy FMMOS,DY-NA,Washington,DC,"Washington, DC",Washington,DC,FMMOS,FMMOS - non-mars,01/30/2024 09:42:00,2023,2023-JUN,4.01,component,lmprs,
Dec,2023,,Arizona,131.0,3.88,Producer Milk Components,AMS_3462,3462,Dairy FMMOS,DY-NA,Washington,DC,"Washington, DC",Washington,DC,FMMOS,FMMOS - non-mars,01/30/2024 09:42:00,2023,2023-JUN,3.81,component,lmprs,
Dec,2023,,Appalachian,5.0,3.97,Producer Milk Components,AMS_3462,3462,Dairy FMMOS,DY-NA,Washington,DC,"Washington, DC",Washington,DC,FMMOS,FMMOS - non-mars,01/30/2024 09:42:00,2023,2023-JUN,3.87,component,lmprs,
Dec,2023,,All Markets Combined,,4.11,Producer Milk Components,AMS_3462,3462,Dairy FMMOS,DY-NA,Washington,DC,"Washington, DC",Washington,DC,FMMOS,FMMOS - non-mars,01/30/2024 09:42:00,2023,2023-JUN,3.98,component,lmprs,
Dec,2023,,Upper Midwest,30.0,4.17,Producer Milk Components,AMS_3462,3462,Dairy FMMOS,DY-NA,Washington,DC,"Washington, DC",Washington,DC,FMMOS,FMMOS - non-mars,01/30/2024 09:42:00,2023,2023-JUN,4.01,component,lmprs,
Dec,2024,,Upper Midwest,30.0,4.27,Producer Milk Components,AMS_3462,3462,Dairy FMMOS,DY-NA,Washington,DC,"Washington, DC",Washington,DC,FMMOS,FMMOS - non-mars,01/23/2025 09:07:00,2024,2024-JUN,4.16,component,lmprs,
Dec,2024,,All Markets Combined,,4.21,Producer Milk Components,AMS_3462,3462,Dairy FMMOS,DY-NA,Washington,DC,"Washington, DC",Washington,DC,FMMOS,FMMOS - non-mars,01/23/2025 09:07:00,2024,2024-JUN,4.08,component,lmprs,
Dec,2024,,Appalachian,5.0,4.06,Producer Milk Components,AMS_3462,3462,Dairy FMMOS,DY-NA,Washington,DC,"Washington, DC",Washington,DC,FMMOS,FMMOS - non-mars,01/23/2025 09:07:00,2024,2024-JUN,3.93,component,lmprs,
Dec,2024,,Arizona,131.0,4.07,Producer Milk Components,AMS_3462,3462,Dairy FMMOS,DY-NA,Washington,DC,"Washington, DC",Washington,DC,FMMOS,FMMOS - non-mars,01/23/2025 09:07:00,2024,2024-JUN,3.99,component,lmprs,
Dec,2024,,California,51.0,4.18,Producer Milk Components,AMS_3462,3462,Dairy FMMOS,DY-NA,Washington,DC,"Washington, DC",Washington,DC,FMMOS,FMMOS - non-mars,01/23/2025 09:07:00,2024,2024-JUN,4.08,component,lmprs,
Dec,2024,,Florida,6.0,3.92,Producer Milk Components,AMS_3462,3462,Dairy FMMOS,DY-NA,Washington,DC,"Washington, DC",Washington,DC,FMMOS,FMMOS - non-mars,01/23/2025 09:07:00,2024,2024-JUN,3.82,component,lmprs,
Dec,2024,,Central,32.0,4.19,Producer Milk Components,AMS_3462,3462,Dairy FMMOS,DY-NA,Washington,DC,"Washington, DC",Washington,DC,FMMOS,FMMOS - non-mars,01/23/2025 09:07:00,2024,2024-JUN,4.05,component,lmprs,
Dec,2024,,Mideast,33.0,4.17,Producer Milk Components,AMS_3462,3462,Dairy FMMOS,DY-NA,Washington,DC,"Washington, DC",Washington,DC,FMMOS,FMMOS - non-mars,01/23/2025 09:07:00,2024,2024-JUN,4.02,component,lmprs,
Dec,2024,,Northeast,1.0,4.22,Producer Milk Components,AMS_3462,3462,Dairy FMMOS,DY-NA,Washington,DC,"Washington, DC",Washington,DC,FMMOS,FMMOS - non-mars,01/23/2025 09:07:00,2024,2024-JUN,4.07,component,lmprs,
Dec,2024,,Southeast,7.0,4.11,Producer Milk Components,AMS_3462,3462,Dairy FMMOS,DY-NA,Washington,DC,"Washington, DC",Washington,DC,FMMOS,FMMOS - non-mars,01/23/2025 09:07:00,2024,2024-JUN,3.94,component,lmprs,
Dec,2024,,Pacific Northwest,124.0,4.39,Producer Milk Components,AMS_3462,3462,Dairy FMMOS,DY-NA,Washington,DC,"Washington, DC",Washington,DC,FMMOS,FMMOS - non-mars,01/23/2025 09:07:00,2024,2024-JUN,4.26,component,lmprs,
Dec,2024,,Southwest,126.0,4.24,Producer Milk Components,AMS_3462,3462,Dairy FMMOS,DY-NA,Washington,DC,"Washington, DC",Washington,DC,FMMOS,FMMOS - non-mars,01/23/2025 09:07:00,2024,2024-JUN,4.07,component,lmprs,
Dec,2025,,Southwest,126.0,4.38,Producer Milk Components,AMS_3462,3462,Dairy FMMOS,DY-NA,Washington,DC,"Washington, DC",Washington,DC,FMMOS,FMMOS - non-mars,01/21/2026 11:39:00,2025,2025-JUN,4.24,component,lmprs,
Dec,2025,,Pacific Northwest,124.0,4.45,Producer Milk Components,AMS_3462,3462,Dairy FMMOS,DY-NA,Washington,DC,"Washington, DC",Washington,DC,FMMOS,FMMOS - non-mars,01/21/2026 11:39:00,2025,2025-JUN,4.23,component,lmprs,
Dec,2025,,Southeast,7.0,4.19,Producer Milk Components,AMS_3462,3462,Dairy FMMOS,DY-NA,Washington,DC,"Washington, DC",Washington,DC,FMMOS,FMMOS - non-mars,01/21/2026 11:39:00,2025,2025-JUN,3.99,component,lmprs,
Dec,2025,,Northeast,1.0,4.33,Producer Milk Components,AMS_3462,3462,Dairy FMMOS,DY-NA,Washington,DC,"Washington, DC",Washington,DC,FMMOS,FMMOS - non-mars,01/21/2026 11:39:00,2025,2025-JUN,4.21,component,lmprs,
Dec,2025,,Mideast,33.0,4.30,Producer Milk Components,AMS_3462,3462,Dairy FMMOS,DY-NA,Washington,DC,"Washington, DC",Washington,DC,FMMOS,FMMOS - non-mars,01/21/2026 11:39:00,2025,2025-JUN,4.16,component,lmprs,
Dec,2025,,Central,32.0,4.25,Producer Milk Components,AMS_3462,3462,Dairy FMMOS,DY-NA,Washington,DC,"Washington, DC",Washington,DC,FMMOS,FMMOS - non-mars,01/21/2026 11:39:00,2025,2025-JUN,4.13,component,lmprs,
Dec,2025,,Florida,6.0,3.94,Producer Milk Components,AMS_3462,3462,Dairy FMMOS,DY-NA,Washington,DC,"Washington, DC",Washington,DC,FMMOS,FMMOS - non-mars,01/21/2026 11:39:00,2025,2025-JUN,3.78,component,lmprs,
Dec,2025,,California,51.0,4.22,Producer Milk Components,AMS_3462,3462,Dairy FMMOS,DY-NA,Washington,DC,"Washington, DC",Washington,DC,FMMOS,FMMOS - non-mars,01/21/2026 11:39:00,2025,2025-JUN,4.12,component,lmprs,
Dec,2025,,Arizona,131.0,4.10,Producer Milk Components,AMS_3462,3462,Dairy FMMOS,DY-NA,Washington,DC,"Washington, DC",Washington,DC,FMMOS,FMMOS - non-mars,01/21/2026 11:39:00,2025,2025-JUN,3.93,component,lmprs,
Dec,2025,,Appalachian,5.0,4.13,Producer Milk Components,AMS_3462,3462,Dairy FMMOS,DY-NA,Washington,DC,"Washington, DC",Washington,DC,FMMOS,FMMOS - non-mars,01/21/2026 11:39:00,2025,2025-JUN,4.00,component,lmprs,
Dec,2025,,All Markets Combined,,4.29,Producer Milk Components,AMS_3462,3462,Dairy FMMOS,DY-NA,Washington,DC,"Washington, DC",Washington,DC,FMMOS,FMMOS - non-mars,01/21/2026 11:39:00,2025,2025-JUN,4.16,component,lmprs,
Dec,2025,,Upper Midwest,30.0,4.33,Producer Milk Components,AMS_3462,3462,Dairy FMMOS,DY-NA,Washington,DC,"Washington, DC",Washington,DC,FMMOS,FMMOS - non-mars,01/21/2026 11:39:00,2025,2025-JUN,4.24,component,lmprs,
Mar,2026,,Upper Midwest,30.0,4.46,Producer Milk Components,AMS_3462,3462,Dairy FMMOS,DY-NA,Washington,DC,"Washington, DC",Washington,DC,FMMOS,FMMOS - non-mars,04/21/2026 05:48:00,2026,2026-JUN,,component,lmprs,
Mar,2026,,All Markets Combined,,4.42,Producer Milk Components,AMS_3462,3462,Dairy FMMOS,DY-NA,Washington,DC,"Washington, DC",Washington,DC,FMMOS,FMMOS - non-mars,04/21/2026 05:48:00,2026,2026-JUN,,component,lmprs,
Mar,2026,,Appalachian,5.0,4.23,Producer Milk Components,AMS_3462,3462,Dairy FMMOS,DY-NA,Washington,DC,"Washington, DC",Washington,DC,FMMOS,FMMOS - non-mars,04/21/2026 05:48:00,2026,2026-JUN,,component,lmprs,
Mar,2026,,Arizona,131.0,4.16,Producer Milk Components,AMS_3462,3462,Dairy FMMOS,DY-NA,Washington,DC,"Washington, DC",Washington,DC,FMMOS,FMMOS - non-mars,04/21/2026 05:48:00,2026,2026-JUN,,component,lmprs,
Mar,2026,,California,51.0,4.31,Producer Milk Components,AMS_3462,3462,Dairy FMMOS,DY-NA,Washington,DC,"Washington, DC",Washington,DC,FMMOS,FMMOS - non-mars,04/21/2026 05:48:00,2026,2026-JUN,,component,lmprs,
Mar,2026,,Florida,6.0,3.97,Producer Milk Components,AMS_3462,3462,Dairy FMMOS,DY-NA,Washington,DC,"Washington, DC",Washington,DC,FMMOS,FMMOS - non-mars,04/21/2026 05:48:00,2026,2026-JUN,,component,lmprs,
Mar,2026,,Central,32.0,4.36,Producer Milk Components,AMS_3462,3462,Dairy FMMOS,DY-NA,Washington,DC,"Washington, DC",Washington,DC,FMMOS,FMMOS - non-mars,04/21/2026 05:48:00,2026,2026-JUN,,component,lmprs,
Mar,2026,,Mideast,33.0,4.45,Producer Milk Components,AMS_3462,3462,Dairy FMMOS,DY-NA,Washington,DC,"Washington, DC",Washington,DC,FMMOS,FMMOS - non-mars,04/21/2026 05:48:00,2026,2026-JUN,,component,lmprs,
Mar,2026,,Northeast,1.0,4.53,Producer Milk Components,AMS_3462,3462,Dairy FMMOS,DY-NA,Washington,DC,"Washington, DC",Washington,DC,FMMOS,FMMOS - non-mars,04/21/2026 05:48:00,2026,2026-JUN,,component,lmprs,
Mar,2026,,Southeast,7.0,4.32,Producer Milk Components,AMS_3462,3462,Dairy FMMOS,DY-NA,Washington,DC,"Washington, DC",Washington,DC,FMMOS,FMMOS - non-mars,04/21/2026 05:48:00,2026,2026-JUN,,component,lmprs,
Mar,2026,,Pacific Northwest,124.0,4.56,Producer Milk Components,AMS_3462,3462,Dairy FMMOS,DY-NA,Washington,DC,"Washington, DC",Washington,DC,FMMOS,FMMOS - non-mars,04/21/2026 05:48:00,2026,2026-JUN,,component,lmprs,
Mar,2026,,Southwest,126.0,4.52,Producer Milk Components,AMS_3462,3462,Dairy FMMOS,DY-NA,Washington,DC,"Washington, DC",Washington,DC,FMMOS,FMMOS - non-mars,04/21/2026 05:48:00,2026,2026-JUN,,component,lmprs,
Dec,2000,,All Markets Combined,,3.69,Producer Milk Components,AMS_3462,3462,Dairy FMMOS,DY-NA,Washington,DC,"Washington, DC",Washington,DC,FMMOS,FMMOS - non-mars,04/09/2021 07:48:00,2000,2000-JUL,3.56,component,lmprs,
Dec,2000,,Appalachian,5.0,3.67,Producer Milk Components,AMS_3462,3462,Dairy FMMOS,DY-NA,Washington,DC,"Washington, DC",Washington,DC,FMMOS,FMMOS - non-mars,04/09/2021 07:48:00,2000,2000-JUL,3.55,component,lmprs,
Dec,2000,,Arizona,131.0,3.62,Producer Milk Components,AMS_3462,3462,Dairy FMMOS,DY-NA,Washington,DC,"Washington, DC",Washington,DC,FMMOS,FMMOS - non-mars,04/09/2021 07:48:00,2000,2000-JUL,3.57,component,lmprs,
Dec,2000,,Central,32.0,3.69,Producer Milk Components,AMS_3462,3462,Dairy FMMOS,DY-NA,Washington,DC,"Washington, DC",Washington,DC,FMMOS,FMMOS - non-mars,04/09/2021 07:48:00,2000,2000-JUL,3.54,component,lmprs,
Dec,2000,,Florida,6.0,3.60,Producer Milk Components,AMS_3462,3462,Dairy FMMOS,DY-NA,Washington,DC,"Washington, DC",Washington,DC,FMMOS,FMMOS - non-mars,04/09/2021 07:48:00,2000,2000-JUL,3.58,component,lmprs,
Dec,2000,,Mideast,33.0,3.72,Producer Milk Components,AMS_3462,3462,Dairy FMMOS,DY-NA,Washington,DC,"Washington, DC",Washington,DC,FMMOS,FMMOS - non-mars,04/09/2021 07:48:00,2000,2000-JUL,3.56,component,lmprs,
Dec,2000,,Northeast,1.0,3.71,Producer Milk Components,AMS_3462,3462,Dairy FMMOS,DY-NA,Washington,DC,"Washington, DC",Washington,DC,FMMOS,FMMOS - non-mars,04/09/2021 07:48:00,2000,2000-JUL,3.60,component,lmprs,
Dec,2000,,Pacific Northwest,124.0,3.65,Producer Milk Components,AMS_3462,3462,Dairy FMMOS,DY-NA,Washington,DC,"Washington, DC",Washington,DC,FMMOS,FMMOS - non-mars,04/09/2021 07:48:00,2000,2000-JUL,3.55,component,lmprs,
Dec,2000,,Southeast,7.0,3.64,Producer Milk Components,AMS_3462,3462,Dairy FMMOS,DY-NA,Washington,DC,"Washington, DC",Washington,DC,FMMOS,FMMOS - non-mars,04/09/2021 07:48:00,2000,2000-JUL,3.55,component,lmprs,
Dec,2000,,Southwest,126.0,3.60,Producer Milk Components,AMS_3462,3462,Dairy FMMOS,DY-NA,Washington,DC,"Washington, DC",Washington,DC,FMMOS,FMMOS - non-mars,04/09/2021 07:48:00,2000,2000-JUL,3.47,component,lmprs,
Dec,2000,,Upper Midwest,30.0,3.73,Producer Milk Components,AMS_3462,3462,Dairy FMMOS,DY-NA,Washington,DC,"Washington, DC",Washington,DC,FMMOS,FMMOS - non-mars,04/09/2021 07:48:00,2000,2000-JUL,3.59,component,lmprs,
Dec,2000,,Western,135.0,3.60,Producer Milk Components,AMS_3462,3462,Dairy FMMOS,DY-NA,Washington,DC,"Washington, DC",Washington,DC,FMMOS,FMMOS - non-mars,04/09/2021 07:48:00,2000,2000-JUL,3.42,component,lmprs,
Dec,2001,,Western,135.0,3.61,Producer Milk Components,AMS_3462,3462,Dairy FMMOS,DY-NA,Washington,DC,"Washington, DC",Washington,DC,FMMOS,FMMOS - non-mars,04/09/2021 07:46:00,2001,2001-JUL,3.49,component,lmprs,
Dec,2001,,Upper Midwest,30.0,3.72,Producer Milk Components,AMS_3462,3462,Dairy FMMOS,DY-NA,Washington,DC,"Washington, DC",Washington,DC,FMMOS,FMMOS - non-mars,04/09/2021 07:46:00,2001,2001-JUL,3.55,component,lmprs,
Dec,2001,,Southwest,126.0,3.62,Producer Milk Components,AMS_3462,3462,Dairy FMMOS,DY-NA,Washington,DC,"Washington, DC",Washington,DC,FMMOS,FMMOS - non-mars,04/09/2021 07:46:00,2001,2001-JUL,3.51,component,lmprs,
Dec,2001,,Southeast,7.0,3.64,Producer Milk Components,AMS_3462,3462,Dairy FMMOS,DY-NA,Washington,DC,"Washington, DC",Washington,DC,FMMOS,FMMOS - non-mars,04/09/2021 07:46:00,2001,2001-JUL,3.57,component,lmprs,
Dec,2001,,Pacific Northwest,124.0,3.66,Producer Milk Components,AMS_3462,3462,Dairy FMMOS,DY-NA,Washington,DC,"Washington, DC",Washington,DC,FMMOS,FMMOS - non-mars,04/09/2021 07:46:00,2001,2001-JUL,3.56,component,lmprs,
Dec,2001,,Northeast,1.0,3.68,Producer Milk Components,AMS_3462,3462,Dairy FMMOS,DY-NA,Washington,DC,"Washington, DC",Washington,DC,FMMOS,FMMOS - non-mars,04/09/2021 07:46:00,2001,2001-JUL,3.55,component,lmprs,
Dec,2001,,Mideast,33.0,3.68,Producer Milk Components,AMS_3462,3462,Dairy FMMOS,DY-NA,Washington,DC,"Washington, DC",Washington,DC,FMMOS,FMMOS - non-mars,04/09/2021 07:46:00,2001,2001-JUL,3.53,component,lmprs,
Dec,2001,,Florida,6.0,3.60,Producer Milk Components,AMS_3462,3462,Dairy FMMOS,DY-NA,Washington,DC,"Washington, DC",Washington,DC,FMMOS,FMMOS - non-mars,04/09/2021 07:46:00,2001,2001-JUL,3.59,component,lmprs,
Dec,2001,,Central,32.0,3.69,Producer Milk Components,AMS_3462,3462,Dairy FMMOS,DY-NA,Washington,DC,"Washington, DC",Washington,DC,FMMOS,FMMOS - non-mars,04/09/2021 07:46:00,2001,2001-JUL,3.53,component,lmprs,
Dec,2001,,Arizona,131.0,3.62,Producer Milk Components,AMS_3462,3462,Dairy FMMOS,DY-NA,Washington,DC,"Washington, DC",Washington,DC,FMMOS,FMMOS - non-mars,04/09/2021 07:46:00,2001,2001-JUL,3.54,component,lmprs,
Dec,2001,,Appalachian,5.0,3.65,Producer Milk Components,AMS_3462,3462,Dairy FMMOS,DY-NA,Washington,DC,"Washington, DC",Washington,DC,FMMOS,FMMOS - non-mars,04/09/2021 07:46:00,2001,2001-JUL,3.54,component,lmprs,
Dec,2001,,All Markets Combined,,3.67,Producer Milk Components,AMS_3462,3462,Dairy FMMOS,DY-NA,Washington,DC,"Washington, DC",Washington,DC,FMMOS,FMMOS - non-mars,04/09/2021 07:46:00,2001,2001-JUL,3.54,component,lmprs,
Dec,2002,,All Markets Combined,,3.69,Producer Milk Components,AMS_3462,3462,Dairy FMMOS,DY-NA,Washington,DC,"Washington, DC",Washington,DC,FMMOS,FMMOS - non-mars,04/09/2021 07:46:00,2002,2002-JUL,3.54,component,lmprs,
Dec,2002,,Appalachian,5.0,3.66,Producer Milk Components,AMS_3462,3462,Dairy FMMOS,DY-NA,Washington,DC,"Washington, DC",Washington,DC,FMMOS,FMMOS - non-mars,04/09/2021 07:46:00,2002,2002-JUL,3.53,component,lmprs,
Dec,2002,,Arizona,131.0,3.63,Producer Milk Components,AMS_3462,3462,Dairy FMMOS,DY-NA,Washington,DC,"Washington, DC",Washington,DC,FMMOS,FMMOS - non-mars,04/09/2021 07:46:00,2002,2002-JUL,3.59,component,lmprs,
Dec,2002,,Central,32.0,3.70,Producer Milk Components,AMS_3462,3462,Dairy FMMOS,DY-NA,Washington,DC,"Washington, DC",Washington,DC,FMMOS,FMMOS - non-mars,04/09/2021 07:46:00,2002,2002-JUL,3.53,component,lmprs,
Dec,2002,,Florida,6.0,3.67,Producer Milk Components,AMS_3462,3462,Dairy FMMOS,DY-NA,Washington,DC,"Washington, DC",Washington,DC,FMMOS,FMMOS - non-mars,04/09/2021 07:46:00,2002,2002-JUL,3.68,component,lmprs,
Dec,2002,,Mideast,33.0,3.69,Producer Milk Components,AMS_3462,3462,Dairy FMMOS,DY-NA,Washington,DC,"Washington, DC",Washington,DC,FMMOS,FMMOS - non-mars,04/09/2021 07:46:00,2002,2002-JUL,3.52,component,lmprs,
Dec,2002,,Northeast,1.0,3.69,Producer Milk Components,AMS_3462,3462,Dairy FMMOS,DY-NA,Washington,DC,"Washington, DC",Washington,DC,FMMOS,FMMOS - non-mars,04/09/2021 07:46:00,2002,2002-JUL,3.54,component,lmprs,
Dec,2002,,Pacific Northwest,124.0,3.67,Producer Milk Components,AMS_3462,3462,Dairy FMMOS,DY-NA,Washington,DC,"Washington, DC",Washington,DC,FMMOS,FMMOS - non-mars,04/09/2021 07:46:00,2002,2002-JUL,3.57,component,lmprs,
Dec,2002,,Southeast,7.0,3.66,Producer Milk Components,AMS_3462,3462,Dairy FMMOS,DY-NA,Washington,DC,"Washington, DC",Washington,DC,FMMOS,FMMOS - non-mars,04/09/2021 07:46:00,2002,2002-JUL,3.56,component,lmprs,
Dec,2002,,Southwest,126.0,3.64,Producer Milk Components,AMS_3462,3462,Dairy FMMOS,DY-NA,Washington,DC,"Washington, DC",Washington,DC,FMMOS,FMMOS - non-mars,04/09/2021 07:46:00,2002,2002-JUL,3.51,component,lmprs,
Dec,2002,,Upper Midwest,30.0,3.73,Producer Milk Components,AMS_3462,3462,Dairy FMMOS,DY-NA,Washington,DC,"Washington, DC",Washington,DC,FMMOS,FMMOS - non-mars,04/09/2021 07:46:00,2002,2002-JUL,3.55,component,lmprs,
Dec,2002,,Western,135.0,3.63,Producer Milk Components,AMS_3462,3462,Dairy FMMOS,DY-NA,Washington,DC,"Washington, DC",Washington,DC,FMMOS,FMMOS - non-mars,04/09/2021 07:46:00,2002,2002-JUL,3.48,component,lmprs,
Dec,2003,,Western,135.0,3.60,Producer Milk Components,AMS_3462,3462,Dairy FMMOS,DY-NA,Washington,DC,"Washington, DC",Washington,DC,FMMOS,FMMOS - non-mars,04/09/2021 07:46:00,2003,2003-JUL,3.46,component,lmprs,
Dec,2003,,Upper Midwest,30.0,3.72,Producer Milk Components,AMS_3462,3462,Dairy FMMOS,DY-NA,Washington,DC,"Washington, DC",Washington,DC,FMMOS,FMMOS - non-mars,04/09/2021 07:46:00,2003,2003-JUL,3.53,component,lmprs,
Dec,2003,,Southwest,126.0,3.62,Producer Milk Components,AMS_3462,3462,Dairy FMMOS,DY-NA,Washington,DC,"Washington, DC",Washington,DC,FMMOS,FMMOS - non-mars,04/09/2021 07:46:00,2003,2003-JUL,3.52,component,lmprs,
Dec,2003,,Southeast,7.0,3.63,Producer Milk Components,AMS_3462,3462,Dairy FMMOS,DY-NA,Washington,DC,"Washington, DC",Washington,DC,FMMOS,FMMOS - non-mars,04/09/2021 07:46:00,2003,2003-JUL,3.51,component,lmprs,
Dec,2003,,Northeast,1.0,3.70,Producer Milk Components,AMS_3462,3462,Dairy FMMOS,DY-NA,Washington,DC,"Washington, DC",Washington,DC,FMMOS,FMMOS - non-mars,04/09/2021 07:46:00,2003,2003-JUL,3.57,component,lmprs,
Dec,2003,,Pacific Northwest,124.0,3.66,Producer Milk Components,AMS_3462,3462,Dairy FMMOS,DY-NA,Washington,DC,"Washington, DC",Washington,DC,FMMOS,FMMOS - non-mars,04/09/2021 07:46:00,2003,2003-JUL,3.54,component,lmprs,
Dec,2003,,Mideast,33.0,3.69,Producer Milk Components,AMS_3462,3462,Dairy FMMOS,DY-NA,Washington,DC,"Washington, DC",Washington,DC,FMMOS,FMMOS - non-mars,04/09/2021 07:46:00,2003,2003-JUL,3.53,component,lmprs,
Dec,2003,,Florida,6.0,3.57,Producer Milk Components,AMS_3462,3462,Dairy FMMOS,DY-NA,Washington,DC,"Washington, DC",Washington,DC,FMMOS,FMMOS - non-mars,04/09/2021 07:46:00,2003,2003-JUL,3.52,component,lmprs,
Dec,2003,,Arizona,131.0,3.59,Producer Milk Components,AMS_3462,3462,Dairy FMMOS,DY-NA,Washington,DC,"Washington, DC",Washington,DC,FMMOS,FMMOS - non-mars,04/09/2021 07:46:00,2003,2003-JUL,3.56,component,lmprs,
Dec,2003,,Central,32.0,3.68,Producer Milk Components,AMS_3462,3462,Dairy FMMOS,DY-NA,Washington,DC,"Washington, DC",Washington,DC,FMMOS,FMMOS - non-mars,04/09/2021 07:46:00,2003,2003-JUL,3.50,component,lmprs,
Dec,2003,,Appalachian,5.0,3.65,Producer Milk Components,AMS_3462,3462,Dairy FMMOS,DY-NA,Washington,DC,"Washington, DC",Washington,DC,FMMOS,FMMOS - non-mars,04/09/2021 07:46:00,2003,2003-JUL,3.52,component,lmprs,
Dec,2003,,All Markets Combined,,3.67,Producer Milk Components,AMS_3462,3462,Dairy FMMOS,DY-NA,Washington,DC,"Washington, DC",Washington,DC,FMMOS,FMMOS - non-mars,04/09/2021 07:46:00,2003,2003-JUL,3.54,component,lmprs,
Dec,2004,,All Markets Combined,,3.67,Producer Milk Components,AMS_3462,3462,Dairy FMMOS,DY-NA,Washington,DC,"Washington, DC",Washington,DC,FMMOS,FMMOS - non-mars,04/09/2021 07:44:00,2004,2004-JUL,3.56,component,lmprs,
Dec,2004,,Appalachian,5.0,3.62,Producer Milk Components,AMS_3462,3462,Dairy FMMOS,DY-NA,Washington,DC,"Washington, DC",Washington,DC,FMMOS,FMMOS - non-mars,04/09/2021 07:44:00,2004,2004-JUL,3.51,component,lmprs,
Dec,2004,,Central,32.0,3.66,Producer Milk Components,AMS_3462,3462,Dairy FMMOS,DY-NA,Washington,DC,"Washington, DC",Washington,DC,FMMOS,FMMOS - non-mars,04/09/2021 07:44:00,2004,2004-JUL,3.55,component,lmprs,
Dec,2004,,Arizona,131.0,3.61,Producer Milk Components,AMS_3462,3462,Dairy FMMOS,DY-NA,Washington,DC,"Washington, DC",Washington,DC,FMMOS,FMMOS - non-mars,04/09/2021 07:44:00,2004,2004-JUL,3.59,component,lmprs,
Dec,2004,,Florida,6.0,3.61,Producer Milk Components,AMS_3462,3462,Dairy FMMOS,DY-NA,Washington,DC,"Washington, DC",Washington,DC,FMMOS,FMMOS - non-mars,04/09/2021 07:44:00,2004,2004-JUL,3.57,component,lmprs,
Dec,2004,,Mideast,33.0,3.67,Producer Milk Components,AMS_3462,3462,Dairy FMMOS,DY-NA,Washington,DC,"Washington, DC",Washington,DC,FMMOS,FMMOS - non-mars,04/09/2021 07:44:00,2004,2004-JUL,3.55,component,lmprs,
Dec,2004,,Pacific Northwest,124.0,3.68,Producer Milk Components,AMS_3462,3462,Dairy FMMOS,DY-NA,Washington,DC,"Washington, DC",Washington,DC,FMMOS,FMMOS - non-mars,04/09/2021 07:44:00,2004,2004-JUL,3.59,component,lmprs,
Dec,2004,,Northeast,1.0,3.66,Producer Milk Components,AMS_3462,3462,Dairy FMMOS,DY-NA,Washington,DC,"Washington, DC",Washington,DC,FMMOS,FMMOS - non-mars,04/09/2021 07:44:00,2004,2004-JUL,3.55,component,lmprs,
Dec,2004,,Southeast,7.0,3.65,Producer Milk Components,AMS_3462,3462,Dairy FMMOS,DY-NA,Washington,DC,"Washington, DC",Washington,DC,FMMOS,FMMOS - non-mars,04/09/2021 07:44:00,2004,2004-JUL,3.55,component,lmprs,
Dec,2004,,Southwest,126.0,3.64,Producer Milk Components,AMS_3462,3462,Dairy FMMOS,DY-NA,Washington,DC,"Washington, DC",Washington,DC,FMMOS,FMMOS - non-mars,04/09/2021 07:44:00,2004,2004-JUL,3.51,component,lmprs,
Dec,2004,,Upper Midwest,30.0,3.72,Producer Milk Components,AMS_3462,3462,Dairy FMMOS,DY-NA,Washington,DC,"Washington, DC",Washington,DC,FMMOS,FMMOS - non-mars,04/09/2021 07:44:00,2004,2004-JUL,3.61,component,lmprs,
Dec,2004,,Western,135.0,3.70,Producer Milk Components,AMS_3462,3462,Dairy FMMOS,DY-NA,Washington,DC,"Washington, DC",Washington,DC,FMMOS,FMMOS - non-mars,04/09/2021 07:44:00,2004,2004-JUL,,component,lmprs,
Dec,2005,,Upper Midwest,30.0,3.71,Producer Milk Components,AMS_3462,3462,Dairy FMMOS,DY-NA,Washington,DC,"Washington, DC",Washington,DC,FMMOS,FMMOS - non-mars,03/30/2021 14:16:00,2005,2005-JUL,3.55,component,lmprs,
Dec,2005,,Southwest,126.0,3.66,Producer Milk Components,AMS_3462,3462,Dairy FMMOS,DY-NA,Washington,DC,"Washington, DC",Washington,DC,FMMOS,FMMOS - non-mars,03/30/2021 14:16:00,2005,2005-JUL,3.52,component,lmprs,
Dec,2005,,Southeast,7.0,3.63,Producer Milk Components,AMS_3462,3462,Dairy FMMOS,DY-NA,Washington,DC,"Washington, DC",Washington,DC,FMMOS,FMMOS - non-mars,03/30/2021 14:16:00,2005,2005-JUL,3.52,component,lmprs,
Dec,2005,,Northeast,1.0,3.67,Producer Milk Components,AMS_3462,3462,Dairy FMMOS,DY-NA,Washington,DC,"Washington, DC",Washington,DC,FMMOS,FMMOS - non-mars,03/30/2021 14:16:00,2005,2005-JUL,3.50,component,lmprs,
Dec,2005,,Pacific Northwest,124.0,3.67,Producer Milk Components,AMS_3462,3462,Dairy FMMOS,DY-NA,Washington,DC,"Washington, DC",Washington,DC,FMMOS,FMMOS - non-mars,03/30/2021 14:16:00,2005,2005-JUL,3.56,component,lmprs,
Dec,2005,,Mideast,33.0,3.65,Producer Milk Components,AMS_3462,3462,Dairy FMMOS,DY-NA,Washington,DC,"Washington, DC",Washington,DC,FMMOS,FMMOS - non-mars,03/30/2021 14:16:00,2005,2005-JUL,3.49,component,lmprs,
Dec,2005,,Florida,6.0,3.60,Producer Milk Components,AMS_3462,3462,Dairy FMMOS,DY-NA,Washington,DC,"Washington, DC",Washington,DC,FMMOS,FMMOS - non-mars,03/30/2021 14:16:00,2005,2005-JUL,3.58,component,lmprs,
Dec,2005,,Central,32.0,3.64,Producer Milk Components,AMS_3462,3462,Dairy FMMOS,DY-NA,Washington,DC,"Washington, DC",Washington,DC,FMMOS,FMMOS - non-mars,03/30/2021 14:16:00,2005,2005-JUL,3.49,component,lmprs,
Dec,2005,,Appalachian,5.0,3.62,Producer Milk Components,AMS_3462,3462,Dairy FMMOS,DY-NA,Washington,DC,"Washington, DC",Washington,DC,FMMOS,FMMOS - non-mars,03/30/2021 14:16:00,2005,2005-JUL,3.50,component,lmprs,
Dec,2005,,Arizona,131.0,3.59,Producer Milk Components,AMS_3462,3462,Dairy FMMOS,DY-NA,Washington,DC,"Washington, DC",Washington,DC,FMMOS,FMMOS - non-mars,03/30/2021 14:16:00,2005,2005-JUL,3.53,component,lmprs,
Dec,2005,,All Markets Combined,,3.66,Producer Milk Components,AMS_3462,3462,Dairy FMMOS,DY-NA,Washington,DC,"Washington, DC",Washington,DC,FMMOS,FMMOS - non-mars,03/30/2021 14:16:00,2005,2005-JUL,3.52,component,lmprs,
Dec,2006,,All Markets Combined,,3.69,Producer Milk Components,AMS_3462,3462,Dairy FMMOS,DY-NA,Washington,DC,"Washington, DC",Washington,DC,FMMOS,FMMOS - non-mars,03/30/2021 14:16:00,2006,2006-JUL,3.56,component,lmprs,
Dec,2006,,Arizona,131.0,3.59,Producer Milk Components,AMS_3462,3462,Dairy FMMOS,DY-NA,Washington,DC,"Washington, DC",Washington,DC,FMMOS,FMMOS - non-mars,03/30/2021 14:16:00,2006,2006-JUL,3.51,component,lmprs,
Dec,2006,,Appalachian,5.0,3.67,Producer Milk Components,AMS_3462,3462,Dairy FMMOS,DY-NA,Washington,DC,"Washington, DC",Washington,DC,FMMOS,FMMOS - non-mars,03/30/2021 14:16:00,2006,2006-JUL,3.54,component,lmprs,
Dec,2006,,Central,32.0,3.67,Producer Milk Components,AMS_3462,3462,Dairy FMMOS,DY-NA,Washington,DC,"Washington, DC",Washington,DC,FMMOS,FMMOS - non-mars,03/30/2021 14:16:00,2006,2006-JUL,3.53,component,lmprs,
Dec,2006,,Florida,6.0,3.66,Producer Milk Components,AMS_3462,3462,Dairy FMMOS,DY-NA,Washington,DC,"Washington, DC",Washington,DC,FMMOS,FMMOS - non-mars,03/30/2021 14:16:00,2006,2006-JUL,3.60,component,lmprs,
Dec,2006,,Mideast,33.0,3.69,Producer Milk Components,AMS_3462,3462,Dairy FMMOS,DY-NA,Washington,DC,"Washington, DC",Washington,DC,FMMOS,FMMOS - non-mars,03/30/2021 14:16:00,2006,2006-JUL,3.56,component,lmprs,
Dec,2006,,Pacific Northwest,124.0,3.69,Producer Milk Components,AMS_3462,3462,Dairy FMMOS,DY-NA,Washington,DC,"Washington, DC",Washington,DC,FMMOS,FMMOS - non-mars,03/30/2021 14:16:00,2006,2006-JUL,3.59,component,lmprs,
Dec,2006,,Northeast,1.0,3.71,Producer Milk Components,AMS_3462,3462,Dairy FMMOS,DY-NA,Washington,DC,"Washington, DC",Washington,DC,FMMOS,FMMOS - non-mars,03/30/2021 14:16:00,2006,2006-JUL,3.58,component,lmprs,
Dec,2006,,Southeast,7.0,3.67,Producer Milk Components,AMS_3462,3462,Dairy FMMOS,DY-NA,Washington,DC,"Washington, DC",Washington,DC,FMMOS,FMMOS - non-mars,03/30/2021 14:16:00,2006,2006-JUL,3.51,component,lmprs,
Dec,2006,,Southwest,126.0,3.69,Producer Milk Components,AMS_3462,3462,Dairy FMMOS,DY-NA,Washington,DC,"Washington, DC",Washington,DC,FMMOS,FMMOS - non-mars,03/30/2021 14:16:00,2006,2006-JUL,3.56,component,lmprs,
Dec,2006,,Upper Midwest,30.0,3.72,Producer Milk Components,AMS_3462,3462,Dairy FMMOS,DY-NA,Washington,DC,"Washington, DC",Washington,DC,FMMOS,FMMOS - non-mars,03/30/2021 14:16:00,2006,2006-JUL,3.57,component,lmprs,
Dec,2007,,Upper Midwest,30.0,3.71,Producer Milk Components,AMS_3462,3462,Dairy FMMOS,DY-NA,Washington,DC,"Washington, DC",Washington,DC,FMMOS,FMMOS - non-mars,03/30/2021 14:16:00,2007,2007-JUL,3.56,component,lmprs,
Dec,2007,,Southwest,126.0,3.67,Producer Milk Components,AMS_3462,3462,Dairy FMMOS,DY-NA,Washington,DC,"Washington, DC",Washington,DC,FMMOS,FMMOS - non-mars,03/30/2021 14:16:00,2007,2007-JUL,3.53,component,lmprs,
Dec,2007,,Southeast,7.0,3.67,Producer Milk Components,AMS_3462,3462,Dairy FMMOS,DY-NA,Washington,DC,"Washington, DC",Washington,DC,FMMOS,FMMOS - non-mars,03/30/2021 14:16:00,2007,2007-JUL,3.56,component,lmprs,
Dec,2007,,Northeast,1.0,3.70,Producer Milk Components,AMS_3462,3462,Dairy FMMOS,DY-NA,Washington,DC,"Washington, DC",Washington,DC,FMMOS,FMMOS - non-mars,03/30/2021 14:16:00,2007,2007-JUL,3.57,component,lmprs,
Dec,2007,,Pacific Northwest,124.0,3.70,Producer Milk Components,AMS_3462,3462,Dairy FMMOS,DY-NA,Washington,DC,"Washington, DC",Washington,DC,FMMOS,FMMOS - non-mars,03/30/2021 14:16:00,2007,2007-JUL,3.61,component,lmprs,
Dec,2007,,Mideast,33.0,3.67,Producer Milk Components,AMS_3462,3462,Dairy FMMOS,DY-NA,Washington,DC,"Washington, DC",Washington,DC,FMMOS,FMMOS - non-mars,03/30/2021 14:16:00,2007,2007-JUL,3.53,component,lmprs,
Dec,2007,,Florida,6.0,3.63,Producer Milk Components,AMS_3462,3462,Dairy FMMOS,DY-NA,Washington,DC,"Washington, DC",Washington,DC,FMMOS,FMMOS - non-mars,03/30/2021 14:16:00,2007,2007-JUL,3.61,component,lmprs,
Dec,2007,,Central,32.0,3.68,Producer Milk Components,AMS_3462,3462,Dairy FMMOS,DY-NA,Washington,DC,"Washington, DC",Washington,DC,FMMOS,FMMOS - non-mars,03/30/2021 14:16:00,2007,2007-JUL,3.54,component,lmprs,
Dec,2007,,Appalachian,5.0,3.67,Producer Milk Components,AMS_3462,3462,Dairy FMMOS,DY-NA,Washington,DC,"Washington, DC",Washington,DC,FMMOS,FMMOS - non-mars,03/30/2021 14:16:00,2007,2007-JUL,3.54,component,lmprs,
Dec,2007,,Arizona,131.0,3.60,Producer Milk Components,AMS_3462,3462,Dairy FMMOS,DY-NA,Washington,DC,"Washington, DC",Washington,DC,FMMOS,FMMOS - non-mars,03/30/2021 14:16:00,2007,2007-JUL,3.53,component,lmprs,
Dec,2007,,All Markets Combined,,3.68,Producer Milk Components,AMS_3462,3462,Dairy FMMOS,DY-NA,Washington,DC,"Washington, DC",Washington,DC,FMMOS,FMMOS - non-mars,03/30/2021 14:16:00,2007,2007-JUL,3.55,component,lmprs,
Dec,2008,,All Markets Combined,,3.69,Producer Milk Components,AMS_3462,3462,Dairy FMMOS,DY-NA,Washington,DC,"Washington, DC",Washington,DC,FMMOS,FMMOS - non-mars,03/30/2021 14:15:00,2008,2008-JUL,3.55,component,lmprs,
Dec,2008,,Arizona,131.0,3.56,Producer Milk Components,AMS_3462,3462,Dairy FMMOS,DY-NA,Washington,DC,"Washington, DC",Washington,DC,FMMOS,FMMOS - non-mars,03/30/2021 14:15:00,2008,2008-JUL,3.50,component,lmprs,
Dec,2008,,Appalachian,5.0,3.69,Producer Milk Components,AMS_3462,3462,Dairy FMMOS,DY-NA,Washington,DC,"Washington, DC",Washington,DC,FMMOS,FMMOS - non-mars,03/30/2021 14:15:00,2008,2008-JUL,3.55,component,lmprs,
Dec,2008,,Central,32.0,3.65,Producer Milk Components,AMS_3462,3462,Dairy FMMOS,DY-NA,Washington,DC,"Washington, DC",Washington,DC,FMMOS,FMMOS - non-mars,03/30/2021 14:15:00,2008,2008-JUL,3.50,component,lmprs,
Dec,2008,,Florida,6.0,3.60,Producer Milk Components,AMS_3462,3462,Dairy FMMOS,DY-NA,Washington,DC,"Washington, DC",Washington,DC,FMMOS,FMMOS - non-mars,03/30/2021 14:15:00,2008,2008-JUL,3.57,component,lmprs,
Dec,2008,,Mideast,33.0,3.70,Producer Milk Components,AMS_3462,3462,Dairy FMMOS,DY-NA,Washington,DC,"Washington, DC",Washington,DC,FMMOS,FMMOS - non-mars,03/30/2021 14:15:00,2008,2008-JUL,3.54,component,lmprs,
Dec,2008,,Pacific Northwest,124.0,3.67,Producer Milk Components,AMS_3462,3462,Dairy FMMOS,DY-NA,Washington,DC,"Washington, DC",Washington,DC,FMMOS,FMMOS - non-mars,03/30/2021 14:15:00,2008,2008-JUL,3.56,component,lmprs,
Dec,2008,,Northeast,1.0,3.73,Producer Milk Components,AMS_3462,3462,Dairy FMMOS,DY-NA,Washington,DC,"Washington, DC",Washington,DC,FMMOS,FMMOS - non-mars,03/30/2021 14:15:00,2008,2008-JUL,3.58,component,lmprs,
Dec,2008,,Southeast,7.0,3.67,Producer Milk Components,AMS_3462,3462,Dairy FMMOS,DY-NA,Washington,DC,"Washington, DC",Washington,DC,FMMOS,FMMOS - non-mars,03/30/2021 14:15:00,2008,2008-JUL,3.55,component,lmprs,
Dec,2008,,Southwest,126.0,3.63,Producer Milk Components,AMS_3462,3462,Dairy FMMOS,DY-NA,Washington,DC,"Washington, DC",Washington,DC,FMMOS,FMMOS - non-mars,03/30/2021 14:15:00,2008,2008-JUL,3.51,component,lmprs,
Dec,2008,,Upper Midwest,30.0,3.72,Producer Milk Components,AMS_3462,3462,Dairy FMMOS,DY-NA,Washington,DC,"Washington, DC",Washington,DC,FMMOS,FMMOS - non-mars,03/30/2021 14:15:00,2008,2008-JUL,3.58,component,lmprs,
Dec,2009,,Upper Midwest,30.0,3.70,Producer Milk Components,AMS_3462,3462,Dairy FMMOS,DY-NA,Washington,DC,"Washington, DC",Washington,DC,FMMOS,FMMOS - non-mars,03/30/2021 14:15:00,2009,2009-JUL,3.57,component,lmprs,
Dec,2009,,Southwest,126.0,3.58,Producer Milk Components,AMS_3462,3462,Dairy FMMOS,DY-NA,Washington,DC,"Washington, DC",Washington,DC,FMMOS,FMMOS - non-mars,03/30/2021 14:15:00,2009,2009-JUL,3.45,component,lmprs,
Dec,2009,,Southeast,7.0,3.65,Producer Milk Components,AMS_3462,3462,Dairy FMMOS,DY-NA,Washington,DC,"Washington, DC",Washington,DC,FMMOS,FMMOS - non-mars,03/30/2021 14:15:00,2009,2009-JUL,3.53,component,lmprs,
Dec,2009,,Northeast,1.0,3.72,Producer Milk Components,AMS_3462,3462,Dairy FMMOS,DY-NA,Washington,DC,"Washington, DC",Washington,DC,FMMOS,FMMOS - non-mars,03/30/2021 14:15:00,2009,2009-JUL,3.61,component,lmprs,
Dec,2009,,Pacific Northwest,124.0,3.71,Producer Milk Components,AMS_3462,3462,Dairy FMMOS,DY-NA,Washington,DC,"Washington, DC",Washington,DC,FMMOS,FMMOS - non-mars,03/30/2021 14:15:00,2009,2009-JUL,3.60,component,lmprs,
Dec,2009,,Mideast,33.0,3.69,Producer Milk Components,AMS_3462,3462,Dairy FMMOS,DY-NA,Washington,DC,"Washington, DC",Washington,DC,FMMOS,FMMOS - non-mars,03/30/2021 14:15:00,2009,2009-JUL,3.55,component,lmprs,
Dec,2009,,Florida,6.0,3.59,Producer Milk Components,AMS_3462,3462,Dairy FMMOS,DY-NA,Washington,DC,"Washington, DC",Washington,DC,FMMOS,FMMOS - non-mars,03/30/2021 14:15:00,2009,2009-JUL,3.54,component,lmprs,
Dec,2009,,Central,32.0,3.61,Producer Milk Components,AMS_3462,3462,Dairy FMMOS,DY-NA,Washington,DC,"Washington, DC",Washington,DC,FMMOS,FMMOS - non-mars,03/30/2021 14:15:00,2009,2009-JUL,3.45,component,lmprs,
Dec,2009,,Appalachian,5.0,3.68,Producer Milk Components,AMS_3462,3462,Dairy FMMOS,DY-NA,Washington,DC,"Washington, DC",Washington,DC,FMMOS,FMMOS - non-mars,03/30/2021 14:15:00,2009,2009-JUL,3.54,component,lmprs,
Dec,2009,,Arizona,131.0,3.49,Producer Milk Components,AMS_3462,3462,Dairy FMMOS,DY-NA,Washington,DC,"Washington, DC",Washington,DC,FMMOS,FMMOS - non-mars,03/30/2021 14:15:00,2009,2009-JUL,3.43,component,lmprs,
Dec,2009,,All Markets Combined,,3.67,Producer Milk Components,AMS_3462,3462,Dairy FMMOS,DY-NA,Washington,DC,"Washington, DC",Washington,DC,FMMOS,FMMOS - non-mars,03/30/2021 14:15:00,2009,2009-JUL,3.55,component,lmprs,
Dec,2010,,All Markets Combined,,3.66,Producer Milk Components,AMS_3462,3462,Dairy FMMOS,DY-NA,Washington,DC,"Washington, DC",Washington,DC,FMMOS,FMMOS - non-mars,03/30/2021 14:14:00,2010,2010-JUL,3.50,component,lmprs,
Dec,2010,,Arizona,131.0,3.50,Producer Milk Components,AMS_3462,3462,Dairy FMMOS,DY-NA,Washington,DC,"Washington, DC",Washington,DC,FMMOS,FMMOS - non-mars,03/30/2021 14:14:00,2010,2010-JUL,3.41,component,lmprs,
Dec,2010,,Appalachian,5.0,3.65,Producer Milk Components,AMS_3462,3462,Dairy FMMOS,DY-NA,Washington,DC,"Washington, DC",Washington,DC,FMMOS,FMMOS - non-mars,03/30/2021 14:14:00,2010,2010-JUL,3.48,component,lmprs,
Dec,2010,,Central,32.0,3.60,Producer Milk Components,AMS_3462,3462,Dairy FMMOS,DY-NA,Washington,DC,"Washington, DC",Washington,DC,FMMOS,FMMOS - non-mars,03/30/2021 14:14:00,2010,2010-JUL,3.43,component,lmprs,
Dec,2010,,Florida,6.0,3.60,Producer Milk Components,AMS_3462,3462,Dairy FMMOS,DY-NA,Washington,DC,"Washington, DC",Washington,DC,FMMOS,FMMOS - non-mars,03/30/2021 14:14:00,2010,2010-JUL,3.51,component,lmprs,
Dec,2010,,Mideast,33.0,3.66,Producer Milk Components,AMS_3462,3462,Dairy FMMOS,DY-NA,Washington,DC,"Washington, DC",Washington,DC,FMMOS,FMMOS - non-mars,03/30/2021 14:14:00,2010,2010-JUL,3.49,component,lmprs,
Dec,2010,,Pacific Northwest,124.0,3.73,Producer Milk Components,AMS_3462,3462,Dairy FMMOS,DY-NA,Washington,DC,"Washington, DC",Washington,DC,FMMOS,FMMOS - non-mars,03/30/2021 14:14:00,2010,2010-JUL,3.60,component,lmprs,
Dec,2010,,Northeast,1.0,3.69,Producer Milk Components,AMS_3462,3462,Dairy FMMOS,DY-NA,Washington,DC,"Washington, DC",Washington,DC,FMMOS,FMMOS - non-mars,03/30/2021 14:14:00,2010,2010-JUL,3.54,component,lmprs,
Dec,2010,,Southeast,7.0,3.66,Producer Milk Components,AMS_3462,3462,Dairy FMMOS,DY-NA,Washington,DC,"Washington, DC",Washington,DC,FMMOS,FMMOS - non-mars,03/30/2021 14:14:00,2010,2010-JUL,3.51,component,lmprs,
Dec,2010,,Southwest,126.0,3.60,Producer Milk Components,AMS_3462,3462,Dairy FMMOS,DY-NA,Washington,DC,"Washington, DC",Washington,DC,FMMOS,FMMOS - non-mars,03/30/2021 14:14:00,2010,2010-JUL,3.42,component,lmprs,
Dec,2010,,Upper Midwest,30.0,3.68,Producer Milk Components,AMS_3462,3462,Dairy FMMOS,DY-NA,Washington,DC,"Washington, DC",Washington,DC,FMMOS,FMMOS - non-mars,03/30/2021 14:14:00,2010,2010-JUL,3.53,component,lmprs,
Dec,2011,,Southwest,126.0,3.65,Producer Milk Components,AMS_3462,3462,Dairy FMMOS,DY-NA,Washington,DC,"Washington, DC",Washington,DC,FMMOS,FMMOS - non-mars,03/30/2021 14:14:00,2011,2011-JUL,3.50,component,lmprs,
Dec,2011,,Upper Midwest,30.0,3.73,Producer Milk Components,AMS_3462,3462,Dairy FMMOS,DY-NA,Washington,DC,"Washington, DC",Washington,DC,FMMOS,FMMOS - non-mars,03/30/2021 14:14:00,2011,2011-JUL,3.59,component,lmprs,
Dec,2011,,Southeast,7.0,3.71,Producer Milk Components,AMS_3462,3462,Dairy FMMOS,DY-NA,Washington,DC,"Washington, DC",Washington,DC,FMMOS,FMMOS - non-mars,03/30/2021 14:14:00,2011,2011-JUL,3.56,component,lmprs,
Dec,2011,,Pacific Northwest,124.0,3.77,Producer Milk Components,AMS_3462,3462,Dairy FMMOS,DY-NA,Washington,DC,"Washington, DC",Washington,DC,FMMOS,FMMOS - non-mars,03/30/2021 14:14:00,2011,2011-JUL,3.63,component,lmprs,
Dec,2011,,Mideast,33.0,3.70,Producer Milk Components,AMS_3462,3462,Dairy FMMOS,DY-NA,Washington,DC,"Washington, DC",Washington,DC,FMMOS,FMMOS - non-mars,03/30/2021 14:14:00,2011,2011-JUL,3.54,component,lmprs,
Dec,2011,,Northeast,1.0,3.73,Producer Milk Components,AMS_3462,3462,Dairy FMMOS,DY-NA,Washington,DC,"Washington, DC",Washington,DC,FMMOS,FMMOS - non-mars,03/30/2021 14:14:00,2011,2011-JUL,3.58,component,lmprs,
Dec,2011,,Florida,6.0,3.67,Producer Milk Components,AMS_3462,3462,Dairy FMMOS,DY-NA,Washington,DC,"Washington, DC",Washington,DC,FMMOS,FMMOS - non-mars,03/30/2021 14:14:00,2011,2011-JUL,3.62,component,lmprs,
Dec,2011,,Central,32.0,3.67,Producer Milk Components,AMS_3462,3462,Dairy FMMOS,DY-NA,Washington,DC,"Washington, DC",Washington,DC,FMMOS,FMMOS - non-mars,03/30/2021 14:14:00,2011,2011-JUL,3.51,component,lmprs,
Dec,2011,,Appalachian,5.0,3.69,Producer Milk Components,AMS_3462,3462,Dairy FMMOS,DY-NA,Washington,DC,"Washington, DC",Washington,DC,FMMOS,FMMOS - non-mars,03/30/2021 14:14:00,2011,2011-JUL,3.56,component,lmprs,
Dec,2011,,Arizona,131.0,3.55,Producer Milk Components,AMS_3462,3462,Dairy FMMOS,DY-NA,Washington,DC,"Washington, DC",Washington,DC,FMMOS,FMMOS - non-mars,03/30/2021 14:14:00,2011,2011-JUL,3.46,component,lmprs,
Dec,2011,,All Markets Combined,,3.70,Producer Milk Components,AMS_3462,3462,Dairy FMMOS,DY-NA,Washington,DC,"Washington, DC",Washington,DC,FMMOS,FMMOS - non-mars,03/30/2021 14:14:00,2011,2011-JUL,3.56,component,lmprs,
Dec,2012,,All Markets Combined,,3.71,Producer Milk Components,AMS_3462,3462,Dairy FMMOS,DY-NA,Washington,DC,"Washington, DC",Washington,DC,FMMOS,FMMOS - non-mars,03/30/2021 14:13:00,2012,2012-JUL,3.56,component,lmprs,
Dec,2012,,Arizona,131.0,3.55,Producer Milk Components,AMS_3462,3462,Dairy FMMOS,DY-NA,Washington,DC,"Washington, DC",Washington,DC,FMMOS,FMMOS - non-mars,03/30/2021 14:13:00,2012,2012-JUL,3.51,component,lmprs,
Dec,2012,,Appalachian,5.0,3.69,Producer Milk Components,AMS_3462,3462,Dairy FMMOS,DY-NA,Washington,DC,"Washington, DC",Washington,DC,FMMOS,FMMOS - non-mars,03/30/2021 14:13:00,2012,2012-JUL,3.55,component,lmprs,
Dec,2012,,Central,32.0,3.69,Producer Milk Components,AMS_3462,3462,Dairy FMMOS,DY-NA,Washington,DC,"Washington, DC",Washington,DC,FMMOS,FMMOS - non-mars,03/30/2021 14:13:00,2012,2012-JUL,3.52,component,lmprs,
Dec,2012,,Florida,6.0,3.66,Producer Milk Components,AMS_3462,3462,Dairy FMMOS,DY-NA,Washington,DC,"Washington, DC",Washington,DC,FMMOS,FMMOS - non-mars,03/30/2021 14:13:00,2012,2012-JUL,3.64,component,lmprs,
Dec,2012,,Northeast,1.0,3.73,Producer Milk Components,AMS_3462,3462,Dairy FMMOS,DY-NA,Washington,DC,"Washington, DC",Washington,DC,FMMOS,FMMOS - non-mars,03/30/2021 14:13:00,2012,2012-JUL,3.58,component,lmprs,
Dec,2012,,Mideast,33.0,3.69,Producer Milk Components,AMS_3462,3462,Dairy FMMOS,DY-NA,Washington,DC,"Washington, DC",Washington,DC,FMMOS,FMMOS - non-mars,03/30/2021 14:13:00,2012,2012-JUL,3.51,component,lmprs,
Dec,2012,,Pacific Northwest,124.0,3.81,Producer Milk Components,AMS_3462,3462,Dairy FMMOS,DY-NA,Washington,DC,"Washington, DC",Washington,DC,FMMOS,FMMOS - non-mars,03/30/2021 14:13:00,2012,2012-JUL,3.67,component,lmprs,
Dec,2012,,Southeast,7.0,3.70,Producer Milk Components,AMS_3462,3462,Dairy FMMOS,DY-NA,Washington,DC,"Washington, DC",Washington,DC,FMMOS,FMMOS - non-mars,03/30/2021 14:13:00,2012,2012-JUL,3.59,component,lmprs,
Dec,2012,,Upper Midwest,30.0,3.76,Producer Milk Components,AMS_3462,3462,Dairy FMMOS,DY-NA,Washington,DC,"Washington, DC",Washington,DC,FMMOS,FMMOS - non-mars,03/30/2021 14:13:00,2012,2012-JUL,3.58,component,lmprs,
Dec,2012,,Southwest,126.0,3.65,Producer Milk Components,AMS_3462,3462,Dairy FMMOS,DY-NA,Washington,DC,"Washington, DC",Washington,DC,FMMOS,FMMOS - non-mars,03/30/2021 14:13:00,2012,2012-JUL,3.52,component,lmprs,
Dec,2013,,Southwest,126.0,3.69,Producer Milk Components,AMS_3462,3462,Dairy FMMOS,DY-NA,Washington,DC,"Washington, DC",Washington,DC,FMMOS,FMMOS - non-mars,03/30/2021 14:13:00,2013,2013-JUL,3.50,component,lmprs,
Dec,2013,,Upper Midwest,30.0,3.81,Producer Milk Components,AMS_3462,3462,Dairy FMMOS,DY-NA,Washington,DC,"Washington, DC",Washington,DC,FMMOS,FMMOS - non-mars,03/30/2021 14:13:00,2013,2013-JUL,3.66,component,lmprs,
Dec,2013,,Southeast,7.0,3.72,Producer Milk Components,AMS_3462,3462,Dairy FMMOS,DY-NA,Washington,DC,"Washington, DC",Washington,DC,FMMOS,FMMOS - non-mars,03/30/2021 14:13:00,2013,2013-JUL,3.59,component,lmprs,
Dec,2013,,Pacific Northwest,124.0,3.88,Producer Milk Components,AMS_3462,3462,Dairy FMMOS,DY-NA,Washington,DC,"Washington, DC",Washington,DC,FMMOS,FMMOS - non-mars,03/30/2021 14:13:00,2013,2013-JUL,3.72,component,lmprs,
Dec,2013,,Mideast,33.0,3.76,Producer Milk Components,AMS_3462,3462,Dairy FMMOS,DY-NA,Washington,DC,"Washington, DC",Washington,DC,FMMOS,FMMOS - non-mars,03/30/2021 14:13:00,2013,2013-JUL,3.60,component,lmprs,
Dec,2013,,Northeast,1.0,3.76,Producer Milk Components,AMS_3462,3462,Dairy FMMOS,DY-NA,Washington,DC,"Washington, DC",Washington,DC,FMMOS,FMMOS - non-mars,03/30/2021 14:13:00,2013,2013-JUL,3.60,component,lmprs,
Dec,2013,,Florida,6.0,3.64,Producer Milk Components,AMS_3462,3462,Dairy FMMOS,DY-NA,Washington,DC,"Washington, DC",Washington,DC,FMMOS,FMMOS - non-mars,03/30/2021 14:13:00,2013,2013-JUL,3.60,component,lmprs,
Dec,2013,,Central,32.0,3.75,Producer Milk Components,AMS_3462,3462,Dairy FMMOS,DY-NA,Washington,DC,"Washington, DC",Washington,DC,FMMOS,FMMOS - non-mars,03/30/2021 14:13:00,2013,2013-JUL,3.57,component,lmprs,
Dec,2013,,Arizona,131.0,3.52,Producer Milk Components,AMS_3462,3462,Dairy FMMOS,DY-NA,Washington,DC,"Washington, DC",Washington,DC,FMMOS,FMMOS - non-mars,03/30/2021 14:13:00,2013,2013-JUL,3.46,component,lmprs,
Dec,2013,,All Markets Combined,,3.76,Producer Milk Components,AMS_3462,3462,Dairy FMMOS,DY-NA,Washington,DC,"Washington, DC",Washington,DC,FMMOS,FMMOS - non-mars,03/30/2021 14:13:00,2013,2013-JUL,3.61,component,lmprs,
Dec,2013,,Appalachian,5.0,3.71,Producer Milk Components,AMS_3462,3462,Dairy FMMOS,DY-NA,Washington,DC,"Washington, DC",Washington,DC,FMMOS,FMMOS - non-mars,03/30/2021 14:13:00,2013,2013-JUL,3.59,component,lmprs,
Dec,2014,,Appalachian,5.0,3.65,Producer Milk Components,AMS_3462,3462,Dairy FMMOS,DY-NA,Washington,DC,"Washington, DC",Washington,DC,FMMOS,FMMOS - non-mars,03/30/2021 14:13:00,2014,2014-JUL,3.52,component,lmprs,
Dec,2014,,All Markets Combined,,3.74,Producer Milk Components,AMS_3462,3462,Dairy FMMOS,DY-NA,Washington,DC,"Washington, DC",Washington,DC,FMMOS,FMMOS - non-mars,03/30/2021 14:13:00,2014,2014-JUL,3.62,component,lmprs,
Dec,2014,,Arizona,131.0,3.47,Producer Milk Components,AMS_3462,3462,Dairy FMMOS,DY-NA,Washington,DC,"Washington, DC",Washington,DC,FMMOS,FMMOS - non-mars,03/30/2021 14:13:00,2014,2014-JUL,3.42,component,lmprs,
Dec,2014,,Central,32.0,3.73,Producer Milk Components,AMS_3462,3462,Dairy FMMOS,DY-NA,Washington,DC,"Washington, DC",Washington,DC,FMMOS,FMMOS - non-mars,03/30/2021 14:13:00,2014,2014-JUL,3.59,component,lmprs,
Dec,2014,,Florida,6.0,3.60,Producer Milk Components,AMS_3462,3462,Dairy FMMOS,DY-NA,Washington,DC,"Washington, DC",Washington,DC,FMMOS,FMMOS - non-mars,03/30/2021 14:13:00,2014,2014-JUL,3.56,component,lmprs,
Dec,2014,,Northeast,1.0,3.78,Producer Milk Components,AMS_3462,3462,Dairy FMMOS,DY-NA,Washington,DC,"Washington, DC",Washington,DC,FMMOS,FMMOS - non-mars,03/30/2021 14:13:00,2014,2014-JUL,3.63,component,lmprs,
Dec,2014,,Mideast,33.0,3.75,Producer Milk Components,AMS_3462,3462,Dairy FMMOS,DY-NA,Washington,DC,"Washington, DC",Washington,DC,FMMOS,FMMOS - non-mars,03/30/2021 14:13:00,2014,2014-JUL,3.59,component,lmprs,
Dec,2014,,Pacific Northwest,124.0,3.88,Producer Milk Components,AMS_3462,3462,Dairy FMMOS,DY-NA,Washington,DC,"Washington, DC",Washington,DC,FMMOS,FMMOS - non-mars,03/30/2021 14:13:00,2014,2014-JUL,3.79,component,lmprs,
Dec,2014,,Southeast,7.0,3.66,Producer Milk Components,AMS_3462,3462,Dairy FMMOS,DY-NA,Washington,DC,"Washington, DC",Washington,DC,FMMOS,FMMOS - non-mars,03/30/2021 14:13:00,2014,2014-JUL,3.54,component,lmprs,
Dec,2014,,Upper Midwest,30.0,3.80,Producer Milk Components,AMS_3462,3462,Dairy FMMOS,DY-NA,Washington,DC,"Washington, DC",Washington,DC,FMMOS,FMMOS - non-mars,03/30/2021 14:13:00,2014,2014-JUL,3.68,component,lmprs,
Dec,2014,,Southwest,126.0,3.67,Producer Milk Components,AMS_3462,3462,Dairy FMMOS,DY-NA,Washington,DC,"Washington, DC",Washington,DC,FMMOS,FMMOS - non-mars,03/30/2021 14:13:00,2014,2014-JUL,3.53,component,lmprs,
Dec,2015,,Southwest,126.0,3.73,Producer Milk Components,AMS_3462,3462,Dairy FMMOS,DY-NA,Washington,DC,"Washington, DC",Washington,DC,FMMOS,FMMOS - non-mars,03/30/2021 14:12:00,2015,2015-JUL,3.61,component,lmprs,
Dec,2015,,Upper Midwest,30.0,3.80,Producer Milk Components,AMS_3462,3462,Dairy FMMOS,DY-NA,Washington,DC,"Washington, DC",Washington,DC,FMMOS,FMMOS - non-mars,03/30/2021 14:12:00,2015,2015-JUL,3.65,component,lmprs,
Dec,2015,,Southeast,7.0,3.68,Producer Milk Components,AMS_3462,3462,Dairy FMMOS,DY-NA,Washington,DC,"Washington, DC",Washington,DC,FMMOS,FMMOS - non-mars,03/30/2021 14:12:00,2015,2015-JUL,3.55,component,lmprs,
Dec,2015,,Pacific Northwest,124.0,3.92,Producer Milk Components,AMS_3462,3462,Dairy FMMOS,DY-NA,Washington,DC,"Washington, DC",Washington,DC,FMMOS,FMMOS - non-mars,03/30/2021 14:12:00,2015,2015-JUL,3.74,component,lmprs,
Dec,2015,,Mideast,33.0,3.72,Producer Milk Components,AMS_3462,3462,Dairy FMMOS,DY-NA,Washington,DC,"Washington, DC",Washington,DC,FMMOS,FMMOS - non-mars,03/30/2021 14:12:00,2015,2015-JUL,3.58,component,lmprs,
Dec,2015,,Northeast,1.0,3.78,Producer Milk Components,AMS_3462,3462,Dairy FMMOS,DY-NA,Washington,DC,"Washington, DC",Washington,DC,FMMOS,FMMOS - non-mars,03/30/2021 14:12:00,2015,2015-JUL,3.65,component,lmprs,
Dec,2015,,Florida,6.0,3.60,Producer Milk Components,AMS_3462,3462,Dairy FMMOS,DY-NA,Washington,DC,"Washington, DC",Washington,DC,FMMOS,FMMOS - non-mars,03/30/2021 14:12:00,2015,2015-JUL,3.60,component,lmprs,
Dec,2015,,Central,32.0,3.76,Producer Milk Components,AMS_3462,3462,Dairy FMMOS,DY-NA,Washington,DC,"Washington, DC",Washington,DC,FMMOS,FMMOS - non-mars,03/30/2021 14:12:00,2015,2015-JUL,3.58,component,lmprs,
Dec,2015,,Arizona,131.0,3.47,Producer Milk Components,AMS_3462,3462,Dairy FMMOS,DY-NA,Washington,DC,"Washington, DC",Washington,DC,FMMOS,FMMOS - non-mars,03/30/2021 14:12:00,2015,2015-JUL,3.37,component,lmprs,
Dec,2015,,All Markets Combined,,3.75,Producer Milk Components,AMS_3462,3462,Dairy FMMOS,DY-NA,Washington,DC,"Washington, DC",Washington,DC,FMMOS,FMMOS - non-mars,03/30/2021 14:12:00,2015,2015-JUL,3.61,component,lmprs,
Dec,2015,,Appalachian,5.0,3.67,Producer Milk Components,AMS_3462,3462,Dairy FMMOS,DY-NA,Washington,DC,"Washington, DC",Washington,DC,FMMOS,FMMOS - non-mars,03/30/2021 14:12:00,2015,2015-JUL,3.53,component,lmprs,
Dec,2016,,Appalachian,5.0,3.71,Producer Milk Components,AMS_3462,3462,Dairy FMMOS,DY-NA,Washington,DC,"Washington, DC",Washington,DC,FMMOS,FMMOS - non-mars,03/30/2021 14:12:00,2016,2016-JUL,3.57,component,lmprs,
Dec,2016,,All Markets Combined,,3.77,Producer Milk Components,AMS_3462,3462,Dairy FMMOS,DY-NA,Washington,DC,"Washington, DC",Washington,DC,FMMOS,FMMOS - non-mars,03/30/2021 14:12:00,2016,2016-JUL,3.64,component,lmprs,
Dec,2016,,Arizona,131.0,3.54,Producer Milk Components,AMS_3462,3462,Dairy FMMOS,DY-NA,Washington,DC,"Washington, DC",Washington,DC,FMMOS,FMMOS - non-mars,03/30/2021 14:12:00,2016,2016-JUL,3.46,component,lmprs,
Dec,2016,,Central,32.0,3.76,Producer Milk Components,AMS_3462,3462,Dairy FMMOS,DY-NA,Washington,DC,"Washington, DC",Washington,DC,FMMOS,FMMOS - non-mars,03/30/2021 14:12:00,2016,2016-JUL,3.62,component,lmprs,
Dec,2016,,Florida,6.0,3.62,Producer Milk Components,AMS_3462,3462,Dairy FMMOS,DY-NA,Washington,DC,"Washington, DC",Washington,DC,FMMOS,FMMOS - non-mars,03/30/2021 14:12:00,2016,2016-JUL,3.57,component,lmprs,
Dec,2016,,Northeast,1.0,3.81,Producer Milk Components,AMS_3462,3462,Dairy FMMOS,DY-NA,Washington,DC,"Washington, DC",Washington,DC,FMMOS,FMMOS - non-mars,03/30/2021 14:12:00,2016,2016-JUL,3.66,component,lmprs,
Dec,2016,,Mideast,33.0,3.73,Producer Milk Components,AMS_3462,3462,Dairy FMMOS,DY-NA,Washington,DC,"Washington, DC",Washington,DC,FMMOS,FMMOS - non-mars,03/30/2021 14:12:00,2016,2016-JUL,3.58,component,lmprs,
Dec,2016,,Pacific Northwest,124.0,3.95,Producer Milk Components,AMS_3462,3462,Dairy FMMOS,DY-NA,Washington,DC,"Washington, DC",Washington,DC,FMMOS,FMMOS - non-mars,03/30/2021 14:12:00,2016,2016-JUL,3.87,component,lmprs,
Dec,2016,,Southeast,7.0,3.69,Producer Milk Components,AMS_3462,3462,Dairy FMMOS,DY-NA,Washington,DC,"Washington, DC",Washington,DC,FMMOS,FMMOS - non-mars,03/30/2021 14:12:00,2016,2016-JUL,3.58,component,lmprs,
Dec,2016,,Upper Midwest,30.0,3.82,Producer Milk Components,AMS_3462,3462,Dairy FMMOS,DY-NA,Washington,DC,"Washington, DC",Washington,DC,FMMOS,FMMOS - non-mars,03/30/2021 14:12:00,2016,2016-JUL,3.67,component,lmprs,
Dec,2016,,Southwest,126.0,3.75,Producer Milk Components,AMS_3462,3462,Dairy FMMOS,DY-NA,Washington,DC,"Washington, DC",Washington,DC,FMMOS,FMMOS - non-mars,03/30/2021 14:12:00,2016,2016-JUL,3.59,component,lmprs,
Dec,2017,,Southwest,126.0,3.86,Producer Milk Components,AMS_3462,3462,Dairy FMMOS,DY-NA,Washington,DC,"Washington, DC",Washington,DC,FMMOS,FMMOS - non-mars,03/30/2021 14:11:00,2017,2017-JUL,3.71,component,lmprs,
Dec,2017,,Upper Midwest,30.0,3.84,Producer Milk Components,AMS_3462,3462,Dairy FMMOS,DY-NA,Washington,DC,"Washington, DC",Washington,DC,FMMOS,FMMOS - non-mars,03/30/2021 14:11:00,2017,2017-JUL,3.70,component,lmprs,
Dec,2017,,Southeast,7.0,3.74,Producer Milk Components,AMS_3462,3462,Dairy FMMOS,DY-NA,Washington,DC,"Washington, DC",Washington,DC,FMMOS,FMMOS - non-mars,03/30/2021 14:11:00,2017,2017-JUL,3.66,component,lmprs,
Dec,2017,,Pacific Northwest,124.0,3.99,Producer Milk Components,AMS_3462,3462,Dairy FMMOS,DY-NA,Washington,DC,"Washington, DC",Washington,DC,FMMOS,FMMOS - non-mars,03/30/2021 14:11:00,2017,2017-JUL,3.90,component,lmprs,
Dec,2017,,Mideast,33.0,3.78,Producer Milk Components,AMS_3462,3462,Dairy FMMOS,DY-NA,Washington,DC,"Washington, DC",Washington,DC,FMMOS,FMMOS - non-mars,03/30/2021 14:11:00,2017,2017-JUL,3.64,component,lmprs,
Dec,2017,,Northeast,1.0,3.85,Producer Milk Components,AMS_3462,3462,Dairy FMMOS,DY-NA,Washington,DC,"Washington, DC",Washington,DC,FMMOS,FMMOS - non-mars,03/30/2021 14:11:00,2017,2017-JUL,3.72,component,lmprs,
Dec,2017,,Florida,6.0,3.69,Producer Milk Components,AMS_3462,3462,Dairy FMMOS,DY-NA,Washington,DC,"Washington, DC",Washington,DC,FMMOS,FMMOS - non-mars,03/30/2021 14:11:00,2017,2017-JUL,3.66,component,lmprs,
Dec,2017,,Central,32.0,3.82,Producer Milk Components,AMS_3462,3462,Dairy FMMOS,DY-NA,Washington,DC,"Washington, DC",Washington,DC,FMMOS,FMMOS - non-mars,03/30/2021 14:11:00,2017,2017-JUL,3.70,component,lmprs,
Dec,2017,,Arizona,131.0,3.62,Producer Milk Components,AMS_3462,3462,Dairy FMMOS,DY-NA,Washington,DC,"Washington, DC",Washington,DC,FMMOS,FMMOS - non-mars,03/30/2021 14:11:00,2017,2017-JUL,3.58,component,lmprs,
Dec,2017,,All Markets Combined,,3.82,Producer Milk Components,AMS_3462,3462,Dairy FMMOS,DY-NA,Washington,DC,"Washington, DC",Washington,DC,FMMOS,FMMOS - non-mars,03/30/2021 14:11:00,2017,2017-JUL,3.70,component,lmprs,
Dec,2017,,Appalachian,5.0,3.76,Producer Milk Components,AMS_3462,3462,Dairy FMMOS,DY-NA,Washington,DC,"Washington, DC",Washington,DC,FMMOS,FMMOS - non-mars,03/30/2021 14:11:00,2017,2017-JUL,3.63,component,lmprs,
Dec,2018,,Appalachian,5.0,3.79,Producer Milk Components,AMS_3462,3462,Dairy FMMOS,DY-NA,Washington,DC,"Washington, DC",Washington,DC,FMMOS,FMMOS - non-mars,03/30/2021 14:09:00,2018,2018-JUL,3.64,component,lmprs,
Dec,2018,,All Markets Combined,,3.88,Producer Milk Components,AMS_3462,3462,Dairy FMMOS,DY-NA,Washington,DC,"Washington, DC",Washington,DC,FMMOS,FMMOS - non-mars,03/30/2021 14:09:00,2018,2018-JUL,3.72,component,lmprs,
Dec,2018,,Arizona,131.0,3.66,Producer Milk Components,AMS_3462,3462,Dairy FMMOS,DY-NA,Washington,DC,"Washington, DC",Washington,DC,FMMOS,FMMOS - non-mars,03/30/2021 14:09:00,2018,2018-JUL,3.60,component,lmprs,
Dec,2018,,Central,32.0,3.89,Producer Milk Components,AMS_3462,3462,Dairy FMMOS,DY-NA,Washington,DC,"Washington, DC",Washington,DC,FMMOS,FMMOS - non-mars,03/30/2021 14:09:00,2018,2018-JUL,3.72,component,lmprs,
Dec,2018,,California,51.0,4.01,Producer Milk Components,AMS_3462,3462,Dairy FMMOS,DY-NA,Washington,DC,"Washington, DC",Washington,DC,FMMOS,FMMOS - non-mars,03/30/2021 14:09:00,2018,2018-JUL,,component,lmprs,
Dec,2018,,Florida,6.0,3.68,Producer Milk Components,AMS_3462,3462,Dairy FMMOS,DY-NA,Washington,DC,"Washington, DC",Washington,DC,FMMOS,FMMOS - non-mars,03/30/2021 14:09:00,2018,2018-JUL,3.65,component,lmprs,
Dec,2018,,Northeast,1.0,3.86,Producer Milk Components,AMS_3462,3462,Dairy FMMOS,DY-NA,Washington,DC,"Washington, DC",Washington,DC,FMMOS,FMMOS - non-mars,03/30/2021 14:09:00,2018,2018-JUL,3.70,component,lmprs,
Dec,2018,,Mideast,33.0,3.84,Producer Milk Components,AMS_3462,3462,Dairy FMMOS,DY-NA,Washington,DC,"Washington, DC",Washington,DC,FMMOS,FMMOS - non-mars,03/30/2021 14:09:00,2018,2018-JUL,3.68,component,lmprs,
Dec,2018,,Pacific Northwest,124.0,4.07,Producer Milk Components,AMS_3462,3462,Dairy FMMOS,DY-NA,Washington,DC,"Washington, DC",Washington,DC,FMMOS,FMMOS - non-mars,03/30/2021 14:09:00,2018,2018-JUL,3.94,component,lmprs,
Dec,2018,,Southeast,7.0,3.80,Producer Milk Components,AMS_3462,3462,Dairy FMMOS,DY-NA,Washington,DC,"Washington, DC",Washington,DC,FMMOS,FMMOS - non-mars,03/30/2021 14:09:00,2018,2018-JUL,3.67,component,lmprs,
Dec,2018,,Upper Midwest,30.0,3.92,Producer Milk Components,AMS_3462,3462,Dairy FMMOS,DY-NA,Washington,DC,"Washington, DC",Washington,DC,FMMOS,FMMOS - non-mars,03/30/2021 14:09:00,2018,2018-JUL,3.75,component,lmprs,
Dec,2018,,Southwest,126.0,3.94,Producer Milk Components,AMS_3462,3462,Dairy FMMOS,DY-NA,Washington,DC,"Washington, DC",Washington,DC,FMMOS,FMMOS - non-mars,03/30/2021 14:09:00,2018,2018-JUL,3.76,component,lmprs,
Dec,2019,,Upper Midwest,30.0,3.93,Producer Milk Components,AMS_3462,3462,Dairy FMMOS,DY-NA,Washington,DC,"Washington, DC",Washington,DC,FMMOS,FMMOS - non-mars,03/30/2021 14:09:00,2019,2019-JUL,3.76,component,lmprs,
Dec,2019,,Southeast,7.0,3.80,Producer Milk Components,AMS_3462,3462,Dairy FMMOS,DY-NA,Washington,DC,"Washington, DC",Washington,DC,FMMOS,FMMOS - non-mars,03/30/2021 14:09:00,2019,2019-JUL,3.68,component,lmprs,
Dec,2019,,Southwest,126.0,3.99,Producer Milk Components,AMS_3462,3462,Dairy FMMOS,DY-NA,Washington,DC,"Washington, DC",Washington,DC,FMMOS,FMMOS - non-mars,03/30/2021 14:09:00,2019,2019-JUL,3.81,component,lmprs,
Dec,2019,,Pacific Northwest,124.0,4.08,Producer Milk Components,AMS_3462,3462,Dairy FMMOS,DY-NA,Washington,DC,"Washington, DC",Washington,DC,FMMOS,FMMOS - non-mars,03/30/2021 14:09:00,2019,2019-JUL,3.94,component,lmprs,
Dec,2019,,Northeast,1.0,3.89,Producer Milk Components,AMS_3462,3462,Dairy FMMOS,DY-NA,Washington,DC,"Washington, DC",Washington,DC,FMMOS,FMMOS - non-mars,03/30/2021 14:09:00,2019,2019-JUL,3.73,component,lmprs,
Dec,2019,,Florida,6.0,3.66,Producer Milk Components,AMS_3462,3462,Dairy FMMOS,DY-NA,Washington,DC,"Washington, DC",Washington,DC,FMMOS,FMMOS - non-mars,03/30/2021 14:09:00,2019,2019-JUL,3.62,component,lmprs,
Dec,2019,,Mideast,33.0,3.86,Producer Milk Components,AMS_3462,3462,Dairy FMMOS,DY-NA,Washington,DC,"Washington, DC",Washington,DC,FMMOS,FMMOS - non-mars,03/30/2021 14:09:00,2019,2019-JUL,3.70,component,lmprs,
Dec,2019,,California,51.0,3.86,Producer Milk Components,AMS_3462,3462,Dairy FMMOS,DY-NA,Washington,DC,"Washington, DC",Washington,DC,FMMOS,FMMOS - non-mars,03/30/2021 14:09:00,2019,2019-JUL,3.69,component,lmprs,
Dec,2019,,Central,32.0,3.92,Producer Milk Components,AMS_3462,3462,Dairy FMMOS,DY-NA,Washington,DC,"Washington, DC",Washington,DC,FMMOS,FMMOS - non-mars,03/30/2021 14:09:00,2019,2019-JUL,3.76,component,lmprs,
Dec,2019,,Arizona,131.0,3.74,Producer Milk Components,AMS_3462,3462,Dairy FMMOS,DY-NA,Washington,DC,"Washington, DC",Washington,DC,FMMOS,FMMOS - non-mars,03/30/2021 14:09:00,2019,2019-JUL,3.69,component,lmprs,
Dec,2019,,All Markets Combined,,3.90,Producer Milk Components,AMS_3462,3462,Dairy FMMOS,DY-NA,Washington,DC,"Washington, DC",Washington,DC,FMMOS,FMMOS - non-mars,03/30/2021 14:09:00,2019,2019-JUL,3.74,component,lmprs,
Dec,2019,,Appalachian,5.0,3.80,Producer Milk Components,AMS_3462,3462,Dairy FMMOS,DY-NA,Washington,DC,"Washington, DC",Washington,DC,FMMOS,FMMOS - non-mars,03/30/2021 14:09:00,2019,2019-JUL,3.65,component,lmprs,
Dec,2020,,Appalachian,5.0,3.86,Producer Milk Components,AMS_3462,3462,Dairy FMMOS,DY-NA,Washington,DC,"Washington, DC",Washington,DC,FMMOS,FMMOS - non-mars,02/23/2021 09:39:00,2020,2020-JUL,3.73,component,lmprs,
Dec,2020,,All Markets Combined,,3.92,Producer Milk Components,AMS_3462,3462,Dairy FMMOS,DY-NA,Washington,DC,"Washington, DC",Washington,DC,FMMOS,FMMOS - non-mars,02/23/2021 09:39:00,2020,2020-JUL,3.76,component,lmprs,
Dec,2020,,Arizona,131.0,3.75,Producer Milk Components,AMS_3462,3462,Dairy FMMOS,DY-NA,Washington,DC,"Washington, DC",Washington,DC,FMMOS,FMMOS - non-mars,02/23/2021 09:39:00,2020,2020-JUL,3.61,component,lmprs,
Dec,2020,,Central,32.0,3.93,Producer Milk Components,AMS_3462,3462,Dairy FMMOS,DY-NA,Washington,DC,"Washington, DC",Washington,DC,FMMOS,FMMOS - non-mars,02/23/2021 09:39:00,2020,2020-JUL,3.71,component,lmprs,
Dec,2020,,California,51.0,3.87,Producer Milk Components,AMS_3462,3462,Dairy FMMOS,DY-NA,Washington,DC,"Washington, DC",Washington,DC,FMMOS,FMMOS - non-mars,02/23/2021 09:39:00,2020,2020-JUL,3.75,component,lmprs,
Dec,2020,,Mideast,33.0,3.89,Producer Milk Components,AMS_3462,3462,Dairy FMMOS,DY-NA,Washington,DC,"Washington, DC",Washington,DC,FMMOS,FMMOS - non-mars,02/23/2021 09:39:00,2020,2020-JUL,3.69,component,lmprs,
Dec,2020,,Florida,6.0,3.70,Producer Milk Components,AMS_3462,3462,Dairy FMMOS,DY-NA,Washington,DC,"Washington, DC",Washington,DC,FMMOS,FMMOS - non-mars,02/23/2021 09:39:00,2020,2020-JUL,3.67,component,lmprs,
Dec,2020,,Northeast,1.0,3.92,Producer Milk Components,AMS_3462,3462,Dairy FMMOS,DY-NA,Washington,DC,"Washington, DC",Washington,DC,FMMOS,FMMOS - non-mars,02/23/2021 09:39:00,2020,2020-JUL,3.76,component,lmprs,
Dec,2020,,Pacific Northwest,124.0,4.07,Producer Milk Components,AMS_3462,3462,Dairy FMMOS,DY-NA,Washington,DC,"Washington, DC",Washington,DC,FMMOS,FMMOS - non-mars,02/23/2021 09:39:00,2020,2020-JUL,3.88,component,lmprs,
Dec,2020,,Southwest,126.0,4.07,Producer Milk Components,AMS_3462,3462,Dairy FMMOS,DY-NA,Washington,DC,"Washington, DC",Washington,DC,FMMOS,FMMOS - non-mars,02/23/2021 09:39:00,2020,2020-JUL,3.94,component,lmprs,
Dec,2020,,Southeast,7.0,3.84,Producer Milk Components,AMS_3462,3462,Dairy FMMOS,DY-NA,Washington,DC,"Washington, DC",Washington,DC,FMMOS,FMMOS - non-mars,02/23/2021 09:39:00,2020,2020-JUL,3.70,component,lmprs,
Dec,2020,,Upper Midwest,30.0,3.96,Producer Milk Components,AMS_3462,3462,Dairy FMMOS,DY-NA,Washington,DC,"Washington, DC",Washington,DC,FMMOS,FMMOS - non-mars,02/23/2021 09:39:00,2020,2020-JUL,3.76,component,lmprs,
Dec,2021,,Southwest,126.0,4.13,Producer Milk Components,AMS_3462,3462,Dairy FMMOS,DY-NA,Washington,DC,"Washington, DC",Washington,DC,FMMOS,FMMOS - non-mars,01/31/2022 07:17:00,2021,2021-JUL,3.92,component,lmprs,
Dec,2021,,Pacific Northwest,124.0,4.11,Producer Milk Components,AMS_3462,3462,Dairy FMMOS,DY-NA,Washington,DC,"Washington, DC",Washington,DC,FMMOS,FMMOS - non-mars,01/31/2022 07:17:00,2021,2021-JUL,3.99,component,lmprs,
Dec,2021,,Southeast,7.0,3.88,Producer Milk Components,AMS_3462,3462,Dairy FMMOS,DY-NA,Washington,DC,"Washington, DC",Washington,DC,FMMOS,FMMOS - non-mars,01/31/2022 07:17:00,2021,2021-JUL,3.71,component,lmprs,
Dec,2021,,Northeast,1.0,3.99,Producer Milk Components,AMS_3462,3462,Dairy FMMOS,DY-NA,Washington,DC,"Washington, DC",Washington,DC,FMMOS,FMMOS - non-mars,01/31/2022 07:17:00,2021,2021-JUL,3.84,component,lmprs,
Dec,2021,,Mideast,33.0,3.93,Producer Milk Components,AMS_3462,3462,Dairy FMMOS,DY-NA,Washington,DC,"Washington, DC",Washington,DC,FMMOS,FMMOS - non-mars,01/31/2022 07:17:00,2021,2021-JUL,3.79,component,lmprs,
Dec,2021,,Central,32.0,3.98,Producer Milk Components,AMS_3462,3462,Dairy FMMOS,DY-NA,Washington,DC,"Washington, DC",Washington,DC,FMMOS,FMMOS - non-mars,01/31/2022 07:17:00,2021,2021-JUL,3.78,component,lmprs,
Dec,2021,,Florida,6.0,3.66,Producer Milk Components,AMS_3462,3462,Dairy FMMOS,DY-NA,Washington,DC,"Washington, DC",Washington,DC,FMMOS,FMMOS - non-mars,01/31/2022 07:17:00,2021,2021-JUL,3.61,component,lmprs,
Dec,2021,,California,51.0,3.92,Producer Milk Components,AMS_3462,3462,Dairy FMMOS,DY-NA,Washington,DC,"Washington, DC",Washington,DC,FMMOS,FMMOS - non-mars,01/31/2022 07:17:00,2021,2021-JUL,3.76,component,lmprs,
Dec,2021,,Arizona,131.0,3.77,Producer Milk Components,AMS_3462,3462,Dairy FMMOS,DY-NA,Washington,DC,"Washington, DC",Washington,DC,FMMOS,FMMOS - non-mars,01/31/2022 07:17:00,2021,2021-JUL,3.74,component,lmprs,
Dec,2021,,Appalachian,5.0,3.84,Producer Milk Components,AMS_3462,3462,Dairy FMMOS,DY-NA,Washington,DC,"Washington, DC",Washington,DC,FMMOS,FMMOS - non-mars,01/31/2022 07:17:00,2021,2021-JUL,3.70,component,lmprs,
Dec,2021,,All Markets Combined,,3.97,Producer Milk Components,AMS_3462,3462,Dairy FMMOS,DY-NA,Washington,DC,"Washington, DC",Washington,DC,FMMOS,FMMOS - non-mars,01/31/2022 07:17:00,2021,2021-JUL,3.82,component,lmprs,
Dec,2021,,Upper Midwest,30.0,4.03,Producer Milk Components,AMS_3462,3462,Dairy FMMOS,DY-NA,Washington,DC,"Washington, DC",Washington,DC,FMMOS,FMMOS - non-mars,01/31/2022 07:17:00,2021,2021-JUL,3.89,component,lmprs,
Dec,2022,,Upper Midwest,30.0,4.12,Producer Milk Components,AMS_3462,3462,Dairy FMMOS,DY-NA,Washington,DC,"Washington, DC",Washington,DC,FMMOS,FMMOS - non-mars,01/30/2023 07:36:00,2022,2022-JUL,3.92,component,lmprs,
Dec,2022,,All Markets Combined,,4.06,Producer Milk Components,AMS_3462,3462,Dairy FMMOS,DY-NA,Washington,DC,"Washington, DC",Washington,DC,FMMOS,FMMOS - non-mars,01/30/2023 07:36:00,2022,2022-JUL,3.89,component,lmprs,
Dec,2022,,Appalachian,5.0,3.91,Producer Milk Components,AMS_3462,3462,Dairy FMMOS,DY-NA,Washington,DC,"Washington, DC",Washington,DC,FMMOS,FMMOS - non-mars,01/30/2023 07:36:00,2022,2022-JUL,3.75,component,lmprs,
Dec,2022,,Arizona,131.0,3.81,Producer Milk Components,AMS_3462,3462,Dairy FMMOS,DY-NA,Washington,DC,"Washington, DC",Washington,DC,FMMOS,FMMOS - non-mars,01/30/2023 07:36:00,2022,2022-JUL,3.73,component,lmprs,
Dec,2022,,California,51.0,4.05,Producer Milk Components,AMS_3462,3462,Dairy FMMOS,DY-NA,Washington,DC,"Washington, DC",Washington,DC,FMMOS,FMMOS - non-mars,01/30/2023 07:36:00,2022,2022-JUL,3.89,component,lmprs,
Dec,2022,,Florida,6.0,3.70,Producer Milk Components,AMS_3462,3462,Dairy FMMOS,DY-NA,Washington,DC,"Washington, DC",Washington,DC,FMMOS,FMMOS - non-mars,01/30/2023 07:36:00,2022,2022-JUL,3.65,component,lmprs,
Dec,2022,,Central,32.0,4.06,Producer Milk Components,AMS_3462,3462,Dairy FMMOS,DY-NA,Washington,DC,"Washington, DC",Washington,DC,FMMOS,FMMOS - non-mars,01/30/2023 07:36:00,2022,2022-JUL,3.85,component,lmprs,
Dec,2022,,Mideast,33.0,4.02,Producer Milk Components,AMS_3462,3462,Dairy FMMOS,DY-NA,Washington,DC,"Washington, DC",Washington,DC,FMMOS,FMMOS - non-mars,01/30/2023 07:36:00,2022,2022-JUL,3.84,component,lmprs,
Dec,2022,,Northeast,1.0,4.03,Producer Milk Components,AMS_3462,3462,Dairy FMMOS,DY-NA,Washington,DC,"Washington, DC",Washington,DC,FMMOS,FMMOS - non-mars,01/30/2023 07:36:00,2022,2022-JUL,3.89,component,lmprs,
Dec,2022,,Southeast,7.0,3.96,Producer Milk Components,AMS_3462,3462,Dairy FMMOS,DY-NA,Washington,DC,"Washington, DC",Washington,DC,FMMOS,FMMOS - non-mars,01/30/2023 07:36:00,2022,2022-JUL,3.78,component,lmprs,
Dec,2022,,Pacific Northwest,124.0,4.30,Producer Milk Components,AMS_3462,3462,Dairy FMMOS,DY-NA,Washington,DC,"Washington, DC",Washington,DC,FMMOS,FMMOS - non-mars,01/30/2023 07:36:00,2022,2022-JUL,4.12,component,lmprs,
Dec,2022,,Southwest,126.0,4.13,Producer Milk Components,AMS_3462,3462,Dairy FMMOS,DY-NA,Washington,DC,"Washington, DC",Washington,DC,FMMOS,FMMOS - non-mars,01/30/2023 07:36:00,2022,2022-JUL,3.94,component,lmprs,
Dec,2023,,Southwest,126.0,4.12,Producer Milk Components,AMS_3462,3462,Dairy FMMOS,DY-NA,Washington,DC,"Washington, DC",Washington,DC,FMMOS,FMMOS - non-mars,01/30/2024 09:42:00,2023,2023-JUL,3.93,component,lmprs,
Dec,2023,,Pacific Northwest,124.0,4.32,Producer Milk Components,AMS_3462,3462,Dairy FMMOS,DY-NA,Washington,DC,"Washington, DC",Washington,DC,FMMOS,FMMOS - non-mars,01/30/2024 09:42:00,2023,2023-JUL,4.12,component,lmprs,
Dec,2023,,Southeast,7.0,4.01,Producer Milk Components,AMS_3462,3462,Dairy FMMOS,DY-NA,Washington,DC,"Washington, DC",Washington,DC,FMMOS,FMMOS - non-mars,01/30/2024 09:42:00,2023,2023-JUL,3.87,component,lmprs,
Dec,2023,,Northeast,1.0,4.12,Producer Milk Components,AMS_3462,3462,Dairy FMMOS,DY-NA,Washington,DC,"Washington, DC",Washington,DC,FMMOS,FMMOS - non-mars,01/30/2024 09:42:00,2023,2023-JUL,3.94,component,lmprs,
Dec,2023,,Mideast,33.0,4.06,Producer Milk Components,AMS_3462,3462,Dairy FMMOS,DY-NA,Washington,DC,"Washington, DC",Washington,DC,FMMOS,FMMOS - non-mars,01/30/2024 09:42:00,2023,2023-JUL,3.91,component,lmprs,
Dec,2023,,Central,32.0,4.11,Producer Milk Components,AMS_3462,3462,Dairy FMMOS,DY-NA,Washington,DC,"Washington, DC",Washington,DC,FMMOS,FMMOS - non-mars,01/30/2024 09:42:00,2023,2023-JUL,3.93,component,lmprs,
Dec,2023,,Florida,6.0,3.82,Producer Milk Components,AMS_3462,3462,Dairy FMMOS,DY-NA,Washington,DC,"Washington, DC",Washington,DC,FMMOS,FMMOS - non-mars,01/30/2024 09:42:00,2023,2023-JUL,3.74,component,lmprs,
Dec,2023,,California,51.0,4.12,Producer Milk Components,AMS_3462,3462,Dairy FMMOS,DY-NA,Washington,DC,"Washington, DC",Washington,DC,FMMOS,FMMOS - non-mars,01/30/2024 09:42:00,2023,2023-JUL,4.01,component,lmprs,
Dec,2023,,Arizona,131.0,3.88,Producer Milk Components,AMS_3462,3462,Dairy FMMOS,DY-NA,Washington,DC,"Washington, DC",Washington,DC,FMMOS,FMMOS - non-mars,01/30/2024 09:42:00,2023,2023-JUL,3.83,component,lmprs,
Dec,2023,,Appalachian,5.0,3.97,Producer Milk Components,AMS_3462,3462,Dairy FMMOS,DY-NA,Washington,DC,"Washington, DC",Washington,DC,FMMOS,FMMOS - non-mars,01/30/2024 09:42:00,2023,2023-JUL,3.83,component,lmprs,
Dec,2023,,All Markets Combined,,4.11,Producer Milk Components,AMS_3462,3462,Dairy FMMOS,DY-NA,Washington,DC,"Washington, DC",Washington,DC,FMMOS,FMMOS - non-mars,01/30/2024 09:42:00,2023,2023-JUL,3.95,component,lmprs,
Dec,2023,,Upper Midwest,30.0,4.17,Producer Milk Components,AMS_3462,3462,Dairy FMMOS,DY-NA,Washington,DC,"Washington, DC",Washington,DC,FMMOS,FMMOS - non-mars,01/30/2024 09:42:00,2023,2023-JUL,3.99,component,lmprs,
Dec,2024,,Upper Midwest,30.0,4.27,Producer Milk Components,AMS_3462,3462,Dairy FMMOS,DY-NA,Washington,DC,"Washington, DC",Washington,DC,FMMOS,FMMOS - non-mars,01/23/2025 09:07:00,2024,2024-JUL,4.13,component,lmprs,
Dec,2024,,All Markets Combined,,4.21,Producer Milk Components,AMS_3462,3462,Dairy FMMOS,DY-NA,Washington,DC,"Washington, DC",Washington,DC,FMMOS,FMMOS - non-mars,01/23/2025 09:07:00,2024,2024-JUL,4.05,component,lmprs,
Dec,2024,,Appalachian,5.0,4.06,Producer Milk Components,AMS_3462,3462,Dairy FMMOS,DY-NA,Washington,DC,"Washington, DC",Washington,DC,FMMOS,FMMOS - non-mars,01/23/2025 09:07:00,2024,2024-JUL,3.90,component,lmprs,
Dec,2024,,Arizona,131.0,4.07,Producer Milk Components,AMS_3462,3462,Dairy FMMOS,DY-NA,Washington,DC,"Washington, DC",Washington,DC,FMMOS,FMMOS - non-mars,01/23/2025 09:07:00,2024,2024-JUL,3.94,component,lmprs,
Dec,2024,,California,51.0,4.18,Producer Milk Components,AMS_3462,3462,Dairy FMMOS,DY-NA,Washington,DC,"Washington, DC",Washington,DC,FMMOS,FMMOS - non-mars,01/23/2025 09:07:00,2024,2024-JUL,4.05,component,lmprs,
Dec,2024,,Florida,6.0,3.92,Producer Milk Components,AMS_3462,3462,Dairy FMMOS,DY-NA,Washington,DC,"Washington, DC",Washington,DC,FMMOS,FMMOS - non-mars,01/23/2025 09:07:00,2024,2024-JUL,3.84,component,lmprs,
Dec,2024,,Central,32.0,4.19,Producer Milk Components,AMS_3462,3462,Dairy FMMOS,DY-NA,Washington,DC,"Washington, DC",Washington,DC,FMMOS,FMMOS - non-mars,01/23/2025 09:07:00,2024,2024-JUL,4.03,component,lmprs,
Dec,2024,,Mideast,33.0,4.17,Producer Milk Components,AMS_3462,3462,Dairy FMMOS,DY-NA,Washington,DC,"Washington, DC",Washington,DC,FMMOS,FMMOS - non-mars,01/23/2025 09:07:00,2024,2024-JUL,4.01,component,lmprs,
Dec,2024,,Northeast,1.0,4.22,Producer Milk Components,AMS_3462,3462,Dairy FMMOS,DY-NA,Washington,DC,"Washington, DC",Washington,DC,FMMOS,FMMOS - non-mars,01/23/2025 09:07:00,2024,2024-JUL,4.02,component,lmprs,
Dec,2024,,Southeast,7.0,4.11,Producer Milk Components,AMS_3462,3462,Dairy FMMOS,DY-NA,Washington,DC,"Washington, DC",Washington,DC,FMMOS,FMMOS - non-mars,01/23/2025 09:07:00,2024,2024-JUL,3.95,component,lmprs,
Dec,2024,,Pacific Northwest,124.0,4.39,Producer Milk Components,AMS_3462,3462,Dairy FMMOS,DY-NA,Washington,DC,"Washington, DC",Washington,DC,FMMOS,FMMOS - non-mars,01/23/2025 09:07:00,2024,2024-JUL,4.19,component,lmprs,
Dec,2024,,Southwest,126.0,4.24,Producer Milk Components,AMS_3462,3462,Dairy FMMOS,DY-NA,Washington,DC,"Washington, DC",Washington,DC,FMMOS,FMMOS - non-mars,01/23/2025 09:07:00,2024,2024-JUL,4.04,component,lmprs,
Dec,2025,,Southwest,126.0,4.38,Producer Milk Components,AMS_3462,3462,Dairy FMMOS,DY-NA,Washington,DC,"Washington, DC",Washington,DC,FMMOS,FMMOS - non-mars,01/21/2026 11:39:00,2025,2025-JUL,4.21,component,lmprs,
Dec,2025,,Pacific Northwest,124.0,4.45,Producer Milk Components,AMS_3462,3462,Dairy FMMOS,DY-NA,Washington,DC,"Washington, DC",Washington,DC,FMMOS,FMMOS - non-mars,01/21/2026 11:39:00,2025,2025-JUL,4.26,component,lmprs,
Dec,2025,,Southeast,7.0,4.19,Producer Milk Components,AMS_3462,3462,Dairy FMMOS,DY-NA,Washington,DC,"Washington, DC",Washington,DC,FMMOS,FMMOS - non-mars,01/21/2026 11:39:00,2025,2025-JUL,3.96,component,lmprs,
Dec,2025,,Northeast,1.0,4.33,Producer Milk Components,AMS_3462,3462,Dairy FMMOS,DY-NA,Washington,DC,"Washington, DC",Washington,DC,FMMOS,FMMOS - non-mars,01/21/2026 11:39:00,2025,2025-JUL,4.10,component,lmprs,
Dec,2025,,Mideast,33.0,4.30,Producer Milk Components,AMS_3462,3462,Dairy FMMOS,DY-NA,Washington,DC,"Washington, DC",Washington,DC,FMMOS,FMMOS - non-mars,01/21/2026 11:39:00,2025,2025-JUL,4.08,component,lmprs,
Dec,2025,,Central,32.0,4.25,Producer Milk Components,AMS_3462,3462,Dairy FMMOS,DY-NA,Washington,DC,"Washington, DC",Washington,DC,FMMOS,FMMOS - non-mars,01/21/2026 11:39:00,2025,2025-JUL,4.05,component,lmprs,
Dec,2025,,Florida,6.0,3.94,Producer Milk Components,AMS_3462,3462,Dairy FMMOS,DY-NA,Washington,DC,"Washington, DC",Washington,DC,FMMOS,FMMOS - non-mars,01/21/2026 11:39:00,2025,2025-JUL,3.80,component,lmprs,
Dec,2025,,California,51.0,4.22,Producer Milk Components,AMS_3462,3462,Dairy FMMOS,DY-NA,Washington,DC,"Washington, DC",Washington,DC,FMMOS,FMMOS - non-mars,01/21/2026 11:39:00,2025,2025-JUL,4.11,component,lmprs,
Dec,2025,,Arizona,131.0,4.10,Producer Milk Components,AMS_3462,3462,Dairy FMMOS,DY-NA,Washington,DC,"Washington, DC",Washington,DC,FMMOS,FMMOS - non-mars,01/21/2026 11:39:00,2025,2025-JUL,4.05,component,lmprs,
Dec,2025,,Appalachian,5.0,4.13,Producer Milk Components,AMS_3462,3462,Dairy FMMOS,DY-NA,Washington,DC,"Washington, DC",Washington,DC,FMMOS,FMMOS - non-mars,01/21/2026 11:39:00,2025,2025-JUL,3.94,component,lmprs,
Dec,2025,,All Markets Combined,,4.29,Producer Milk Components,AMS_3462,3462,Dairy FMMOS,DY-NA,Washington,DC,"Washington, DC",Washington,DC,FMMOS,FMMOS - non-mars,01/21/2026 11:39:00,2025,2025-JUL,4.10,component,lmprs,
Dec,2025,,Upper Midwest,30.0,4.33,Producer Milk Components,AMS_3462,3462,Dairy FMMOS,DY-NA,Washington,DC,"Washington, DC",Washington,DC,FMMOS,FMMOS - non-mars,01/21/2026 11:39:00,2025,2025-JUL,4.12,component,lmprs,
Mar,2026,,Upper Midwest,30.0,4.46,Producer Milk Components,AMS_3462,3462,Dairy FMMOS,DY-NA,Washington,DC,"Washington, DC",Washington,DC,FMMOS,FMMOS - non-mars,04/21/2026 05:48:00,2026,2026-JUL,,component,lmprs,
Mar,2026,,All Markets Combined,,4.42,Producer Milk Components,AMS_3462,3462,Dairy FMMOS,DY-NA,Washington,DC,"Washington, DC",Washington,DC,FMMOS,FMMOS - non-mars,04/21/2026 05:48:00,2026,2026-JUL,,component,lmprs,
Mar,2026,,Appalachian,5.0,4.23,Producer Milk Components,AMS_3462,3462,Dairy FMMOS,DY-NA,Washington,DC,"Washington, DC",Washington,DC,FMMOS,FMMOS - non-mars,04/21/2026 05:48:00,2026,2026-JUL,,component,lmprs,
Mar,2026,,Arizona,131.0,4.16,Producer Milk Components,AMS_3462,3462,Dairy FMMOS,DY-NA,Washington,DC,"Washington, DC",Washington,DC,FMMOS,FMMOS - non-mars,04/21/2026 05:48:00,2026,2026-JUL,,component,lmprs,
Mar,2026,,California,51.0,4.31,Producer Milk Components,AMS_3462,3462,Dairy FMMOS,DY-NA,Washington,DC,"Washington, DC",Washington,DC,FMMOS,FMMOS - non-mars,04/21/2026 05:48:00,2026,2026-JUL,,component,lmprs,
Mar,2026,,Florida,6.0,3.97,Producer Milk Components,AMS_3462,3462,Dairy FMMOS,DY-NA,Washington,DC,"Washington, DC",Washington,DC,FMMOS,FMMOS - non-mars,04/21/2026 05:48:00,2026,2026-JUL,,component,lmprs,
Mar,2026,,Central,32.0,4.36,Producer Milk Components,AMS_3462,3462,Dairy FMMOS,DY-NA,Washington,DC,"Washington, DC",Washington,DC,FMMOS,FMMOS - non-mars,04/21/2026 05:48:00,2026,2026-JUL,,component,lmprs,
Mar,2026,,Mideast,33.0,4.45,Producer Milk Components,AMS_3462,3462,Dairy FMMOS,DY-NA,Washington,DC,"Washington, DC",Washington,DC,FMMOS,FMMOS - non-mars,04/21/2026 05:48:00,2026,2026-JUL,,component,lmprs,
Mar,2026,,Northeast,1.0,4.53,Producer Milk Components,AMS_3462,3462,Dairy FMMOS,DY-NA,Washington,DC,"Washington, DC",Washington,DC,FMMOS,FMMOS - non-mars,04/21/2026 05:48:00,2026,2026-JUL,,component,lmprs,
Mar,2026,,Southeast,7.0,4.32,Producer Milk Components,AMS_3462,3462,Dairy FMMOS,DY-NA,Washington,DC,"Washington, DC",Washington,DC,FMMOS,FMMOS - non-mars,04/21/2026 05:48:00,2026,2026-JUL,,component,lmprs,
Mar,2026,,Pacific Northwest,124.0,4.56,Producer Milk Components,AMS_3462,3462,Dairy FMMOS,DY-NA,Washington,DC,"Washington, DC",Washington,DC,FMMOS,FMMOS - non-mars,04/21/2026 05:48:00,2026,2026-JUL,,component,lmprs,
Mar,2026,,Southwest,126.0,4.52,Producer Milk Components,AMS_3462,3462,Dairy FMMOS,DY-NA,Washington,DC,"Washington, DC",Washington,DC,FMMOS,FMMOS - non-mars,04/21/2026 05:48:00,2026,2026-JUL,,component,lmprs,
Dec,2000,,All Markets Combined,,3.69,Producer Milk Components,AMS_3462,3462,Dairy FMMOS,DY-NA,Washington,DC,"Washington, DC",Washington,DC,FMMOS,FMMOS - non-mars,04/09/2021 07:48:00,2000,2000-AUG,3.57,component,lmprs,
Dec,2000,,Appalachian,5.0,3.67,Producer Milk Components,AMS_3462,3462,Dairy FMMOS,DY-NA,Washington,DC,"Washington, DC",Washington,DC,FMMOS,FMMOS - non-mars,04/09/2021 07:48:00,2000,2000-AUG,3.57,component,lmprs,
Dec,2000,,Arizona,131.0,3.62,Producer Milk Components,AMS_3462,3462,Dairy FMMOS,DY-NA,Washington,DC,"Washington, DC",Washington,DC,FMMOS,FMMOS - non-mars,04/09/2021 07:48:00,2000,2000-AUG,3.56,component,lmprs,
Dec,2000,,Central,32.0,3.69,Producer Milk Components,AMS_3462,3462,Dairy FMMOS,DY-NA,Washington,DC,"Washington, DC",Washington,DC,FMMOS,FMMOS - non-mars,04/09/2021 07:48:00,2000,2000-AUG,3.56,component,lmprs,
Dec,2000,,Florida,6.0,3.60,Producer Milk Components,AMS_3462,3462,Dairy FMMOS,DY-NA,Washington,DC,"Washington, DC",Washington,DC,FMMOS,FMMOS - non-mars,04/09/2021 07:48:00,2000,2000-AUG,3.62,component,lmprs,
Dec,2000,,Mideast,33.0,3.72,Producer Milk Components,AMS_3462,3462,Dairy FMMOS,DY-NA,Washington,DC,"Washington, DC",Washington,DC,FMMOS,FMMOS - non-mars,04/09/2021 07:48:00,2000,2000-AUG,3.58,component,lmprs,
Dec,2000,,Northeast,1.0,3.71,Producer Milk Components,AMS_3462,3462,Dairy FMMOS,DY-NA,Washington,DC,"Washington, DC",Washington,DC,FMMOS,FMMOS - non-mars,04/09/2021 07:48:00,2000,2000-AUG,3.60,component,lmprs,
Dec,2000,,Pacific Northwest,124.0,3.65,Producer Milk Components,AMS_3462,3462,Dairy FMMOS,DY-NA,Washington,DC,"Washington, DC",Washington,DC,FMMOS,FMMOS - non-mars,04/09/2021 07:48:00,2000,2000-AUG,3.57,component,lmprs,
Dec,2000,,Southeast,7.0,3.64,Producer Milk Components,AMS_3462,3462,Dairy FMMOS,DY-NA,Washington,DC,"Washington, DC",Washington,DC,FMMOS,FMMOS - non-mars,04/09/2021 07:48:00,2000,2000-AUG,3.57,component,lmprs,
Dec,2000,,Southwest,126.0,3.60,Producer Milk Components,AMS_3462,3462,Dairy FMMOS,DY-NA,Washington,DC,"Washington, DC",Washington,DC,FMMOS,FMMOS - non-mars,04/09/2021 07:48:00,2000,2000-AUG,3.48,component,lmprs,
Dec,2000,,Upper Midwest,30.0,3.73,Producer Milk Components,AMS_3462,3462,Dairy FMMOS,DY-NA,Washington,DC,"Washington, DC",Washington,DC,FMMOS,FMMOS - non-mars,04/09/2021 07:48:00,2000,2000-AUG,3.59,component,lmprs,
Dec,2000,,Western,135.0,3.60,Producer Milk Components,AMS_3462,3462,Dairy FMMOS,DY-NA,Washington,DC,"Washington, DC",Washington,DC,FMMOS,FMMOS - non-mars,04/09/2021 07:48:00,2000,2000-AUG,3.48,component,lmprs,
Dec,2001,,Western,135.0,3.61,Producer Milk Components,AMS_3462,3462,Dairy FMMOS,DY-NA,Washington,DC,"Washington, DC",Washington,DC,FMMOS,FMMOS - non-mars,04/09/2021 07:46:00,2001,2001-AUG,3.53,component,lmprs,
Dec,2001,,Upper Midwest,30.0,3.72,Producer Milk Components,AMS_3462,3462,Dairy FMMOS,DY-NA,Washington,DC,"Washington, DC",Washington,DC,FMMOS,FMMOS - non-mars,04/09/2021 07:46:00,2001,2001-AUG,3.55,component,lmprs,
Dec,2001,,Southwest,126.0,3.62,Producer Milk Components,AMS_3462,3462,Dairy FMMOS,DY-NA,Washington,DC,"Washington, DC",Washington,DC,FMMOS,FMMOS - non-mars,04/09/2021 07:46:00,2001,2001-AUG,3.51,component,lmprs,
Dec,2001,,Southeast,7.0,3.64,Producer Milk Components,AMS_3462,3462,Dairy FMMOS,DY-NA,Washington,DC,"Washington, DC",Washington,DC,FMMOS,FMMOS - non-mars,04/09/2021 07:46:00,2001,2001-AUG,3.58,component,lmprs,
Dec,2001,,Pacific Northwest,124.0,3.66,Producer Milk Components,AMS_3462,3462,Dairy FMMOS,DY-NA,Washington,DC,"Washington, DC",Washington,DC,FMMOS,FMMOS - non-mars,04/09/2021 07:46:00,2001,2001-AUG,3.58,component,lmprs,
Dec,2001,,Northeast,1.0,3.68,Producer Milk Components,AMS_3462,3462,Dairy FMMOS,DY-NA,Washington,DC,"Washington, DC",Washington,DC,FMMOS,FMMOS - non-mars,04/09/2021 07:46:00,2001,2001-AUG,3.53,component,lmprs,
Dec,2001,,Mideast,33.0,3.68,Producer Milk Components,AMS_3462,3462,Dairy FMMOS,DY-NA,Washington,DC,"Washington, DC",Washington,DC,FMMOS,FMMOS - non-mars,04/09/2021 07:46:00,2001,2001-AUG,3.52,component,lmprs,
Dec,2001,,Florida,6.0,3.60,Producer Milk Components,AMS_3462,3462,Dairy FMMOS,DY-NA,Washington,DC,"Washington, DC",Washington,DC,FMMOS,FMMOS - non-mars,04/09/2021 07:46:00,2001,2001-AUG,3.62,component,lmprs,
Dec,2001,,Central,32.0,3.69,Producer Milk Components,AMS_3462,3462,Dairy FMMOS,DY-NA,Washington,DC,"Washington, DC",Washington,DC,FMMOS,FMMOS - non-mars,04/09/2021 07:46:00,2001,2001-AUG,3.54,component,lmprs,
Dec,2001,,Arizona,131.0,3.62,Producer Milk Components,AMS_3462,3462,Dairy FMMOS,DY-NA,Washington,DC,"Washington, DC",Washington,DC,FMMOS,FMMOS - non-mars,04/09/2021 07:46:00,2001,2001-AUG,3.57,component,lmprs,
Dec,2001,,Appalachian,5.0,3.65,Producer Milk Components,AMS_3462,3462,Dairy FMMOS,DY-NA,Washington,DC,"Washington, DC",Washington,DC,FMMOS,FMMOS - non-mars,04/09/2021 07:46:00,2001,2001-AUG,3.54,component,lmprs,
Dec,2001,,All Markets Combined,,3.67,Producer Milk Components,AMS_3462,3462,Dairy FMMOS,DY-NA,Washington,DC,"Washington, DC",Washington,DC,FMMOS,FMMOS - non-mars,04/09/2021 07:46:00,2001,2001-AUG,3.54,component,lmprs,
Dec,2002,,All Markets Combined,,3.69,Producer Milk Components,AMS_3462,3462,Dairy FMMOS,DY-NA,Washington,DC,"Washington, DC",Washington,DC,FMMOS,FMMOS - non-mars,04/09/2021 07:46:00,2002,2002-AUG,3.55,component,lmprs,
Dec,2002,,Appalachian,5.0,3.66,Producer Milk Components,AMS_3462,3462,Dairy FMMOS,DY-NA,Washington,DC,"Washington, DC",Washington,DC,FMMOS,FMMOS - non-mars,04/09/2021 07:46:00,2002,2002-AUG,3.53,component,lmprs,
Dec,2002,,Arizona,131.0,3.63,Producer Milk Components,AMS_3462,3462,Dairy FMMOS,DY-NA,Washington,DC,"Washington, DC",Washington,DC,FMMOS,FMMOS - non-mars,04/09/2021 07:46:00,2002,2002-AUG,3.59,component,lmprs,
Dec,2002,,Central,32.0,3.70,Producer Milk Components,AMS_3462,3462,Dairy FMMOS,DY-NA,Washington,DC,"Washington, DC",Washington,DC,FMMOS,FMMOS - non-mars,04/09/2021 07:46:00,2002,2002-AUG,3.55,component,lmprs,
Dec,2002,,Florida,6.0,3.67,Producer Milk Components,AMS_3462,3462,Dairy FMMOS,DY-NA,Washington,DC,"Washington, DC",Washington,DC,FMMOS,FMMOS - non-mars,04/09/2021 07:46:00,2002,2002-AUG,3.70,component,lmprs,
Dec,2002,,Mideast,33.0,3.69,Producer Milk Components,AMS_3462,3462,Dairy FMMOS,DY-NA,Washington,DC,"Washington, DC",Washington,DC,FMMOS,FMMOS - non-mars,04/09/2021 07:46:00,2002,2002-AUG,3.52,component,lmprs,
Dec,2002,,Northeast,1.0,3.69,Producer Milk Components,AMS_3462,3462,Dairy FMMOS,DY-NA,Washington,DC,"Washington, DC",Washington,DC,FMMOS,FMMOS - non-mars,04/09/2021 07:46:00,2002,2002-AUG,3.54,component,lmprs,
Dec,2002,,Pacific Northwest,124.0,3.67,Producer Milk Components,AMS_3462,3462,Dairy FMMOS,DY-NA,Washington,DC,"Washington, DC",Washington,DC,FMMOS,FMMOS - non-mars,04/09/2021 07:46:00,2002,2002-AUG,3.60,component,lmprs,
Dec,2002,,Southeast,7.0,3.66,Producer Milk Components,AMS_3462,3462,Dairy FMMOS,DY-NA,Washington,DC,"Washington, DC",Washington,DC,FMMOS,FMMOS - non-mars,04/09/2021 07:46:00,2002,2002-AUG,3.56,component,lmprs,
Dec,2002,,Southwest,126.0,3.64,Producer Milk Components,AMS_3462,3462,Dairy FMMOS,DY-NA,Washington,DC,"Washington, DC",Washington,DC,FMMOS,FMMOS - non-mars,04/09/2021 07:46:00,2002,2002-AUG,3.51,component,lmprs,
Dec,2002,,Upper Midwest,30.0,3.73,Producer Milk Components,AMS_3462,3462,Dairy FMMOS,DY-NA,Washington,DC,"Washington, DC",Washington,DC,FMMOS,FMMOS - non-mars,04/09/2021 07:46:00,2002,2002-AUG,3.58,component,lmprs,
Dec,2002,,Western,135.0,3.63,Producer Milk Components,AMS_3462,3462,Dairy FMMOS,DY-NA,Washington,DC,"Washington, DC",Washington,DC,FMMOS,FMMOS - non-mars,04/09/2021 07:46:00,2002,2002-AUG,3.51,component,lmprs,
Dec,2003,,Western,135.0,3.60,Producer Milk Components,AMS_3462,3462,Dairy FMMOS,DY-NA,Washington,DC,"Washington, DC",Washington,DC,FMMOS,FMMOS - non-mars,04/09/2021 07:46:00,2003,2003-AUG,3.45,component,lmprs,
Dec,2003,,Upper Midwest,30.0,3.72,Producer Milk Components,AMS_3462,3462,Dairy FMMOS,DY-NA,Washington,DC,"Washington, DC",Washington,DC,FMMOS,FMMOS - non-mars,04/09/2021 07:46:00,2003,2003-AUG,3.53,component,lmprs,
Dec,2003,,Southwest,126.0,3.62,Producer Milk Components,AMS_3462,3462,Dairy FMMOS,DY-NA,Washington,DC,"Washington, DC",Washington,DC,FMMOS,FMMOS - non-mars,04/09/2021 07:46:00,2003,2003-AUG,3.52,component,lmprs,
Dec,2003,,Southeast,7.0,3.63,Producer Milk Components,AMS_3462,3462,Dairy FMMOS,DY-NA,Washington,DC,"Washington, DC",Washington,DC,FMMOS,FMMOS - non-mars,04/09/2021 07:46:00,2003,2003-AUG,3.53,component,lmprs,
Dec,2003,,Northeast,1.0,3.70,Producer Milk Components,AMS_3462,3462,Dairy FMMOS,DY-NA,Washington,DC,"Washington, DC",Washington,DC,FMMOS,FMMOS - non-mars,04/09/2021 07:46:00,2003,2003-AUG,3.57,component,lmprs,
Dec,2003,,Pacific Northwest,124.0,3.66,Producer Milk Components,AMS_3462,3462,Dairy FMMOS,DY-NA,Washington,DC,"Washington, DC",Washington,DC,FMMOS,FMMOS - non-mars,04/09/2021 07:46:00,2003,2003-AUG,3.52,component,lmprs,
Dec,2003,,Mideast,33.0,3.69,Producer Milk Components,AMS_3462,3462,Dairy FMMOS,DY-NA,Washington,DC,"Washington, DC",Washington,DC,FMMOS,FMMOS - non-mars,04/09/2021 07:46:00,2003,2003-AUG,3.54,component,lmprs,
Dec,2003,,Florida,6.0,3.57,Producer Milk Components,AMS_3462,3462,Dairy FMMOS,DY-NA,Washington,DC,"Washington, DC",Washington,DC,FMMOS,FMMOS - non-mars,04/09/2021 07:46:00,2003,2003-AUG,3.56,component,lmprs,
Dec,2003,,Arizona,131.0,3.59,Producer Milk Components,AMS_3462,3462,Dairy FMMOS,DY-NA,Washington,DC,"Washington, DC",Washington,DC,FMMOS,FMMOS - non-mars,04/09/2021 07:46:00,2003,2003-AUG,3.54,component,lmprs,
Dec,2003,,Central,32.0,3.68,Producer Milk Components,AMS_3462,3462,Dairy FMMOS,DY-NA,Washington,DC,"Washington, DC",Washington,DC,FMMOS,FMMOS - non-mars,04/09/2021 07:46:00,2003,2003-AUG,3.52,component,lmprs,
Dec,2003,,Appalachian,5.0,3.65,Producer Milk Components,AMS_3462,3462,Dairy FMMOS,DY-NA,Washington,DC,"Washington, DC",Washington,DC,FMMOS,FMMOS - non-mars,04/09/2021 07:46:00,2003,2003-AUG,3.54,component,lmprs,
Dec,2003,,All Markets Combined,,3.67,Producer Milk Components,AMS_3462,3462,Dairy FMMOS,DY-NA,Washington,DC,"Washington, DC",Washington,DC,FMMOS,FMMOS - non-mars,04/09/2021 07:46:00,2003,2003-AUG,3.54,component,lmprs,
Dec,2004,,All Markets Combined,,3.67,Producer Milk Components,AMS_3462,3462,Dairy FMMOS,DY-NA,Washington,DC,"Washington, DC",Washington,DC,FMMOS,FMMOS - non-mars,04/09/2021 07:44:00,2004,2004-AUG,3.59,component,lmprs,
Dec,2004,,Appalachian,5.0,3.62,Producer Milk Components,AMS_3462,3462,Dairy FMMOS,DY-NA,Washington,DC,"Washington, DC",Washington,DC,FMMOS,FMMOS - non-mars,04/09/2021 07:44:00,2004,2004-AUG,3.55,component,lmprs,
Dec,2004,,Central,32.0,3.66,Producer Milk Components,AMS_3462,3462,Dairy FMMOS,DY-NA,Washington,DC,"Washington, DC",Washington,DC,FMMOS,FMMOS - non-mars,04/09/2021 07:44:00,2004,2004-AUG,3.58,component,lmprs,
Dec,2004,,Arizona,131.0,3.61,Producer Milk Components,AMS_3462,3462,Dairy FMMOS,DY-NA,Washington,DC,"Washington, DC",Washington,DC,FMMOS,FMMOS - non-mars,04/09/2021 07:44:00,2004,2004-AUG,3.57,component,lmprs,
Dec,2004,,Florida,6.0,3.61,Producer Milk Components,AMS_3462,3462,Dairy FMMOS,DY-NA,Washington,DC,"Washington, DC",Washington,DC,FMMOS,FMMOS - non-mars,04/09/2021 07:44:00,2004,2004-AUG,3.62,component,lmprs,
Dec,2004,,Mideast,33.0,3.67,Producer Milk Components,AMS_3462,3462,Dairy FMMOS,DY-NA,Washington,DC,"Washington, DC",Washington,DC,FMMOS,FMMOS - non-mars,04/09/2021 07:44:00,2004,2004-AUG,3.58,component,lmprs,
Dec,2004,,Pacific Northwest,124.0,3.68,Producer Milk Components,AMS_3462,3462,Dairy FMMOS,DY-NA,Washington,DC,"Washington, DC",Washington,DC,FMMOS,FMMOS - non-mars,04/09/2021 07:44:00,2004,2004-AUG,3.60,component,lmprs,
Dec,2004,,Northeast,1.0,3.66,Producer Milk Components,AMS_3462,3462,Dairy FMMOS,DY-NA,Washington,DC,"Washington, DC",Washington,DC,FMMOS,FMMOS - non-mars,04/09/2021 07:44:00,2004,2004-AUG,3.57,component,lmprs,
Dec,2004,,Southeast,7.0,3.65,Producer Milk Components,AMS_3462,3462,Dairy FMMOS,DY-NA,Washington,DC,"Washington, DC",Washington,DC,FMMOS,FMMOS - non-mars,04/09/2021 07:44:00,2004,2004-AUG,3.58,component,lmprs,
Dec,2004,,Southwest,126.0,3.64,Producer Milk Components,AMS_3462,3462,Dairy FMMOS,DY-NA,Washington,DC,"Washington, DC",Washington,DC,FMMOS,FMMOS - non-mars,04/09/2021 07:44:00,2004,2004-AUG,3.53,component,lmprs,
Dec,2004,,Upper Midwest,30.0,3.72,Producer Milk Components,AMS_3462,3462,Dairy FMMOS,DY-NA,Washington,DC,"Washington, DC",Washington,DC,FMMOS,FMMOS - non-mars,04/09/2021 07:44:00,2004,2004-AUG,3.65,component,lmprs,
Dec,2004,,Western,135.0,3.70,Producer Milk Components,AMS_3462,3462,Dairy FMMOS,DY-NA,Washington,DC,"Washington, DC",Washington,DC,FMMOS,FMMOS - non-mars,04/09/2021 07:44:00,2004,2004-AUG,,component,lmprs,
Dec,2005,,Upper Midwest,30.0,3.71,Producer Milk Components,AMS_3462,3462,Dairy FMMOS,DY-NA,Washington,DC,"Washington, DC",Washington,DC,FMMOS,FMMOS - non-mars,03/30/2021 14:16:00,2005,2005-AUG,3.56,component,lmprs,
Dec,2005,,Southwest,126.0,3.66,Producer Milk Components,AMS_3462,3462,Dairy FMMOS,DY-NA,Washington,DC,"Washington, DC",Washington,DC,FMMOS,FMMOS - non-mars,03/30/2021 14:16:00,2005,2005-AUG,3.56,component,lmprs,
Dec,2005,,Southeast,7.0,3.63,Producer Milk Components,AMS_3462,3462,Dairy FMMOS,DY-NA,Washington,DC,"Washington, DC",Washington,DC,FMMOS,FMMOS - non-mars,03/30/2021 14:16:00,2005,2005-AUG,3.53,component,lmprs,
Dec,2005,,Northeast,1.0,3.67,Producer Milk Components,AMS_3462,3462,Dairy FMMOS,DY-NA,Washington,DC,"Washington, DC",Washington,DC,FMMOS,FMMOS - non-mars,03/30/2021 14:16:00,2005,2005-AUG,3.52,component,lmprs,
Dec,2005,,Pacific Northwest,124.0,3.67,Producer Milk Components,AMS_3462,3462,Dairy FMMOS,DY-NA,Washington,DC,"Washington, DC",Washington,DC,FMMOS,FMMOS - non-mars,03/30/2021 14:16:00,2005,2005-AUG,3.58,component,lmprs,
Dec,2005,,Mideast,33.0,3.65,Producer Milk Components,AMS_3462,3462,Dairy FMMOS,DY-NA,Washington,DC,"Washington, DC",Washington,DC,FMMOS,FMMOS - non-mars,03/30/2021 14:16:00,2005,2005-AUG,3.50,component,lmprs,
Dec,2005,,Florida,6.0,3.60,Producer Milk Components,AMS_3462,3462,Dairy FMMOS,DY-NA,Washington,DC,"Washington, DC",Washington,DC,FMMOS,FMMOS - non-mars,03/30/2021 14:16:00,2005,2005-AUG,3.59,component,lmprs,
Dec,2005,,Central,32.0,3.64,Producer Milk Components,AMS_3462,3462,Dairy FMMOS,DY-NA,Washington,DC,"Washington, DC",Washington,DC,FMMOS,FMMOS - non-mars,03/30/2021 14:16:00,2005,2005-AUG,3.51,component,lmprs,
Dec,2005,,Appalachian,5.0,3.62,Producer Milk Components,AMS_3462,3462,Dairy FMMOS,DY-NA,Washington,DC,"Washington, DC",Washington,DC,FMMOS,FMMOS - non-mars,03/30/2021 14:16:00,2005,2005-AUG,3.49,component,lmprs,
Dec,2005,,Arizona,131.0,3.59,Producer Milk Components,AMS_3462,3462,Dairy FMMOS,DY-NA,Washington,DC,"Washington, DC",Washington,DC,FMMOS,FMMOS - non-mars,03/30/2021 14:16:00,2005,2005-AUG,3.52,component,lmprs,
Dec,2005,,All Markets Combined,,3.66,Producer Milk Components,AMS_3462,3462,Dairy FMMOS,DY-NA,Washington,DC,"Washington, DC",Washington,DC,FMMOS,FMMOS - non-mars,03/30/2021 14:16:00,2005,2005-AUG,3.53,component,lmprs,
Dec,2006,,All Markets Combined,,3.69,Producer Milk Components,AMS_3462,3462,Dairy FMMOS,DY-NA,Washington,DC,"Washington, DC",Washington,DC,FMMOS,FMMOS - non-mars,03/30/2021 14:16:00,2006,2006-AUG,3.57,component,lmprs,
Dec,2006,,Arizona,131.0,3.59,Producer Milk Components,AMS_3462,3462,Dairy FMMOS,DY-NA,Washington,DC,"Washington, DC",Washington,DC,FMMOS,FMMOS - non-mars,03/30/2021 14:16:00,2006,2006-AUG,3.51,component,lmprs,
Dec,2006,,Appalachian,5.0,3.67,Producer Milk Components,AMS_3462,3462,Dairy FMMOS,DY-NA,Washington,DC,"Washington, DC",Washington,DC,FMMOS,FMMOS - non-mars,03/30/2021 14:16:00,2006,2006-AUG,3.56,component,lmprs,
Dec,2006,,Central,32.0,3.67,Producer Milk Components,AMS_3462,3462,Dairy FMMOS,DY-NA,Washington,DC,"Washington, DC",Washington,DC,FMMOS,FMMOS - non-mars,03/30/2021 14:16:00,2006,2006-AUG,3.54,component,lmprs,
Dec,2006,,Florida,6.0,3.66,Producer Milk Components,AMS_3462,3462,Dairy FMMOS,DY-NA,Washington,DC,"Washington, DC",Washington,DC,FMMOS,FMMOS - non-mars,03/30/2021 14:16:00,2006,2006-AUG,3.65,component,lmprs,
Dec,2006,,Mideast,33.0,3.69,Producer Milk Components,AMS_3462,3462,Dairy FMMOS,DY-NA,Washington,DC,"Washington, DC",Washington,DC,FMMOS,FMMOS - non-mars,03/30/2021 14:16:00,2006,2006-AUG,3.56,component,lmprs,
Dec,2006,,Pacific Northwest,124.0,3.69,Producer Milk Components,AMS_3462,3462,Dairy FMMOS,DY-NA,Washington,DC,"Washington, DC",Washington,DC,FMMOS,FMMOS - non-mars,03/30/2021 14:16:00,2006,2006-AUG,3.60,component,lmprs,
Dec,2006,,Northeast,1.0,3.71,Producer Milk Components,AMS_3462,3462,Dairy FMMOS,DY-NA,Washington,DC,"Washington, DC",Washington,DC,FMMOS,FMMOS - non-mars,03/30/2021 14:16:00,2006,2006-AUG,3.58,component,lmprs,
Dec,2006,,Southeast,7.0,3.67,Producer Milk Components,AMS_3462,3462,Dairy FMMOS,DY-NA,Washington,DC,"Washington, DC",Washington,DC,FMMOS,FMMOS - non-mars,03/30/2021 14:16:00,2006,2006-AUG,3.60,component,lmprs,
Dec,2006,,Southwest,126.0,3.69,Producer Milk Components,AMS_3462,3462,Dairy FMMOS,DY-NA,Washington,DC,"Washington, DC",Washington,DC,FMMOS,FMMOS - non-mars,03/30/2021 14:16:00,2006,2006-AUG,3.59,component,lmprs,
Dec,2006,,Upper Midwest,30.0,3.72,Producer Milk Components,AMS_3462,3462,Dairy FMMOS,DY-NA,Washington,DC,"Washington, DC",Washington,DC,FMMOS,FMMOS - non-mars,03/30/2021 14:16:00,2006,2006-AUG,3.56,component,lmprs,
Dec,2007,,Upper Midwest,30.0,3.71,Producer Milk Components,AMS_3462,3462,Dairy FMMOS,DY-NA,Washington,DC,"Washington, DC",Washington,DC,FMMOS,FMMOS - non-mars,03/30/2021 14:16:00,2007,2007-AUG,3.56,component,lmprs,
Dec,2007,,Southwest,126.0,3.67,Producer Milk Components,AMS_3462,3462,Dairy FMMOS,DY-NA,Washington,DC,"Washington, DC",Washington,DC,FMMOS,FMMOS - non-mars,03/30/2021 14:16:00,2007,2007-AUG,3.56,component,lmprs,
Dec,2007,,Southeast,7.0,3.67,Producer Milk Components,AMS_3462,3462,Dairy FMMOS,DY-NA,Washington,DC,"Washington, DC",Washington,DC,FMMOS,FMMOS - non-mars,03/30/2021 14:16:00,2007,2007-AUG,3.59,component,lmprs,
Dec,2007,,Northeast,1.0,3.70,Producer Milk Components,AMS_3462,3462,Dairy FMMOS,DY-NA,Washington,DC,"Washington, DC",Washington,DC,FMMOS,FMMOS - non-mars,03/30/2021 14:16:00,2007,2007-AUG,3.58,component,lmprs,
Dec,2007,,Pacific Northwest,124.0,3.70,Producer Milk Components,AMS_3462,3462,Dairy FMMOS,DY-NA,Washington,DC,"Washington, DC",Washington,DC,FMMOS,FMMOS - non-mars,03/30/2021 14:16:00,2007,2007-AUG,3.62,component,lmprs,
Dec,2007,,Mideast,33.0,3.67,Producer Milk Components,AMS_3462,3462,Dairy FMMOS,DY-NA,Washington,DC,"Washington, DC",Washington,DC,FMMOS,FMMOS - non-mars,03/30/2021 14:16:00,2007,2007-AUG,3.55,component,lmprs,
Dec,2007,,Florida,6.0,3.63,Producer Milk Components,AMS_3462,3462,Dairy FMMOS,DY-NA,Washington,DC,"Washington, DC",Washington,DC,FMMOS,FMMOS - non-mars,03/30/2021 14:16:00,2007,2007-AUG,3.64,component,lmprs,
Dec,2007,,Central,32.0,3.68,Producer Milk Components,AMS_3462,3462,Dairy FMMOS,DY-NA,Washington,DC,"Washington, DC",Washington,DC,FMMOS,FMMOS - non-mars,03/30/2021 14:16:00,2007,2007-AUG,3.54,component,lmprs,
Dec,2007,,Appalachian,5.0,3.67,Producer Milk Components,AMS_3462,3462,Dairy FMMOS,DY-NA,Washington,DC,"Washington, DC",Washington,DC,FMMOS,FMMOS - non-mars,03/30/2021 14:16:00,2007,2007-AUG,3.57,component,lmprs,
Dec,2007,,Arizona,131.0,3.60,Producer Milk Components,AMS_3462,3462,Dairy FMMOS,DY-NA,Washington,DC,"Washington, DC",Washington,DC,FMMOS,FMMOS - non-mars,03/30/2021 14:16:00,2007,2007-AUG,3.53,component,lmprs,
Dec,2007,,All Markets Combined,,3.68,Producer Milk Components,AMS_3462,3462,Dairy FMMOS,DY-NA,Washington,DC,"Washington, DC",Washington,DC,FMMOS,FMMOS - non-mars,03/30/2021 14:16:00,2007,2007-AUG,3.57,component,lmprs,
Dec,2008,,All Markets Combined,,3.69,Producer Milk Components,AMS_3462,3462,Dairy FMMOS,DY-NA,Washington,DC,"Washington, DC",Washington,DC,FMMOS,FMMOS - non-mars,03/30/2021 14:15:00,2008,2008-AUG,3.58,component,lmprs,
Dec,2008,,Arizona,131.0,3.56,Producer Milk Components,AMS_3462,3462,Dairy FMMOS,DY-NA,Washington,DC,"Washington, DC",Washington,DC,FMMOS,FMMOS - non-mars,03/30/2021 14:15:00,2008,2008-AUG,3.51,component,lmprs,
Dec,2008,,Appalachian,5.0,3.69,Producer Milk Components,AMS_3462,3462,Dairy FMMOS,DY-NA,Washington,DC,"Washington, DC",Washington,DC,FMMOS,FMMOS - non-mars,03/30/2021 14:15:00,2008,2008-AUG,3.58,component,lmprs,
Dec,2008,,Central,32.0,3.65,Producer Milk Components,AMS_3462,3462,Dairy FMMOS,DY-NA,Washington,DC,"Washington, DC",Washington,DC,FMMOS,FMMOS - non-mars,03/30/2021 14:15:00,2008,2008-AUG,3.52,component,lmprs,
Dec,2008,,Florida,6.0,3.60,Producer Milk Components,AMS_3462,3462,Dairy FMMOS,DY-NA,Washington,DC,"Washington, DC",Washington,DC,FMMOS,FMMOS - non-mars,03/30/2021 14:15:00,2008,2008-AUG,3.60,component,lmprs,
Dec,2008,,Mideast,33.0,3.70,Producer Milk Components,AMS_3462,3462,Dairy FMMOS,DY-NA,Washington,DC,"Washington, DC",Washington,DC,FMMOS,FMMOS - non-mars,03/30/2021 14:15:00,2008,2008-AUG,3.57,component,lmprs,
Dec,2008,,Pacific Northwest,124.0,3.67,Producer Milk Components,AMS_3462,3462,Dairy FMMOS,DY-NA,Washington,DC,"Washington, DC",Washington,DC,FMMOS,FMMOS - non-mars,03/30/2021 14:15:00,2008,2008-AUG,3.58,component,lmprs,
Dec,2008,,Northeast,1.0,3.73,Producer Milk Components,AMS_3462,3462,Dairy FMMOS,DY-NA,Washington,DC,"Washington, DC",Washington,DC,FMMOS,FMMOS - non-mars,03/30/2021 14:15:00,2008,2008-AUG,3.62,component,lmprs,
Dec,2008,,Southeast,7.0,3.67,Producer Milk Components,AMS_3462,3462,Dairy FMMOS,DY-NA,Washington,DC,"Washington, DC",Washington,DC,FMMOS,FMMOS - non-mars,03/30/2021 14:15:00,2008,2008-AUG,3.57,component,lmprs,
Dec,2008,,Southwest,126.0,3.63,Producer Milk Components,AMS_3462,3462,Dairy FMMOS,DY-NA,Washington,DC,"Washington, DC",Washington,DC,FMMOS,FMMOS - non-mars,03/30/2021 14:15:00,2008,2008-AUG,3.54,component,lmprs,
Dec,2008,,Upper Midwest,30.0,3.72,Producer Milk Components,AMS_3462,3462,Dairy FMMOS,DY-NA,Washington,DC,"Washington, DC",Washington,DC,FMMOS,FMMOS - non-mars,03/30/2021 14:15:00,2008,2008-AUG,3.59,component,lmprs,
Dec,2009,,Upper Midwest,30.0,3.70,Producer Milk Components,AMS_3462,3462,Dairy FMMOS,DY-NA,Washington,DC,"Washington, DC",Washington,DC,FMMOS,FMMOS - non-mars,03/30/2021 14:15:00,2009,2009-AUG,3.60,component,lmprs,
Dec,2009,,Southwest,126.0,3.58,Producer Milk Components,AMS_3462,3462,Dairy FMMOS,DY-NA,Washington,DC,"Washington, DC",Washington,DC,FMMOS,FMMOS - non-mars,03/30/2021 14:15:00,2009,2009-AUG,3.48,component,lmprs,
Dec,2009,,Southeast,7.0,3.65,Producer Milk Components,AMS_3462,3462,Dairy FMMOS,DY-NA,Washington,DC,"Washington, DC",Washington,DC,FMMOS,FMMOS - non-mars,03/30/2021 14:15:00,2009,2009-AUG,3.57,component,lmprs,
Dec,2009,,Northeast,1.0,3.72,Producer Milk Components,AMS_3462,3462,Dairy FMMOS,DY-NA,Washington,DC,"Washington, DC",Washington,DC,FMMOS,FMMOS - non-mars,03/30/2021 14:15:00,2009,2009-AUG,3.61,component,lmprs,
Dec,2009,,Pacific Northwest,124.0,3.71,Producer Milk Components,AMS_3462,3462,Dairy FMMOS,DY-NA,Washington,DC,"Washington, DC",Washington,DC,FMMOS,FMMOS - non-mars,03/30/2021 14:15:00,2009,2009-AUG,3.58,component,lmprs,
Dec,2009,,Mideast,33.0,3.69,Producer Milk Components,AMS_3462,3462,Dairy FMMOS,DY-NA,Washington,DC,"Washington, DC",Washington,DC,FMMOS,FMMOS - non-mars,03/30/2021 14:15:00,2009,2009-AUG,3.58,component,lmprs,
Dec,2009,,Florida,6.0,3.59,Producer Milk Components,AMS_3462,3462,Dairy FMMOS,DY-NA,Washington,DC,"Washington, DC",Washington,DC,FMMOS,FMMOS - non-mars,03/30/2021 14:15:00,2009,2009-AUG,3.58,component,lmprs,
Dec,2009,,Central,32.0,3.61,Producer Milk Components,AMS_3462,3462,Dairy FMMOS,DY-NA,Washington,DC,"Washington, DC",Washington,DC,FMMOS,FMMOS - non-mars,03/30/2021 14:15:00,2009,2009-AUG,3.49,component,lmprs,
Dec,2009,,Appalachian,5.0,3.68,Producer Milk Components,AMS_3462,3462,Dairy FMMOS,DY-NA,Washington,DC,"Washington, DC",Washington,DC,FMMOS,FMMOS - non-mars,03/30/2021 14:15:00,2009,2009-AUG,3.57,component,lmprs,
Dec,2009,,Arizona,131.0,3.49,Producer Milk Components,AMS_3462,3462,Dairy FMMOS,DY-NA,Washington,DC,"Washington, DC",Washington,DC,FMMOS,FMMOS - non-mars,03/30/2021 14:15:00,2009,2009-AUG,3.39,component,lmprs,
Dec,2009,,All Markets Combined,,3.67,Producer Milk Components,AMS_3462,3462,Dairy FMMOS,DY-NA,Washington,DC,"Washington, DC",Washington,DC,FMMOS,FMMOS - non-mars,03/30/2021 14:15:00,2009,2009-AUG,3.57,component,lmprs,
Dec,2010,,All Markets Combined,,3.66,Producer Milk Components,AMS_3462,3462,Dairy FMMOS,DY-NA,Washington,DC,"Washington, DC",Washington,DC,FMMOS,FMMOS - non-mars,03/30/2021 14:14:00,2010,2010-AUG,3.52,component,lmprs,
Dec,2010,,Arizona,131.0,3.50,Producer Milk Components,AMS_3462,3462,Dairy FMMOS,DY-NA,Washington,DC,"Washington, DC",Washington,DC,FMMOS,FMMOS - non-mars,03/30/2021 14:14:00,2010,2010-AUG,3.42,component,lmprs,
Dec,2010,,Appalachian,5.0,3.65,Producer Milk Components,AMS_3462,3462,Dairy FMMOS,DY-NA,Washington,DC,"Washington, DC",Washington,DC,FMMOS,FMMOS - non-mars,03/30/2021 14:14:00,2010,2010-AUG,3.51,component,lmprs,
Dec,2010,,Central,32.0,3.60,Producer Milk Components,AMS_3462,3462,Dairy FMMOS,DY-NA,Washington,DC,"Washington, DC",Washington,DC,FMMOS,FMMOS - non-mars,03/30/2021 14:14:00,2010,2010-AUG,3.44,component,lmprs,
Dec,2010,,Florida,6.0,3.60,Producer Milk Components,AMS_3462,3462,Dairy FMMOS,DY-NA,Washington,DC,"Washington, DC",Washington,DC,FMMOS,FMMOS - non-mars,03/30/2021 14:14:00,2010,2010-AUG,3.54,component,lmprs,
Dec,2010,,Mideast,33.0,3.66,Producer Milk Components,AMS_3462,3462,Dairy FMMOS,DY-NA,Washington,DC,"Washington, DC",Washington,DC,FMMOS,FMMOS - non-mars,03/30/2021 14:14:00,2010,2010-AUG,3.51,component,lmprs,
Dec,2010,,Pacific Northwest,124.0,3.73,Producer Milk Components,AMS_3462,3462,Dairy FMMOS,DY-NA,Washington,DC,"Washington, DC",Washington,DC,FMMOS,FMMOS - non-mars,03/30/2021 14:14:00,2010,2010-AUG,3.62,component,lmprs,
Dec,2010,,Northeast,1.0,3.69,Producer Milk Components,AMS_3462,3462,Dairy FMMOS,DY-NA,Washington,DC,"Washington, DC",Washington,DC,FMMOS,FMMOS - non-mars,03/30/2021 14:14:00,2010,2010-AUG,3.55,component,lmprs,
Dec,2010,,Southeast,7.0,3.66,Producer Milk Components,AMS_3462,3462,Dairy FMMOS,DY-NA,Washington,DC,"Washington, DC",Washington,DC,FMMOS,FMMOS - non-mars,03/30/2021 14:14:00,2010,2010-AUG,3.52,component,lmprs,
Dec,2010,,Southwest,126.0,3.60,Producer Milk Components,AMS_3462,3462,Dairy FMMOS,DY-NA,Washington,DC,"Washington, DC",Washington,DC,FMMOS,FMMOS - non-mars,03/30/2021 14:14:00,2010,2010-AUG,3.44,component,lmprs,
Dec,2010,,Upper Midwest,30.0,3.68,Producer Milk Components,AMS_3462,3462,Dairy FMMOS,DY-NA,Washington,DC,"Washington, DC",Washington,DC,FMMOS,FMMOS - non-mars,03/30/2021 14:14:00,2010,2010-AUG,3.54,component,lmprs,
Dec,2011,,Southwest,126.0,3.65,Producer Milk Components,AMS_3462,3462,Dairy FMMOS,DY-NA,Washington,DC,"Washington, DC",Washington,DC,FMMOS,FMMOS - non-mars,03/30/2021 14:14:00,2011,2011-AUG,3.50,component,lmprs,
Dec,2011,,Upper Midwest,30.0,3.73,Producer Milk Components,AMS_3462,3462,Dairy FMMOS,DY-NA,Washington,DC,"Washington, DC",Washington,DC,FMMOS,FMMOS - non-mars,03/30/2021 14:14:00,2011,2011-AUG,3.59,component,lmprs,
Dec,2011,,Southeast,7.0,3.71,Producer Milk Components,AMS_3462,3462,Dairy FMMOS,DY-NA,Washington,DC,"Washington, DC",Washington,DC,FMMOS,FMMOS - non-mars,03/30/2021 14:14:00,2011,2011-AUG,3.56,component,lmprs,
Dec,2011,,Pacific Northwest,124.0,3.77,Producer Milk Components,AMS_3462,3462,Dairy FMMOS,DY-NA,Washington,DC,"Washington, DC",Washington,DC,FMMOS,FMMOS - non-mars,03/30/2021 14:14:00,2011,2011-AUG,3.63,component,lmprs,
Dec,2011,,Mideast,33.0,3.70,Producer Milk Components,AMS_3462,3462,Dairy FMMOS,DY-NA,Washington,DC,"Washington, DC",Washington,DC,FMMOS,FMMOS - non-mars,03/30/2021 14:14:00,2011,2011-AUG,3.55,component,lmprs,
Dec,2011,,Northeast,1.0,3.73,Producer Milk Components,AMS_3462,3462,Dairy FMMOS,DY-NA,Washington,DC,"Washington, DC",Washington,DC,FMMOS,FMMOS - non-mars,03/30/2021 14:14:00,2011,2011-AUG,3.59,component,lmprs,
Dec,2011,,Florida,6.0,3.67,Producer Milk Components,AMS_3462,3462,Dairy FMMOS,DY-NA,Washington,DC,"Washington, DC",Washington,DC,FMMOS,FMMOS - non-mars,03/30/2021 14:14:00,2011,2011-AUG,3.64,component,lmprs,
Dec,2011,,Central,32.0,3.67,Producer Milk Components,AMS_3462,3462,Dairy FMMOS,DY-NA,Washington,DC,"Washington, DC",Washington,DC,FMMOS,FMMOS - non-mars,03/30/2021 14:14:00,2011,2011-AUG,3.50,component,lmprs,
Dec,2011,,Appalachian,5.0,3.69,Producer Milk Components,AMS_3462,3462,Dairy FMMOS,DY-NA,Washington,DC,"Washington, DC",Washington,DC,FMMOS,FMMOS - non-mars,03/30/2021 14:14:00,2011,2011-AUG,3.54,component,lmprs,
Dec,2011,,Arizona,131.0,3.55,Producer Milk Components,AMS_3462,3462,Dairy FMMOS,DY-NA,Washington,DC,"Washington, DC",Washington,DC,FMMOS,FMMOS - non-mars,03/30/2021 14:14:00,2011,2011-AUG,3.48,component,lmprs,
Dec,2011,,All Markets Combined,,3.70,Producer Milk Components,AMS_3462,3462,Dairy FMMOS,DY-NA,Washington,DC,"Washington, DC",Washington,DC,FMMOS,FMMOS - non-mars,03/30/2021 14:14:00,2011,2011-AUG,3.56,component,lmprs,
Dec,2012,,All Markets Combined,,3.71,Producer Milk Components,AMS_3462,3462,Dairy FMMOS,DY-NA,Washington,DC,"Washington, DC",Washington,DC,FMMOS,FMMOS - non-mars,03/30/2021 14:13:00,2012,2012-AUG,3.60,component,lmprs,
Dec,2012,,Arizona,131.0,3.55,Producer Milk Components,AMS_3462,3462,Dairy FMMOS,DY-NA,Washington,DC,"Washington, DC",Washington,DC,FMMOS,FMMOS - non-mars,03/30/2021 14:13:00,2012,2012-AUG,3.54,component,lmprs,
Dec,2012,,Appalachian,5.0,3.69,Producer Milk Components,AMS_3462,3462,Dairy FMMOS,DY-NA,Washington,DC,"Washington, DC",Washington,DC,FMMOS,FMMOS - non-mars,03/30/2021 14:13:00,2012,2012-AUG,3.57,component,lmprs,
Dec,2012,,Central,32.0,3.69,Producer Milk Components,AMS_3462,3462,Dairy FMMOS,DY-NA,Washington,DC,"Washington, DC",Washington,DC,FMMOS,FMMOS - non-mars,03/30/2021 14:13:00,2012,2012-AUG,3.55,component,lmprs,
Dec,2012,,Florida,6.0,3.66,Producer Milk Components,AMS_3462,3462,Dairy FMMOS,DY-NA,Washington,DC,"Washington, DC",Washington,DC,FMMOS,FMMOS - non-mars,03/30/2021 14:13:00,2012,2012-AUG,3.67,component,lmprs,
Dec,2012,,Northeast,1.0,3.73,Producer Milk Components,AMS_3462,3462,Dairy FMMOS,DY-NA,Washington,DC,"Washington, DC",Washington,DC,FMMOS,FMMOS - non-mars,03/30/2021 14:13:00,2012,2012-AUG,3.61,component,lmprs,
Dec,2012,,Mideast,33.0,3.69,Producer Milk Components,AMS_3462,3462,Dairy FMMOS,DY-NA,Washington,DC,"Washington, DC",Washington,DC,FMMOS,FMMOS - non-mars,03/30/2021 14:13:00,2012,2012-AUG,3.55,component,lmprs,
Dec,2012,,Pacific Northwest,124.0,3.81,Producer Milk Components,AMS_3462,3462,Dairy FMMOS,DY-NA,Washington,DC,"Washington, DC",Washington,DC,FMMOS,FMMOS - non-mars,03/30/2021 14:13:00,2012,2012-AUG,3.68,component,lmprs,
Dec,2012,,Southeast,7.0,3.70,Producer Milk Components,AMS_3462,3462,Dairy FMMOS,DY-NA,Washington,DC,"Washington, DC",Washington,DC,FMMOS,FMMOS - non-mars,03/30/2021 14:13:00,2012,2012-AUG,3.62,component,lmprs,
Dec,2012,,Upper Midwest,30.0,3.76,Producer Milk Components,AMS_3462,3462,Dairy FMMOS,DY-NA,Washington,DC,"Washington, DC",Washington,DC,FMMOS,FMMOS - non-mars,03/30/2021 14:13:00,2012,2012-AUG,3.63,component,lmprs,
Dec,2012,,Southwest,126.0,3.65,Producer Milk Components,AMS_3462,3462,Dairy FMMOS,DY-NA,Washington,DC,"Washington, DC",Washington,DC,FMMOS,FMMOS - non-mars,03/30/2021 14:13:00,2012,2012-AUG,3.57,component,lmprs,
Dec,2013,,Southwest,126.0,3.69,Producer Milk Components,AMS_3462,3462,Dairy FMMOS,DY-NA,Washington,DC,"Washington, DC",Washington,DC,FMMOS,FMMOS - non-mars,03/30/2021 14:13:00,2013,2013-AUG,3.57,component,lmprs,
Dec,2013,,Upper Midwest,30.0,3.81,Producer Milk Components,AMS_3462,3462,Dairy FMMOS,DY-NA,Washington,DC,"Washington, DC",Washington,DC,FMMOS,FMMOS - non-mars,03/30/2021 14:13:00,2013,2013-AUG,3.70,component,lmprs,
Dec,2013,,Southeast,7.0,3.72,Producer Milk Components,AMS_3462,3462,Dairy FMMOS,DY-NA,Washington,DC,"Washington, DC",Washington,DC,FMMOS,FMMOS - non-mars,03/30/2021 14:13:00,2013,2013-AUG,3.63,component,lmprs,
Dec,2013,,Pacific Northwest,124.0,3.88,Producer Milk Components,AMS_3462,3462,Dairy FMMOS,DY-NA,Washington,DC,"Washington, DC",Washington,DC,FMMOS,FMMOS - non-mars,03/30/2021 14:13:00,2013,2013-AUG,3.74,component,lmprs,
Dec,2013,,Mideast,33.0,3.76,Producer Milk Components,AMS_3462,3462,Dairy FMMOS,DY-NA,Washington,DC,"Washington, DC",Washington,DC,FMMOS,FMMOS - non-mars,03/30/2021 14:13:00,2013,2013-AUG,3.65,component,lmprs,
Dec,2013,,Northeast,1.0,3.76,Producer Milk Components,AMS_3462,3462,Dairy FMMOS,DY-NA,Washington,DC,"Washington, DC",Washington,DC,FMMOS,FMMOS - non-mars,03/30/2021 14:13:00,2013,2013-AUG,3.65,component,lmprs,
Dec,2013,,Florida,6.0,3.64,Producer Milk Components,AMS_3462,3462,Dairy FMMOS,DY-NA,Washington,DC,"Washington, DC",Washington,DC,FMMOS,FMMOS - non-mars,03/30/2021 14:13:00,2013,2013-AUG,3.60,component,lmprs,
Dec,2013,,Central,32.0,3.75,Producer Milk Components,AMS_3462,3462,Dairy FMMOS,DY-NA,Washington,DC,"Washington, DC",Washington,DC,FMMOS,FMMOS - non-mars,03/30/2021 14:13:00,2013,2013-AUG,3.65,component,lmprs,
Dec,2013,,Arizona,131.0,3.52,Producer Milk Components,AMS_3462,3462,Dairy FMMOS,DY-NA,Washington,DC,"Washington, DC",Washington,DC,FMMOS,FMMOS - non-mars,03/30/2021 14:13:00,2013,2013-AUG,3.48,component,lmprs,
Dec,2013,,All Markets Combined,,3.76,Producer Milk Components,AMS_3462,3462,Dairy FMMOS,DY-NA,Washington,DC,"Washington, DC",Washington,DC,FMMOS,FMMOS - non-mars,03/30/2021 14:13:00,2013,2013-AUG,3.65,component,lmprs,
Dec,2013,,Appalachian,5.0,3.71,Producer Milk Components,AMS_3462,3462,Dairy FMMOS,DY-NA,Washington,DC,"Washington, DC",Washington,DC,FMMOS,FMMOS - non-mars,03/30/2021 14:13:00,2013,2013-AUG,3.60,component,lmprs,
Dec,2014,,Appalachian,5.0,3.65,Producer Milk Components,AMS_3462,3462,Dairy FMMOS,DY-NA,Washington,DC,"Washington, DC",Washington,DC,FMMOS,FMMOS - non-mars,03/30/2021 14:13:00,2014,2014-AUG,3.57,component,lmprs,
Dec,2014,,All Markets Combined,,3.74,Producer Milk Components,AMS_3462,3462,Dairy FMMOS,DY-NA,Washington,DC,"Washington, DC",Washington,DC,FMMOS,FMMOS - non-mars,03/30/2021 14:13:00,2014,2014-AUG,3.65,component,lmprs,
Dec,2014,,Arizona,131.0,3.47,Producer Milk Components,AMS_3462,3462,Dairy FMMOS,DY-NA,Washington,DC,"Washington, DC",Washington,DC,FMMOS,FMMOS - non-mars,03/30/2021 14:13:00,2014,2014-AUG,3.43,component,lmprs,
Dec,2014,,Central,32.0,3.73,Producer Milk Components,AMS_3462,3462,Dairy FMMOS,DY-NA,Washington,DC,"Washington, DC",Washington,DC,FMMOS,FMMOS - non-mars,03/30/2021 14:13:00,2014,2014-AUG,3.60,component,lmprs,
Dec,2014,,Florida,6.0,3.60,Producer Milk Components,AMS_3462,3462,Dairy FMMOS,DY-NA,Washington,DC,"Washington, DC",Washington,DC,FMMOS,FMMOS - non-mars,03/30/2021 14:13:00,2014,2014-AUG,3.58,component,lmprs,
Dec,2014,,Northeast,1.0,3.78,Producer Milk Components,AMS_3462,3462,Dairy FMMOS,DY-NA,Washington,DC,"Washington, DC",Washington,DC,FMMOS,FMMOS - non-mars,03/30/2021 14:13:00,2014,2014-AUG,3.69,component,lmprs,
Dec,2014,,Mideast,33.0,3.75,Producer Milk Components,AMS_3462,3462,Dairy FMMOS,DY-NA,Washington,DC,"Washington, DC",Washington,DC,FMMOS,FMMOS - non-mars,03/30/2021 14:13:00,2014,2014-AUG,3.64,component,lmprs,
Dec,2014,,Pacific Northwest,124.0,3.88,Producer Milk Components,AMS_3462,3462,Dairy FMMOS,DY-NA,Washington,DC,"Washington, DC",Washington,DC,FMMOS,FMMOS - non-mars,03/30/2021 14:13:00,2014,2014-AUG,3.81,component,lmprs,
Dec,2014,,Southeast,7.0,3.66,Producer Milk Components,AMS_3462,3462,Dairy FMMOS,DY-NA,Washington,DC,"Washington, DC",Washington,DC,FMMOS,FMMOS - non-mars,03/30/2021 14:13:00,2014,2014-AUG,3.56,component,lmprs,
Dec,2014,,Upper Midwest,30.0,3.80,Producer Milk Components,AMS_3462,3462,Dairy FMMOS,DY-NA,Washington,DC,"Washington, DC",Washington,DC,FMMOS,FMMOS - non-mars,03/30/2021 14:13:00,2014,2014-AUG,3.71,component,lmprs,
Dec,2014,,Southwest,126.0,3.67,Producer Milk Components,AMS_3462,3462,Dairy FMMOS,DY-NA,Washington,DC,"Washington, DC",Washington,DC,FMMOS,FMMOS - non-mars,03/30/2021 14:13:00,2014,2014-AUG,3.57,component,lmprs,
Dec,2015,,Southwest,126.0,3.73,Producer Milk Components,AMS_3462,3462,Dairy FMMOS,DY-NA,Washington,DC,"Washington, DC",Washington,DC,FMMOS,FMMOS - non-mars,03/30/2021 14:12:00,2015,2015-AUG,3.53,component,lmprs,
Dec,2015,,Upper Midwest,30.0,3.80,Producer Milk Components,AMS_3462,3462,Dairy FMMOS,DY-NA,Washington,DC,"Washington, DC",Washington,DC,FMMOS,FMMOS - non-mars,03/30/2021 14:12:00,2015,2015-AUG,3.66,component,lmprs,
Dec,2015,,Southeast,7.0,3.68,Producer Milk Components,AMS_3462,3462,Dairy FMMOS,DY-NA,Washington,DC,"Washington, DC",Washington,DC,FMMOS,FMMOS - non-mars,03/30/2021 14:12:00,2015,2015-AUG,3.57,component,lmprs,
Dec,2015,,Pacific Northwest,124.0,3.92,Producer Milk Components,AMS_3462,3462,Dairy FMMOS,DY-NA,Washington,DC,"Washington, DC",Washington,DC,FMMOS,FMMOS - non-mars,03/30/2021 14:12:00,2015,2015-AUG,3.77,component,lmprs,
Dec,2015,,Mideast,33.0,3.72,Producer Milk Components,AMS_3462,3462,Dairy FMMOS,DY-NA,Washington,DC,"Washington, DC",Washington,DC,FMMOS,FMMOS - non-mars,03/30/2021 14:12:00,2015,2015-AUG,3.58,component,lmprs,
Dec,2015,,Northeast,1.0,3.78,Producer Milk Components,AMS_3462,3462,Dairy FMMOS,DY-NA,Washington,DC,"Washington, DC",Washington,DC,FMMOS,FMMOS - non-mars,03/30/2021 14:12:00,2015,2015-AUG,3.64,component,lmprs,
Dec,2015,,Florida,6.0,3.60,Producer Milk Components,AMS_3462,3462,Dairy FMMOS,DY-NA,Washington,DC,"Washington, DC",Washington,DC,FMMOS,FMMOS - non-mars,03/30/2021 14:12:00,2015,2015-AUG,3.61,component,lmprs,
Dec,2015,,Central,32.0,3.76,Producer Milk Components,AMS_3462,3462,Dairy FMMOS,DY-NA,Washington,DC,"Washington, DC",Washington,DC,FMMOS,FMMOS - non-mars,03/30/2021 14:12:00,2015,2015-AUG,3.59,component,lmprs,
Dec,2015,,Arizona,131.0,3.47,Producer Milk Components,AMS_3462,3462,Dairy FMMOS,DY-NA,Washington,DC,"Washington, DC",Washington,DC,FMMOS,FMMOS - non-mars,03/30/2021 14:12:00,2015,2015-AUG,3.39,component,lmprs,
Dec,2015,,All Markets Combined,,3.75,Producer Milk Components,AMS_3462,3462,Dairy FMMOS,DY-NA,Washington,DC,"Washington, DC",Washington,DC,FMMOS,FMMOS - non-mars,03/30/2021 14:12:00,2015,2015-AUG,3.61,component,lmprs,
Dec,2015,,Appalachian,5.0,3.67,Producer Milk Components,AMS_3462,3462,Dairy FMMOS,DY-NA,Washington,DC,"Washington, DC",Washington,DC,FMMOS,FMMOS - non-mars,03/30/2021 14:12:00,2015,2015-AUG,3.54,component,lmprs,
Dec,2016,,Appalachian,5.0,3.71,Producer Milk Components,AMS_3462,3462,Dairy FMMOS,DY-NA,Washington,DC,"Washington, DC",Washington,DC,FMMOS,FMMOS - non-mars,03/30/2021 14:12:00,2016,2016-AUG,3.56,component,lmprs,
Dec,2016,,All Markets Combined,,3.77,Producer Milk Components,AMS_3462,3462,Dairy FMMOS,DY-NA,Washington,DC,"Washington, DC",Washington,DC,FMMOS,FMMOS - non-mars,03/30/2021 14:12:00,2016,2016-AUG,3.63,component,lmprs,
Dec,2016,,Arizona,131.0,3.54,Producer Milk Components,AMS_3462,3462,Dairy FMMOS,DY-NA,Washington,DC,"Washington, DC",Washington,DC,FMMOS,FMMOS - non-mars,03/30/2021 14:12:00,2016,2016-AUG,3.45,component,lmprs,
Dec,2016,,Central,32.0,3.76,Producer Milk Components,AMS_3462,3462,Dairy FMMOS,DY-NA,Washington,DC,"Washington, DC",Washington,DC,FMMOS,FMMOS - non-mars,03/30/2021 14:12:00,2016,2016-AUG,3.61,component,lmprs,
Dec,2016,,Florida,6.0,3.62,Producer Milk Components,AMS_3462,3462,Dairy FMMOS,DY-NA,Washington,DC,"Washington, DC",Washington,DC,FMMOS,FMMOS - non-mars,03/30/2021 14:12:00,2016,2016-AUG,3.62,component,lmprs,
Dec,2016,,Northeast,1.0,3.81,Producer Milk Components,AMS_3462,3462,Dairy FMMOS,DY-NA,Washington,DC,"Washington, DC",Washington,DC,FMMOS,FMMOS - non-mars,03/30/2021 14:12:00,2016,2016-AUG,3.65,component,lmprs,
Dec,2016,,Mideast,33.0,3.73,Producer Milk Components,AMS_3462,3462,Dairy FMMOS,DY-NA,Washington,DC,"Washington, DC",Washington,DC,FMMOS,FMMOS - non-mars,03/30/2021 14:12:00,2016,2016-AUG,3.58,component,lmprs,
Dec,2016,,Pacific Northwest,124.0,3.95,Producer Milk Components,AMS_3462,3462,Dairy FMMOS,DY-NA,Washington,DC,"Washington, DC",Washington,DC,FMMOS,FMMOS - non-mars,03/30/2021 14:12:00,2016,2016-AUG,3.82,component,lmprs,
Dec,2016,,Southeast,7.0,3.69,Producer Milk Components,AMS_3462,3462,Dairy FMMOS,DY-NA,Washington,DC,"Washington, DC",Washington,DC,FMMOS,FMMOS - non-mars,03/30/2021 14:12:00,2016,2016-AUG,3.61,component,lmprs,
Dec,2016,,Upper Midwest,30.0,3.82,Producer Milk Components,AMS_3462,3462,Dairy FMMOS,DY-NA,Washington,DC,"Washington, DC",Washington,DC,FMMOS,FMMOS - non-mars,03/30/2021 14:12:00,2016,2016-AUG,3.67,component,lmprs,
Dec,2016,,Southwest,126.0,3.75,Producer Milk Components,AMS_3462,3462,Dairy FMMOS,DY-NA,Washington,DC,"Washington, DC",Washington,DC,FMMOS,FMMOS - non-mars,03/30/2021 14:12:00,2016,2016-AUG,3.62,component,lmprs,
Dec,2017,,Southwest,126.0,3.86,Producer Milk Components,AMS_3462,3462,Dairy FMMOS,DY-NA,Washington,DC,"Washington, DC",Washington,DC,FMMOS,FMMOS - non-mars,03/30/2021 14:11:00,2017,2017-AUG,3.75,component,lmprs,
Dec,2017,,Upper Midwest,30.0,3.84,Producer Milk Components,AMS_3462,3462,Dairy FMMOS,DY-NA,Washington,DC,"Washington, DC",Washington,DC,FMMOS,FMMOS - non-mars,03/30/2021 14:11:00,2017,2017-AUG,3.74,component,lmprs,
Dec,2017,,Southeast,7.0,3.74,Producer Milk Components,AMS_3462,3462,Dairy FMMOS,DY-NA,Washington,DC,"Washington, DC",Washington,DC,FMMOS,FMMOS - non-mars,03/30/2021 14:11:00,2017,2017-AUG,3.68,component,lmprs,
Dec,2017,,Pacific Northwest,124.0,3.99,Producer Milk Components,AMS_3462,3462,Dairy FMMOS,DY-NA,Washington,DC,"Washington, DC",Washington,DC,FMMOS,FMMOS - non-mars,03/30/2021 14:11:00,2017,2017-AUG,3.93,component,lmprs,
Dec,2017,,Mideast,33.0,3.78,Producer Milk Components,AMS_3462,3462,Dairy FMMOS,DY-NA,Washington,DC,"Washington, DC",Washington,DC,FMMOS,FMMOS - non-mars,03/30/2021 14:11:00,2017,2017-AUG,3.67,component,lmprs,
Dec,2017,,Northeast,1.0,3.85,Producer Milk Components,AMS_3462,3462,Dairy FMMOS,DY-NA,Washington,DC,"Washington, DC",Washington,DC,FMMOS,FMMOS - non-mars,03/30/2021 14:11:00,2017,2017-AUG,3.76,component,lmprs,
Dec,2017,,Florida,6.0,3.69,Producer Milk Components,AMS_3462,3462,Dairy FMMOS,DY-NA,Washington,DC,"Washington, DC",Washington,DC,FMMOS,FMMOS - non-mars,03/30/2021 14:11:00,2017,2017-AUG,3.70,component,lmprs,
Dec,2017,,Central,32.0,3.82,Producer Milk Components,AMS_3462,3462,Dairy FMMOS,DY-NA,Washington,DC,"Washington, DC",Washington,DC,FMMOS,FMMOS - non-mars,03/30/2021 14:11:00,2017,2017-AUG,3.71,component,lmprs,
Dec,2017,,Arizona,131.0,3.62,Producer Milk Components,AMS_3462,3462,Dairy FMMOS,DY-NA,Washington,DC,"Washington, DC",Washington,DC,FMMOS,FMMOS - non-mars,03/30/2021 14:11:00,2017,2017-AUG,3.59,component,lmprs,
Dec,2017,,All Markets Combined,,3.82,Producer Milk Components,AMS_3462,3462,Dairy FMMOS,DY-NA,Washington,DC,"Washington, DC",Washington,DC,FMMOS,FMMOS - non-mars,03/30/2021 14:11:00,2017,2017-AUG,3.73,component,lmprs,
Dec,2017,,Appalachian,5.0,3.76,Producer Milk Components,AMS_3462,3462,Dairy FMMOS,DY-NA,Washington,DC,"Washington, DC",Washington,DC,FMMOS,FMMOS - non-mars,03/30/2021 14:11:00,2017,2017-AUG,3.66,component,lmprs,
Dec,2018,,Appalachian,5.0,3.79,Producer Milk Components,AMS_3462,3462,Dairy FMMOS,DY-NA,Washington,DC,"Washington, DC",Washington,DC,FMMOS,FMMOS - non-mars,03/30/2021 14:09:00,2018,2018-AUG,3.68,component,lmprs,
Dec,2018,,All Markets Combined,,3.88,Producer Milk Components,AMS_3462,3462,Dairy FMMOS,DY-NA,Washington,DC,"Washington, DC",Washington,DC,FMMOS,FMMOS - non-mars,03/30/2021 14:09:00,2018,2018-AUG,3.74,component,lmprs,
Dec,2018,,Arizona,131.0,3.66,Producer Milk Components,AMS_3462,3462,Dairy FMMOS,DY-NA,Washington,DC,"Washington, DC",Washington,DC,FMMOS,FMMOS - non-mars,03/30/2021 14:09:00,2018,2018-AUG,3.57,component,lmprs,
Dec,2018,,Central,32.0,3.89,Producer Milk Components,AMS_3462,3462,Dairy FMMOS,DY-NA,Washington,DC,"Washington, DC",Washington,DC,FMMOS,FMMOS - non-mars,03/30/2021 14:09:00,2018,2018-AUG,3.75,component,lmprs,
Dec,2018,,California,51.0,4.01,Producer Milk Components,AMS_3462,3462,Dairy FMMOS,DY-NA,Washington,DC,"Washington, DC",Washington,DC,FMMOS,FMMOS - non-mars,03/30/2021 14:09:00,2018,2018-AUG,,component,lmprs,
Dec,2018,,Florida,6.0,3.68,Producer Milk Components,AMS_3462,3462,Dairy FMMOS,DY-NA,Washington,DC,"Washington, DC",Washington,DC,FMMOS,FMMOS - non-mars,03/30/2021 14:09:00,2018,2018-AUG,3.69,component,lmprs,
Dec,2018,,Northeast,1.0,3.86,Producer Milk Components,AMS_3462,3462,Dairy FMMOS,DY-NA,Washington,DC,"Washington, DC",Washington,DC,FMMOS,FMMOS - non-mars,03/30/2021 14:09:00,2018,2018-AUG,3.71,component,lmprs,
Dec,2018,,Mideast,33.0,3.84,Producer Milk Components,AMS_3462,3462,Dairy FMMOS,DY-NA,Washington,DC,"Washington, DC",Washington,DC,FMMOS,FMMOS - non-mars,03/30/2021 14:09:00,2018,2018-AUG,3.71,component,lmprs,
Dec,2018,,Pacific Northwest,124.0,4.07,Producer Milk Components,AMS_3462,3462,Dairy FMMOS,DY-NA,Washington,DC,"Washington, DC",Washington,DC,FMMOS,FMMOS - non-mars,03/30/2021 14:09:00,2018,2018-AUG,3.86,component,lmprs,
Dec,2018,,Southeast,7.0,3.80,Producer Milk Components,AMS_3462,3462,Dairy FMMOS,DY-NA,Washington,DC,"Washington, DC",Washington,DC,FMMOS,FMMOS - non-mars,03/30/2021 14:09:00,2018,2018-AUG,3.71,component,lmprs,
Dec,2018,,Upper Midwest,30.0,3.92,Producer Milk Components,AMS_3462,3462,Dairy FMMOS,DY-NA,Washington,DC,"Washington, DC",Washington,DC,FMMOS,FMMOS - non-mars,03/30/2021 14:09:00,2018,2018-AUG,3.78,component,lmprs,
Dec,2018,,Southwest,126.0,3.94,Producer Milk Components,AMS_3462,3462,Dairy FMMOS,DY-NA,Washington,DC,"Washington, DC",Washington,DC,FMMOS,FMMOS - non-mars,03/30/2021 14:09:00,2018,2018-AUG,3.79,component,lmprs,
Dec,2019,,Upper Midwest,30.0,3.93,Producer Milk Components,AMS_3462,3462,Dairy FMMOS,DY-NA,Washington,DC,"Washington, DC",Washington,DC,FMMOS,FMMOS - non-mars,03/30/2021 14:09:00,2019,2019-AUG,3.81,component,lmprs,
Dec,2019,,Southeast,7.0,3.80,Producer Milk Components,AMS_3462,3462,Dairy FMMOS,DY-NA,Washington,DC,"Washington, DC",Washington,DC,FMMOS,FMMOS - non-mars,03/30/2021 14:09:00,2019,2019-AUG,3.71,component,lmprs,
Dec,2019,,Southwest,126.0,3.99,Producer Milk Components,AMS_3462,3462,Dairy FMMOS,DY-NA,Washington,DC,"Washington, DC",Washington,DC,FMMOS,FMMOS - non-mars,03/30/2021 14:09:00,2019,2019-AUG,3.84,component,lmprs,
Dec,2019,,Pacific Northwest,124.0,4.08,Producer Milk Components,AMS_3462,3462,Dairy FMMOS,DY-NA,Washington,DC,"Washington, DC",Washington,DC,FMMOS,FMMOS - non-mars,03/30/2021 14:09:00,2019,2019-AUG,3.96,component,lmprs,
Dec,2019,,Northeast,1.0,3.89,Producer Milk Components,AMS_3462,3462,Dairy FMMOS,DY-NA,Washington,DC,"Washington, DC",Washington,DC,FMMOS,FMMOS - non-mars,03/30/2021 14:09:00,2019,2019-AUG,3.74,component,lmprs,
Dec,2019,,Florida,6.0,3.66,Producer Milk Components,AMS_3462,3462,Dairy FMMOS,DY-NA,Washington,DC,"Washington, DC",Washington,DC,FMMOS,FMMOS - non-mars,03/30/2021 14:09:00,2019,2019-AUG,3.68,component,lmprs,
Dec,2019,,Mideast,33.0,3.86,Producer Milk Components,AMS_3462,3462,Dairy FMMOS,DY-NA,Washington,DC,"Washington, DC",Washington,DC,FMMOS,FMMOS - non-mars,03/30/2021 14:09:00,2019,2019-AUG,3.72,component,lmprs,
Dec,2019,,California,51.0,3.86,Producer Milk Components,AMS_3462,3462,Dairy FMMOS,DY-NA,Washington,DC,"Washington, DC",Washington,DC,FMMOS,FMMOS - non-mars,03/30/2021 14:09:00,2019,2019-AUG,3.69,component,lmprs,
Dec,2019,,Central,32.0,3.92,Producer Milk Components,AMS_3462,3462,Dairy FMMOS,DY-NA,Washington,DC,"Washington, DC",Washington,DC,FMMOS,FMMOS - non-mars,03/30/2021 14:09:00,2019,2019-AUG,3.76,component,lmprs,
Dec,2019,,Arizona,131.0,3.74,Producer Milk Components,AMS_3462,3462,Dairy FMMOS,DY-NA,Washington,DC,"Washington, DC",Washington,DC,FMMOS,FMMOS - non-mars,03/30/2021 14:09:00,2019,2019-AUG,3.66,component,lmprs,
Dec,2019,,All Markets Combined,,3.90,Producer Milk Components,AMS_3462,3462,Dairy FMMOS,DY-NA,Washington,DC,"Washington, DC",Washington,DC,FMMOS,FMMOS - non-mars,03/30/2021 14:09:00,2019,2019-AUG,3.76,component,lmprs,
Dec,2019,,Appalachian,5.0,3.80,Producer Milk Components,AMS_3462,3462,Dairy FMMOS,DY-NA,Washington,DC,"Washington, DC",Washington,DC,FMMOS,FMMOS - non-mars,03/30/2021 14:09:00,2019,2019-AUG,3.68,component,lmprs,
Dec,2020,,Appalachian,5.0,3.86,Producer Milk Components,AMS_3462,3462,Dairy FMMOS,DY-NA,Washington,DC,"Washington, DC",Washington,DC,FMMOS,FMMOS - non-mars,02/23/2021 09:39:00,2020,2020-AUG,3.75,component,lmprs,
Dec,2020,,All Markets Combined,,3.92,Producer Milk Components,AMS_3462,3462,Dairy FMMOS,DY-NA,Washington,DC,"Washington, DC",Washington,DC,FMMOS,FMMOS - non-mars,02/23/2021 09:39:00,2020,2020-AUG,3.78,component,lmprs,
Dec,2020,,Arizona,131.0,3.75,Producer Milk Components,AMS_3462,3462,Dairy FMMOS,DY-NA,Washington,DC,"Washington, DC",Washington,DC,FMMOS,FMMOS - non-mars,02/23/2021 09:39:00,2020,2020-AUG,3.64,component,lmprs,
Dec,2020,,Central,32.0,3.93,Producer Milk Components,AMS_3462,3462,Dairy FMMOS,DY-NA,Washington,DC,"Washington, DC",Washington,DC,FMMOS,FMMOS - non-mars,02/23/2021 09:39:00,2020,2020-AUG,3.73,component,lmprs,
Dec,2020,,California,51.0,3.87,Producer Milk Components,AMS_3462,3462,Dairy FMMOS,DY-NA,Washington,DC,"Washington, DC",Washington,DC,FMMOS,FMMOS - non-mars,02/23/2021 09:39:00,2020,2020-AUG,3.77,component,lmprs,
Dec,2020,,Mideast,33.0,3.89,Producer Milk Components,AMS_3462,3462,Dairy FMMOS,DY-NA,Washington,DC,"Washington, DC",Washington,DC,FMMOS,FMMOS - non-mars,02/23/2021 09:39:00,2020,2020-AUG,3.74,component,lmprs,
Dec,2020,,Florida,6.0,3.70,Producer Milk Components,AMS_3462,3462,Dairy FMMOS,DY-NA,Washington,DC,"Washington, DC",Washington,DC,FMMOS,FMMOS - non-mars,02/23/2021 09:39:00,2020,2020-AUG,3.72,component,lmprs,
Dec,2020,,Northeast,1.0,3.92,Producer Milk Components,AMS_3462,3462,Dairy FMMOS,DY-NA,Washington,DC,"Washington, DC",Washington,DC,FMMOS,FMMOS - non-mars,02/23/2021 09:39:00,2020,2020-AUG,3.77,component,lmprs,
Dec,2020,,Pacific Northwest,124.0,4.07,Producer Milk Components,AMS_3462,3462,Dairy FMMOS,DY-NA,Washington,DC,"Washington, DC",Washington,DC,FMMOS,FMMOS - non-mars,02/23/2021 09:39:00,2020,2020-AUG,3.91,component,lmprs,
Dec,2020,,Southwest,126.0,4.07,Producer Milk Components,AMS_3462,3462,Dairy FMMOS,DY-NA,Washington,DC,"Washington, DC",Washington,DC,FMMOS,FMMOS - non-mars,02/23/2021 09:39:00,2020,2020-AUG,3.92,component,lmprs,
Dec,2020,,Southeast,7.0,3.84,Producer Milk Components,AMS_3462,3462,Dairy FMMOS,DY-NA,Washington,DC,"Washington, DC",Washington,DC,FMMOS,FMMOS - non-mars,02/23/2021 09:39:00,2020,2020-AUG,3.74,component,lmprs,
Dec,2020,,Upper Midwest,30.0,3.96,Producer Milk Components,AMS_3462,3462,Dairy FMMOS,DY-NA,Washington,DC,"Washington, DC",Washington,DC,FMMOS,FMMOS - non-mars,02/23/2021 09:39:00,2020,2020-AUG,3.79,component,lmprs,
Dec,2021,,Southwest,126.0,4.13,Producer Milk Components,AMS_3462,3462,Dairy FMMOS,DY-NA,Washington,DC,"Washington, DC",Washington,DC,FMMOS,FMMOS - non-mars,01/31/2022 07:17:00,2021,2021-AUG,3.99,component,lmprs,
Dec,2021,,Pacific Northwest,124.0,4.11,Producer Milk Components,AMS_3462,3462,Dairy FMMOS,DY-NA,Washington,DC,"Washington, DC",Washington,DC,FMMOS,FMMOS - non-mars,01/31/2022 07:17:00,2021,2021-AUG,3.95,component,lmprs,
Dec,2021,,Southeast,7.0,3.88,Producer Milk Components,AMS_3462,3462,Dairy FMMOS,DY-NA,Washington,DC,"Washington, DC",Washington,DC,FMMOS,FMMOS - non-mars,01/31/2022 07:17:00,2021,2021-AUG,3.75,component,lmprs,
Dec,2021,,Northeast,1.0,3.99,Producer Milk Components,AMS_3462,3462,Dairy FMMOS,DY-NA,Washington,DC,"Washington, DC",Washington,DC,FMMOS,FMMOS - non-mars,01/31/2022 07:17:00,2021,2021-AUG,3.86,component,lmprs,
Dec,2021,,Mideast,33.0,3.93,Producer Milk Components,AMS_3462,3462,Dairy FMMOS,DY-NA,Washington,DC,"Washington, DC",Washington,DC,FMMOS,FMMOS - non-mars,01/31/2022 07:17:00,2021,2021-AUG,3.81,component,lmprs,
Dec,2021,,Central,32.0,3.98,Producer Milk Components,AMS_3462,3462,Dairy FMMOS,DY-NA,Washington,DC,"Washington, DC",Washington,DC,FMMOS,FMMOS - non-mars,01/31/2022 07:17:00,2021,2021-AUG,3.82,component,lmprs,
Dec,2021,,Florida,6.0,3.66,Producer Milk Components,AMS_3462,3462,Dairy FMMOS,DY-NA,Washington,DC,"Washington, DC",Washington,DC,FMMOS,FMMOS - non-mars,01/31/2022 07:17:00,2021,2021-AUG,3.65,component,lmprs,
Dec,2021,,California,51.0,3.92,Producer Milk Components,AMS_3462,3462,Dairy FMMOS,DY-NA,Washington,DC,"Washington, DC",Washington,DC,FMMOS,FMMOS - non-mars,01/31/2022 07:17:00,2021,2021-AUG,3.84,component,lmprs,
Dec,2021,,Arizona,131.0,3.77,Producer Milk Components,AMS_3462,3462,Dairy FMMOS,DY-NA,Washington,DC,"Washington, DC",Washington,DC,FMMOS,FMMOS - non-mars,01/31/2022 07:17:00,2021,2021-AUG,3.74,component,lmprs,
Dec,2021,,Appalachian,5.0,3.84,Producer Milk Components,AMS_3462,3462,Dairy FMMOS,DY-NA,Washington,DC,"Washington, DC",Washington,DC,FMMOS,FMMOS - non-mars,01/31/2022 07:17:00,2021,2021-AUG,3.72,component,lmprs,
Dec,2021,,All Markets Combined,,3.97,Producer Milk Components,AMS_3462,3462,Dairy FMMOS,DY-NA,Washington,DC,"Washington, DC",Washington,DC,FMMOS,FMMOS - non-mars,01/31/2022 07:17:00,2021,2021-AUG,3.85,component,lmprs,
Dec,2021,,Upper Midwest,30.0,4.03,Producer Milk Components,AMS_3462,3462,Dairy FMMOS,DY-NA,Washington,DC,"Washington, DC",Washington,DC,FMMOS,FMMOS - non-mars,01/31/2022 07:17:00,2021,2021-AUG,3.89,component,lmprs,
Dec,2022,,Upper Midwest,30.0,4.12,Producer Milk Components,AMS_3462,3462,Dairy FMMOS,DY-NA,Washington,DC,"Washington, DC",Washington,DC,FMMOS,FMMOS - non-mars,01/30/2023 07:36:00,2022,2022-AUG,3.96,component,lmprs,
Dec,2022,,All Markets Combined,,4.06,Producer Milk Components,AMS_3462,3462,Dairy FMMOS,DY-NA,Washington,DC,"Washington, DC",Washington,DC,FMMOS,FMMOS - non-mars,01/30/2023 07:36:00,2022,2022-AUG,3.90,component,lmprs,
Dec,2022,,Appalachian,5.0,3.91,Producer Milk Components,AMS_3462,3462,Dairy FMMOS,DY-NA,Washington,DC,"Washington, DC",Washington,DC,FMMOS,FMMOS - non-mars,01/30/2023 07:36:00,2022,2022-AUG,3.78,component,lmprs,
Dec,2022,,Arizona,131.0,3.81,Producer Milk Components,AMS_3462,3462,Dairy FMMOS,DY-NA,Washington,DC,"Washington, DC",Washington,DC,FMMOS,FMMOS - non-mars,01/30/2023 07:36:00,2022,2022-AUG,3.73,component,lmprs,
Dec,2022,,California,51.0,4.05,Producer Milk Components,AMS_3462,3462,Dairy FMMOS,DY-NA,Washington,DC,"Washington, DC",Washington,DC,FMMOS,FMMOS - non-mars,01/30/2023 07:36:00,2022,2022-AUG,3.91,component,lmprs,
Dec,2022,,Florida,6.0,3.70,Producer Milk Components,AMS_3462,3462,Dairy FMMOS,DY-NA,Washington,DC,"Washington, DC",Washington,DC,FMMOS,FMMOS - non-mars,01/30/2023 07:36:00,2022,2022-AUG,3.68,component,lmprs,
Dec,2022,,Central,32.0,4.06,Producer Milk Components,AMS_3462,3462,Dairy FMMOS,DY-NA,Washington,DC,"Washington, DC",Washington,DC,FMMOS,FMMOS - non-mars,01/30/2023 07:36:00,2022,2022-AUG,3.87,component,lmprs,
Dec,2022,,Mideast,33.0,4.02,Producer Milk Components,AMS_3462,3462,Dairy FMMOS,DY-NA,Washington,DC,"Washington, DC",Washington,DC,FMMOS,FMMOS - non-mars,01/30/2023 07:36:00,2022,2022-AUG,3.87,component,lmprs,
Dec,2022,,Northeast,1.0,4.03,Producer Milk Components,AMS_3462,3462,Dairy FMMOS,DY-NA,Washington,DC,"Washington, DC",Washington,DC,FMMOS,FMMOS - non-mars,01/30/2023 07:36:00,2022,2022-AUG,3.86,component,lmprs,
Dec,2022,,Southeast,7.0,3.96,Producer Milk Components,AMS_3462,3462,Dairy FMMOS,DY-NA,Washington,DC,"Washington, DC",Washington,DC,FMMOS,FMMOS - non-mars,01/30/2023 07:36:00,2022,2022-AUG,3.80,component,lmprs,
Dec,2022,,Pacific Northwest,124.0,4.30,Producer Milk Components,AMS_3462,3462,Dairy FMMOS,DY-NA,Washington,DC,"Washington, DC",Washington,DC,FMMOS,FMMOS - non-mars,01/30/2023 07:36:00,2022,2022-AUG,4.08,component,lmprs,
Dec,2022,,Southwest,126.0,4.13,Producer Milk Components,AMS_3462,3462,Dairy FMMOS,DY-NA,Washington,DC,"Washington, DC",Washington,DC,FMMOS,FMMOS - non-mars,01/30/2023 07:36:00,2022,2022-AUG,3.95,component,lmprs,
Dec,2023,,Southwest,126.0,4.12,Producer Milk Components,AMS_3462,3462,Dairy FMMOS,DY-NA,Washington,DC,"Washington, DC",Washington,DC,FMMOS,FMMOS - non-mars,01/30/2024 09:42:00,2023,2023-AUG,3.93,component,lmprs,
Dec,2023,,Pacific Northwest,124.0,4.32,Producer Milk Components,AMS_3462,3462,Dairy FMMOS,DY-NA,Washington,DC,"Washington, DC",Washington,DC,FMMOS,FMMOS - non-mars,01/30/2024 09:42:00,2023,2023-AUG,4.14,component,lmprs,
Dec,2023,,Southeast,7.0,4.01,Producer Milk Components,AMS_3462,3462,Dairy FMMOS,DY-NA,Washington,DC,"Washington, DC",Washington,DC,FMMOS,FMMOS - non-mars,01/30/2024 09:42:00,2023,2023-AUG,3.88,component,lmprs,
Dec,2023,,Northeast,1.0,4.12,Producer Milk Components,AMS_3462,3462,Dairy FMMOS,DY-NA,Washington,DC,"Washington, DC",Washington,DC,FMMOS,FMMOS - non-mars,01/30/2024 09:42:00,2023,2023-AUG,3.98,component,lmprs,
Dec,2023,,Mideast,33.0,4.06,Producer Milk Components,AMS_3462,3462,Dairy FMMOS,DY-NA,Washington,DC,"Washington, DC",Washington,DC,FMMOS,FMMOS - non-mars,01/30/2024 09:42:00,2023,2023-AUG,3.94,component,lmprs,
Dec,2023,,Central,32.0,4.11,Producer Milk Components,AMS_3462,3462,Dairy FMMOS,DY-NA,Washington,DC,"Washington, DC",Washington,DC,FMMOS,FMMOS - non-mars,01/30/2024 09:42:00,2023,2023-AUG,3.92,component,lmprs,
Dec,2023,,Florida,6.0,3.82,Producer Milk Components,AMS_3462,3462,Dairy FMMOS,DY-NA,Washington,DC,"Washington, DC",Washington,DC,FMMOS,FMMOS - non-mars,01/30/2024 09:42:00,2023,2023-AUG,3.80,component,lmprs,
Dec,2023,,California,51.0,4.12,Producer Milk Components,AMS_3462,3462,Dairy FMMOS,DY-NA,Washington,DC,"Washington, DC",Washington,DC,FMMOS,FMMOS - non-mars,01/30/2024 09:42:00,2023,2023-AUG,4.01,component,lmprs,
Dec,2023,,Arizona,131.0,3.88,Producer Milk Components,AMS_3462,3462,Dairy FMMOS,DY-NA,Washington,DC,"Washington, DC",Washington,DC,FMMOS,FMMOS - non-mars,01/30/2024 09:42:00,2023,2023-AUG,3.84,component,lmprs,
Dec,2023,,Appalachian,5.0,3.97,Producer Milk Components,AMS_3462,3462,Dairy FMMOS,DY-NA,Washington,DC,"Washington, DC",Washington,DC,FMMOS,FMMOS - non-mars,01/30/2024 09:42:00,2023,2023-AUG,3.84,component,lmprs,
Dec,2023,,All Markets Combined,,4.11,Producer Milk Components,AMS_3462,3462,Dairy FMMOS,DY-NA,Washington,DC,"Washington, DC",Washington,DC,FMMOS,FMMOS - non-mars,01/30/2024 09:42:00,2023,2023-AUG,3.97,component,lmprs,
Dec,2023,,Upper Midwest,30.0,4.17,Producer Milk Components,AMS_3462,3462,Dairy FMMOS,DY-NA,Washington,DC,"Washington, DC",Washington,DC,FMMOS,FMMOS - non-mars,01/30/2024 09:42:00,2023,2023-AUG,4.00,component,lmprs,
Dec,2024,,Upper Midwest,30.0,4.27,Producer Milk Components,AMS_3462,3462,Dairy FMMOS,DY-NA,Washington,DC,"Washington, DC",Washington,DC,FMMOS,FMMOS - non-mars,01/23/2025 09:07:00,2024,2024-AUG,4.16,component,lmprs,
Dec,2024,,All Markets Combined,,4.21,Producer Milk Components,AMS_3462,3462,Dairy FMMOS,DY-NA,Washington,DC,"Washington, DC",Washington,DC,FMMOS,FMMOS - non-mars,01/23/2025 09:07:00,2024,2024-AUG,4.07,component,lmprs,
Dec,2024,,Appalachian,5.0,4.06,Producer Milk Components,AMS_3462,3462,Dairy FMMOS,DY-NA,Washington,DC,"Washington, DC",Washington,DC,FMMOS,FMMOS - non-mars,01/23/2025 09:07:00,2024,2024-AUG,3.95,component,lmprs,
Dec,2024,,Arizona,131.0,4.07,Producer Milk Components,AMS_3462,3462,Dairy FMMOS,DY-NA,Washington,DC,"Washington, DC",Washington,DC,FMMOS,FMMOS - non-mars,01/23/2025 09:07:00,2024,2024-AUG,3.95,component,lmprs,
Dec,2024,,California,51.0,4.18,Producer Milk Components,AMS_3462,3462,Dairy FMMOS,DY-NA,Washington,DC,"Washington, DC",Washington,DC,FMMOS,FMMOS - non-mars,01/23/2025 09:07:00,2024,2024-AUG,4.08,component,lmprs,
Dec,2024,,Florida,6.0,3.92,Producer Milk Components,AMS_3462,3462,Dairy FMMOS,DY-NA,Washington,DC,"Washington, DC",Washington,DC,FMMOS,FMMOS - non-mars,01/23/2025 09:07:00,2024,2024-AUG,3.89,component,lmprs,
Dec,2024,,Central,32.0,4.19,Producer Milk Components,AMS_3462,3462,Dairy FMMOS,DY-NA,Washington,DC,"Washington, DC",Washington,DC,FMMOS,FMMOS - non-mars,01/23/2025 09:07:00,2024,2024-AUG,3.99,component,lmprs,
Dec,2024,,Mideast,33.0,4.17,Producer Milk Components,AMS_3462,3462,Dairy FMMOS,DY-NA,Washington,DC,"Washington, DC",Washington,DC,FMMOS,FMMOS - non-mars,01/23/2025 09:07:00,2024,2024-AUG,4.05,component,lmprs,
Dec,2024,,Northeast,1.0,4.22,Producer Milk Components,AMS_3462,3462,Dairy FMMOS,DY-NA,Washington,DC,"Washington, DC",Washington,DC,FMMOS,FMMOS - non-mars,01/23/2025 09:07:00,2024,2024-AUG,4.06,component,lmprs,
Dec,2024,,Southeast,7.0,4.11,Producer Milk Components,AMS_3462,3462,Dairy FMMOS,DY-NA,Washington,DC,"Washington, DC",Washington,DC,FMMOS,FMMOS - non-mars,01/23/2025 09:07:00,2024,2024-AUG,4.01,component,lmprs,
Dec,2024,,Pacific Northwest,124.0,4.39,Producer Milk Components,AMS_3462,3462,Dairy FMMOS,DY-NA,Washington,DC,"Washington, DC",Washington,DC,FMMOS,FMMOS - non-mars,01/23/2025 09:07:00,2024,2024-AUG,4.23,component,lmprs,
Dec,2024,,Southwest,126.0,4.24,Producer Milk Components,AMS_3462,3462,Dairy FMMOS,DY-NA,Washington,DC,"Washington, DC",Washington,DC,FMMOS,FMMOS - non-mars,01/23/2025 09:07:00,2024,2024-AUG,4.07,component,lmprs,
Dec,2025,,Southwest,126.0,4.38,Producer Milk Components,AMS_3462,3462,Dairy FMMOS,DY-NA,Washington,DC,"Washington, DC",Washington,DC,FMMOS,FMMOS - non-mars,01/21/2026 11:39:00,2025,2025-AUG,4.23,component,lmprs,
Dec,2025,,Pacific Northwest,124.0,4.45,Producer Milk Components,AMS_3462,3462,Dairy FMMOS,DY-NA,Washington,DC,"Washington, DC",Washington,DC,FMMOS,FMMOS - non-mars,01/21/2026 11:39:00,2025,2025-AUG,4.32,component,lmprs,
Dec,2025,,Southeast,7.0,4.19,Producer Milk Components,AMS_3462,3462,Dairy FMMOS,DY-NA,Washington,DC,"Washington, DC",Washington,DC,FMMOS,FMMOS - non-mars,01/21/2026 11:39:00,2025,2025-AUG,4.06,component,lmprs,
Dec,2025,,Northeast,1.0,4.33,Producer Milk Components,AMS_3462,3462,Dairy FMMOS,DY-NA,Washington,DC,"Washington, DC",Washington,DC,FMMOS,FMMOS - non-mars,01/21/2026 11:39:00,2025,2025-AUG,4.14,component,lmprs,
Dec,2025,,Mideast,33.0,4.30,Producer Milk Components,AMS_3462,3462,Dairy FMMOS,DY-NA,Washington,DC,"Washington, DC",Washington,DC,FMMOS,FMMOS - non-mars,01/21/2026 11:39:00,2025,2025-AUG,4.11,component,lmprs,
Dec,2025,,Central,32.0,4.25,Producer Milk Components,AMS_3462,3462,Dairy FMMOS,DY-NA,Washington,DC,"Washington, DC",Washington,DC,FMMOS,FMMOS - non-mars,01/21/2026 11:39:00,2025,2025-AUG,4.06,component,lmprs,
Dec,2025,,Florida,6.0,3.94,Producer Milk Components,AMS_3462,3462,Dairy FMMOS,DY-NA,Washington,DC,"Washington, DC",Washington,DC,FMMOS,FMMOS - non-mars,01/21/2026 11:39:00,2025,2025-AUG,3.86,component,lmprs,
Dec,2025,,California,51.0,4.22,Producer Milk Components,AMS_3462,3462,Dairy FMMOS,DY-NA,Washington,DC,"Washington, DC",Washington,DC,FMMOS,FMMOS - non-mars,01/21/2026 11:39:00,2025,2025-AUG,4.15,component,lmprs,
Dec,2025,,Arizona,131.0,4.10,Producer Milk Components,AMS_3462,3462,Dairy FMMOS,DY-NA,Washington,DC,"Washington, DC",Washington,DC,FMMOS,FMMOS - non-mars,01/21/2026 11:39:00,2025,2025-AUG,4.02,component,lmprs,
Dec,2025,,Appalachian,5.0,4.13,Producer Milk Components,AMS_3462,3462,Dairy FMMOS,DY-NA,Washington,DC,"Washington, DC",Washington,DC,FMMOS,FMMOS - non-mars,01/21/2026 11:39:00,2025,2025-AUG,3.98,component,lmprs,
Dec,2025,,All Markets Combined,,4.29,Producer Milk Components,AMS_3462,3462,Dairy FMMOS,DY-NA,Washington,DC,"Washington, DC",Washington,DC,FMMOS,FMMOS - non-mars,01/21/2026 11:39:00,2025,2025-AUG,4.14,component,lmprs,
Dec,2025,,Upper Midwest,30.0,4.33,Producer Milk Components,AMS_3462,3462,Dairy FMMOS,DY-NA,Washington,DC,"Washington, DC",Washington,DC,FMMOS,FMMOS - non-mars,01/21/2026 11:39:00,2025,2025-AUG,4.16,component,lmprs,
Mar,2026,,Upper Midwest,30.0,4.46,Producer Milk Components,AMS_3462,3462,Dairy FMMOS,DY-NA,Washington,DC,"Washington, DC",Washington,DC,FMMOS,FMMOS - non-mars,04/21/2026 05:48:00,2026,2026-AUG,,component,lmprs,
Mar,2026,,All Markets Combined,,4.42,Producer Milk Components,AMS_3462,3462,Dairy FMMOS,DY-NA,Washington,DC,"Washington, DC",Washington,DC,FMMOS,FMMOS - non-mars,04/21/2026 05:48:00,2026,2026-AUG,,component,lmprs,
Mar,2026,,Appalachian,5.0,4.23,Producer Milk Components,AMS_3462,3462,Dairy FMMOS,DY-NA,Washington,DC,"Washington, DC",Washington,DC,FMMOS,FMMOS - non-mars,04/21/2026 05:48:00,2026,2026-AUG,,component,lmprs,
Mar,2026,,Arizona,131.0,4.16,Producer Milk Components,AMS_3462,3462,Dairy FMMOS,DY-NA,Washington,DC,"Washington, DC",Washington,DC,FMMOS,FMMOS - non-mars,04/21/2026 05:48:00,2026,2026-AUG,,component,lmprs,
Mar,2026,,California,51.0,4.31,Producer Milk Components,AMS_3462,3462,Dairy FMMOS,DY-NA,Washington,DC,"Washington, DC",Washington,DC,FMMOS,FMMOS - non-mars,04/21/2026 05:48:00,2026,2026-AUG,,component,lmprs,
Mar,2026,,Florida,6.0,3.97,Producer Milk Components,AMS_3462,3462,Dairy FMMOS,DY-NA,Washington,DC,"Washington, DC",Washington,DC,FMMOS,FMMOS - non-mars,04/21/2026 05:48:00,2026,2026-AUG,,component,lmprs,
Mar,2026,,Central,32.0,4.36,Producer Milk Components,AMS_3462,3462,Dairy FMMOS,DY-NA,Washington,DC,"Washington, DC",Washington,DC,FMMOS,FMMOS - non-mars,04/21/2026 05:48:00,2026,2026-AUG,,component,lmprs,
Mar,2026,,Mideast,33.0,4.45,Producer Milk Components,AMS_3462,3462,Dairy FMMOS,DY-NA,Washington,DC,"Washington, DC",Washington,DC,FMMOS,FMMOS - non-mars,04/21/2026 05:48:00,2026,2026-AUG,,component,lmprs,
Mar,2026,,Northeast,1.0,4.53,Producer Milk Components,AMS_3462,3462,Dairy FMMOS,DY-NA,Washington,DC,"Washington, DC",Washington,DC,FMMOS,FMMOS - non-mars,04/21/2026 05:48:00,2026,2026-AUG,,component,lmprs,
Mar,2026,,Southeast,7.0,4.32,Producer Milk Components,AMS_3462,3462,Dairy FMMOS,DY-NA,Washington,DC,"Washington, DC",Washington,DC,FMMOS,FMMOS - non-mars,04/21/2026 05:48:00,2026,2026-AUG,,component,lmprs,
Mar,2026,,Pacific Northwest,124.0,4.56,Producer Milk Components,AMS_3462,3462,Dairy FMMOS,DY-NA,Washington,DC,"Washington, DC",Washington,DC,FMMOS,FMMOS - non-mars,04/21/2026 05:48:00,2026,2026-AUG,,component,lmprs,
Mar,2026,,Southwest,126.0,4.52,Producer Milk Components,AMS_3462,3462,Dairy FMMOS,DY-NA,Washington,DC,"Washington, DC",Washington,DC,FMMOS,FMMOS - non-mars,04/21/2026 05:48:00,2026,2026-AUG,,component,lmprs,
Dec,2000,,All Markets Combined,,3.69,Producer Milk Components,AMS_3462,3462,Dairy FMMOS,DY-NA,Washington,DC,"Washington, DC",Washington,DC,FMMOS,FMMOS - non-mars,04/09/2021 07:48:00,2000,2000-SEP,3.63,component,lmprs,
Dec,2000,,Appalachian,5.0,3.67,Producer Milk Components,AMS_3462,3462,Dairy FMMOS,DY-NA,Washington,DC,"Washington, DC",Washington,DC,FMMOS,FMMOS - non-mars,04/09/2021 07:48:00,2000,2000-SEP,3.62,component,lmprs,
Dec,2000,,Arizona,131.0,3.62,Producer Milk Components,AMS_3462,3462,Dairy FMMOS,DY-NA,Washington,DC,"Washington, DC",Washington,DC,FMMOS,FMMOS - non-mars,04/09/2021 07:48:00,2000,2000-SEP,3.56,component,lmprs,
Dec,2000,,Central,32.0,3.69,Producer Milk Components,AMS_3462,3462,Dairy FMMOS,DY-NA,Washington,DC,"Washington, DC",Washington,DC,FMMOS,FMMOS - non-mars,04/09/2021 07:48:00,2000,2000-SEP,3.63,component,lmprs,
Dec,2000,,Florida,6.0,3.60,Producer Milk Components,AMS_3462,3462,Dairy FMMOS,DY-NA,Washington,DC,"Washington, DC",Washington,DC,FMMOS,FMMOS - non-mars,04/09/2021 07:48:00,2000,2000-SEP,3.65,component,lmprs,
Dec,2000,,Mideast,33.0,3.72,Producer Milk Components,AMS_3462,3462,Dairy FMMOS,DY-NA,Washington,DC,"Washington, DC",Washington,DC,FMMOS,FMMOS - non-mars,04/09/2021 07:48:00,2000,2000-SEP,3.64,component,lmprs,
Dec,2000,,Northeast,1.0,3.71,Producer Milk Components,AMS_3462,3462,Dairy FMMOS,DY-NA,Washington,DC,"Washington, DC",Washington,DC,FMMOS,FMMOS - non-mars,04/09/2021 07:48:00,2000,2000-SEP,3.64,component,lmprs,
Dec,2000,,Pacific Northwest,124.0,3.65,Producer Milk Components,AMS_3462,3462,Dairy FMMOS,DY-NA,Washington,DC,"Washington, DC",Washington,DC,FMMOS,FMMOS - non-mars,04/09/2021 07:48:00,2000,2000-SEP,3.62,component,lmprs,
Dec,2000,,Southeast,7.0,3.64,Producer Milk Components,AMS_3462,3462,Dairy FMMOS,DY-NA,Washington,DC,"Washington, DC",Washington,DC,FMMOS,FMMOS - non-mars,04/09/2021 07:48:00,2000,2000-SEP,3.62,component,lmprs,
Dec,2000,,Southwest,126.0,3.60,Producer Milk Components,AMS_3462,3462,Dairy FMMOS,DY-NA,Washington,DC,"Washington, DC",Washington,DC,FMMOS,FMMOS - non-mars,04/09/2021 07:48:00,2000,2000-SEP,3.52,component,lmprs,
Dec,2000,,Upper Midwest,30.0,3.73,Producer Milk Components,AMS_3462,3462,Dairy FMMOS,DY-NA,Washington,DC,"Washington, DC",Washington,DC,FMMOS,FMMOS - non-mars,04/09/2021 07:48:00,2000,2000-SEP,3.68,component,lmprs,
Dec,2000,,Western,135.0,3.60,Producer Milk Components,AMS_3462,3462,Dairy FMMOS,DY-NA,Washington,DC,"Washington, DC",Washington,DC,FMMOS,FMMOS - non-mars,04/09/2021 07:48:00,2000,2000-SEP,3.57,component,lmprs,
Dec,2001,,Western,135.0,3.61,Producer Milk Components,AMS_3462,3462,Dairy FMMOS,DY-NA,Washington,DC,"Washington, DC",Washington,DC,FMMOS,FMMOS - non-mars,04/09/2021 07:46:00,2001,2001-SEP,3.56,component,lmprs,
Dec,2001,,Upper Midwest,30.0,3.72,Producer Milk Components,AMS_3462,3462,Dairy FMMOS,DY-NA,Washington,DC,"Washington, DC",Washington,DC,FMMOS,FMMOS - non-mars,04/09/2021 07:46:00,2001,2001-SEP,3.66,component,lmprs,
Dec,2001,,Southwest,126.0,3.62,Producer Milk Components,AMS_3462,3462,Dairy FMMOS,DY-NA,Washington,DC,"Washington, DC",Washington,DC,FMMOS,FMMOS - non-mars,04/09/2021 07:46:00,2001,2001-SEP,3.58,component,lmprs,
Dec,2001,,Southeast,7.0,3.64,Producer Milk Components,AMS_3462,3462,Dairy FMMOS,DY-NA,Washington,DC,"Washington, DC",Washington,DC,FMMOS,FMMOS - non-mars,04/09/2021 07:46:00,2001,2001-SEP,3.64,component,lmprs,
Dec,2001,,Pacific Northwest,124.0,3.66,Producer Milk Components,AMS_3462,3462,Dairy FMMOS,DY-NA,Washington,DC,"Washington, DC",Washington,DC,FMMOS,FMMOS - non-mars,04/09/2021 07:46:00,2001,2001-SEP,3.62,component,lmprs,
Dec,2001,,Northeast,1.0,3.68,Producer Milk Components,AMS_3462,3462,Dairy FMMOS,DY-NA,Washington,DC,"Washington, DC",Washington,DC,FMMOS,FMMOS - non-mars,04/09/2021 07:46:00,2001,2001-SEP,3.61,component,lmprs,
Dec,2001,,Mideast,33.0,3.68,Producer Milk Components,AMS_3462,3462,Dairy FMMOS,DY-NA,Washington,DC,"Washington, DC",Washington,DC,FMMOS,FMMOS - non-mars,04/09/2021 07:46:00,2001,2001-SEP,3.62,component,lmprs,
Dec,2001,,Florida,6.0,3.60,Producer Milk Components,AMS_3462,3462,Dairy FMMOS,DY-NA,Washington,DC,"Washington, DC",Washington,DC,FMMOS,FMMOS - non-mars,04/09/2021 07:46:00,2001,2001-SEP,3.65,component,lmprs,
Dec,2001,,Central,32.0,3.69,Producer Milk Components,AMS_3462,3462,Dairy FMMOS,DY-NA,Washington,DC,"Washington, DC",Washington,DC,FMMOS,FMMOS - non-mars,04/09/2021 07:46:00,2001,2001-SEP,3.65,component,lmprs,
Dec,2001,,Arizona,131.0,3.62,Producer Milk Components,AMS_3462,3462,Dairy FMMOS,DY-NA,Washington,DC,"Washington, DC",Washington,DC,FMMOS,FMMOS - non-mars,04/09/2021 07:46:00,2001,2001-SEP,3.61,component,lmprs,
Dec,2001,,Appalachian,5.0,3.65,Producer Milk Components,AMS_3462,3462,Dairy FMMOS,DY-NA,Washington,DC,"Washington, DC",Washington,DC,FMMOS,FMMOS - non-mars,04/09/2021 07:46:00,2001,2001-SEP,3.60,component,lmprs,
Dec,2001,,All Markets Combined,,3.67,Producer Milk Components,AMS_3462,3462,Dairy FMMOS,DY-NA,Washington,DC,"Washington, DC",Washington,DC,FMMOS,FMMOS - non-mars,04/09/2021 07:46:00,2001,2001-SEP,3.63,component,lmprs,
Dec,2002,,All Markets Combined,,3.69,Producer Milk Components,AMS_3462,3462,Dairy FMMOS,DY-NA,Washington,DC,"Washington, DC",Washington,DC,FMMOS,FMMOS - non-mars,04/09/2021 07:46:00,2002,2002-SEP,3.63,component,lmprs,
Dec,2002,,Appalachian,5.0,3.66,Producer Milk Components,AMS_3462,3462,Dairy FMMOS,DY-NA,Washington,DC,"Washington, DC",Washington,DC,FMMOS,FMMOS - non-mars,04/09/2021 07:46:00,2002,2002-SEP,3.61,component,lmprs,
Dec,2002,,Arizona,131.0,3.63,Producer Milk Components,AMS_3462,3462,Dairy FMMOS,DY-NA,Washington,DC,"Washington, DC",Washington,DC,FMMOS,FMMOS - non-mars,04/09/2021 07:46:00,2002,2002-SEP,3.64,component,lmprs,
Dec,2002,,Central,32.0,3.70,Producer Milk Components,AMS_3462,3462,Dairy FMMOS,DY-NA,Washington,DC,"Washington, DC",Washington,DC,FMMOS,FMMOS - non-mars,04/09/2021 07:46:00,2002,2002-SEP,3.63,component,lmprs,
Dec,2002,,Florida,6.0,3.67,Producer Milk Components,AMS_3462,3462,Dairy FMMOS,DY-NA,Washington,DC,"Washington, DC",Washington,DC,FMMOS,FMMOS - non-mars,04/09/2021 07:46:00,2002,2002-SEP,3.72,component,lmprs,
Dec,2002,,Mideast,33.0,3.69,Producer Milk Components,AMS_3462,3462,Dairy FMMOS,DY-NA,Washington,DC,"Washington, DC",Washington,DC,FMMOS,FMMOS - non-mars,04/09/2021 07:46:00,2002,2002-SEP,3.60,component,lmprs,
Dec,2002,,Northeast,1.0,3.69,Producer Milk Components,AMS_3462,3462,Dairy FMMOS,DY-NA,Washington,DC,"Washington, DC",Washington,DC,FMMOS,FMMOS - non-mars,04/09/2021 07:46:00,2002,2002-SEP,3.62,component,lmprs,
Dec,2002,,Pacific Northwest,124.0,3.67,Producer Milk Components,AMS_3462,3462,Dairy FMMOS,DY-NA,Washington,DC,"Washington, DC",Washington,DC,FMMOS,FMMOS - non-mars,04/09/2021 07:46:00,2002,2002-SEP,3.66,component,lmprs,
Dec,2002,,Southeast,7.0,3.66,Producer Milk Components,AMS_3462,3462,Dairy FMMOS,DY-NA,Washington,DC,"Washington, DC",Washington,DC,FMMOS,FMMOS - non-mars,04/09/2021 07:46:00,2002,2002-SEP,3.62,component,lmprs,
Dec,2002,,Southwest,126.0,3.64,Producer Milk Components,AMS_3462,3462,Dairy FMMOS,DY-NA,Washington,DC,"Washington, DC",Washington,DC,FMMOS,FMMOS - non-mars,04/09/2021 07:46:00,2002,2002-SEP,3.58,component,lmprs,
Dec,2002,,Upper Midwest,30.0,3.73,Producer Milk Components,AMS_3462,3462,Dairy FMMOS,DY-NA,Washington,DC,"Washington, DC",Washington,DC,FMMOS,FMMOS - non-mars,04/09/2021 07:46:00,2002,2002-SEP,3.65,component,lmprs,
Dec,2002,,Western,135.0,3.63,Producer Milk Components,AMS_3462,3462,Dairy FMMOS,DY-NA,Washington,DC,"Washington, DC",Washington,DC,FMMOS,FMMOS - non-mars,04/09/2021 07:46:00,2002,2002-SEP,3.61,component,lmprs,
Dec,2003,,Western,135.0,3.60,Producer Milk Components,AMS_3462,3462,Dairy FMMOS,DY-NA,Washington,DC,"Washington, DC",Washington,DC,FMMOS,FMMOS - non-mars,04/09/2021 07:46:00,2003,2003-SEP,3.55,component,lmprs,
Dec,2003,,Upper Midwest,30.0,3.72,Producer Milk Components,AMS_3462,3462,Dairy FMMOS,DY-NA,Washington,DC,"Washington, DC",Washington,DC,FMMOS,FMMOS - non-mars,04/09/2021 07:46:00,2003,2003-SEP,3.63,component,lmprs,
Dec,2003,,Southwest,126.0,3.62,Producer Milk Components,AMS_3462,3462,Dairy FMMOS,DY-NA,Washington,DC,"Washington, DC",Washington,DC,FMMOS,FMMOS - non-mars,04/09/2021 07:46:00,2003,2003-SEP,3.59,component,lmprs,
Dec,2003,,Southeast,7.0,3.63,Producer Milk Components,AMS_3462,3462,Dairy FMMOS,DY-NA,Washington,DC,"Washington, DC",Washington,DC,FMMOS,FMMOS - non-mars,04/09/2021 07:46:00,2003,2003-SEP,3.60,component,lmprs,
Dec,2003,,Northeast,1.0,3.70,Producer Milk Components,AMS_3462,3462,Dairy FMMOS,DY-NA,Washington,DC,"Washington, DC",Washington,DC,FMMOS,FMMOS - non-mars,04/09/2021 07:46:00,2003,2003-SEP,3.64,component,lmprs,
Dec,2003,,Pacific Northwest,124.0,3.66,Producer Milk Components,AMS_3462,3462,Dairy FMMOS,DY-NA,Washington,DC,"Washington, DC",Washington,DC,FMMOS,FMMOS - non-mars,04/09/2021 07:46:00,2003,2003-SEP,3.62,component,lmprs,
Dec,2003,,Mideast,33.0,3.69,Producer Milk Components,AMS_3462,3462,Dairy FMMOS,DY-NA,Washington,DC,"Washington, DC",Washington,DC,FMMOS,FMMOS - non-mars,04/09/2021 07:46:00,2003,2003-SEP,3.61,component,lmprs,
Dec,2003,,Florida,6.0,3.57,Producer Milk Components,AMS_3462,3462,Dairy FMMOS,DY-NA,Washington,DC,"Washington, DC",Washington,DC,FMMOS,FMMOS - non-mars,04/09/2021 07:46:00,2003,2003-SEP,3.59,component,lmprs,
Dec,2003,,Arizona,131.0,3.59,Producer Milk Components,AMS_3462,3462,Dairy FMMOS,DY-NA,Washington,DC,"Washington, DC",Washington,DC,FMMOS,FMMOS - non-mars,04/09/2021 07:46:00,2003,2003-SEP,3.57,component,lmprs,
Dec,2003,,Central,32.0,3.68,Producer Milk Components,AMS_3462,3462,Dairy FMMOS,DY-NA,Washington,DC,"Washington, DC",Washington,DC,FMMOS,FMMOS - non-mars,04/09/2021 07:46:00,2003,2003-SEP,3.61,component,lmprs,
Dec,2003,,Appalachian,5.0,3.65,Producer Milk Components,AMS_3462,3462,Dairy FMMOS,DY-NA,Washington,DC,"Washington, DC",Washington,DC,FMMOS,FMMOS - non-mars,04/09/2021 07:46:00,2003,2003-SEP,3.58,component,lmprs,
Dec,2003,,All Markets Combined,,3.67,Producer Milk Components,AMS_3462,3462,Dairy FMMOS,DY-NA,Washington,DC,"Washington, DC",Washington,DC,FMMOS,FMMOS - non-mars,04/09/2021 07:46:00,2003,2003-SEP,3.61,component,lmprs,
Dec,2004,,All Markets Combined,,3.67,Producer Milk Components,AMS_3462,3462,Dairy FMMOS,DY-NA,Washington,DC,"Washington, DC",Washington,DC,FMMOS,FMMOS - non-mars,04/09/2021 07:44:00,2004,2004-SEP,3.63,component,lmprs,
Dec,2004,,Appalachian,5.0,3.62,Producer Milk Components,AMS_3462,3462,Dairy FMMOS,DY-NA,Washington,DC,"Washington, DC",Washington,DC,FMMOS,FMMOS - non-mars,04/09/2021 07:44:00,2004,2004-SEP,3.59,component,lmprs,
Dec,2004,,Central,32.0,3.66,Producer Milk Components,AMS_3462,3462,Dairy FMMOS,DY-NA,Washington,DC,"Washington, DC",Washington,DC,FMMOS,FMMOS - non-mars,04/09/2021 07:44:00,2004,2004-SEP,3.61,component,lmprs,
Dec,2004,,Arizona,131.0,3.61,Producer Milk Components,AMS_3462,3462,Dairy FMMOS,DY-NA,Washington,DC,"Washington, DC",Washington,DC,FMMOS,FMMOS - non-mars,04/09/2021 07:44:00,2004,2004-SEP,3.63,component,lmprs,
Dec,2004,,Florida,6.0,3.61,Producer Milk Components,AMS_3462,3462,Dairy FMMOS,DY-NA,Washington,DC,"Washington, DC",Washington,DC,FMMOS,FMMOS - non-mars,04/09/2021 07:44:00,2004,2004-SEP,3.71,component,lmprs,
Dec,2004,,Mideast,33.0,3.67,Producer Milk Components,AMS_3462,3462,Dairy FMMOS,DY-NA,Washington,DC,"Washington, DC",Washington,DC,FMMOS,FMMOS - non-mars,04/09/2021 07:44:00,2004,2004-SEP,3.61,component,lmprs,
Dec,2004,,Pacific Northwest,124.0,3.68,Producer Milk Components,AMS_3462,3462,Dairy FMMOS,DY-NA,Washington,DC,"Washington, DC",Washington,DC,FMMOS,FMMOS - non-mars,04/09/2021 07:44:00,2004,2004-SEP,3.68,component,lmprs,
Dec,2004,,Northeast,1.0,3.66,Producer Milk Components,AMS_3462,3462,Dairy FMMOS,DY-NA,Washington,DC,"Washington, DC",Washington,DC,FMMOS,FMMOS - non-mars,04/09/2021 07:44:00,2004,2004-SEP,3.61,component,lmprs,
Dec,2004,,Southeast,7.0,3.65,Producer Milk Components,AMS_3462,3462,Dairy FMMOS,DY-NA,Washington,DC,"Washington, DC",Washington,DC,FMMOS,FMMOS - non-mars,04/09/2021 07:44:00,2004,2004-SEP,3.64,component,lmprs,
Dec,2004,,Southwest,126.0,3.64,Producer Milk Components,AMS_3462,3462,Dairy FMMOS,DY-NA,Washington,DC,"Washington, DC",Washington,DC,FMMOS,FMMOS - non-mars,04/09/2021 07:44:00,2004,2004-SEP,3.60,component,lmprs,
Dec,2004,,Upper Midwest,30.0,3.72,Producer Milk Components,AMS_3462,3462,Dairy FMMOS,DY-NA,Washington,DC,"Washington, DC",Washington,DC,FMMOS,FMMOS - non-mars,04/09/2021 07:44:00,2004,2004-SEP,3.67,component,lmprs,
Dec,2004,,Western,135.0,3.70,Producer Milk Components,AMS_3462,3462,Dairy FMMOS,DY-NA,Washington,DC,"Washington, DC",Washington,DC,FMMOS,FMMOS - non-mars,04/09/2021 07:44:00,2004,2004-SEP,,component,lmprs,
Dec,2005,,Upper Midwest,30.0,3.71,Producer Milk Components,AMS_3462,3462,Dairy FMMOS,DY-NA,Washington,DC,"Washington, DC",Washington,DC,FMMOS,FMMOS - non-mars,03/30/2021 14:16:00,2005,2005-SEP,3.64,component,lmprs,
Dec,2005,,Southwest,126.0,3.66,Producer Milk Components,AMS_3462,3462,Dairy FMMOS,DY-NA,Washington,DC,"Washington, DC",Washington,DC,FMMOS,FMMOS - non-mars,03/30/2021 14:16:00,2005,2005-SEP,3.61,component,lmprs,
Dec,2005,,Southeast,7.0,3.63,Producer Milk Components,AMS_3462,3462,Dairy FMMOS,DY-NA,Washington,DC,"Washington, DC",Washington,DC,FMMOS,FMMOS - non-mars,03/30/2021 14:16:00,2005,2005-SEP,3.60,component,lmprs,
Dec,2005,,Northeast,1.0,3.67,Producer Milk Components,AMS_3462,3462,Dairy FMMOS,DY-NA,Washington,DC,"Washington, DC",Washington,DC,FMMOS,FMMOS - non-mars,03/30/2021 14:16:00,2005,2005-SEP,3.62,component,lmprs,
Dec,2005,,Pacific Northwest,124.0,3.67,Producer Milk Components,AMS_3462,3462,Dairy FMMOS,DY-NA,Washington,DC,"Washington, DC",Washington,DC,FMMOS,FMMOS - non-mars,03/30/2021 14:16:00,2005,2005-SEP,3.67,component,lmprs,
Dec,2005,,Mideast,33.0,3.65,Producer Milk Components,AMS_3462,3462,Dairy FMMOS,DY-NA,Washington,DC,"Washington, DC",Washington,DC,FMMOS,FMMOS - non-mars,03/30/2021 14:16:00,2005,2005-SEP,3.59,component,lmprs,
Dec,2005,,Florida,6.0,3.60,Producer Milk Components,AMS_3462,3462,Dairy FMMOS,DY-NA,Washington,DC,"Washington, DC",Washington,DC,FMMOS,FMMOS - non-mars,03/30/2021 14:16:00,2005,2005-SEP,3.63,component,lmprs,
Dec,2005,,Central,32.0,3.64,Producer Milk Components,AMS_3462,3462,Dairy FMMOS,DY-NA,Washington,DC,"Washington, DC",Washington,DC,FMMOS,FMMOS - non-mars,03/30/2021 14:16:00,2005,2005-SEP,3.59,component,lmprs,
Dec,2005,,Appalachian,5.0,3.62,Producer Milk Components,AMS_3462,3462,Dairy FMMOS,DY-NA,Washington,DC,"Washington, DC",Washington,DC,FMMOS,FMMOS - non-mars,03/30/2021 14:16:00,2005,2005-SEP,3.56,component,lmprs,
Dec,2005,,Arizona,131.0,3.59,Producer Milk Components,AMS_3462,3462,Dairy FMMOS,DY-NA,Washington,DC,"Washington, DC",Washington,DC,FMMOS,FMMOS - non-mars,03/30/2021 14:16:00,2005,2005-SEP,3.56,component,lmprs,
Dec,2005,,All Markets Combined,,3.66,Producer Milk Components,AMS_3462,3462,Dairy FMMOS,DY-NA,Washington,DC,"Washington, DC",Washington,DC,FMMOS,FMMOS - non-mars,03/30/2021 14:16:00,2005,2005-SEP,3.61,component,lmprs,
Dec,2006,,All Markets Combined,,3.69,Producer Milk Components,AMS_3462,3462,Dairy FMMOS,DY-NA,Washington,DC,"Washington, DC",Washington,DC,FMMOS,FMMOS - non-mars,03/30/2021 14:16:00,2006,2006-SEP,3.68,component,lmprs,
Dec,2006,,Arizona,131.0,3.59,Producer Milk Components,AMS_3462,3462,Dairy FMMOS,DY-NA,Washington,DC,"Washington, DC",Washington,DC,FMMOS,FMMOS - non-mars,03/30/2021 14:16:00,2006,2006-SEP,3.61,component,lmprs,
Dec,2006,,Appalachian,5.0,3.67,Producer Milk Components,AMS_3462,3462,Dairy FMMOS,DY-NA,Washington,DC,"Washington, DC",Washington,DC,FMMOS,FMMOS - non-mars,03/30/2021 14:16:00,2006,2006-SEP,3.65,component,lmprs,
Dec,2006,,Central,32.0,3.67,Producer Milk Components,AMS_3462,3462,Dairy FMMOS,DY-NA,Washington,DC,"Washington, DC",Washington,DC,FMMOS,FMMOS - non-mars,03/30/2021 14:16:00,2006,2006-SEP,3.66,component,lmprs,
Dec,2006,,Florida,6.0,3.66,Producer Milk Components,AMS_3462,3462,Dairy FMMOS,DY-NA,Washington,DC,"Washington, DC",Washington,DC,FMMOS,FMMOS - non-mars,03/30/2021 14:16:00,2006,2006-SEP,3.71,component,lmprs,
Dec,2006,,Mideast,33.0,3.69,Producer Milk Components,AMS_3462,3462,Dairy FMMOS,DY-NA,Washington,DC,"Washington, DC",Washington,DC,FMMOS,FMMOS - non-mars,03/30/2021 14:16:00,2006,2006-SEP,3.66,component,lmprs,
Dec,2006,,Pacific Northwest,124.0,3.69,Producer Milk Components,AMS_3462,3462,Dairy FMMOS,DY-NA,Washington,DC,"Washington, DC",Washington,DC,FMMOS,FMMOS - non-mars,03/30/2021 14:16:00,2006,2006-SEP,3.67,component,lmprs,
Dec,2006,,Northeast,1.0,3.71,Producer Milk Components,AMS_3462,3462,Dairy FMMOS,DY-NA,Washington,DC,"Washington, DC",Washington,DC,FMMOS,FMMOS - non-mars,03/30/2021 14:16:00,2006,2006-SEP,3.68,component,lmprs,
Dec,2006,,Southeast,7.0,3.67,Producer Milk Components,AMS_3462,3462,Dairy FMMOS,DY-NA,Washington,DC,"Washington, DC",Washington,DC,FMMOS,FMMOS - non-mars,03/30/2021 14:16:00,2006,2006-SEP,3.68,component,lmprs,
Dec,2006,,Southwest,126.0,3.69,Producer Milk Components,AMS_3462,3462,Dairy FMMOS,DY-NA,Washington,DC,"Washington, DC",Washington,DC,FMMOS,FMMOS - non-mars,03/30/2021 14:16:00,2006,2006-SEP,3.67,component,lmprs,
Dec,2006,,Upper Midwest,30.0,3.72,Producer Milk Components,AMS_3462,3462,Dairy FMMOS,DY-NA,Washington,DC,"Washington, DC",Washington,DC,FMMOS,FMMOS - non-mars,03/30/2021 14:16:00,2006,2006-SEP,3.70,component,lmprs,
Dec,2007,,Upper Midwest,30.0,3.71,Producer Milk Components,AMS_3462,3462,Dairy FMMOS,DY-NA,Washington,DC,"Washington, DC",Washington,DC,FMMOS,FMMOS - non-mars,03/30/2021 14:16:00,2007,2007-SEP,3.65,component,lmprs,
Dec,2007,,Southwest,126.0,3.67,Producer Milk Components,AMS_3462,3462,Dairy FMMOS,DY-NA,Washington,DC,"Washington, DC",Washington,DC,FMMOS,FMMOS - non-mars,03/30/2021 14:16:00,2007,2007-SEP,3.59,component,lmprs,
Dec,2007,,Southeast,7.0,3.67,Producer Milk Components,AMS_3462,3462,Dairy FMMOS,DY-NA,Washington,DC,"Washington, DC",Washington,DC,FMMOS,FMMOS - non-mars,03/30/2021 14:16:00,2007,2007-SEP,3.62,component,lmprs,
Dec,2007,,Northeast,1.0,3.70,Producer Milk Components,AMS_3462,3462,Dairy FMMOS,DY-NA,Washington,DC,"Washington, DC",Washington,DC,FMMOS,FMMOS - non-mars,03/30/2021 14:16:00,2007,2007-SEP,3.63,component,lmprs,
Dec,2007,,Pacific Northwest,124.0,3.70,Producer Milk Components,AMS_3462,3462,Dairy FMMOS,DY-NA,Washington,DC,"Washington, DC",Washington,DC,FMMOS,FMMOS - non-mars,03/30/2021 14:16:00,2007,2007-SEP,3.68,component,lmprs,
Dec,2007,,Mideast,33.0,3.67,Producer Milk Components,AMS_3462,3462,Dairy FMMOS,DY-NA,Washington,DC,"Washington, DC",Washington,DC,FMMOS,FMMOS - non-mars,03/30/2021 14:16:00,2007,2007-SEP,3.60,component,lmprs,
Dec,2007,,Florida,6.0,3.63,Producer Milk Components,AMS_3462,3462,Dairy FMMOS,DY-NA,Washington,DC,"Washington, DC",Washington,DC,FMMOS,FMMOS - non-mars,03/30/2021 14:16:00,2007,2007-SEP,3.66,component,lmprs,
Dec,2007,,Central,32.0,3.68,Producer Milk Components,AMS_3462,3462,Dairy FMMOS,DY-NA,Washington,DC,"Washington, DC",Washington,DC,FMMOS,FMMOS - non-mars,03/30/2021 14:16:00,2007,2007-SEP,3.63,component,lmprs,
Dec,2007,,Appalachian,5.0,3.67,Producer Milk Components,AMS_3462,3462,Dairy FMMOS,DY-NA,Washington,DC,"Washington, DC",Washington,DC,FMMOS,FMMOS - non-mars,03/30/2021 14:16:00,2007,2007-SEP,3.60,component,lmprs,
Dec,2007,,Arizona,131.0,3.60,Producer Milk Components,AMS_3462,3462,Dairy FMMOS,DY-NA,Washington,DC,"Washington, DC",Washington,DC,FMMOS,FMMOS - non-mars,03/30/2021 14:16:00,2007,2007-SEP,3.53,component,lmprs,
Dec,2007,,All Markets Combined,,3.68,Producer Milk Components,AMS_3462,3462,Dairy FMMOS,DY-NA,Washington,DC,"Washington, DC",Washington,DC,FMMOS,FMMOS - non-mars,03/30/2021 14:16:00,2007,2007-SEP,3.63,component,lmprs,
Dec,2008,,All Markets Combined,,3.69,Producer Milk Components,AMS_3462,3462,Dairy FMMOS,DY-NA,Washington,DC,"Washington, DC",Washington,DC,FMMOS,FMMOS - non-mars,03/30/2021 14:15:00,2008,2008-SEP,3.65,component,lmprs,
Dec,2008,,Arizona,131.0,3.56,Producer Milk Components,AMS_3462,3462,Dairy FMMOS,DY-NA,Washington,DC,"Washington, DC",Washington,DC,FMMOS,FMMOS - non-mars,03/30/2021 14:15:00,2008,2008-SEP,3.53,component,lmprs,
Dec,2008,,Appalachian,5.0,3.69,Producer Milk Components,AMS_3462,3462,Dairy FMMOS,DY-NA,Washington,DC,"Washington, DC",Washington,DC,FMMOS,FMMOS - non-mars,03/30/2021 14:15:00,2008,2008-SEP,3.65,component,lmprs,
Dec,2008,,Central,32.0,3.65,Producer Milk Components,AMS_3462,3462,Dairy FMMOS,DY-NA,Washington,DC,"Washington, DC",Washington,DC,FMMOS,FMMOS - non-mars,03/30/2021 14:15:00,2008,2008-SEP,3.61,component,lmprs,
Dec,2008,,Florida,6.0,3.60,Producer Milk Components,AMS_3462,3462,Dairy FMMOS,DY-NA,Washington,DC,"Washington, DC",Washington,DC,FMMOS,FMMOS - non-mars,03/30/2021 14:15:00,2008,2008-SEP,3.62,component,lmprs,
Dec,2008,,Mideast,33.0,3.70,Producer Milk Components,AMS_3462,3462,Dairy FMMOS,DY-NA,Washington,DC,"Washington, DC",Washington,DC,FMMOS,FMMOS - non-mars,03/30/2021 14:15:00,2008,2008-SEP,3.65,component,lmprs,
Dec,2008,,Pacific Northwest,124.0,3.67,Producer Milk Components,AMS_3462,3462,Dairy FMMOS,DY-NA,Washington,DC,"Washington, DC",Washington,DC,FMMOS,FMMOS - non-mars,03/30/2021 14:15:00,2008,2008-SEP,3.63,component,lmprs,
Dec,2008,,Northeast,1.0,3.73,Producer Milk Components,AMS_3462,3462,Dairy FMMOS,DY-NA,Washington,DC,"Washington, DC",Washington,DC,FMMOS,FMMOS - non-mars,03/30/2021 14:15:00,2008,2008-SEP,3.69,component,lmprs,
Dec,2008,,Southeast,7.0,3.67,Producer Milk Components,AMS_3462,3462,Dairy FMMOS,DY-NA,Washington,DC,"Washington, DC",Washington,DC,FMMOS,FMMOS - non-mars,03/30/2021 14:15:00,2008,2008-SEP,3.63,component,lmprs,
Dec,2008,,Southwest,126.0,3.63,Producer Milk Components,AMS_3462,3462,Dairy FMMOS,DY-NA,Washington,DC,"Washington, DC",Washington,DC,FMMOS,FMMOS - non-mars,03/30/2021 14:15:00,2008,2008-SEP,3.59,component,lmprs,
Dec,2008,,Upper Midwest,30.0,3.72,Producer Milk Components,AMS_3462,3462,Dairy FMMOS,DY-NA,Washington,DC,"Washington, DC",Washington,DC,FMMOS,FMMOS - non-mars,03/30/2021 14:15:00,2008,2008-SEP,3.67,component,lmprs,
Dec,2009,,Upper Midwest,30.0,3.70,Producer Milk Components,AMS_3462,3462,Dairy FMMOS,DY-NA,Washington,DC,"Washington, DC",Washington,DC,FMMOS,FMMOS - non-mars,03/30/2021 14:15:00,2009,2009-SEP,3.66,component,lmprs,
Dec,2009,,Southwest,126.0,3.58,Producer Milk Components,AMS_3462,3462,Dairy FMMOS,DY-NA,Washington,DC,"Washington, DC",Washington,DC,FMMOS,FMMOS - non-mars,03/30/2021 14:15:00,2009,2009-SEP,3.53,component,lmprs,
Dec,2009,,Southeast,7.0,3.65,Producer Milk Components,AMS_3462,3462,Dairy FMMOS,DY-NA,Washington,DC,"Washington, DC",Washington,DC,FMMOS,FMMOS - non-mars,03/30/2021 14:15:00,2009,2009-SEP,3.65,component,lmprs,
Dec,2009,,Northeast,1.0,3.72,Producer Milk Components,AMS_3462,3462,Dairy FMMOS,DY-NA,Washington,DC,"Washington, DC",Washington,DC,FMMOS,FMMOS - non-mars,03/30/2021 14:15:00,2009,2009-SEP,3.68,component,lmprs,
Dec,2009,,Pacific Northwest,124.0,3.71,Producer Milk Components,AMS_3462,3462,Dairy FMMOS,DY-NA,Washington,DC,"Washington, DC",Washington,DC,FMMOS,FMMOS - non-mars,03/30/2021 14:15:00,2009,2009-SEP,3.66,component,lmprs,
Dec,2009,,Mideast,33.0,3.69,Producer Milk Components,AMS_3462,3462,Dairy FMMOS,DY-NA,Washington,DC,"Washington, DC",Washington,DC,FMMOS,FMMOS - non-mars,03/30/2021 14:15:00,2009,2009-SEP,3.64,component,lmprs,
Dec,2009,,Florida,6.0,3.59,Producer Milk Components,AMS_3462,3462,Dairy FMMOS,DY-NA,Washington,DC,"Washington, DC",Washington,DC,FMMOS,FMMOS - non-mars,03/30/2021 14:15:00,2009,2009-SEP,3.61,component,lmprs,
Dec,2009,,Central,32.0,3.61,Producer Milk Components,AMS_3462,3462,Dairy FMMOS,DY-NA,Washington,DC,"Washington, DC",Washington,DC,FMMOS,FMMOS - non-mars,03/30/2021 14:15:00,2009,2009-SEP,3.56,component,lmprs,
Dec,2009,,Appalachian,5.0,3.68,Producer Milk Components,AMS_3462,3462,Dairy FMMOS,DY-NA,Washington,DC,"Washington, DC",Washington,DC,FMMOS,FMMOS - non-mars,03/30/2021 14:15:00,2009,2009-SEP,3.63,component,lmprs,
Dec,2009,,Arizona,131.0,3.49,Producer Milk Components,AMS_3462,3462,Dairy FMMOS,DY-NA,Washington,DC,"Washington, DC",Washington,DC,FMMOS,FMMOS - non-mars,03/30/2021 14:15:00,2009,2009-SEP,3.46,component,lmprs,
Dec,2009,,All Markets Combined,,3.67,Producer Milk Components,AMS_3462,3462,Dairy FMMOS,DY-NA,Washington,DC,"Washington, DC",Washington,DC,FMMOS,FMMOS - non-mars,03/30/2021 14:15:00,2009,2009-SEP,3.63,component,lmprs,
Dec,2010,,All Markets Combined,,3.66,Producer Milk Components,AMS_3462,3462,Dairy FMMOS,DY-NA,Washington,DC,"Washington, DC",Washington,DC,FMMOS,FMMOS - non-mars,03/30/2021 14:14:00,2010,2010-SEP,3.61,component,lmprs,
Dec,2010,,Arizona,131.0,3.50,Producer Milk Components,AMS_3462,3462,Dairy FMMOS,DY-NA,Washington,DC,"Washington, DC",Washington,DC,FMMOS,FMMOS - non-mars,03/30/2021 14:14:00,2010,2010-SEP,3.44,component,lmprs,
Dec,2010,,Appalachian,5.0,3.65,Producer Milk Components,AMS_3462,3462,Dairy FMMOS,DY-NA,Washington,DC,"Washington, DC",Washington,DC,FMMOS,FMMOS - non-mars,03/30/2021 14:14:00,2010,2010-SEP,3.59,component,lmprs,
Dec,2010,,Central,32.0,3.60,Producer Milk Components,AMS_3462,3462,Dairy FMMOS,DY-NA,Washington,DC,"Washington, DC",Washington,DC,FMMOS,FMMOS - non-mars,03/30/2021 14:14:00,2010,2010-SEP,3.55,component,lmprs,
Dec,2010,,Florida,6.0,3.60,Producer Milk Components,AMS_3462,3462,Dairy FMMOS,DY-NA,Washington,DC,"Washington, DC",Washington,DC,FMMOS,FMMOS - non-mars,03/30/2021 14:14:00,2010,2010-SEP,3.60,component,lmprs,
Dec,2010,,Mideast,33.0,3.66,Producer Milk Components,AMS_3462,3462,Dairy FMMOS,DY-NA,Washington,DC,"Washington, DC",Washington,DC,FMMOS,FMMOS - non-mars,03/30/2021 14:14:00,2010,2010-SEP,3.61,component,lmprs,
Dec,2010,,Pacific Northwest,124.0,3.73,Producer Milk Components,AMS_3462,3462,Dairy FMMOS,DY-NA,Washington,DC,"Washington, DC",Washington,DC,FMMOS,FMMOS - non-mars,03/30/2021 14:14:00,2010,2010-SEP,3.71,component,lmprs,
Dec,2010,,Northeast,1.0,3.69,Producer Milk Components,AMS_3462,3462,Dairy FMMOS,DY-NA,Washington,DC,"Washington, DC",Washington,DC,FMMOS,FMMOS - non-mars,03/30/2021 14:14:00,2010,2010-SEP,3.65,component,lmprs,
Dec,2010,,Southeast,7.0,3.66,Producer Milk Components,AMS_3462,3462,Dairy FMMOS,DY-NA,Washington,DC,"Washington, DC",Washington,DC,FMMOS,FMMOS - non-mars,03/30/2021 14:14:00,2010,2010-SEP,3.62,component,lmprs,
Dec,2010,,Southwest,126.0,3.60,Producer Milk Components,AMS_3462,3462,Dairy FMMOS,DY-NA,Washington,DC,"Washington, DC",Washington,DC,FMMOS,FMMOS - non-mars,03/30/2021 14:14:00,2010,2010-SEP,3.53,component,lmprs,
Dec,2010,,Upper Midwest,30.0,3.68,Producer Milk Components,AMS_3462,3462,Dairy FMMOS,DY-NA,Washington,DC,"Washington, DC",Washington,DC,FMMOS,FMMOS - non-mars,03/30/2021 14:14:00,2010,2010-SEP,3.65,component,lmprs,
Dec,2011,,Southwest,126.0,3.65,Producer Milk Components,AMS_3462,3462,Dairy FMMOS,DY-NA,Washington,DC,"Washington, DC",Washington,DC,FMMOS,FMMOS - non-mars,03/30/2021 14:14:00,2011,2011-SEP,3.56,component,lmprs,
Dec,2011,,Upper Midwest,30.0,3.73,Producer Milk Components,AMS_3462,3462,Dairy FMMOS,DY-NA,Washington,DC,"Washington, DC",Washington,DC,FMMOS,FMMOS - non-mars,03/30/2021 14:14:00,2011,2011-SEP,3.69,component,lmprs,
Dec,2011,,Southeast,7.0,3.71,Producer Milk Components,AMS_3462,3462,Dairy FMMOS,DY-NA,Washington,DC,"Washington, DC",Washington,DC,FMMOS,FMMOS - non-mars,03/30/2021 14:14:00,2011,2011-SEP,3.66,component,lmprs,
Dec,2011,,Pacific Northwest,124.0,3.77,Producer Milk Components,AMS_3462,3462,Dairy FMMOS,DY-NA,Washington,DC,"Washington, DC",Washington,DC,FMMOS,FMMOS - non-mars,03/30/2021 14:14:00,2011,2011-SEP,3.69,component,lmprs,
Dec,2011,,Mideast,33.0,3.70,Producer Milk Components,AMS_3462,3462,Dairy FMMOS,DY-NA,Washington,DC,"Washington, DC",Washington,DC,FMMOS,FMMOS - non-mars,03/30/2021 14:14:00,2011,2011-SEP,3.65,component,lmprs,
Dec,2011,,Northeast,1.0,3.73,Producer Milk Components,AMS_3462,3462,Dairy FMMOS,DY-NA,Washington,DC,"Washington, DC",Washington,DC,FMMOS,FMMOS - non-mars,03/30/2021 14:14:00,2011,2011-SEP,3.68,component,lmprs,
Dec,2011,,Florida,6.0,3.67,Producer Milk Components,AMS_3462,3462,Dairy FMMOS,DY-NA,Washington,DC,"Washington, DC",Washington,DC,FMMOS,FMMOS - non-mars,03/30/2021 14:14:00,2011,2011-SEP,3.66,component,lmprs,
Dec,2011,,Central,32.0,3.67,Producer Milk Components,AMS_3462,3462,Dairy FMMOS,DY-NA,Washington,DC,"Washington, DC",Washington,DC,FMMOS,FMMOS - non-mars,03/30/2021 14:14:00,2011,2011-SEP,3.59,component,lmprs,
Dec,2011,,Appalachian,5.0,3.69,Producer Milk Components,AMS_3462,3462,Dairy FMMOS,DY-NA,Washington,DC,"Washington, DC",Washington,DC,FMMOS,FMMOS - non-mars,03/30/2021 14:14:00,2011,2011-SEP,3.63,component,lmprs,
Dec,2011,,Arizona,131.0,3.55,Producer Milk Components,AMS_3462,3462,Dairy FMMOS,DY-NA,Washington,DC,"Washington, DC",Washington,DC,FMMOS,FMMOS - non-mars,03/30/2021 14:14:00,2011,2011-SEP,3.46,component,lmprs,
Dec,2011,,All Markets Combined,,3.70,Producer Milk Components,AMS_3462,3462,Dairy FMMOS,DY-NA,Washington,DC,"Washington, DC",Washington,DC,FMMOS,FMMOS - non-mars,03/30/2021 14:14:00,2011,2011-SEP,3.65,component,lmprs,
Dec,2012,,All Markets Combined,,3.71,Producer Milk Components,AMS_3462,3462,Dairy FMMOS,DY-NA,Washington,DC,"Washington, DC",Washington,DC,FMMOS,FMMOS - non-mars,03/30/2021 14:13:00,2012,2012-SEP,3.69,component,lmprs,
Dec,2012,,Arizona,131.0,3.55,Producer Milk Components,AMS_3462,3462,Dairy FMMOS,DY-NA,Washington,DC,"Washington, DC",Washington,DC,FMMOS,FMMOS - non-mars,03/30/2021 14:13:00,2012,2012-SEP,3.55,component,lmprs,
Dec,2012,,Appalachian,5.0,3.69,Producer Milk Components,AMS_3462,3462,Dairy FMMOS,DY-NA,Washington,DC,"Washington, DC",Washington,DC,FMMOS,FMMOS - non-mars,03/30/2021 14:13:00,2012,2012-SEP,3.67,component,lmprs,
Dec,2012,,Central,32.0,3.69,Producer Milk Components,AMS_3462,3462,Dairy FMMOS,DY-NA,Washington,DC,"Washington, DC",Washington,DC,FMMOS,FMMOS - non-mars,03/30/2021 14:13:00,2012,2012-SEP,3.66,component,lmprs,
Dec,2012,,Florida,6.0,3.66,Producer Milk Components,AMS_3462,3462,Dairy FMMOS,DY-NA,Washington,DC,"Washington, DC",Washington,DC,FMMOS,FMMOS - non-mars,03/30/2021 14:13:00,2012,2012-SEP,3.70,component,lmprs,
Dec,2012,,Northeast,1.0,3.73,Producer Milk Components,AMS_3462,3462,Dairy FMMOS,DY-NA,Washington,DC,"Washington, DC",Washington,DC,FMMOS,FMMOS - non-mars,03/30/2021 14:13:00,2012,2012-SEP,3.69,component,lmprs,
Dec,2012,,Mideast,33.0,3.69,Producer Milk Components,AMS_3462,3462,Dairy FMMOS,DY-NA,Washington,DC,"Washington, DC",Washington,DC,FMMOS,FMMOS - non-mars,03/30/2021 14:13:00,2012,2012-SEP,3.63,component,lmprs,
Dec,2012,,Pacific Northwest,124.0,3.81,Producer Milk Components,AMS_3462,3462,Dairy FMMOS,DY-NA,Washington,DC,"Washington, DC",Washington,DC,FMMOS,FMMOS - non-mars,03/30/2021 14:13:00,2012,2012-SEP,3.76,component,lmprs,
Dec,2012,,Southeast,7.0,3.70,Producer Milk Components,AMS_3462,3462,Dairy FMMOS,DY-NA,Washington,DC,"Washington, DC",Washington,DC,FMMOS,FMMOS - non-mars,03/30/2021 14:13:00,2012,2012-SEP,3.69,component,lmprs,
Dec,2012,,Upper Midwest,30.0,3.76,Producer Milk Components,AMS_3462,3462,Dairy FMMOS,DY-NA,Washington,DC,"Washington, DC",Washington,DC,FMMOS,FMMOS - non-mars,03/30/2021 14:13:00,2012,2012-SEP,3.74,component,lmprs,
Dec,2012,,Southwest,126.0,3.65,Producer Milk Components,AMS_3462,3462,Dairy FMMOS,DY-NA,Washington,DC,"Washington, DC",Washington,DC,FMMOS,FMMOS - non-mars,03/30/2021 14:13:00,2012,2012-SEP,3.65,component,lmprs,
Dec,2013,,Southwest,126.0,3.69,Producer Milk Components,AMS_3462,3462,Dairy FMMOS,DY-NA,Washington,DC,"Washington, DC",Washington,DC,FMMOS,FMMOS - non-mars,03/30/2021 14:13:00,2013,2013-SEP,3.63,component,lmprs,
Dec,2013,,Upper Midwest,30.0,3.81,Producer Milk Components,AMS_3462,3462,Dairy FMMOS,DY-NA,Washington,DC,"Washington, DC",Washington,DC,FMMOS,FMMOS - non-mars,03/30/2021 14:13:00,2013,2013-SEP,3.73,component,lmprs,
Dec,2013,,Southeast,7.0,3.72,Producer Milk Components,AMS_3462,3462,Dairy FMMOS,DY-NA,Washington,DC,"Washington, DC",Washington,DC,FMMOS,FMMOS - non-mars,03/30/2021 14:13:00,2013,2013-SEP,3.64,component,lmprs,
Dec,2013,,Pacific Northwest,124.0,3.88,Producer Milk Components,AMS_3462,3462,Dairy FMMOS,DY-NA,Washington,DC,"Washington, DC",Washington,DC,FMMOS,FMMOS - non-mars,03/30/2021 14:13:00,2013,2013-SEP,3.82,component,lmprs,
Dec,2013,,Mideast,33.0,3.76,Producer Milk Components,AMS_3462,3462,Dairy FMMOS,DY-NA,Washington,DC,"Washington, DC",Washington,DC,FMMOS,FMMOS - non-mars,03/30/2021 14:13:00,2013,2013-SEP,3.70,component,lmprs,
Dec,2013,,Northeast,1.0,3.76,Producer Milk Components,AMS_3462,3462,Dairy FMMOS,DY-NA,Washington,DC,"Washington, DC",Washington,DC,FMMOS,FMMOS - non-mars,03/30/2021 14:13:00,2013,2013-SEP,3.73,component,lmprs,
Dec,2013,,Florida,6.0,3.64,Producer Milk Components,AMS_3462,3462,Dairy FMMOS,DY-NA,Washington,DC,"Washington, DC",Washington,DC,FMMOS,FMMOS - non-mars,03/30/2021 14:13:00,2013,2013-SEP,3.62,component,lmprs,
Dec,2013,,Central,32.0,3.75,Producer Milk Components,AMS_3462,3462,Dairy FMMOS,DY-NA,Washington,DC,"Washington, DC",Washington,DC,FMMOS,FMMOS - non-mars,03/30/2021 14:13:00,2013,2013-SEP,3.65,component,lmprs,
Dec,2013,,Arizona,131.0,3.52,Producer Milk Components,AMS_3462,3462,Dairy FMMOS,DY-NA,Washington,DC,"Washington, DC",Washington,DC,FMMOS,FMMOS - non-mars,03/30/2021 14:13:00,2013,2013-SEP,3.51,component,lmprs,
Dec,2013,,All Markets Combined,,3.76,Producer Milk Components,AMS_3462,3462,Dairy FMMOS,DY-NA,Washington,DC,"Washington, DC",Washington,DC,FMMOS,FMMOS - non-mars,03/30/2021 14:13:00,2013,2013-SEP,3.69,component,lmprs,
Dec,2013,,Appalachian,5.0,3.71,Producer Milk Components,AMS_3462,3462,Dairy FMMOS,DY-NA,Washington,DC,"Washington, DC",Washington,DC,FMMOS,FMMOS - non-mars,03/30/2021 14:13:00,2013,2013-SEP,3.61,component,lmprs,
Dec,2014,,Appalachian,5.0,3.65,Producer Milk Components,AMS_3462,3462,Dairy FMMOS,DY-NA,Washington,DC,"Washington, DC",Washington,DC,FMMOS,FMMOS - non-mars,03/30/2021 14:13:00,2014,2014-SEP,3.60,component,lmprs,
Dec,2014,,All Markets Combined,,3.74,Producer Milk Components,AMS_3462,3462,Dairy FMMOS,DY-NA,Washington,DC,"Washington, DC",Washington,DC,FMMOS,FMMOS - non-mars,03/30/2021 14:13:00,2014,2014-SEP,3.71,component,lmprs,
Dec,2014,,Arizona,131.0,3.47,Producer Milk Components,AMS_3462,3462,Dairy FMMOS,DY-NA,Washington,DC,"Washington, DC",Washington,DC,FMMOS,FMMOS - non-mars,03/30/2021 14:13:00,2014,2014-SEP,3.48,component,lmprs,
Dec,2014,,Central,32.0,3.73,Producer Milk Components,AMS_3462,3462,Dairy FMMOS,DY-NA,Washington,DC,"Washington, DC",Washington,DC,FMMOS,FMMOS - non-mars,03/30/2021 14:13:00,2014,2014-SEP,3.69,component,lmprs,
Dec,2014,,Florida,6.0,3.60,Producer Milk Components,AMS_3462,3462,Dairy FMMOS,DY-NA,Washington,DC,"Washington, DC",Washington,DC,FMMOS,FMMOS - non-mars,03/30/2021 14:13:00,2014,2014-SEP,3.64,component,lmprs,
Dec,2014,,Northeast,1.0,3.78,Producer Milk Components,AMS_3462,3462,Dairy FMMOS,DY-NA,Washington,DC,"Washington, DC",Washington,DC,FMMOS,FMMOS - non-mars,03/30/2021 14:13:00,2014,2014-SEP,3.73,component,lmprs,
Dec,2014,,Mideast,33.0,3.75,Producer Milk Components,AMS_3462,3462,Dairy FMMOS,DY-NA,Washington,DC,"Washington, DC",Washington,DC,FMMOS,FMMOS - non-mars,03/30/2021 14:13:00,2014,2014-SEP,3.68,component,lmprs,
Dec,2014,,Pacific Northwest,124.0,3.88,Producer Milk Components,AMS_3462,3462,Dairy FMMOS,DY-NA,Washington,DC,"Washington, DC",Washington,DC,FMMOS,FMMOS - non-mars,03/30/2021 14:13:00,2014,2014-SEP,3.90,component,lmprs,
Dec,2014,,Southeast,7.0,3.66,Producer Milk Components,AMS_3462,3462,Dairy FMMOS,DY-NA,Washington,DC,"Washington, DC",Washington,DC,FMMOS,FMMOS - non-mars,03/30/2021 14:13:00,2014,2014-SEP,3.60,component,lmprs,
Dec,2014,,Upper Midwest,30.0,3.80,Producer Milk Components,AMS_3462,3462,Dairy FMMOS,DY-NA,Washington,DC,"Washington, DC",Washington,DC,FMMOS,FMMOS - non-mars,03/30/2021 14:13:00,2014,2014-SEP,3.77,component,lmprs,
Dec,2014,,Southwest,126.0,3.67,Producer Milk Components,AMS_3462,3462,Dairy FMMOS,DY-NA,Washington,DC,"Washington, DC",Washington,DC,FMMOS,FMMOS - non-mars,03/30/2021 14:13:00,2014,2014-SEP,3.64,component,lmprs,
Dec,2015,,Southwest,126.0,3.73,Producer Milk Components,AMS_3462,3462,Dairy FMMOS,DY-NA,Washington,DC,"Washington, DC",Washington,DC,FMMOS,FMMOS - non-mars,03/30/2021 14:12:00,2015,2015-SEP,3.59,component,lmprs,
Dec,2015,,Upper Midwest,30.0,3.80,Producer Milk Components,AMS_3462,3462,Dairy FMMOS,DY-NA,Washington,DC,"Washington, DC",Washington,DC,FMMOS,FMMOS - non-mars,03/30/2021 14:12:00,2015,2015-SEP,3.71,component,lmprs,
Dec,2015,,Southeast,7.0,3.68,Producer Milk Components,AMS_3462,3462,Dairy FMMOS,DY-NA,Washington,DC,"Washington, DC",Washington,DC,FMMOS,FMMOS - non-mars,03/30/2021 14:12:00,2015,2015-SEP,3.65,component,lmprs,
Dec,2015,,Pacific Northwest,124.0,3.92,Producer Milk Components,AMS_3462,3462,Dairy FMMOS,DY-NA,Washington,DC,"Washington, DC",Washington,DC,FMMOS,FMMOS - non-mars,03/30/2021 14:12:00,2015,2015-SEP,3.85,component,lmprs,
Dec,2015,,Mideast,33.0,3.72,Producer Milk Components,AMS_3462,3462,Dairy FMMOS,DY-NA,Washington,DC,"Washington, DC",Washington,DC,FMMOS,FMMOS - non-mars,03/30/2021 14:12:00,2015,2015-SEP,3.63,component,lmprs,
Dec,2015,,Northeast,1.0,3.78,Producer Milk Components,AMS_3462,3462,Dairy FMMOS,DY-NA,Washington,DC,"Washington, DC",Washington,DC,FMMOS,FMMOS - non-mars,03/30/2021 14:12:00,2015,2015-SEP,3.70,component,lmprs,
Dec,2015,,Florida,6.0,3.60,Producer Milk Components,AMS_3462,3462,Dairy FMMOS,DY-NA,Washington,DC,"Washington, DC",Washington,DC,FMMOS,FMMOS - non-mars,03/30/2021 14:12:00,2015,2015-SEP,3.66,component,lmprs,
Dec,2015,,Central,32.0,3.76,Producer Milk Components,AMS_3462,3462,Dairy FMMOS,DY-NA,Washington,DC,"Washington, DC",Washington,DC,FMMOS,FMMOS - non-mars,03/30/2021 14:12:00,2015,2015-SEP,3.67,component,lmprs,
Dec,2015,,Arizona,131.0,3.47,Producer Milk Components,AMS_3462,3462,Dairy FMMOS,DY-NA,Washington,DC,"Washington, DC",Washington,DC,FMMOS,FMMOS - non-mars,03/30/2021 14:12:00,2015,2015-SEP,3.44,component,lmprs,
Dec,2015,,All Markets Combined,,3.75,Producer Milk Components,AMS_3462,3462,Dairy FMMOS,DY-NA,Washington,DC,"Washington, DC",Washington,DC,FMMOS,FMMOS - non-mars,03/30/2021 14:12:00,2015,2015-SEP,3.67,component,lmprs,
Dec,2015,,Appalachian,5.0,3.67,Producer Milk Components,AMS_3462,3462,Dairy FMMOS,DY-NA,Washington,DC,"Washington, DC",Washington,DC,FMMOS,FMMOS - non-mars,03/30/2021 14:12:00,2015,2015-SEP,3.62,component,lmprs,
Dec,2016,,Appalachian,5.0,3.71,Producer Milk Components,AMS_3462,3462,Dairy FMMOS,DY-NA,Washington,DC,"Washington, DC",Washington,DC,FMMOS,FMMOS - non-mars,03/30/2021 14:12:00,2016,2016-SEP,3.63,component,lmprs,
Dec,2016,,All Markets Combined,,3.77,Producer Milk Components,AMS_3462,3462,Dairy FMMOS,DY-NA,Washington,DC,"Washington, DC",Washington,DC,FMMOS,FMMOS - non-mars,03/30/2021 14:12:00,2016,2016-SEP,3.72,component,lmprs,
Dec,2016,,Arizona,131.0,3.54,Producer Milk Components,AMS_3462,3462,Dairy FMMOS,DY-NA,Washington,DC,"Washington, DC",Washington,DC,FMMOS,FMMOS - non-mars,03/30/2021 14:12:00,2016,2016-SEP,3.56,component,lmprs,
Dec,2016,,Central,32.0,3.76,Producer Milk Components,AMS_3462,3462,Dairy FMMOS,DY-NA,Washington,DC,"Washington, DC",Washington,DC,FMMOS,FMMOS - non-mars,03/30/2021 14:12:00,2016,2016-SEP,3.72,component,lmprs,
Dec,2016,,Florida,6.0,3.62,Producer Milk Components,AMS_3462,3462,Dairy FMMOS,DY-NA,Washington,DC,"Washington, DC",Washington,DC,FMMOS,FMMOS - non-mars,03/30/2021 14:12:00,2016,2016-SEP,3.67,component,lmprs,
Dec,2016,,Northeast,1.0,3.81,Producer Milk Components,AMS_3462,3462,Dairy FMMOS,DY-NA,Washington,DC,"Washington, DC",Washington,DC,FMMOS,FMMOS - non-mars,03/30/2021 14:12:00,2016,2016-SEP,3.71,component,lmprs,
Dec,2016,,Mideast,33.0,3.73,Producer Milk Components,AMS_3462,3462,Dairy FMMOS,DY-NA,Washington,DC,"Washington, DC",Washington,DC,FMMOS,FMMOS - non-mars,03/30/2021 14:12:00,2016,2016-SEP,3.64,component,lmprs,
Dec,2016,,Pacific Northwest,124.0,3.95,Producer Milk Components,AMS_3462,3462,Dairy FMMOS,DY-NA,Washington,DC,"Washington, DC",Washington,DC,FMMOS,FMMOS - non-mars,03/30/2021 14:12:00,2016,2016-SEP,3.90,component,lmprs,
Dec,2016,,Southeast,7.0,3.69,Producer Milk Components,AMS_3462,3462,Dairy FMMOS,DY-NA,Washington,DC,"Washington, DC",Washington,DC,FMMOS,FMMOS - non-mars,03/30/2021 14:12:00,2016,2016-SEP,3.69,component,lmprs,
Dec,2016,,Upper Midwest,30.0,3.82,Producer Milk Components,AMS_3462,3462,Dairy FMMOS,DY-NA,Washington,DC,"Washington, DC",Washington,DC,FMMOS,FMMOS - non-mars,03/30/2021 14:12:00,2016,2016-SEP,3.77,component,lmprs,
Dec,2016,,Southwest,126.0,3.75,Producer Milk Components,AMS_3462,3462,Dairy FMMOS,DY-NA,Washington,DC,"Washington, DC",Washington,DC,FMMOS,FMMOS - non-mars,03/30/2021 14:12:00,2016,2016-SEP,3.73,component,lmprs,
Dec,2017,,Southwest,126.0,3.86,Producer Milk Components,AMS_3462,3462,Dairy FMMOS,DY-NA,Washington,DC,"Washington, DC",Washington,DC,FMMOS,FMMOS - non-mars,03/30/2021 14:11:00,2017,2017-SEP,3.85,component,lmprs,
Dec,2017,,Upper Midwest,30.0,3.84,Producer Milk Components,AMS_3462,3462,Dairy FMMOS,DY-NA,Washington,DC,"Washington, DC",Washington,DC,FMMOS,FMMOS - non-mars,03/30/2021 14:11:00,2017,2017-SEP,3.80,component,lmprs,
Dec,2017,,Southeast,7.0,3.74,Producer Milk Components,AMS_3462,3462,Dairy FMMOS,DY-NA,Washington,DC,"Washington, DC",Washington,DC,FMMOS,FMMOS - non-mars,03/30/2021 14:11:00,2017,2017-SEP,3.74,component,lmprs,
Dec,2017,,Pacific Northwest,124.0,3.99,Producer Milk Components,AMS_3462,3462,Dairy FMMOS,DY-NA,Washington,DC,"Washington, DC",Washington,DC,FMMOS,FMMOS - non-mars,03/30/2021 14:11:00,2017,2017-SEP,4.01,component,lmprs,
Dec,2017,,Mideast,33.0,3.78,Producer Milk Components,AMS_3462,3462,Dairy FMMOS,DY-NA,Washington,DC,"Washington, DC",Washington,DC,FMMOS,FMMOS - non-mars,03/30/2021 14:11:00,2017,2017-SEP,3.75,component,lmprs,
Dec,2017,,Northeast,1.0,3.85,Producer Milk Components,AMS_3462,3462,Dairy FMMOS,DY-NA,Washington,DC,"Washington, DC",Washington,DC,FMMOS,FMMOS - non-mars,03/30/2021 14:11:00,2017,2017-SEP,3.83,component,lmprs,
Dec,2017,,Florida,6.0,3.69,Producer Milk Components,AMS_3462,3462,Dairy FMMOS,DY-NA,Washington,DC,"Washington, DC",Washington,DC,FMMOS,FMMOS - non-mars,03/30/2021 14:11:00,2017,2017-SEP,3.72,component,lmprs,
Dec,2017,,Central,32.0,3.82,Producer Milk Components,AMS_3462,3462,Dairy FMMOS,DY-NA,Washington,DC,"Washington, DC",Washington,DC,FMMOS,FMMOS - non-mars,03/30/2021 14:11:00,2017,2017-SEP,3.80,component,lmprs,
Dec,2017,,Arizona,131.0,3.62,Producer Milk Components,AMS_3462,3462,Dairy FMMOS,DY-NA,Washington,DC,"Washington, DC",Washington,DC,FMMOS,FMMOS - non-mars,03/30/2021 14:11:00,2017,2017-SEP,3.61,component,lmprs,
Dec,2017,,All Markets Combined,,3.82,Producer Milk Components,AMS_3462,3462,Dairy FMMOS,DY-NA,Washington,DC,"Washington, DC",Washington,DC,FMMOS,FMMOS - non-mars,03/30/2021 14:11:00,2017,2017-SEP,3.81,component,lmprs,
Dec,2017,,Appalachian,5.0,3.76,Producer Milk Components,AMS_3462,3462,Dairy FMMOS,DY-NA,Washington,DC,"Washington, DC",Washington,DC,FMMOS,FMMOS - non-mars,03/30/2021 14:11:00,2017,2017-SEP,3.74,component,lmprs,
Dec,2018,,Appalachian,5.0,3.79,Producer Milk Components,AMS_3462,3462,Dairy FMMOS,DY-NA,Washington,DC,"Washington, DC",Washington,DC,FMMOS,FMMOS - non-mars,03/30/2021 14:09:00,2018,2018-SEP,3.71,component,lmprs,
Dec,2018,,All Markets Combined,,3.88,Producer Milk Components,AMS_3462,3462,Dairy FMMOS,DY-NA,Washington,DC,"Washington, DC",Washington,DC,FMMOS,FMMOS - non-mars,03/30/2021 14:09:00,2018,2018-SEP,3.80,component,lmprs,
Dec,2018,,Arizona,131.0,3.66,Producer Milk Components,AMS_3462,3462,Dairy FMMOS,DY-NA,Washington,DC,"Washington, DC",Washington,DC,FMMOS,FMMOS - non-mars,03/30/2021 14:09:00,2018,2018-SEP,3.60,component,lmprs,
Dec,2018,,Central,32.0,3.89,Producer Milk Components,AMS_3462,3462,Dairy FMMOS,DY-NA,Washington,DC,"Washington, DC",Washington,DC,FMMOS,FMMOS - non-mars,03/30/2021 14:09:00,2018,2018-SEP,3.84,component,lmprs,
Dec,2018,,California,51.0,4.01,Producer Milk Components,AMS_3462,3462,Dairy FMMOS,DY-NA,Washington,DC,"Washington, DC",Washington,DC,FMMOS,FMMOS - non-mars,03/30/2021 14:09:00,2018,2018-SEP,,component,lmprs,
Dec,2018,,Florida,6.0,3.68,Producer Milk Components,AMS_3462,3462,Dairy FMMOS,DY-NA,Washington,DC,"Washington, DC",Washington,DC,FMMOS,FMMOS - non-mars,03/30/2021 14:09:00,2018,2018-SEP,3.71,component,lmprs,
Dec,2018,,Northeast,1.0,3.86,Producer Milk Components,AMS_3462,3462,Dairy FMMOS,DY-NA,Washington,DC,"Washington, DC",Washington,DC,FMMOS,FMMOS - non-mars,03/30/2021 14:09:00,2018,2018-SEP,3.76,component,lmprs,
Dec,2018,,Mideast,33.0,3.84,Producer Milk Components,AMS_3462,3462,Dairy FMMOS,DY-NA,Washington,DC,"Washington, DC",Washington,DC,FMMOS,FMMOS - non-mars,03/30/2021 14:09:00,2018,2018-SEP,3.76,component,lmprs,
Dec,2018,,Pacific Northwest,124.0,4.07,Producer Milk Components,AMS_3462,3462,Dairy FMMOS,DY-NA,Washington,DC,"Washington, DC",Washington,DC,FMMOS,FMMOS - non-mars,03/30/2021 14:09:00,2018,2018-SEP,4.00,component,lmprs,
Dec,2018,,Southeast,7.0,3.80,Producer Milk Components,AMS_3462,3462,Dairy FMMOS,DY-NA,Washington,DC,"Washington, DC",Washington,DC,FMMOS,FMMOS - non-mars,03/30/2021 14:09:00,2018,2018-SEP,3.76,component,lmprs,
Dec,2018,,Upper Midwest,30.0,3.92,Producer Milk Components,AMS_3462,3462,Dairy FMMOS,DY-NA,Washington,DC,"Washington, DC",Washington,DC,FMMOS,FMMOS - non-mars,03/30/2021 14:09:00,2018,2018-SEP,3.84,component,lmprs,
Dec,2018,,Southwest,126.0,3.94,Producer Milk Components,AMS_3462,3462,Dairy FMMOS,DY-NA,Washington,DC,"Washington, DC",Washington,DC,FMMOS,FMMOS - non-mars,03/30/2021 14:09:00,2018,2018-SEP,3.91,component,lmprs,
Dec,2019,,Upper Midwest,30.0,3.93,Producer Milk Components,AMS_3462,3462,Dairy FMMOS,DY-NA,Washington,DC,"Washington, DC",Washington,DC,FMMOS,FMMOS - non-mars,03/30/2021 14:09:00,2019,2019-SEP,3.88,component,lmprs,
Dec,2019,,Southeast,7.0,3.80,Producer Milk Components,AMS_3462,3462,Dairy FMMOS,DY-NA,Washington,DC,"Washington, DC",Washington,DC,FMMOS,FMMOS - non-mars,03/30/2021 14:09:00,2019,2019-SEP,3.74,component,lmprs,
Dec,2019,,Southwest,126.0,3.99,Producer Milk Components,AMS_3462,3462,Dairy FMMOS,DY-NA,Washington,DC,"Washington, DC",Washington,DC,FMMOS,FMMOS - non-mars,03/30/2021 14:09:00,2019,2019-SEP,3.94,component,lmprs,
Dec,2019,,Pacific Northwest,124.0,4.08,Producer Milk Components,AMS_3462,3462,Dairy FMMOS,DY-NA,Washington,DC,"Washington, DC",Washington,DC,FMMOS,FMMOS - non-mars,03/30/2021 14:09:00,2019,2019-SEP,3.93,component,lmprs,
Dec,2019,,Northeast,1.0,3.89,Producer Milk Components,AMS_3462,3462,Dairy FMMOS,DY-NA,Washington,DC,"Washington, DC",Washington,DC,FMMOS,FMMOS - non-mars,03/30/2021 14:09:00,2019,2019-SEP,3.84,component,lmprs,
Dec,2019,,Florida,6.0,3.66,Producer Milk Components,AMS_3462,3462,Dairy FMMOS,DY-NA,Washington,DC,"Washington, DC",Washington,DC,FMMOS,FMMOS - non-mars,03/30/2021 14:09:00,2019,2019-SEP,3.72,component,lmprs,
Dec,2019,,Mideast,33.0,3.86,Producer Milk Components,AMS_3462,3462,Dairy FMMOS,DY-NA,Washington,DC,"Washington, DC",Washington,DC,FMMOS,FMMOS - non-mars,03/30/2021 14:09:00,2019,2019-SEP,3.79,component,lmprs,
Dec,2019,,California,51.0,3.86,Producer Milk Components,AMS_3462,3462,Dairy FMMOS,DY-NA,Washington,DC,"Washington, DC",Washington,DC,FMMOS,FMMOS - non-mars,03/30/2021 14:09:00,2019,2019-SEP,3.76,component,lmprs,
Dec,2019,,Central,32.0,3.92,Producer Milk Components,AMS_3462,3462,Dairy FMMOS,DY-NA,Washington,DC,"Washington, DC",Washington,DC,FMMOS,FMMOS - non-mars,03/30/2021 14:09:00,2019,2019-SEP,3.84,component,lmprs,
Dec,2019,,Arizona,131.0,3.74,Producer Milk Components,AMS_3462,3462,Dairy FMMOS,DY-NA,Washington,DC,"Washington, DC",Washington,DC,FMMOS,FMMOS - non-mars,03/30/2021 14:09:00,2019,2019-SEP,3.69,component,lmprs,
Dec,2019,,All Markets Combined,,3.90,Producer Milk Components,AMS_3462,3462,Dairy FMMOS,DY-NA,Washington,DC,"Washington, DC",Washington,DC,FMMOS,FMMOS - non-mars,03/30/2021 14:09:00,2019,2019-SEP,3.83,component,lmprs,
Dec,2019,,Appalachian,5.0,3.80,Producer Milk Components,AMS_3462,3462,Dairy FMMOS,DY-NA,Washington,DC,"Washington, DC",Washington,DC,FMMOS,FMMOS - non-mars,03/30/2021 14:09:00,2019,2019-SEP,3.74,component,lmprs,
Dec,2020,,Appalachian,5.0,3.86,Producer Milk Components,AMS_3462,3462,Dairy FMMOS,DY-NA,Washington,DC,"Washington, DC",Washington,DC,FMMOS,FMMOS - non-mars,02/23/2021 09:39:00,2020,2020-SEP,3.81,component,lmprs,
Dec,2020,,All Markets Combined,,3.92,Producer Milk Components,AMS_3462,3462,Dairy FMMOS,DY-NA,Washington,DC,"Washington, DC",Washington,DC,FMMOS,FMMOS - non-mars,02/23/2021 09:39:00,2020,2020-SEP,3.87,component,lmprs,
Dec,2020,,Arizona,131.0,3.75,Producer Milk Components,AMS_3462,3462,Dairy FMMOS,DY-NA,Washington,DC,"Washington, DC",Washington,DC,FMMOS,FMMOS - non-mars,02/23/2021 09:39:00,2020,2020-SEP,3.64,component,lmprs,
Dec,2020,,Central,32.0,3.93,Producer Milk Components,AMS_3462,3462,Dairy FMMOS,DY-NA,Washington,DC,"Washington, DC",Washington,DC,FMMOS,FMMOS - non-mars,02/23/2021 09:39:00,2020,2020-SEP,3.86,component,lmprs,
Dec,2020,,California,51.0,3.87,Producer Milk Components,AMS_3462,3462,Dairy FMMOS,DY-NA,Washington,DC,"Washington, DC",Washington,DC,FMMOS,FMMOS - non-mars,02/23/2021 09:39:00,2020,2020-SEP,3.80,component,lmprs,
Dec,2020,,Mideast,33.0,3.89,Producer Milk Components,AMS_3462,3462,Dairy FMMOS,DY-NA,Washington,DC,"Washington, DC",Washington,DC,FMMOS,FMMOS - non-mars,02/23/2021 09:39:00,2020,2020-SEP,3.83,component,lmprs,
Dec,2020,,Florida,6.0,3.70,Producer Milk Components,AMS_3462,3462,Dairy FMMOS,DY-NA,Washington,DC,"Washington, DC",Washington,DC,FMMOS,FMMOS - non-mars,02/23/2021 09:39:00,2020,2020-SEP,3.71,component,lmprs,
Dec,2020,,Northeast,1.0,3.92,Producer Milk Components,AMS_3462,3462,Dairy FMMOS,DY-NA,Washington,DC,"Washington, DC",Washington,DC,FMMOS,FMMOS - non-mars,02/23/2021 09:39:00,2020,2020-SEP,3.88,component,lmprs,
Dec,2020,,Pacific Northwest,124.0,4.07,Producer Milk Components,AMS_3462,3462,Dairy FMMOS,DY-NA,Washington,DC,"Washington, DC",Washington,DC,FMMOS,FMMOS - non-mars,02/23/2021 09:39:00,2020,2020-SEP,4.01,component,lmprs,
Dec,2020,,Southwest,126.0,4.07,Producer Milk Components,AMS_3462,3462,Dairy FMMOS,DY-NA,Washington,DC,"Washington, DC",Washington,DC,FMMOS,FMMOS - non-mars,02/23/2021 09:39:00,2020,2020-SEP,4.06,component,lmprs,
Dec,2020,,Southeast,7.0,3.84,Producer Milk Components,AMS_3462,3462,Dairy FMMOS,DY-NA,Washington,DC,"Washington, DC",Washington,DC,FMMOS,FMMOS - non-mars,02/23/2021 09:39:00,2020,2020-SEP,3.78,component,lmprs,
Dec,2020,,Upper Midwest,30.0,3.96,Producer Milk Components,AMS_3462,3462,Dairy FMMOS,DY-NA,Washington,DC,"Washington, DC",Washington,DC,FMMOS,FMMOS - non-mars,02/23/2021 09:39:00,2020,2020-SEP,3.91,component,lmprs,
Dec,2021,,Southwest,126.0,4.13,Producer Milk Components,AMS_3462,3462,Dairy FMMOS,DY-NA,Washington,DC,"Washington, DC",Washington,DC,FMMOS,FMMOS - non-mars,01/31/2022 07:17:00,2021,2021-SEP,4.04,component,lmprs,
Dec,2021,,Pacific Northwest,124.0,4.11,Producer Milk Components,AMS_3462,3462,Dairy FMMOS,DY-NA,Washington,DC,"Washington, DC",Washington,DC,FMMOS,FMMOS - non-mars,01/31/2022 07:17:00,2021,2021-SEP,4.10,component,lmprs,
Dec,2021,,Southeast,7.0,3.88,Producer Milk Components,AMS_3462,3462,Dairy FMMOS,DY-NA,Washington,DC,"Washington, DC",Washington,DC,FMMOS,FMMOS - non-mars,01/31/2022 07:17:00,2021,2021-SEP,3.81,component,lmprs,
Dec,2021,,Northeast,1.0,3.99,Producer Milk Components,AMS_3462,3462,Dairy FMMOS,DY-NA,Washington,DC,"Washington, DC",Washington,DC,FMMOS,FMMOS - non-mars,01/31/2022 07:17:00,2021,2021-SEP,3.92,component,lmprs,
Dec,2021,,Mideast,33.0,3.93,Producer Milk Components,AMS_3462,3462,Dairy FMMOS,DY-NA,Washington,DC,"Washington, DC",Washington,DC,FMMOS,FMMOS - non-mars,01/31/2022 07:17:00,2021,2021-SEP,3.85,component,lmprs,
Dec,2021,,Central,32.0,3.98,Producer Milk Components,AMS_3462,3462,Dairy FMMOS,DY-NA,Washington,DC,"Washington, DC",Washington,DC,FMMOS,FMMOS - non-mars,01/31/2022 07:17:00,2021,2021-SEP,3.91,component,lmprs,
Dec,2021,,Florida,6.0,3.66,Producer Milk Components,AMS_3462,3462,Dairy FMMOS,DY-NA,Washington,DC,"Washington, DC",Washington,DC,FMMOS,FMMOS - non-mars,01/31/2022 07:17:00,2021,2021-SEP,3.69,component,lmprs,
Dec,2021,,California,51.0,3.92,Producer Milk Components,AMS_3462,3462,Dairy FMMOS,DY-NA,Washington,DC,"Washington, DC",Washington,DC,FMMOS,FMMOS - non-mars,01/31/2022 07:17:00,2021,2021-SEP,3.87,component,lmprs,
Dec,2021,,Arizona,131.0,3.77,Producer Milk Components,AMS_3462,3462,Dairy FMMOS,DY-NA,Washington,DC,"Washington, DC",Washington,DC,FMMOS,FMMOS - non-mars,01/31/2022 07:17:00,2021,2021-SEP,3.76,component,lmprs,
Dec,2021,,Appalachian,5.0,3.84,Producer Milk Components,AMS_3462,3462,Dairy FMMOS,DY-NA,Washington,DC,"Washington, DC",Washington,DC,FMMOS,FMMOS - non-mars,01/31/2022 07:17:00,2021,2021-SEP,3.76,component,lmprs,
Dec,2021,,All Markets Combined,,3.97,Producer Milk Components,AMS_3462,3462,Dairy FMMOS,DY-NA,Washington,DC,"Washington, DC",Washington,DC,FMMOS,FMMOS - non-mars,01/31/2022 07:17:00,2021,2021-SEP,3.91,component,lmprs,
Dec,2021,,Upper Midwest,30.0,4.03,Producer Milk Components,AMS_3462,3462,Dairy FMMOS,DY-NA,Washington,DC,"Washington, DC",Washington,DC,FMMOS,FMMOS - non-mars,01/31/2022 07:17:00,2021,2021-SEP,3.96,component,lmprs,
Dec,2022,,Upper Midwest,30.0,4.12,Producer Milk Components,AMS_3462,3462,Dairy FMMOS,DY-NA,Washington,DC,"Washington, DC",Washington,DC,FMMOS,FMMOS - non-mars,01/30/2023 07:36:00,2022,2022-SEP,4.05,component,lmprs,
Dec,2022,,All Markets Combined,,4.06,Producer Milk Components,AMS_3462,3462,Dairy FMMOS,DY-NA,Washington,DC,"Washington, DC",Washington,DC,FMMOS,FMMOS - non-mars,01/30/2023 07:36:00,2022,2022-SEP,3.98,component,lmprs,
Dec,2022,,Appalachian,5.0,3.91,Producer Milk Components,AMS_3462,3462,Dairy FMMOS,DY-NA,Washington,DC,"Washington, DC",Washington,DC,FMMOS,FMMOS - non-mars,01/30/2023 07:36:00,2022,2022-SEP,3.87,component,lmprs,
Dec,2022,,Arizona,131.0,3.81,Producer Milk Components,AMS_3462,3462,Dairy FMMOS,DY-NA,Washington,DC,"Washington, DC",Washington,DC,FMMOS,FMMOS - non-mars,01/30/2023 07:36:00,2022,2022-SEP,3.76,component,lmprs,
Dec,2022,,California,51.0,4.05,Producer Milk Components,AMS_3462,3462,Dairy FMMOS,DY-NA,Washington,DC,"Washington, DC",Washington,DC,FMMOS,FMMOS - non-mars,01/30/2023 07:36:00,2022,2022-SEP,3.98,component,lmprs,
Dec,2022,,Florida,6.0,3.70,Producer Milk Components,AMS_3462,3462,Dairy FMMOS,DY-NA,Washington,DC,"Washington, DC",Washington,DC,FMMOS,FMMOS - non-mars,01/30/2023 07:36:00,2022,2022-SEP,3.70,component,lmprs,
Dec,2022,,Central,32.0,4.06,Producer Milk Components,AMS_3462,3462,Dairy FMMOS,DY-NA,Washington,DC,"Washington, DC",Washington,DC,FMMOS,FMMOS - non-mars,01/30/2023 07:36:00,2022,2022-SEP,3.96,component,lmprs,
Dec,2022,,Mideast,33.0,4.02,Producer Milk Components,AMS_3462,3462,Dairy FMMOS,DY-NA,Washington,DC,"Washington, DC",Washington,DC,FMMOS,FMMOS - non-mars,01/30/2023 07:36:00,2022,2022-SEP,3.94,component,lmprs,
Dec,2022,,Northeast,1.0,4.03,Producer Milk Components,AMS_3462,3462,Dairy FMMOS,DY-NA,Washington,DC,"Washington, DC",Washington,DC,FMMOS,FMMOS - non-mars,01/30/2023 07:36:00,2022,2022-SEP,3.95,component,lmprs,
Dec,2022,,Southeast,7.0,3.96,Producer Milk Components,AMS_3462,3462,Dairy FMMOS,DY-NA,Washington,DC,"Washington, DC",Washington,DC,FMMOS,FMMOS - non-mars,01/30/2023 07:36:00,2022,2022-SEP,3.88,component,lmprs,
Dec,2022,,Pacific Northwest,124.0,4.30,Producer Milk Components,AMS_3462,3462,Dairy FMMOS,DY-NA,Washington,DC,"Washington, DC",Washington,DC,FMMOS,FMMOS - non-mars,01/30/2023 07:36:00,2022,2022-SEP,4.21,component,lmprs,
Dec,2022,,Southwest,126.0,4.13,Producer Milk Components,AMS_3462,3462,Dairy FMMOS,DY-NA,Washington,DC,"Washington, DC",Washington,DC,FMMOS,FMMOS - non-mars,01/30/2023 07:36:00,2022,2022-SEP,4.03,component,lmprs,
Dec,2023,,Southwest,126.0,4.12,Producer Milk Components,AMS_3462,3462,Dairy FMMOS,DY-NA,Washington,DC,"Washington, DC",Washington,DC,FMMOS,FMMOS - non-mars,01/30/2024 09:42:00,2023,2023-SEP,4.04,component,lmprs,
Dec,2023,,Pacific Northwest,124.0,4.32,Producer Milk Components,AMS_3462,3462,Dairy FMMOS,DY-NA,Washington,DC,"Washington, DC",Washington,DC,FMMOS,FMMOS - non-mars,01/30/2024 09:42:00,2023,2023-SEP,4.22,component,lmprs,
Dec,2023,,Southeast,7.0,4.01,Producer Milk Components,AMS_3462,3462,Dairy FMMOS,DY-NA,Washington,DC,"Washington, DC",Washington,DC,FMMOS,FMMOS - non-mars,01/30/2024 09:42:00,2023,2023-SEP,3.97,component,lmprs,
Dec,2023,,Northeast,1.0,4.12,Producer Milk Components,AMS_3462,3462,Dairy FMMOS,DY-NA,Washington,DC,"Washington, DC",Washington,DC,FMMOS,FMMOS - non-mars,01/30/2024 09:42:00,2023,2023-SEP,4.05,component,lmprs,
Dec,2023,,Mideast,33.0,4.06,Producer Milk Components,AMS_3462,3462,Dairy FMMOS,DY-NA,Washington,DC,"Washington, DC",Washington,DC,FMMOS,FMMOS - non-mars,01/30/2024 09:42:00,2023,2023-SEP,4.01,component,lmprs,
Dec,2023,,Central,32.0,4.11,Producer Milk Components,AMS_3462,3462,Dairy FMMOS,DY-NA,Washington,DC,"Washington, DC",Washington,DC,FMMOS,FMMOS - non-mars,01/30/2024 09:42:00,2023,2023-SEP,4.01,component,lmprs,
Dec,2023,,Florida,6.0,3.82,Producer Milk Components,AMS_3462,3462,Dairy FMMOS,DY-NA,Washington,DC,"Washington, DC",Washington,DC,FMMOS,FMMOS - non-mars,01/30/2024 09:42:00,2023,2023-SEP,3.83,component,lmprs,
Dec,2023,,California,51.0,4.12,Producer Milk Components,AMS_3462,3462,Dairy FMMOS,DY-NA,Washington,DC,"Washington, DC",Washington,DC,FMMOS,FMMOS - non-mars,01/30/2024 09:42:00,2023,2023-SEP,4.10,component,lmprs,
Dec,2023,,Arizona,131.0,3.88,Producer Milk Components,AMS_3462,3462,Dairy FMMOS,DY-NA,Washington,DC,"Washington, DC",Washington,DC,FMMOS,FMMOS - non-mars,01/30/2024 09:42:00,2023,2023-SEP,3.87,component,lmprs,
Dec,2023,,Appalachian,5.0,3.97,Producer Milk Components,AMS_3462,3462,Dairy FMMOS,DY-NA,Washington,DC,"Washington, DC",Washington,DC,FMMOS,FMMOS - non-mars,01/30/2024 09:42:00,2023,2023-SEP,3.91,component,lmprs,
Dec,2023,,All Markets Combined,,4.11,Producer Milk Components,AMS_3462,3462,Dairy FMMOS,DY-NA,Washington,DC,"Washington, DC",Washington,DC,FMMOS,FMMOS - non-mars,01/30/2024 09:42:00,2023,2023-SEP,4.04,component,lmprs,
Dec,2023,,Upper Midwest,30.0,4.17,Producer Milk Components,AMS_3462,3462,Dairy FMMOS,DY-NA,Washington,DC,"Washington, DC",Washington,DC,FMMOS,FMMOS - non-mars,01/30/2024 09:42:00,2023,2023-SEP,4.06,component,lmprs,
Dec,2024,,Upper Midwest,30.0,4.27,Producer Milk Components,AMS_3462,3462,Dairy FMMOS,DY-NA,Washington,DC,"Washington, DC",Washington,DC,FMMOS,FMMOS - non-mars,01/23/2025 09:07:00,2024,2024-SEP,4.18,component,lmprs,
Dec,2024,,All Markets Combined,,4.21,Producer Milk Components,AMS_3462,3462,Dairy FMMOS,DY-NA,Washington,DC,"Washington, DC",Washington,DC,FMMOS,FMMOS - non-mars,01/23/2025 09:07:00,2024,2024-SEP,4.12,component,lmprs,
Dec,2024,,Appalachian,5.0,4.06,Producer Milk Components,AMS_3462,3462,Dairy FMMOS,DY-NA,Washington,DC,"Washington, DC",Washington,DC,FMMOS,FMMOS - non-mars,01/23/2025 09:07:00,2024,2024-SEP,4.02,component,lmprs,
Dec,2024,,Arizona,131.0,4.07,Producer Milk Components,AMS_3462,3462,Dairy FMMOS,DY-NA,Washington,DC,"Washington, DC",Washington,DC,FMMOS,FMMOS - non-mars,01/23/2025 09:07:00,2024,2024-SEP,3.95,component,lmprs,
Dec,2024,,California,51.0,4.18,Producer Milk Components,AMS_3462,3462,Dairy FMMOS,DY-NA,Washington,DC,"Washington, DC",Washington,DC,FMMOS,FMMOS - non-mars,01/23/2025 09:07:00,2024,2024-SEP,4.07,component,lmprs,
Dec,2024,,Florida,6.0,3.92,Producer Milk Components,AMS_3462,3462,Dairy FMMOS,DY-NA,Washington,DC,"Washington, DC",Washington,DC,FMMOS,FMMOS - non-mars,01/23/2025 09:07:00,2024,2024-SEP,3.92,component,lmprs,
Dec,2024,,Central,32.0,4.19,Producer Milk Components,AMS_3462,3462,Dairy FMMOS,DY-NA,Washington,DC,"Washington, DC",Washington,DC,FMMOS,FMMOS - non-mars,01/23/2025 09:07:00,2024,2024-SEP,4.04,component,lmprs,
Dec,2024,,Mideast,33.0,4.17,Producer Milk Components,AMS_3462,3462,Dairy FMMOS,DY-NA,Washington,DC,"Washington, DC",Washington,DC,FMMOS,FMMOS - non-mars,01/23/2025 09:07:00,2024,2024-SEP,4.09,component,lmprs,
Dec,2024,,Northeast,1.0,4.22,Producer Milk Components,AMS_3462,3462,Dairy FMMOS,DY-NA,Washington,DC,"Washington, DC",Washington,DC,FMMOS,FMMOS - non-mars,01/23/2025 09:07:00,2024,2024-SEP,4.15,component,lmprs,
Dec,2024,,Southeast,7.0,4.11,Producer Milk Components,AMS_3462,3462,Dairy FMMOS,DY-NA,Washington,DC,"Washington, DC",Washington,DC,FMMOS,FMMOS - non-mars,01/23/2025 09:07:00,2024,2024-SEP,4.07,component,lmprs,
Dec,2024,,Pacific Northwest,124.0,4.39,Producer Milk Components,AMS_3462,3462,Dairy FMMOS,DY-NA,Washington,DC,"Washington, DC",Washington,DC,FMMOS,FMMOS - non-mars,01/23/2025 09:07:00,2024,2024-SEP,4.27,component,lmprs,
Dec,2024,,Southwest,126.0,4.24,Producer Milk Components,AMS_3462,3462,Dairy FMMOS,DY-NA,Washington,DC,"Washington, DC",Washington,DC,FMMOS,FMMOS - non-mars,01/23/2025 09:07:00,2024,2024-SEP,4.26,component,lmprs,
Dec,2025,,Southwest,126.0,4.38,Producer Milk Components,AMS_3462,3462,Dairy FMMOS,DY-NA,Washington,DC,"Washington, DC",Washington,DC,FMMOS,FMMOS - non-mars,01/21/2026 11:39:00,2025,2025-SEP,4.33,component,lmprs,
Dec,2025,,Pacific Northwest,124.0,4.45,Producer Milk Components,AMS_3462,3462,Dairy FMMOS,DY-NA,Washington,DC,"Washington, DC",Washington,DC,FMMOS,FMMOS - non-mars,01/21/2026 11:39:00,2025,2025-SEP,4.33,component,lmprs,
Dec,2025,,Southeast,7.0,4.19,Producer Milk Components,AMS_3462,3462,Dairy FMMOS,DY-NA,Washington,DC,"Washington, DC",Washington,DC,FMMOS,FMMOS - non-mars,01/21/2026 11:39:00,2025,2025-SEP,4.17,component,lmprs,
Dec,2025,,Northeast,1.0,4.33,Producer Milk Components,AMS_3462,3462,Dairy FMMOS,DY-NA,Washington,DC,"Washington, DC",Washington,DC,FMMOS,FMMOS - non-mars,01/21/2026 11:39:00,2025,2025-SEP,4.28,component,lmprs,
Dec,2025,,Mideast,33.0,4.30,Producer Milk Components,AMS_3462,3462,Dairy FMMOS,DY-NA,Washington,DC,"Washington, DC",Washington,DC,FMMOS,FMMOS - non-mars,01/21/2026 11:39:00,2025,2025-SEP,4.23,component,lmprs,
Dec,2025,,Central,32.0,4.25,Producer Milk Components,AMS_3462,3462,Dairy FMMOS,DY-NA,Washington,DC,"Washington, DC",Washington,DC,FMMOS,FMMOS - non-mars,01/21/2026 11:39:00,2025,2025-SEP,4.14,component,lmprs,
Dec,2025,,Florida,6.0,3.94,Producer Milk Components,AMS_3462,3462,Dairy FMMOS,DY-NA,Washington,DC,"Washington, DC",Washington,DC,FMMOS,FMMOS - non-mars,01/21/2026 11:39:00,2025,2025-SEP,3.96,component,lmprs,
Dec,2025,,California,51.0,4.22,Producer Milk Components,AMS_3462,3462,Dairy FMMOS,DY-NA,Washington,DC,"Washington, DC",Washington,DC,FMMOS,FMMOS - non-mars,01/21/2026 11:39:00,2025,2025-SEP,4.17,component,lmprs,
Dec,2025,,Arizona,131.0,4.10,Producer Milk Components,AMS_3462,3462,Dairy FMMOS,DY-NA,Washington,DC,"Washington, DC",Washington,DC,FMMOS,FMMOS - non-mars,01/21/2026 11:39:00,2025,2025-SEP,3.94,component,lmprs,
Dec,2025,,Appalachian,5.0,4.13,Producer Milk Components,AMS_3462,3462,Dairy FMMOS,DY-NA,Washington,DC,"Washington, DC",Washington,DC,FMMOS,FMMOS - non-mars,01/21/2026 11:39:00,2025,2025-SEP,4.08,component,lmprs,
Dec,2025,,All Markets Combined,,4.29,Producer Milk Components,AMS_3462,3462,Dairy FMMOS,DY-NA,Washington,DC,"Washington, DC",Washington,DC,FMMOS,FMMOS - non-mars,01/21/2026 11:39:00,2025,2025-SEP,4.22,component,lmprs,
Dec,2025,,Upper Midwest,30.0,4.33,Producer Milk Components,AMS_3462,3462,Dairy FMMOS,DY-NA,Washington,DC,"Washington, DC",Washington,DC,FMMOS,FMMOS - non-mars,01/21/2026 11:39:00,2025,2025-SEP,4.25,component,lmprs,
Mar,2026,,Upper Midwest,30.0,4.46,Producer Milk Components,AMS_3462,3462,Dairy FMMOS,DY-NA,Washington,DC,"Washington, DC",Washington,DC,FMMOS,FMMOS - non-mars,04/21/2026 05:48:00,2026,2026-SEP,,component,lmprs,
Mar,2026,,All Markets Combined,,4.42,Producer Milk Components,AMS_3462,3462,Dairy FMMOS,DY-NA,Washington,DC,"Washington, DC",Washington,DC,FMMOS,FMMOS - non-mars,04/21/2026 05:48:00,2026,2026-SEP,,component,lmprs,
Mar,2026,,Appalachian,5.0,4.23,Producer Milk Components,AMS_3462,3462,Dairy FMMOS,DY-NA,Washington,DC,"Washington, DC",Washington,DC,FMMOS,FMMOS - non-mars,04/21/2026 05:48:00,2026,2026-SEP,,component,lmprs,
Mar,2026,,Arizona,131.0,4.16,Producer Milk Components,AMS_3462,3462,Dairy FMMOS,DY-NA,Washington,DC,"Washington, DC",Washington,DC,FMMOS,FMMOS - non-mars,04/21/2026 05:48:00,2026,2026-SEP,,component,lmprs,
Mar,2026,,California,51.0,4.31,Producer Milk Components,AMS_3462,3462,Dairy FMMOS,DY-NA,Washington,DC,"Washington, DC",Washington,DC,FMMOS,FMMOS - non-mars,04/21/2026 05:48:00,2026,2026-SEP,,component,lmprs,
Mar,2026,,Florida,6.0,3.97,Producer Milk Components,AMS_3462,3462,Dairy FMMOS,DY-NA,Washington,DC,"Washington, DC",Washington,DC,FMMOS,FMMOS - non-mars,04/21/2026 05:48:00,2026,2026-SEP,,component,lmprs,
Mar,2026,,Central,32.0,4.36,Producer Milk Components,AMS_3462,3462,Dairy FMMOS,DY-NA,Washington,DC,"Washington, DC",Washington,DC,FMMOS,FMMOS - non-mars,04/21/2026 05:48:00,2026,2026-SEP,,component,lmprs,
Mar,2026,,Mideast,33.0,4.45,Producer Milk Components,AMS_3462,3462,Dairy FMMOS,DY-NA,Washington,DC,"Washington, DC",Washington,DC,FMMOS,FMMOS - non-mars,04/21/2026 05:48:00,2026,2026-SEP,,component,lmprs,
Mar,2026,,Northeast,1.0,4.53,Producer Milk Components,AMS_3462,3462,Dairy FMMOS,DY-NA,Washington,DC,"Washington, DC",Washington,DC,FMMOS,FMMOS - non-mars,04/21/2026 05:48:00,2026,2026-SEP,,component,lmprs,
Mar,2026,,Southeast,7.0,4.32,Producer Milk Components,AMS_3462,3462,Dairy FMMOS,DY-NA,Washington,DC,"Washington, DC",Washington,DC,FMMOS,FMMOS - non-mars,04/21/2026 05:48:00,2026,2026-SEP,,component,lmprs,
Mar,2026,,Pacific Northwest,124.0,4.56,Producer Milk Components,AMS_3462,3462,Dairy FMMOS,DY-NA,Washington,DC,"Washington, DC",Washington,DC,FMMOS,FMMOS - non-mars,04/21/2026 05:48:00,2026,2026-SEP,,component,lmprs,
Mar,2026,,Southwest,126.0,4.52,Producer Milk Components,AMS_3462,3462,Dairy FMMOS,DY-NA,Washington,DC,"Washington, DC",Washington,DC,FMMOS,FMMOS - non-mars,04/21/2026 05:48:00,2026,2026-SEP,,component,lmprs,
Dec,2000,,All Markets Combined,,3.69,Producer Milk Components,AMS_3462,3462,Dairy FMMOS,DY-NA,Washington,DC,"Washington, DC",Washington,DC,FMMOS,FMMOS - non-mars,04/09/2021 07:48:00,2000,2000-OCT,3.73,component,lmprs,
Dec,2000,,Appalachian,5.0,3.67,Producer Milk Components,AMS_3462,3462,Dairy FMMOS,DY-NA,Washington,DC,"Washington, DC",Washington,DC,FMMOS,FMMOS - non-mars,04/09/2021 07:48:00,2000,2000-OCT,3.70,component,lmprs,
Dec,2000,,Arizona,131.0,3.62,Producer Milk Components,AMS_3462,3462,Dairy FMMOS,DY-NA,Washington,DC,"Washington, DC",Washington,DC,FMMOS,FMMOS - non-mars,04/09/2021 07:48:00,2000,2000-OCT,3.67,component,lmprs,
Dec,2000,,Central,32.0,3.69,Producer Milk Components,AMS_3462,3462,Dairy FMMOS,DY-NA,Washington,DC,"Washington, DC",Washington,DC,FMMOS,FMMOS - non-mars,04/09/2021 07:48:00,2000,2000-OCT,3.75,component,lmprs,
Dec,2000,,Florida,6.0,3.60,Producer Milk Components,AMS_3462,3462,Dairy FMMOS,DY-NA,Washington,DC,"Washington, DC",Washington,DC,FMMOS,FMMOS - non-mars,04/09/2021 07:48:00,2000,2000-OCT,3.66,component,lmprs,
Dec,2000,,Mideast,33.0,3.72,Producer Milk Components,AMS_3462,3462,Dairy FMMOS,DY-NA,Washington,DC,"Washington, DC",Washington,DC,FMMOS,FMMOS - non-mars,04/09/2021 07:48:00,2000,2000-OCT,3.74,component,lmprs,
Dec,2000,,Northeast,1.0,3.71,Producer Milk Components,AMS_3462,3462,Dairy FMMOS,DY-NA,Washington,DC,"Washington, DC",Washington,DC,FMMOS,FMMOS - non-mars,04/09/2021 07:48:00,2000,2000-OCT,3.73,component,lmprs,
Dec,2000,,Pacific Northwest,124.0,3.65,Producer Milk Components,AMS_3462,3462,Dairy FMMOS,DY-NA,Washington,DC,"Washington, DC",Washington,DC,FMMOS,FMMOS - non-mars,04/09/2021 07:48:00,2000,2000-OCT,3.66,component,lmprs,
Dec,2000,,Southeast,7.0,3.64,Producer Milk Components,AMS_3462,3462,Dairy FMMOS,DY-NA,Washington,DC,"Washington, DC",Washington,DC,FMMOS,FMMOS - non-mars,04/09/2021 07:48:00,2000,2000-OCT,3.74,component,lmprs,
Dec,2000,,Southwest,126.0,3.60,Producer Milk Components,AMS_3462,3462,Dairy FMMOS,DY-NA,Washington,DC,"Washington, DC",Washington,DC,FMMOS,FMMOS - non-mars,04/09/2021 07:48:00,2000,2000-OCT,3.65,component,lmprs,
Dec,2000,,Upper Midwest,30.0,3.73,Producer Milk Components,AMS_3462,3462,Dairy FMMOS,DY-NA,Washington,DC,"Washington, DC",Washington,DC,FMMOS,FMMOS - non-mars,04/09/2021 07:48:00,2000,2000-OCT,3.78,component,lmprs,
Dec,2000,,Western,135.0,3.60,Producer Milk Components,AMS_3462,3462,Dairy FMMOS,DY-NA,Washington,DC,"Washington, DC",Washington,DC,FMMOS,FMMOS - non-mars,04/09/2021 07:48:00,2000,2000-OCT,3.63,component,lmprs,
Dec,2001,,Western,135.0,3.61,Producer Milk Components,AMS_3462,3462,Dairy FMMOS,DY-NA,Washington,DC,"Washington, DC",Washington,DC,FMMOS,FMMOS - non-mars,04/09/2021 07:46:00,2001,2001-OCT,3.65,component,lmprs,
Dec,2001,,Upper Midwest,30.0,3.72,Producer Milk Components,AMS_3462,3462,Dairy FMMOS,DY-NA,Washington,DC,"Washington, DC",Washington,DC,FMMOS,FMMOS - non-mars,04/09/2021 07:46:00,2001,2001-OCT,3.79,component,lmprs,
Dec,2001,,Southwest,126.0,3.62,Producer Milk Components,AMS_3462,3462,Dairy FMMOS,DY-NA,Washington,DC,"Washington, DC",Washington,DC,FMMOS,FMMOS - non-mars,04/09/2021 07:46:00,2001,2001-OCT,3.67,component,lmprs,
Dec,2001,,Southeast,7.0,3.64,Producer Milk Components,AMS_3462,3462,Dairy FMMOS,DY-NA,Washington,DC,"Washington, DC",Washington,DC,FMMOS,FMMOS - non-mars,04/09/2021 07:46:00,2001,2001-OCT,3.75,component,lmprs,
Dec,2001,,Pacific Northwest,124.0,3.66,Producer Milk Components,AMS_3462,3462,Dairy FMMOS,DY-NA,Washington,DC,"Washington, DC",Washington,DC,FMMOS,FMMOS - non-mars,04/09/2021 07:46:00,2001,2001-OCT,3.70,component,lmprs,
Dec,2001,,Northeast,1.0,3.68,Producer Milk Components,AMS_3462,3462,Dairy FMMOS,DY-NA,Washington,DC,"Washington, DC",Washington,DC,FMMOS,FMMOS - non-mars,04/09/2021 07:46:00,2001,2001-OCT,3.72,component,lmprs,
Dec,2001,,Mideast,33.0,3.68,Producer Milk Components,AMS_3462,3462,Dairy FMMOS,DY-NA,Washington,DC,"Washington, DC",Washington,DC,FMMOS,FMMOS - non-mars,04/09/2021 07:46:00,2001,2001-OCT,3.75,component,lmprs,
Dec,2001,,Florida,6.0,3.60,Producer Milk Components,AMS_3462,3462,Dairy FMMOS,DY-NA,Washington,DC,"Washington, DC",Washington,DC,FMMOS,FMMOS - non-mars,04/09/2021 07:46:00,2001,2001-OCT,3.68,component,lmprs,
Dec,2001,,Central,32.0,3.69,Producer Milk Components,AMS_3462,3462,Dairy FMMOS,DY-NA,Washington,DC,"Washington, DC",Washington,DC,FMMOS,FMMOS - non-mars,04/09/2021 07:46:00,2001,2001-OCT,3.77,component,lmprs,
Dec,2001,,Arizona,131.0,3.62,Producer Milk Components,AMS_3462,3462,Dairy FMMOS,DY-NA,Washington,DC,"Washington, DC",Washington,DC,FMMOS,FMMOS - non-mars,04/09/2021 07:46:00,2001,2001-OCT,3.63,component,lmprs,
Dec,2001,,Appalachian,5.0,3.65,Producer Milk Components,AMS_3462,3462,Dairy FMMOS,DY-NA,Washington,DC,"Washington, DC",Washington,DC,FMMOS,FMMOS - non-mars,04/09/2021 07:46:00,2001,2001-OCT,3.72,component,lmprs,
Dec,2001,,All Markets Combined,,3.67,Producer Milk Components,AMS_3462,3462,Dairy FMMOS,DY-NA,Washington,DC,"Washington, DC",Washington,DC,FMMOS,FMMOS - non-mars,04/09/2021 07:46:00,2001,2001-OCT,3.74,component,lmprs,
Dec,2002,,All Markets Combined,,3.69,Producer Milk Components,AMS_3462,3462,Dairy FMMOS,DY-NA,Washington,DC,"Washington, DC",Washington,DC,FMMOS,FMMOS - non-mars,04/09/2021 07:46:00,2002,2002-OCT,3.75,component,lmprs,
Dec,2002,,Appalachian,5.0,3.66,Producer Milk Components,AMS_3462,3462,Dairy FMMOS,DY-NA,Washington,DC,"Washington, DC",Washington,DC,FMMOS,FMMOS - non-mars,04/09/2021 07:46:00,2002,2002-OCT,3.72,component,lmprs,
Dec,2002,,Arizona,131.0,3.63,Producer Milk Components,AMS_3462,3462,Dairy FMMOS,DY-NA,Washington,DC,"Washington, DC",Washington,DC,FMMOS,FMMOS - non-mars,04/09/2021 07:46:00,2002,2002-OCT,3.66,component,lmprs,
Dec,2002,,Central,32.0,3.70,Producer Milk Components,AMS_3462,3462,Dairy FMMOS,DY-NA,Washington,DC,"Washington, DC",Washington,DC,FMMOS,FMMOS - non-mars,04/09/2021 07:46:00,2002,2002-OCT,3.78,component,lmprs,
Dec,2002,,Florida,6.0,3.67,Producer Milk Components,AMS_3462,3462,Dairy FMMOS,DY-NA,Washington,DC,"Washington, DC",Washington,DC,FMMOS,FMMOS - non-mars,04/09/2021 07:46:00,2002,2002-OCT,3.71,component,lmprs,
Dec,2002,,Mideast,33.0,3.69,Producer Milk Components,AMS_3462,3462,Dairy FMMOS,DY-NA,Washington,DC,"Washington, DC",Washington,DC,FMMOS,FMMOS - non-mars,04/09/2021 07:46:00,2002,2002-OCT,3.73,component,lmprs,
Dec,2002,,Northeast,1.0,3.69,Producer Milk Components,AMS_3462,3462,Dairy FMMOS,DY-NA,Washington,DC,"Washington, DC",Washington,DC,FMMOS,FMMOS - non-mars,04/09/2021 07:46:00,2002,2002-OCT,3.75,component,lmprs,
Dec,2002,,Pacific Northwest,124.0,3.67,Producer Milk Components,AMS_3462,3462,Dairy FMMOS,DY-NA,Washington,DC,"Washington, DC",Washington,DC,FMMOS,FMMOS - non-mars,04/09/2021 07:46:00,2002,2002-OCT,3.75,component,lmprs,
Dec,2002,,Southeast,7.0,3.66,Producer Milk Components,AMS_3462,3462,Dairy FMMOS,DY-NA,Washington,DC,"Washington, DC",Washington,DC,FMMOS,FMMOS - non-mars,04/09/2021 07:46:00,2002,2002-OCT,3.74,component,lmprs,
Dec,2002,,Southwest,126.0,3.64,Producer Milk Components,AMS_3462,3462,Dairy FMMOS,DY-NA,Washington,DC,"Washington, DC",Washington,DC,FMMOS,FMMOS - non-mars,04/09/2021 07:46:00,2002,2002-OCT,3.71,component,lmprs,
Dec,2002,,Upper Midwest,30.0,3.73,Producer Milk Components,AMS_3462,3462,Dairy FMMOS,DY-NA,Washington,DC,"Washington, DC",Washington,DC,FMMOS,FMMOS - non-mars,04/09/2021 07:46:00,2002,2002-OCT,3.82,component,lmprs,
Dec,2002,,Western,135.0,3.63,Producer Milk Components,AMS_3462,3462,Dairy FMMOS,DY-NA,Washington,DC,"Washington, DC",Washington,DC,FMMOS,FMMOS - non-mars,04/09/2021 07:46:00,2002,2002-OCT,3.70,component,lmprs,
Dec,2003,,Western,135.0,3.60,Producer Milk Components,AMS_3462,3462,Dairy FMMOS,DY-NA,Washington,DC,"Washington, DC",Washington,DC,FMMOS,FMMOS - non-mars,04/09/2021 07:46:00,2003,2003-OCT,3.60,component,lmprs,
Dec,2003,,Upper Midwest,30.0,3.72,Producer Milk Components,AMS_3462,3462,Dairy FMMOS,DY-NA,Washington,DC,"Washington, DC",Washington,DC,FMMOS,FMMOS - non-mars,04/09/2021 07:46:00,2003,2003-OCT,3.76,component,lmprs,
Dec,2003,,Southwest,126.0,3.62,Producer Milk Components,AMS_3462,3462,Dairy FMMOS,DY-NA,Washington,DC,"Washington, DC",Washington,DC,FMMOS,FMMOS - non-mars,04/09/2021 07:46:00,2003,2003-OCT,3.68,component,lmprs,
Dec,2003,,Southeast,7.0,3.63,Producer Milk Components,AMS_3462,3462,Dairy FMMOS,DY-NA,Washington,DC,"Washington, DC",Washington,DC,FMMOS,FMMOS - non-mars,04/09/2021 07:46:00,2003,2003-OCT,3.71,component,lmprs,
Dec,2003,,Northeast,1.0,3.70,Producer Milk Components,AMS_3462,3462,Dairy FMMOS,DY-NA,Washington,DC,"Washington, DC",Washington,DC,FMMOS,FMMOS - non-mars,04/09/2021 07:46:00,2003,2003-OCT,3.75,component,lmprs,
Dec,2003,,Pacific Northwest,124.0,3.66,Producer Milk Components,AMS_3462,3462,Dairy FMMOS,DY-NA,Washington,DC,"Washington, DC",Washington,DC,FMMOS,FMMOS - non-mars,04/09/2021 07:46:00,2003,2003-OCT,3.66,component,lmprs,
Dec,2003,,Mideast,33.0,3.69,Producer Milk Components,AMS_3462,3462,Dairy FMMOS,DY-NA,Washington,DC,"Washington, DC",Washington,DC,FMMOS,FMMOS - non-mars,04/09/2021 07:46:00,2003,2003-OCT,3.73,component,lmprs,
Dec,2003,,Florida,6.0,3.57,Producer Milk Components,AMS_3462,3462,Dairy FMMOS,DY-NA,Washington,DC,"Washington, DC",Washington,DC,FMMOS,FMMOS - non-mars,04/09/2021 07:46:00,2003,2003-OCT,3.64,component,lmprs,
Dec,2003,,Arizona,131.0,3.59,Producer Milk Components,AMS_3462,3462,Dairy FMMOS,DY-NA,Washington,DC,"Washington, DC",Washington,DC,FMMOS,FMMOS - non-mars,04/09/2021 07:46:00,2003,2003-OCT,3.61,component,lmprs,
Dec,2003,,Central,32.0,3.68,Producer Milk Components,AMS_3462,3462,Dairy FMMOS,DY-NA,Washington,DC,"Washington, DC",Washington,DC,FMMOS,FMMOS - non-mars,04/09/2021 07:46:00,2003,2003-OCT,3.72,component,lmprs,
Dec,2003,,Appalachian,5.0,3.65,Producer Milk Components,AMS_3462,3462,Dairy FMMOS,DY-NA,Washington,DC,"Washington, DC",Washington,DC,FMMOS,FMMOS - non-mars,04/09/2021 07:46:00,2003,2003-OCT,3.67,component,lmprs,
Dec,2003,,All Markets Combined,,3.67,Producer Milk Components,AMS_3462,3462,Dairy FMMOS,DY-NA,Washington,DC,"Washington, DC",Washington,DC,FMMOS,FMMOS - non-mars,04/09/2021 07:46:00,2003,2003-OCT,3.71,component,lmprs,
Dec,2004,,All Markets Combined,,3.67,Producer Milk Components,AMS_3462,3462,Dairy FMMOS,DY-NA,Washington,DC,"Washington, DC",Washington,DC,FMMOS,FMMOS - non-mars,04/09/2021 07:44:00,2004,2004-OCT,3.73,component,lmprs,
Dec,2004,,Appalachian,5.0,3.62,Producer Milk Components,AMS_3462,3462,Dairy FMMOS,DY-NA,Washington,DC,"Washington, DC",Washington,DC,FMMOS,FMMOS - non-mars,04/09/2021 07:44:00,2004,2004-OCT,3.68,component,lmprs,
Dec,2004,,Central,32.0,3.66,Producer Milk Components,AMS_3462,3462,Dairy FMMOS,DY-NA,Washington,DC,"Washington, DC",Washington,DC,FMMOS,FMMOS - non-mars,04/09/2021 07:44:00,2004,2004-OCT,3.73,component,lmprs,
Dec,2004,,Arizona,131.0,3.61,Producer Milk Components,AMS_3462,3462,Dairy FMMOS,DY-NA,Washington,DC,"Washington, DC",Washington,DC,FMMOS,FMMOS - non-mars,04/09/2021 07:44:00,2004,2004-OCT,3.67,component,lmprs,
Dec,2004,,Florida,6.0,3.61,Producer Milk Components,AMS_3462,3462,Dairy FMMOS,DY-NA,Washington,DC,"Washington, DC",Washington,DC,FMMOS,FMMOS - non-mars,04/09/2021 07:44:00,2004,2004-OCT,3.68,component,lmprs,
Dec,2004,,Mideast,33.0,3.67,Producer Milk Components,AMS_3462,3462,Dairy FMMOS,DY-NA,Washington,DC,"Washington, DC",Washington,DC,FMMOS,FMMOS - non-mars,04/09/2021 07:44:00,2004,2004-OCT,3.72,component,lmprs,
Dec,2004,,Pacific Northwest,124.0,3.68,Producer Milk Components,AMS_3462,3462,Dairy FMMOS,DY-NA,Washington,DC,"Washington, DC",Washington,DC,FMMOS,FMMOS - non-mars,04/09/2021 07:44:00,2004,2004-OCT,3.72,component,lmprs,
Dec,2004,,Northeast,1.0,3.66,Producer Milk Components,AMS_3462,3462,Dairy FMMOS,DY-NA,Washington,DC,"Washington, DC",Washington,DC,FMMOS,FMMOS - non-mars,04/09/2021 07:44:00,2004,2004-OCT,3.72,component,lmprs,
Dec,2004,,Southeast,7.0,3.65,Producer Milk Components,AMS_3462,3462,Dairy FMMOS,DY-NA,Washington,DC,"Washington, DC",Washington,DC,FMMOS,FMMOS - non-mars,04/09/2021 07:44:00,2004,2004-OCT,3.74,component,lmprs,
Dec,2004,,Southwest,126.0,3.64,Producer Milk Components,AMS_3462,3462,Dairy FMMOS,DY-NA,Washington,DC,"Washington, DC",Washington,DC,FMMOS,FMMOS - non-mars,04/09/2021 07:44:00,2004,2004-OCT,3.70,component,lmprs,
Dec,2004,,Upper Midwest,30.0,3.72,Producer Milk Components,AMS_3462,3462,Dairy FMMOS,DY-NA,Washington,DC,"Washington, DC",Washington,DC,FMMOS,FMMOS - non-mars,04/09/2021 07:44:00,2004,2004-OCT,3.80,component,lmprs,
Dec,2004,,Western,135.0,3.70,Producer Milk Components,AMS_3462,3462,Dairy FMMOS,DY-NA,Washington,DC,"Washington, DC",Washington,DC,FMMOS,FMMOS - non-mars,04/09/2021 07:44:00,2004,2004-OCT,,component,lmprs,
Dec,2005,,Upper Midwest,30.0,3.71,Producer Milk Components,AMS_3462,3462,Dairy FMMOS,DY-NA,Washington,DC,"Washington, DC",Washington,DC,FMMOS,FMMOS - non-mars,03/30/2021 14:16:00,2005,2005-OCT,3.76,component,lmprs,
Dec,2005,,Southwest,126.0,3.66,Producer Milk Components,AMS_3462,3462,Dairy FMMOS,DY-NA,Washington,DC,"Washington, DC",Washington,DC,FMMOS,FMMOS - non-mars,03/30/2021 14:16:00,2005,2005-OCT,3.70,component,lmprs,
Dec,2005,,Southeast,7.0,3.63,Producer Milk Components,AMS_3462,3462,Dairy FMMOS,DY-NA,Washington,DC,"Washington, DC",Washington,DC,FMMOS,FMMOS - non-mars,03/30/2021 14:16:00,2005,2005-OCT,3.69,component,lmprs,
Dec,2005,,Northeast,1.0,3.67,Producer Milk Components,AMS_3462,3462,Dairy FMMOS,DY-NA,Washington,DC,"Washington, DC",Washington,DC,FMMOS,FMMOS - non-mars,03/30/2021 14:16:00,2005,2005-OCT,3.74,component,lmprs,
Dec,2005,,Pacific Northwest,124.0,3.67,Producer Milk Components,AMS_3462,3462,Dairy FMMOS,DY-NA,Washington,DC,"Washington, DC",Washington,DC,FMMOS,FMMOS - non-mars,03/30/2021 14:16:00,2005,2005-OCT,3.74,component,lmprs,
Dec,2005,,Mideast,33.0,3.65,Producer Milk Components,AMS_3462,3462,Dairy FMMOS,DY-NA,Washington,DC,"Washington, DC",Washington,DC,FMMOS,FMMOS - non-mars,03/30/2021 14:16:00,2005,2005-OCT,3.72,component,lmprs,
Dec,2005,,Florida,6.0,3.60,Producer Milk Components,AMS_3462,3462,Dairy FMMOS,DY-NA,Washington,DC,"Washington, DC",Washington,DC,FMMOS,FMMOS - non-mars,03/30/2021 14:16:00,2005,2005-OCT,3.67,component,lmprs,
Dec,2005,,Central,32.0,3.64,Producer Milk Components,AMS_3462,3462,Dairy FMMOS,DY-NA,Washington,DC,"Washington, DC",Washington,DC,FMMOS,FMMOS - non-mars,03/30/2021 14:16:00,2005,2005-OCT,3.71,component,lmprs,
Dec,2005,,Appalachian,5.0,3.62,Producer Milk Components,AMS_3462,3462,Dairy FMMOS,DY-NA,Washington,DC,"Washington, DC",Washington,DC,FMMOS,FMMOS - non-mars,03/30/2021 14:16:00,2005,2005-OCT,3.66,component,lmprs,
Dec,2005,,Arizona,131.0,3.59,Producer Milk Components,AMS_3462,3462,Dairy FMMOS,DY-NA,Washington,DC,"Washington, DC",Washington,DC,FMMOS,FMMOS - non-mars,03/30/2021 14:16:00,2005,2005-OCT,3.60,component,lmprs,
Dec,2005,,All Markets Combined,,3.66,Producer Milk Components,AMS_3462,3462,Dairy FMMOS,DY-NA,Washington,DC,"Washington, DC",Washington,DC,FMMOS,FMMOS - non-mars,03/30/2021 14:16:00,2005,2005-OCT,3.72,component,lmprs,
Dec,2006,,All Markets Combined,,3.69,Producer Milk Components,AMS_3462,3462,Dairy FMMOS,DY-NA,Washington,DC,"Washington, DC",Washington,DC,FMMOS,FMMOS - non-mars,03/30/2021 14:16:00,2006,2006-OCT,3.77,component,lmprs,
Dec,2006,,Arizona,131.0,3.59,Producer Milk Components,AMS_3462,3462,Dairy FMMOS,DY-NA,Washington,DC,"Washington, DC",Washington,DC,FMMOS,FMMOS - non-mars,03/30/2021 14:16:00,2006,2006-OCT,3.66,component,lmprs,
Dec,2006,,Appalachian,5.0,3.67,Producer Milk Components,AMS_3462,3462,Dairy FMMOS,DY-NA,Washington,DC,"Washington, DC",Washington,DC,FMMOS,FMMOS - non-mars,03/30/2021 14:16:00,2006,2006-OCT,3.75,component,lmprs,
Dec,2006,,Central,32.0,3.67,Producer Milk Components,AMS_3462,3462,Dairy FMMOS,DY-NA,Washington,DC,"Washington, DC",Washington,DC,FMMOS,FMMOS - non-mars,03/30/2021 14:16:00,2006,2006-OCT,3.77,component,lmprs,
Dec,2006,,Florida,6.0,3.66,Producer Milk Components,AMS_3462,3462,Dairy FMMOS,DY-NA,Washington,DC,"Washington, DC",Washington,DC,FMMOS,FMMOS - non-mars,03/30/2021 14:16:00,2006,2006-OCT,3.74,component,lmprs,
Dec,2006,,Mideast,33.0,3.69,Producer Milk Components,AMS_3462,3462,Dairy FMMOS,DY-NA,Washington,DC,"Washington, DC",Washington,DC,FMMOS,FMMOS - non-mars,03/30/2021 14:16:00,2006,2006-OCT,3.78,component,lmprs,
Dec,2006,,Pacific Northwest,124.0,3.69,Producer Milk Components,AMS_3462,3462,Dairy FMMOS,DY-NA,Washington,DC,"Washington, DC",Washington,DC,FMMOS,FMMOS - non-mars,03/30/2021 14:16:00,2006,2006-OCT,3.76,component,lmprs,
Dec,2006,,Northeast,1.0,3.71,Producer Milk Components,AMS_3462,3462,Dairy FMMOS,DY-NA,Washington,DC,"Washington, DC",Washington,DC,FMMOS,FMMOS - non-mars,03/30/2021 14:16:00,2006,2006-OCT,3.78,component,lmprs,
Dec,2006,,Southeast,7.0,3.67,Producer Milk Components,AMS_3462,3462,Dairy FMMOS,DY-NA,Washington,DC,"Washington, DC",Washington,DC,FMMOS,FMMOS - non-mars,03/30/2021 14:16:00,2006,2006-OCT,3.76,component,lmprs,
Dec,2006,,Southwest,126.0,3.69,Producer Milk Components,AMS_3462,3462,Dairy FMMOS,DY-NA,Washington,DC,"Washington, DC",Washington,DC,FMMOS,FMMOS - non-mars,03/30/2021 14:16:00,2006,2006-OCT,3.72,component,lmprs,
Dec,2006,,Upper Midwest,30.0,3.72,Producer Milk Components,AMS_3462,3462,Dairy FMMOS,DY-NA,Washington,DC,"Washington, DC",Washington,DC,FMMOS,FMMOS - non-mars,03/30/2021 14:16:00,2006,2006-OCT,3.82,component,lmprs,
Dec,2007,,Upper Midwest,30.0,3.71,Producer Milk Components,AMS_3462,3462,Dairy FMMOS,DY-NA,Washington,DC,"Washington, DC",Washington,DC,FMMOS,FMMOS - non-mars,03/30/2021 14:16:00,2007,2007-OCT,3.75,component,lmprs,
Dec,2007,,Southwest,126.0,3.67,Producer Milk Components,AMS_3462,3462,Dairy FMMOS,DY-NA,Washington,DC,"Washington, DC",Washington,DC,FMMOS,FMMOS - non-mars,03/30/2021 14:16:00,2007,2007-OCT,3.64,component,lmprs,
Dec,2007,,Southeast,7.0,3.67,Producer Milk Components,AMS_3462,3462,Dairy FMMOS,DY-NA,Washington,DC,"Washington, DC",Washington,DC,FMMOS,FMMOS - non-mars,03/30/2021 14:16:00,2007,2007-OCT,3.68,component,lmprs,
Dec,2007,,Northeast,1.0,3.70,Producer Milk Components,AMS_3462,3462,Dairy FMMOS,DY-NA,Washington,DC,"Washington, DC",Washington,DC,FMMOS,FMMOS - non-mars,03/30/2021 14:16:00,2007,2007-OCT,3.70,component,lmprs,
Dec,2007,,Pacific Northwest,124.0,3.70,Producer Milk Components,AMS_3462,3462,Dairy FMMOS,DY-NA,Washington,DC,"Washington, DC",Washington,DC,FMMOS,FMMOS - non-mars,03/30/2021 14:16:00,2007,2007-OCT,3.77,component,lmprs,
Dec,2007,,Mideast,33.0,3.67,Producer Milk Components,AMS_3462,3462,Dairy FMMOS,DY-NA,Washington,DC,"Washington, DC",Washington,DC,FMMOS,FMMOS - non-mars,03/30/2021 14:16:00,2007,2007-OCT,3.70,component,lmprs,
Dec,2007,,Florida,6.0,3.63,Producer Milk Components,AMS_3462,3462,Dairy FMMOS,DY-NA,Washington,DC,"Washington, DC",Washington,DC,FMMOS,FMMOS - non-mars,03/30/2021 14:16:00,2007,2007-OCT,3.70,component,lmprs,
Dec,2007,,Central,32.0,3.68,Producer Milk Components,AMS_3462,3462,Dairy FMMOS,DY-NA,Washington,DC,"Washington, DC",Washington,DC,FMMOS,FMMOS - non-mars,03/30/2021 14:16:00,2007,2007-OCT,3.70,component,lmprs,
Dec,2007,,Appalachian,5.0,3.67,Producer Milk Components,AMS_3462,3462,Dairy FMMOS,DY-NA,Washington,DC,"Washington, DC",Washington,DC,FMMOS,FMMOS - non-mars,03/30/2021 14:16:00,2007,2007-OCT,3.68,component,lmprs,
Dec,2007,,Arizona,131.0,3.60,Producer Milk Components,AMS_3462,3462,Dairy FMMOS,DY-NA,Washington,DC,"Washington, DC",Washington,DC,FMMOS,FMMOS - non-mars,03/30/2021 14:16:00,2007,2007-OCT,3.64,component,lmprs,
Dec,2007,,All Markets Combined,,3.68,Producer Milk Components,AMS_3462,3462,Dairy FMMOS,DY-NA,Washington,DC,"Washington, DC",Washington,DC,FMMOS,FMMOS - non-mars,03/30/2021 14:16:00,2007,2007-OCT,3.71,component,lmprs,
Dec,2008,,All Markets Combined,,3.69,Producer Milk Components,AMS_3462,3462,Dairy FMMOS,DY-NA,Washington,DC,"Washington, DC",Washington,DC,FMMOS,FMMOS - non-mars,03/30/2021 14:15:00,2008,2008-OCT,3.74,component,lmprs,
Dec,2008,,Arizona,131.0,3.56,Producer Milk Components,AMS_3462,3462,Dairy FMMOS,DY-NA,Washington,DC,"Washington, DC",Washington,DC,FMMOS,FMMOS - non-mars,03/30/2021 14:15:00,2008,2008-OCT,3.55,component,lmprs,
Dec,2008,,Appalachian,5.0,3.69,Producer Milk Components,AMS_3462,3462,Dairy FMMOS,DY-NA,Washington,DC,"Washington, DC",Washington,DC,FMMOS,FMMOS - non-mars,03/30/2021 14:15:00,2008,2008-OCT,3.76,component,lmprs,
Dec,2008,,Central,32.0,3.65,Producer Milk Components,AMS_3462,3462,Dairy FMMOS,DY-NA,Washington,DC,"Washington, DC",Washington,DC,FMMOS,FMMOS - non-mars,03/30/2021 14:15:00,2008,2008-OCT,3.68,component,lmprs,
Dec,2008,,Florida,6.0,3.60,Producer Milk Components,AMS_3462,3462,Dairy FMMOS,DY-NA,Washington,DC,"Washington, DC",Washington,DC,FMMOS,FMMOS - non-mars,03/30/2021 14:15:00,2008,2008-OCT,3.66,component,lmprs,
Dec,2008,,Mideast,33.0,3.70,Producer Milk Components,AMS_3462,3462,Dairy FMMOS,DY-NA,Washington,DC,"Washington, DC",Washington,DC,FMMOS,FMMOS - non-mars,03/30/2021 14:15:00,2008,2008-OCT,3.76,component,lmprs,
Dec,2008,,Pacific Northwest,124.0,3.67,Producer Milk Components,AMS_3462,3462,Dairy FMMOS,DY-NA,Washington,DC,"Washington, DC",Washington,DC,FMMOS,FMMOS - non-mars,03/30/2021 14:15:00,2008,2008-OCT,3.70,component,lmprs,
Dec,2008,,Northeast,1.0,3.73,Producer Milk Components,AMS_3462,3462,Dairy FMMOS,DY-NA,Washington,DC,"Washington, DC",Washington,DC,FMMOS,FMMOS - non-mars,03/30/2021 14:15:00,2008,2008-OCT,3.79,component,lmprs,
Dec,2008,,Southeast,7.0,3.67,Producer Milk Components,AMS_3462,3462,Dairy FMMOS,DY-NA,Washington,DC,"Washington, DC",Washington,DC,FMMOS,FMMOS - non-mars,03/30/2021 14:15:00,2008,2008-OCT,3.71,component,lmprs,
Dec,2008,,Southwest,126.0,3.63,Producer Milk Components,AMS_3462,3462,Dairy FMMOS,DY-NA,Washington,DC,"Washington, DC",Washington,DC,FMMOS,FMMOS - non-mars,03/30/2021 14:15:00,2008,2008-OCT,3.71,component,lmprs,
Dec,2008,,Upper Midwest,30.0,3.72,Producer Milk Components,AMS_3462,3462,Dairy FMMOS,DY-NA,Washington,DC,"Washington, DC",Washington,DC,FMMOS,FMMOS - non-mars,03/30/2021 14:15:00,2008,2008-OCT,3.77,component,lmprs,
Dec,2009,,Upper Midwest,30.0,3.70,Producer Milk Components,AMS_3462,3462,Dairy FMMOS,DY-NA,Washington,DC,"Washington, DC",Washington,DC,FMMOS,FMMOS - non-mars,03/30/2021 14:15:00,2009,2009-OCT,3.78,component,lmprs,
Dec,2009,,Southwest,126.0,3.58,Producer Milk Components,AMS_3462,3462,Dairy FMMOS,DY-NA,Washington,DC,"Washington, DC",Washington,DC,FMMOS,FMMOS - non-mars,03/30/2021 14:15:00,2009,2009-OCT,3.65,component,lmprs,
Dec,2009,,Southeast,7.0,3.65,Producer Milk Components,AMS_3462,3462,Dairy FMMOS,DY-NA,Washington,DC,"Washington, DC",Washington,DC,FMMOS,FMMOS - non-mars,03/30/2021 14:15:00,2009,2009-OCT,3.76,component,lmprs,
Dec,2009,,Northeast,1.0,3.72,Producer Milk Components,AMS_3462,3462,Dairy FMMOS,DY-NA,Washington,DC,"Washington, DC",Washington,DC,FMMOS,FMMOS - non-mars,03/30/2021 14:15:00,2009,2009-OCT,3.79,component,lmprs,
Dec,2009,,Pacific Northwest,124.0,3.71,Producer Milk Components,AMS_3462,3462,Dairy FMMOS,DY-NA,Washington,DC,"Washington, DC",Washington,DC,FMMOS,FMMOS - non-mars,03/30/2021 14:15:00,2009,2009-OCT,3.78,component,lmprs,
Dec,2009,,Mideast,33.0,3.69,Producer Milk Components,AMS_3462,3462,Dairy FMMOS,DY-NA,Washington,DC,"Washington, DC",Washington,DC,FMMOS,FMMOS - non-mars,03/30/2021 14:15:00,2009,2009-OCT,3.76,component,lmprs,
Dec,2009,,Florida,6.0,3.59,Producer Milk Components,AMS_3462,3462,Dairy FMMOS,DY-NA,Washington,DC,"Washington, DC",Washington,DC,FMMOS,FMMOS - non-mars,03/30/2021 14:15:00,2009,2009-OCT,3.64,component,lmprs,
Dec,2009,,Central,32.0,3.61,Producer Milk Components,AMS_3462,3462,Dairy FMMOS,DY-NA,Washington,DC,"Washington, DC",Washington,DC,FMMOS,FMMOS - non-mars,03/30/2021 14:15:00,2009,2009-OCT,3.70,component,lmprs,
Dec,2009,,Appalachian,5.0,3.68,Producer Milk Components,AMS_3462,3462,Dairy FMMOS,DY-NA,Washington,DC,"Washington, DC",Washington,DC,FMMOS,FMMOS - non-mars,03/30/2021 14:15:00,2009,2009-OCT,3.72,component,lmprs,
Dec,2009,,Arizona,131.0,3.49,Producer Milk Components,AMS_3462,3462,Dairy FMMOS,DY-NA,Washington,DC,"Washington, DC",Washington,DC,FMMOS,FMMOS - non-mars,03/30/2021 14:15:00,2009,2009-OCT,3.54,component,lmprs,
Dec,2009,,All Markets Combined,,3.67,Producer Milk Components,AMS_3462,3462,Dairy FMMOS,DY-NA,Washington,DC,"Washington, DC",Washington,DC,FMMOS,FMMOS - non-mars,03/30/2021 14:15:00,2009,2009-OCT,3.75,component,lmprs,
Dec,2010,,All Markets Combined,,3.66,Producer Milk Components,AMS_3462,3462,Dairy FMMOS,DY-NA,Washington,DC,"Washington, DC",Washington,DC,FMMOS,FMMOS - non-mars,03/30/2021 14:14:00,2010,2010-OCT,3.72,component,lmprs,
Dec,2010,,Arizona,131.0,3.50,Producer Milk Components,AMS_3462,3462,Dairy FMMOS,DY-NA,Washington,DC,"Washington, DC",Washington,DC,FMMOS,FMMOS - non-mars,03/30/2021 14:14:00,2010,2010-OCT,3.51,component,lmprs,
Dec,2010,,Appalachian,5.0,3.65,Producer Milk Components,AMS_3462,3462,Dairy FMMOS,DY-NA,Washington,DC,"Washington, DC",Washington,DC,FMMOS,FMMOS - non-mars,03/30/2021 14:14:00,2010,2010-OCT,3.74,component,lmprs,
Dec,2010,,Central,32.0,3.60,Producer Milk Components,AMS_3462,3462,Dairy FMMOS,DY-NA,Washington,DC,"Washington, DC",Washington,DC,FMMOS,FMMOS - non-mars,03/30/2021 14:14:00,2010,2010-OCT,3.66,component,lmprs,
Dec,2010,,Florida,6.0,3.60,Producer Milk Components,AMS_3462,3462,Dairy FMMOS,DY-NA,Washington,DC,"Washington, DC",Washington,DC,FMMOS,FMMOS - non-mars,03/30/2021 14:14:00,2010,2010-OCT,3.69,component,lmprs,
Dec,2010,,Mideast,33.0,3.66,Producer Milk Components,AMS_3462,3462,Dairy FMMOS,DY-NA,Washington,DC,"Washington, DC",Washington,DC,FMMOS,FMMOS - non-mars,03/30/2021 14:14:00,2010,2010-OCT,3.74,component,lmprs,
Dec,2010,,Pacific Northwest,124.0,3.73,Producer Milk Components,AMS_3462,3462,Dairy FMMOS,DY-NA,Washington,DC,"Washington, DC",Washington,DC,FMMOS,FMMOS - non-mars,03/30/2021 14:14:00,2010,2010-OCT,3.78,component,lmprs,
Dec,2010,,Northeast,1.0,3.69,Producer Milk Components,AMS_3462,3462,Dairy FMMOS,DY-NA,Washington,DC,"Washington, DC",Washington,DC,FMMOS,FMMOS - non-mars,03/30/2021 14:14:00,2010,2010-OCT,3.77,component,lmprs,
Dec,2010,,Southeast,7.0,3.66,Producer Milk Components,AMS_3462,3462,Dairy FMMOS,DY-NA,Washington,DC,"Washington, DC",Washington,DC,FMMOS,FMMOS - non-mars,03/30/2021 14:14:00,2010,2010-OCT,3.74,component,lmprs,
Dec,2010,,Southwest,126.0,3.60,Producer Milk Components,AMS_3462,3462,Dairy FMMOS,DY-NA,Washington,DC,"Washington, DC",Washington,DC,FMMOS,FMMOS - non-mars,03/30/2021 14:14:00,2010,2010-OCT,3.64,component,lmprs,
Dec,2010,,Upper Midwest,30.0,3.68,Producer Milk Components,AMS_3462,3462,Dairy FMMOS,DY-NA,Washington,DC,"Washington, DC",Washington,DC,FMMOS,FMMOS - non-mars,03/30/2021 14:14:00,2010,2010-OCT,3.75,component,lmprs,
Dec,2011,,Southwest,126.0,3.65,Producer Milk Components,AMS_3462,3462,Dairy FMMOS,DY-NA,Washington,DC,"Washington, DC",Washington,DC,FMMOS,FMMOS - non-mars,03/30/2021 14:14:00,2011,2011-OCT,3.66,component,lmprs,
Dec,2011,,Upper Midwest,30.0,3.73,Producer Milk Components,AMS_3462,3462,Dairy FMMOS,DY-NA,Washington,DC,"Washington, DC",Washington,DC,FMMOS,FMMOS - non-mars,03/30/2021 14:14:00,2011,2011-OCT,3.79,component,lmprs,
Dec,2011,,Southeast,7.0,3.71,Producer Milk Components,AMS_3462,3462,Dairy FMMOS,DY-NA,Washington,DC,"Washington, DC",Washington,DC,FMMOS,FMMOS - non-mars,03/30/2021 14:14:00,2011,2011-OCT,3.76,component,lmprs,
Dec,2011,,Pacific Northwest,124.0,3.77,Producer Milk Components,AMS_3462,3462,Dairy FMMOS,DY-NA,Washington,DC,"Washington, DC",Washington,DC,FMMOS,FMMOS - non-mars,03/30/2021 14:14:00,2011,2011-OCT,3.81,component,lmprs,
Dec,2011,,Mideast,33.0,3.70,Producer Milk Components,AMS_3462,3462,Dairy FMMOS,DY-NA,Washington,DC,"Washington, DC",Washington,DC,FMMOS,FMMOS - non-mars,03/30/2021 14:14:00,2011,2011-OCT,3.76,component,lmprs,
Dec,2011,,Northeast,1.0,3.73,Producer Milk Components,AMS_3462,3462,Dairy FMMOS,DY-NA,Washington,DC,"Washington, DC",Washington,DC,FMMOS,FMMOS - non-mars,03/30/2021 14:14:00,2011,2011-OCT,3.76,component,lmprs,
Dec,2011,,Florida,6.0,3.67,Producer Milk Components,AMS_3462,3462,Dairy FMMOS,DY-NA,Washington,DC,"Washington, DC",Washington,DC,FMMOS,FMMOS - non-mars,03/30/2021 14:14:00,2011,2011-OCT,3.73,component,lmprs,
Dec,2011,,Central,32.0,3.67,Producer Milk Components,AMS_3462,3462,Dairy FMMOS,DY-NA,Washington,DC,"Washington, DC",Washington,DC,FMMOS,FMMOS - non-mars,03/30/2021 14:14:00,2011,2011-OCT,3.71,component,lmprs,
Dec,2011,,Appalachian,5.0,3.69,Producer Milk Components,AMS_3462,3462,Dairy FMMOS,DY-NA,Washington,DC,"Washington, DC",Washington,DC,FMMOS,FMMOS - non-mars,03/30/2021 14:14:00,2011,2011-OCT,3.73,component,lmprs,
Dec,2011,,Arizona,131.0,3.55,Producer Milk Components,AMS_3462,3462,Dairy FMMOS,DY-NA,Washington,DC,"Washington, DC",Washington,DC,FMMOS,FMMOS - non-mars,03/30/2021 14:14:00,2011,2011-OCT,3.55,component,lmprs,
Dec,2011,,All Markets Combined,,3.70,Producer Milk Components,AMS_3462,3462,Dairy FMMOS,DY-NA,Washington,DC,"Washington, DC",Washington,DC,FMMOS,FMMOS - non-mars,03/30/2021 14:14:00,2011,2011-OCT,3.74,component,lmprs,
Dec,2012,,All Markets Combined,,3.71,Producer Milk Components,AMS_3462,3462,Dairy FMMOS,DY-NA,Washington,DC,"Washington, DC",Washington,DC,FMMOS,FMMOS - non-mars,03/30/2021 14:13:00,2012,2012-OCT,3.81,component,lmprs,
Dec,2012,,Arizona,131.0,3.55,Producer Milk Components,AMS_3462,3462,Dairy FMMOS,DY-NA,Washington,DC,"Washington, DC",Washington,DC,FMMOS,FMMOS - non-mars,03/30/2021 14:13:00,2012,2012-OCT,3.60,component,lmprs,
Dec,2012,,Appalachian,5.0,3.69,Producer Milk Components,AMS_3462,3462,Dairy FMMOS,DY-NA,Washington,DC,"Washington, DC",Washington,DC,FMMOS,FMMOS - non-mars,03/30/2021 14:13:00,2012,2012-OCT,3.78,component,lmprs,
Dec,2012,,Central,32.0,3.69,Producer Milk Components,AMS_3462,3462,Dairy FMMOS,DY-NA,Washington,DC,"Washington, DC",Washington,DC,FMMOS,FMMOS - non-mars,03/30/2021 14:13:00,2012,2012-OCT,3.81,component,lmprs,
Dec,2012,,Florida,6.0,3.66,Producer Milk Components,AMS_3462,3462,Dairy FMMOS,DY-NA,Washington,DC,"Washington, DC",Washington,DC,FMMOS,FMMOS - non-mars,03/30/2021 14:13:00,2012,2012-OCT,3.72,component,lmprs,
Dec,2012,,Northeast,1.0,3.73,Producer Milk Components,AMS_3462,3462,Dairy FMMOS,DY-NA,Washington,DC,"Washington, DC",Washington,DC,FMMOS,FMMOS - non-mars,03/30/2021 14:13:00,2012,2012-OCT,3.80,component,lmprs,
Dec,2012,,Mideast,33.0,3.69,Producer Milk Components,AMS_3462,3462,Dairy FMMOS,DY-NA,Washington,DC,"Washington, DC",Washington,DC,FMMOS,FMMOS - non-mars,03/30/2021 14:13:00,2012,2012-OCT,3.78,component,lmprs,
Dec,2012,,Pacific Northwest,124.0,3.81,Producer Milk Components,AMS_3462,3462,Dairy FMMOS,DY-NA,Washington,DC,"Washington, DC",Washington,DC,FMMOS,FMMOS - non-mars,03/30/2021 14:13:00,2012,2012-OCT,3.87,component,lmprs,
Dec,2012,,Southeast,7.0,3.70,Producer Milk Components,AMS_3462,3462,Dairy FMMOS,DY-NA,Washington,DC,"Washington, DC",Washington,DC,FMMOS,FMMOS - non-mars,03/30/2021 14:13:00,2012,2012-OCT,3.79,component,lmprs,
Dec,2012,,Upper Midwest,30.0,3.76,Producer Milk Components,AMS_3462,3462,Dairy FMMOS,DY-NA,Washington,DC,"Washington, DC",Washington,DC,FMMOS,FMMOS - non-mars,03/30/2021 14:13:00,2012,2012-OCT,3.89,component,lmprs,
Dec,2012,,Southwest,126.0,3.65,Producer Milk Components,AMS_3462,3462,Dairy FMMOS,DY-NA,Washington,DC,"Washington, DC",Washington,DC,FMMOS,FMMOS - non-mars,03/30/2021 14:13:00,2012,2012-OCT,3.74,component,lmprs,
Dec,2013,,Southwest,126.0,3.69,Producer Milk Components,AMS_3462,3462,Dairy FMMOS,DY-NA,Washington,DC,"Washington, DC",Washington,DC,FMMOS,FMMOS - non-mars,03/30/2021 14:13:00,2013,2013-OCT,3.73,component,lmprs,
Dec,2013,,Upper Midwest,30.0,3.81,Producer Milk Components,AMS_3462,3462,Dairy FMMOS,DY-NA,Washington,DC,"Washington, DC",Washington,DC,FMMOS,FMMOS - non-mars,03/30/2021 14:13:00,2013,2013-OCT,3.86,component,lmprs,
Dec,2013,,Southeast,7.0,3.72,Producer Milk Components,AMS_3462,3462,Dairy FMMOS,DY-NA,Washington,DC,"Washington, DC",Washington,DC,FMMOS,FMMOS - non-mars,03/30/2021 14:13:00,2013,2013-OCT,3.73,component,lmprs,
Dec,2013,,Pacific Northwest,124.0,3.88,Producer Milk Components,AMS_3462,3462,Dairy FMMOS,DY-NA,Washington,DC,"Washington, DC",Washington,DC,FMMOS,FMMOS - non-mars,03/30/2021 14:13:00,2013,2013-OCT,3.98,component,lmprs,
Dec,2013,,Mideast,33.0,3.76,Producer Milk Components,AMS_3462,3462,Dairy FMMOS,DY-NA,Washington,DC,"Washington, DC",Washington,DC,FMMOS,FMMOS - non-mars,03/30/2021 14:13:00,2013,2013-OCT,3.79,component,lmprs,
Dec,2013,,Northeast,1.0,3.76,Producer Milk Components,AMS_3462,3462,Dairy FMMOS,DY-NA,Washington,DC,"Washington, DC",Washington,DC,FMMOS,FMMOS - non-mars,03/30/2021 14:13:00,2013,2013-OCT,3.81,component,lmprs,
Dec,2013,,Florida,6.0,3.64,Producer Milk Components,AMS_3462,3462,Dairy FMMOS,DY-NA,Washington,DC,"Washington, DC",Washington,DC,FMMOS,FMMOS - non-mars,03/30/2021 14:13:00,2013,2013-OCT,3.64,component,lmprs,
Dec,2013,,Central,32.0,3.75,Producer Milk Components,AMS_3462,3462,Dairy FMMOS,DY-NA,Washington,DC,"Washington, DC",Washington,DC,FMMOS,FMMOS - non-mars,03/30/2021 14:13:00,2013,2013-OCT,3.80,component,lmprs,
Dec,2013,,Arizona,131.0,3.52,Producer Milk Components,AMS_3462,3462,Dairy FMMOS,DY-NA,Washington,DC,"Washington, DC",Washington,DC,FMMOS,FMMOS - non-mars,03/30/2021 14:13:00,2013,2013-OCT,3.58,component,lmprs,
Dec,2013,,All Markets Combined,,3.76,Producer Milk Components,AMS_3462,3462,Dairy FMMOS,DY-NA,Washington,DC,"Washington, DC",Washington,DC,FMMOS,FMMOS - non-mars,03/30/2021 14:13:00,2013,2013-OCT,3.80,component,lmprs,
Dec,2013,,Appalachian,5.0,3.71,Producer Milk Components,AMS_3462,3462,Dairy FMMOS,DY-NA,Washington,DC,"Washington, DC",Washington,DC,FMMOS,FMMOS - non-mars,03/30/2021 14:13:00,2013,2013-OCT,3.69,component,lmprs,
Dec,2014,,Appalachian,5.0,3.65,Producer Milk Components,AMS_3462,3462,Dairy FMMOS,DY-NA,Washington,DC,"Washington, DC",Washington,DC,FMMOS,FMMOS - non-mars,03/30/2021 14:13:00,2014,2014-OCT,3.69,component,lmprs,
Dec,2014,,All Markets Combined,,3.74,Producer Milk Components,AMS_3462,3462,Dairy FMMOS,DY-NA,Washington,DC,"Washington, DC",Washington,DC,FMMOS,FMMOS - non-mars,03/30/2021 14:13:00,2014,2014-OCT,3.79,component,lmprs,
Dec,2014,,Arizona,131.0,3.47,Producer Milk Components,AMS_3462,3462,Dairy FMMOS,DY-NA,Washington,DC,"Washington, DC",Washington,DC,FMMOS,FMMOS - non-mars,03/30/2021 14:13:00,2014,2014-OCT,3.50,component,lmprs,
Dec,2014,,Central,32.0,3.73,Producer Milk Components,AMS_3462,3462,Dairy FMMOS,DY-NA,Washington,DC,"Washington, DC",Washington,DC,FMMOS,FMMOS - non-mars,03/30/2021 14:13:00,2014,2014-OCT,3.77,component,lmprs,
Dec,2014,,Florida,6.0,3.60,Producer Milk Components,AMS_3462,3462,Dairy FMMOS,DY-NA,Washington,DC,"Washington, DC",Washington,DC,FMMOS,FMMOS - non-mars,03/30/2021 14:13:00,2014,2014-OCT,3.69,component,lmprs,
Dec,2014,,Northeast,1.0,3.78,Producer Milk Components,AMS_3462,3462,Dairy FMMOS,DY-NA,Washington,DC,"Washington, DC",Washington,DC,FMMOS,FMMOS - non-mars,03/30/2021 14:13:00,2014,2014-OCT,3.81,component,lmprs,
Dec,2014,,Mideast,33.0,3.75,Producer Milk Components,AMS_3462,3462,Dairy FMMOS,DY-NA,Washington,DC,"Washington, DC",Washington,DC,FMMOS,FMMOS - non-mars,03/30/2021 14:13:00,2014,2014-OCT,3.77,component,lmprs,
Dec,2014,,Pacific Northwest,124.0,3.88,Producer Milk Components,AMS_3462,3462,Dairy FMMOS,DY-NA,Washington,DC,"Washington, DC",Washington,DC,FMMOS,FMMOS - non-mars,03/30/2021 14:13:00,2014,2014-OCT,3.88,component,lmprs,
Dec,2014,,Southeast,7.0,3.66,Producer Milk Components,AMS_3462,3462,Dairy FMMOS,DY-NA,Washington,DC,"Washington, DC",Washington,DC,FMMOS,FMMOS - non-mars,03/30/2021 14:13:00,2014,2014-OCT,3.71,component,lmprs,
Dec,2014,,Upper Midwest,30.0,3.80,Producer Milk Components,AMS_3462,3462,Dairy FMMOS,DY-NA,Washington,DC,"Washington, DC",Washington,DC,FMMOS,FMMOS - non-mars,03/30/2021 14:13:00,2014,2014-OCT,3.86,component,lmprs,
Dec,2014,,Southwest,126.0,3.67,Producer Milk Components,AMS_3462,3462,Dairy FMMOS,DY-NA,Washington,DC,"Washington, DC",Washington,DC,FMMOS,FMMOS - non-mars,03/30/2021 14:13:00,2014,2014-OCT,3.78,component,lmprs,
Dec,2015,,Southwest,126.0,3.73,Producer Milk Components,AMS_3462,3462,Dairy FMMOS,DY-NA,Washington,DC,"Washington, DC",Washington,DC,FMMOS,FMMOS - non-mars,03/30/2021 14:12:00,2015,2015-OCT,3.72,component,lmprs,
Dec,2015,,Upper Midwest,30.0,3.80,Producer Milk Components,AMS_3462,3462,Dairy FMMOS,DY-NA,Washington,DC,"Washington, DC",Washington,DC,FMMOS,FMMOS - non-mars,03/30/2021 14:12:00,2015,2015-OCT,3.85,component,lmprs,
Dec,2015,,Southeast,7.0,3.68,Producer Milk Components,AMS_3462,3462,Dairy FMMOS,DY-NA,Washington,DC,"Washington, DC",Washington,DC,FMMOS,FMMOS - non-mars,03/30/2021 14:12:00,2015,2015-OCT,3.77,component,lmprs,
Dec,2015,,Pacific Northwest,124.0,3.92,Producer Milk Components,AMS_3462,3462,Dairy FMMOS,DY-NA,Washington,DC,"Washington, DC",Washington,DC,FMMOS,FMMOS - non-mars,03/30/2021 14:12:00,2015,2015-OCT,4.00,component,lmprs,
Dec,2015,,Mideast,33.0,3.72,Producer Milk Components,AMS_3462,3462,Dairy FMMOS,DY-NA,Washington,DC,"Washington, DC",Washington,DC,FMMOS,FMMOS - non-mars,03/30/2021 14:12:00,2015,2015-OCT,3.75,component,lmprs,
Dec,2015,,Northeast,1.0,3.78,Producer Milk Components,AMS_3462,3462,Dairy FMMOS,DY-NA,Washington,DC,"Washington, DC",Washington,DC,FMMOS,FMMOS - non-mars,03/30/2021 14:12:00,2015,2015-OCT,3.85,component,lmprs,
Dec,2015,,Florida,6.0,3.60,Producer Milk Components,AMS_3462,3462,Dairy FMMOS,DY-NA,Washington,DC,"Washington, DC",Washington,DC,FMMOS,FMMOS - non-mars,03/30/2021 14:12:00,2015,2015-OCT,3.66,component,lmprs,
Dec,2015,,Central,32.0,3.76,Producer Milk Components,AMS_3462,3462,Dairy FMMOS,DY-NA,Washington,DC,"Washington, DC",Washington,DC,FMMOS,FMMOS - non-mars,03/30/2021 14:12:00,2015,2015-OCT,3.80,component,lmprs,
Dec,2015,,Arizona,131.0,3.47,Producer Milk Components,AMS_3462,3462,Dairy FMMOS,DY-NA,Washington,DC,"Washington, DC",Washington,DC,FMMOS,FMMOS - non-mars,03/30/2021 14:12:00,2015,2015-OCT,3.51,component,lmprs,
Dec,2015,,All Markets Combined,,3.75,Producer Milk Components,AMS_3462,3462,Dairy FMMOS,DY-NA,Washington,DC,"Washington, DC",Washington,DC,FMMOS,FMMOS - non-mars,03/30/2021 14:12:00,2015,2015-OCT,3.80,component,lmprs,
Dec,2015,,Appalachian,5.0,3.67,Producer Milk Components,AMS_3462,3462,Dairy FMMOS,DY-NA,Washington,DC,"Washington, DC",Washington,DC,FMMOS,FMMOS - non-mars,03/30/2021 14:12:00,2015,2015-OCT,3.75,component,lmprs,
Dec,2016,,Appalachian,5.0,3.71,Producer Milk Components,AMS_3462,3462,Dairy FMMOS,DY-NA,Washington,DC,"Washington, DC",Washington,DC,FMMOS,FMMOS - non-mars,03/30/2021 14:12:00,2016,2016-OCT,3.74,component,lmprs,
Dec,2016,,All Markets Combined,,3.77,Producer Milk Components,AMS_3462,3462,Dairy FMMOS,DY-NA,Washington,DC,"Washington, DC",Washington,DC,FMMOS,FMMOS - non-mars,03/30/2021 14:12:00,2016,2016-OCT,3.82,component,lmprs,
Dec,2016,,Arizona,131.0,3.54,Producer Milk Components,AMS_3462,3462,Dairy FMMOS,DY-NA,Washington,DC,"Washington, DC",Washington,DC,FMMOS,FMMOS - non-mars,03/30/2021 14:12:00,2016,2016-OCT,3.61,component,lmprs,
Dec,2016,,Central,32.0,3.76,Producer Milk Components,AMS_3462,3462,Dairy FMMOS,DY-NA,Washington,DC,"Washington, DC",Washington,DC,FMMOS,FMMOS - non-mars,03/30/2021 14:12:00,2016,2016-OCT,3.77,component,lmprs,
Dec,2016,,Florida,6.0,3.62,Producer Milk Components,AMS_3462,3462,Dairy FMMOS,DY-NA,Washington,DC,"Washington, DC",Washington,DC,FMMOS,FMMOS - non-mars,03/30/2021 14:12:00,2016,2016-OCT,3.70,component,lmprs,
Dec,2016,,Northeast,1.0,3.81,Producer Milk Components,AMS_3462,3462,Dairy FMMOS,DY-NA,Washington,DC,"Washington, DC",Washington,DC,FMMOS,FMMOS - non-mars,03/30/2021 14:12:00,2016,2016-OCT,3.84,component,lmprs,
Dec,2016,,Mideast,33.0,3.73,Producer Milk Components,AMS_3462,3462,Dairy FMMOS,DY-NA,Washington,DC,"Washington, DC",Washington,DC,FMMOS,FMMOS - non-mars,03/30/2021 14:12:00,2016,2016-OCT,3.76,component,lmprs,
Dec,2016,,Pacific Northwest,124.0,3.95,Producer Milk Components,AMS_3462,3462,Dairy FMMOS,DY-NA,Washington,DC,"Washington, DC",Washington,DC,FMMOS,FMMOS - non-mars,03/30/2021 14:12:00,2016,2016-OCT,4.01,component,lmprs,
Dec,2016,,Southeast,7.0,3.69,Producer Milk Components,AMS_3462,3462,Dairy FMMOS,DY-NA,Washington,DC,"Washington, DC",Washington,DC,FMMOS,FMMOS - non-mars,03/30/2021 14:12:00,2016,2016-OCT,3.75,component,lmprs,
Dec,2016,,Upper Midwest,30.0,3.82,Producer Milk Components,AMS_3462,3462,Dairy FMMOS,DY-NA,Washington,DC,"Washington, DC",Washington,DC,FMMOS,FMMOS - non-mars,03/30/2021 14:12:00,2016,2016-OCT,3.87,component,lmprs,
Dec,2016,,Southwest,126.0,3.75,Producer Milk Components,AMS_3462,3462,Dairy FMMOS,DY-NA,Washington,DC,"Washington, DC",Washington,DC,FMMOS,FMMOS - non-mars,03/30/2021 14:12:00,2016,2016-OCT,3.86,component,lmprs,
Dec,2017,,Southwest,126.0,3.86,Producer Milk Components,AMS_3462,3462,Dairy FMMOS,DY-NA,Washington,DC,"Washington, DC",Washington,DC,FMMOS,FMMOS - non-mars,03/30/2021 14:11:00,2017,2017-OCT,3.87,component,lmprs,
Dec,2017,,Upper Midwest,30.0,3.84,Producer Milk Components,AMS_3462,3462,Dairy FMMOS,DY-NA,Washington,DC,"Washington, DC",Washington,DC,FMMOS,FMMOS - non-mars,03/30/2021 14:11:00,2017,2017-OCT,3.86,component,lmprs,
Dec,2017,,Southeast,7.0,3.74,Producer Milk Components,AMS_3462,3462,Dairy FMMOS,DY-NA,Washington,DC,"Washington, DC",Washington,DC,FMMOS,FMMOS - non-mars,03/30/2021 14:11:00,2017,2017-OCT,3.76,component,lmprs,
Dec,2017,,Pacific Northwest,124.0,3.99,Producer Milk Components,AMS_3462,3462,Dairy FMMOS,DY-NA,Washington,DC,"Washington, DC",Washington,DC,FMMOS,FMMOS - non-mars,03/30/2021 14:11:00,2017,2017-OCT,4.05,component,lmprs,
Dec,2017,,Mideast,33.0,3.78,Producer Milk Components,AMS_3462,3462,Dairy FMMOS,DY-NA,Washington,DC,"Washington, DC",Washington,DC,FMMOS,FMMOS - non-mars,03/30/2021 14:11:00,2017,2017-OCT,3.77,component,lmprs,
Dec,2017,,Northeast,1.0,3.85,Producer Milk Components,AMS_3462,3462,Dairy FMMOS,DY-NA,Washington,DC,"Washington, DC",Washington,DC,FMMOS,FMMOS - non-mars,03/30/2021 14:11:00,2017,2017-OCT,3.85,component,lmprs,
Dec,2017,,Florida,6.0,3.69,Producer Milk Components,AMS_3462,3462,Dairy FMMOS,DY-NA,Washington,DC,"Washington, DC",Washington,DC,FMMOS,FMMOS - non-mars,03/30/2021 14:11:00,2017,2017-OCT,3.73,component,lmprs,
Dec,2017,,Central,32.0,3.82,Producer Milk Components,AMS_3462,3462,Dairy FMMOS,DY-NA,Washington,DC,"Washington, DC",Washington,DC,FMMOS,FMMOS - non-mars,03/30/2021 14:11:00,2017,2017-OCT,3.88,component,lmprs,
Dec,2017,,Arizona,131.0,3.62,Producer Milk Components,AMS_3462,3462,Dairy FMMOS,DY-NA,Washington,DC,"Washington, DC",Washington,DC,FMMOS,FMMOS - non-mars,03/30/2021 14:11:00,2017,2017-OCT,3.69,component,lmprs,
Dec,2017,,All Markets Combined,,3.82,Producer Milk Components,AMS_3462,3462,Dairy FMMOS,DY-NA,Washington,DC,"Washington, DC",Washington,DC,FMMOS,FMMOS - non-mars,03/30/2021 14:11:00,2017,2017-OCT,3.84,component,lmprs,
Dec,2017,,Appalachian,5.0,3.76,Producer Milk Components,AMS_3462,3462,Dairy FMMOS,DY-NA,Washington,DC,"Washington, DC",Washington,DC,FMMOS,FMMOS - non-mars,03/30/2021 14:11:00,2017,2017-OCT,3.77,component,lmprs,
Dec,2018,,Appalachian,5.0,3.79,Producer Milk Components,AMS_3462,3462,Dairy FMMOS,DY-NA,Washington,DC,"Washington, DC",Washington,DC,FMMOS,FMMOS - non-mars,03/30/2021 14:09:00,2018,2018-OCT,3.79,component,lmprs,
Dec,2018,,All Markets Combined,,3.88,Producer Milk Components,AMS_3462,3462,Dairy FMMOS,DY-NA,Washington,DC,"Washington, DC",Washington,DC,FMMOS,FMMOS - non-mars,03/30/2021 14:09:00,2018,2018-OCT,3.96,component,lmprs,
Dec,2018,,Arizona,131.0,3.66,Producer Milk Components,AMS_3462,3462,Dairy FMMOS,DY-NA,Washington,DC,"Washington, DC",Washington,DC,FMMOS,FMMOS - non-mars,03/30/2021 14:09:00,2018,2018-OCT,3.71,component,lmprs,
Dec,2018,,Central,32.0,3.89,Producer Milk Components,AMS_3462,3462,Dairy FMMOS,DY-NA,Washington,DC,"Washington, DC",Washington,DC,FMMOS,FMMOS - non-mars,03/30/2021 14:09:00,2018,2018-OCT,4.00,component,lmprs,
Dec,2018,,California,51.0,4.01,Producer Milk Components,AMS_3462,3462,Dairy FMMOS,DY-NA,Washington,DC,"Washington, DC",Washington,DC,FMMOS,FMMOS - non-mars,03/30/2021 14:09:00,2018,2018-OCT,,component,lmprs,
Dec,2018,,Florida,6.0,3.68,Producer Milk Components,AMS_3462,3462,Dairy FMMOS,DY-NA,Washington,DC,"Washington, DC",Washington,DC,FMMOS,FMMOS - non-mars,03/30/2021 14:09:00,2018,2018-OCT,3.69,component,lmprs,
Dec,2018,,Northeast,1.0,3.86,Producer Milk Components,AMS_3462,3462,Dairy FMMOS,DY-NA,Washington,DC,"Washington, DC",Washington,DC,FMMOS,FMMOS - non-mars,03/30/2021 14:09:00,2018,2018-OCT,3.89,component,lmprs,
Dec,2018,,Mideast,33.0,3.84,Producer Milk Components,AMS_3462,3462,Dairy FMMOS,DY-NA,Washington,DC,"Washington, DC",Washington,DC,FMMOS,FMMOS - non-mars,03/30/2021 14:09:00,2018,2018-OCT,3.88,component,lmprs,
Dec,2018,,Pacific Northwest,124.0,4.07,Producer Milk Components,AMS_3462,3462,Dairy FMMOS,DY-NA,Washington,DC,"Washington, DC",Washington,DC,FMMOS,FMMOS - non-mars,03/30/2021 14:09:00,2018,2018-OCT,4.19,component,lmprs,
Dec,2018,,Southeast,7.0,3.80,Producer Milk Components,AMS_3462,3462,Dairy FMMOS,DY-NA,Washington,DC,"Washington, DC",Washington,DC,FMMOS,FMMOS - non-mars,03/30/2021 14:09:00,2018,2018-OCT,3.87,component,lmprs,
Dec,2018,,Upper Midwest,30.0,3.92,Producer Milk Components,AMS_3462,3462,Dairy FMMOS,DY-NA,Washington,DC,"Washington, DC",Washington,DC,FMMOS,FMMOS - non-mars,03/30/2021 14:09:00,2018,2018-OCT,4.01,component,lmprs,
Dec,2018,,Southwest,126.0,3.94,Producer Milk Components,AMS_3462,3462,Dairy FMMOS,DY-NA,Washington,DC,"Washington, DC",Washington,DC,FMMOS,FMMOS - non-mars,03/30/2021 14:09:00,2018,2018-OCT,4.06,component,lmprs,
Dec,2019,,Upper Midwest,30.0,3.93,Producer Milk Components,AMS_3462,3462,Dairy FMMOS,DY-NA,Washington,DC,"Washington, DC",Washington,DC,FMMOS,FMMOS - non-mars,03/30/2021 14:09:00,2019,2019-OCT,4.00,component,lmprs,
Dec,2019,,Southeast,7.0,3.80,Producer Milk Components,AMS_3462,3462,Dairy FMMOS,DY-NA,Washington,DC,"Washington, DC",Washington,DC,FMMOS,FMMOS - non-mars,03/30/2021 14:09:00,2019,2019-OCT,3.87,component,lmprs,
Dec,2019,,Southwest,126.0,3.99,Producer Milk Components,AMS_3462,3462,Dairy FMMOS,DY-NA,Washington,DC,"Washington, DC",Washington,DC,FMMOS,FMMOS - non-mars,03/30/2021 14:09:00,2019,2019-OCT,4.09,component,lmprs,
Dec,2019,,Pacific Northwest,124.0,4.08,Producer Milk Components,AMS_3462,3462,Dairy FMMOS,DY-NA,Washington,DC,"Washington, DC",Washington,DC,FMMOS,FMMOS - non-mars,03/30/2021 14:09:00,2019,2019-OCT,4.13,component,lmprs,
Dec,2019,,Northeast,1.0,3.89,Producer Milk Components,AMS_3462,3462,Dairy FMMOS,DY-NA,Washington,DC,"Washington, DC",Washington,DC,FMMOS,FMMOS - non-mars,03/30/2021 14:09:00,2019,2019-OCT,3.94,component,lmprs,
Dec,2019,,Florida,6.0,3.66,Producer Milk Components,AMS_3462,3462,Dairy FMMOS,DY-NA,Washington,DC,"Washington, DC",Washington,DC,FMMOS,FMMOS - non-mars,03/30/2021 14:09:00,2019,2019-OCT,3.75,component,lmprs,
Dec,2019,,Mideast,33.0,3.86,Producer Milk Components,AMS_3462,3462,Dairy FMMOS,DY-NA,Washington,DC,"Washington, DC",Washington,DC,FMMOS,FMMOS - non-mars,03/30/2021 14:09:00,2019,2019-OCT,3.88,component,lmprs,
Dec,2019,,California,51.0,3.86,Producer Milk Components,AMS_3462,3462,Dairy FMMOS,DY-NA,Washington,DC,"Washington, DC",Washington,DC,FMMOS,FMMOS - non-mars,03/30/2021 14:09:00,2019,2019-OCT,3.90,component,lmprs,
Dec,2019,,Central,32.0,3.92,Producer Milk Components,AMS_3462,3462,Dairy FMMOS,DY-NA,Washington,DC,"Washington, DC",Washington,DC,FMMOS,FMMOS - non-mars,03/30/2021 14:09:00,2019,2019-OCT,3.99,component,lmprs,
Dec,2019,,Arizona,131.0,3.74,Producer Milk Components,AMS_3462,3462,Dairy FMMOS,DY-NA,Washington,DC,"Washington, DC",Washington,DC,FMMOS,FMMOS - non-mars,03/30/2021 14:09:00,2019,2019-OCT,3.77,component,lmprs,
Dec,2019,,All Markets Combined,,3.90,Producer Milk Components,AMS_3462,3462,Dairy FMMOS,DY-NA,Washington,DC,"Washington, DC",Washington,DC,FMMOS,FMMOS - non-mars,03/30/2021 14:09:00,2019,2019-OCT,3.95,component,lmprs,
Dec,2019,,Appalachian,5.0,3.80,Producer Milk Components,AMS_3462,3462,Dairy FMMOS,DY-NA,Washington,DC,"Washington, DC",Washington,DC,FMMOS,FMMOS - non-mars,03/30/2021 14:09:00,2019,2019-OCT,3.85,component,lmprs,
Dec,2020,,Appalachian,5.0,3.86,Producer Milk Components,AMS_3462,3462,Dairy FMMOS,DY-NA,Washington,DC,"Washington, DC",Washington,DC,FMMOS,FMMOS - non-mars,02/23/2021 09:39:00,2020,2020-OCT,3.90,component,lmprs,
Dec,2020,,All Markets Combined,,3.92,Producer Milk Components,AMS_3462,3462,Dairy FMMOS,DY-NA,Washington,DC,"Washington, DC",Washington,DC,FMMOS,FMMOS - non-mars,02/23/2021 09:39:00,2020,2020-OCT,3.97,component,lmprs,
Dec,2020,,Arizona,131.0,3.75,Producer Milk Components,AMS_3462,3462,Dairy FMMOS,DY-NA,Washington,DC,"Washington, DC",Washington,DC,FMMOS,FMMOS - non-mars,02/23/2021 09:39:00,2020,2020-OCT,3.74,component,lmprs,
Dec,2020,,Central,32.0,3.93,Producer Milk Components,AMS_3462,3462,Dairy FMMOS,DY-NA,Washington,DC,"Washington, DC",Washington,DC,FMMOS,FMMOS - non-mars,02/23/2021 09:39:00,2020,2020-OCT,3.98,component,lmprs,
Dec,2020,,California,51.0,3.87,Producer Milk Components,AMS_3462,3462,Dairy FMMOS,DY-NA,Washington,DC,"Washington, DC",Washington,DC,FMMOS,FMMOS - non-mars,02/23/2021 09:39:00,2020,2020-OCT,3.88,component,lmprs,
Dec,2020,,Mideast,33.0,3.89,Producer Milk Components,AMS_3462,3462,Dairy FMMOS,DY-NA,Washington,DC,"Washington, DC",Washington,DC,FMMOS,FMMOS - non-mars,02/23/2021 09:39:00,2020,2020-OCT,3.96,component,lmprs,
Dec,2020,,Florida,6.0,3.70,Producer Milk Components,AMS_3462,3462,Dairy FMMOS,DY-NA,Washington,DC,"Washington, DC",Washington,DC,FMMOS,FMMOS - non-mars,02/23/2021 09:39:00,2020,2020-OCT,3.75,component,lmprs,
Dec,2020,,Northeast,1.0,3.92,Producer Milk Components,AMS_3462,3462,Dairy FMMOS,DY-NA,Washington,DC,"Washington, DC",Washington,DC,FMMOS,FMMOS - non-mars,02/23/2021 09:39:00,2020,2020-OCT,3.99,component,lmprs,
Dec,2020,,Pacific Northwest,124.0,4.07,Producer Milk Components,AMS_3462,3462,Dairy FMMOS,DY-NA,Washington,DC,"Washington, DC",Washington,DC,FMMOS,FMMOS - non-mars,02/23/2021 09:39:00,2020,2020-OCT,4.13,component,lmprs,
Dec,2020,,Southwest,126.0,4.07,Producer Milk Components,AMS_3462,3462,Dairy FMMOS,DY-NA,Washington,DC,"Washington, DC",Washington,DC,FMMOS,FMMOS - non-mars,02/23/2021 09:39:00,2020,2020-OCT,4.13,component,lmprs,
Dec,2020,,Southeast,7.0,3.84,Producer Milk Components,AMS_3462,3462,Dairy FMMOS,DY-NA,Washington,DC,"Washington, DC",Washington,DC,FMMOS,FMMOS - non-mars,02/23/2021 09:39:00,2020,2020-OCT,3.92,component,lmprs,
Dec,2020,,Upper Midwest,30.0,3.96,Producer Milk Components,AMS_3462,3462,Dairy FMMOS,DY-NA,Washington,DC,"Washington, DC",Washington,DC,FMMOS,FMMOS - non-mars,02/23/2021 09:39:00,2020,2020-OCT,4.05,component,lmprs,
Dec,2021,,Southwest,126.0,4.13,Producer Milk Components,AMS_3462,3462,Dairy FMMOS,DY-NA,Washington,DC,"Washington, DC",Washington,DC,FMMOS,FMMOS - non-mars,01/31/2022 07:17:00,2021,2021-OCT,4.19,component,lmprs,
Dec,2021,,Pacific Northwest,124.0,4.11,Producer Milk Components,AMS_3462,3462,Dairy FMMOS,DY-NA,Washington,DC,"Washington, DC",Washington,DC,FMMOS,FMMOS - non-mars,01/31/2022 07:17:00,2021,2021-OCT,4.20,component,lmprs,
Dec,2021,,Southeast,7.0,3.88,Producer Milk Components,AMS_3462,3462,Dairy FMMOS,DY-NA,Washington,DC,"Washington, DC",Washington,DC,FMMOS,FMMOS - non-mars,01/31/2022 07:17:00,2021,2021-OCT,3.93,component,lmprs,
Dec,2021,,Northeast,1.0,3.99,Producer Milk Components,AMS_3462,3462,Dairy FMMOS,DY-NA,Washington,DC,"Washington, DC",Washington,DC,FMMOS,FMMOS - non-mars,01/31/2022 07:17:00,2021,2021-OCT,4.00,component,lmprs,
Dec,2021,,Mideast,33.0,3.93,Producer Milk Components,AMS_3462,3462,Dairy FMMOS,DY-NA,Washington,DC,"Washington, DC",Washington,DC,FMMOS,FMMOS - non-mars,01/31/2022 07:17:00,2021,2021-OCT,3.93,component,lmprs,
Dec,2021,,Central,32.0,3.98,Producer Milk Components,AMS_3462,3462,Dairy FMMOS,DY-NA,Washington,DC,"Washington, DC",Washington,DC,FMMOS,FMMOS - non-mars,01/31/2022 07:17:00,2021,2021-OCT,4.08,component,lmprs,
Dec,2021,,Florida,6.0,3.66,Producer Milk Components,AMS_3462,3462,Dairy FMMOS,DY-NA,Washington,DC,"Washington, DC",Washington,DC,FMMOS,FMMOS - non-mars,01/31/2022 07:17:00,2021,2021-OCT,3.67,component,lmprs,
Dec,2021,,California,51.0,3.92,Producer Milk Components,AMS_3462,3462,Dairy FMMOS,DY-NA,Washington,DC,"Washington, DC",Washington,DC,FMMOS,FMMOS - non-mars,01/31/2022 07:17:00,2021,2021-OCT,3.98,component,lmprs,
Dec,2021,,Arizona,131.0,3.77,Producer Milk Components,AMS_3462,3462,Dairy FMMOS,DY-NA,Washington,DC,"Washington, DC",Washington,DC,FMMOS,FMMOS - non-mars,01/31/2022 07:17:00,2021,2021-OCT,3.84,component,lmprs,
Dec,2021,,Appalachian,5.0,3.84,Producer Milk Components,AMS_3462,3462,Dairy FMMOS,DY-NA,Washington,DC,"Washington, DC",Washington,DC,FMMOS,FMMOS - non-mars,01/31/2022 07:17:00,2021,2021-OCT,3.82,component,lmprs,
Dec,2021,,All Markets Combined,,3.97,Producer Milk Components,AMS_3462,3462,Dairy FMMOS,DY-NA,Washington,DC,"Washington, DC",Washington,DC,FMMOS,FMMOS - non-mars,01/31/2022 07:17:00,2021,2021-OCT,4.00,component,lmprs,
Dec,2021,,Upper Midwest,30.0,4.03,Producer Milk Components,AMS_3462,3462,Dairy FMMOS,DY-NA,Washington,DC,"Washington, DC",Washington,DC,FMMOS,FMMOS - non-mars,01/31/2022 07:17:00,2021,2021-OCT,4.02,component,lmprs,
Dec,2022,,Upper Midwest,30.0,4.12,Producer Milk Components,AMS_3462,3462,Dairy FMMOS,DY-NA,Washington,DC,"Washington, DC",Washington,DC,FMMOS,FMMOS - non-mars,01/30/2023 07:36:00,2022,2022-OCT,4.19,component,lmprs,
Dec,2022,,All Markets Combined,,4.06,Producer Milk Components,AMS_3462,3462,Dairy FMMOS,DY-NA,Washington,DC,"Washington, DC",Washington,DC,FMMOS,FMMOS - non-mars,01/30/2023 07:36:00,2022,2022-OCT,4.11,component,lmprs,
Dec,2022,,Appalachian,5.0,3.91,Producer Milk Components,AMS_3462,3462,Dairy FMMOS,DY-NA,Washington,DC,"Washington, DC",Washington,DC,FMMOS,FMMOS - non-mars,01/30/2023 07:36:00,2022,2022-OCT,4.01,component,lmprs,
Dec,2022,,Arizona,131.0,3.81,Producer Milk Components,AMS_3462,3462,Dairy FMMOS,DY-NA,Washington,DC,"Washington, DC",Washington,DC,FMMOS,FMMOS - non-mars,01/30/2023 07:36:00,2022,2022-OCT,3.86,component,lmprs,
Dec,2022,,California,51.0,4.05,Producer Milk Components,AMS_3462,3462,Dairy FMMOS,DY-NA,Washington,DC,"Washington, DC",Washington,DC,FMMOS,FMMOS - non-mars,01/30/2023 07:36:00,2022,2022-OCT,4.05,component,lmprs,
Dec,2022,,Florida,6.0,3.70,Producer Milk Components,AMS_3462,3462,Dairy FMMOS,DY-NA,Washington,DC,"Washington, DC",Washington,DC,FMMOS,FMMOS - non-mars,01/30/2023 07:36:00,2022,2022-OCT,3.75,component,lmprs,
Dec,2022,,Central,32.0,4.06,Producer Milk Components,AMS_3462,3462,Dairy FMMOS,DY-NA,Washington,DC,"Washington, DC",Washington,DC,FMMOS,FMMOS - non-mars,01/30/2023 07:36:00,2022,2022-OCT,4.11,component,lmprs,
Dec,2022,,Mideast,33.0,4.02,Producer Milk Components,AMS_3462,3462,Dairy FMMOS,DY-NA,Washington,DC,"Washington, DC",Washington,DC,FMMOS,FMMOS - non-mars,01/30/2023 07:36:00,2022,2022-OCT,4.08,component,lmprs,
Dec,2022,,Northeast,1.0,4.03,Producer Milk Components,AMS_3462,3462,Dairy FMMOS,DY-NA,Washington,DC,"Washington, DC",Washington,DC,FMMOS,FMMOS - non-mars,01/30/2023 07:36:00,2022,2022-OCT,4.08,component,lmprs,
Dec,2022,,Southeast,7.0,3.96,Producer Milk Components,AMS_3462,3462,Dairy FMMOS,DY-NA,Washington,DC,"Washington, DC",Washington,DC,FMMOS,FMMOS - non-mars,01/30/2023 07:36:00,2022,2022-OCT,4.04,component,lmprs,
Dec,2022,,Pacific Northwest,124.0,4.30,Producer Milk Components,AMS_3462,3462,Dairy FMMOS,DY-NA,Washington,DC,"Washington, DC",Washington,DC,FMMOS,FMMOS - non-mars,01/30/2023 07:36:00,2022,2022-OCT,4.36,component,lmprs,
Dec,2022,,Southwest,126.0,4.13,Producer Milk Components,AMS_3462,3462,Dairy FMMOS,DY-NA,Washington,DC,"Washington, DC",Washington,DC,FMMOS,FMMOS - non-mars,01/30/2023 07:36:00,2022,2022-OCT,4.16,component,lmprs,
Dec,2023,,Southwest,126.0,4.12,Producer Milk Components,AMS_3462,3462,Dairy FMMOS,DY-NA,Washington,DC,"Washington, DC",Washington,DC,FMMOS,FMMOS - non-mars,01/30/2024 09:42:00,2023,2023-OCT,4.19,component,lmprs,
Dec,2023,,Pacific Northwest,124.0,4.32,Producer Milk Components,AMS_3462,3462,Dairy FMMOS,DY-NA,Washington,DC,"Washington, DC",Washington,DC,FMMOS,FMMOS - non-mars,01/30/2024 09:42:00,2023,2023-OCT,4.42,component,lmprs,
Dec,2023,,Southeast,7.0,4.01,Producer Milk Components,AMS_3462,3462,Dairy FMMOS,DY-NA,Washington,DC,"Washington, DC",Washington,DC,FMMOS,FMMOS - non-mars,01/30/2024 09:42:00,2023,2023-OCT,4.11,component,lmprs,
Dec,2023,,Northeast,1.0,4.12,Producer Milk Components,AMS_3462,3462,Dairy FMMOS,DY-NA,Washington,DC,"Washington, DC",Washington,DC,FMMOS,FMMOS - non-mars,01/30/2024 09:42:00,2023,2023-OCT,4.16,component,lmprs,
Dec,2023,,Mideast,33.0,4.06,Producer Milk Components,AMS_3462,3462,Dairy FMMOS,DY-NA,Washington,DC,"Washington, DC",Washington,DC,FMMOS,FMMOS - non-mars,01/30/2024 09:42:00,2023,2023-OCT,4.11,component,lmprs,
Dec,2023,,Central,32.0,4.11,Producer Milk Components,AMS_3462,3462,Dairy FMMOS,DY-NA,Washington,DC,"Washington, DC",Washington,DC,FMMOS,FMMOS - non-mars,01/30/2024 09:42:00,2023,2023-OCT,4.18,component,lmprs,
Dec,2023,,Florida,6.0,3.82,Producer Milk Components,AMS_3462,3462,Dairy FMMOS,DY-NA,Washington,DC,"Washington, DC",Washington,DC,FMMOS,FMMOS - non-mars,01/30/2024 09:42:00,2023,2023-OCT,3.88,component,lmprs,
Dec,2023,,California,51.0,4.12,Producer Milk Components,AMS_3462,3462,Dairy FMMOS,DY-NA,Washington,DC,"Washington, DC",Washington,DC,FMMOS,FMMOS - non-mars,01/30/2024 09:42:00,2023,2023-OCT,4.19,component,lmprs,
Dec,2023,,Arizona,131.0,3.88,Producer Milk Components,AMS_3462,3462,Dairy FMMOS,DY-NA,Washington,DC,"Washington, DC",Washington,DC,FMMOS,FMMOS - non-mars,01/30/2024 09:42:00,2023,2023-OCT,4.00,component,lmprs,
Dec,2023,,Appalachian,5.0,3.97,Producer Milk Components,AMS_3462,3462,Dairy FMMOS,DY-NA,Washington,DC,"Washington, DC",Washington,DC,FMMOS,FMMOS - non-mars,01/30/2024 09:42:00,2023,2023-OCT,4.03,component,lmprs,
Dec,2023,,All Markets Combined,,4.11,Producer Milk Components,AMS_3462,3462,Dairy FMMOS,DY-NA,Washington,DC,"Washington, DC",Washington,DC,FMMOS,FMMOS - non-mars,01/30/2024 09:42:00,2023,2023-OCT,4.17,component,lmprs,
Dec,2023,,Upper Midwest,30.0,4.17,Producer Milk Components,AMS_3462,3462,Dairy FMMOS,DY-NA,Washington,DC,"Washington, DC",Washington,DC,FMMOS,FMMOS - non-mars,01/30/2024 09:42:00,2023,2023-OCT,4.22,component,lmprs,
Dec,2024,,Upper Midwest,30.0,4.27,Producer Milk Components,AMS_3462,3462,Dairy FMMOS,DY-NA,Washington,DC,"Washington, DC",Washington,DC,FMMOS,FMMOS - non-mars,01/23/2025 09:07:00,2024,2024-OCT,4.30,component,lmprs,
Dec,2024,,All Markets Combined,,4.21,Producer Milk Components,AMS_3462,3462,Dairy FMMOS,DY-NA,Washington,DC,"Washington, DC",Washington,DC,FMMOS,FMMOS - non-mars,01/23/2025 09:07:00,2024,2024-OCT,4.22,component,lmprs,
Dec,2024,,Appalachian,5.0,4.06,Producer Milk Components,AMS_3462,3462,Dairy FMMOS,DY-NA,Washington,DC,"Washington, DC",Washington,DC,FMMOS,FMMOS - non-mars,01/23/2025 09:07:00,2024,2024-OCT,4.09,component,lmprs,
Dec,2024,,Arizona,131.0,4.07,Producer Milk Components,AMS_3462,3462,Dairy FMMOS,DY-NA,Washington,DC,"Washington, DC",Washington,DC,FMMOS,FMMOS - non-mars,01/23/2025 09:07:00,2024,2024-OCT,4.05,component,lmprs,
Dec,2024,,California,51.0,4.18,Producer Milk Components,AMS_3462,3462,Dairy FMMOS,DY-NA,Washington,DC,"Washington, DC",Washington,DC,FMMOS,FMMOS - non-mars,01/23/2025 09:07:00,2024,2024-OCT,4.13,component,lmprs,
Dec,2024,,Florida,6.0,3.92,Producer Milk Components,AMS_3462,3462,Dairy FMMOS,DY-NA,Washington,DC,"Washington, DC",Washington,DC,FMMOS,FMMOS - non-mars,01/23/2025 09:07:00,2024,2024-OCT,3.95,component,lmprs,
Dec,2024,,Central,32.0,4.19,Producer Milk Components,AMS_3462,3462,Dairy FMMOS,DY-NA,Washington,DC,"Washington, DC",Washington,DC,FMMOS,FMMOS - non-mars,01/23/2025 09:07:00,2024,2024-OCT,4.19,component,lmprs,
Dec,2024,,Mideast,33.0,4.17,Producer Milk Components,AMS_3462,3462,Dairy FMMOS,DY-NA,Washington,DC,"Washington, DC",Washington,DC,FMMOS,FMMOS - non-mars,01/23/2025 09:07:00,2024,2024-OCT,4.20,component,lmprs,
Dec,2024,,Northeast,1.0,4.22,Producer Milk Components,AMS_3462,3462,Dairy FMMOS,DY-NA,Washington,DC,"Washington, DC",Washington,DC,FMMOS,FMMOS - non-mars,01/23/2025 09:07:00,2024,2024-OCT,4.26,component,lmprs,
Dec,2024,,Southeast,7.0,4.11,Producer Milk Components,AMS_3462,3462,Dairy FMMOS,DY-NA,Washington,DC,"Washington, DC",Washington,DC,FMMOS,FMMOS - non-mars,01/23/2025 09:07:00,2024,2024-OCT,4.15,component,lmprs,
Dec,2024,,Pacific Northwest,124.0,4.39,Producer Milk Components,AMS_3462,3462,Dairy FMMOS,DY-NA,Washington,DC,"Washington, DC",Washington,DC,FMMOS,FMMOS - non-mars,01/23/2025 09:07:00,2024,2024-OCT,4.37,component,lmprs,
Dec,2024,,Southwest,126.0,4.24,Producer Milk Components,AMS_3462,3462,Dairy FMMOS,DY-NA,Washington,DC,"Washington, DC",Washington,DC,FMMOS,FMMOS - non-mars,01/23/2025 09:07:00,2024,2024-OCT,4.36,component,lmprs,
Dec,2025,,Southwest,126.0,4.38,Producer Milk Components,AMS_3462,3462,Dairy FMMOS,DY-NA,Washington,DC,"Washington, DC",Washington,DC,FMMOS,FMMOS - non-mars,01/21/2026 11:39:00,2025,2025-OCT,4.44,component,lmprs,
Dec,2025,,Pacific Northwest,124.0,4.45,Producer Milk Components,AMS_3462,3462,Dairy FMMOS,DY-NA,Washington,DC,"Washington, DC",Washington,DC,FMMOS,FMMOS - non-mars,01/21/2026 11:39:00,2025,2025-OCT,4.53,component,lmprs,
Dec,2025,,Southeast,7.0,4.19,Producer Milk Components,AMS_3462,3462,Dairy FMMOS,DY-NA,Washington,DC,"Washington, DC",Washington,DC,FMMOS,FMMOS - non-mars,01/21/2026 11:39:00,2025,2025-OCT,4.25,component,lmprs,
Dec,2025,,Northeast,1.0,4.33,Producer Milk Components,AMS_3462,3462,Dairy FMMOS,DY-NA,Washington,DC,"Washington, DC",Washington,DC,FMMOS,FMMOS - non-mars,01/21/2026 11:39:00,2025,2025-OCT,4.37,component,lmprs,
Dec,2025,,Mideast,33.0,4.30,Producer Milk Components,AMS_3462,3462,Dairy FMMOS,DY-NA,Washington,DC,"Washington, DC",Washington,DC,FMMOS,FMMOS - non-mars,01/21/2026 11:39:00,2025,2025-OCT,4.31,component,lmprs,
Dec,2025,,Central,32.0,4.25,Producer Milk Components,AMS_3462,3462,Dairy FMMOS,DY-NA,Washington,DC,"Washington, DC",Washington,DC,FMMOS,FMMOS - non-mars,01/21/2026 11:39:00,2025,2025-OCT,4.27,component,lmprs,
Dec,2025,,Florida,6.0,3.94,Producer Milk Components,AMS_3462,3462,Dairy FMMOS,DY-NA,Washington,DC,"Washington, DC",Washington,DC,FMMOS,FMMOS - non-mars,01/21/2026 11:39:00,2025,2025-OCT,3.99,component,lmprs,
Dec,2025,,California,51.0,4.22,Producer Milk Components,AMS_3462,3462,Dairy FMMOS,DY-NA,Washington,DC,"Washington, DC",Washington,DC,FMMOS,FMMOS - non-mars,01/21/2026 11:39:00,2025,2025-OCT,4.24,component,lmprs,
Dec,2025,,Arizona,131.0,4.10,Producer Milk Components,AMS_3462,3462,Dairy FMMOS,DY-NA,Washington,DC,"Washington, DC",Washington,DC,FMMOS,FMMOS - non-mars,01/21/2026 11:39:00,2025,2025-OCT,4.01,component,lmprs,
Dec,2025,,Appalachian,5.0,4.13,Producer Milk Components,AMS_3462,3462,Dairy FMMOS,DY-NA,Washington,DC,"Washington, DC",Washington,DC,FMMOS,FMMOS - non-mars,01/21/2026 11:39:00,2025,2025-OCT,4.15,component,lmprs,
Dec,2025,,All Markets Combined,,4.29,Producer Milk Components,AMS_3462,3462,Dairy FMMOS,DY-NA,Washington,DC,"Washington, DC",Washington,DC,FMMOS,FMMOS - non-mars,01/21/2026 11:39:00,2025,2025-OCT,4.31,component,lmprs,
Dec,2025,,Upper Midwest,30.0,4.33,Producer Milk Components,AMS_3462,3462,Dairy FMMOS,DY-NA,Washington,DC,"Washington, DC",Washington,DC,FMMOS,FMMOS - non-mars,01/21/2026 11:39:00,2025,2025-OCT,4.35,component,lmprs,
Mar,2026,,Upper Midwest,30.0,4.46,Producer Milk Components,AMS_3462,3462,Dairy FMMOS,DY-NA,Washington,DC,"Washington, DC",Washington,DC,FMMOS,FMMOS - non-mars,04/21/2026 05:48:00,2026,2026-OCT,,component,lmprs,
Mar,2026,,All Markets Combined,,4.42,Producer Milk Components,AMS_3462,3462,Dairy FMMOS,DY-NA,Washington,DC,"Washington, DC",Washington,DC,FMMOS,FMMOS - non-mars,04/21/2026 05:48:00,2026,2026-OCT,,component,lmprs,
Mar,2026,,Appalachian,5.0,4.23,Producer Milk Components,AMS_3462,3462,Dairy FMMOS,DY-NA,Washington,DC,"Washington, DC",Washington,DC,FMMOS,FMMOS - non-mars,04/21/2026 05:48:00,2026,2026-OCT,,component,lmprs,
Mar,2026,,Arizona,131.0,4.16,Producer Milk Components,AMS_3462,3462,Dairy FMMOS,DY-NA,Washington,DC,"Washington, DC",Washington,DC,FMMOS,FMMOS - non-mars,04/21/2026 05:48:00,2026,2026-OCT,,component,lmprs,
Mar,2026,,California,51.0,4.31,Producer Milk Components,AMS_3462,3462,Dairy FMMOS,DY-NA,Washington,DC,"Washington, DC",Washington,DC,FMMOS,FMMOS - non-mars,04/21/2026 05:48:00,2026,2026-OCT,,component,lmprs,
Mar,2026,,Florida,6.0,3.97,Producer Milk Components,AMS_3462,3462,Dairy FMMOS,DY-NA,Washington,DC,"Washington, DC",Washington,DC,FMMOS,FMMOS - non-mars,04/21/2026 05:48:00,2026,2026-OCT,,component,lmprs,
Mar,2026,,Central,32.0,4.36,Producer Milk Components,AMS_3462,3462,Dairy FMMOS,DY-NA,Washington,DC,"Washington, DC",Washington,DC,FMMOS,FMMOS - non-mars,04/21/2026 05:48:00,2026,2026-OCT,,component,lmprs,
Mar,2026,,Mideast,33.0,4.45,Producer Milk Components,AMS_3462,3462,Dairy FMMOS,DY-NA,Washington,DC,"Washington, DC",Washington,DC,FMMOS,FMMOS - non-mars,04/21/2026 05:48:00,2026,2026-OCT,,component,lmprs,
Mar,2026,,Northeast,1.0,4.53,Producer Milk Components,AMS_3462,3462,Dairy FMMOS,DY-NA,Washington,DC,"Washington, DC",Washington,DC,FMMOS,FMMOS - non-mars,04/21/2026 05:48:00,2026,2026-OCT,,component,lmprs,
Mar,2026,,Southeast,7.0,4.32,Producer Milk Components,AMS_3462,3462,Dairy FMMOS,DY-NA,Washington,DC,"Washington, DC",Washington,DC,FMMOS,FMMOS - non-mars,04/21/2026 05:48:00,2026,2026-OCT,,component,lmprs,
Mar,2026,,Pacific Northwest,124.0,4.56,Producer Milk Components,AMS_3462,3462,Dairy FMMOS,DY-NA,Washington,DC,"Washington, DC",Washington,DC,FMMOS,FMMOS - non-mars,04/21/2026 05:48:00,2026,2026-OCT,,component,lmprs,
Mar,2026,,Southwest,126.0,4.52,Producer Milk Components,AMS_3462,3462,Dairy FMMOS,DY-NA,Washington,DC,"Washington, DC",Washington,DC,FMMOS,FMMOS - non-mars,04/21/2026 05:48:00,2026,2026-OCT,,component,lmprs,
Dec,2000,,All Markets Combined,,3.69,Producer Milk Components,AMS_3462,3462,Dairy FMMOS,DY-NA,Washington,DC,"Washington, DC",Washington,DC,FMMOS,FMMOS - non-mars,04/09/2021 07:48:00,2000,2000-NOV,3.79,component,lmprs,
Dec,2000,,Appalachian,5.0,3.67,Producer Milk Components,AMS_3462,3462,Dairy FMMOS,DY-NA,Washington,DC,"Washington, DC",Washington,DC,FMMOS,FMMOS - non-mars,04/09/2021 07:48:00,2000,2000-NOV,3.73,component,lmprs,
Dec,2000,,Arizona,131.0,3.62,Producer Milk Components,AMS_3462,3462,Dairy FMMOS,DY-NA,Washington,DC,"Washington, DC",Washington,DC,FMMOS,FMMOS - non-mars,04/09/2021 07:48:00,2000,2000-NOV,3.82,component,lmprs,
Dec,2000,,Central,32.0,3.69,Producer Milk Components,AMS_3462,3462,Dairy FMMOS,DY-NA,Washington,DC,"Washington, DC",Washington,DC,FMMOS,FMMOS - non-mars,04/09/2021 07:48:00,2000,2000-NOV,3.82,component,lmprs,
Dec,2000,,Florida,6.0,3.60,Producer Milk Components,AMS_3462,3462,Dairy FMMOS,DY-NA,Washington,DC,"Washington, DC",Washington,DC,FMMOS,FMMOS - non-mars,04/09/2021 07:48:00,2000,2000-NOV,3.64,component,lmprs,
Dec,2000,,Mideast,33.0,3.72,Producer Milk Components,AMS_3462,3462,Dairy FMMOS,DY-NA,Washington,DC,"Washington, DC",Washington,DC,FMMOS,FMMOS - non-mars,04/09/2021 07:48:00,2000,2000-NOV,3.80,component,lmprs,
Dec,2000,,Northeast,1.0,3.71,Producer Milk Components,AMS_3462,3462,Dairy FMMOS,DY-NA,Washington,DC,"Washington, DC",Washington,DC,FMMOS,FMMOS - non-mars,04/09/2021 07:48:00,2000,2000-NOV,3.78,component,lmprs,
Dec,2000,,Pacific Northwest,124.0,3.65,Producer Milk Components,AMS_3462,3462,Dairy FMMOS,DY-NA,Washington,DC,"Washington, DC",Washington,DC,FMMOS,FMMOS - non-mars,04/09/2021 07:48:00,2000,2000-NOV,3.73,component,lmprs,
Dec,2000,,Southeast,7.0,3.64,Producer Milk Components,AMS_3462,3462,Dairy FMMOS,DY-NA,Washington,DC,"Washington, DC",Washington,DC,FMMOS,FMMOS - non-mars,04/09/2021 07:48:00,2000,2000-NOV,3.79,component,lmprs,
Dec,2000,,Southwest,126.0,3.60,Producer Milk Components,AMS_3462,3462,Dairy FMMOS,DY-NA,Washington,DC,"Washington, DC",Washington,DC,FMMOS,FMMOS - non-mars,04/09/2021 07:48:00,2000,2000-NOV,3.77,component,lmprs,
Dec,2000,,Upper Midwest,30.0,3.73,Producer Milk Components,AMS_3462,3462,Dairy FMMOS,DY-NA,Washington,DC,"Washington, DC",Washington,DC,FMMOS,FMMOS - non-mars,04/09/2021 07:48:00,2000,2000-NOV,3.83,component,lmprs,
Dec,2000,,Western,135.0,3.60,Producer Milk Components,AMS_3462,3462,Dairy FMMOS,DY-NA,Washington,DC,"Washington, DC",Washington,DC,FMMOS,FMMOS - non-mars,04/09/2021 07:48:00,2000,2000-NOV,3.74,component,lmprs,
Dec,2001,,Western,135.0,3.61,Producer Milk Components,AMS_3462,3462,Dairy FMMOS,DY-NA,Washington,DC,"Washington, DC",Washington,DC,FMMOS,FMMOS - non-mars,04/09/2021 07:46:00,2001,2001-NOV,3.71,component,lmprs,
Dec,2001,,Upper Midwest,30.0,3.72,Producer Milk Components,AMS_3462,3462,Dairy FMMOS,DY-NA,Washington,DC,"Washington, DC",Washington,DC,FMMOS,FMMOS - non-mars,04/09/2021 07:46:00,2001,2001-NOV,3.82,component,lmprs,
Dec,2001,,Southwest,126.0,3.62,Producer Milk Components,AMS_3462,3462,Dairy FMMOS,DY-NA,Washington,DC,"Washington, DC",Washington,DC,FMMOS,FMMOS - non-mars,04/09/2021 07:46:00,2001,2001-NOV,3.71,component,lmprs,
Dec,2001,,Southeast,7.0,3.64,Producer Milk Components,AMS_3462,3462,Dairy FMMOS,DY-NA,Washington,DC,"Washington, DC",Washington,DC,FMMOS,FMMOS - non-mars,04/09/2021 07:46:00,2001,2001-NOV,3.74,component,lmprs,
Dec,2001,,Pacific Northwest,124.0,3.66,Producer Milk Components,AMS_3462,3462,Dairy FMMOS,DY-NA,Washington,DC,"Washington, DC",Washington,DC,FMMOS,FMMOS - non-mars,04/09/2021 07:46:00,2001,2001-NOV,3.74,component,lmprs,
Dec,2001,,Northeast,1.0,3.68,Producer Milk Components,AMS_3462,3462,Dairy FMMOS,DY-NA,Washington,DC,"Washington, DC",Washington,DC,FMMOS,FMMOS - non-mars,04/09/2021 07:46:00,2001,2001-NOV,3.77,component,lmprs,
Dec,2001,,Mideast,33.0,3.68,Producer Milk Components,AMS_3462,3462,Dairy FMMOS,DY-NA,Washington,DC,"Washington, DC",Washington,DC,FMMOS,FMMOS - non-mars,04/09/2021 07:46:00,2001,2001-NOV,3.78,component,lmprs,
Dec,2001,,Florida,6.0,3.60,Producer Milk Components,AMS_3462,3462,Dairy FMMOS,DY-NA,Washington,DC,"Washington, DC",Washington,DC,FMMOS,FMMOS - non-mars,04/09/2021 07:46:00,2001,2001-NOV,3.69,component,lmprs,
Dec,2001,,Central,32.0,3.69,Producer Milk Components,AMS_3462,3462,Dairy FMMOS,DY-NA,Washington,DC,"Washington, DC",Washington,DC,FMMOS,FMMOS - non-mars,04/09/2021 07:46:00,2001,2001-NOV,3.77,component,lmprs,
Dec,2001,,Arizona,131.0,3.62,Producer Milk Components,AMS_3462,3462,Dairy FMMOS,DY-NA,Washington,DC,"Washington, DC",Washington,DC,FMMOS,FMMOS - non-mars,04/09/2021 07:46:00,2001,2001-NOV,3.68,component,lmprs,
Dec,2001,,Appalachian,5.0,3.65,Producer Milk Components,AMS_3462,3462,Dairy FMMOS,DY-NA,Washington,DC,"Washington, DC",Washington,DC,FMMOS,FMMOS - non-mars,04/09/2021 07:46:00,2001,2001-NOV,3.75,component,lmprs,
Dec,2001,,All Markets Combined,,3.67,Producer Milk Components,AMS_3462,3462,Dairy FMMOS,DY-NA,Washington,DC,"Washington, DC",Washington,DC,FMMOS,FMMOS - non-mars,04/09/2021 07:46:00,2001,2001-NOV,3.76,component,lmprs,
Dec,2002,,All Markets Combined,,3.69,Producer Milk Components,AMS_3462,3462,Dairy FMMOS,DY-NA,Washington,DC,"Washington, DC",Washington,DC,FMMOS,FMMOS - non-mars,04/09/2021 07:46:00,2002,2002-NOV,3.81,component,lmprs,
Dec,2002,,Appalachian,5.0,3.66,Producer Milk Components,AMS_3462,3462,Dairy FMMOS,DY-NA,Washington,DC,"Washington, DC",Washington,DC,FMMOS,FMMOS - non-mars,04/09/2021 07:46:00,2002,2002-NOV,3.80,component,lmprs,
Dec,2002,,Arizona,131.0,3.63,Producer Milk Components,AMS_3462,3462,Dairy FMMOS,DY-NA,Washington,DC,"Washington, DC",Washington,DC,FMMOS,FMMOS - non-mars,04/09/2021 07:46:00,2002,2002-NOV,3.70,component,lmprs,
Dec,2002,,Central,32.0,3.70,Producer Milk Components,AMS_3462,3462,Dairy FMMOS,DY-NA,Washington,DC,"Washington, DC",Washington,DC,FMMOS,FMMOS - non-mars,04/09/2021 07:46:00,2002,2002-NOV,3.83,component,lmprs,
Dec,2002,,Florida,6.0,3.67,Producer Milk Components,AMS_3462,3462,Dairy FMMOS,DY-NA,Washington,DC,"Washington, DC",Washington,DC,FMMOS,FMMOS - non-mars,04/09/2021 07:46:00,2002,2002-NOV,3.69,component,lmprs,
Dec,2002,,Mideast,33.0,3.69,Producer Milk Components,AMS_3462,3462,Dairy FMMOS,DY-NA,Washington,DC,"Washington, DC",Washington,DC,FMMOS,FMMOS - non-mars,04/09/2021 07:46:00,2002,2002-NOV,3.83,component,lmprs,
Dec,2002,,Northeast,1.0,3.69,Producer Milk Components,AMS_3462,3462,Dairy FMMOS,DY-NA,Washington,DC,"Washington, DC",Washington,DC,FMMOS,FMMOS - non-mars,04/09/2021 07:46:00,2002,2002-NOV,3.82,component,lmprs,
Dec,2002,,Pacific Northwest,124.0,3.67,Producer Milk Components,AMS_3462,3462,Dairy FMMOS,DY-NA,Washington,DC,"Washington, DC",Washington,DC,FMMOS,FMMOS - non-mars,04/09/2021 07:46:00,2002,2002-NOV,3.77,component,lmprs,
Dec,2002,,Southeast,7.0,3.66,Producer Milk Components,AMS_3462,3462,Dairy FMMOS,DY-NA,Washington,DC,"Washington, DC",Washington,DC,FMMOS,FMMOS - non-mars,04/09/2021 07:46:00,2002,2002-NOV,3.82,component,lmprs,
Dec,2002,,Southwest,126.0,3.64,Producer Milk Components,AMS_3462,3462,Dairy FMMOS,DY-NA,Washington,DC,"Washington, DC",Washington,DC,FMMOS,FMMOS - non-mars,04/09/2021 07:46:00,2002,2002-NOV,3.81,component,lmprs,
Dec,2002,,Upper Midwest,30.0,3.73,Producer Milk Components,AMS_3462,3462,Dairy FMMOS,DY-NA,Washington,DC,"Washington, DC",Washington,DC,FMMOS,FMMOS - non-mars,04/09/2021 07:46:00,2002,2002-NOV,3.84,component,lmprs,
Dec,2002,,Western,135.0,3.63,Producer Milk Components,AMS_3462,3462,Dairy FMMOS,DY-NA,Washington,DC,"Washington, DC",Washington,DC,FMMOS,FMMOS - non-mars,04/09/2021 07:46:00,2002,2002-NOV,3.76,component,lmprs,
Dec,2003,,Western,135.0,3.60,Producer Milk Components,AMS_3462,3462,Dairy FMMOS,DY-NA,Washington,DC,"Washington, DC",Washington,DC,FMMOS,FMMOS - non-mars,04/09/2021 07:46:00,2003,2003-NOV,3.73,component,lmprs,
Dec,2003,,Upper Midwest,30.0,3.72,Producer Milk Components,AMS_3462,3462,Dairy FMMOS,DY-NA,Washington,DC,"Washington, DC",Washington,DC,FMMOS,FMMOS - non-mars,04/09/2021 07:46:00,2003,2003-NOV,3.85,component,lmprs,
Dec,2003,,Southwest,126.0,3.62,Producer Milk Components,AMS_3462,3462,Dairy FMMOS,DY-NA,Washington,DC,"Washington, DC",Washington,DC,FMMOS,FMMOS - non-mars,04/09/2021 07:46:00,2003,2003-NOV,3.70,component,lmprs,
Dec,2003,,Southeast,7.0,3.63,Producer Milk Components,AMS_3462,3462,Dairy FMMOS,DY-NA,Washington,DC,"Washington, DC",Washington,DC,FMMOS,FMMOS - non-mars,04/09/2021 07:46:00,2003,2003-NOV,3.72,component,lmprs,
Dec,2003,,Northeast,1.0,3.70,Producer Milk Components,AMS_3462,3462,Dairy FMMOS,DY-NA,Washington,DC,"Washington, DC",Washington,DC,FMMOS,FMMOS - non-mars,04/09/2021 07:46:00,2003,2003-NOV,3.75,component,lmprs,
Dec,2003,,Pacific Northwest,124.0,3.66,Producer Milk Components,AMS_3462,3462,Dairy FMMOS,DY-NA,Washington,DC,"Washington, DC",Washington,DC,FMMOS,FMMOS - non-mars,04/09/2021 07:46:00,2003,2003-NOV,3.82,component,lmprs,
Dec,2003,,Mideast,33.0,3.69,Producer Milk Components,AMS_3462,3462,Dairy FMMOS,DY-NA,Washington,DC,"Washington, DC",Washington,DC,FMMOS,FMMOS - non-mars,04/09/2021 07:46:00,2003,2003-NOV,3.78,component,lmprs,
Dec,2003,,Florida,6.0,3.57,Producer Milk Components,AMS_3462,3462,Dairy FMMOS,DY-NA,Washington,DC,"Washington, DC",Washington,DC,FMMOS,FMMOS - non-mars,04/09/2021 07:46:00,2003,2003-NOV,3.62,component,lmprs,
Dec,2003,,Arizona,131.0,3.59,Producer Milk Components,AMS_3462,3462,Dairy FMMOS,DY-NA,Washington,DC,"Washington, DC",Washington,DC,FMMOS,FMMOS - non-mars,04/09/2021 07:46:00,2003,2003-NOV,3.69,component,lmprs,
Dec,2003,,Central,32.0,3.68,Producer Milk Components,AMS_3462,3462,Dairy FMMOS,DY-NA,Washington,DC,"Washington, DC",Washington,DC,FMMOS,FMMOS - non-mars,04/09/2021 07:46:00,2003,2003-NOV,3.78,component,lmprs,
Dec,2003,,Appalachian,5.0,3.65,Producer Milk Components,AMS_3462,3462,Dairy FMMOS,DY-NA,Washington,DC,"Washington, DC",Washington,DC,FMMOS,FMMOS - non-mars,04/09/2021 07:46:00,2003,2003-NOV,3.67,component,lmprs,
Dec,2003,,All Markets Combined,,3.67,Producer Milk Components,AMS_3462,3462,Dairy FMMOS,DY-NA,Washington,DC,"Washington, DC",Washington,DC,FMMOS,FMMOS - non-mars,04/09/2021 07:46:00,2003,2003-NOV,3.76,component,lmprs,
Dec,2004,,All Markets Combined,,3.67,Producer Milk Components,AMS_3462,3462,Dairy FMMOS,DY-NA,Washington,DC,"Washington, DC",Washington,DC,FMMOS,FMMOS - non-mars,04/09/2021 07:44:00,2004,2004-NOV,3.77,component,lmprs,
Dec,2004,,Appalachian,5.0,3.62,Producer Milk Components,AMS_3462,3462,Dairy FMMOS,DY-NA,Washington,DC,"Washington, DC",Washington,DC,FMMOS,FMMOS - non-mars,04/09/2021 07:44:00,2004,2004-NOV,3.70,component,lmprs,
Dec,2004,,Central,32.0,3.66,Producer Milk Components,AMS_3462,3462,Dairy FMMOS,DY-NA,Washington,DC,"Washington, DC",Washington,DC,FMMOS,FMMOS - non-mars,04/09/2021 07:44:00,2004,2004-NOV,3.74,component,lmprs,
Dec,2004,,Arizona,131.0,3.61,Producer Milk Components,AMS_3462,3462,Dairy FMMOS,DY-NA,Washington,DC,"Washington, DC",Washington,DC,FMMOS,FMMOS - non-mars,04/09/2021 07:44:00,2004,2004-NOV,3.73,component,lmprs,
Dec,2004,,Florida,6.0,3.61,Producer Milk Components,AMS_3462,3462,Dairy FMMOS,DY-NA,Washington,DC,"Washington, DC",Washington,DC,FMMOS,FMMOS - non-mars,04/09/2021 07:44:00,2004,2004-NOV,3.64,component,lmprs,
Dec,2004,,Mideast,33.0,3.67,Producer Milk Components,AMS_3462,3462,Dairy FMMOS,DY-NA,Washington,DC,"Washington, DC",Washington,DC,FMMOS,FMMOS - non-mars,04/09/2021 07:44:00,2004,2004-NOV,3.77,component,lmprs,
Dec,2004,,Pacific Northwest,124.0,3.68,Producer Milk Components,AMS_3462,3462,Dairy FMMOS,DY-NA,Washington,DC,"Washington, DC",Washington,DC,FMMOS,FMMOS - non-mars,04/09/2021 07:44:00,2004,2004-NOV,3.79,component,lmprs,
Dec,2004,,Northeast,1.0,3.66,Producer Milk Components,AMS_3462,3462,Dairy FMMOS,DY-NA,Washington,DC,"Washington, DC",Washington,DC,FMMOS,FMMOS - non-mars,04/09/2021 07:44:00,2004,2004-NOV,3.78,component,lmprs,
Dec,2004,,Southeast,7.0,3.65,Producer Milk Components,AMS_3462,3462,Dairy FMMOS,DY-NA,Washington,DC,"Washington, DC",Washington,DC,FMMOS,FMMOS - non-mars,04/09/2021 07:44:00,2004,2004-NOV,3.75,component,lmprs,
Dec,2004,,Southwest,126.0,3.64,Producer Milk Components,AMS_3462,3462,Dairy FMMOS,DY-NA,Washington,DC,"Washington, DC",Washington,DC,FMMOS,FMMOS - non-mars,04/09/2021 07:44:00,2004,2004-NOV,3.79,component,lmprs,
Dec,2004,,Upper Midwest,30.0,3.72,Producer Milk Components,AMS_3462,3462,Dairy FMMOS,DY-NA,Washington,DC,"Washington, DC",Washington,DC,FMMOS,FMMOS - non-mars,04/09/2021 07:44:00,2004,2004-NOV,3.82,component,lmprs,
Dec,2004,,Western,135.0,3.70,Producer Milk Components,AMS_3462,3462,Dairy FMMOS,DY-NA,Washington,DC,"Washington, DC",Washington,DC,FMMOS,FMMOS - non-mars,04/09/2021 07:44:00,2004,2004-NOV,,component,lmprs,
Dec,2005,,Upper Midwest,30.0,3.71,Producer Milk Components,AMS_3462,3462,Dairy FMMOS,DY-NA,Washington,DC,"Washington, DC",Washington,DC,FMMOS,FMMOS - non-mars,03/30/2021 14:16:00,2005,2005-NOV,3.84,component,lmprs,
Dec,2005,,Southwest,126.0,3.66,Producer Milk Components,AMS_3462,3462,Dairy FMMOS,DY-NA,Washington,DC,"Washington, DC",Washington,DC,FMMOS,FMMOS - non-mars,03/30/2021 14:16:00,2005,2005-NOV,3.81,component,lmprs,
Dec,2005,,Southeast,7.0,3.63,Producer Milk Components,AMS_3462,3462,Dairy FMMOS,DY-NA,Washington,DC,"Washington, DC",Washington,DC,FMMOS,FMMOS - non-mars,03/30/2021 14:16:00,2005,2005-NOV,3.79,component,lmprs,
Dec,2005,,Northeast,1.0,3.67,Producer Milk Components,AMS_3462,3462,Dairy FMMOS,DY-NA,Washington,DC,"Washington, DC",Washington,DC,FMMOS,FMMOS - non-mars,03/30/2021 14:16:00,2005,2005-NOV,3.82,component,lmprs,
Dec,2005,,Pacific Northwest,124.0,3.67,Producer Milk Components,AMS_3462,3462,Dairy FMMOS,DY-NA,Washington,DC,"Washington, DC",Washington,DC,FMMOS,FMMOS - non-mars,03/30/2021 14:16:00,2005,2005-NOV,3.82,component,lmprs,
Dec,2005,,Mideast,33.0,3.65,Producer Milk Components,AMS_3462,3462,Dairy FMMOS,DY-NA,Washington,DC,"Washington, DC",Washington,DC,FMMOS,FMMOS - non-mars,03/30/2021 14:16:00,2005,2005-NOV,3.80,component,lmprs,
Dec,2005,,Florida,6.0,3.60,Producer Milk Components,AMS_3462,3462,Dairy FMMOS,DY-NA,Washington,DC,"Washington, DC",Washington,DC,FMMOS,FMMOS - non-mars,03/30/2021 14:16:00,2005,2005-NOV,3.70,component,lmprs,
Dec,2005,,Central,32.0,3.64,Producer Milk Components,AMS_3462,3462,Dairy FMMOS,DY-NA,Washington,DC,"Washington, DC",Washington,DC,FMMOS,FMMOS - non-mars,03/30/2021 14:16:00,2005,2005-NOV,3.78,component,lmprs,
Dec,2005,,Appalachian,5.0,3.62,Producer Milk Components,AMS_3462,3462,Dairy FMMOS,DY-NA,Washington,DC,"Washington, DC",Washington,DC,FMMOS,FMMOS - non-mars,03/30/2021 14:16:00,2005,2005-NOV,3.76,component,lmprs,
Dec,2005,,Arizona,131.0,3.59,Producer Milk Components,AMS_3462,3462,Dairy FMMOS,DY-NA,Washington,DC,"Washington, DC",Washington,DC,FMMOS,FMMOS - non-mars,03/30/2021 14:16:00,2005,2005-NOV,3.68,component,lmprs,
Dec,2005,,All Markets Combined,,3.66,Producer Milk Components,AMS_3462,3462,Dairy FMMOS,DY-NA,Washington,DC,"Washington, DC",Washington,DC,FMMOS,FMMOS - non-mars,03/30/2021 14:16:00,2005,2005-NOV,3.80,component,lmprs,
Dec,2006,,All Markets Combined,,3.69,Producer Milk Components,AMS_3462,3462,Dairy FMMOS,DY-NA,Washington,DC,"Washington, DC",Washington,DC,FMMOS,FMMOS - non-mars,03/30/2021 14:16:00,2006,2006-NOV,3.80,component,lmprs,
Dec,2006,,Arizona,131.0,3.59,Producer Milk Components,AMS_3462,3462,Dairy FMMOS,DY-NA,Washington,DC,"Washington, DC",Washington,DC,FMMOS,FMMOS - non-mars,03/30/2021 14:16:00,2006,2006-NOV,3.68,component,lmprs,
Dec,2006,,Appalachian,5.0,3.67,Producer Milk Components,AMS_3462,3462,Dairy FMMOS,DY-NA,Washington,DC,"Washington, DC",Washington,DC,FMMOS,FMMOS - non-mars,03/30/2021 14:16:00,2006,2006-NOV,3.79,component,lmprs,
Dec,2006,,Central,32.0,3.67,Producer Milk Components,AMS_3462,3462,Dairy FMMOS,DY-NA,Washington,DC,"Washington, DC",Washington,DC,FMMOS,FMMOS - non-mars,03/30/2021 14:16:00,2006,2006-NOV,3.78,component,lmprs,
Dec,2006,,Florida,6.0,3.66,Producer Milk Components,AMS_3462,3462,Dairy FMMOS,DY-NA,Washington,DC,"Washington, DC",Washington,DC,FMMOS,FMMOS - non-mars,03/30/2021 14:16:00,2006,2006-NOV,3.74,component,lmprs,
Dec,2006,,Mideast,33.0,3.69,Producer Milk Components,AMS_3462,3462,Dairy FMMOS,DY-NA,Washington,DC,"Washington, DC",Washington,DC,FMMOS,FMMOS - non-mars,03/30/2021 14:16:00,2006,2006-NOV,3.79,component,lmprs,
Dec,2006,,Pacific Northwest,124.0,3.69,Producer Milk Components,AMS_3462,3462,Dairy FMMOS,DY-NA,Washington,DC,"Washington, DC",Washington,DC,FMMOS,FMMOS - non-mars,03/30/2021 14:16:00,2006,2006-NOV,3.82,component,lmprs,
Dec,2006,,Northeast,1.0,3.71,Producer Milk Components,AMS_3462,3462,Dairy FMMOS,DY-NA,Washington,DC,"Washington, DC",Washington,DC,FMMOS,FMMOS - non-mars,03/30/2021 14:16:00,2006,2006-NOV,3.79,component,lmprs,
Dec,2006,,Southeast,7.0,3.67,Producer Milk Components,AMS_3462,3462,Dairy FMMOS,DY-NA,Washington,DC,"Washington, DC",Washington,DC,FMMOS,FMMOS - non-mars,03/30/2021 14:16:00,2006,2006-NOV,3.81,component,lmprs,
Dec,2006,,Southwest,126.0,3.69,Producer Milk Components,AMS_3462,3462,Dairy FMMOS,DY-NA,Washington,DC,"Washington, DC",Washington,DC,FMMOS,FMMOS - non-mars,03/30/2021 14:16:00,2006,2006-NOV,3.77,component,lmprs,
Dec,2006,,Upper Midwest,30.0,3.72,Producer Milk Components,AMS_3462,3462,Dairy FMMOS,DY-NA,Washington,DC,"Washington, DC",Washington,DC,FMMOS,FMMOS - non-mars,03/30/2021 14:16:00,2006,2006-NOV,3.84,component,lmprs,
Dec,2007,,Upper Midwest,30.0,3.71,Producer Milk Components,AMS_3462,3462,Dairy FMMOS,DY-NA,Washington,DC,"Washington, DC",Washington,DC,FMMOS,FMMOS - non-mars,03/30/2021 14:16:00,2007,2007-NOV,3.83,component,lmprs,
Dec,2007,,Southwest,126.0,3.67,Producer Milk Components,AMS_3462,3462,Dairy FMMOS,DY-NA,Washington,DC,"Washington, DC",Washington,DC,FMMOS,FMMOS - non-mars,03/30/2021 14:16:00,2007,2007-NOV,3.73,component,lmprs,
Dec,2007,,Southeast,7.0,3.67,Producer Milk Components,AMS_3462,3462,Dairy FMMOS,DY-NA,Washington,DC,"Washington, DC",Washington,DC,FMMOS,FMMOS - non-mars,03/30/2021 14:16:00,2007,2007-NOV,3.77,component,lmprs,
Dec,2007,,Northeast,1.0,3.70,Producer Milk Components,AMS_3462,3462,Dairy FMMOS,DY-NA,Washington,DC,"Washington, DC",Washington,DC,FMMOS,FMMOS - non-mars,03/30/2021 14:16:00,2007,2007-NOV,3.80,component,lmprs,
Dec,2007,,Pacific Northwest,124.0,3.70,Producer Milk Components,AMS_3462,3462,Dairy FMMOS,DY-NA,Washington,DC,"Washington, DC",Washington,DC,FMMOS,FMMOS - non-mars,03/30/2021 14:16:00,2007,2007-NOV,3.80,component,lmprs,
Dec,2007,,Mideast,33.0,3.67,Producer Milk Components,AMS_3462,3462,Dairy FMMOS,DY-NA,Washington,DC,"Washington, DC",Washington,DC,FMMOS,FMMOS - non-mars,03/30/2021 14:16:00,2007,2007-NOV,3.82,component,lmprs,
Dec,2007,,Florida,6.0,3.63,Producer Milk Components,AMS_3462,3462,Dairy FMMOS,DY-NA,Washington,DC,"Washington, DC",Washington,DC,FMMOS,FMMOS - non-mars,03/30/2021 14:16:00,2007,2007-NOV,3.71,component,lmprs,
Dec,2007,,Central,32.0,3.68,Producer Milk Components,AMS_3462,3462,Dairy FMMOS,DY-NA,Washington,DC,"Washington, DC",Washington,DC,FMMOS,FMMOS - non-mars,03/30/2021 14:16:00,2007,2007-NOV,3.77,component,lmprs,
Dec,2007,,Appalachian,5.0,3.67,Producer Milk Components,AMS_3462,3462,Dairy FMMOS,DY-NA,Washington,DC,"Washington, DC",Washington,DC,FMMOS,FMMOS - non-mars,03/30/2021 14:16:00,2007,2007-NOV,3.78,component,lmprs,
Dec,2007,,Arizona,131.0,3.60,Producer Milk Components,AMS_3462,3462,Dairy FMMOS,DY-NA,Washington,DC,"Washington, DC",Washington,DC,FMMOS,FMMOS - non-mars,03/30/2021 14:16:00,2007,2007-NOV,3.64,component,lmprs,
Dec,2007,,All Markets Combined,,3.68,Producer Milk Components,AMS_3462,3462,Dairy FMMOS,DY-NA,Washington,DC,"Washington, DC",Washington,DC,FMMOS,FMMOS - non-mars,03/30/2021 14:16:00,2007,2007-NOV,3.79,component,lmprs,
Dec,2008,,All Markets Combined,,3.69,Producer Milk Components,AMS_3462,3462,Dairy FMMOS,DY-NA,Washington,DC,"Washington, DC",Washington,DC,FMMOS,FMMOS - non-mars,03/30/2021 14:15:00,2008,2008-NOV,3.78,component,lmprs,
Dec,2008,,Arizona,131.0,3.56,Producer Milk Components,AMS_3462,3462,Dairy FMMOS,DY-NA,Washington,DC,"Washington, DC",Washington,DC,FMMOS,FMMOS - non-mars,03/30/2021 14:15:00,2008,2008-NOV,3.60,component,lmprs,
Dec,2008,,Appalachian,5.0,3.69,Producer Milk Components,AMS_3462,3462,Dairy FMMOS,DY-NA,Washington,DC,"Washington, DC",Washington,DC,FMMOS,FMMOS - non-mars,03/30/2021 14:15:00,2008,2008-NOV,3.83,component,lmprs,
Dec,2008,,Central,32.0,3.65,Producer Milk Components,AMS_3462,3462,Dairy FMMOS,DY-NA,Washington,DC,"Washington, DC",Washington,DC,FMMOS,FMMOS - non-mars,03/30/2021 14:15:00,2008,2008-NOV,3.72,component,lmprs,
Dec,2008,,Florida,6.0,3.60,Producer Milk Components,AMS_3462,3462,Dairy FMMOS,DY-NA,Washington,DC,"Washington, DC",Washington,DC,FMMOS,FMMOS - non-mars,03/30/2021 14:15:00,2008,2008-NOV,3.70,component,lmprs,
Dec,2008,,Mideast,33.0,3.70,Producer Milk Components,AMS_3462,3462,Dairy FMMOS,DY-NA,Washington,DC,"Washington, DC",Washington,DC,FMMOS,FMMOS - non-mars,03/30/2021 14:15:00,2008,2008-NOV,3.83,component,lmprs,
Dec,2008,,Pacific Northwest,124.0,3.67,Producer Milk Components,AMS_3462,3462,Dairy FMMOS,DY-NA,Washington,DC,"Washington, DC",Washington,DC,FMMOS,FMMOS - non-mars,03/30/2021 14:15:00,2008,2008-NOV,3.76,component,lmprs,
Dec,2008,,Northeast,1.0,3.73,Producer Milk Components,AMS_3462,3462,Dairy FMMOS,DY-NA,Washington,DC,"Washington, DC",Washington,DC,FMMOS,FMMOS - non-mars,03/30/2021 14:15:00,2008,2008-NOV,3.83,component,lmprs,
Dec,2008,,Southeast,7.0,3.67,Producer Milk Components,AMS_3462,3462,Dairy FMMOS,DY-NA,Washington,DC,"Washington, DC",Washington,DC,FMMOS,FMMOS - non-mars,03/30/2021 14:15:00,2008,2008-NOV,3.78,component,lmprs,
Dec,2008,,Southwest,126.0,3.63,Producer Milk Components,AMS_3462,3462,Dairy FMMOS,DY-NA,Washington,DC,"Washington, DC",Washington,DC,FMMOS,FMMOS - non-mars,03/30/2021 14:15:00,2008,2008-NOV,3.68,component,lmprs,
Dec,2008,,Upper Midwest,30.0,3.72,Producer Milk Components,AMS_3462,3462,Dairy FMMOS,DY-NA,Washington,DC,"Washington, DC",Washington,DC,FMMOS,FMMOS - non-mars,03/30/2021 14:15:00,2008,2008-NOV,3.82,component,lmprs,
Dec,2009,,Upper Midwest,30.0,3.70,Producer Milk Components,AMS_3462,3462,Dairy FMMOS,DY-NA,Washington,DC,"Washington, DC",Washington,DC,FMMOS,FMMOS - non-mars,03/30/2021 14:15:00,2009,2009-NOV,3.77,component,lmprs,
Dec,2009,,Southwest,126.0,3.58,Producer Milk Components,AMS_3462,3462,Dairy FMMOS,DY-NA,Washington,DC,"Washington, DC",Washington,DC,FMMOS,FMMOS - non-mars,03/30/2021 14:15:00,2009,2009-NOV,3.73,component,lmprs,
Dec,2009,,Southeast,7.0,3.65,Producer Milk Components,AMS_3462,3462,Dairy FMMOS,DY-NA,Washington,DC,"Washington, DC",Washington,DC,FMMOS,FMMOS - non-mars,03/30/2021 14:15:00,2009,2009-NOV,3.78,component,lmprs,
Dec,2009,,Northeast,1.0,3.72,Producer Milk Components,AMS_3462,3462,Dairy FMMOS,DY-NA,Washington,DC,"Washington, DC",Washington,DC,FMMOS,FMMOS - non-mars,03/30/2021 14:15:00,2009,2009-NOV,3.79,component,lmprs,
Dec,2009,,Pacific Northwest,124.0,3.71,Producer Milk Components,AMS_3462,3462,Dairy FMMOS,DY-NA,Washington,DC,"Washington, DC",Washington,DC,FMMOS,FMMOS - non-mars,03/30/2021 14:15:00,2009,2009-NOV,3.84,component,lmprs,
Dec,2009,,Mideast,33.0,3.69,Producer Milk Components,AMS_3462,3462,Dairy FMMOS,DY-NA,Washington,DC,"Washington, DC",Washington,DC,FMMOS,FMMOS - non-mars,03/30/2021 14:15:00,2009,2009-NOV,3.76,component,lmprs,
Dec,2009,,Florida,6.0,3.59,Producer Milk Components,AMS_3462,3462,Dairy FMMOS,DY-NA,Washington,DC,"Washington, DC",Washington,DC,FMMOS,FMMOS - non-mars,03/30/2021 14:15:00,2009,2009-NOV,3.63,component,lmprs,
Dec,2009,,Central,32.0,3.61,Producer Milk Components,AMS_3462,3462,Dairy FMMOS,DY-NA,Washington,DC,"Washington, DC",Washington,DC,FMMOS,FMMOS - non-mars,03/30/2021 14:15:00,2009,2009-NOV,3.72,component,lmprs,
Dec,2009,,Appalachian,5.0,3.68,Producer Milk Components,AMS_3462,3462,Dairy FMMOS,DY-NA,Washington,DC,"Washington, DC",Washington,DC,FMMOS,FMMOS - non-mars,03/30/2021 14:15:00,2009,2009-NOV,3.74,component,lmprs,
Dec,2009,,Arizona,131.0,3.49,Producer Milk Components,AMS_3462,3462,Dairy FMMOS,DY-NA,Washington,DC,"Washington, DC",Washington,DC,FMMOS,FMMOS - non-mars,03/30/2021 14:15:00,2009,2009-NOV,3.58,component,lmprs,
Dec,2009,,All Markets Combined,,3.67,Producer Milk Components,AMS_3462,3462,Dairy FMMOS,DY-NA,Washington,DC,"Washington, DC",Washington,DC,FMMOS,FMMOS - non-mars,03/30/2021 14:15:00,2009,2009-NOV,3.76,component,lmprs,
Dec,2010,,All Markets Combined,,3.66,Producer Milk Components,AMS_3462,3462,Dairy FMMOS,DY-NA,Washington,DC,"Washington, DC",Washington,DC,FMMOS,FMMOS - non-mars,03/30/2021 14:14:00,2010,2010-NOV,3.82,component,lmprs,
Dec,2010,,Arizona,131.0,3.50,Producer Milk Components,AMS_3462,3462,Dairy FMMOS,DY-NA,Washington,DC,"Washington, DC",Washington,DC,FMMOS,FMMOS - non-mars,03/30/2021 14:14:00,2010,2010-NOV,3.65,component,lmprs,
Dec,2010,,Appalachian,5.0,3.65,Producer Milk Components,AMS_3462,3462,Dairy FMMOS,DY-NA,Washington,DC,"Washington, DC",Washington,DC,FMMOS,FMMOS - non-mars,03/30/2021 14:14:00,2010,2010-NOV,3.83,component,lmprs,
Dec,2010,,Central,32.0,3.60,Producer Milk Components,AMS_3462,3462,Dairy FMMOS,DY-NA,Washington,DC,"Washington, DC",Washington,DC,FMMOS,FMMOS - non-mars,03/30/2021 14:14:00,2010,2010-NOV,3.77,component,lmprs,
Dec,2010,,Florida,6.0,3.60,Producer Milk Components,AMS_3462,3462,Dairy FMMOS,DY-NA,Washington,DC,"Washington, DC",Washington,DC,FMMOS,FMMOS - non-mars,03/30/2021 14:14:00,2010,2010-NOV,3.73,component,lmprs,
Dec,2010,,Mideast,33.0,3.66,Producer Milk Components,AMS_3462,3462,Dairy FMMOS,DY-NA,Washington,DC,"Washington, DC",Washington,DC,FMMOS,FMMOS - non-mars,03/30/2021 14:14:00,2010,2010-NOV,3.82,component,lmprs,
Dec,2010,,Pacific Northwest,124.0,3.73,Producer Milk Components,AMS_3462,3462,Dairy FMMOS,DY-NA,Washington,DC,"Washington, DC",Washington,DC,FMMOS,FMMOS - non-mars,03/30/2021 14:14:00,2010,2010-NOV,3.91,component,lmprs,
Dec,2010,,Northeast,1.0,3.69,Producer Milk Components,AMS_3462,3462,Dairy FMMOS,DY-NA,Washington,DC,"Washington, DC",Washington,DC,FMMOS,FMMOS - non-mars,03/30/2021 14:14:00,2010,2010-NOV,3.84,component,lmprs,
Dec,2010,,Southeast,7.0,3.66,Producer Milk Components,AMS_3462,3462,Dairy FMMOS,DY-NA,Washington,DC,"Washington, DC",Washington,DC,FMMOS,FMMOS - non-mars,03/30/2021 14:14:00,2010,2010-NOV,3.84,component,lmprs,
Dec,2010,,Southwest,126.0,3.60,Producer Milk Components,AMS_3462,3462,Dairy FMMOS,DY-NA,Washington,DC,"Washington, DC",Washington,DC,FMMOS,FMMOS - non-mars,03/30/2021 14:14:00,2010,2010-NOV,3.79,component,lmprs,
Dec,2010,,Upper Midwest,30.0,3.68,Producer Milk Components,AMS_3462,3462,Dairy FMMOS,DY-NA,Washington,DC,"Washington, DC",Washington,DC,FMMOS,FMMOS - non-mars,03/30/2021 14:14:00,2010,2010-NOV,3.83,component,lmprs,
Dec,2011,,Southwest,126.0,3.65,Producer Milk Components,AMS_3462,3462,Dairy FMMOS,DY-NA,Washington,DC,"Washington, DC",Washington,DC,FMMOS,FMMOS - non-mars,03/30/2021 14:14:00,2011,2011-NOV,3.72,component,lmprs,
Dec,2011,,Upper Midwest,30.0,3.73,Producer Milk Components,AMS_3462,3462,Dairy FMMOS,DY-NA,Washington,DC,"Washington, DC",Washington,DC,FMMOS,FMMOS - non-mars,03/30/2021 14:14:00,2011,2011-NOV,3.87,component,lmprs,
Dec,2011,,Southeast,7.0,3.71,Producer Milk Components,AMS_3462,3462,Dairy FMMOS,DY-NA,Washington,DC,"Washington, DC",Washington,DC,FMMOS,FMMOS - non-mars,03/30/2021 14:14:00,2011,2011-NOV,3.80,component,lmprs,
Dec,2011,,Pacific Northwest,124.0,3.77,Producer Milk Components,AMS_3462,3462,Dairy FMMOS,DY-NA,Washington,DC,"Washington, DC",Washington,DC,FMMOS,FMMOS - non-mars,03/30/2021 14:14:00,2011,2011-NOV,3.92,component,lmprs,
Dec,2011,,Mideast,33.0,3.70,Producer Milk Components,AMS_3462,3462,Dairy FMMOS,DY-NA,Washington,DC,"Washington, DC",Washington,DC,FMMOS,FMMOS - non-mars,03/30/2021 14:14:00,2011,2011-NOV,3.80,component,lmprs,
Dec,2011,,Northeast,1.0,3.73,Producer Milk Components,AMS_3462,3462,Dairy FMMOS,DY-NA,Washington,DC,"Washington, DC",Washington,DC,FMMOS,FMMOS - non-mars,03/30/2021 14:14:00,2011,2011-NOV,3.83,component,lmprs,
Dec,2011,,Florida,6.0,3.67,Producer Milk Components,AMS_3462,3462,Dairy FMMOS,DY-NA,Washington,DC,"Washington, DC",Washington,DC,FMMOS,FMMOS - non-mars,03/30/2021 14:14:00,2011,2011-NOV,3.73,component,lmprs,
Dec,2011,,Central,32.0,3.67,Producer Milk Components,AMS_3462,3462,Dairy FMMOS,DY-NA,Washington,DC,"Washington, DC",Washington,DC,FMMOS,FMMOS - non-mars,03/30/2021 14:14:00,2011,2011-NOV,3.79,component,lmprs,
Dec,2011,,Appalachian,5.0,3.69,Producer Milk Components,AMS_3462,3462,Dairy FMMOS,DY-NA,Washington,DC,"Washington, DC",Washington,DC,FMMOS,FMMOS - non-mars,03/30/2021 14:14:00,2011,2011-NOV,3.80,component,lmprs,
Dec,2011,,Arizona,131.0,3.55,Producer Milk Components,AMS_3462,3462,Dairy FMMOS,DY-NA,Washington,DC,"Washington, DC",Washington,DC,FMMOS,FMMOS - non-mars,03/30/2021 14:14:00,2011,2011-NOV,3.61,component,lmprs,
Dec,2011,,All Markets Combined,,3.70,Producer Milk Components,AMS_3462,3462,Dairy FMMOS,DY-NA,Washington,DC,"Washington, DC",Washington,DC,FMMOS,FMMOS - non-mars,03/30/2021 14:14:00,2011,2011-NOV,3.82,component,lmprs,
Dec,2012,,All Markets Combined,,3.71,Producer Milk Components,AMS_3462,3462,Dairy FMMOS,DY-NA,Washington,DC,"Washington, DC",Washington,DC,FMMOS,FMMOS - non-mars,03/30/2021 14:13:00,2012,2012-NOV,3.85,component,lmprs,
Dec,2012,,Arizona,131.0,3.55,Producer Milk Components,AMS_3462,3462,Dairy FMMOS,DY-NA,Washington,DC,"Washington, DC",Washington,DC,FMMOS,FMMOS - non-mars,03/30/2021 14:13:00,2012,2012-NOV,3.64,component,lmprs,
Dec,2012,,Appalachian,5.0,3.69,Producer Milk Components,AMS_3462,3462,Dairy FMMOS,DY-NA,Washington,DC,"Washington, DC",Washington,DC,FMMOS,FMMOS - non-mars,03/30/2021 14:13:00,2012,2012-NOV,3.85,component,lmprs,
Dec,2012,,Central,32.0,3.69,Producer Milk Components,AMS_3462,3462,Dairy FMMOS,DY-NA,Washington,DC,"Washington, DC",Washington,DC,FMMOS,FMMOS - non-mars,03/30/2021 14:13:00,2012,2012-NOV,3.86,component,lmprs,
Dec,2012,,Florida,6.0,3.66,Producer Milk Components,AMS_3462,3462,Dairy FMMOS,DY-NA,Washington,DC,"Washington, DC",Washington,DC,FMMOS,FMMOS - non-mars,03/30/2021 14:13:00,2012,2012-NOV,3.76,component,lmprs,
Dec,2012,,Northeast,1.0,3.73,Producer Milk Components,AMS_3462,3462,Dairy FMMOS,DY-NA,Washington,DC,"Washington, DC",Washington,DC,FMMOS,FMMOS - non-mars,03/30/2021 14:13:00,2012,2012-NOV,3.85,component,lmprs,
Dec,2012,,Mideast,33.0,3.69,Producer Milk Components,AMS_3462,3462,Dairy FMMOS,DY-NA,Washington,DC,"Washington, DC",Washington,DC,FMMOS,FMMOS - non-mars,03/30/2021 14:13:00,2012,2012-NOV,3.85,component,lmprs,
Dec,2012,,Pacific Northwest,124.0,3.81,Producer Milk Components,AMS_3462,3462,Dairy FMMOS,DY-NA,Washington,DC,"Washington, DC",Washington,DC,FMMOS,FMMOS - non-mars,03/30/2021 14:13:00,2012,2012-NOV,3.91,component,lmprs,
Dec,2012,,Southeast,7.0,3.70,Producer Milk Components,AMS_3462,3462,Dairy FMMOS,DY-NA,Washington,DC,"Washington, DC",Washington,DC,FMMOS,FMMOS - non-mars,03/30/2021 14:13:00,2012,2012-NOV,3.85,component,lmprs,
Dec,2012,,Upper Midwest,30.0,3.76,Producer Milk Components,AMS_3462,3462,Dairy FMMOS,DY-NA,Washington,DC,"Washington, DC",Washington,DC,FMMOS,FMMOS - non-mars,03/30/2021 14:13:00,2012,2012-NOV,3.91,component,lmprs,
Dec,2012,,Southwest,126.0,3.65,Producer Milk Components,AMS_3462,3462,Dairy FMMOS,DY-NA,Washington,DC,"Washington, DC",Washington,DC,FMMOS,FMMOS - non-mars,03/30/2021 14:13:00,2012,2012-NOV,3.77,component,lmprs,
Dec,2013,,Southwest,126.0,3.69,Producer Milk Components,AMS_3462,3462,Dairy FMMOS,DY-NA,Washington,DC,"Washington, DC",Washington,DC,FMMOS,FMMOS - non-mars,03/30/2021 14:13:00,2013,2013-NOV,3.81,component,lmprs,
Dec,2013,,Upper Midwest,30.0,3.81,Producer Milk Components,AMS_3462,3462,Dairy FMMOS,DY-NA,Washington,DC,"Washington, DC",Washington,DC,FMMOS,FMMOS - non-mars,03/30/2021 14:13:00,2013,2013-NOV,3.93,component,lmprs,
Dec,2013,,Southeast,7.0,3.72,Producer Milk Components,AMS_3462,3462,Dairy FMMOS,DY-NA,Washington,DC,"Washington, DC",Washington,DC,FMMOS,FMMOS - non-mars,03/30/2021 14:13:00,2013,2013-NOV,3.81,component,lmprs,
Dec,2013,,Pacific Northwest,124.0,3.88,Producer Milk Components,AMS_3462,3462,Dairy FMMOS,DY-NA,Washington,DC,"Washington, DC",Washington,DC,FMMOS,FMMOS - non-mars,03/30/2021 14:13:00,2013,2013-NOV,4.03,component,lmprs,
Dec,2013,,Mideast,33.0,3.76,Producer Milk Components,AMS_3462,3462,Dairy FMMOS,DY-NA,Washington,DC,"Washington, DC",Washington,DC,FMMOS,FMMOS - non-mars,03/30/2021 14:13:00,2013,2013-NOV,3.89,component,lmprs,
Dec,2013,,Northeast,1.0,3.76,Producer Milk Components,AMS_3462,3462,Dairy FMMOS,DY-NA,Washington,DC,"Washington, DC",Washington,DC,FMMOS,FMMOS - non-mars,03/30/2021 14:13:00,2013,2013-NOV,3.90,component,lmprs,
Dec,2013,,Florida,6.0,3.64,Producer Milk Components,AMS_3462,3462,Dairy FMMOS,DY-NA,Washington,DC,"Washington, DC",Washington,DC,FMMOS,FMMOS - non-mars,03/30/2021 14:13:00,2013,2013-NOV,3.66,component,lmprs,
Dec,2013,,Central,32.0,3.75,Producer Milk Components,AMS_3462,3462,Dairy FMMOS,DY-NA,Washington,DC,"Washington, DC",Washington,DC,FMMOS,FMMOS - non-mars,03/30/2021 14:13:00,2013,2013-NOV,3.86,component,lmprs,
Dec,2013,,Arizona,131.0,3.52,Producer Milk Components,AMS_3462,3462,Dairy FMMOS,DY-NA,Washington,DC,"Washington, DC",Washington,DC,FMMOS,FMMOS - non-mars,03/30/2021 14:13:00,2013,2013-NOV,3.57,component,lmprs,
Dec,2013,,All Markets Combined,,3.76,Producer Milk Components,AMS_3462,3462,Dairy FMMOS,DY-NA,Washington,DC,"Washington, DC",Washington,DC,FMMOS,FMMOS - non-mars,03/30/2021 14:13:00,2013,2013-NOV,3.87,component,lmprs,
Dec,2013,,Appalachian,5.0,3.71,Producer Milk Components,AMS_3462,3462,Dairy FMMOS,DY-NA,Washington,DC,"Washington, DC",Washington,DC,FMMOS,FMMOS - non-mars,03/30/2021 14:13:00,2013,2013-NOV,3.78,component,lmprs,
Dec,2014,,Appalachian,5.0,3.65,Producer Milk Components,AMS_3462,3462,Dairy FMMOS,DY-NA,Washington,DC,"Washington, DC",Washington,DC,FMMOS,FMMOS - non-mars,03/30/2021 14:13:00,2014,2014-NOV,3.79,component,lmprs,
Dec,2014,,All Markets Combined,,3.74,Producer Milk Components,AMS_3462,3462,Dairy FMMOS,DY-NA,Washington,DC,"Washington, DC",Washington,DC,FMMOS,FMMOS - non-mars,03/30/2021 14:13:00,2014,2014-NOV,3.86,component,lmprs,
Dec,2014,,Arizona,131.0,3.47,Producer Milk Components,AMS_3462,3462,Dairy FMMOS,DY-NA,Washington,DC,"Washington, DC",Washington,DC,FMMOS,FMMOS - non-mars,03/30/2021 14:13:00,2014,2014-NOV,3.54,component,lmprs,
Dec,2014,,Central,32.0,3.73,Producer Milk Components,AMS_3462,3462,Dairy FMMOS,DY-NA,Washington,DC,"Washington, DC",Washington,DC,FMMOS,FMMOS - non-mars,03/30/2021 14:13:00,2014,2014-NOV,3.88,component,lmprs,
Dec,2014,,Florida,6.0,3.60,Producer Milk Components,AMS_3462,3462,Dairy FMMOS,DY-NA,Washington,DC,"Washington, DC",Washington,DC,FMMOS,FMMOS - non-mars,03/30/2021 14:13:00,2014,2014-NOV,3.70,component,lmprs,
Dec,2014,,Northeast,1.0,3.78,Producer Milk Components,AMS_3462,3462,Dairy FMMOS,DY-NA,Washington,DC,"Washington, DC",Washington,DC,FMMOS,FMMOS - non-mars,03/30/2021 14:13:00,2014,2014-NOV,3.89,component,lmprs,
Dec,2014,,Mideast,33.0,3.75,Producer Milk Components,AMS_3462,3462,Dairy FMMOS,DY-NA,Washington,DC,"Washington, DC",Washington,DC,FMMOS,FMMOS - non-mars,03/30/2021 14:13:00,2014,2014-NOV,3.87,component,lmprs,
Dec,2014,,Pacific Northwest,124.0,3.88,Producer Milk Components,AMS_3462,3462,Dairy FMMOS,DY-NA,Washington,DC,"Washington, DC",Washington,DC,FMMOS,FMMOS - non-mars,03/30/2021 14:13:00,2014,2014-NOV,4.00,component,lmprs,
Dec,2014,,Southeast,7.0,3.66,Producer Milk Components,AMS_3462,3462,Dairy FMMOS,DY-NA,Washington,DC,"Washington, DC",Washington,DC,FMMOS,FMMOS - non-mars,03/30/2021 14:13:00,2014,2014-NOV,3.81,component,lmprs,
Dec,2014,,Upper Midwest,30.0,3.80,Producer Milk Components,AMS_3462,3462,Dairy FMMOS,DY-NA,Washington,DC,"Washington, DC",Washington,DC,FMMOS,FMMOS - non-mars,03/30/2021 14:13:00,2014,2014-NOV,3.90,component,lmprs,
Dec,2014,,Southwest,126.0,3.67,Producer Milk Components,AMS_3462,3462,Dairy FMMOS,DY-NA,Washington,DC,"Washington, DC",Washington,DC,FMMOS,FMMOS - non-mars,03/30/2021 14:13:00,2014,2014-NOV,3.82,component,lmprs,
Dec,2015,,Southwest,126.0,3.73,Producer Milk Components,AMS_3462,3462,Dairy FMMOS,DY-NA,Washington,DC,"Washington, DC",Washington,DC,FMMOS,FMMOS - non-mars,03/30/2021 14:12:00,2015,2015-NOV,3.86,component,lmprs,
Dec,2015,,Upper Midwest,30.0,3.80,Producer Milk Components,AMS_3462,3462,Dairy FMMOS,DY-NA,Washington,DC,"Washington, DC",Washington,DC,FMMOS,FMMOS - non-mars,03/30/2021 14:12:00,2015,2015-NOV,3.91,component,lmprs,
Dec,2015,,Southeast,7.0,3.68,Producer Milk Components,AMS_3462,3462,Dairy FMMOS,DY-NA,Washington,DC,"Washington, DC",Washington,DC,FMMOS,FMMOS - non-mars,03/30/2021 14:12:00,2015,2015-NOV,3.80,component,lmprs,
Dec,2015,,Pacific Northwest,124.0,3.92,Producer Milk Components,AMS_3462,3462,Dairy FMMOS,DY-NA,Washington,DC,"Washington, DC",Washington,DC,FMMOS,FMMOS - non-mars,03/30/2021 14:12:00,2015,2015-NOV,4.12,component,lmprs,
Dec,2015,,Mideast,33.0,3.72,Producer Milk Components,AMS_3462,3462,Dairy FMMOS,DY-NA,Washington,DC,"Washington, DC",Washington,DC,FMMOS,FMMOS - non-mars,03/30/2021 14:12:00,2015,2015-NOV,3.80,component,lmprs,
Dec,2015,,Northeast,1.0,3.78,Producer Milk Components,AMS_3462,3462,Dairy FMMOS,DY-NA,Washington,DC,"Washington, DC",Washington,DC,FMMOS,FMMOS - non-mars,03/30/2021 14:12:00,2015,2015-NOV,3.88,component,lmprs,
Dec,2015,,Florida,6.0,3.60,Producer Milk Components,AMS_3462,3462,Dairy FMMOS,DY-NA,Washington,DC,"Washington, DC",Washington,DC,FMMOS,FMMOS - non-mars,03/30/2021 14:12:00,2015,2015-NOV,3.64,component,lmprs,
Dec,2015,,Central,32.0,3.76,Producer Milk Components,AMS_3462,3462,Dairy FMMOS,DY-NA,Washington,DC,"Washington, DC",Washington,DC,FMMOS,FMMOS - non-mars,03/30/2021 14:12:00,2015,2015-NOV,3.89,component,lmprs,
Dec,2015,,Arizona,131.0,3.47,Producer Milk Components,AMS_3462,3462,Dairy FMMOS,DY-NA,Washington,DC,"Washington, DC",Washington,DC,FMMOS,FMMOS - non-mars,03/30/2021 14:12:00,2015,2015-NOV,3.63,component,lmprs,
Dec,2015,,All Markets Combined,,3.75,Producer Milk Components,AMS_3462,3462,Dairy FMMOS,DY-NA,Washington,DC,"Washington, DC",Washington,DC,FMMOS,FMMOS - non-mars,03/30/2021 14:12:00,2015,2015-NOV,3.87,component,lmprs,
Dec,2015,,Appalachian,5.0,3.67,Producer Milk Components,AMS_3462,3462,Dairy FMMOS,DY-NA,Washington,DC,"Washington, DC",Washington,DC,FMMOS,FMMOS - non-mars,03/30/2021 14:12:00,2015,2015-NOV,3.78,component,lmprs,
Dec,2016,,Appalachian,5.0,3.71,Producer Milk Components,AMS_3462,3462,Dairy FMMOS,DY-NA,Washington,DC,"Washington, DC",Washington,DC,FMMOS,FMMOS - non-mars,03/30/2021 14:12:00,2016,2016-NOV,3.82,component,lmprs,
Dec,2016,,All Markets Combined,,3.77,Producer Milk Components,AMS_3462,3462,Dairy FMMOS,DY-NA,Washington,DC,"Washington, DC",Washington,DC,FMMOS,FMMOS - non-mars,03/30/2021 14:12:00,2016,2016-NOV,3.87,component,lmprs,
Dec,2016,,Arizona,131.0,3.54,Producer Milk Components,AMS_3462,3462,Dairy FMMOS,DY-NA,Washington,DC,"Washington, DC",Washington,DC,FMMOS,FMMOS - non-mars,03/30/2021 14:12:00,2016,2016-NOV,3.63,component,lmprs,
Dec,2016,,Central,32.0,3.76,Producer Milk Components,AMS_3462,3462,Dairy FMMOS,DY-NA,Washington,DC,"Washington, DC",Washington,DC,FMMOS,FMMOS - non-mars,03/30/2021 14:12:00,2016,2016-NOV,3.82,component,lmprs,
Dec,2016,,Florida,6.0,3.62,Producer Milk Components,AMS_3462,3462,Dairy FMMOS,DY-NA,Washington,DC,"Washington, DC",Washington,DC,FMMOS,FMMOS - non-mars,03/30/2021 14:12:00,2016,2016-NOV,3.71,component,lmprs,
Dec,2016,,Northeast,1.0,3.81,Producer Milk Components,AMS_3462,3462,Dairy FMMOS,DY-NA,Washington,DC,"Washington, DC",Washington,DC,FMMOS,FMMOS - non-mars,03/30/2021 14:12:00,2016,2016-NOV,3.92,component,lmprs,
Dec,2016,,Mideast,33.0,3.73,Producer Milk Components,AMS_3462,3462,Dairy FMMOS,DY-NA,Washington,DC,"Washington, DC",Washington,DC,FMMOS,FMMOS - non-mars,03/30/2021 14:12:00,2016,2016-NOV,3.83,component,lmprs,
Dec,2016,,Pacific Northwest,124.0,3.95,Producer Milk Components,AMS_3462,3462,Dairy FMMOS,DY-NA,Washington,DC,"Washington, DC",Washington,DC,FMMOS,FMMOS - non-mars,03/30/2021 14:12:00,2016,2016-NOV,4.07,component,lmprs,
Dec,2016,,Southeast,7.0,3.69,Producer Milk Components,AMS_3462,3462,Dairy FMMOS,DY-NA,Washington,DC,"Washington, DC",Washington,DC,FMMOS,FMMOS - non-mars,03/30/2021 14:12:00,2016,2016-NOV,3.81,component,lmprs,
Dec,2016,,Upper Midwest,30.0,3.82,Producer Milk Components,AMS_3462,3462,Dairy FMMOS,DY-NA,Washington,DC,"Washington, DC",Washington,DC,FMMOS,FMMOS - non-mars,03/30/2021 14:12:00,2016,2016-NOV,3.88,component,lmprs,
Dec,2016,,Southwest,126.0,3.75,Producer Milk Components,AMS_3462,3462,Dairy FMMOS,DY-NA,Washington,DC,"Washington, DC",Washington,DC,FMMOS,FMMOS - non-mars,03/30/2021 14:12:00,2016,2016-NOV,3.85,component,lmprs,
Dec,2017,,Southwest,126.0,3.86,Producer Milk Components,AMS_3462,3462,Dairy FMMOS,DY-NA,Washington,DC,"Washington, DC",Washington,DC,FMMOS,FMMOS - non-mars,03/30/2021 14:11:00,2017,2017-NOV,3.93,component,lmprs,
Dec,2017,,Upper Midwest,30.0,3.84,Producer Milk Components,AMS_3462,3462,Dairy FMMOS,DY-NA,Washington,DC,"Washington, DC",Washington,DC,FMMOS,FMMOS - non-mars,03/30/2021 14:11:00,2017,2017-NOV,4.00,component,lmprs,
Dec,2017,,Southeast,7.0,3.74,Producer Milk Components,AMS_3462,3462,Dairy FMMOS,DY-NA,Washington,DC,"Washington, DC",Washington,DC,FMMOS,FMMOS - non-mars,03/30/2021 14:11:00,2017,2017-NOV,3.85,component,lmprs,
Dec,2017,,Pacific Northwest,124.0,3.99,Producer Milk Components,AMS_3462,3462,Dairy FMMOS,DY-NA,Washington,DC,"Washington, DC",Washington,DC,FMMOS,FMMOS - non-mars,03/30/2021 14:11:00,2017,2017-NOV,4.12,component,lmprs,
Dec,2017,,Mideast,33.0,3.78,Producer Milk Components,AMS_3462,3462,Dairy FMMOS,DY-NA,Washington,DC,"Washington, DC",Washington,DC,FMMOS,FMMOS - non-mars,03/30/2021 14:11:00,2017,2017-NOV,3.92,component,lmprs,
Dec,2017,,Northeast,1.0,3.85,Producer Milk Components,AMS_3462,3462,Dairy FMMOS,DY-NA,Washington,DC,"Washington, DC",Washington,DC,FMMOS,FMMOS - non-mars,03/30/2021 14:11:00,2017,2017-NOV,3.95,component,lmprs,
Dec,2017,,Florida,6.0,3.69,Producer Milk Components,AMS_3462,3462,Dairy FMMOS,DY-NA,Washington,DC,"Washington, DC",Washington,DC,FMMOS,FMMOS - non-mars,03/30/2021 14:11:00,2017,2017-NOV,3.77,component,lmprs,
Dec,2017,,Central,32.0,3.82,Producer Milk Components,AMS_3462,3462,Dairy FMMOS,DY-NA,Washington,DC,"Washington, DC",Washington,DC,FMMOS,FMMOS - non-mars,03/30/2021 14:11:00,2017,2017-NOV,3.95,component,lmprs,
Dec,2017,,Arizona,131.0,3.62,Producer Milk Components,AMS_3462,3462,Dairy FMMOS,DY-NA,Washington,DC,"Washington, DC",Washington,DC,FMMOS,FMMOS - non-mars,03/30/2021 14:11:00,2017,2017-NOV,3.72,component,lmprs,
Dec,2017,,All Markets Combined,,3.82,Producer Milk Components,AMS_3462,3462,Dairy FMMOS,DY-NA,Washington,DC,"Washington, DC",Washington,DC,FMMOS,FMMOS - non-mars,03/30/2021 14:11:00,2017,2017-NOV,3.94,component,lmprs,
Dec,2017,,Appalachian,5.0,3.76,Producer Milk Components,AMS_3462,3462,Dairy FMMOS,DY-NA,Washington,DC,"Washington, DC",Washington,DC,FMMOS,FMMOS - non-mars,03/30/2021 14:11:00,2017,2017-NOV,3.86,component,lmprs,
Dec,2018,,Appalachian,5.0,3.79,Producer Milk Components,AMS_3462,3462,Dairy FMMOS,DY-NA,Washington,DC,"Washington, DC",Washington,DC,FMMOS,FMMOS - non-mars,03/30/2021 14:09:00,2018,2018-NOV,3.94,component,lmprs,
Dec,2018,,All Markets Combined,,3.88,Producer Milk Components,AMS_3462,3462,Dairy FMMOS,DY-NA,Washington,DC,"Washington, DC",Washington,DC,FMMOS,FMMOS - non-mars,03/30/2021 14:09:00,2018,2018-NOV,4.03,component,lmprs,
Dec,2018,,Arizona,131.0,3.66,Producer Milk Components,AMS_3462,3462,Dairy FMMOS,DY-NA,Washington,DC,"Washington, DC",Washington,DC,FMMOS,FMMOS - non-mars,03/30/2021 14:09:00,2018,2018-NOV,3.79,component,lmprs,
Dec,2018,,Central,32.0,3.89,Producer Milk Components,AMS_3462,3462,Dairy FMMOS,DY-NA,Washington,DC,"Washington, DC",Washington,DC,FMMOS,FMMOS - non-mars,03/30/2021 14:09:00,2018,2018-NOV,4.07,component,lmprs,
Dec,2018,,California,51.0,4.01,Producer Milk Components,AMS_3462,3462,Dairy FMMOS,DY-NA,Washington,DC,"Washington, DC",Washington,DC,FMMOS,FMMOS - non-mars,03/30/2021 14:09:00,2018,2018-NOV,4.00,component,lmprs,
Dec,2018,,Florida,6.0,3.68,Producer Milk Components,AMS_3462,3462,Dairy FMMOS,DY-NA,Washington,DC,"Washington, DC",Washington,DC,FMMOS,FMMOS - non-mars,03/30/2021 14:09:00,2018,2018-NOV,3.71,component,lmprs,
Dec,2018,,Northeast,1.0,3.86,Producer Milk Components,AMS_3462,3462,Dairy FMMOS,DY-NA,Washington,DC,"Washington, DC",Washington,DC,FMMOS,FMMOS - non-mars,03/30/2021 14:09:00,2018,2018-NOV,4.01,component,lmprs,
Dec,2018,,Mideast,33.0,3.84,Producer Milk Components,AMS_3462,3462,Dairy FMMOS,DY-NA,Washington,DC,"Washington, DC",Washington,DC,FMMOS,FMMOS - non-mars,03/30/2021 14:09:00,2018,2018-NOV,4.00,component,lmprs,
Dec,2018,,Pacific Northwest,124.0,4.07,Producer Milk Components,AMS_3462,3462,Dairy FMMOS,DY-NA,Washington,DC,"Washington, DC",Washington,DC,FMMOS,FMMOS - non-mars,03/30/2021 14:09:00,2018,2018-NOV,4.24,component,lmprs,
Dec,2018,,Southeast,7.0,3.80,Producer Milk Components,AMS_3462,3462,Dairy FMMOS,DY-NA,Washington,DC,"Washington, DC",Washington,DC,FMMOS,FMMOS - non-mars,03/30/2021 14:09:00,2018,2018-NOV,3.98,component,lmprs,
Dec,2018,,Upper Midwest,30.0,3.92,Producer Milk Components,AMS_3462,3462,Dairy FMMOS,DY-NA,Washington,DC,"Washington, DC",Washington,DC,FMMOS,FMMOS - non-mars,03/30/2021 14:09:00,2018,2018-NOV,4.08,component,lmprs,
Dec,2018,,Southwest,126.0,3.94,Producer Milk Components,AMS_3462,3462,Dairy FMMOS,DY-NA,Washington,DC,"Washington, DC",Washington,DC,FMMOS,FMMOS - non-mars,03/30/2021 14:09:00,2018,2018-NOV,4.12,component,lmprs,
Dec,2019,,Upper Midwest,30.0,3.93,Producer Milk Components,AMS_3462,3462,Dairy FMMOS,DY-NA,Washington,DC,"Washington, DC",Washington,DC,FMMOS,FMMOS - non-mars,03/30/2021 14:09:00,2019,2019-NOV,4.08,component,lmprs,
Dec,2019,,Southeast,7.0,3.80,Producer Milk Components,AMS_3462,3462,Dairy FMMOS,DY-NA,Washington,DC,"Washington, DC",Washington,DC,FMMOS,FMMOS - non-mars,03/30/2021 14:09:00,2019,2019-NOV,4.02,component,lmprs,
Dec,2019,,Southwest,126.0,3.99,Producer Milk Components,AMS_3462,3462,Dairy FMMOS,DY-NA,Washington,DC,"Washington, DC",Washington,DC,FMMOS,FMMOS - non-mars,03/30/2021 14:09:00,2019,2019-NOV,4.25,component,lmprs,
Dec,2019,,Pacific Northwest,124.0,4.08,Producer Milk Components,AMS_3462,3462,Dairy FMMOS,DY-NA,Washington,DC,"Washington, DC",Washington,DC,FMMOS,FMMOS - non-mars,03/30/2021 14:09:00,2019,2019-NOV,4.19,component,lmprs,
Dec,2019,,Northeast,1.0,3.89,Producer Milk Components,AMS_3462,3462,Dairy FMMOS,DY-NA,Washington,DC,"Washington, DC",Washington,DC,FMMOS,FMMOS - non-mars,03/30/2021 14:09:00,2019,2019-NOV,4.02,component,lmprs,
Dec,2019,,Florida,6.0,3.66,Producer Milk Components,AMS_3462,3462,Dairy FMMOS,DY-NA,Washington,DC,"Washington, DC",Washington,DC,FMMOS,FMMOS - non-mars,03/30/2021 14:09:00,2019,2019-NOV,3.76,component,lmprs,
Dec,2019,,Mideast,33.0,3.86,Producer Milk Components,AMS_3462,3462,Dairy FMMOS,DY-NA,Washington,DC,"Washington, DC",Washington,DC,FMMOS,FMMOS - non-mars,03/30/2021 14:09:00,2019,2019-NOV,4.02,component,lmprs,
Dec,2019,,California,51.0,3.86,Producer Milk Components,AMS_3462,3462,Dairy FMMOS,DY-NA,Washington,DC,"Washington, DC",Washington,DC,FMMOS,FMMOS - non-mars,03/30/2021 14:09:00,2019,2019-NOV,3.93,component,lmprs,
Dec,2019,,Central,32.0,3.92,Producer Milk Components,AMS_3462,3462,Dairy FMMOS,DY-NA,Washington,DC,"Washington, DC",Washington,DC,FMMOS,FMMOS - non-mars,03/30/2021 14:09:00,2019,2019-NOV,4.11,component,lmprs,
Dec,2019,,Arizona,131.0,3.74,Producer Milk Components,AMS_3462,3462,Dairy FMMOS,DY-NA,Washington,DC,"Washington, DC",Washington,DC,FMMOS,FMMOS - non-mars,03/30/2021 14:09:00,2019,2019-NOV,3.84,component,lmprs,
Dec,2019,,All Markets Combined,,3.90,Producer Milk Components,AMS_3462,3462,Dairy FMMOS,DY-NA,Washington,DC,"Washington, DC",Washington,DC,FMMOS,FMMOS - non-mars,03/30/2021 14:09:00,2019,2019-NOV,4.04,component,lmprs,
Dec,2019,,Appalachian,5.0,3.80,Producer Milk Components,AMS_3462,3462,Dairy FMMOS,DY-NA,Washington,DC,"Washington, DC",Washington,DC,FMMOS,FMMOS - non-mars,03/30/2021 14:09:00,2019,2019-NOV,4.01,component,lmprs,
Dec,2020,,Appalachian,5.0,3.86,Producer Milk Components,AMS_3462,3462,Dairy FMMOS,DY-NA,Washington,DC,"Washington, DC",Washington,DC,FMMOS,FMMOS - non-mars,02/23/2021 09:39:00,2020,2020-NOV,3.94,component,lmprs,
Dec,2020,,All Markets Combined,,3.92,Producer Milk Components,AMS_3462,3462,Dairy FMMOS,DY-NA,Washington,DC,"Washington, DC",Washington,DC,FMMOS,FMMOS - non-mars,02/23/2021 09:39:00,2020,2020-NOV,4.05,component,lmprs,
Dec,2020,,Arizona,131.0,3.75,Producer Milk Components,AMS_3462,3462,Dairy FMMOS,DY-NA,Washington,DC,"Washington, DC",Washington,DC,FMMOS,FMMOS - non-mars,02/23/2021 09:39:00,2020,2020-NOV,3.80,component,lmprs,
Dec,2020,,Central,32.0,3.93,Producer Milk Components,AMS_3462,3462,Dairy FMMOS,DY-NA,Washington,DC,"Washington, DC",Washington,DC,FMMOS,FMMOS - non-mars,02/23/2021 09:39:00,2020,2020-NOV,4.06,component,lmprs,
Dec,2020,,California,51.0,3.87,Producer Milk Components,AMS_3462,3462,Dairy FMMOS,DY-NA,Washington,DC,"Washington, DC",Washington,DC,FMMOS,FMMOS - non-mars,02/23/2021 09:39:00,2020,2020-NOV,3.99,component,lmprs,
Dec,2020,,Mideast,33.0,3.89,Producer Milk Components,AMS_3462,3462,Dairy FMMOS,DY-NA,Washington,DC,"Washington, DC",Washington,DC,FMMOS,FMMOS - non-mars,02/23/2021 09:39:00,2020,2020-NOV,4.02,component,lmprs,
Dec,2020,,Florida,6.0,3.70,Producer Milk Components,AMS_3462,3462,Dairy FMMOS,DY-NA,Washington,DC,"Washington, DC",Washington,DC,FMMOS,FMMOS - non-mars,02/23/2021 09:39:00,2020,2020-NOV,3.74,component,lmprs,
Dec,2020,,Northeast,1.0,3.92,Producer Milk Components,AMS_3462,3462,Dairy FMMOS,DY-NA,Washington,DC,"Washington, DC",Washington,DC,FMMOS,FMMOS - non-mars,02/23/2021 09:39:00,2020,2020-NOV,4.05,component,lmprs,
Dec,2020,,Pacific Northwest,124.0,4.07,Producer Milk Components,AMS_3462,3462,Dairy FMMOS,DY-NA,Washington,DC,"Washington, DC",Washington,DC,FMMOS,FMMOS - non-mars,02/23/2021 09:39:00,2020,2020-NOV,4.27,component,lmprs,
Dec,2020,,Southwest,126.0,4.07,Producer Milk Components,AMS_3462,3462,Dairy FMMOS,DY-NA,Washington,DC,"Washington, DC",Washington,DC,FMMOS,FMMOS - non-mars,02/23/2021 09:39:00,2020,2020-NOV,4.22,component,lmprs,
Dec,2020,,Southeast,7.0,3.84,Producer Milk Components,AMS_3462,3462,Dairy FMMOS,DY-NA,Washington,DC,"Washington, DC",Washington,DC,FMMOS,FMMOS - non-mars,02/23/2021 09:39:00,2020,2020-NOV,3.97,component,lmprs,
Dec,2020,,Upper Midwest,30.0,3.96,Producer Milk Components,AMS_3462,3462,Dairy FMMOS,DY-NA,Washington,DC,"Washington, DC",Washington,DC,FMMOS,FMMOS - non-mars,02/23/2021 09:39:00,2020,2020-NOV,4.09,component,lmprs,
Dec,2021,,Southwest,126.0,4.13,Producer Milk Components,AMS_3462,3462,Dairy FMMOS,DY-NA,Washington,DC,"Washington, DC",Washington,DC,FMMOS,FMMOS - non-mars,01/31/2022 07:17:00,2021,2021-NOV,4.28,component,lmprs,
Dec,2021,,Pacific Northwest,124.0,4.11,Producer Milk Components,AMS_3462,3462,Dairy FMMOS,DY-NA,Washington,DC,"Washington, DC",Washington,DC,FMMOS,FMMOS - non-mars,01/31/2022 07:17:00,2021,2021-NOV,4.27,component,lmprs,
Dec,2021,,Southeast,7.0,3.88,Producer Milk Components,AMS_3462,3462,Dairy FMMOS,DY-NA,Washington,DC,"Washington, DC",Washington,DC,FMMOS,FMMOS - non-mars,01/31/2022 07:17:00,2021,2021-NOV,4.05,component,lmprs,
Dec,2021,,Northeast,1.0,3.99,Producer Milk Components,AMS_3462,3462,Dairy FMMOS,DY-NA,Washington,DC,"Washington, DC",Washington,DC,FMMOS,FMMOS - non-mars,01/31/2022 07:17:00,2021,2021-NOV,4.11,component,lmprs,
Dec,2021,,Mideast,33.0,3.93,Producer Milk Components,AMS_3462,3462,Dairy FMMOS,DY-NA,Washington,DC,"Washington, DC",Washington,DC,FMMOS,FMMOS - non-mars,01/31/2022 07:17:00,2021,2021-NOV,4.09,component,lmprs,
Dec,2021,,Central,32.0,3.98,Producer Milk Components,AMS_3462,3462,Dairy FMMOS,DY-NA,Washington,DC,"Washington, DC",Washington,DC,FMMOS,FMMOS - non-mars,01/31/2022 07:17:00,2021,2021-NOV,4.16,component,lmprs,
Dec,2021,,Florida,6.0,3.66,Producer Milk Components,AMS_3462,3462,Dairy FMMOS,DY-NA,Washington,DC,"Washington, DC",Washington,DC,FMMOS,FMMOS - non-mars,01/31/2022 07:17:00,2021,2021-NOV,3.68,component,lmprs,
Dec,2021,,California,51.0,3.92,Producer Milk Components,AMS_3462,3462,Dairy FMMOS,DY-NA,Washington,DC,"Washington, DC",Washington,DC,FMMOS,FMMOS - non-mars,01/31/2022 07:17:00,2021,2021-NOV,4.06,component,lmprs,
Dec,2021,,Arizona,131.0,3.77,Producer Milk Components,AMS_3462,3462,Dairy FMMOS,DY-NA,Washington,DC,"Washington, DC",Washington,DC,FMMOS,FMMOS - non-mars,01/31/2022 07:17:00,2021,2021-NOV,3.88,component,lmprs,
Dec,2021,,Appalachian,5.0,3.84,Producer Milk Components,AMS_3462,3462,Dairy FMMOS,DY-NA,Washington,DC,"Washington, DC",Washington,DC,FMMOS,FMMOS - non-mars,01/31/2022 07:17:00,2021,2021-NOV,3.94,component,lmprs,
Dec,2021,,All Markets Combined,,3.97,Producer Milk Components,AMS_3462,3462,Dairy FMMOS,DY-NA,Washington,DC,"Washington, DC",Washington,DC,FMMOS,FMMOS - non-mars,01/31/2022 07:17:00,2021,2021-NOV,4.12,component,lmprs,
Dec,2021,,Upper Midwest,30.0,4.03,Producer Milk Components,AMS_3462,3462,Dairy FMMOS,DY-NA,Washington,DC,"Washington, DC",Washington,DC,FMMOS,FMMOS - non-mars,01/31/2022 07:17:00,2021,2021-NOV,4.21,component,lmprs,
Dec,2022,,Upper Midwest,30.0,4.12,Producer Milk Components,AMS_3462,3462,Dairy FMMOS,DY-NA,Washington,DC,"Washington, DC",Washington,DC,FMMOS,FMMOS - non-mars,01/30/2023 07:36:00,2022,2022-NOV,4.25,component,lmprs,
Dec,2022,,All Markets Combined,,4.06,Producer Milk Components,AMS_3462,3462,Dairy FMMOS,DY-NA,Washington,DC,"Washington, DC",Washington,DC,FMMOS,FMMOS - non-mars,01/30/2023 07:36:00,2022,2022-NOV,4.19,component,lmprs,
Dec,2022,,Appalachian,5.0,3.91,Producer Milk Components,AMS_3462,3462,Dairy FMMOS,DY-NA,Washington,DC,"Washington, DC",Washington,DC,FMMOS,FMMOS - non-mars,01/30/2023 07:36:00,2022,2022-NOV,4.03,component,lmprs,
Dec,2022,,Arizona,131.0,3.81,Producer Milk Components,AMS_3462,3462,Dairy FMMOS,DY-NA,Washington,DC,"Washington, DC",Washington,DC,FMMOS,FMMOS - non-mars,01/30/2023 07:36:00,2022,2022-NOV,3.98,component,lmprs,
Dec,2022,,California,51.0,4.05,Producer Milk Components,AMS_3462,3462,Dairy FMMOS,DY-NA,Washington,DC,"Washington, DC",Washington,DC,FMMOS,FMMOS - non-mars,01/30/2023 07:36:00,2022,2022-NOV,4.21,component,lmprs,
Dec,2022,,Florida,6.0,3.70,Producer Milk Components,AMS_3462,3462,Dairy FMMOS,DY-NA,Washington,DC,"Washington, DC",Washington,DC,FMMOS,FMMOS - non-mars,01/30/2023 07:36:00,2022,2022-NOV,3.79,component,lmprs,
Dec,2022,,Central,32.0,4.06,Producer Milk Components,AMS_3462,3462,Dairy FMMOS,DY-NA,Washington,DC,"Washington, DC",Washington,DC,FMMOS,FMMOS - non-mars,01/30/2023 07:36:00,2022,2022-NOV,4.21,component,lmprs,
Dec,2022,,Mideast,33.0,4.02,Producer Milk Components,AMS_3462,3462,Dairy FMMOS,DY-NA,Washington,DC,"Washington, DC",Washington,DC,FMMOS,FMMOS - non-mars,01/30/2023 07:36:00,2022,2022-NOV,4.11,component,lmprs,
Dec,2022,,Northeast,1.0,4.03,Producer Milk Components,AMS_3462,3462,Dairy FMMOS,DY-NA,Washington,DC,"Washington, DC",Washington,DC,FMMOS,FMMOS - non-mars,01/30/2023 07:36:00,2022,2022-NOV,4.11,component,lmprs,
Dec,2022,,Southeast,7.0,3.96,Producer Milk Components,AMS_3462,3462,Dairy FMMOS,DY-NA,Washington,DC,"Washington, DC",Washington,DC,FMMOS,FMMOS - non-mars,01/30/2023 07:36:00,2022,2022-NOV,4.10,component,lmprs,
Dec,2022,,Pacific Northwest,124.0,4.30,Producer Milk Components,AMS_3462,3462,Dairy FMMOS,DY-NA,Washington,DC,"Washington, DC",Washington,DC,FMMOS,FMMOS - non-mars,01/30/2023 07:36:00,2022,2022-NOV,4.59,component,lmprs,
Dec,2022,,Southwest,126.0,4.13,Producer Milk Components,AMS_3462,3462,Dairy FMMOS,DY-NA,Washington,DC,"Washington, DC",Washington,DC,FMMOS,FMMOS - non-mars,01/30/2023 07:36:00,2022,2022-NOV,4.29,component,lmprs,
Dec,2023,,Southwest,126.0,4.12,Producer Milk Components,AMS_3462,3462,Dairy FMMOS,DY-NA,Washington,DC,"Washington, DC",Washington,DC,FMMOS,FMMOS - non-mars,01/30/2024 09:42:00,2023,2023-NOV,4.31,component,lmprs,
Dec,2023,,Pacific Northwest,124.0,4.32,Producer Milk Components,AMS_3462,3462,Dairy FMMOS,DY-NA,Washington,DC,"Washington, DC",Washington,DC,FMMOS,FMMOS - non-mars,01/30/2024 09:42:00,2023,2023-NOV,4.58,component,lmprs,
Dec,2023,,Southeast,7.0,4.01,Producer Milk Components,AMS_3462,3462,Dairy FMMOS,DY-NA,Washington,DC,"Washington, DC",Washington,DC,FMMOS,FMMOS - non-mars,01/30/2024 09:42:00,2023,2023-NOV,4.20,component,lmprs,
Dec,2023,,Northeast,1.0,4.12,Producer Milk Components,AMS_3462,3462,Dairy FMMOS,DY-NA,Washington,DC,"Washington, DC",Washington,DC,FMMOS,FMMOS - non-mars,01/30/2024 09:42:00,2023,2023-NOV,4.28,component,lmprs,
Dec,2023,,Mideast,33.0,4.06,Producer Milk Components,AMS_3462,3462,Dairy FMMOS,DY-NA,Washington,DC,"Washington, DC",Washington,DC,FMMOS,FMMOS - non-mars,01/30/2024 09:42:00,2023,2023-NOV,4.22,component,lmprs,
Dec,2023,,Central,32.0,4.11,Producer Milk Components,AMS_3462,3462,Dairy FMMOS,DY-NA,Washington,DC,"Washington, DC",Washington,DC,FMMOS,FMMOS - non-mars,01/30/2024 09:42:00,2023,2023-NOV,4.30,component,lmprs,
Dec,2023,,Florida,6.0,3.82,Producer Milk Components,AMS_3462,3462,Dairy FMMOS,DY-NA,Washington,DC,"Washington, DC",Washington,DC,FMMOS,FMMOS - non-mars,01/30/2024 09:42:00,2023,2023-NOV,3.94,component,lmprs,
Dec,2023,,California,51.0,4.12,Producer Milk Components,AMS_3462,3462,Dairy FMMOS,DY-NA,Washington,DC,"Washington, DC",Washington,DC,FMMOS,FMMOS - non-mars,01/30/2024 09:42:00,2023,2023-NOV,4.26,component,lmprs,
Dec,2023,,Arizona,131.0,3.88,Producer Milk Components,AMS_3462,3462,Dairy FMMOS,DY-NA,Washington,DC,"Washington, DC",Washington,DC,FMMOS,FMMOS - non-mars,01/30/2024 09:42:00,2023,2023-NOV,4.04,component,lmprs,
Dec,2023,,Appalachian,5.0,3.97,Producer Milk Components,AMS_3462,3462,Dairy FMMOS,DY-NA,Washington,DC,"Washington, DC",Washington,DC,FMMOS,FMMOS - non-mars,01/30/2024 09:42:00,2023,2023-NOV,4.13,component,lmprs,
Dec,2023,,All Markets Combined,,4.11,Producer Milk Components,AMS_3462,3462,Dairy FMMOS,DY-NA,Washington,DC,"Washington, DC",Washington,DC,FMMOS,FMMOS - non-mars,01/30/2024 09:42:00,2023,2023-NOV,4.28,component,lmprs,
Dec,2023,,Upper Midwest,30.0,4.17,Producer Milk Components,AMS_3462,3462,Dairy FMMOS,DY-NA,Washington,DC,"Washington, DC",Washington,DC,FMMOS,FMMOS - non-mars,01/30/2024 09:42:00,2023,2023-NOV,4.34,component,lmprs,
Dec,2024,,Upper Midwest,30.0,4.27,Producer Milk Components,AMS_3462,3462,Dairy FMMOS,DY-NA,Washington,DC,"Washington, DC",Washington,DC,FMMOS,FMMOS - non-mars,01/23/2025 09:07:00,2024,2024-NOV,4.39,component,lmprs,
Dec,2024,,All Markets Combined,,4.21,Producer Milk Components,AMS_3462,3462,Dairy FMMOS,DY-NA,Washington,DC,"Washington, DC",Washington,DC,FMMOS,FMMOS - non-mars,01/23/2025 09:07:00,2024,2024-NOV,4.35,component,lmprs,
Dec,2024,,Appalachian,5.0,4.06,Producer Milk Components,AMS_3462,3462,Dairy FMMOS,DY-NA,Washington,DC,"Washington, DC",Washington,DC,FMMOS,FMMOS - non-mars,01/23/2025 09:07:00,2024,2024-NOV,4.13,component,lmprs,
Dec,2024,,Arizona,131.0,4.07,Producer Milk Components,AMS_3462,3462,Dairy FMMOS,DY-NA,Washington,DC,"Washington, DC",Washington,DC,FMMOS,FMMOS - non-mars,01/23/2025 09:07:00,2024,2024-NOV,4.30,component,lmprs,
Dec,2024,,California,51.0,4.18,Producer Milk Components,AMS_3462,3462,Dairy FMMOS,DY-NA,Washington,DC,"Washington, DC",Washington,DC,FMMOS,FMMOS - non-mars,01/23/2025 09:07:00,2024,2024-NOV,4.35,component,lmprs,
Dec,2024,,Florida,6.0,3.92,Producer Milk Components,AMS_3462,3462,Dairy FMMOS,DY-NA,Washington,DC,"Washington, DC",Washington,DC,FMMOS,FMMOS - non-mars,01/23/2025 09:07:00,2024,2024-NOV,3.97,component,lmprs,
Dec,2024,,Central,32.0,4.19,Producer Milk Components,AMS_3462,3462,Dairy FMMOS,DY-NA,Washington,DC,"Washington, DC",Washington,DC,FMMOS,FMMOS - non-mars,01/23/2025 09:07:00,2024,2024-NOV,4.33,component,lmprs,
Dec,2024,,Mideast,33.0,4.17,Producer Milk Components,AMS_3462,3462,Dairy FMMOS,DY-NA,Washington,DC,"Washington, DC",Washington,DC,FMMOS,FMMOS - non-mars,01/23/2025 09:07:00,2024,2024-NOV,4.29,component,lmprs,
Dec,2024,,Northeast,1.0,4.22,Producer Milk Components,AMS_3462,3462,Dairy FMMOS,DY-NA,Washington,DC,"Washington, DC",Washington,DC,FMMOS,FMMOS - non-mars,01/23/2025 09:07:00,2024,2024-NOV,4.34,component,lmprs,
Dec,2024,,Southeast,7.0,4.11,Producer Milk Components,AMS_3462,3462,Dairy FMMOS,DY-NA,Washington,DC,"Washington, DC",Washington,DC,FMMOS,FMMOS - non-mars,01/23/2025 09:07:00,2024,2024-NOV,4.24,component,lmprs,
Dec,2024,,Pacific Northwest,124.0,4.39,Producer Milk Components,AMS_3462,3462,Dairy FMMOS,DY-NA,Washington,DC,"Washington, DC",Washington,DC,FMMOS,FMMOS - non-mars,01/23/2025 09:07:00,2024,2024-NOV,4.61,component,lmprs,
Dec,2024,,Southwest,126.0,4.24,Producer Milk Components,AMS_3462,3462,Dairy FMMOS,DY-NA,Washington,DC,"Washington, DC",Washington,DC,FMMOS,FMMOS - non-mars,01/23/2025 09:07:00,2024,2024-NOV,4.43,component,lmprs,
Dec,2025,,Southwest,126.0,4.38,Producer Milk Components,AMS_3462,3462,Dairy FMMOS,DY-NA,Washington,DC,"Washington, DC",Washington,DC,FMMOS,FMMOS - non-mars,01/21/2026 11:39:00,2025,2025-NOV,4.58,component,lmprs,
Dec,2025,,Pacific Northwest,124.0,4.45,Producer Milk Components,AMS_3462,3462,Dairy FMMOS,DY-NA,Washington,DC,"Washington, DC",Washington,DC,FMMOS,FMMOS - non-mars,01/21/2026 11:39:00,2025,2025-NOV,4.61,component,lmprs,
Dec,2025,,Southeast,7.0,4.19,Producer Milk Components,AMS_3462,3462,Dairy FMMOS,DY-NA,Washington,DC,"Washington, DC",Washington,DC,FMMOS,FMMOS - non-mars,01/21/2026 11:39:00,2025,2025-NOV,4.38,component,lmprs,
Dec,2025,,Northeast,1.0,4.33,Producer Milk Components,AMS_3462,3462,Dairy FMMOS,DY-NA,Washington,DC,"Washington, DC",Washington,DC,FMMOS,FMMOS - non-mars,01/21/2026 11:39:00,2025,2025-NOV,4.49,component,lmprs,
Dec,2025,,Mideast,33.0,4.30,Producer Milk Components,AMS_3462,3462,Dairy FMMOS,DY-NA,Washington,DC,"Washington, DC",Washington,DC,FMMOS,FMMOS - non-mars,01/21/2026 11:39:00,2025,2025-NOV,4.44,component,lmprs,
Dec,2025,,Central,32.0,4.25,Producer Milk Components,AMS_3462,3462,Dairy FMMOS,DY-NA,Washington,DC,"Washington, DC",Washington,DC,FMMOS,FMMOS - non-mars,01/21/2026 11:39:00,2025,2025-NOV,4.40,component,lmprs,
Dec,2025,,Florida,6.0,3.94,Producer Milk Components,AMS_3462,3462,Dairy FMMOS,DY-NA,Washington,DC,"Washington, DC",Washington,DC,FMMOS,FMMOS - non-mars,01/21/2026 11:39:00,2025,2025-NOV,4.04,component,lmprs,
Dec,2025,,California,51.0,4.22,Producer Milk Components,AMS_3462,3462,Dairy FMMOS,DY-NA,Washington,DC,"Washington, DC",Washington,DC,FMMOS,FMMOS - non-mars,01/21/2026 11:39:00,2025,2025-NOV,4.26,component,lmprs,
Dec,2025,,Arizona,131.0,4.10,Producer Milk Components,AMS_3462,3462,Dairy FMMOS,DY-NA,Washington,DC,"Washington, DC",Washington,DC,FMMOS,FMMOS - non-mars,01/21/2026 11:39:00,2025,2025-NOV,4.12,component,lmprs,
Dec,2025,,Appalachian,5.0,4.13,Producer Milk Components,AMS_3462,3462,Dairy FMMOS,DY-NA,Washington,DC,"Washington, DC",Washington,DC,FMMOS,FMMOS - non-mars,01/21/2026 11:39:00,2025,2025-NOV,4.26,component,lmprs,
Dec,2025,,All Markets Combined,,4.29,Producer Milk Components,AMS_3462,3462,Dairy FMMOS,DY-NA,Washington,DC,"Washington, DC",Washington,DC,FMMOS,FMMOS - non-mars,01/21/2026 11:39:00,2025,2025-NOV,4.41,component,lmprs,
Dec,2025,,Upper Midwest,30.0,4.33,Producer Milk Components,AMS_3462,3462,Dairy FMMOS,DY-NA,Washington,DC,"Washington, DC",Washington,DC,FMMOS,FMMOS - non-mars,01/21/2026 11:39:00,2025,2025-NOV,4.49,component,lmprs,
Mar,2026,,Upper Midwest,30.0,4.46,Producer Milk Components,AMS_3462,3462,Dairy FMMOS,DY-NA,Washington,DC,"Washington, DC",Washington,DC,FMMOS,FMMOS - non-mars,04/21/2026 05:48:00,2026,2026-NOV,,component,lmprs,
Mar,2026,,All Markets Combined,,4.42,Producer Milk Components,AMS_3462,3462,Dairy FMMOS,DY-NA,Washington,DC,"Washington, DC",Washington,DC,FMMOS,FMMOS - non-mars,04/21/2026 05:48:00,2026,2026-NOV,,component,lmprs,
Mar,2026,,Appalachian,5.0,4.23,Producer Milk Components,AMS_3462,3462,Dairy FMMOS,DY-NA,Washington,DC,"Washington, DC",Washington,DC,FMMOS,FMMOS - non-mars,04/21/2026 05:48:00,2026,2026-NOV,,component,lmprs,
Mar,2026,,Arizona,131.0,4.16,Producer Milk Components,AMS_3462,3462,Dairy FMMOS,DY-NA,Washington,DC,"Washington, DC",Washington,DC,FMMOS,FMMOS - non-mars,04/21/2026 05:48:00,2026,2026-NOV,,component,lmprs,
Mar,2026,,California,51.0,4.31,Producer Milk Components,AMS_3462,3462,Dairy FMMOS,DY-NA,Washington,DC,"Washington, DC",Washington,DC,FMMOS,FMMOS - non-mars,04/21/2026 05:48:00,2026,2026-NOV,,component,lmprs,
Mar,2026,,Florida,6.0,3.97,Producer Milk Components,AMS_3462,3462,Dairy FMMOS,DY-NA,Washington,DC,"Washington, DC",Washington,DC,FMMOS,FMMOS - non-mars,04/21/2026 05:48:00,2026,2026-NOV,,component,lmprs,
Mar,2026,,Central,32.0,4.36,Producer Milk Components,AMS_3462,3462,Dairy FMMOS,DY-NA,Washington,DC,"Washington, DC",Washington,DC,FMMOS,FMMOS - non-mars,04/21/2026 05:48:00,2026,2026-NOV,,component,lmprs,
Mar,2026,,Mideast,33.0,4.45,Producer Milk Components,AMS_3462,3462,Dairy FMMOS,DY-NA,Washington,DC,"Washington, DC",Washington,DC,FMMOS,FMMOS - non-mars,04/21/2026 05:48:00,2026,2026-NOV,,component,lmprs,
Mar,2026,,Northeast,1.0,4.53,Producer Milk Components,AMS_3462,3462,Dairy FMMOS,DY-NA,Washington,DC,"Washington, DC",Washington,DC,FMMOS,FMMOS - non-mars,04/21/2026 05:48:00,2026,2026-NOV,,component,lmprs,
Mar,2026,,Southeast,7.0,4.32,Producer Milk Components,AMS_3462,3462,Dairy FMMOS,DY-NA,Washington,DC,"Washington, DC",Washington,DC,FMMOS,FMMOS - non-mars,04/21/2026 05:48:00,2026,2026-NOV,,component,lmprs,
Mar,2026,,Pacific Northwest,124.0,4.56,Producer Milk Components,AMS_3462,3462,Dairy FMMOS,DY-NA,Washington,DC,"Washington, DC",Washington,DC,FMMOS,FMMOS - non-mars,04/21/2026 05:48:00,2026,2026-NOV,,component,lmprs,
Mar,2026,,Southwest,126.0,4.52,Producer Milk Components,AMS_3462,3462,Dairy FMMOS,DY-NA,Washington,DC,"Washington, DC",Washington,DC,FMMOS,FMMOS - non-mars,04/21/2026 05:48:00,2026,2026-NOV,,component,lmprs,
Dec,2000,,All Markets Combined,,3.69,Producer Milk Components,AMS_3462,3462,Dairy FMMOS,DY-NA,Washington,DC,"Washington, DC",Washington,DC,FMMOS,FMMOS - non-mars,04/09/2021 07:48:00,2000,2000-DEC,3.82,component,lmprs,
Dec,2000,,Appalachian,5.0,3.67,Producer Milk Components,AMS_3462,3462,Dairy FMMOS,DY-NA,Washington,DC,"Washington, DC",Washington,DC,FMMOS,FMMOS - non-mars,04/09/2021 07:48:00,2000,2000-DEC,3.81,component,lmprs,
Dec,2000,,Arizona,131.0,3.62,Producer Milk Components,AMS_3462,3462,Dairy FMMOS,DY-NA,Washington,DC,"Washington, DC",Washington,DC,FMMOS,FMMOS - non-mars,04/09/2021 07:48:00,2000,2000-DEC,3.73,component,lmprs,
Dec,2000,,Central,32.0,3.69,Producer Milk Components,AMS_3462,3462,Dairy FMMOS,DY-NA,Washington,DC,"Washington, DC",Washington,DC,FMMOS,FMMOS - non-mars,04/09/2021 07:48:00,2000,2000-DEC,3.85,component,lmprs,
Dec,2000,,Florida,6.0,3.60,Producer Milk Components,AMS_3462,3462,Dairy FMMOS,DY-NA,Washington,DC,"Washington, DC",Washington,DC,FMMOS,FMMOS - non-mars,04/09/2021 07:48:00,2000,2000-DEC,3.69,component,lmprs,
Dec,2000,,Mideast,33.0,3.72,Producer Milk Components,AMS_3462,3462,Dairy FMMOS,DY-NA,Washington,DC,"Washington, DC",Washington,DC,FMMOS,FMMOS - non-mars,04/09/2021 07:48:00,2000,2000-DEC,3.87,component,lmprs,
Dec,2000,,Northeast,1.0,3.71,Producer Milk Components,AMS_3462,3462,Dairy FMMOS,DY-NA,Washington,DC,"Washington, DC",Washington,DC,FMMOS,FMMOS - non-mars,04/09/2021 07:48:00,2000,2000-DEC,3.82,component,lmprs,
Dec,2000,,Pacific Northwest,124.0,3.65,Producer Milk Components,AMS_3462,3462,Dairy FMMOS,DY-NA,Washington,DC,"Washington, DC",Washington,DC,FMMOS,FMMOS - non-mars,04/09/2021 07:48:00,2000,2000-DEC,3.76,component,lmprs,
Dec,2000,,Southeast,7.0,3.64,Producer Milk Components,AMS_3462,3462,Dairy FMMOS,DY-NA,Washington,DC,"Washington, DC",Washington,DC,FMMOS,FMMOS - non-mars,04/09/2021 07:48:00,2000,2000-DEC,3.87,component,lmprs,
Dec,2000,,Southwest,126.0,3.60,Producer Milk Components,AMS_3462,3462,Dairy FMMOS,DY-NA,Washington,DC,"Washington, DC",Washington,DC,FMMOS,FMMOS - non-mars,04/09/2021 07:48:00,2000,2000-DEC,3.78,component,lmprs,
Dec,2000,,Upper Midwest,30.0,3.73,Producer Milk Components,AMS_3462,3462,Dairy FMMOS,DY-NA,Washington,DC,"Washington, DC",Washington,DC,FMMOS,FMMOS - non-mars,04/09/2021 07:48:00,2000,2000-DEC,3.85,component,lmprs,
Dec,2000,,Western,135.0,3.60,Producer Milk Components,AMS_3462,3462,Dairy FMMOS,DY-NA,Washington,DC,"Washington, DC",Washington,DC,FMMOS,FMMOS - non-mars,04/09/2021 07:48:00,2000,2000-DEC,3.72,component,lmprs,
Dec,2001,,Western,135.0,3.61,Producer Milk Components,AMS_3462,3462,Dairy FMMOS,DY-NA,Washington,DC,"Washington, DC",Washington,DC,FMMOS,FMMOS - non-mars,04/09/2021 07:46:00,2001,2001-DEC,3.78,component,lmprs,
Dec,2001,,Upper Midwest,30.0,3.72,Producer Milk Components,AMS_3462,3462,Dairy FMMOS,DY-NA,Washington,DC,"Washington, DC",Washington,DC,FMMOS,FMMOS - non-mars,04/09/2021 07:46:00,2001,2001-DEC,3.82,component,lmprs,
Dec,2001,,Southwest,126.0,3.62,Producer Milk Components,AMS_3462,3462,Dairy FMMOS,DY-NA,Washington,DC,"Washington, DC",Washington,DC,FMMOS,FMMOS - non-mars,04/09/2021 07:46:00,2001,2001-DEC,3.76,component,lmprs,
Dec,2001,,Southeast,7.0,3.64,Producer Milk Components,AMS_3462,3462,Dairy FMMOS,DY-NA,Washington,DC,"Washington, DC",Washington,DC,FMMOS,FMMOS - non-mars,04/09/2021 07:46:00,2001,2001-DEC,3.75,component,lmprs,
Dec,2001,,Pacific Northwest,124.0,3.66,Producer Milk Components,AMS_3462,3462,Dairy FMMOS,DY-NA,Washington,DC,"Washington, DC",Washington,DC,FMMOS,FMMOS - non-mars,04/09/2021 07:46:00,2001,2001-DEC,3.78,component,lmprs,
Dec,2001,,Northeast,1.0,3.68,Producer Milk Components,AMS_3462,3462,Dairy FMMOS,DY-NA,Washington,DC,"Washington, DC",Washington,DC,FMMOS,FMMOS - non-mars,04/09/2021 07:46:00,2001,2001-DEC,3.76,component,lmprs,
Dec,2001,,Mideast,33.0,3.68,Producer Milk Components,AMS_3462,3462,Dairy FMMOS,DY-NA,Washington,DC,"Washington, DC",Washington,DC,FMMOS,FMMOS - non-mars,04/09/2021 07:46:00,2001,2001-DEC,3.78,component,lmprs,
Dec,2001,,Florida,6.0,3.60,Producer Milk Components,AMS_3462,3462,Dairy FMMOS,DY-NA,Washington,DC,"Washington, DC",Washington,DC,FMMOS,FMMOS - non-mars,04/09/2021 07:46:00,2001,2001-DEC,3.64,component,lmprs,
Dec,2001,,Central,32.0,3.69,Producer Milk Components,AMS_3462,3462,Dairy FMMOS,DY-NA,Washington,DC,"Washington, DC",Washington,DC,FMMOS,FMMOS - non-mars,04/09/2021 07:46:00,2001,2001-DEC,3.80,component,lmprs,
Dec,2001,,Arizona,131.0,3.62,Producer Milk Components,AMS_3462,3462,Dairy FMMOS,DY-NA,Washington,DC,"Washington, DC",Washington,DC,FMMOS,FMMOS - non-mars,04/09/2021 07:46:00,2001,2001-DEC,3.79,component,lmprs,
Dec,2001,,Appalachian,5.0,3.65,Producer Milk Components,AMS_3462,3462,Dairy FMMOS,DY-NA,Washington,DC,"Washington, DC",Washington,DC,FMMOS,FMMOS - non-mars,04/09/2021 07:46:00,2001,2001-DEC,3.74,component,lmprs,
Dec,2001,,All Markets Combined,,3.67,Producer Milk Components,AMS_3462,3462,Dairy FMMOS,DY-NA,Washington,DC,"Washington, DC",Washington,DC,FMMOS,FMMOS - non-mars,04/09/2021 07:46:00,2001,2001-DEC,3.78,component,lmprs,
Dec,2002,,All Markets Combined,,3.69,Producer Milk Components,AMS_3462,3462,Dairy FMMOS,DY-NA,Washington,DC,"Washington, DC",Washington,DC,FMMOS,FMMOS - non-mars,04/09/2021 07:46:00,2002,2002-DEC,3.79,component,lmprs,
Dec,2002,,Appalachian,5.0,3.66,Producer Milk Components,AMS_3462,3462,Dairy FMMOS,DY-NA,Washington,DC,"Washington, DC",Washington,DC,FMMOS,FMMOS - non-mars,04/09/2021 07:46:00,2002,2002-DEC,3.80,component,lmprs,
Dec,2002,,Arizona,131.0,3.63,Producer Milk Components,AMS_3462,3462,Dairy FMMOS,DY-NA,Washington,DC,"Washington, DC",Washington,DC,FMMOS,FMMOS - non-mars,04/09/2021 07:46:00,2002,2002-DEC,3.70,component,lmprs,
Dec,2002,,Central,32.0,3.70,Producer Milk Components,AMS_3462,3462,Dairy FMMOS,DY-NA,Washington,DC,"Washington, DC",Washington,DC,FMMOS,FMMOS - non-mars,04/09/2021 07:46:00,2002,2002-DEC,3.80,component,lmprs,
Dec,2002,,Florida,6.0,3.67,Producer Milk Components,AMS_3462,3462,Dairy FMMOS,DY-NA,Washington,DC,"Washington, DC",Washington,DC,FMMOS,FMMOS - non-mars,04/09/2021 07:46:00,2002,2002-DEC,3.67,component,lmprs,
Dec,2002,,Mideast,33.0,3.69,Producer Milk Components,AMS_3462,3462,Dairy FMMOS,DY-NA,Washington,DC,"Washington, DC",Washington,DC,FMMOS,FMMOS - non-mars,04/09/2021 07:46:00,2002,2002-DEC,3.83,component,lmprs,
Dec,2002,,Northeast,1.0,3.69,Producer Milk Components,AMS_3462,3462,Dairy FMMOS,DY-NA,Washington,DC,"Washington, DC",Washington,DC,FMMOS,FMMOS - non-mars,04/09/2021 07:46:00,2002,2002-DEC,3.82,component,lmprs,
Dec,2002,,Pacific Northwest,124.0,3.67,Producer Milk Components,AMS_3462,3462,Dairy FMMOS,DY-NA,Washington,DC,"Washington, DC",Washington,DC,FMMOS,FMMOS - non-mars,04/09/2021 07:46:00,2002,2002-DEC,3.74,component,lmprs,
Dec,2002,,Southeast,7.0,3.66,Producer Milk Components,AMS_3462,3462,Dairy FMMOS,DY-NA,Washington,DC,"Washington, DC",Washington,DC,FMMOS,FMMOS - non-mars,04/09/2021 07:46:00,2002,2002-DEC,3.79,component,lmprs,
Dec,2002,,Southwest,126.0,3.64,Producer Milk Components,AMS_3462,3462,Dairy FMMOS,DY-NA,Washington,DC,"Washington, DC",Washington,DC,FMMOS,FMMOS - non-mars,04/09/2021 07:46:00,2002,2002-DEC,3.77,component,lmprs,
Dec,2002,,Upper Midwest,30.0,3.73,Producer Milk Components,AMS_3462,3462,Dairy FMMOS,DY-NA,Washington,DC,"Washington, DC",Washington,DC,FMMOS,FMMOS - non-mars,04/09/2021 07:46:00,2002,2002-DEC,3.80,component,lmprs,
Dec,2002,,Western,135.0,3.63,Producer Milk Components,AMS_3462,3462,Dairy FMMOS,DY-NA,Washington,DC,"Washington, DC",Washington,DC,FMMOS,FMMOS - non-mars,04/09/2021 07:46:00,2002,2002-DEC,3.74,component,lmprs,
Dec,2003,,Western,135.0,3.60,Producer Milk Components,AMS_3462,3462,Dairy FMMOS,DY-NA,Washington,DC,"Washington, DC",Washington,DC,FMMOS,FMMOS - non-mars,04/09/2021 07:46:00,2003,2003-DEC,3.74,component,lmprs,
Dec,2003,,Upper Midwest,30.0,3.72,Producer Milk Components,AMS_3462,3462,Dairy FMMOS,DY-NA,Washington,DC,"Washington, DC",Washington,DC,FMMOS,FMMOS - non-mars,04/09/2021 07:46:00,2003,2003-DEC,3.83,component,lmprs,
Dec,2003,,Southwest,126.0,3.62,Producer Milk Components,AMS_3462,3462,Dairy FMMOS,DY-NA,Washington,DC,"Washington, DC",Washington,DC,FMMOS,FMMOS - non-mars,04/09/2021 07:46:00,2003,2003-DEC,3.73,component,lmprs,
Dec,2003,,Southeast,7.0,3.63,Producer Milk Components,AMS_3462,3462,Dairy FMMOS,DY-NA,Washington,DC,"Washington, DC",Washington,DC,FMMOS,FMMOS - non-mars,04/09/2021 07:46:00,2003,2003-DEC,3.78,component,lmprs,
Dec,2003,,Northeast,1.0,3.70,Producer Milk Components,AMS_3462,3462,Dairy FMMOS,DY-NA,Washington,DC,"Washington, DC",Washington,DC,FMMOS,FMMOS - non-mars,04/09/2021 07:46:00,2003,2003-DEC,3.76,component,lmprs,
Dec,2003,,Pacific Northwest,124.0,3.66,Producer Milk Components,AMS_3462,3462,Dairy FMMOS,DY-NA,Washington,DC,"Washington, DC",Washington,DC,FMMOS,FMMOS - non-mars,04/09/2021 07:46:00,2003,2003-DEC,3.83,component,lmprs,
Dec,2003,,Mideast,33.0,3.69,Producer Milk Components,AMS_3462,3462,Dairy FMMOS,DY-NA,Washington,DC,"Washington, DC",Washington,DC,FMMOS,FMMOS - non-mars,04/09/2021 07:46:00,2003,2003-DEC,3.81,component,lmprs,
Dec,2003,,Florida,6.0,3.57,Producer Milk Components,AMS_3462,3462,Dairy FMMOS,DY-NA,Washington,DC,"Washington, DC",Washington,DC,FMMOS,FMMOS - non-mars,04/09/2021 07:46:00,2003,2003-DEC,3.68,component,lmprs,
Dec,2003,,Arizona,131.0,3.59,Producer Milk Components,AMS_3462,3462,Dairy FMMOS,DY-NA,Washington,DC,"Washington, DC",Washington,DC,FMMOS,FMMOS - non-mars,04/09/2021 07:46:00,2003,2003-DEC,3.71,component,lmprs,
Dec,2003,,Central,32.0,3.68,Producer Milk Components,AMS_3462,3462,Dairy FMMOS,DY-NA,Washington,DC,"Washington, DC",Washington,DC,FMMOS,FMMOS - non-mars,04/09/2021 07:46:00,2003,2003-DEC,3.78,component,lmprs,
Dec,2003,,Appalachian,5.0,3.65,Producer Milk Components,AMS_3462,3462,Dairy FMMOS,DY-NA,Washington,DC,"Washington, DC",Washington,DC,FMMOS,FMMOS - non-mars,04/09/2021 07:46:00,2003,2003-DEC,3.73,component,lmprs,
Dec,2003,,All Markets Combined,,3.67,Producer Milk Components,AMS_3462,3462,Dairy FMMOS,DY-NA,Washington,DC,"Washington, DC",Washington,DC,FMMOS,FMMOS - non-mars,04/09/2021 07:46:00,2003,2003-DEC,3.78,component,lmprs,
Dec,2004,,All Markets Combined,,3.67,Producer Milk Components,AMS_3462,3462,Dairy FMMOS,DY-NA,Washington,DC,"Washington, DC",Washington,DC,FMMOS,FMMOS - non-mars,04/09/2021 07:44:00,2004,2004-DEC,3.76,component,lmprs,
Dec,2004,,Appalachian,5.0,3.62,Producer Milk Components,AMS_3462,3462,Dairy FMMOS,DY-NA,Washington,DC,"Washington, DC",Washington,DC,FMMOS,FMMOS - non-mars,04/09/2021 07:44:00,2004,2004-DEC,3.73,component,lmprs,
Dec,2004,,Central,32.0,3.66,Producer Milk Components,AMS_3462,3462,Dairy FMMOS,DY-NA,Washington,DC,"Washington, DC",Washington,DC,FMMOS,FMMOS - non-mars,04/09/2021 07:44:00,2004,2004-DEC,3.76,component,lmprs,
Dec,2004,,Arizona,131.0,3.61,Producer Milk Components,AMS_3462,3462,Dairy FMMOS,DY-NA,Washington,DC,"Washington, DC",Washington,DC,FMMOS,FMMOS - non-mars,04/09/2021 07:44:00,2004,2004-DEC,3.71,component,lmprs,
Dec,2004,,Florida,6.0,3.61,Producer Milk Components,AMS_3462,3462,Dairy FMMOS,DY-NA,Washington,DC,"Washington, DC",Washington,DC,FMMOS,FMMOS - non-mars,04/09/2021 07:44:00,2004,2004-DEC,3.64,component,lmprs,
Dec,2004,,Mideast,33.0,3.67,Producer Milk Components,AMS_3462,3462,Dairy FMMOS,DY-NA,Washington,DC,"Washington, DC",Washington,DC,FMMOS,FMMOS - non-mars,04/09/2021 07:44:00,2004,2004-DEC,3.76,component,lmprs,
Dec,2004,,Pacific Northwest,124.0,3.68,Producer Milk Components,AMS_3462,3462,Dairy FMMOS,DY-NA,Washington,DC,"Washington, DC",Washington,DC,FMMOS,FMMOS - non-mars,04/09/2021 07:44:00,2004,2004-DEC,3.71,component,lmprs,
Dec,2004,,Northeast,1.0,3.66,Producer Milk Components,AMS_3462,3462,Dairy FMMOS,DY-NA,Washington,DC,"Washington, DC",Washington,DC,FMMOS,FMMOS - non-mars,04/09/2021 07:44:00,2004,2004-DEC,3.76,component,lmprs,
Dec,2004,,Southeast,7.0,3.65,Producer Milk Components,AMS_3462,3462,Dairy FMMOS,DY-NA,Washington,DC,"Washington, DC",Washington,DC,FMMOS,FMMOS - non-mars,04/09/2021 07:44:00,2004,2004-DEC,3.77,component,lmprs,
Dec,2004,,Southwest,126.0,3.64,Producer Milk Components,AMS_3462,3462,Dairy FMMOS,DY-NA,Washington,DC,"Washington, DC",Washington,DC,FMMOS,FMMOS - non-mars,04/09/2021 07:44:00,2004,2004-DEC,3.81,component,lmprs,
Dec,2004,,Upper Midwest,30.0,3.72,Producer Milk Components,AMS_3462,3462,Dairy FMMOS,DY-NA,Washington,DC,"Washington, DC",Washington,DC,FMMOS,FMMOS - non-mars,04/09/2021 07:44:00,2004,2004-DEC,3.80,component,lmprs,
Dec,2004,,Western,135.0,3.70,Producer Milk Components,AMS_3462,3462,Dairy FMMOS,DY-NA,Washington,DC,"Washington, DC",Washington,DC,FMMOS,FMMOS - non-mars,04/09/2021 07:44:00,2004,2004-DEC,,component,lmprs,
Dec,2005,,Upper Midwest,30.0,3.71,Producer Milk Components,AMS_3462,3462,Dairy FMMOS,DY-NA,Washington,DC,"Washington, DC",Washington,DC,FMMOS,FMMOS - non-mars,03/30/2021 14:16:00,2005,2005-DEC,3.86,component,lmprs,
Dec,2005,,Southwest,126.0,3.66,Producer Milk Components,AMS_3462,3462,Dairy FMMOS,DY-NA,Washington,DC,"Washington, DC",Washington,DC,FMMOS,FMMOS - non-mars,03/30/2021 14:16:00,2005,2005-DEC,3.86,component,lmprs,
Dec,2005,,Southeast,7.0,3.63,Producer Milk Components,AMS_3462,3462,Dairy FMMOS,DY-NA,Washington,DC,"Washington, DC",Washington,DC,FMMOS,FMMOS - non-mars,03/30/2021 14:16:00,2005,2005-DEC,3.86,component,lmprs,
Dec,2005,,Northeast,1.0,3.67,Producer Milk Components,AMS_3462,3462,Dairy FMMOS,DY-NA,Washington,DC,"Washington, DC",Washington,DC,FMMOS,FMMOS - non-mars,03/30/2021 14:16:00,2005,2005-DEC,3.84,component,lmprs,
Dec,2005,,Pacific Northwest,124.0,3.67,Producer Milk Components,AMS_3462,3462,Dairy FMMOS,DY-NA,Washington,DC,"Washington, DC",Washington,DC,FMMOS,FMMOS - non-mars,03/30/2021 14:16:00,2005,2005-DEC,3.85,component,lmprs,
Dec,2005,,Mideast,33.0,3.65,Producer Milk Components,AMS_3462,3462,Dairy FMMOS,DY-NA,Washington,DC,"Washington, DC",Washington,DC,FMMOS,FMMOS - non-mars,03/30/2021 14:16:00,2005,2005-DEC,3.84,component,lmprs,
Dec,2005,,Florida,6.0,3.60,Producer Milk Components,AMS_3462,3462,Dairy FMMOS,DY-NA,Washington,DC,"Washington, DC",Washington,DC,FMMOS,FMMOS - non-mars,03/30/2021 14:16:00,2005,2005-DEC,3.73,component,lmprs,
Dec,2005,,Central,32.0,3.64,Producer Milk Components,AMS_3462,3462,Dairy FMMOS,DY-NA,Washington,DC,"Washington, DC",Washington,DC,FMMOS,FMMOS - non-mars,03/30/2021 14:16:00,2005,2005-DEC,3.83,component,lmprs,
Dec,2005,,Appalachian,5.0,3.62,Producer Milk Components,AMS_3462,3462,Dairy FMMOS,DY-NA,Washington,DC,"Washington, DC",Washington,DC,FMMOS,FMMOS - non-mars,03/30/2021 14:16:00,2005,2005-DEC,3.82,component,lmprs,
Dec,2005,,Arizona,131.0,3.59,Producer Milk Components,AMS_3462,3462,Dairy FMMOS,DY-NA,Washington,DC,"Washington, DC",Washington,DC,FMMOS,FMMOS - non-mars,03/30/2021 14:16:00,2005,2005-DEC,3.70,component,lmprs,
Dec,2005,,All Markets Combined,,3.66,Producer Milk Components,AMS_3462,3462,Dairy FMMOS,DY-NA,Washington,DC,"Washington, DC",Washington,DC,FMMOS,FMMOS - non-mars,03/30/2021 14:16:00,2005,2005-DEC,3.84,component,lmprs,
Dec,2006,,All Markets Combined,,3.69,Producer Milk Components,AMS_3462,3462,Dairy FMMOS,DY-NA,Washington,DC,"Washington, DC",Washington,DC,FMMOS,FMMOS - non-mars,03/30/2021 14:16:00,2006,2006-DEC,3.78,component,lmprs,
Dec,2006,,Arizona,131.0,3.59,Producer Milk Components,AMS_3462,3462,Dairy FMMOS,DY-NA,Washington,DC,"Washington, DC",Washington,DC,FMMOS,FMMOS - non-mars,03/30/2021 14:16:00,2006,2006-DEC,3.74,component,lmprs,
Dec,2006,,Appalachian,5.0,3.67,Producer Milk Components,AMS_3462,3462,Dairy FMMOS,DY-NA,Washington,DC,"Washington, DC",Washington,DC,FMMOS,FMMOS - non-mars,03/30/2021 14:16:00,2006,2006-DEC,3.76,component,lmprs,
Dec,2006,,Central,32.0,3.67,Producer Milk Components,AMS_3462,3462,Dairy FMMOS,DY-NA,Washington,DC,"Washington, DC",Washington,DC,FMMOS,FMMOS - non-mars,03/30/2021 14:16:00,2006,2006-DEC,3.80,component,lmprs,
Dec,2006,,Florida,6.0,3.66,Producer Milk Components,AMS_3462,3462,Dairy FMMOS,DY-NA,Washington,DC,"Washington, DC",Washington,DC,FMMOS,FMMOS - non-mars,03/30/2021 14:16:00,2006,2006-DEC,3.69,component,lmprs,
Dec,2006,,Mideast,33.0,3.69,Producer Milk Components,AMS_3462,3462,Dairy FMMOS,DY-NA,Washington,DC,"Washington, DC",Washington,DC,FMMOS,FMMOS - non-mars,03/30/2021 14:16:00,2006,2006-DEC,3.75,component,lmprs,
Dec,2006,,Pacific Northwest,124.0,3.69,Producer Milk Components,AMS_3462,3462,Dairy FMMOS,DY-NA,Washington,DC,"Washington, DC",Washington,DC,FMMOS,FMMOS - non-mars,03/30/2021 14:16:00,2006,2006-DEC,3.79,component,lmprs,
Dec,2006,,Northeast,1.0,3.71,Producer Milk Components,AMS_3462,3462,Dairy FMMOS,DY-NA,Washington,DC,"Washington, DC",Washington,DC,FMMOS,FMMOS - non-mars,03/30/2021 14:16:00,2006,2006-DEC,3.77,component,lmprs,
Dec,2006,,Southeast,7.0,3.67,Producer Milk Components,AMS_3462,3462,Dairy FMMOS,DY-NA,Washington,DC,"Washington, DC",Washington,DC,FMMOS,FMMOS - non-mars,03/30/2021 14:16:00,2006,2006-DEC,3.80,component,lmprs,
Dec,2006,,Southwest,126.0,3.69,Producer Milk Components,AMS_3462,3462,Dairy FMMOS,DY-NA,Washington,DC,"Washington, DC",Washington,DC,FMMOS,FMMOS - non-mars,03/30/2021 14:16:00,2006,2006-DEC,3.80,component,lmprs,
Dec,2006,,Upper Midwest,30.0,3.72,Producer Milk Components,AMS_3462,3462,Dairy FMMOS,DY-NA,Washington,DC,"Washington, DC",Washington,DC,FMMOS,FMMOS - non-mars,03/30/2021 14:16:00,2006,2006-DEC,3.81,component,lmprs,
Dec,2007,,Upper Midwest,30.0,3.71,Producer Milk Components,AMS_3462,3462,Dairy FMMOS,DY-NA,Washington,DC,"Washington, DC",Washington,DC,FMMOS,FMMOS - non-mars,03/30/2021 14:16:00,2007,2007-DEC,3.84,component,lmprs,
Dec,2007,,Southwest,126.0,3.67,Producer Milk Components,AMS_3462,3462,Dairy FMMOS,DY-NA,Washington,DC,"Washington, DC",Washington,DC,FMMOS,FMMOS - non-mars,03/30/2021 14:16:00,2007,2007-DEC,3.82,component,lmprs,
Dec,2007,,Southeast,7.0,3.67,Producer Milk Components,AMS_3462,3462,Dairy FMMOS,DY-NA,Washington,DC,"Washington, DC",Washington,DC,FMMOS,FMMOS - non-mars,03/30/2021 14:16:00,2007,2007-DEC,3.81,component,lmprs,
Dec,2007,,Northeast,1.0,3.70,Producer Milk Components,AMS_3462,3462,Dairy FMMOS,DY-NA,Washington,DC,"Washington, DC",Washington,DC,FMMOS,FMMOS - non-mars,03/30/2021 14:16:00,2007,2007-DEC,3.84,component,lmprs,
Dec,2007,,Pacific Northwest,124.0,3.70,Producer Milk Components,AMS_3462,3462,Dairy FMMOS,DY-NA,Washington,DC,"Washington, DC",Washington,DC,FMMOS,FMMOS - non-mars,03/30/2021 14:16:00,2007,2007-DEC,3.80,component,lmprs,
Dec,2007,,Mideast,33.0,3.67,Producer Milk Components,AMS_3462,3462,Dairy FMMOS,DY-NA,Washington,DC,"Washington, DC",Washington,DC,FMMOS,FMMOS - non-mars,03/30/2021 14:16:00,2007,2007-DEC,3.84,component,lmprs,
Dec,2007,,Florida,6.0,3.63,Producer Milk Components,AMS_3462,3462,Dairy FMMOS,DY-NA,Washington,DC,"Washington, DC",Washington,DC,FMMOS,FMMOS - non-mars,03/30/2021 14:16:00,2007,2007-DEC,3.65,component,lmprs,
Dec,2007,,Central,32.0,3.68,Producer Milk Components,AMS_3462,3462,Dairy FMMOS,DY-NA,Washington,DC,"Washington, DC",Washington,DC,FMMOS,FMMOS - non-mars,03/30/2021 14:16:00,2007,2007-DEC,3.80,component,lmprs,
Dec,2007,,Appalachian,5.0,3.67,Producer Milk Components,AMS_3462,3462,Dairy FMMOS,DY-NA,Washington,DC,"Washington, DC",Washington,DC,FMMOS,FMMOS - non-mars,03/30/2021 14:16:00,2007,2007-DEC,3.81,component,lmprs,
Dec,2007,,Arizona,131.0,3.60,Producer Milk Components,AMS_3462,3462,Dairy FMMOS,DY-NA,Washington,DC,"Washington, DC",Washington,DC,FMMOS,FMMOS - non-mars,03/30/2021 14:16:00,2007,2007-DEC,3.72,component,lmprs,
Dec,2007,,All Markets Combined,,3.68,Producer Milk Components,AMS_3462,3462,Dairy FMMOS,DY-NA,Washington,DC,"Washington, DC",Washington,DC,FMMOS,FMMOS - non-mars,03/30/2021 14:16:00,2007,2007-DEC,3.82,component,lmprs,
Dec,2008,,All Markets Combined,,3.69,Producer Milk Components,AMS_3462,3462,Dairy FMMOS,DY-NA,Washington,DC,"Washington, DC",Washington,DC,FMMOS,FMMOS - non-mars,03/30/2021 14:15:00,2008,2008-DEC,3.80,component,lmprs,
Dec,2008,,Arizona,131.0,3.56,Producer Milk Components,AMS_3462,3462,Dairy FMMOS,DY-NA,Washington,DC,"Washington, DC",Washington,DC,FMMOS,FMMOS - non-mars,03/30/2021 14:15:00,2008,2008-DEC,3.61,component,lmprs,
Dec,2008,,Appalachian,5.0,3.69,Producer Milk Components,AMS_3462,3462,Dairy FMMOS,DY-NA,Washington,DC,"Washington, DC",Washington,DC,FMMOS,FMMOS - non-mars,03/30/2021 14:15:00,2008,2008-DEC,3.83,component,lmprs,
Dec,2008,,Central,32.0,3.65,Producer Milk Components,AMS_3462,3462,Dairy FMMOS,DY-NA,Washington,DC,"Washington, DC",Washington,DC,FMMOS,FMMOS - non-mars,03/30/2021 14:15:00,2008,2008-DEC,3.75,component,lmprs,
Dec,2008,,Florida,6.0,3.60,Producer Milk Components,AMS_3462,3462,Dairy FMMOS,DY-NA,Washington,DC,"Washington, DC",Washington,DC,FMMOS,FMMOS - non-mars,03/30/2021 14:15:00,2008,2008-DEC,3.69,component,lmprs,
Dec,2008,,Mideast,33.0,3.70,Producer Milk Components,AMS_3462,3462,Dairy FMMOS,DY-NA,Washington,DC,"Washington, DC",Washington,DC,FMMOS,FMMOS - non-mars,03/30/2021 14:15:00,2008,2008-DEC,3.86,component,lmprs,
Dec,2008,,Pacific Northwest,124.0,3.67,Producer Milk Components,AMS_3462,3462,Dairy FMMOS,DY-NA,Washington,DC,"Washington, DC",Washington,DC,FMMOS,FMMOS - non-mars,03/30/2021 14:15:00,2008,2008-DEC,3.78,component,lmprs,
Dec,2008,,Northeast,1.0,3.73,Producer Milk Components,AMS_3462,3462,Dairy FMMOS,DY-NA,Washington,DC,"Washington, DC",Washington,DC,FMMOS,FMMOS - non-mars,03/30/2021 14:15:00,2008,2008-DEC,3.84,component,lmprs,
Dec,2008,,Southeast,7.0,3.67,Producer Milk Components,AMS_3462,3462,Dairy FMMOS,DY-NA,Washington,DC,"Washington, DC",Washington,DC,FMMOS,FMMOS - non-mars,03/30/2021 14:15:00,2008,2008-DEC,3.80,component,lmprs,
Dec,2008,,Southwest,126.0,3.63,Producer Milk Components,AMS_3462,3462,Dairy FMMOS,DY-NA,Washington,DC,"Washington, DC",Washington,DC,FMMOS,FMMOS - non-mars,03/30/2021 14:15:00,2008,2008-DEC,3.76,component,lmprs,
Dec,2008,,Upper Midwest,30.0,3.72,Producer Milk Components,AMS_3462,3462,Dairy FMMOS,DY-NA,Washington,DC,"Washington, DC",Washington,DC,FMMOS,FMMOS - non-mars,03/30/2021 14:15:00,2008,2008-DEC,3.83,component,lmprs,
Dec,2009,,Upper Midwest,30.0,3.70,Producer Milk Components,AMS_3462,3462,Dairy FMMOS,DY-NA,Washington,DC,"Washington, DC",Washington,DC,FMMOS,FMMOS - non-mars,03/30/2021 14:15:00,2009,2009-DEC,3.78,component,lmprs,
Dec,2009,,Southwest,126.0,3.58,Producer Milk Components,AMS_3462,3462,Dairy FMMOS,DY-NA,Washington,DC,"Washington, DC",Washington,DC,FMMOS,FMMOS - non-mars,03/30/2021 14:15:00,2009,2009-DEC,3.75,component,lmprs,
Dec,2009,,Southeast,7.0,3.65,Producer Milk Components,AMS_3462,3462,Dairy FMMOS,DY-NA,Washington,DC,"Washington, DC",Washington,DC,FMMOS,FMMOS - non-mars,03/30/2021 14:15:00,2009,2009-DEC,3.80,component,lmprs,
Dec,2009,,Northeast,1.0,3.72,Producer Milk Components,AMS_3462,3462,Dairy FMMOS,DY-NA,Washington,DC,"Washington, DC",Washington,DC,FMMOS,FMMOS - non-mars,03/30/2021 14:15:00,2009,2009-DEC,3.80,component,lmprs,
Dec,2009,,Pacific Northwest,124.0,3.71,Producer Milk Components,AMS_3462,3462,Dairy FMMOS,DY-NA,Washington,DC,"Washington, DC",Washington,DC,FMMOS,FMMOS - non-mars,03/30/2021 14:15:00,2009,2009-DEC,3.85,component,lmprs,
Dec,2009,,Mideast,33.0,3.69,Producer Milk Components,AMS_3462,3462,Dairy FMMOS,DY-NA,Washington,DC,"Washington, DC",Washington,DC,FMMOS,FMMOS - non-mars,03/30/2021 14:15:00,2009,2009-DEC,3.78,component,lmprs,
Dec,2009,,Florida,6.0,3.59,Producer Milk Components,AMS_3462,3462,Dairy FMMOS,DY-NA,Washington,DC,"Washington, DC",Washington,DC,FMMOS,FMMOS - non-mars,03/30/2021 14:15:00,2009,2009-DEC,3.63,component,lmprs,
Dec,2009,,Central,32.0,3.61,Producer Milk Components,AMS_3462,3462,Dairy FMMOS,DY-NA,Washington,DC,"Washington, DC",Washington,DC,FMMOS,FMMOS - non-mars,03/30/2021 14:15:00,2009,2009-DEC,3.75,component,lmprs,
Dec,2009,,Appalachian,5.0,3.68,Producer Milk Components,AMS_3462,3462,Dairy FMMOS,DY-NA,Washington,DC,"Washington, DC",Washington,DC,FMMOS,FMMOS - non-mars,03/30/2021 14:15:00,2009,2009-DEC,3.77,component,lmprs,
Dec,2009,,Arizona,131.0,3.49,Producer Milk Components,AMS_3462,3462,Dairy FMMOS,DY-NA,Washington,DC,"Washington, DC",Washington,DC,FMMOS,FMMOS - non-mars,03/30/2021 14:15:00,2009,2009-DEC,3.63,component,lmprs,
Dec,2009,,All Markets Combined,,3.67,Producer Milk Components,AMS_3462,3462,Dairy FMMOS,DY-NA,Washington,DC,"Washington, DC",Washington,DC,FMMOS,FMMOS - non-mars,03/30/2021 14:15:00,2009,2009-DEC,3.77,component,lmprs,
Dec,2010,,All Markets Combined,,3.66,Producer Milk Components,AMS_3462,3462,Dairy FMMOS,DY-NA,Washington,DC,"Washington, DC",Washington,DC,FMMOS,FMMOS - non-mars,03/30/2021 14:14:00,2010,2010-DEC,3.85,component,lmprs,
Dec,2010,,Arizona,131.0,3.50,Producer Milk Components,AMS_3462,3462,Dairy FMMOS,DY-NA,Washington,DC,"Washington, DC",Washington,DC,FMMOS,FMMOS - non-mars,03/30/2021 14:14:00,2010,2010-DEC,3.70,component,lmprs,
Dec,2010,,Appalachian,5.0,3.65,Producer Milk Components,AMS_3462,3462,Dairy FMMOS,DY-NA,Washington,DC,"Washington, DC",Washington,DC,FMMOS,FMMOS - non-mars,03/30/2021 14:14:00,2010,2010-DEC,3.89,component,lmprs,
Dec,2010,,Central,32.0,3.60,Producer Milk Components,AMS_3462,3462,Dairy FMMOS,DY-NA,Washington,DC,"Washington, DC",Washington,DC,FMMOS,FMMOS - non-mars,03/30/2021 14:14:00,2010,2010-DEC,3.82,component,lmprs,
Dec,2010,,Florida,6.0,3.60,Producer Milk Components,AMS_3462,3462,Dairy FMMOS,DY-NA,Washington,DC,"Washington, DC",Washington,DC,FMMOS,FMMOS - non-mars,03/30/2021 14:14:00,2010,2010-DEC,3.77,component,lmprs,
Dec,2010,,Mideast,33.0,3.66,Producer Milk Components,AMS_3462,3462,Dairy FMMOS,DY-NA,Washington,DC,"Washington, DC",Washington,DC,FMMOS,FMMOS - non-mars,03/30/2021 14:14:00,2010,2010-DEC,3.87,component,lmprs,
Dec,2010,,Pacific Northwest,124.0,3.73,Producer Milk Components,AMS_3462,3462,Dairy FMMOS,DY-NA,Washington,DC,"Washington, DC",Washington,DC,FMMOS,FMMOS - non-mars,03/30/2021 14:14:00,2010,2010-DEC,3.94,component,lmprs,
Dec,2010,,Northeast,1.0,3.69,Producer Milk Components,AMS_3462,3462,Dairy FMMOS,DY-NA,Washington,DC,"Washington, DC",Washington,DC,FMMOS,FMMOS - non-mars,03/30/2021 14:14:00,2010,2010-DEC,3.86,component,lmprs,
Dec,2010,,Southeast,7.0,3.66,Producer Milk Components,AMS_3462,3462,Dairy FMMOS,DY-NA,Washington,DC,"Washington, DC",Washington,DC,FMMOS,FMMOS - non-mars,03/30/2021 14:14:00,2010,2010-DEC,3.89,component,lmprs,
Dec,2010,,Southwest,126.0,3.60,Producer Milk Components,AMS_3462,3462,Dairy FMMOS,DY-NA,Washington,DC,"Washington, DC",Washington,DC,FMMOS,FMMOS - non-mars,03/30/2021 14:14:00,2010,2010-DEC,3.83,component,lmprs,
Dec,2010,,Upper Midwest,30.0,3.68,Producer Milk Components,AMS_3462,3462,Dairy FMMOS,DY-NA,Washington,DC,"Washington, DC",Washington,DC,FMMOS,FMMOS - non-mars,03/30/2021 14:14:00,2010,2010-DEC,3.85,component,lmprs,
Dec,2011,,Southwest,126.0,3.65,Producer Milk Components,AMS_3462,3462,Dairy FMMOS,DY-NA,Washington,DC,"Washington, DC",Washington,DC,FMMOS,FMMOS - non-mars,03/30/2021 14:14:00,2011,2011-DEC,3.80,component,lmprs,
Dec,2011,,Upper Midwest,30.0,3.73,Producer Milk Components,AMS_3462,3462,Dairy FMMOS,DY-NA,Washington,DC,"Washington, DC",Washington,DC,FMMOS,FMMOS - non-mars,03/30/2021 14:14:00,2011,2011-DEC,3.86,component,lmprs,
Dec,2011,,Southeast,7.0,3.71,Producer Milk Components,AMS_3462,3462,Dairy FMMOS,DY-NA,Washington,DC,"Washington, DC",Washington,DC,FMMOS,FMMOS - non-mars,03/30/2021 14:14:00,2011,2011-DEC,3.82,component,lmprs,
Dec,2011,,Pacific Northwest,124.0,3.77,Producer Milk Components,AMS_3462,3462,Dairy FMMOS,DY-NA,Washington,DC,"Washington, DC",Washington,DC,FMMOS,FMMOS - non-mars,03/30/2021 14:14:00,2011,2011-DEC,3.89,component,lmprs,
Dec,2011,,Mideast,33.0,3.70,Producer Milk Components,AMS_3462,3462,Dairy FMMOS,DY-NA,Washington,DC,"Washington, DC",Washington,DC,FMMOS,FMMOS - non-mars,03/30/2021 14:14:00,2011,2011-DEC,3.79,component,lmprs,
Dec,2011,,Northeast,1.0,3.73,Producer Milk Components,AMS_3462,3462,Dairy FMMOS,DY-NA,Washington,DC,"Washington, DC",Washington,DC,FMMOS,FMMOS - non-mars,03/30/2021 14:14:00,2011,2011-DEC,3.82,component,lmprs,
Dec,2011,,Florida,6.0,3.67,Producer Milk Components,AMS_3462,3462,Dairy FMMOS,DY-NA,Washington,DC,"Washington, DC",Washington,DC,FMMOS,FMMOS - non-mars,03/30/2021 14:14:00,2011,2011-DEC,3.69,component,lmprs,
Dec,2011,,Central,32.0,3.67,Producer Milk Components,AMS_3462,3462,Dairy FMMOS,DY-NA,Washington,DC,"Washington, DC",Washington,DC,FMMOS,FMMOS - non-mars,03/30/2021 14:14:00,2011,2011-DEC,3.85,component,lmprs,
Dec,2011,,Appalachian,5.0,3.69,Producer Milk Components,AMS_3462,3462,Dairy FMMOS,DY-NA,Washington,DC,"Washington, DC",Washington,DC,FMMOS,FMMOS - non-mars,03/30/2021 14:14:00,2011,2011-DEC,3.79,component,lmprs,
Dec,2011,,Arizona,131.0,3.55,Producer Milk Components,AMS_3462,3462,Dairy FMMOS,DY-NA,Washington,DC,"Washington, DC",Washington,DC,FMMOS,FMMOS - non-mars,03/30/2021 14:14:00,2011,2011-DEC,3.68,component,lmprs,
Dec,2011,,All Markets Combined,,3.70,Producer Milk Components,AMS_3462,3462,Dairy FMMOS,DY-NA,Washington,DC,"Washington, DC",Washington,DC,FMMOS,FMMOS - non-mars,03/30/2021 14:14:00,2011,2011-DEC,3.82,component,lmprs,
Dec,2012,,All Markets Combined,,3.71,Producer Milk Components,AMS_3462,3462,Dairy FMMOS,DY-NA,Washington,DC,"Washington, DC",Washington,DC,FMMOS,FMMOS - non-mars,03/30/2021 14:13:00,2012,2012-DEC,3.85,component,lmprs,
Dec,2012,,Arizona,131.0,3.55,Producer Milk Components,AMS_3462,3462,Dairy FMMOS,DY-NA,Washington,DC,"Washington, DC",Washington,DC,FMMOS,FMMOS - non-mars,03/30/2021 14:13:00,2012,2012-DEC,3.64,component,lmprs,
Dec,2012,,Appalachian,5.0,3.69,Producer Milk Components,AMS_3462,3462,Dairy FMMOS,DY-NA,Washington,DC,"Washington, DC",Washington,DC,FMMOS,FMMOS - non-mars,03/30/2021 14:13:00,2012,2012-DEC,3.81,component,lmprs,
Dec,2012,,Central,32.0,3.69,Producer Milk Components,AMS_3462,3462,Dairy FMMOS,DY-NA,Washington,DC,"Washington, DC",Washington,DC,FMMOS,FMMOS - non-mars,03/30/2021 14:13:00,2012,2012-DEC,3.85,component,lmprs,
Dec,2012,,Florida,6.0,3.66,Producer Milk Components,AMS_3462,3462,Dairy FMMOS,DY-NA,Washington,DC,"Washington, DC",Washington,DC,FMMOS,FMMOS - non-mars,03/30/2021 14:13:00,2012,2012-DEC,3.72,component,lmprs,
Dec,2012,,Northeast,1.0,3.73,Producer Milk Components,AMS_3462,3462,Dairy FMMOS,DY-NA,Washington,DC,"Washington, DC",Washington,DC,FMMOS,FMMOS - non-mars,03/30/2021 14:13:00,2012,2012-DEC,3.84,component,lmprs,
Dec,2012,,Mideast,33.0,3.69,Producer Milk Components,AMS_3462,3462,Dairy FMMOS,DY-NA,Washington,DC,"Washington, DC",Washington,DC,FMMOS,FMMOS - non-mars,03/30/2021 14:13:00,2012,2012-DEC,3.84,component,lmprs,
Dec,2012,,Pacific Northwest,124.0,3.81,Producer Milk Components,AMS_3462,3462,Dairy FMMOS,DY-NA,Washington,DC,"Washington, DC",Washington,DC,FMMOS,FMMOS - non-mars,03/30/2021 14:13:00,2012,2012-DEC,4.01,component,lmprs,
Dec,2012,,Southeast,7.0,3.70,Producer Milk Components,AMS_3462,3462,Dairy FMMOS,DY-NA,Washington,DC,"Washington, DC",Washington,DC,FMMOS,FMMOS - non-mars,03/30/2021 14:13:00,2012,2012-DEC,3.84,component,lmprs,
Dec,2012,,Upper Midwest,30.0,3.76,Producer Milk Components,AMS_3462,3462,Dairy FMMOS,DY-NA,Washington,DC,"Washington, DC",Washington,DC,FMMOS,FMMOS - non-mars,03/30/2021 14:13:00,2012,2012-DEC,3.89,component,lmprs,
Dec,2012,,Southwest,126.0,3.65,Producer Milk Components,AMS_3462,3462,Dairy FMMOS,DY-NA,Washington,DC,"Washington, DC",Washington,DC,FMMOS,FMMOS - non-mars,03/30/2021 14:13:00,2012,2012-DEC,3.80,component,lmprs,
Dec,2013,,Southwest,126.0,3.69,Producer Milk Components,AMS_3462,3462,Dairy FMMOS,DY-NA,Washington,DC,"Washington, DC",Washington,DC,FMMOS,FMMOS - non-mars,03/30/2021 14:13:00,2013,2013-DEC,3.85,component,lmprs,
Dec,2013,,Upper Midwest,30.0,3.81,Producer Milk Components,AMS_3462,3462,Dairy FMMOS,DY-NA,Washington,DC,"Washington, DC",Washington,DC,FMMOS,FMMOS - non-mars,03/30/2021 14:13:00,2013,2013-DEC,3.92,component,lmprs,
Dec,2013,,Southeast,7.0,3.72,Producer Milk Components,AMS_3462,3462,Dairy FMMOS,DY-NA,Washington,DC,"Washington, DC",Washington,DC,FMMOS,FMMOS - non-mars,03/30/2021 14:13:00,2013,2013-DEC,3.82,component,lmprs,
Dec,2013,,Pacific Northwest,124.0,3.88,Producer Milk Components,AMS_3462,3462,Dairy FMMOS,DY-NA,Washington,DC,"Washington, DC",Washington,DC,FMMOS,FMMOS - non-mars,03/30/2021 14:13:00,2013,2013-DEC,4.08,component,lmprs,
Dec,2013,,Mideast,33.0,3.76,Producer Milk Components,AMS_3462,3462,Dairy FMMOS,DY-NA,Washington,DC,"Washington, DC",Washington,DC,FMMOS,FMMOS - non-mars,03/30/2021 14:13:00,2013,2013-DEC,3.91,component,lmprs,
Dec,2013,,Northeast,1.0,3.76,Producer Milk Components,AMS_3462,3462,Dairy FMMOS,DY-NA,Washington,DC,"Washington, DC",Washington,DC,FMMOS,FMMOS - non-mars,03/30/2021 14:13:00,2013,2013-DEC,3.90,component,lmprs,
Dec,2013,,Florida,6.0,3.64,Producer Milk Components,AMS_3462,3462,Dairy FMMOS,DY-NA,Washington,DC,"Washington, DC",Washington,DC,FMMOS,FMMOS - non-mars,03/30/2021 14:13:00,2013,2013-DEC,3.62,component,lmprs,
Dec,2013,,Central,32.0,3.75,Producer Milk Components,AMS_3462,3462,Dairy FMMOS,DY-NA,Washington,DC,"Washington, DC",Washington,DC,FMMOS,FMMOS - non-mars,03/30/2021 14:13:00,2013,2013-DEC,3.88,component,lmprs,
Dec,2013,,Arizona,131.0,3.52,Producer Milk Components,AMS_3462,3462,Dairy FMMOS,DY-NA,Washington,DC,"Washington, DC",Washington,DC,FMMOS,FMMOS - non-mars,03/30/2021 14:13:00,2013,2013-DEC,3.62,component,lmprs,
Dec,2013,,All Markets Combined,,3.76,Producer Milk Components,AMS_3462,3462,Dairy FMMOS,DY-NA,Washington,DC,"Washington, DC",Washington,DC,FMMOS,FMMOS - non-mars,03/30/2021 14:13:00,2013,2013-DEC,3.88,component,lmprs,
Dec,2013,,Appalachian,5.0,3.71,Producer Milk Components,AMS_3462,3462,Dairy FMMOS,DY-NA,Washington,DC,"Washington, DC",Washington,DC,FMMOS,FMMOS - non-mars,03/30/2021 14:13:00,2013,2013-DEC,3.79,component,lmprs,
Dec,2014,,Appalachian,5.0,3.65,Producer Milk Components,AMS_3462,3462,Dairy FMMOS,DY-NA,Washington,DC,"Washington, DC",Washington,DC,FMMOS,FMMOS - non-mars,03/30/2021 14:13:00,2014,2014-DEC,3.79,component,lmprs,
Dec,2014,,All Markets Combined,,3.74,Producer Milk Components,AMS_3462,3462,Dairy FMMOS,DY-NA,Washington,DC,"Washington, DC",Washington,DC,FMMOS,FMMOS - non-mars,03/30/2021 14:13:00,2014,2014-DEC,3.86,component,lmprs,
Dec,2014,,Arizona,131.0,3.47,Producer Milk Components,AMS_3462,3462,Dairy FMMOS,DY-NA,Washington,DC,"Washington, DC",Washington,DC,FMMOS,FMMOS - non-mars,03/30/2021 14:13:00,2014,2014-DEC,3.57,component,lmprs,
Dec,2014,,Central,32.0,3.73,Producer Milk Components,AMS_3462,3462,Dairy FMMOS,DY-NA,Washington,DC,"Washington, DC",Washington,DC,FMMOS,FMMOS - non-mars,03/30/2021 14:13:00,2014,2014-DEC,3.88,component,lmprs,
Dec,2014,,Florida,6.0,3.60,Producer Milk Components,AMS_3462,3462,Dairy FMMOS,DY-NA,Washington,DC,"Washington, DC",Washington,DC,FMMOS,FMMOS - non-mars,03/30/2021 14:13:00,2014,2014-DEC,3.65,component,lmprs,
Dec,2014,,Northeast,1.0,3.78,Producer Milk Components,AMS_3462,3462,Dairy FMMOS,DY-NA,Washington,DC,"Washington, DC",Washington,DC,FMMOS,FMMOS - non-mars,03/30/2021 14:13:00,2014,2014-DEC,3.90,component,lmprs,
Dec,2014,,Mideast,33.0,3.75,Producer Milk Components,AMS_3462,3462,Dairy FMMOS,DY-NA,Washington,DC,"Washington, DC",Washington,DC,FMMOS,FMMOS - non-mars,03/30/2021 14:13:00,2014,2014-DEC,3.84,component,lmprs,
Dec,2014,,Pacific Northwest,124.0,3.88,Producer Milk Components,AMS_3462,3462,Dairy FMMOS,DY-NA,Washington,DC,"Washington, DC",Washington,DC,FMMOS,FMMOS - non-mars,03/30/2021 14:13:00,2014,2014-DEC,4.08,component,lmprs,
Dec,2014,,Southeast,7.0,3.66,Producer Milk Components,AMS_3462,3462,Dairy FMMOS,DY-NA,Washington,DC,"Washington, DC",Washington,DC,FMMOS,FMMOS - non-mars,03/30/2021 14:13:00,2014,2014-DEC,3.78,component,lmprs,
Dec,2014,,Upper Midwest,30.0,3.80,Producer Milk Components,AMS_3462,3462,Dairy FMMOS,DY-NA,Washington,DC,"Washington, DC",Washington,DC,FMMOS,FMMOS - non-mars,03/30/2021 14:13:00,2014,2014-DEC,3.88,component,lmprs,
Dec,2014,,Southwest,126.0,3.67,Producer Milk Components,AMS_3462,3462,Dairy FMMOS,DY-NA,Washington,DC,"Washington, DC",Washington,DC,FMMOS,FMMOS - non-mars,03/30/2021 14:13:00,2014,2014-DEC,3.83,component,lmprs,
Dec,2015,,Southwest,126.0,3.73,Producer Milk Components,AMS_3462,3462,Dairy FMMOS,DY-NA,Washington,DC,"Washington, DC",Washington,DC,FMMOS,FMMOS - non-mars,03/30/2021 14:12:00,2015,2015-DEC,3.89,component,lmprs,
Dec,2015,,Upper Midwest,30.0,3.80,Producer Milk Components,AMS_3462,3462,Dairy FMMOS,DY-NA,Washington,DC,"Washington, DC",Washington,DC,FMMOS,FMMOS - non-mars,03/30/2021 14:12:00,2015,2015-DEC,3.90,component,lmprs,
Dec,2015,,Southeast,7.0,3.68,Producer Milk Components,AMS_3462,3462,Dairy FMMOS,DY-NA,Washington,DC,"Washington, DC",Washington,DC,FMMOS,FMMOS - non-mars,03/30/2021 14:12:00,2015,2015-DEC,3.78,component,lmprs,
Dec,2015,,Pacific Northwest,124.0,3.92,Producer Milk Components,AMS_3462,3462,Dairy FMMOS,DY-NA,Washington,DC,"Washington, DC",Washington,DC,FMMOS,FMMOS - non-mars,03/30/2021 14:12:00,2015,2015-DEC,4.14,component,lmprs,
Dec,2015,,Mideast,33.0,3.72,Producer Milk Components,AMS_3462,3462,Dairy FMMOS,DY-NA,Washington,DC,"Washington, DC",Washington,DC,FMMOS,FMMOS - non-mars,03/30/2021 14:12:00,2015,2015-DEC,3.80,component,lmprs,
Dec,2015,,Northeast,1.0,3.78,Producer Milk Components,AMS_3462,3462,Dairy FMMOS,DY-NA,Washington,DC,"Washington, DC",Washington,DC,FMMOS,FMMOS - non-mars,03/30/2021 14:12:00,2015,2015-DEC,3.86,component,lmprs,
Dec,2015,,Florida,6.0,3.60,Producer Milk Components,AMS_3462,3462,Dairy FMMOS,DY-NA,Washington,DC,"Washington, DC",Washington,DC,FMMOS,FMMOS - non-mars,03/30/2021 14:12:00,2015,2015-DEC,3.62,component,lmprs,
Dec,2015,,Central,32.0,3.76,Producer Milk Components,AMS_3462,3462,Dairy FMMOS,DY-NA,Washington,DC,"Washington, DC",Washington,DC,FMMOS,FMMOS - non-mars,03/30/2021 14:12:00,2015,2015-DEC,3.93,component,lmprs,
Dec,2015,,Arizona,131.0,3.47,Producer Milk Components,AMS_3462,3462,Dairy FMMOS,DY-NA,Washington,DC,"Washington, DC",Washington,DC,FMMOS,FMMOS - non-mars,03/30/2021 14:12:00,2015,2015-DEC,3.62,component,lmprs,
Dec,2015,,All Markets Combined,,3.75,Producer Milk Components,AMS_3462,3462,Dairy FMMOS,DY-NA,Washington,DC,"Washington, DC",Washington,DC,FMMOS,FMMOS - non-mars,03/30/2021 14:12:00,2015,2015-DEC,3.87,component,lmprs,
Dec,2015,,Appalachian,5.0,3.67,Producer Milk Components,AMS_3462,3462,Dairy FMMOS,DY-NA,Washington,DC,"Washington, DC",Washington,DC,FMMOS,FMMOS - non-mars,03/30/2021 14:12:00,2015,2015-DEC,3.77,component,lmprs,
Dec,2016,,Appalachian,5.0,3.71,Producer Milk Components,AMS_3462,3462,Dairy FMMOS,DY-NA,Washington,DC,"Washington, DC",Washington,DC,FMMOS,FMMOS - non-mars,03/30/2021 14:12:00,2016,2016-DEC,3.91,component,lmprs,
Dec,2016,,All Markets Combined,,3.77,Producer Milk Components,AMS_3462,3462,Dairy FMMOS,DY-NA,Washington,DC,"Washington, DC",Washington,DC,FMMOS,FMMOS - non-mars,03/30/2021 14:12:00,2016,2016-DEC,3.94,component,lmprs,
Dec,2016,,Arizona,131.0,3.54,Producer Milk Components,AMS_3462,3462,Dairy FMMOS,DY-NA,Washington,DC,"Washington, DC",Washington,DC,FMMOS,FMMOS - non-mars,03/30/2021 14:12:00,2016,2016-DEC,3.69,component,lmprs,
Dec,2016,,Central,32.0,3.76,Producer Milk Components,AMS_3462,3462,Dairy FMMOS,DY-NA,Washington,DC,"Washington, DC",Washington,DC,FMMOS,FMMOS - non-mars,03/30/2021 14:12:00,2016,2016-DEC,3.94,component,lmprs,
Dec,2016,,Florida,6.0,3.62,Producer Milk Components,AMS_3462,3462,Dairy FMMOS,DY-NA,Washington,DC,"Washington, DC",Washington,DC,FMMOS,FMMOS - non-mars,03/30/2021 14:12:00,2016,2016-DEC,3.70,component,lmprs,
Dec,2016,,Northeast,1.0,3.81,Producer Milk Components,AMS_3462,3462,Dairy FMMOS,DY-NA,Washington,DC,"Washington, DC",Washington,DC,FMMOS,FMMOS - non-mars,03/30/2021 14:12:00,2016,2016-DEC,3.96,component,lmprs,
Dec,2016,,Mideast,33.0,3.73,Producer Milk Components,AMS_3462,3462,Dairy FMMOS,DY-NA,Washington,DC,"Washington, DC",Washington,DC,FMMOS,FMMOS - non-mars,03/30/2021 14:12:00,2016,2016-DEC,3.91,component,lmprs,
Dec,2016,,Pacific Northwest,124.0,3.95,Producer Milk Components,AMS_3462,3462,Dairy FMMOS,DY-NA,Washington,DC,"Washington, DC",Washington,DC,FMMOS,FMMOS - non-mars,03/30/2021 14:12:00,2016,2016-DEC,4.15,component,lmprs,
Dec,2016,,Southeast,7.0,3.69,Producer Milk Components,AMS_3462,3462,Dairy FMMOS,DY-NA,Washington,DC,"Washington, DC",Washington,DC,FMMOS,FMMOS - non-mars,03/30/2021 14:12:00,2016,2016-DEC,3.89,component,lmprs,
Dec,2016,,Upper Midwest,30.0,3.82,Producer Milk Components,AMS_3462,3462,Dairy FMMOS,DY-NA,Washington,DC,"Washington, DC",Washington,DC,FMMOS,FMMOS - non-mars,03/30/2021 14:12:00,2016,2016-DEC,3.95,component,lmprs,
Dec,2016,,Southwest,126.0,3.75,Producer Milk Components,AMS_3462,3462,Dairy FMMOS,DY-NA,Washington,DC,"Washington, DC",Washington,DC,FMMOS,FMMOS - non-mars,03/30/2021 14:12:00,2016,2016-DEC,3.94,component,lmprs,
Dec,2017,,Southwest,126.0,3.86,Producer Milk Components,AMS_3462,3462,Dairy FMMOS,DY-NA,Washington,DC,"Washington, DC",Washington,DC,FMMOS,FMMOS - non-mars,03/30/2021 14:11:00,2017,2017-DEC,4.01,component,lmprs,
Dec,2017,,Upper Midwest,30.0,3.84,Producer Milk Components,AMS_3462,3462,Dairy FMMOS,DY-NA,Washington,DC,"Washington, DC",Washington,DC,FMMOS,FMMOS - non-mars,03/30/2021 14:11:00,2017,2017-DEC,4.01,component,lmprs,
Dec,2017,,Southeast,7.0,3.74,Producer Milk Components,AMS_3462,3462,Dairy FMMOS,DY-NA,Washington,DC,"Washington, DC",Washington,DC,FMMOS,FMMOS - non-mars,03/30/2021 14:11:00,2017,2017-DEC,3.87,component,lmprs,
Dec,2017,,Pacific Northwest,124.0,3.99,Producer Milk Components,AMS_3462,3462,Dairy FMMOS,DY-NA,Washington,DC,"Washington, DC",Washington,DC,FMMOS,FMMOS - non-mars,03/30/2021 14:11:00,2017,2017-DEC,4.12,component,lmprs,
Dec,2017,,Mideast,33.0,3.78,Producer Milk Components,AMS_3462,3462,Dairy FMMOS,DY-NA,Washington,DC,"Washington, DC",Washington,DC,FMMOS,FMMOS - non-mars,03/30/2021 14:11:00,2017,2017-DEC,3.95,component,lmprs,
Dec,2017,,Northeast,1.0,3.85,Producer Milk Components,AMS_3462,3462,Dairy FMMOS,DY-NA,Washington,DC,"Washington, DC",Washington,DC,FMMOS,FMMOS - non-mars,03/30/2021 14:11:00,2017,2017-DEC,3.97,component,lmprs,
Dec,2017,,Florida,6.0,3.69,Producer Milk Components,AMS_3462,3462,Dairy FMMOS,DY-NA,Washington,DC,"Washington, DC",Washington,DC,FMMOS,FMMOS - non-mars,03/30/2021 14:11:00,2017,2017-DEC,3.74,component,lmprs,
Dec,2017,,Central,32.0,3.82,Producer Milk Components,AMS_3462,3462,Dairy FMMOS,DY-NA,Washington,DC,"Washington, DC",Washington,DC,FMMOS,FMMOS - non-mars,03/30/2021 14:11:00,2017,2017-DEC,3.96,component,lmprs,
Dec,2017,,Arizona,131.0,3.62,Producer Milk Components,AMS_3462,3462,Dairy FMMOS,DY-NA,Washington,DC,"Washington, DC",Washington,DC,FMMOS,FMMOS - non-mars,03/30/2021 14:11:00,2017,2017-DEC,3.72,component,lmprs,
Dec,2017,,All Markets Combined,,3.82,Producer Milk Components,AMS_3462,3462,Dairy FMMOS,DY-NA,Washington,DC,"Washington, DC",Washington,DC,FMMOS,FMMOS - non-mars,03/30/2021 14:11:00,2017,2017-DEC,3.97,component,lmprs,
Dec,2017,,Appalachian,5.0,3.76,Producer Milk Components,AMS_3462,3462,Dairy FMMOS,DY-NA,Washington,DC,"Washington, DC",Washington,DC,FMMOS,FMMOS - non-mars,03/30/2021 14:11:00,2017,2017-DEC,3.90,component,lmprs,
Dec,2018,,Appalachian,5.0,3.79,Producer Milk Components,AMS_3462,3462,Dairy FMMOS,DY-NA,Washington,DC,"Washington, DC",Washington,DC,FMMOS,FMMOS - non-mars,03/30/2021 14:09:00,2018,2018-DEC,3.94,component,lmprs,
Dec,2018,,All Markets Combined,,3.88,Producer Milk Components,AMS_3462,3462,Dairy FMMOS,DY-NA,Washington,DC,"Washington, DC",Washington,DC,FMMOS,FMMOS - non-mars,03/30/2021 14:09:00,2018,2018-DEC,4.03,component,lmprs,
Dec,2018,,Arizona,131.0,3.66,Producer Milk Components,AMS_3462,3462,Dairy FMMOS,DY-NA,Washington,DC,"Washington, DC",Washington,DC,FMMOS,FMMOS - non-mars,03/30/2021 14:09:00,2018,2018-DEC,3.78,component,lmprs,
Dec,2018,,Central,32.0,3.89,Producer Milk Components,AMS_3462,3462,Dairy FMMOS,DY-NA,Washington,DC,"Washington, DC",Washington,DC,FMMOS,FMMOS - non-mars,03/30/2021 14:09:00,2018,2018-DEC,4.07,component,lmprs,
Dec,2018,,California,51.0,4.01,Producer Milk Components,AMS_3462,3462,Dairy FMMOS,DY-NA,Washington,DC,"Washington, DC",Washington,DC,FMMOS,FMMOS - non-mars,03/30/2021 14:09:00,2018,2018-DEC,4.02,component,lmprs,
Dec,2018,,Florida,6.0,3.68,Producer Milk Components,AMS_3462,3462,Dairy FMMOS,DY-NA,Washington,DC,"Washington, DC",Washington,DC,FMMOS,FMMOS - non-mars,03/30/2021 14:09:00,2018,2018-DEC,3.71,component,lmprs,
Dec,2018,,Northeast,1.0,3.86,Producer Milk Components,AMS_3462,3462,Dairy FMMOS,DY-NA,Washington,DC,"Washington, DC",Washington,DC,FMMOS,FMMOS - non-mars,03/30/2021 14:09:00,2018,2018-DEC,4.01,component,lmprs,
Dec,2018,,Mideast,33.0,3.84,Producer Milk Components,AMS_3462,3462,Dairy FMMOS,DY-NA,Washington,DC,"Washington, DC",Washington,DC,FMMOS,FMMOS - non-mars,03/30/2021 14:09:00,2018,2018-DEC,3.99,component,lmprs,
Dec,2018,,Pacific Northwest,124.0,4.07,Producer Milk Components,AMS_3462,3462,Dairy FMMOS,DY-NA,Washington,DC,"Washington, DC",Washington,DC,FMMOS,FMMOS - non-mars,03/30/2021 14:09:00,2018,2018-DEC,4.25,component,lmprs,
Dec,2018,,Southeast,7.0,3.80,Producer Milk Components,AMS_3462,3462,Dairy FMMOS,DY-NA,Washington,DC,"Washington, DC",Washington,DC,FMMOS,FMMOS - non-mars,03/30/2021 14:09:00,2018,2018-DEC,3.96,component,lmprs,
Dec,2018,,Upper Midwest,30.0,3.92,Producer Milk Components,AMS_3462,3462,Dairy FMMOS,DY-NA,Washington,DC,"Washington, DC",Washington,DC,FMMOS,FMMOS - non-mars,03/30/2021 14:09:00,2018,2018-DEC,4.05,component,lmprs,
Dec,2018,,Southwest,126.0,3.94,Producer Milk Components,AMS_3462,3462,Dairy FMMOS,DY-NA,Washington,DC,"Washington, DC",Washington,DC,FMMOS,FMMOS - non-mars,03/30/2021 14:09:00,2018,2018-DEC,4.10,component,lmprs,
Dec,2019,,Upper Midwest,30.0,3.93,Producer Milk Components,AMS_3462,3462,Dairy FMMOS,DY-NA,Washington,DC,"Washington, DC",Washington,DC,FMMOS,FMMOS - non-mars,03/30/2021 14:09:00,2019,2019-DEC,4.03,component,lmprs,
Dec,2019,,Southeast,7.0,3.80,Producer Milk Components,AMS_3462,3462,Dairy FMMOS,DY-NA,Washington,DC,"Washington, DC",Washington,DC,FMMOS,FMMOS - non-mars,03/30/2021 14:09:00,2019,2019-DEC,3.96,component,lmprs,
Dec,2019,,Southwest,126.0,3.99,Producer Milk Components,AMS_3462,3462,Dairy FMMOS,DY-NA,Washington,DC,"Washington, DC",Washington,DC,FMMOS,FMMOS - non-mars,03/30/2021 14:09:00,2019,2019-DEC,4.17,component,lmprs,
Dec,2019,,Pacific Northwest,124.0,4.08,Producer Milk Components,AMS_3462,3462,Dairy FMMOS,DY-NA,Washington,DC,"Washington, DC",Washington,DC,FMMOS,FMMOS - non-mars,03/30/2021 14:09:00,2019,2019-DEC,4.19,component,lmprs,
Dec,2019,,Northeast,1.0,3.89,Producer Milk Components,AMS_3462,3462,Dairy FMMOS,DY-NA,Washington,DC,"Washington, DC",Washington,DC,FMMOS,FMMOS - non-mars,03/30/2021 14:09:00,2019,2019-DEC,4.02,component,lmprs,
Dec,2019,,Florida,6.0,3.66,Producer Milk Components,AMS_3462,3462,Dairy FMMOS,DY-NA,Washington,DC,"Washington, DC",Washington,DC,FMMOS,FMMOS - non-mars,03/30/2021 14:09:00,2019,2019-DEC,3.74,component,lmprs,
Dec,2019,,Mideast,33.0,3.86,Producer Milk Components,AMS_3462,3462,Dairy FMMOS,DY-NA,Washington,DC,"Washington, DC",Washington,DC,FMMOS,FMMOS - non-mars,03/30/2021 14:09:00,2019,2019-DEC,4.00,component,lmprs,
Dec,2019,,California,51.0,3.86,Producer Milk Components,AMS_3462,3462,Dairy FMMOS,DY-NA,Washington,DC,"Washington, DC",Washington,DC,FMMOS,FMMOS - non-mars,03/30/2021 14:09:00,2019,2019-DEC,3.96,component,lmprs,
Dec,2019,,Central,32.0,3.92,Producer Milk Components,AMS_3462,3462,Dairy FMMOS,DY-NA,Washington,DC,"Washington, DC",Washington,DC,FMMOS,FMMOS - non-mars,03/30/2021 14:09:00,2019,2019-DEC,4.07,component,lmprs,
Dec,2019,,Arizona,131.0,3.74,Producer Milk Components,AMS_3462,3462,Dairy FMMOS,DY-NA,Washington,DC,"Washington, DC",Washington,DC,FMMOS,FMMOS - non-mars,03/30/2021 14:09:00,2019,2019-DEC,3.91,component,lmprs,
Dec,2019,,All Markets Combined,,3.90,Producer Milk Components,AMS_3462,3462,Dairy FMMOS,DY-NA,Washington,DC,"Washington, DC",Washington,DC,FMMOS,FMMOS - non-mars,03/30/2021 14:09:00,2019,2019-DEC,4.02,component,lmprs,
Dec,2019,,Appalachian,5.0,3.80,Producer Milk Components,AMS_3462,3462,Dairy FMMOS,DY-NA,Washington,DC,"Washington, DC",Washington,DC,FMMOS,FMMOS - non-mars,03/30/2021 14:09:00,2019,2019-DEC,3.99,component,lmprs,
Dec,2020,,Appalachian,5.0,3.86,Producer Milk Components,AMS_3462,3462,Dairy FMMOS,DY-NA,Washington,DC,"Washington, DC",Washington,DC,FMMOS,FMMOS - non-mars,02/23/2021 09:39:00,2020,2020-DEC,3.99,component,lmprs,
Dec,2020,,All Markets Combined,,3.92,Producer Milk Components,AMS_3462,3462,Dairy FMMOS,DY-NA,Washington,DC,"Washington, DC",Washington,DC,FMMOS,FMMOS - non-mars,02/23/2021 09:39:00,2020,2020-DEC,4.09,component,lmprs,
Dec,2020,,Arizona,131.0,3.75,Producer Milk Components,AMS_3462,3462,Dairy FMMOS,DY-NA,Washington,DC,"Washington, DC",Washington,DC,FMMOS,FMMOS - non-mars,02/23/2021 09:39:00,2020,2020-DEC,3.92,component,lmprs,
Dec,2020,,Central,32.0,3.93,Producer Milk Components,AMS_3462,3462,Dairy FMMOS,DY-NA,Washington,DC,"Washington, DC",Washington,DC,FMMOS,FMMOS - non-mars,02/23/2021 09:39:00,2020,2020-DEC,4.09,component,lmprs,
Dec,2020,,California,51.0,3.87,Producer Milk Components,AMS_3462,3462,Dairy FMMOS,DY-NA,Washington,DC,"Washington, DC",Washington,DC,FMMOS,FMMOS - non-mars,02/23/2021 09:39:00,2020,2020-DEC,4.03,component,lmprs,
Dec,2020,,Mideast,33.0,3.89,Producer Milk Components,AMS_3462,3462,Dairy FMMOS,DY-NA,Washington,DC,"Washington, DC",Washington,DC,FMMOS,FMMOS - non-mars,02/23/2021 09:39:00,2020,2020-DEC,4.05,component,lmprs,
Dec,2020,,Florida,6.0,3.70,Producer Milk Components,AMS_3462,3462,Dairy FMMOS,DY-NA,Washington,DC,"Washington, DC",Washington,DC,FMMOS,FMMOS - non-mars,02/23/2021 09:39:00,2020,2020-DEC,3.76,component,lmprs,
Dec,2020,,Northeast,1.0,3.92,Producer Milk Components,AMS_3462,3462,Dairy FMMOS,DY-NA,Washington,DC,"Washington, DC",Washington,DC,FMMOS,FMMOS - non-mars,02/23/2021 09:39:00,2020,2020-DEC,4.08,component,lmprs,
Dec,2020,,Pacific Northwest,124.0,4.07,Producer Milk Components,AMS_3462,3462,Dairy FMMOS,DY-NA,Washington,DC,"Washington, DC",Washington,DC,FMMOS,FMMOS - non-mars,02/23/2021 09:39:00,2020,2020-DEC,4.27,component,lmprs,
Dec,2020,,Southwest,126.0,4.07,Producer Milk Components,AMS_3462,3462,Dairy FMMOS,DY-NA,Washington,DC,"Washington, DC",Washington,DC,FMMOS,FMMOS - non-mars,02/23/2021 09:39:00,2020,2020-DEC,4.25,component,lmprs,
Dec,2020,,Southeast,7.0,3.84,Producer Milk Components,AMS_3462,3462,Dairy FMMOS,DY-NA,Washington,DC,"Washington, DC",Washington,DC,FMMOS,FMMOS - non-mars,02/23/2021 09:39:00,2020,2020-DEC,3.99,component,lmprs,
Dec,2020,,Upper Midwest,30.0,3.96,Producer Milk Components,AMS_3462,3462,Dairy FMMOS,DY-NA,Washington,DC,"Washington, DC",Washington,DC,FMMOS,FMMOS - non-mars,02/23/2021 09:39:00,2020,2020-DEC,4.21,component,lmprs,
Dec,2021,,Southwest,126.0,4.13,Producer Milk Components,AMS_3462,3462,Dairy FMMOS,DY-NA,Washington,DC,"Washington, DC",Washington,DC,FMMOS,FMMOS - non-mars,01/31/2022 07:17:00,2021,2021-DEC,4.31,component,lmprs,
Dec,2021,,Pacific Northwest,124.0,4.11,Producer Milk Components,AMS_3462,3462,Dairy FMMOS,DY-NA,Washington,DC,"Washington, DC",Washington,DC,FMMOS,FMMOS - non-mars,01/31/2022 07:17:00,2021,2021-DEC,4.41,component,lmprs,
Dec,2021,,Southeast,7.0,3.88,Producer Milk Components,AMS_3462,3462,Dairy FMMOS,DY-NA,Washington,DC,"Washington, DC",Washington,DC,FMMOS,FMMOS - non-mars,01/31/2022 07:17:00,2021,2021-DEC,4.05,component,lmprs,
Dec,2021,,Northeast,1.0,3.99,Producer Milk Components,AMS_3462,3462,Dairy FMMOS,DY-NA,Washington,DC,"Washington, DC",Washington,DC,FMMOS,FMMOS - non-mars,01/31/2022 07:17:00,2021,2021-DEC,4.14,component,lmprs,
Dec,2021,,Mideast,33.0,3.93,Producer Milk Components,AMS_3462,3462,Dairy FMMOS,DY-NA,Washington,DC,"Washington, DC",Washington,DC,FMMOS,FMMOS - non-mars,01/31/2022 07:17:00,2021,2021-DEC,4.12,component,lmprs,
Dec,2021,,Central,32.0,3.98,Producer Milk Components,AMS_3462,3462,Dairy FMMOS,DY-NA,Washington,DC,"Washington, DC",Washington,DC,FMMOS,FMMOS - non-mars,01/31/2022 07:17:00,2021,2021-DEC,4.17,component,lmprs,
Dec,2021,,Florida,6.0,3.66,Producer Milk Components,AMS_3462,3462,Dairy FMMOS,DY-NA,Washington,DC,"Washington, DC",Washington,DC,FMMOS,FMMOS - non-mars,01/31/2022 07:17:00,2021,2021-DEC,3.68,component,lmprs,
Dec,2021,,California,51.0,3.92,Producer Milk Components,AMS_3462,3462,Dairy FMMOS,DY-NA,Washington,DC,"Washington, DC",Washington,DC,FMMOS,FMMOS - non-mars,01/31/2022 07:17:00,2021,2021-DEC,4.18,component,lmprs,
Dec,2021,,Arizona,131.0,3.77,Producer Milk Components,AMS_3462,3462,Dairy FMMOS,DY-NA,Washington,DC,"Washington, DC",Washington,DC,FMMOS,FMMOS - non-mars,01/31/2022 07:17:00,2021,2021-DEC,3.91,component,lmprs,
Dec,2021,,Appalachian,5.0,3.84,Producer Milk Components,AMS_3462,3462,Dairy FMMOS,DY-NA,Washington,DC,"Washington, DC",Washington,DC,FMMOS,FMMOS - non-mars,01/31/2022 07:17:00,2021,2021-DEC,3.95,component,lmprs,
Dec,2021,,All Markets Combined,,3.97,Producer Milk Components,AMS_3462,3462,Dairy FMMOS,DY-NA,Washington,DC,"Washington, DC",Washington,DC,FMMOS,FMMOS - non-mars,01/31/2022 07:17:00,2021,2021-DEC,4.17,component,lmprs,
Dec,2021,,Upper Midwest,30.0,4.03,Producer Milk Components,AMS_3462,3462,Dairy FMMOS,DY-NA,Washington,DC,"Washington, DC",Washington,DC,FMMOS,FMMOS - non-mars,01/31/2022 07:17:00,2021,2021-DEC,4.24,component,lmprs,
Dec,2022,,Upper Midwest,30.0,4.12,Producer Milk Components,AMS_3462,3462,Dairy FMMOS,DY-NA,Washington,DC,"Washington, DC",Washington,DC,FMMOS,FMMOS - non-mars,01/30/2023 07:36:00,2022,2022-DEC,4.32,component,lmprs,
Dec,2022,,All Markets Combined,,4.06,Producer Milk Components,AMS_3462,3462,Dairy FMMOS,DY-NA,Washington,DC,"Washington, DC",Washington,DC,FMMOS,FMMOS - non-mars,01/30/2023 07:36:00,2022,2022-DEC,4.24,component,lmprs,
Dec,2022,,Appalachian,5.0,3.91,Producer Milk Components,AMS_3462,3462,Dairy FMMOS,DY-NA,Washington,DC,"Washington, DC",Washington,DC,FMMOS,FMMOS - non-mars,01/30/2023 07:36:00,2022,2022-DEC,4.05,component,lmprs,
Dec,2022,,Arizona,131.0,3.81,Producer Milk Components,AMS_3462,3462,Dairy FMMOS,DY-NA,Washington,DC,"Washington, DC",Washington,DC,FMMOS,FMMOS - non-mars,01/30/2023 07:36:00,2022,2022-DEC,3.94,component,lmprs,
Dec,2022,,California,51.0,4.05,Producer Milk Components,AMS_3462,3462,Dairy FMMOS,DY-NA,Washington,DC,"Washington, DC",Washington,DC,FMMOS,FMMOS - non-mars,01/30/2023 07:36:00,2022,2022-DEC,4.25,component,lmprs,
Dec,2022,,Florida,6.0,3.70,Producer Milk Components,AMS_3462,3462,Dairy FMMOS,DY-NA,Washington,DC,"Washington, DC",Washington,DC,FMMOS,FMMOS - non-mars,01/30/2023 07:36:00,2022,2022-DEC,3.78,component,lmprs,
Dec,2022,,Central,32.0,4.06,Producer Milk Components,AMS_3462,3462,Dairy FMMOS,DY-NA,Washington,DC,"Washington, DC",Washington,DC,FMMOS,FMMOS - non-mars,01/30/2023 07:36:00,2022,2022-DEC,4.25,component,lmprs,
Dec,2022,,Mideast,33.0,4.02,Producer Milk Components,AMS_3462,3462,Dairy FMMOS,DY-NA,Washington,DC,"Washington, DC",Washington,DC,FMMOS,FMMOS - non-mars,01/30/2023 07:36:00,2022,2022-DEC,4.16,component,lmprs,
Dec,2022,,Northeast,1.0,4.03,Producer Milk Components,AMS_3462,3462,Dairy FMMOS,DY-NA,Washington,DC,"Washington, DC",Washington,DC,FMMOS,FMMOS - non-mars,01/30/2023 07:36:00,2022,2022-DEC,4.18,component,lmprs,
Dec,2022,,Southeast,7.0,3.96,Producer Milk Components,AMS_3462,3462,Dairy FMMOS,DY-NA,Washington,DC,"Washington, DC",Washington,DC,FMMOS,FMMOS - non-mars,01/30/2023 07:36:00,2022,2022-DEC,4.12,component,lmprs,
Dec,2022,,Pacific Northwest,124.0,4.30,Producer Milk Components,AMS_3462,3462,Dairy FMMOS,DY-NA,Washington,DC,"Washington, DC",Washington,DC,FMMOS,FMMOS - non-mars,01/30/2023 07:36:00,2022,2022-DEC,4.60,component,lmprs,
Dec,2022,,Southwest,126.0,4.13,Producer Milk Components,AMS_3462,3462,Dairy FMMOS,DY-NA,Washington,DC,"Washington, DC",Washington,DC,FMMOS,FMMOS - non-mars,01/30/2023 07:36:00,2022,2022-DEC,4.29,component,lmprs,
Dec,2023,,Southwest,126.0,4.12,Producer Milk Components,AMS_3462,3462,Dairy FMMOS,DY-NA,Washington,DC,"Washington, DC",Washington,DC,FMMOS,FMMOS - non-mars,01/30/2024 09:42:00,2023,2023-DEC,4.36,component,lmprs,
Dec,2023,,Pacific Northwest,124.0,4.32,Producer Milk Components,AMS_3462,3462,Dairy FMMOS,DY-NA,Washington,DC,"Washington, DC",Washington,DC,FMMOS,FMMOS - non-mars,01/30/2024 09:42:00,2023,2023-DEC,4.58,component,lmprs,
Dec,2023,,Southeast,7.0,4.01,Producer Milk Components,AMS_3462,3462,Dairy FMMOS,DY-NA,Washington,DC,"Washington, DC",Washington,DC,FMMOS,FMMOS - non-mars,01/30/2024 09:42:00,2023,2023-DEC,4.23,component,lmprs,
Dec,2023,,Northeast,1.0,4.12,Producer Milk Components,AMS_3462,3462,Dairy FMMOS,DY-NA,Washington,DC,"Washington, DC",Washington,DC,FMMOS,FMMOS - non-mars,01/30/2024 09:42:00,2023,2023-DEC,4.30,component,lmprs,
Dec,2023,,Mideast,33.0,4.06,Producer Milk Components,AMS_3462,3462,Dairy FMMOS,DY-NA,Washington,DC,"Washington, DC",Washington,DC,FMMOS,FMMOS - non-mars,01/30/2024 09:42:00,2023,2023-DEC,4.25,component,lmprs,
Dec,2023,,Central,32.0,4.11,Producer Milk Components,AMS_3462,3462,Dairy FMMOS,DY-NA,Washington,DC,"Washington, DC",Washington,DC,FMMOS,FMMOS - non-mars,01/30/2024 09:42:00,2023,2023-DEC,4.34,component,lmprs,
Dec,2023,,Florida,6.0,3.82,Producer Milk Components,AMS_3462,3462,Dairy FMMOS,DY-NA,Washington,DC,"Washington, DC",Washington,DC,FMMOS,FMMOS - non-mars,01/30/2024 09:42:00,2023,2023-DEC,3.94,component,lmprs,
Dec,2023,,California,51.0,4.12,Producer Milk Components,AMS_3462,3462,Dairy FMMOS,DY-NA,Washington,DC,"Washington, DC",Washington,DC,FMMOS,FMMOS - non-mars,01/30/2024 09:42:00,2023,2023-DEC,4.29,component,lmprs,
Dec,2023,,Arizona,131.0,3.88,Producer Milk Components,AMS_3462,3462,Dairy FMMOS,DY-NA,Washington,DC,"Washington, DC",Washington,DC,FMMOS,FMMOS - non-mars,01/30/2024 09:42:00,2023,2023-DEC,4.08,component,lmprs,
Dec,2023,,Appalachian,5.0,3.97,Producer Milk Components,AMS_3462,3462,Dairy FMMOS,DY-NA,Washington,DC,"Washington, DC",Washington,DC,FMMOS,FMMOS - non-mars,01/30/2024 09:42:00,2023,2023-DEC,4.16,component,lmprs,
Dec,2023,,All Markets Combined,,4.11,Producer Milk Components,AMS_3462,3462,Dairy FMMOS,DY-NA,Washington,DC,"Washington, DC",Washington,DC,FMMOS,FMMOS - non-mars,01/30/2024 09:42:00,2023,2023-DEC,4.31,component,lmprs,
Dec,2023,,Upper Midwest,30.0,4.17,Producer Milk Components,AMS_3462,3462,Dairy FMMOS,DY-NA,Washington,DC,"Washington, DC",Washington,DC,FMMOS,FMMOS - non-mars,01/30/2024 09:42:00,2023,2023-DEC,4.36,component,lmprs,
Dec,2024,,Upper Midwest,30.0,4.27,Producer Milk Components,AMS_3462,3462,Dairy FMMOS,DY-NA,Washington,DC,"Washington, DC",Washington,DC,FMMOS,FMMOS - non-mars,01/23/2025 09:07:00,2024,2024-DEC,4.47,component,lmprs,
Dec,2024,,All Markets Combined,,4.21,Producer Milk Components,AMS_3462,3462,Dairy FMMOS,DY-NA,Washington,DC,"Washington, DC",Washington,DC,FMMOS,FMMOS - non-mars,01/23/2025 09:07:00,2024,2024-DEC,4.42,component,lmprs,
Dec,2024,,Appalachian,5.0,4.06,Producer Milk Components,AMS_3462,3462,Dairy FMMOS,DY-NA,Washington,DC,"Washington, DC",Washington,DC,FMMOS,FMMOS - non-mars,01/23/2025 09:07:00,2024,2024-DEC,4.25,component,lmprs,
Dec,2024,,Arizona,131.0,4.07,Producer Milk Components,AMS_3462,3462,Dairy FMMOS,DY-NA,Washington,DC,"Washington, DC",Washington,DC,FMMOS,FMMOS - non-mars,01/23/2025 09:07:00,2024,2024-DEC,4.30,component,lmprs,
Dec,2024,,California,51.0,4.18,Producer Milk Components,AMS_3462,3462,Dairy FMMOS,DY-NA,Washington,DC,"Washington, DC",Washington,DC,FMMOS,FMMOS - non-mars,01/23/2025 09:07:00,2024,2024-DEC,4.35,component,lmprs,
Dec,2024,,Florida,6.0,3.92,Producer Milk Components,AMS_3462,3462,Dairy FMMOS,DY-NA,Washington,DC,"Washington, DC",Washington,DC,FMMOS,FMMOS - non-mars,01/23/2025 09:07:00,2024,2024-DEC,4.04,component,lmprs,
Dec,2024,,Central,32.0,4.19,Producer Milk Components,AMS_3462,3462,Dairy FMMOS,DY-NA,Washington,DC,"Washington, DC",Washington,DC,FMMOS,FMMOS - non-mars,01/23/2025 09:07:00,2024,2024-DEC,4.38,component,lmprs,
Dec,2024,,Mideast,33.0,4.17,Producer Milk Components,AMS_3462,3462,Dairy FMMOS,DY-NA,Washington,DC,"Washington, DC",Washington,DC,FMMOS,FMMOS - non-mars,01/23/2025 09:07:00,2024,2024-DEC,4.42,component,lmprs,
Dec,2024,,Northeast,1.0,4.22,Producer Milk Components,AMS_3462,3462,Dairy FMMOS,DY-NA,Washington,DC,"Washington, DC",Washington,DC,FMMOS,FMMOS - non-mars,01/23/2025 09:07:00,2024,2024-DEC,4.43,component,lmprs,
Dec,2024,,Southeast,7.0,4.11,Producer Milk Components,AMS_3462,3462,Dairy FMMOS,DY-NA,Washington,DC,"Washington, DC",Washington,DC,FMMOS,FMMOS - non-mars,01/23/2025 09:07:00,2024,2024-DEC,4.32,component,lmprs,
Dec,2024,,Pacific Northwest,124.0,4.39,Producer Milk Components,AMS_3462,3462,Dairy FMMOS,DY-NA,Washington,DC,"Washington, DC",Washington,DC,FMMOS,FMMOS - non-mars,01/23/2025 09:07:00,2024,2024-DEC,4.66,component,lmprs,
Dec,2024,,Southwest,126.0,4.24,Producer Milk Components,AMS_3462,3462,Dairy FMMOS,DY-NA,Washington,DC,"Washington, DC",Washington,DC,FMMOS,FMMOS - non-mars,01/23/2025 09:07:00,2024,2024-DEC,4.50,component,lmprs,
Dec,2025,,Southwest,126.0,4.38,Producer Milk Components,AMS_3462,3462,Dairy FMMOS,DY-NA,Washington,DC,"Washington, DC",Washington,DC,FMMOS,FMMOS - non-mars,01/21/2026 11:39:00,2025,2025-DEC,4.65,component,lmprs,
Dec,2025,,Pacific Northwest,124.0,4.45,Producer Milk Components,AMS_3462,3462,Dairy FMMOS,DY-NA,Washington,DC,"Washington, DC",Washington,DC,FMMOS,FMMOS - non-mars,01/21/2026 11:39:00,2025,2025-DEC,4.60,component,lmprs,
Dec,2025,,Southeast,7.0,4.19,Producer Milk Components,AMS_3462,3462,Dairy FMMOS,DY-NA,Washington,DC,"Washington, DC",Washington,DC,FMMOS,FMMOS - non-mars,01/21/2026 11:39:00,2025,2025-DEC,4.40,component,lmprs,
Dec,2025,,Northeast,1.0,4.33,Producer Milk Components,AMS_3462,3462,Dairy FMMOS,DY-NA,Washington,DC,"Washington, DC",Washington,DC,FMMOS,FMMOS - non-mars,01/21/2026 11:39:00,2025,2025-DEC,4.56,component,lmprs,
Dec,2025,,Mideast,33.0,4.30,Producer Milk Components,AMS_3462,3462,Dairy FMMOS,DY-NA,Washington,DC,"Washington, DC",Washington,DC,FMMOS,FMMOS - non-mars,01/21/2026 11:39:00,2025,2025-DEC,4.50,component,lmprs,
Dec,2025,,Central,32.0,4.25,Producer Milk Components,AMS_3462,3462,Dairy FMMOS,DY-NA,Washington,DC,"Washington, DC",Washington,DC,FMMOS,FMMOS - non-mars,01/21/2026 11:39:00,2025,2025-DEC,4.47,component,lmprs,
Dec,2025,,Florida,6.0,3.94,Producer Milk Components,AMS_3462,3462,Dairy FMMOS,DY-NA,Washington,DC,"Washington, DC",Washington,DC,FMMOS,FMMOS - non-mars,01/21/2026 11:39:00,2025,2025-DEC,3.98,component,lmprs,
Dec,2025,,California,51.0,4.22,Producer Milk Components,AMS_3462,3462,Dairy FMMOS,DY-NA,Washington,DC,"Washington, DC",Washington,DC,FMMOS,FMMOS - non-mars,01/21/2026 11:39:00,2025,2025-DEC,4.35,component,lmprs,
Dec,2025,,Arizona,131.0,4.10,Producer Milk Components,AMS_3462,3462,Dairy FMMOS,DY-NA,Washington,DC,"Washington, DC",Washington,DC,FMMOS,FMMOS - non-mars,01/21/2026 11:39:00,2025,2025-DEC,4.16,component,lmprs,
Dec,2025,,Appalachian,5.0,4.13,Producer Milk Components,AMS_3462,3462,Dairy FMMOS,DY-NA,Washington,DC,"Washington, DC",Washington,DC,FMMOS,FMMOS - non-mars,01/21/2026 11:39:00,2025,2025-DEC,4.30,component,lmprs,
Dec,2025,,All Markets Combined,,4.29,Producer Milk Components,AMS_3462,3462,Dairy FMMOS,DY-NA,Washington,DC,"Washington, DC",Washington,DC,FMMOS,FMMOS - non-mars,01/21/2026 11:39:00,2025,2025-DEC,4.47,component,lmprs,
Dec,2025,,Upper Midwest,30.0,4.33,Producer Milk Components,AMS_3462,3462,Dairy FMMOS,DY-NA,Washington,DC,"Washington, DC",Washington,DC,FMMOS,FMMOS - non-mars,01/21/2026 11:39:00,2025,2025-DEC,4.55,component,lmprs,
Mar,2026,,Upper Midwest,30.0,4.46,Producer Milk Components,AMS_3462,3462,Dairy FMMOS,DY-NA,Washington,DC,"Washington, DC",Washington,DC,FMMOS,FMMOS - non-mars,04/21/2026 05:48:00,2026,2026-DEC,,component,lmprs,
Mar,2026,,All Markets Combined,,4.42,Producer Milk Components,AMS_3462,3462,Dairy FMMOS,DY-NA,Washington,DC,"Washington, DC",Washington,DC,FMMOS,FMMOS - non-mars,04/21/2026 05:48:00,2026,2026-DEC,,component,lmprs,
Mar,2026,,Appalachian,5.0,4.23,Producer Milk Components,AMS_3462,3462,Dairy FMMOS,DY-NA,Washington,DC,"Washington, DC",Washington,DC,FMMOS,FMMOS - non-mars,04/21/2026 05:48:00,2026,2026-DEC,,component,lmprs,
Mar,2026,,Arizona,131.0,4.16,Producer Milk Components,AMS_3462,3462,Dairy FMMOS,DY-NA,Washington,DC,"Washington, DC",Washington,DC,FMMOS,FMMOS - non-mars,04/21/2026 05:48:00,2026,2026-DEC,,component,lmprs,
Mar,2026,,California,51.0,4.31,Producer Milk Components,AMS_3462,3462,Dairy FMMOS,DY-NA,Washington,DC,"Washington, DC",Washington,DC,FMMOS,FMMOS - non-mars,04/21/2026 05:48:00,2026,2026-DEC,,component,lmprs,
Mar,2026,,Florida,6.0,3.97,Producer Milk Components,AMS_3462,3462,Dairy FMMOS,DY-NA,Washington,DC,"Washington, DC",Washington,DC,FMMOS,FMMOS - non-mars,04/21/2026 05:48:00,2026,2026-DEC,,component,lmprs,
Mar,2026,,Central,32.0,4.36,Producer Milk Components,AMS_3462,3462,Dairy FMMOS,DY-NA,Washington,DC,"Washington, DC",Washington,DC,FMMOS,FMMOS - non-mars,04/21/2026 05:48:00,2026,2026-DEC,,component,lmprs,
Mar,2026,,Mideast,33.0,4.45,Producer Milk Components,AMS_3462,3462,Dairy FMMOS,DY-NA,Washington,DC,"Washington, DC",Washington,DC,FMMOS,FMMOS - non-mars,04/21/2026 05:48:00,2026,2026-DEC,,component,lmprs,
Mar,2026,,Northeast,1.0,4.53,Producer Milk Components,AMS_3462,3462,Dairy FMMOS,DY-NA,Washington,DC,"Washington, DC",Washington,DC,FMMOS,FMMOS - non-mars,04/21/2026 05:48:00,2026,2026-DEC,,component,lmprs,
Mar,2026,,Southeast,7.0,4.32,Producer Milk Components,AMS_3462,3462,Dairy FMMOS,DY-NA,Washington,DC,"Washington, DC",Washington,DC,FMMOS,FMMOS - non-mars,04/21/2026 05:48:00,2026,2026-DEC,,component,lmprs,
Mar,2026,,Pacific Northwest,124.0,4.56,Producer Milk Components,AMS_3462,3462,Dairy FMMOS,DY-NA,Washington,DC,"Washington, DC",Washington,DC,FMMOS,FMMOS - non-mars,04/21/2026 05:48:00,2026,2026-DEC,,component,lmprs,
Mar,2026,,Southwest,126.0,4.52,Producer Milk Components,AMS_3462,3462,Dairy FMMOS,DY-NA,Washington,DC,"Washington, DC",Washington,DC,FMMOS,FMMOS - non-mars,04/21/2026 05:48:00,2026,2026-DEC,,component,lmprs,
