report_month,report_year,narrative,Pool_Order_Name,Pool_order_No,total,report_title,slug_name,slug_id,office_name,office_code,office_city,office_state,market_location_name,market_location_city,market_location_state,market_type,market_type_category,published_date,year,period,value,data_item,category,unit
Dec,2000,,All Markets Combined,,"116,923",Producer Milk Components,AMS_3462,3462,Dairy FMMOS,DY-NA,Washington,DC,"Washington, DC",Washington,DC,FMMOS,FMMOS - non-mars,04/09/2021 07:48:00,2000,2000-JAN,"10,227",component,lmprs,
Dec,2000,,Appalachian,5.0,"6,318",Producer Milk Components,AMS_3462,3462,Dairy FMMOS,DY-NA,Washington,DC,"Washington, DC",Washington,DC,FMMOS,FMMOS - non-mars,04/09/2021 07:48:00,2000,2000-JAN,506,component,lmprs,
Dec,2000,,Arizona,131.0,"3,110",Producer Milk Components,AMS_3462,3462,Dairy FMMOS,DY-NA,Washington,DC,"Washington, DC",Washington,DC,FMMOS,FMMOS - non-mars,04/09/2021 07:48:00,2000,2000-JAN,269,component,lmprs,
Dec,2000,,Central,32.0,"16,036",Producer Milk Components,AMS_3462,3462,Dairy FMMOS,DY-NA,Washington,DC,"Washington, DC",Washington,DC,FMMOS,FMMOS - non-mars,04/09/2021 07:48:00,2000,2000-JAN,"1,103",component,lmprs,
Dec,2000,,Florida,6.0,"2,867",Producer Milk Components,AMS_3462,3462,Dairy FMMOS,DY-NA,Washington,DC,"Washington, DC",Washington,DC,FMMOS,FMMOS - non-mars,04/09/2021 07:48:00,2000,2000-JAN,256,component,lmprs,
Dec,2000,,Mideast,33.0,"14,181",Producer Milk Components,AMS_3462,3462,Dairy FMMOS,DY-NA,Washington,DC,"Washington, DC",Washington,DC,FMMOS,FMMOS - non-mars,04/09/2021 07:48:00,2000,2000-JAN,"1,124",component,lmprs,
Dec,2000,,Northeast,1.0,"23,972",Producer Milk Components,AMS_3462,3462,Dairy FMMOS,DY-NA,Washington,DC,"Washington, DC",Washington,DC,FMMOS,FMMOS - non-mars,04/09/2021 07:48:00,2000,2000-JAN,"2,148",component,lmprs,
Dec,2000,,Pacific Northwest,124.0,"6,776",Producer Milk Components,AMS_3462,3462,Dairy FMMOS,DY-NA,Washington,DC,"Washington, DC",Washington,DC,FMMOS,FMMOS - non-mars,04/09/2021 07:48:00,2000,2000-JAN,581,component,lmprs,
Dec,2000,,Southeast,7.0,"7,487",Producer Milk Components,AMS_3462,3462,Dairy FMMOS,DY-NA,Washington,DC,"Washington, DC",Washington,DC,FMMOS,FMMOS - non-mars,04/09/2021 07:48:00,2000,2000-JAN,680,component,lmprs,
Dec,2000,,Southwest,126.0,"8,713",Producer Milk Components,AMS_3462,3462,Dairy FMMOS,DY-NA,Washington,DC,"Washington, DC",Washington,DC,FMMOS,FMMOS - non-mars,04/09/2021 07:48:00,2000,2000-JAN,805,component,lmprs,
Dec,2000,,Upper Midwest,30.0,"23,415",Producer Milk Components,AMS_3462,3462,Dairy FMMOS,DY-NA,Washington,DC,"Washington, DC",Washington,DC,FMMOS,FMMOS - non-mars,04/09/2021 07:48:00,2000,2000-JAN,"2,433",component,lmprs,
Dec,2000,,Western,135.0,"4,048",Producer Milk Components,AMS_3462,3462,Dairy FMMOS,DY-NA,Washington,DC,"Washington, DC",Washington,DC,FMMOS,FMMOS - non-mars,04/09/2021 07:48:00,2000,2000-JAN,323,component,lmprs,
Dec,2001,,Western,135.0,"4,677",Producer Milk Components,AMS_3462,3462,Dairy FMMOS,DY-NA,Washington,DC,"Washington, DC",Washington,DC,FMMOS,FMMOS - non-mars,04/09/2021 07:46:00,2001,2001-JAN,327,component,lmprs,
Dec,2001,,Upper Midwest,30.0,"20,062",Producer Milk Components,AMS_3462,3462,Dairy FMMOS,DY-NA,Washington,DC,"Washington, DC",Washington,DC,FMMOS,FMMOS - non-mars,04/09/2021 07:46:00,2001,2001-JAN,"1,729",component,lmprs,
Dec,2001,,Southwest,126.0,"8,604",Producer Milk Components,AMS_3462,3462,Dairy FMMOS,DY-NA,Washington,DC,"Washington, DC",Washington,DC,FMMOS,FMMOS - non-mars,04/09/2021 07:46:00,2001,2001-JAN,748,component,lmprs,
Dec,2001,,Southeast,7.0,"7,769",Producer Milk Components,AMS_3462,3462,Dairy FMMOS,DY-NA,Washington,DC,"Washington, DC",Washington,DC,FMMOS,FMMOS - non-mars,04/09/2021 07:46:00,2001,2001-JAN,654,component,lmprs,
Dec,2001,,Pacific Northwest,124.0,"7,088",Producer Milk Components,AMS_3462,3462,Dairy FMMOS,DY-NA,Washington,DC,"Washington, DC",Washington,DC,FMMOS,FMMOS - non-mars,04/09/2021 07:46:00,2001,2001-JAN,601,component,lmprs,
Dec,2001,,Northeast,1.0,"24,557",Producer Milk Components,AMS_3462,3462,Dairy FMMOS,DY-NA,Washington,DC,"Washington, DC",Washington,DC,FMMOS,FMMOS - non-mars,04/09/2021 07:46:00,2001,2001-JAN,"2,051",component,lmprs,
Dec,2001,,Mideast,33.0,"17,229",Producer Milk Components,AMS_3462,3462,Dairy FMMOS,DY-NA,Washington,DC,"Washington, DC",Washington,DC,FMMOS,FMMOS - non-mars,04/09/2021 07:46:00,2001,2001-JAN,"1,385",component,lmprs,
Dec,2001,,Florida,6.0,"2,772",Producer Milk Components,AMS_3462,3462,Dairy FMMOS,DY-NA,Washington,DC,"Washington, DC",Washington,DC,FMMOS,FMMOS - non-mars,04/09/2021 07:46:00,2001,2001-JAN,259,component,lmprs,
Dec,2001,,Central,32.0,"17,836",Producer Milk Components,AMS_3462,3462,Dairy FMMOS,DY-NA,Washington,DC,"Washington, DC",Washington,DC,FMMOS,FMMOS - non-mars,04/09/2021 07:46:00,2001,2001-JAN,"1,411",component,lmprs,
Dec,2001,,Arizona,131.0,"2,956",Producer Milk Components,AMS_3462,3462,Dairy FMMOS,DY-NA,Washington,DC,"Washington, DC",Washington,DC,FMMOS,FMMOS - non-mars,04/09/2021 07:46:00,2001,2001-JAN,264,component,lmprs,
Dec,2001,,Appalachian,5.0,"6,673",Producer Milk Components,AMS_3462,3462,Dairy FMMOS,DY-NA,Washington,DC,"Washington, DC",Washington,DC,FMMOS,FMMOS - non-mars,04/09/2021 07:46:00,2001,2001-JAN,555,component,lmprs,
Dec,2001,,All Markets Combined,,"120,223",Producer Milk Components,AMS_3462,3462,Dairy FMMOS,DY-NA,Washington,DC,"Washington, DC",Washington,DC,FMMOS,FMMOS - non-mars,04/09/2021 07:46:00,2001,2001-JAN,"9,984",component,lmprs,
Dec,2002,,All Markets Combined,,"125,546",Producer Milk Components,AMS_3462,3462,Dairy FMMOS,DY-NA,Washington,DC,"Washington, DC",Washington,DC,FMMOS,FMMOS - non-mars,04/09/2021 07:46:00,2002,2002-JAN,"10,839",component,lmprs,
Dec,2002,,Appalachian,5.0,"6,706",Producer Milk Components,AMS_3462,3462,Dairy FMMOS,DY-NA,Washington,DC,"Washington, DC",Washington,DC,FMMOS,FMMOS - non-mars,04/09/2021 07:46:00,2002,2002-JAN,597,component,lmprs,
Dec,2002,,Arizona,131.0,"3,027",Producer Milk Components,AMS_3462,3462,Dairy FMMOS,DY-NA,Washington,DC,"Washington, DC",Washington,DC,FMMOS,FMMOS - non-mars,04/09/2021 07:46:00,2002,2002-JAN,261,component,lmprs,
Dec,2002,,Central,32.0,"18,700",Producer Milk Components,AMS_3462,3462,Dairy FMMOS,DY-NA,Washington,DC,"Washington, DC",Washington,DC,FMMOS,FMMOS - non-mars,04/09/2021 07:46:00,2002,2002-JAN,"1,517",component,lmprs,
Dec,2002,,Florida,6.0,"2,693",Producer Milk Components,AMS_3462,3462,Dairy FMMOS,DY-NA,Washington,DC,"Washington, DC",Washington,DC,FMMOS,FMMOS - non-mars,04/09/2021 07:46:00,2002,2002-JAN,243,component,lmprs,
Dec,2002,,Mideast,33.0,"17,739",Producer Milk Components,AMS_3462,3462,Dairy FMMOS,DY-NA,Washington,DC,"Washington, DC",Washington,DC,FMMOS,FMMOS - non-mars,04/09/2021 07:46:00,2002,2002-JAN,"1,426",component,lmprs,
Dec,2002,,Northeast,1.0,"25,358",Producer Milk Components,AMS_3462,3462,Dairy FMMOS,DY-NA,Washington,DC,"Washington, DC",Washington,DC,FMMOS,FMMOS - non-mars,04/09/2021 07:46:00,2002,2002-JAN,"2,205",component,lmprs,
Dec,2002,,Pacific Northwest,124.0,"7,824",Producer Milk Components,AMS_3462,3462,Dairy FMMOS,DY-NA,Washington,DC,"Washington, DC",Washington,DC,FMMOS,FMMOS - non-mars,04/09/2021 07:46:00,2002,2002-JAN,628,component,lmprs,
Dec,2002,,Southeast,7.0,"7,927",Producer Milk Components,AMS_3462,3462,Dairy FMMOS,DY-NA,Washington,DC,"Washington, DC",Washington,DC,FMMOS,FMMOS - non-mars,04/09/2021 07:46:00,2002,2002-JAN,745,component,lmprs,
Dec,2002,,Southwest,126.0,"9,714",Producer Milk Components,AMS_3462,3462,Dairy FMMOS,DY-NA,Washington,DC,"Washington, DC",Washington,DC,FMMOS,FMMOS - non-mars,04/09/2021 07:46:00,2002,2002-JAN,794,component,lmprs,
Dec,2002,,Upper Midwest,30.0,"20,307",Producer Milk Components,AMS_3462,3462,Dairy FMMOS,DY-NA,Washington,DC,"Washington, DC",Washington,DC,FMMOS,FMMOS - non-mars,04/09/2021 07:46:00,2002,2002-JAN,"1,945",component,lmprs,
Dec,2002,,Western,135.0,"5,552",Producer Milk Components,AMS_3462,3462,Dairy FMMOS,DY-NA,Washington,DC,"Washington, DC",Washington,DC,FMMOS,FMMOS - non-mars,04/09/2021 07:46:00,2002,2002-JAN,477,component,lmprs,
Dec,2003,,Western,135.0,"4,573",Producer Milk Components,AMS_3462,3462,Dairy FMMOS,DY-NA,Washington,DC,"Washington, DC",Washington,DC,FMMOS,FMMOS - non-mars,04/09/2021 07:46:00,2003,2003-JAN,508,component,lmprs,
Dec,2003,,Upper Midwest,30.0,"17,018",Producer Milk Components,AMS_3462,3462,Dairy FMMOS,DY-NA,Washington,DC,"Washington, DC",Washington,DC,FMMOS,FMMOS - non-mars,04/09/2021 07:46:00,2003,2003-JAN,"1,846",component,lmprs,
Dec,2003,,Southwest,126.0,"9,174",Producer Milk Components,AMS_3462,3462,Dairy FMMOS,DY-NA,Washington,DC,"Washington, DC",Washington,DC,FMMOS,FMMOS - non-mars,04/09/2021 07:46:00,2003,2003-JAN,839,component,lmprs,
Dec,2003,,Southeast,7.0,"7,071",Producer Milk Components,AMS_3462,3462,Dairy FMMOS,DY-NA,Washington,DC,"Washington, DC",Washington,DC,FMMOS,FMMOS - non-mars,04/09/2021 07:46:00,2003,2003-JAN,664,component,lmprs,
Dec,2003,,Northeast,1.0,"24,038",Producer Milk Components,AMS_3462,3462,Dairy FMMOS,DY-NA,Washington,DC,"Washington, DC",Washington,DC,FMMOS,FMMOS - non-mars,04/09/2021 07:46:00,2003,2003-JAN,"2,058",component,lmprs,
Dec,2003,,Pacific Northwest,124.0,"6,336",Producer Milk Components,AMS_3462,3462,Dairy FMMOS,DY-NA,Washington,DC,"Washington, DC",Washington,DC,FMMOS,FMMOS - non-mars,04/09/2021 07:46:00,2003,2003-JAN,620,component,lmprs,
Dec,2003,,Mideast,33.0,"15,750",Producer Milk Components,AMS_3462,3462,Dairy FMMOS,DY-NA,Washington,DC,"Washington, DC",Washington,DC,FMMOS,FMMOS - non-mars,04/09/2021 07:46:00,2003,2003-JAN,"1,463",component,lmprs,
Dec,2003,,Florida,6.0,"2,833",Producer Milk Components,AMS_3462,3462,Dairy FMMOS,DY-NA,Washington,DC,"Washington, DC",Washington,DC,FMMOS,FMMOS - non-mars,04/09/2021 07:46:00,2003,2003-JAN,256,component,lmprs,
Dec,2003,,Arizona,131.0,"3,061",Producer Milk Components,AMS_3462,3462,Dairy FMMOS,DY-NA,Washington,DC,"Washington, DC",Washington,DC,FMMOS,FMMOS - non-mars,04/09/2021 07:46:00,2003,2003-JAN,272,component,lmprs,
Dec,2003,,Central,32.0,"14,411",Producer Milk Components,AMS_3462,3462,Dairy FMMOS,DY-NA,Washington,DC,"Washington, DC",Washington,DC,FMMOS,FMMOS - non-mars,04/09/2021 07:46:00,2003,2003-JAN,"1,677",component,lmprs,
Dec,2003,,Appalachian,5.0,"6,315",Producer Milk Components,AMS_3462,3462,Dairy FMMOS,DY-NA,Washington,DC,"Washington, DC",Washington,DC,FMMOS,FMMOS - non-mars,04/09/2021 07:46:00,2003,2003-JAN,579,component,lmprs,
Dec,2003,,All Markets Combined,,"110,581",Producer Milk Components,AMS_3462,3462,Dairy FMMOS,DY-NA,Washington,DC,"Washington, DC",Washington,DC,FMMOS,FMMOS - non-mars,04/09/2021 07:46:00,2003,2003-JAN,"10,781",component,lmprs,
Dec,2004,,All Markets Combined,,"103,047",Producer Milk Components,AMS_3462,3462,Dairy FMMOS,DY-NA,Washington,DC,"Washington, DC",Washington,DC,FMMOS,FMMOS - non-mars,04/09/2021 07:44:00,2004,2004-JAN,"10,629",component,lmprs,
Dec,2004,,Appalachian,5.0,"6,203",Producer Milk Components,AMS_3462,3462,Dairy FMMOS,DY-NA,Washington,DC,"Washington, DC",Washington,DC,FMMOS,FMMOS - non-mars,04/09/2021 07:44:00,2004,2004-JAN,569,component,lmprs,
Dec,2004,,Central,32.0,"11,589",Producer Milk Components,AMS_3462,3462,Dairy FMMOS,DY-NA,Washington,DC,"Washington, DC",Washington,DC,FMMOS,FMMOS - non-mars,04/09/2021 07:44:00,2004,2004-JAN,"1,275",component,lmprs,
Dec,2004,,Arizona,131.0,"2,901",Producer Milk Components,AMS_3462,3462,Dairy FMMOS,DY-NA,Washington,DC,"Washington, DC",Washington,DC,FMMOS,FMMOS - non-mars,04/09/2021 07:44:00,2004,2004-JAN,264,component,lmprs,
Dec,2004,,Florida,6.0,"2,873",Producer Milk Components,AMS_3462,3462,Dairy FMMOS,DY-NA,Washington,DC,"Washington, DC",Washington,DC,FMMOS,FMMOS - non-mars,04/09/2021 07:44:00,2004,2004-JAN,262,component,lmprs,
Dec,2004,,Mideast,33.0,"15,940",Producer Milk Components,AMS_3462,3462,Dairy FMMOS,DY-NA,Washington,DC,"Washington, DC",Washington,DC,FMMOS,FMMOS - non-mars,04/09/2021 07:44:00,2004,2004-JAN,"1,513",component,lmprs,
Dec,2004,,Pacific Northwest,124.0,"6,518",Producer Milk Components,AMS_3462,3462,Dairy FMMOS,DY-NA,Washington,DC,"Washington, DC",Washington,DC,FMMOS,FMMOS - non-mars,04/09/2021 07:44:00,2004,2004-JAN,614,component,lmprs,
Dec,2004,,Northeast,1.0,"22,670",Producer Milk Components,AMS_3462,3462,Dairy FMMOS,DY-NA,Washington,DC,"Washington, DC",Washington,DC,FMMOS,FMMOS - non-mars,04/09/2021 07:44:00,2004,2004-JAN,"1,993",component,lmprs,
Dec,2004,,Southeast,7.0,"7,164",Producer Milk Components,AMS_3462,3462,Dairy FMMOS,DY-NA,Washington,DC,"Washington, DC",Washington,DC,FMMOS,FMMOS - non-mars,04/09/2021 07:44:00,2004,2004-JAN,656,component,lmprs,
Dec,2004,,Southwest,126.0,"8,790",Producer Milk Components,AMS_3462,3462,Dairy FMMOS,DY-NA,Washington,DC,"Washington, DC",Washington,DC,FMMOS,FMMOS - non-mars,04/09/2021 07:44:00,2004,2004-JAN,798,component,lmprs,
Dec,2004,,Upper Midwest,30.0,"17,302",Producer Milk Components,AMS_3462,3462,Dairy FMMOS,DY-NA,Washington,DC,"Washington, DC",Washington,DC,FMMOS,FMMOS - non-mars,04/09/2021 07:44:00,2004,2004-JAN,"2,209",component,lmprs,
Dec,2004,,Western,135.0,"1,096",Producer Milk Components,AMS_3462,3462,Dairy FMMOS,DY-NA,Washington,DC,"Washington, DC",Washington,DC,FMMOS,FMMOS - non-mars,04/09/2021 07:44:00,2004,2004-JAN,476,component,lmprs,
Dec,2005,,Upper Midwest,30.0,"22,450",Producer Milk Components,AMS_3462,3462,Dairy FMMOS,DY-NA,Washington,DC,"Washington, DC",Washington,DC,FMMOS,FMMOS - non-mars,03/30/2021 14:16:00,2005,2005-JAN,"2,240",component,lmprs,
Dec,2005,,Southwest,126.0,"9,579",Producer Milk Components,AMS_3462,3462,Dairy FMMOS,DY-NA,Washington,DC,"Washington, DC",Washington,DC,FMMOS,FMMOS - non-mars,03/30/2021 14:16:00,2005,2005-JAN,798,component,lmprs,
Dec,2005,,Southeast,7.0,"7,544",Producer Milk Components,AMS_3462,3462,Dairy FMMOS,DY-NA,Washington,DC,"Washington, DC",Washington,DC,FMMOS,FMMOS - non-mars,03/30/2021 14:16:00,2005,2005-JAN,656,component,lmprs,
Dec,2005,,Northeast,1.0,"23,565",Producer Milk Components,AMS_3462,3462,Dairy FMMOS,DY-NA,Washington,DC,"Washington, DC",Washington,DC,FMMOS,FMMOS - non-mars,03/30/2021 14:16:00,2005,2005-JAN,"2,001",component,lmprs,
Dec,2005,,Pacific Northwest,124.0,"7,046",Producer Milk Components,AMS_3462,3462,Dairy FMMOS,DY-NA,Washington,DC,"Washington, DC",Washington,DC,FMMOS,FMMOS - non-mars,03/30/2021 14:16:00,2005,2005-JAN,589,component,lmprs,
Dec,2005,,Mideast,33.0,"18,060",Producer Milk Components,AMS_3462,3462,Dairy FMMOS,DY-NA,Washington,DC,"Washington, DC",Washington,DC,FMMOS,FMMOS - non-mars,03/30/2021 14:16:00,2005,2005-JAN,"1,558",component,lmprs,
Dec,2005,,Florida,6.0,"3,125",Producer Milk Components,AMS_3462,3462,Dairy FMMOS,DY-NA,Washington,DC,"Washington, DC",Washington,DC,FMMOS,FMMOS - non-mars,03/30/2021 14:16:00,2005,2005-JAN,270,component,lmprs,
Dec,2005,,Central,32.0,"13,966",Producer Milk Components,AMS_3462,3462,Dairy FMMOS,DY-NA,Washington,DC,"Washington, DC",Washington,DC,FMMOS,FMMOS - non-mars,03/30/2021 14:16:00,2005,2005-JAN,"1,250",component,lmprs,
Dec,2005,,Appalachian,5.0,"6,400",Producer Milk Components,AMS_3462,3462,Dairy FMMOS,DY-NA,Washington,DC,"Washington, DC",Washington,DC,FMMOS,FMMOS - non-mars,03/30/2021 14:16:00,2005,2005-JAN,559,component,lmprs,
Dec,2005,,Arizona,131.0,"2,948",Producer Milk Components,AMS_3462,3462,Dairy FMMOS,DY-NA,Washington,DC,"Washington, DC",Washington,DC,FMMOS,FMMOS - non-mars,03/30/2021 14:16:00,2005,2005-JAN,252,component,lmprs,
Dec,2005,,All Markets Combined,,"114,682",Producer Milk Components,AMS_3462,3462,Dairy FMMOS,DY-NA,Washington,DC,"Washington, DC",Washington,DC,FMMOS,FMMOS - non-mars,03/30/2021 14:16:00,2005,2005-JAN,"10,173",component,lmprs,
Dec,2006,,All Markets Combined,,"120,618",Producer Milk Components,AMS_3462,3462,Dairy FMMOS,DY-NA,Washington,DC,"Washington, DC",Washington,DC,FMMOS,FMMOS - non-mars,03/30/2021 14:16:00,2006,2006-JAN,"10,329",component,lmprs,
Dec,2006,,Arizona,131.0,"3,383",Producer Milk Components,AMS_3462,3462,Dairy FMMOS,DY-NA,Washington,DC,"Washington, DC",Washington,DC,FMMOS,FMMOS - non-mars,03/30/2021 14:16:00,2006,2006-JAN,269,component,lmprs,
Dec,2006,,Appalachian,5.0,"6,243",Producer Milk Components,AMS_3462,3462,Dairy FMMOS,DY-NA,Washington,DC,"Washington, DC",Washington,DC,FMMOS,FMMOS - non-mars,03/30/2021 14:16:00,2006,2006-JAN,520,component,lmprs,
Dec,2006,,Central,32.0,"13,917",Producer Milk Components,AMS_3462,3462,Dairy FMMOS,DY-NA,Washington,DC,"Washington, DC",Washington,DC,FMMOS,FMMOS - non-mars,03/30/2021 14:16:00,2006,2006-JAN,"1,245",component,lmprs,
Dec,2006,,Florida,6.0,"3,126",Producer Milk Components,AMS_3462,3462,Dairy FMMOS,DY-NA,Washington,DC,"Washington, DC",Washington,DC,FMMOS,FMMOS - non-mars,03/30/2021 14:16:00,2006,2006-JAN,279,component,lmprs,
Dec,2006,,Mideast,33.0,"17,189",Producer Milk Components,AMS_3462,3462,Dairy FMMOS,DY-NA,Washington,DC,"Washington, DC",Washington,DC,FMMOS,FMMOS - non-mars,03/30/2021 14:16:00,2006,2006-JAN,"1,512",component,lmprs,
Dec,2006,,Pacific Northwest,124.0,"7,570",Producer Milk Components,AMS_3462,3462,Dairy FMMOS,DY-NA,Washington,DC,"Washington, DC",Washington,DC,FMMOS,FMMOS - non-mars,03/30/2021 14:16:00,2006,2006-JAN,627,component,lmprs,
Dec,2006,,Northeast,1.0,"22,680",Producer Milk Components,AMS_3462,3462,Dairy FMMOS,DY-NA,Washington,DC,"Washington, DC",Washington,DC,FMMOS,FMMOS - non-mars,03/30/2021 14:16:00,2006,2006-JAN,"1,986",component,lmprs,
Dec,2006,,Southeast,7.0,"8,055",Producer Milk Components,AMS_3462,3462,Dairy FMMOS,DY-NA,Washington,DC,"Washington, DC",Washington,DC,FMMOS,FMMOS - non-mars,03/30/2021 14:16:00,2006,2006-JAN,773,component,lmprs,
Dec,2006,,Southwest,126.0,"11,600",Producer Milk Components,AMS_3462,3462,Dairy FMMOS,DY-NA,Washington,DC,"Washington, DC",Washington,DC,FMMOS,FMMOS - non-mars,03/30/2021 14:16:00,2006,2006-JAN,900,component,lmprs,
Dec,2006,,Upper Midwest,30.0,"26,855",Producer Milk Components,AMS_3462,3462,Dairy FMMOS,DY-NA,Washington,DC,"Washington, DC",Washington,DC,FMMOS,FMMOS - non-mars,03/30/2021 14:16:00,2006,2006-JAN,"2,217",component,lmprs,
Dec,2007,,Upper Midwest,30.0,"26,490",Producer Milk Components,AMS_3462,3462,Dairy FMMOS,DY-NA,Washington,DC,"Washington, DC",Washington,DC,FMMOS,FMMOS - non-mars,03/30/2021 14:16:00,2007,2007-JAN,"2,655",component,lmprs,
Dec,2007,,Southwest,126.0,"9,990",Producer Milk Components,AMS_3462,3462,Dairy FMMOS,DY-NA,Washington,DC,"Washington, DC",Washington,DC,FMMOS,FMMOS - non-mars,03/30/2021 14:16:00,2007,2007-JAN,957,component,lmprs,
Dec,2007,,Southeast,7.0,"7,521",Producer Milk Components,AMS_3462,3462,Dairy FMMOS,DY-NA,Washington,DC,"Washington, DC",Washington,DC,FMMOS,FMMOS - non-mars,03/30/2021 14:16:00,2007,2007-JAN,737,component,lmprs,
Dec,2007,,Northeast,1.0,"23,040",Producer Milk Components,AMS_3462,3462,Dairy FMMOS,DY-NA,Washington,DC,"Washington, DC",Washington,DC,FMMOS,FMMOS - non-mars,03/30/2021 14:16:00,2007,2007-JAN,"1,879",component,lmprs,
Dec,2007,,Pacific Northwest,124.0,"7,036",Producer Milk Components,AMS_3462,3462,Dairy FMMOS,DY-NA,Washington,DC,"Washington, DC",Washington,DC,FMMOS,FMMOS - non-mars,03/30/2021 14:16:00,2007,2007-JAN,632,component,lmprs,
Dec,2007,,Mideast,33.0,"16,268",Producer Milk Components,AMS_3462,3462,Dairy FMMOS,DY-NA,Washington,DC,"Washington, DC",Washington,DC,FMMOS,FMMOS - non-mars,03/30/2021 14:16:00,2007,2007-JAN,"1,472",component,lmprs,
Dec,2007,,Florida,6.0,"3,207",Producer Milk Components,AMS_3462,3462,Dairy FMMOS,DY-NA,Washington,DC,"Washington, DC",Washington,DC,FMMOS,FMMOS - non-mars,03/30/2021 14:16:00,2007,2007-JAN,288,component,lmprs,
Dec,2007,,Central,32.0,"11,193",Producer Milk Components,AMS_3462,3462,Dairy FMMOS,DY-NA,Washington,DC,"Washington, DC",Washington,DC,FMMOS,FMMOS - non-mars,03/30/2021 14:16:00,2007,2007-JAN,"1,030",component,lmprs,
Dec,2007,,Appalachian,5.0,"5,865",Producer Milk Components,AMS_3462,3462,Dairy FMMOS,DY-NA,Washington,DC,"Washington, DC",Washington,DC,FMMOS,FMMOS - non-mars,03/30/2021 14:16:00,2007,2007-JAN,550,component,lmprs,
Dec,2007,,Arizona,131.0,"3,799",Producer Milk Components,AMS_3462,3462,Dairy FMMOS,DY-NA,Washington,DC,"Washington, DC",Washington,DC,FMMOS,FMMOS - non-mars,03/30/2021 14:16:00,2007,2007-JAN,316,component,lmprs,
Dec,2007,,All Markets Combined,,"114,407",Producer Milk Components,AMS_3462,3462,Dairy FMMOS,DY-NA,Washington,DC,"Washington, DC",Washington,DC,FMMOS,FMMOS - non-mars,03/30/2021 14:16:00,2007,2007-JAN,"10,515",component,lmprs,
Dec,2008,,All Markets Combined,,"115,867",Producer Milk Components,AMS_3462,3462,Dairy FMMOS,DY-NA,Washington,DC,"Washington, DC",Washington,DC,FMMOS,FMMOS - non-mars,03/30/2021 14:15:00,2008,2008-JAN,"10,361",component,lmprs,
Dec,2008,,Arizona,131.0,"4,156",Producer Milk Components,AMS_3462,3462,Dairy FMMOS,DY-NA,Washington,DC,"Washington, DC",Washington,DC,FMMOS,FMMOS - non-mars,03/30/2021 14:15:00,2008,2008-JAN,340,component,lmprs,
Dec,2008,,Appalachian,5.0,"5,882",Producer Milk Components,AMS_3462,3462,Dairy FMMOS,DY-NA,Washington,DC,"Washington, DC",Washington,DC,FMMOS,FMMOS - non-mars,03/30/2021 14:15:00,2008,2008-JAN,513,component,lmprs,
Dec,2008,,Central,32.0,"11,564",Producer Milk Components,AMS_3462,3462,Dairy FMMOS,DY-NA,Washington,DC,"Washington, DC",Washington,DC,FMMOS,FMMOS - non-mars,03/30/2021 14:15:00,2008,2008-JAN,"1,105",component,lmprs,
Dec,2008,,Florida,6.0,"3,130",Producer Milk Components,AMS_3462,3462,Dairy FMMOS,DY-NA,Washington,DC,"Washington, DC",Washington,DC,FMMOS,FMMOS - non-mars,03/30/2021 14:15:00,2008,2008-JAN,283,component,lmprs,
Dec,2008,,Mideast,33.0,"15,707",Producer Milk Components,AMS_3462,3462,Dairy FMMOS,DY-NA,Washington,DC,"Washington, DC",Washington,DC,FMMOS,FMMOS - non-mars,03/30/2021 14:15:00,2008,2008-JAN,"1,469",component,lmprs,
Dec,2008,,Pacific Northwest,124.0,"6,882",Producer Milk Components,AMS_3462,3462,Dairy FMMOS,DY-NA,Washington,DC,"Washington, DC",Washington,DC,FMMOS,FMMOS - non-mars,03/30/2021 14:15:00,2008,2008-JAN,585,component,lmprs,
Dec,2008,,Northeast,1.0,"23,895",Producer Milk Components,AMS_3462,3462,Dairy FMMOS,DY-NA,Washington,DC,"Washington, DC",Washington,DC,FMMOS,FMMOS - non-mars,03/30/2021 14:15:00,2008,2008-JAN,"2,050",component,lmprs,
Dec,2008,,Southeast,7.0,"6,923",Producer Milk Components,AMS_3462,3462,Dairy FMMOS,DY-NA,Washington,DC,"Washington, DC",Washington,DC,FMMOS,FMMOS - non-mars,03/30/2021 14:15:00,2008,2008-JAN,642,component,lmprs,
Dec,2008,,Southwest,126.0,"9,687",Producer Milk Components,AMS_3462,3462,Dairy FMMOS,DY-NA,Washington,DC,"Washington, DC",Washington,DC,FMMOS,FMMOS - non-mars,03/30/2021 14:15:00,2008,2008-JAN,834,component,lmprs,
Dec,2008,,Upper Midwest,30.0,"28,041",Producer Milk Components,AMS_3462,3462,Dairy FMMOS,DY-NA,Washington,DC,"Washington, DC",Washington,DC,FMMOS,FMMOS - non-mars,03/30/2021 14:15:00,2008,2008-JAN,"2,538",component,lmprs,
Dec,2009,,Upper Midwest,30.0,"32,184",Producer Milk Components,AMS_3462,3462,Dairy FMMOS,DY-NA,Washington,DC,"Washington, DC",Washington,DC,FMMOS,FMMOS - non-mars,03/30/2021 14:15:00,2009,2009-JAN,"2,751",component,lmprs,
Dec,2009,,Southwest,126.0,"10,809",Producer Milk Components,AMS_3462,3462,Dairy FMMOS,DY-NA,Washington,DC,"Washington, DC",Washington,DC,FMMOS,FMMOS - non-mars,03/30/2021 14:15:00,2009,2009-JAN,"1,089",component,lmprs,
Dec,2009,,Southeast,7.0,"7,169",Producer Milk Components,AMS_3462,3462,Dairy FMMOS,DY-NA,Washington,DC,"Washington, DC",Washington,DC,FMMOS,FMMOS - non-mars,03/30/2021 14:15:00,2009,2009-JAN,607,component,lmprs,
Dec,2009,,Northeast,1.0,"23,497",Producer Milk Components,AMS_3462,3462,Dairy FMMOS,DY-NA,Washington,DC,"Washington, DC",Washington,DC,FMMOS,FMMOS - non-mars,03/30/2021 14:15:00,2009,2009-JAN,"2,018",component,lmprs,
Dec,2009,,Pacific Northwest,124.0,"7,470",Producer Milk Components,AMS_3462,3462,Dairy FMMOS,DY-NA,Washington,DC,"Washington, DC",Washington,DC,FMMOS,FMMOS - non-mars,03/30/2021 14:15:00,2009,2009-JAN,692,component,lmprs,
Dec,2009,,Mideast,33.0,"16,596",Producer Milk Components,AMS_3462,3462,Dairy FMMOS,DY-NA,Washington,DC,"Washington, DC",Washington,DC,FMMOS,FMMOS - non-mars,03/30/2021 14:15:00,2009,2009-JAN,"1,392",component,lmprs,
Dec,2009,,Florida,6.0,"3,027",Producer Milk Components,AMS_3462,3462,Dairy FMMOS,DY-NA,Washington,DC,"Washington, DC",Washington,DC,FMMOS,FMMOS - non-mars,03/30/2021 14:15:00,2009,2009-JAN,286,component,lmprs,
Dec,2009,,Central,32.0,"12,685",Producer Milk Components,AMS_3462,3462,Dairy FMMOS,DY-NA,Washington,DC,"Washington, DC",Washington,DC,FMMOS,FMMOS - non-mars,03/30/2021 14:15:00,2009,2009-JAN,"1,075",component,lmprs,
Dec,2009,,Appalachian,5.0,"5,950",Producer Milk Components,AMS_3462,3462,Dairy FMMOS,DY-NA,Washington,DC,"Washington, DC",Washington,DC,FMMOS,FMMOS - non-mars,03/30/2021 14:15:00,2009,2009-JAN,519,component,lmprs,
Dec,2009,,Arizona,131.0,"4,042",Producer Milk Components,AMS_3462,3462,Dairy FMMOS,DY-NA,Washington,DC,"Washington, DC",Washington,DC,FMMOS,FMMOS - non-mars,03/30/2021 14:15:00,2009,2009-JAN,367,component,lmprs,
Dec,2009,,All Markets Combined,,"123,430",Producer Milk Components,AMS_3462,3462,Dairy FMMOS,DY-NA,Washington,DC,"Washington, DC",Washington,DC,FMMOS,FMMOS - non-mars,03/30/2021 14:15:00,2009,2009-JAN,"10,796",component,lmprs,
Dec,2010,,All Markets Combined,,"126,909",Producer Milk Components,AMS_3462,3462,Dairy FMMOS,DY-NA,Washington,DC,"Washington, DC",Washington,DC,FMMOS,FMMOS - non-mars,03/30/2021 14:14:00,2010,2010-JAN,"10,698",component,lmprs,
Dec,2010,,Arizona,131.0,"4,232",Producer Milk Components,AMS_3462,3462,Dairy FMMOS,DY-NA,Washington,DC,"Washington, DC",Washington,DC,FMMOS,FMMOS - non-mars,03/30/2021 14:14:00,2010,2010-JAN,357,component,lmprs,
Dec,2010,,Appalachian,5.0,"6,042",Producer Milk Components,AMS_3462,3462,Dairy FMMOS,DY-NA,Washington,DC,"Washington, DC",Washington,DC,FMMOS,FMMOS - non-mars,03/30/2021 14:14:00,2010,2010-JAN,512,component,lmprs,
Dec,2010,,Central,32.0,"13,352",Producer Milk Components,AMS_3462,3462,Dairy FMMOS,DY-NA,Washington,DC,"Washington, DC",Washington,DC,FMMOS,FMMOS - non-mars,03/30/2021 14:14:00,2010,2010-JAN,"1,146",component,lmprs,
Dec,2010,,Florida,6.0,"2,902",Producer Milk Components,AMS_3462,3462,Dairy FMMOS,DY-NA,Washington,DC,"Washington, DC",Washington,DC,FMMOS,FMMOS - non-mars,03/30/2021 14:14:00,2010,2010-JAN,265,component,lmprs,
Dec,2010,,Mideast,33.0,"16,022",Producer Milk Components,AMS_3462,3462,Dairy FMMOS,DY-NA,Washington,DC,"Washington, DC",Washington,DC,FMMOS,FMMOS - non-mars,03/30/2021 14:14:00,2010,2010-JAN,"1,416",component,lmprs,
Dec,2010,,Pacific Northwest,124.0,"8,011",Producer Milk Components,AMS_3462,3462,Dairy FMMOS,DY-NA,Washington,DC,"Washington, DC",Washington,DC,FMMOS,FMMOS - non-mars,03/30/2021 14:14:00,2010,2010-JAN,685,component,lmprs,
Dec,2010,,Northeast,1.0,"24,335",Producer Milk Components,AMS_3462,3462,Dairy FMMOS,DY-NA,Washington,DC,"Washington, DC",Washington,DC,FMMOS,FMMOS - non-mars,03/30/2021 14:14:00,2010,2010-JAN,"1,960",component,lmprs,
Dec,2010,,Southeast,7.0,"7,001",Producer Milk Components,AMS_3462,3462,Dairy FMMOS,DY-NA,Washington,DC,"Washington, DC",Washington,DC,FMMOS,FMMOS - non-mars,03/30/2021 14:14:00,2010,2010-JAN,597,component,lmprs,
Dec,2010,,Southwest,126.0,"11,210",Producer Milk Components,AMS_3462,3462,Dairy FMMOS,DY-NA,Washington,DC,"Washington, DC",Washington,DC,FMMOS,FMMOS - non-mars,03/30/2021 14:14:00,2010,2010-JAN,881,component,lmprs,
Dec,2010,,Upper Midwest,30.0,"33,803",Producer Milk Components,AMS_3462,3462,Dairy FMMOS,DY-NA,Washington,DC,"Washington, DC",Washington,DC,FMMOS,FMMOS - non-mars,03/30/2021 14:14:00,2010,2010-JAN,"2,880",component,lmprs,
Dec,2011,,Southwest,126.0,"11,233",Producer Milk Components,AMS_3462,3462,Dairy FMMOS,DY-NA,Washington,DC,"Washington, DC",Washington,DC,FMMOS,FMMOS - non-mars,03/30/2021 14:14:00,2011,2011-JAN,"1,001",component,lmprs,
Dec,2011,,Upper Midwest,30.0,"32,766",Producer Milk Components,AMS_3462,3462,Dairy FMMOS,DY-NA,Washington,DC,"Washington, DC",Washington,DC,FMMOS,FMMOS - non-mars,03/30/2021 14:14:00,2011,2011-JAN,"2,843",component,lmprs,
Dec,2011,,Southeast,7.0,"7,057",Producer Milk Components,AMS_3462,3462,Dairy FMMOS,DY-NA,Washington,DC,"Washington, DC",Washington,DC,FMMOS,FMMOS - non-mars,03/30/2021 14:14:00,2011,2011-JAN,629,component,lmprs,
Dec,2011,,Pacific Northwest,124.0,"8,023",Producer Milk Components,AMS_3462,3462,Dairy FMMOS,DY-NA,Washington,DC,"Washington, DC",Washington,DC,FMMOS,FMMOS - non-mars,03/30/2021 14:14:00,2011,2011-JAN,668,component,lmprs,
Dec,2011,,Mideast,33.0,"15,939",Producer Milk Components,AMS_3462,3462,Dairy FMMOS,DY-NA,Washington,DC,"Washington, DC",Washington,DC,FMMOS,FMMOS - non-mars,03/30/2021 14:14:00,2011,2011-JAN,"1,246",component,lmprs,
Dec,2011,,Northeast,1.0,"24,358",Producer Milk Components,AMS_3462,3462,Dairy FMMOS,DY-NA,Washington,DC,"Washington, DC",Washington,DC,FMMOS,FMMOS - non-mars,03/30/2021 14:14:00,2011,2011-JAN,"2,142",component,lmprs,
Dec,2011,,Florida,6.0,"2,919",Producer Milk Components,AMS_3462,3462,Dairy FMMOS,DY-NA,Washington,DC,"Washington, DC",Washington,DC,FMMOS,FMMOS - non-mars,03/30/2021 14:14:00,2011,2011-JAN,265,component,lmprs,
Dec,2011,,Central,32.0,"13,938",Producer Milk Components,AMS_3462,3462,Dairy FMMOS,DY-NA,Washington,DC,"Washington, DC",Washington,DC,FMMOS,FMMOS - non-mars,03/30/2021 14:14:00,2011,2011-JAN,"1,144",component,lmprs,
Dec,2011,,Appalachian,5.0,"6,128",Producer Milk Components,AMS_3462,3462,Dairy FMMOS,DY-NA,Washington,DC,"Washington, DC",Washington,DC,FMMOS,FMMOS - non-mars,03/30/2021 14:14:00,2011,2011-JAN,506,component,lmprs,
Dec,2011,,Arizona,131.0,"4,518",Producer Milk Components,AMS_3462,3462,Dairy FMMOS,DY-NA,Washington,DC,"Washington, DC",Washington,DC,FMMOS,FMMOS - non-mars,03/30/2021 14:14:00,2011,2011-JAN,385,component,lmprs,
Dec,2011,,All Markets Combined,,"126,879",Producer Milk Components,AMS_3462,3462,Dairy FMMOS,DY-NA,Washington,DC,"Washington, DC",Washington,DC,FMMOS,FMMOS - non-mars,03/30/2021 14:14:00,2011,2011-JAN,"10,828",component,lmprs,
Dec,2012,,All Markets Combined,,"122,388",Producer Milk Components,AMS_3462,3462,Dairy FMMOS,DY-NA,Washington,DC,"Washington, DC",Washington,DC,FMMOS,FMMOS - non-mars,03/30/2021 14:13:00,2012,2012-JAN,"11,345",component,lmprs,
Dec,2012,,Arizona,131.0,"4,556",Producer Milk Components,AMS_3462,3462,Dairy FMMOS,DY-NA,Washington,DC,"Washington, DC",Washington,DC,FMMOS,FMMOS - non-mars,03/30/2021 14:13:00,2012,2012-JAN,410,component,lmprs,
Dec,2012,,Appalachian,5.0,"5,863",Producer Milk Components,AMS_3462,3462,Dairy FMMOS,DY-NA,Washington,DC,"Washington, DC",Washington,DC,FMMOS,FMMOS - non-mars,03/30/2021 14:13:00,2012,2012-JAN,542,component,lmprs,
Dec,2012,,Central,32.0,"13,389",Producer Milk Components,AMS_3462,3462,Dairy FMMOS,DY-NA,Washington,DC,"Washington, DC",Washington,DC,FMMOS,FMMOS - non-mars,03/30/2021 14:13:00,2012,2012-JAN,"1,312",component,lmprs,
Dec,2012,,Florida,6.0,"2,890",Producer Milk Components,AMS_3462,3462,Dairy FMMOS,DY-NA,Washington,DC,"Washington, DC",Washington,DC,FMMOS,FMMOS - non-mars,03/30/2021 14:13:00,2012,2012-JAN,257,component,lmprs,
Dec,2012,,Northeast,1.0,"24,695",Producer Milk Components,AMS_3462,3462,Dairy FMMOS,DY-NA,Washington,DC,"Washington, DC",Washington,DC,FMMOS,FMMOS - non-mars,03/30/2021 14:13:00,2012,2012-JAN,"2,068",component,lmprs,
Dec,2012,,Mideast,33.0,"16,806",Producer Milk Components,AMS_3462,3462,Dairy FMMOS,DY-NA,Washington,DC,"Washington, DC",Washington,DC,FMMOS,FMMOS - non-mars,03/30/2021 14:13:00,2012,2012-JAN,"1,522",component,lmprs,
Dec,2012,,Pacific Northwest,124.0,"6,719",Producer Milk Components,AMS_3462,3462,Dairy FMMOS,DY-NA,Washington,DC,"Washington, DC",Washington,DC,FMMOS,FMMOS - non-mars,03/30/2021 14:13:00,2012,2012-JAN,701,component,lmprs,
Dec,2012,,Southeast,7.0,"6,794",Producer Milk Components,AMS_3462,3462,Dairy FMMOS,DY-NA,Washington,DC,"Washington, DC",Washington,DC,FMMOS,FMMOS - non-mars,03/30/2021 14:13:00,2012,2012-JAN,603,component,lmprs,
Dec,2012,,Upper Midwest,30.0,"30,684",Producer Milk Components,AMS_3462,3462,Dairy FMMOS,DY-NA,Washington,DC,"Washington, DC",Washington,DC,FMMOS,FMMOS - non-mars,03/30/2021 14:13:00,2012,2012-JAN,"2,875",component,lmprs,
Dec,2012,,Southwest,126.0,"9,994",Producer Milk Components,AMS_3462,3462,Dairy FMMOS,DY-NA,Washington,DC,"Washington, DC",Washington,DC,FMMOS,FMMOS - non-mars,03/30/2021 14:13:00,2012,2012-JAN,"1,055",component,lmprs,
Dec,2013,,Southwest,126.0,"12,901",Producer Milk Components,AMS_3462,3462,Dairy FMMOS,DY-NA,Washington,DC,"Washington, DC",Washington,DC,FMMOS,FMMOS - non-mars,03/30/2021 14:13:00,2013,2013-JAN,"1,259",component,lmprs,
Dec,2013,,Upper Midwest,30.0,"34,315",Producer Milk Components,AMS_3462,3462,Dairy FMMOS,DY-NA,Washington,DC,"Washington, DC",Washington,DC,FMMOS,FMMOS - non-mars,03/30/2021 14:13:00,2013,2013-JAN,"3,030",component,lmprs,
Dec,2013,,Southeast,7.0,"6,129",Producer Milk Components,AMS_3462,3462,Dairy FMMOS,DY-NA,Washington,DC,"Washington, DC",Washington,DC,FMMOS,FMMOS - non-mars,03/30/2021 14:13:00,2013,2013-JAN,580,component,lmprs,
Dec,2013,,Pacific Northwest,124.0,"8,239",Producer Milk Components,AMS_3462,3462,Dairy FMMOS,DY-NA,Washington,DC,"Washington, DC",Washington,DC,FMMOS,FMMOS - non-mars,03/30/2021 14:13:00,2013,2013-JAN,699,component,lmprs,
Dec,2013,,Mideast,33.0,"16,719",Producer Milk Components,AMS_3462,3462,Dairy FMMOS,DY-NA,Washington,DC,"Washington, DC",Washington,DC,FMMOS,FMMOS - non-mars,03/30/2021 14:13:00,2013,2013-JAN,"1,533",component,lmprs,
Dec,2013,,Northeast,1.0,"25,420",Producer Milk Components,AMS_3462,3462,Dairy FMMOS,DY-NA,Washington,DC,"Washington, DC",Washington,DC,FMMOS,FMMOS - non-mars,03/30/2021 14:13:00,2013,2013-JAN,"2,150",component,lmprs,
Dec,2013,,Florida,6.0,"2,833",Producer Milk Components,AMS_3462,3462,Dairy FMMOS,DY-NA,Washington,DC,"Washington, DC",Washington,DC,FMMOS,FMMOS - non-mars,03/30/2021 14:13:00,2013,2013-JAN,255,component,lmprs,
Dec,2013,,Central,32.0,"15,199",Producer Milk Components,AMS_3462,3462,Dairy FMMOS,DY-NA,Washington,DC,"Washington, DC",Washington,DC,FMMOS,FMMOS - non-mars,03/30/2021 14:13:00,2013,2013-JAN,"1,193",component,lmprs,
Dec,2013,,Arizona,131.0,"4,615",Producer Milk Components,AMS_3462,3462,Dairy FMMOS,DY-NA,Washington,DC,"Washington, DC",Washington,DC,FMMOS,FMMOS - non-mars,03/30/2021 14:13:00,2013,2013-JAN,398,component,lmprs,
Dec,2013,,All Markets Combined,,"132,100",Producer Milk Components,AMS_3462,3462,Dairy FMMOS,DY-NA,Washington,DC,"Washington, DC",Washington,DC,FMMOS,FMMOS - non-mars,03/30/2021 14:13:00,2013,2013-JAN,"11,609",component,lmprs,
Dec,2013,,Appalachian,5.0,"5,729",Producer Milk Components,AMS_3462,3462,Dairy FMMOS,DY-NA,Washington,DC,"Washington, DC",Washington,DC,FMMOS,FMMOS - non-mars,03/30/2021 14:13:00,2013,2013-JAN,512,component,lmprs,
Dec,2014,,Appalachian,5.0,"5,594",Producer Milk Components,AMS_3462,3462,Dairy FMMOS,DY-NA,Washington,DC,"Washington, DC",Washington,DC,FMMOS,FMMOS - non-mars,03/30/2021 14:13:00,2014,2014-JAN,476,component,lmprs,
Dec,2014,,All Markets Combined,,"129,420",Producer Milk Components,AMS_3462,3462,Dairy FMMOS,DY-NA,Washington,DC,"Washington, DC",Washington,DC,FMMOS,FMMOS - non-mars,03/30/2021 14:13:00,2014,2014-JAN,"11,130",component,lmprs,
Dec,2014,,Arizona,131.0,"4,800",Producer Milk Components,AMS_3462,3462,Dairy FMMOS,DY-NA,Washington,DC,"Washington, DC",Washington,DC,FMMOS,FMMOS - non-mars,03/30/2021 14:13:00,2014,2014-JAN,416,component,lmprs,
Dec,2014,,Central,32.0,"15,063",Producer Milk Components,AMS_3462,3462,Dairy FMMOS,DY-NA,Washington,DC,"Washington, DC",Washington,DC,FMMOS,FMMOS - non-mars,03/30/2021 14:13:00,2014,2014-JAN,"1,332",component,lmprs,
Dec,2014,,Florida,6.0,"2,771",Producer Milk Components,AMS_3462,3462,Dairy FMMOS,DY-NA,Washington,DC,"Washington, DC",Washington,DC,FMMOS,FMMOS - non-mars,03/30/2021 14:13:00,2014,2014-JAN,259,component,lmprs,
Dec,2014,,Northeast,1.0,"25,793",Producer Milk Components,AMS_3462,3462,Dairy FMMOS,DY-NA,Washington,DC,"Washington, DC",Washington,DC,FMMOS,FMMOS - non-mars,03/30/2021 14:13:00,2014,2014-JAN,"2,180",component,lmprs,
Dec,2014,,Mideast,33.0,"17,297",Producer Milk Components,AMS_3462,3462,Dairy FMMOS,DY-NA,Washington,DC,"Washington, DC",Washington,DC,FMMOS,FMMOS - non-mars,03/30/2021 14:13:00,2014,2014-JAN,"1,322",component,lmprs,
Dec,2014,,Pacific Northwest,124.0,"7,892",Producer Milk Components,AMS_3462,3462,Dairy FMMOS,DY-NA,Washington,DC,"Washington, DC",Washington,DC,FMMOS,FMMOS - non-mars,03/30/2021 14:13:00,2014,2014-JAN,727,component,lmprs,
Dec,2014,,Southeast,7.0,"5,289",Producer Milk Components,AMS_3462,3462,Dairy FMMOS,DY-NA,Washington,DC,"Washington, DC",Washington,DC,FMMOS,FMMOS - non-mars,03/30/2021 14:13:00,2014,2014-JAN,467,component,lmprs,
Dec,2014,,Upper Midwest,30.0,"32,785",Producer Milk Components,AMS_3462,3462,Dairy FMMOS,DY-NA,Washington,DC,"Washington, DC",Washington,DC,FMMOS,FMMOS - non-mars,03/30/2021 14:13:00,2014,2014-JAN,"2,871",component,lmprs,
Dec,2014,,Southwest,126.0,"12,137",Producer Milk Components,AMS_3462,3462,Dairy FMMOS,DY-NA,Washington,DC,"Washington, DC",Washington,DC,FMMOS,FMMOS - non-mars,03/30/2021 14:13:00,2014,2014-JAN,"1,079",component,lmprs,
Dec,2015,,Southwest,126.0,"11,891",Producer Milk Components,AMS_3462,3462,Dairy FMMOS,DY-NA,Washington,DC,"Washington, DC",Washington,DC,FMMOS,FMMOS - non-mars,03/30/2021 14:12:00,2015,2015-JAN,"1,305",component,lmprs,
Dec,2015,,Upper Midwest,30.0,"30,318",Producer Milk Components,AMS_3462,3462,Dairy FMMOS,DY-NA,Washington,DC,"Washington, DC",Washington,DC,FMMOS,FMMOS - non-mars,03/30/2021 14:12:00,2015,2015-JAN,"3,109",component,lmprs,
Dec,2015,,Southeast,7.0,"5,205",Producer Milk Components,AMS_3462,3462,Dairy FMMOS,DY-NA,Washington,DC,"Washington, DC",Washington,DC,FMMOS,FMMOS - non-mars,03/30/2021 14:12:00,2015,2015-JAN,463,component,lmprs,
Dec,2015,,Pacific Northwest,124.0,"6,646",Producer Milk Components,AMS_3462,3462,Dairy FMMOS,DY-NA,Washington,DC,"Washington, DC",Washington,DC,FMMOS,FMMOS - non-mars,03/30/2021 14:12:00,2015,2015-JAN,580,component,lmprs,
Dec,2015,,Mideast,33.0,"18,376",Producer Milk Components,AMS_3462,3462,Dairy FMMOS,DY-NA,Washington,DC,"Washington, DC",Washington,DC,FMMOS,FMMOS - non-mars,03/30/2021 14:12:00,2015,2015-JAN,"1,689",component,lmprs,
Dec,2015,,Northeast,1.0,"26,039",Producer Milk Components,AMS_3462,3462,Dairy FMMOS,DY-NA,Washington,DC,"Washington, DC",Washington,DC,FMMOS,FMMOS - non-mars,03/30/2021 14:12:00,2015,2015-JAN,"2,219",component,lmprs,
Dec,2015,,Florida,6.0,"2,741",Producer Milk Components,AMS_3462,3462,Dairy FMMOS,DY-NA,Washington,DC,"Washington, DC",Washington,DC,FMMOS,FMMOS - non-mars,03/30/2021 14:12:00,2015,2015-JAN,249,component,lmprs,
Dec,2015,,Central,32.0,"14,476",Producer Milk Components,AMS_3462,3462,Dairy FMMOS,DY-NA,Washington,DC,"Washington, DC",Washington,DC,FMMOS,FMMOS - non-mars,03/30/2021 14:12:00,2015,2015-JAN,"1,424",component,lmprs,
Dec,2015,,Arizona,131.0,"4,788",Producer Milk Components,AMS_3462,3462,Dairy FMMOS,DY-NA,Washington,DC,"Washington, DC",Washington,DC,FMMOS,FMMOS - non-mars,03/30/2021 14:12:00,2015,2015-JAN,411,component,lmprs,
Dec,2015,,All Markets Combined,,"126,126",Producer Milk Components,AMS_3462,3462,Dairy FMMOS,DY-NA,Washington,DC,"Washington, DC",Washington,DC,FMMOS,FMMOS - non-mars,03/30/2021 14:12:00,2015,2015-JAN,"11,933",component,lmprs,
Dec,2015,,Appalachian,5.0,"5,646",Producer Milk Components,AMS_3462,3462,Dairy FMMOS,DY-NA,Washington,DC,"Washington, DC",Washington,DC,FMMOS,FMMOS - non-mars,03/30/2021 14:12:00,2015,2015-JAN,485,component,lmprs,
Dec,2016,,Appalachian,5.0,"5,595",Producer Milk Components,AMS_3462,3462,Dairy FMMOS,DY-NA,Washington,DC,"Washington, DC",Washington,DC,FMMOS,FMMOS - non-mars,03/30/2021 14:12:00,2016,2016-JAN,492,component,lmprs,
Dec,2016,,All Markets Combined,,"133,846",Producer Milk Components,AMS_3462,3462,Dairy FMMOS,DY-NA,Washington,DC,"Washington, DC",Washington,DC,FMMOS,FMMOS - non-mars,03/30/2021 14:12:00,2016,2016-JAN,"12,175",component,lmprs,
Dec,2016,,Arizona,131.0,"4,979",Producer Milk Components,AMS_3462,3462,Dairy FMMOS,DY-NA,Washington,DC,"Washington, DC",Washington,DC,FMMOS,FMMOS - non-mars,03/30/2021 14:12:00,2016,2016-JAN,432,component,lmprs,
Dec,2016,,Central,32.0,"15,088",Producer Milk Components,AMS_3462,3462,Dairy FMMOS,DY-NA,Washington,DC,"Washington, DC",Washington,DC,FMMOS,FMMOS - non-mars,03/30/2021 14:12:00,2016,2016-JAN,"1,375",component,lmprs,
Dec,2016,,Florida,6.0,"2,714",Producer Milk Components,AMS_3462,3462,Dairy FMMOS,DY-NA,Washington,DC,"Washington, DC",Washington,DC,FMMOS,FMMOS - non-mars,03/30/2021 14:12:00,2016,2016-JAN,248,component,lmprs,
Dec,2016,,Northeast,1.0,"27,007",Producer Milk Components,AMS_3462,3462,Dairy FMMOS,DY-NA,Washington,DC,"Washington, DC",Washington,DC,FMMOS,FMMOS - non-mars,03/30/2021 14:12:00,2016,2016-JAN,"2,253",component,lmprs,
Dec,2016,,Mideast,33.0,"19,655",Producer Milk Components,AMS_3462,3462,Dairy FMMOS,DY-NA,Washington,DC,"Washington, DC",Washington,DC,FMMOS,FMMOS - non-mars,03/30/2021 14:12:00,2016,2016-JAN,"1,705",component,lmprs,
Dec,2016,,Pacific Northwest,124.0,"7,883",Producer Milk Components,AMS_3462,3462,Dairy FMMOS,DY-NA,Washington,DC,"Washington, DC",Washington,DC,FMMOS,FMMOS - non-mars,03/30/2021 14:12:00,2016,2016-JAN,749,component,lmprs,
Dec,2016,,Southeast,7.0,"5,390",Producer Milk Components,AMS_3462,3462,Dairy FMMOS,DY-NA,Washington,DC,"Washington, DC",Washington,DC,FMMOS,FMMOS - non-mars,03/30/2021 14:12:00,2016,2016-JAN,472,component,lmprs,
Dec,2016,,Upper Midwest,30.0,"32,817",Producer Milk Components,AMS_3462,3462,Dairy FMMOS,DY-NA,Washington,DC,"Washington, DC",Washington,DC,FMMOS,FMMOS - non-mars,03/30/2021 14:12:00,2016,2016-JAN,"3,256",component,lmprs,
Dec,2016,,Southwest,126.0,"12,717",Producer Milk Components,AMS_3462,3462,Dairy FMMOS,DY-NA,Washington,DC,"Washington, DC",Washington,DC,FMMOS,FMMOS - non-mars,03/30/2021 14:12:00,2016,2016-JAN,"1,193",component,lmprs,
Dec,2017,,Southwest,126.0,"13,092",Producer Milk Components,AMS_3462,3462,Dairy FMMOS,DY-NA,Washington,DC,"Washington, DC",Washington,DC,FMMOS,FMMOS - non-mars,03/30/2021 14:11:00,2017,2017-JAN,"1,339",component,lmprs,
Dec,2017,,Upper Midwest,30.0,"32,312",Producer Milk Components,AMS_3462,3462,Dairy FMMOS,DY-NA,Washington,DC,"Washington, DC",Washington,DC,FMMOS,FMMOS - non-mars,03/30/2021 14:11:00,2017,2017-JAN,"2,543",component,lmprs,
Dec,2017,,Southeast,7.0,"5,452",Producer Milk Components,AMS_3462,3462,Dairy FMMOS,DY-NA,Washington,DC,"Washington, DC",Washington,DC,FMMOS,FMMOS - non-mars,03/30/2021 14:11:00,2017,2017-JAN,493,component,lmprs,
Dec,2017,,Pacific Northwest,124.0,"7,661",Producer Milk Components,AMS_3462,3462,Dairy FMMOS,DY-NA,Washington,DC,"Washington, DC",Washington,DC,FMMOS,FMMOS - non-mars,03/30/2021 14:11:00,2017,2017-JAN,604,component,lmprs,
Dec,2017,,Mideast,33.0,"20,241",Producer Milk Components,AMS_3462,3462,Dairy FMMOS,DY-NA,Washington,DC,"Washington, DC",Washington,DC,FMMOS,FMMOS - non-mars,03/30/2021 14:11:00,2017,2017-JAN,"1,742",component,lmprs,
Dec,2017,,Northeast,1.0,"27,397",Producer Milk Components,AMS_3462,3462,Dairy FMMOS,DY-NA,Washington,DC,"Washington, DC",Washington,DC,FMMOS,FMMOS - non-mars,03/30/2021 14:11:00,2017,2017-JAN,"2,351",component,lmprs,
Dec,2017,,Florida,6.0,"2,602",Producer Milk Components,AMS_3462,3462,Dairy FMMOS,DY-NA,Washington,DC,"Washington, DC",Washington,DC,FMMOS,FMMOS - non-mars,03/30/2021 14:11:00,2017,2017-JAN,232,component,lmprs,
Dec,2017,,Central,32.0,"15,879",Producer Milk Components,AMS_3462,3462,Dairy FMMOS,DY-NA,Washington,DC,"Washington, DC",Washington,DC,FMMOS,FMMOS - non-mars,03/30/2021 14:11:00,2017,2017-JAN,"1,270",component,lmprs,
Dec,2017,,Arizona,131.0,"5,065",Producer Milk Components,AMS_3462,3462,Dairy FMMOS,DY-NA,Washington,DC,"Washington, DC",Washington,DC,FMMOS,FMMOS - non-mars,03/30/2021 14:11:00,2017,2017-JAN,460,component,lmprs,
Dec,2017,,All Markets Combined,,"135,502",Producer Milk Components,AMS_3462,3462,Dairy FMMOS,DY-NA,Washington,DC,"Washington, DC",Washington,DC,FMMOS,FMMOS - non-mars,03/30/2021 14:11:00,2017,2017-JAN,"11,517",component,lmprs,
Dec,2017,,Appalachian,5.0,"5,801",Producer Milk Components,AMS_3462,3462,Dairy FMMOS,DY-NA,Washington,DC,"Washington, DC",Washington,DC,FMMOS,FMMOS - non-mars,03/30/2021 14:11:00,2017,2017-JAN,483,component,lmprs,
Dec,2018,,Appalachian,5.0,"5,734",Producer Milk Components,AMS_3462,3462,Dairy FMMOS,DY-NA,Washington,DC,"Washington, DC",Washington,DC,FMMOS,FMMOS - non-mars,03/30/2021 14:09:00,2018,2018-JAN,526,component,lmprs,
Dec,2018,,All Markets Combined,,"141,684",Producer Milk Components,AMS_3462,3462,Dairy FMMOS,DY-NA,Washington,DC,"Washington, DC",Washington,DC,FMMOS,FMMOS - non-mars,03/30/2021 14:09:00,2018,2018-JAN,"12,149",component,lmprs,
Dec,2018,,Arizona,131.0,"5,133",Producer Milk Components,AMS_3462,3462,Dairy FMMOS,DY-NA,Washington,DC,"Washington, DC",Washington,DC,FMMOS,FMMOS - non-mars,03/30/2021 14:09:00,2018,2018-JAN,482,component,lmprs,
Dec,2018,,Central,32.0,"16,604",Producer Milk Components,AMS_3462,3462,Dairy FMMOS,DY-NA,Washington,DC,"Washington, DC",Washington,DC,FMMOS,FMMOS - non-mars,03/30/2021 14:09:00,2018,2018-JAN,"1,456",component,lmprs,
Dec,2018,,California,51.0,"4,117",Producer Milk Components,AMS_3462,3462,Dairy FMMOS,DY-NA,Washington,DC,"Washington, DC",Washington,DC,FMMOS,FMMOS - non-mars,03/30/2021 14:09:00,2018,2018-JAN,,component,lmprs,
Dec,2018,,Florida,6.0,"2,565",Producer Milk Components,AMS_3462,3462,Dairy FMMOS,DY-NA,Washington,DC,"Washington, DC",Washington,DC,FMMOS,FMMOS - non-mars,03/30/2021 14:09:00,2018,2018-JAN,243,component,lmprs,
Dec,2018,,Northeast,1.0,"27,109",Producer Milk Components,AMS_3462,3462,Dairy FMMOS,DY-NA,Washington,DC,"Washington, DC",Washington,DC,FMMOS,FMMOS - non-mars,03/30/2021 14:09:00,2018,2018-JAN,"2,283",component,lmprs,
Dec,2018,,Mideast,33.0,"19,603",Producer Milk Components,AMS_3462,3462,Dairy FMMOS,DY-NA,Washington,DC,"Washington, DC",Washington,DC,FMMOS,FMMOS - non-mars,03/30/2021 14:09:00,2018,2018-JAN,"1,703",component,lmprs,
Dec,2018,,Pacific Northwest,124.0,"8,558",Producer Milk Components,AMS_3462,3462,Dairy FMMOS,DY-NA,Washington,DC,"Washington, DC",Washington,DC,FMMOS,FMMOS - non-mars,03/30/2021 14:09:00,2018,2018-JAN,742,component,lmprs,
Dec,2018,,Southeast,7.0,"5,209",Producer Milk Components,AMS_3462,3462,Dairy FMMOS,DY-NA,Washington,DC,"Washington, DC",Washington,DC,FMMOS,FMMOS - non-mars,03/30/2021 14:09:00,2018,2018-JAN,476,component,lmprs,
Dec,2018,,Upper Midwest,30.0,"33,323",Producer Milk Components,AMS_3462,3462,Dairy FMMOS,DY-NA,Washington,DC,"Washington, DC",Washington,DC,FMMOS,FMMOS - non-mars,03/30/2021 14:09:00,2018,2018-JAN,"2,850",component,lmprs,
Dec,2018,,Southwest,126.0,"13,727",Producer Milk Components,AMS_3462,3462,Dairy FMMOS,DY-NA,Washington,DC,"Washington, DC",Washington,DC,FMMOS,FMMOS - non-mars,03/30/2021 14:09:00,2018,2018-JAN,"1,388",component,lmprs,
Dec,2019,,Upper Midwest,30.0,"32,310",Producer Milk Components,AMS_3462,3462,Dairy FMMOS,DY-NA,Washington,DC,"Washington, DC",Washington,DC,FMMOS,FMMOS - non-mars,03/30/2021 14:09:00,2019,2019-JAN,"3,059",component,lmprs,
Dec,2019,,Southeast,7.0,"4,903",Producer Milk Components,AMS_3462,3462,Dairy FMMOS,DY-NA,Washington,DC,"Washington, DC",Washington,DC,FMMOS,FMMOS - non-mars,03/30/2021 14:09:00,2019,2019-JAN,439,component,lmprs,
Dec,2019,,Southwest,126.0,"12,900",Producer Milk Components,AMS_3462,3462,Dairy FMMOS,DY-NA,Washington,DC,"Washington, DC",Washington,DC,FMMOS,FMMOS - non-mars,03/30/2021 14:09:00,2019,2019-JAN,"1,182",component,lmprs,
Dec,2019,,Pacific Northwest,124.0,"8,496",Producer Milk Components,AMS_3462,3462,Dairy FMMOS,DY-NA,Washington,DC,"Washington, DC",Washington,DC,FMMOS,FMMOS - non-mars,03/30/2021 14:09:00,2019,2019-JAN,770,component,lmprs,
Dec,2019,,Northeast,1.0,"26,752",Producer Milk Components,AMS_3462,3462,Dairy FMMOS,DY-NA,Washington,DC,"Washington, DC",Washington,DC,FMMOS,FMMOS - non-mars,03/30/2021 14:09:00,2019,2019-JAN,"2,287",component,lmprs,
Dec,2019,,Florida,6.0,"2,510",Producer Milk Components,AMS_3462,3462,Dairy FMMOS,DY-NA,Washington,DC,"Washington, DC",Washington,DC,FMMOS,FMMOS - non-mars,03/30/2021 14:09:00,2019,2019-JAN,232,component,lmprs,
Dec,2019,,Mideast,33.0,"18,942",Producer Milk Components,AMS_3462,3462,Dairy FMMOS,DY-NA,Washington,DC,"Washington, DC",Washington,DC,FMMOS,FMMOS - non-mars,03/30/2021 14:09:00,2019,2019-JAN,"1,541",component,lmprs,
Dec,2019,,California,51.0,"24,272",Producer Milk Components,AMS_3462,3462,Dairy FMMOS,DY-NA,Washington,DC,"Washington, DC",Washington,DC,FMMOS,FMMOS - non-mars,03/30/2021 14:09:00,2019,2019-JAN,"2,019",component,lmprs,
Dec,2019,,Central,32.0,"15,260",Producer Milk Components,AMS_3462,3462,Dairy FMMOS,DY-NA,Washington,DC,"Washington, DC",Washington,DC,FMMOS,FMMOS - non-mars,03/30/2021 14:09:00,2019,2019-JAN,"1,425",component,lmprs,
Dec,2019,,Arizona,131.0,"4,840",Producer Milk Components,AMS_3462,3462,Dairy FMMOS,DY-NA,Washington,DC,"Washington, DC",Washington,DC,FMMOS,FMMOS - non-mars,03/30/2021 14:09:00,2019,2019-JAN,446,component,lmprs,
Dec,2019,,All Markets Combined,,"156,510",Producer Milk Components,AMS_3462,3462,Dairy FMMOS,DY-NA,Washington,DC,"Washington, DC",Washington,DC,FMMOS,FMMOS - non-mars,03/30/2021 14:09:00,2019,2019-JAN,"13,888",component,lmprs,
Dec,2019,,Appalachian,5.0,"5,327",Producer Milk Components,AMS_3462,3462,Dairy FMMOS,DY-NA,Washington,DC,"Washington, DC",Washington,DC,FMMOS,FMMOS - non-mars,03/30/2021 14:09:00,2019,2019-JAN,488,component,lmprs,
Dec,2020,,Appalachian,5.0,"5,322",Producer Milk Components,AMS_3462,3462,Dairy FMMOS,DY-NA,Washington,DC,"Washington, DC",Washington,DC,FMMOS,FMMOS - non-mars,02/23/2021 09:39:00,2020,2020-JAN,466,component,lmprs,
Dec,2020,,All Markets Combined,,"137,818",Producer Milk Components,AMS_3462,3462,Dairy FMMOS,DY-NA,Washington,DC,"Washington, DC",Washington,DC,FMMOS,FMMOS - non-mars,02/23/2021 09:39:00,2020,2020-JAN,"13,556",component,lmprs,
Dec,2020,,Arizona,131.0,"4,497",Producer Milk Components,AMS_3462,3462,Dairy FMMOS,DY-NA,Washington,DC,"Washington, DC",Washington,DC,FMMOS,FMMOS - non-mars,02/23/2021 09:39:00,2020,2020-JAN,443,component,lmprs,
Dec,2020,,Central,32.0,"13,315",Producer Milk Components,AMS_3462,3462,Dairy FMMOS,DY-NA,Washington,DC,"Washington, DC",Washington,DC,FMMOS,FMMOS - non-mars,02/23/2021 09:39:00,2020,2020-JAN,"1,305",component,lmprs,
Dec,2020,,California,51.0,"23,004",Producer Milk Components,AMS_3462,3462,Dairy FMMOS,DY-NA,Washington,DC,"Washington, DC",Washington,DC,FMMOS,FMMOS - non-mars,02/23/2021 09:39:00,2020,2020-JAN,"2,335",component,lmprs,
Dec,2020,,Mideast,33.0,"17,982",Producer Milk Components,AMS_3462,3462,Dairy FMMOS,DY-NA,Washington,DC,"Washington, DC",Washington,DC,FMMOS,FMMOS - non-mars,02/23/2021 09:39:00,2020,2020-JAN,"1,745",component,lmprs,
Dec,2020,,Florida,6.0,"2,509",Producer Milk Components,AMS_3462,3462,Dairy FMMOS,DY-NA,Washington,DC,"Washington, DC",Washington,DC,FMMOS,FMMOS - non-mars,02/23/2021 09:39:00,2020,2020-JAN,225,component,lmprs,
Dec,2020,,Northeast,1.0,"26,824",Producer Milk Components,AMS_3462,3462,Dairy FMMOS,DY-NA,Washington,DC,"Washington, DC",Washington,DC,FMMOS,FMMOS - non-mars,02/23/2021 09:39:00,2020,2020-JAN,"2,302",component,lmprs,
Dec,2020,,Pacific Northwest,124.0,"7,682",Producer Milk Components,AMS_3462,3462,Dairy FMMOS,DY-NA,Washington,DC,"Washington, DC",Washington,DC,FMMOS,FMMOS - non-mars,02/23/2021 09:39:00,2020,2020-JAN,769,component,lmprs,
Dec,2020,,Southwest,126.0,"11,692",Producer Milk Components,AMS_3462,3462,Dairy FMMOS,DY-NA,Washington,DC,"Washington, DC",Washington,DC,FMMOS,FMMOS - non-mars,02/23/2021 09:39:00,2020,2020-JAN,"1,311",component,lmprs,
Dec,2020,,Southeast,7.0,"4,700",Producer Milk Components,AMS_3462,3462,Dairy FMMOS,DY-NA,Washington,DC,"Washington, DC",Washington,DC,FMMOS,FMMOS - non-mars,02/23/2021 09:39:00,2020,2020-JAN,420,component,lmprs,
Dec,2020,,Upper Midwest,30.0,"20,290",Producer Milk Components,AMS_3462,3462,Dairy FMMOS,DY-NA,Washington,DC,"Washington, DC",Washington,DC,FMMOS,FMMOS - non-mars,02/23/2021 09:39:00,2020,2020-JAN,"2,234",component,lmprs,
Dec,2021,,Southwest,126.0,"12,286",Producer Milk Components,AMS_3462,3462,Dairy FMMOS,DY-NA,Washington,DC,"Washington, DC",Washington,DC,FMMOS,FMMOS - non-mars,01/31/2022 07:17:00,2021,2021-JAN,"1,052",component,lmprs,
Dec,2021,,Pacific Northwest,124.0,"7,387",Producer Milk Components,AMS_3462,3462,Dairy FMMOS,DY-NA,Washington,DC,"Washington, DC",Washington,DC,FMMOS,FMMOS - non-mars,01/31/2022 07:17:00,2021,2021-JAN,620,component,lmprs,
Dec,2021,,Southeast,7.0,"4,581",Producer Milk Components,AMS_3462,3462,Dairy FMMOS,DY-NA,Washington,DC,"Washington, DC",Washington,DC,FMMOS,FMMOS - non-mars,01/31/2022 07:17:00,2021,2021-JAN,396,component,lmprs,
Dec,2021,,Northeast,1.0,"27,045",Producer Milk Components,AMS_3462,3462,Dairy FMMOS,DY-NA,Washington,DC,"Washington, DC",Washington,DC,FMMOS,FMMOS - non-mars,01/31/2022 07:17:00,2021,2021-JAN,"2,318",component,lmprs,
Dec,2021,,Mideast,33.0,"18,606",Producer Milk Components,AMS_3462,3462,Dairy FMMOS,DY-NA,Washington,DC,"Washington, DC",Washington,DC,FMMOS,FMMOS - non-mars,01/31/2022 07:17:00,2021,2021-JAN,"1,406",component,lmprs,
Dec,2021,,Central,32.0,"12,992",Producer Milk Components,AMS_3462,3462,Dairy FMMOS,DY-NA,Washington,DC,"Washington, DC",Washington,DC,FMMOS,FMMOS - non-mars,01/31/2022 07:17:00,2021,2021-JAN,959,component,lmprs,
Dec,2021,,Florida,6.0,"2,444",Producer Milk Components,AMS_3462,3462,Dairy FMMOS,DY-NA,Washington,DC,"Washington, DC",Washington,DC,FMMOS,FMMOS - non-mars,01/31/2022 07:17:00,2021,2021-JAN,223,component,lmprs,
Dec,2021,,California,51.0,"23,803",Producer Milk Components,AMS_3462,3462,Dairy FMMOS,DY-NA,Washington,DC,"Washington, DC",Washington,DC,FMMOS,FMMOS - non-mars,01/31/2022 07:17:00,2021,2021-JAN,"2,014",component,lmprs,
Dec,2021,,Arizona,131.0,"4,461",Producer Milk Components,AMS_3462,3462,Dairy FMMOS,DY-NA,Washington,DC,"Washington, DC",Washington,DC,FMMOS,FMMOS - non-mars,01/31/2022 07:17:00,2021,2021-JAN,352,component,lmprs,
Dec,2021,,Appalachian,5.0,"5,289",Producer Milk Components,AMS_3462,3462,Dairy FMMOS,DY-NA,Washington,DC,"Washington, DC",Washington,DC,FMMOS,FMMOS - non-mars,01/31/2022 07:17:00,2021,2021-JAN,462,component,lmprs,
Dec,2021,,All Markets Combined,,"136,836",Producer Milk Components,AMS_3462,3462,Dairy FMMOS,DY-NA,Washington,DC,"Washington, DC",Washington,DC,FMMOS,FMMOS - non-mars,01/31/2022 07:17:00,2021,2021-JAN,"10,837",component,lmprs,
Dec,2021,,Upper Midwest,30.0,"17,940",Producer Milk Components,AMS_3462,3462,Dairy FMMOS,DY-NA,Washington,DC,"Washington, DC",Washington,DC,FMMOS,FMMOS - non-mars,01/31/2022 07:17:00,2021,2021-JAN,"1,036",component,lmprs,
Dec,2022,,Upper Midwest,30.0,"31,837",Producer Milk Components,AMS_3462,3462,Dairy FMMOS,DY-NA,Washington,DC,"Washington, DC",Washington,DC,FMMOS,FMMOS - non-mars,01/30/2023 07:36:00,2022,2022-JAN,"2,495",component,lmprs,
Dec,2022,,All Markets Combined,,"151,614",Producer Milk Components,AMS_3462,3462,Dairy FMMOS,DY-NA,Washington,DC,"Washington, DC",Washington,DC,FMMOS,FMMOS - non-mars,01/30/2023 07:36:00,2022,2022-JAN,"12,652",component,lmprs,
Dec,2022,,Appalachian,5.0,"5,420",Producer Milk Components,AMS_3462,3462,Dairy FMMOS,DY-NA,Washington,DC,"Washington, DC",Washington,DC,FMMOS,FMMOS - non-mars,01/30/2023 07:36:00,2022,2022-JAN,465,component,lmprs,
Dec,2022,,Arizona,131.0,"4,910",Producer Milk Components,AMS_3462,3462,Dairy FMMOS,DY-NA,Washington,DC,"Washington, DC",Washington,DC,FMMOS,FMMOS - non-mars,01/30/2023 07:36:00,2022,2022-JAN,434,component,lmprs,
Dec,2022,,California,51.0,"22,439",Producer Milk Components,AMS_3462,3462,Dairy FMMOS,DY-NA,Washington,DC,"Washington, DC",Washington,DC,FMMOS,FMMOS - non-mars,01/30/2023 07:36:00,2022,2022-JAN,"1,832",component,lmprs,
Dec,2022,,Florida,6.0,"2,483",Producer Milk Components,AMS_3462,3462,Dairy FMMOS,DY-NA,Washington,DC,"Washington, DC",Washington,DC,FMMOS,FMMOS - non-mars,01/30/2023 07:36:00,2022,2022-JAN,225,component,lmprs,
Dec,2022,,Central,32.0,"15,638",Producer Milk Components,AMS_3462,3462,Dairy FMMOS,DY-NA,Washington,DC,"Washington, DC",Washington,DC,FMMOS,FMMOS - non-mars,01/30/2023 07:36:00,2022,2022-JAN,"1,255",component,lmprs,
Dec,2022,,Mideast,33.0,"16,796",Producer Milk Components,AMS_3462,3462,Dairy FMMOS,DY-NA,Washington,DC,"Washington, DC",Washington,DC,FMMOS,FMMOS - non-mars,01/30/2023 07:36:00,2022,2022-JAN,"1,542",component,lmprs,
Dec,2022,,Northeast,1.0,"26,882",Producer Milk Components,AMS_3462,3462,Dairy FMMOS,DY-NA,Washington,DC,"Washington, DC",Washington,DC,FMMOS,FMMOS - non-mars,01/30/2023 07:36:00,2022,2022-JAN,"2,211",component,lmprs,
Dec,2022,,Southeast,7.0,"3,913",Producer Milk Components,AMS_3462,3462,Dairy FMMOS,DY-NA,Washington,DC,"Washington, DC",Washington,DC,FMMOS,FMMOS - non-mars,01/30/2023 07:36:00,2022,2022-JAN,343,component,lmprs,
Dec,2022,,Pacific Northwest,124.0,"7,583",Producer Milk Components,AMS_3462,3462,Dairy FMMOS,DY-NA,Washington,DC,"Washington, DC",Washington,DC,FMMOS,FMMOS - non-mars,01/30/2023 07:36:00,2022,2022-JAN,717,component,lmprs,
Dec,2022,,Southwest,126.0,"13,714",Producer Milk Components,AMS_3462,3462,Dairy FMMOS,DY-NA,Washington,DC,"Washington, DC",Washington,DC,FMMOS,FMMOS - non-mars,01/30/2023 07:36:00,2022,2022-JAN,"1,134",component,lmprs,
Dec,2023,,Southwest,126.0,"13,640",Producer Milk Components,AMS_3462,3462,Dairy FMMOS,DY-NA,Washington,DC,"Washington, DC",Washington,DC,FMMOS,FMMOS - non-mars,01/30/2024 09:42:00,2023,2023-JAN,"1,281",component,lmprs,
Dec,2023,,Pacific Northwest,124.0,"7,650",Producer Milk Components,AMS_3462,3462,Dairy FMMOS,DY-NA,Washington,DC,"Washington, DC",Washington,DC,FMMOS,FMMOS - non-mars,01/30/2024 09:42:00,2023,2023-JAN,709,component,lmprs,
Dec,2023,,Southeast,7.0,"3,538",Producer Milk Components,AMS_3462,3462,Dairy FMMOS,DY-NA,Washington,DC,"Washington, DC",Washington,DC,FMMOS,FMMOS - non-mars,01/30/2024 09:42:00,2023,2023-JAN,322,component,lmprs,
Dec,2023,,Northeast,1.0,"27,260",Producer Milk Components,AMS_3462,3462,Dairy FMMOS,DY-NA,Washington,DC,"Washington, DC",Washington,DC,FMMOS,FMMOS - non-mars,01/30/2024 09:42:00,2023,2023-JAN,"2,309",component,lmprs,
Dec,2023,,Mideast,33.0,"17,761",Producer Milk Components,AMS_3462,3462,Dairy FMMOS,DY-NA,Washington,DC,"Washington, DC",Washington,DC,FMMOS,FMMOS - non-mars,01/30/2024 09:42:00,2023,2023-JAN,"1,482",component,lmprs,
Dec,2023,,Central,32.0,"16,053",Producer Milk Components,AMS_3462,3462,Dairy FMMOS,DY-NA,Washington,DC,"Washington, DC",Washington,DC,FMMOS,FMMOS - non-mars,01/30/2024 09:42:00,2023,2023-JAN,"1,460",component,lmprs,
Dec,2023,,Florida,6.0,"2,506",Producer Milk Components,AMS_3462,3462,Dairy FMMOS,DY-NA,Washington,DC,"Washington, DC",Washington,DC,FMMOS,FMMOS - non-mars,01/30/2024 09:42:00,2023,2023-JAN,228,component,lmprs,
Dec,2023,,California,51.0,"26,418",Producer Milk Components,AMS_3462,3462,Dairy FMMOS,DY-NA,Washington,DC,"Washington, DC",Washington,DC,FMMOS,FMMOS - non-mars,01/30/2024 09:42:00,2023,2023-JAN,"2,337",component,lmprs,
Dec,2023,,Arizona,131.0,"5,149",Producer Milk Components,AMS_3462,3462,Dairy FMMOS,DY-NA,Washington,DC,"Washington, DC",Washington,DC,FMMOS,FMMOS - non-mars,01/30/2024 09:42:00,2023,2023-JAN,446,component,lmprs,
Dec,2023,,Appalachian,5.0,"5,428",Producer Milk Components,AMS_3462,3462,Dairy FMMOS,DY-NA,Washington,DC,"Washington, DC",Washington,DC,FMMOS,FMMOS - non-mars,01/30/2024 09:42:00,2023,2023-JAN,481,component,lmprs,
Dec,2023,,All Markets Combined,,"158,448",Producer Milk Components,AMS_3462,3462,Dairy FMMOS,DY-NA,Washington,DC,"Washington, DC",Washington,DC,FMMOS,FMMOS - non-mars,01/30/2024 09:42:00,2023,2023-JAN,"14,132",component,lmprs,
Dec,2023,,Upper Midwest,30.0,"33,045",Producer Milk Components,AMS_3462,3462,Dairy FMMOS,DY-NA,Washington,DC,"Washington, DC",Washington,DC,FMMOS,FMMOS - non-mars,01/30/2024 09:42:00,2023,2023-JAN,"3,078",component,lmprs,
Dec,2024,,Upper Midwest,30.0,"28,285",Producer Milk Components,AMS_3462,3462,Dairy FMMOS,DY-NA,Washington,DC,"Washington, DC",Washington,DC,FMMOS,FMMOS - non-mars,01/23/2025 09:07:00,2024,2024-JAN,"2,629",component,lmprs,
Dec,2024,,All Markets Combined,,"146,628",Producer Milk Components,AMS_3462,3462,Dairy FMMOS,DY-NA,Washington,DC,"Washington, DC",Washington,DC,FMMOS,FMMOS - non-mars,01/23/2025 09:07:00,2024,2024-JAN,"12,917",component,lmprs,
Dec,2024,,Appalachian,5.0,"5,301",Producer Milk Components,AMS_3462,3462,Dairy FMMOS,DY-NA,Washington,DC,"Washington, DC",Washington,DC,FMMOS,FMMOS - non-mars,01/23/2025 09:07:00,2024,2024-JAN,475,component,lmprs,
Dec,2024,,Arizona,131.0,"4,186",Producer Milk Components,AMS_3462,3462,Dairy FMMOS,DY-NA,Washington,DC,"Washington, DC",Washington,DC,FMMOS,FMMOS - non-mars,01/23/2025 09:07:00,2024,2024-JAN,452,component,lmprs,
Dec,2024,,California,51.0,"23,224",Producer Milk Components,AMS_3462,3462,Dairy FMMOS,DY-NA,Washington,DC,"Washington, DC",Washington,DC,FMMOS,FMMOS - non-mars,01/23/2025 09:07:00,2024,2024-JAN,"2,074",component,lmprs,
Dec,2024,,Florida,6.0,"2,524",Producer Milk Components,AMS_3462,3462,Dairy FMMOS,DY-NA,Washington,DC,"Washington, DC",Washington,DC,FMMOS,FMMOS - non-mars,01/23/2025 09:07:00,2024,2024-JAN,230,component,lmprs,
Dec,2024,,Central,32.0,"14,608",Producer Milk Components,AMS_3462,3462,Dairy FMMOS,DY-NA,Washington,DC,"Washington, DC",Washington,DC,FMMOS,FMMOS - non-mars,01/23/2025 09:07:00,2024,2024-JAN,"1,290",component,lmprs,
Dec,2024,,Mideast,33.0,"18,182",Producer Milk Components,AMS_3462,3462,Dairy FMMOS,DY-NA,Washington,DC,"Washington, DC",Washington,DC,FMMOS,FMMOS - non-mars,01/23/2025 09:07:00,2024,2024-JAN,"1,495",component,lmprs,
Dec,2024,,Northeast,1.0,"26,949",Producer Milk Components,AMS_3462,3462,Dairy FMMOS,DY-NA,Washington,DC,"Washington, DC",Washington,DC,FMMOS,FMMOS - non-mars,01/23/2025 09:07:00,2024,2024-JAN,"2,256",component,lmprs,
Dec,2024,,Southeast,7.0,"3,497",Producer Milk Components,AMS_3462,3462,Dairy FMMOS,DY-NA,Washington,DC,"Washington, DC",Washington,DC,FMMOS,FMMOS - non-mars,01/23/2025 09:07:00,2024,2024-JAN,320,component,lmprs,
Dec,2024,,Pacific Northwest,124.0,"7,231",Producer Milk Components,AMS_3462,3462,Dairy FMMOS,DY-NA,Washington,DC,"Washington, DC",Washington,DC,FMMOS,FMMOS - non-mars,01/23/2025 09:07:00,2024,2024-JAN,609,component,lmprs,
Dec,2024,,Southwest,126.0,"12,641",Producer Milk Components,AMS_3462,3462,Dairy FMMOS,DY-NA,Washington,DC,"Washington, DC",Washington,DC,FMMOS,FMMOS - non-mars,01/23/2025 09:07:00,2024,2024-JAN,"1,087",component,lmprs,
Dec,2025,,Southwest,126.0,"12,960",Producer Milk Components,AMS_3462,3462,Dairy FMMOS,DY-NA,Washington,DC,"Washington, DC",Washington,DC,FMMOS,FMMOS - non-mars,01/21/2026 11:39:00,2025,2025-JAN,"1,177",component,lmprs,
Dec,2025,,Pacific Northwest,124.0,"6,760",Producer Milk Components,AMS_3462,3462,Dairy FMMOS,DY-NA,Washington,DC,"Washington, DC",Washington,DC,FMMOS,FMMOS - non-mars,01/21/2026 11:39:00,2025,2025-JAN,596,component,lmprs,
Dec,2025,,Southeast,7.0,"3,435",Producer Milk Components,AMS_3462,3462,Dairy FMMOS,DY-NA,Washington,DC,"Washington, DC",Washington,DC,FMMOS,FMMOS - non-mars,01/21/2026 11:39:00,2025,2025-JAN,303,component,lmprs,
Dec,2025,,Northeast,1.0,"27,624",Producer Milk Components,AMS_3462,3462,Dairy FMMOS,DY-NA,Washington,DC,"Washington, DC",Washington,DC,FMMOS,FMMOS - non-mars,01/21/2026 11:39:00,2025,2025-JAN,"2,316",component,lmprs,
Dec,2025,,Mideast,33.0,"20,705",Producer Milk Components,AMS_3462,3462,Dairy FMMOS,DY-NA,Washington,DC,"Washington, DC",Washington,DC,FMMOS,FMMOS - non-mars,01/21/2026 11:39:00,2025,2025-JAN,"1,620",component,lmprs,
Dec,2025,,Central,32.0,"13,960",Producer Milk Components,AMS_3462,3462,Dairy FMMOS,DY-NA,Washington,DC,"Washington, DC",Washington,DC,FMMOS,FMMOS - non-mars,01/21/2026 11:39:00,2025,2025-JAN,"1,167",component,lmprs,
Dec,2025,,Florida,6.0,"2,511",Producer Milk Components,AMS_3462,3462,Dairy FMMOS,DY-NA,Washington,DC,"Washington, DC",Washington,DC,FMMOS,FMMOS - non-mars,01/21/2026 11:39:00,2025,2025-JAN,227,component,lmprs,
Dec,2025,,California,51.0,"26,675",Producer Milk Components,AMS_3462,3462,Dairy FMMOS,DY-NA,Washington,DC,"Washington, DC",Washington,DC,FMMOS,FMMOS - non-mars,01/21/2026 11:39:00,2025,2025-JAN,"2,189",component,lmprs,
Dec,2025,,Arizona,131.0,"4,224",Producer Milk Components,AMS_3462,3462,Dairy FMMOS,DY-NA,Washington,DC,"Washington, DC",Washington,DC,FMMOS,FMMOS - non-mars,01/21/2026 11:39:00,2025,2025-JAN,390,component,lmprs,
Dec,2025,,Appalachian,5.0,"5,088",Producer Milk Components,AMS_3462,3462,Dairy FMMOS,DY-NA,Washington,DC,"Washington, DC",Washington,DC,FMMOS,FMMOS - non-mars,01/21/2026 11:39:00,2025,2025-JAN,450,component,lmprs,
Dec,2025,,All Markets Combined,,"148,750",Producer Milk Components,AMS_3462,3462,Dairy FMMOS,DY-NA,Washington,DC,"Washington, DC",Washington,DC,FMMOS,FMMOS - non-mars,01/21/2026 11:39:00,2025,2025-JAN,"12,661",component,lmprs,
Dec,2025,,Upper Midwest,30.0,"24,808",Producer Milk Components,AMS_3462,3462,Dairy FMMOS,DY-NA,Washington,DC,"Washington, DC",Washington,DC,FMMOS,FMMOS - non-mars,01/21/2026 11:39:00,2025,2025-JAN,"2,226",component,lmprs,
Mar,2026,,Upper Midwest,30.0,"5,226",Producer Milk Components,AMS_3462,3462,Dairy FMMOS,DY-NA,Washington,DC,"Washington, DC",Washington,DC,FMMOS,FMMOS - non-mars,04/21/2026 05:48:00,2026,2026-JAN,"1,445",component,lmprs,
Mar,2026,,All Markets Combined,,"35,299",Producer Milk Components,AMS_3462,3462,Dairy FMMOS,DY-NA,Washington,DC,"Washington, DC",Washington,DC,FMMOS,FMMOS - non-mars,04/21/2026 05:48:00,2026,2026-JAN,"12,241",component,lmprs,
Mar,2026,,Appalachian,5.0,"1,271",Producer Milk Components,AMS_3462,3462,Dairy FMMOS,DY-NA,Washington,DC,"Washington, DC",Washington,DC,FMMOS,FMMOS - non-mars,04/21/2026 05:48:00,2026,2026-JAN,438,component,lmprs,
Mar,2026,,Arizona,131.0,"1,072",Producer Milk Components,AMS_3462,3462,Dairy FMMOS,DY-NA,Washington,DC,"Washington, DC",Washington,DC,FMMOS,FMMOS - non-mars,04/21/2026 05:48:00,2026,2026-JAN,387,component,lmprs,
Mar,2026,,California,51.0,"5,543",Producer Milk Components,AMS_3462,3462,Dairy FMMOS,DY-NA,Washington,DC,"Washington, DC",Washington,DC,FMMOS,FMMOS - non-mars,04/21/2026 05:48:00,2026,2026-JAN,"2,155",component,lmprs,
Mar,2026,,Florida,6.0,674,Producer Milk Components,AMS_3462,3462,Dairy FMMOS,DY-NA,Washington,DC,"Washington, DC",Washington,DC,FMMOS,FMMOS - non-mars,04/21/2026 05:48:00,2026,2026-JAN,233,component,lmprs,
Mar,2026,,Central,32.0,"3,511",Producer Milk Components,AMS_3462,3462,Dairy FMMOS,DY-NA,Washington,DC,"Washington, DC",Washington,DC,FMMOS,FMMOS - non-mars,04/21/2026 05:48:00,2026,2026-JAN,"1,180",component,lmprs,
Mar,2026,,Mideast,33.0,"5,415",Producer Milk Components,AMS_3462,3462,Dairy FMMOS,DY-NA,Washington,DC,"Washington, DC",Washington,DC,FMMOS,FMMOS - non-mars,04/21/2026 05:48:00,2026,2026-JAN,"1,900",component,lmprs,
Mar,2026,,Northeast,1.0,"6,894",Producer Milk Components,AMS_3462,3462,Dairy FMMOS,DY-NA,Washington,DC,"Washington, DC",Washington,DC,FMMOS,FMMOS - non-mars,04/21/2026 05:48:00,2026,2026-JAN,"2,342",component,lmprs,
Mar,2026,,Southeast,7.0,823,Producer Milk Components,AMS_3462,3462,Dairy FMMOS,DY-NA,Washington,DC,"Washington, DC",Washington,DC,FMMOS,FMMOS - non-mars,04/21/2026 05:48:00,2026,2026-JAN,268,component,lmprs,
Mar,2026,,Pacific Northwest,124.0,"1,132",Producer Milk Components,AMS_3462,3462,Dairy FMMOS,DY-NA,Washington,DC,"Washington, DC",Washington,DC,FMMOS,FMMOS - non-mars,04/21/2026 05:48:00,2026,2026-JAN,523,component,lmprs,
Mar,2026,,Southwest,126.0,"3,738",Producer Milk Components,AMS_3462,3462,Dairy FMMOS,DY-NA,Washington,DC,"Washington, DC",Washington,DC,FMMOS,FMMOS - non-mars,04/21/2026 05:48:00,2026,2026-JAN,"1,371",component,lmprs,
Dec,2000,,All Markets Combined,,"116,923",Producer Milk Components,AMS_3462,3462,Dairy FMMOS,DY-NA,Washington,DC,"Washington, DC",Washington,DC,FMMOS,FMMOS - non-mars,04/09/2021 07:48:00,2000,2000-FEB,"9,682",component,lmprs,
Dec,2000,,Appalachian,5.0,"6,318",Producer Milk Components,AMS_3462,3462,Dairy FMMOS,DY-NA,Washington,DC,"Washington, DC",Washington,DC,FMMOS,FMMOS - non-mars,04/09/2021 07:48:00,2000,2000-FEB,492,component,lmprs,
Dec,2000,,Arizona,131.0,"3,110",Producer Milk Components,AMS_3462,3462,Dairy FMMOS,DY-NA,Washington,DC,"Washington, DC",Washington,DC,FMMOS,FMMOS - non-mars,04/09/2021 07:48:00,2000,2000-FEB,272,component,lmprs,
Dec,2000,,Central,32.0,"16,036",Producer Milk Components,AMS_3462,3462,Dairy FMMOS,DY-NA,Washington,DC,"Washington, DC",Washington,DC,FMMOS,FMMOS - non-mars,04/09/2021 07:48:00,2000,2000-FEB,"1,039",component,lmprs,
Dec,2000,,Florida,6.0,"2,867",Producer Milk Components,AMS_3462,3462,Dairy FMMOS,DY-NA,Washington,DC,"Washington, DC",Washington,DC,FMMOS,FMMOS - non-mars,04/09/2021 07:48:00,2000,2000-FEB,244,component,lmprs,
Dec,2000,,Mideast,33.0,"14,181",Producer Milk Components,AMS_3462,3462,Dairy FMMOS,DY-NA,Washington,DC,"Washington, DC",Washington,DC,FMMOS,FMMOS - non-mars,04/09/2021 07:48:00,2000,2000-FEB,"1,058",component,lmprs,
Dec,2000,,Northeast,1.0,"23,972",Producer Milk Components,AMS_3462,3462,Dairy FMMOS,DY-NA,Washington,DC,"Washington, DC",Washington,DC,FMMOS,FMMOS - non-mars,04/09/2021 07:48:00,2000,2000-FEB,"2,034",component,lmprs,
Dec,2000,,Pacific Northwest,124.0,"6,776",Producer Milk Components,AMS_3462,3462,Dairy FMMOS,DY-NA,Washington,DC,"Washington, DC",Washington,DC,FMMOS,FMMOS - non-mars,04/09/2021 07:48:00,2000,2000-FEB,549,component,lmprs,
Dec,2000,,Southeast,7.0,"7,487",Producer Milk Components,AMS_3462,3462,Dairy FMMOS,DY-NA,Washington,DC,"Washington, DC",Washington,DC,FMMOS,FMMOS - non-mars,04/09/2021 07:48:00,2000,2000-FEB,633,component,lmprs,
Dec,2000,,Southwest,126.0,"8,713",Producer Milk Components,AMS_3462,3462,Dairy FMMOS,DY-NA,Washington,DC,"Washington, DC",Washington,DC,FMMOS,FMMOS - non-mars,04/09/2021 07:48:00,2000,2000-FEB,790,component,lmprs,
Dec,2000,,Upper Midwest,30.0,"23,415",Producer Milk Components,AMS_3462,3462,Dairy FMMOS,DY-NA,Washington,DC,"Washington, DC",Washington,DC,FMMOS,FMMOS - non-mars,04/09/2021 07:48:00,2000,2000-FEB,"2,269",component,lmprs,
Dec,2000,,Western,135.0,"4,048",Producer Milk Components,AMS_3462,3462,Dairy FMMOS,DY-NA,Washington,DC,"Washington, DC",Washington,DC,FMMOS,FMMOS - non-mars,04/09/2021 07:48:00,2000,2000-FEB,303,component,lmprs,
Dec,2001,,Western,135.0,"4,677",Producer Milk Components,AMS_3462,3462,Dairy FMMOS,DY-NA,Washington,DC,"Washington, DC",Washington,DC,FMMOS,FMMOS - non-mars,04/09/2021 07:46:00,2001,2001-FEB,294,component,lmprs,
Dec,2001,,Upper Midwest,30.0,"20,062",Producer Milk Components,AMS_3462,3462,Dairy FMMOS,DY-NA,Washington,DC,"Washington, DC",Washington,DC,FMMOS,FMMOS - non-mars,04/09/2021 07:46:00,2001,2001-FEB,"1,579",component,lmprs,
Dec,2001,,Southwest,126.0,"8,604",Producer Milk Components,AMS_3462,3462,Dairy FMMOS,DY-NA,Washington,DC,"Washington, DC",Washington,DC,FMMOS,FMMOS - non-mars,04/09/2021 07:46:00,2001,2001-FEB,629,component,lmprs,
Dec,2001,,Southeast,7.0,"7,769",Producer Milk Components,AMS_3462,3462,Dairy FMMOS,DY-NA,Washington,DC,"Washington, DC",Washington,DC,FMMOS,FMMOS - non-mars,04/09/2021 07:46:00,2001,2001-FEB,620,component,lmprs,
Dec,2001,,Pacific Northwest,124.0,"7,088",Producer Milk Components,AMS_3462,3462,Dairy FMMOS,DY-NA,Washington,DC,"Washington, DC",Washington,DC,FMMOS,FMMOS - non-mars,04/09/2021 07:46:00,2001,2001-FEB,499,component,lmprs,
Dec,2001,,Northeast,1.0,"24,557",Producer Milk Components,AMS_3462,3462,Dairy FMMOS,DY-NA,Washington,DC,"Washington, DC",Washington,DC,FMMOS,FMMOS - non-mars,04/09/2021 07:46:00,2001,2001-FEB,"1,898",component,lmprs,
Dec,2001,,Mideast,33.0,"17,229",Producer Milk Components,AMS_3462,3462,Dairy FMMOS,DY-NA,Washington,DC,"Washington, DC",Washington,DC,FMMOS,FMMOS - non-mars,04/09/2021 07:46:00,2001,2001-FEB,"1,195",component,lmprs,
Dec,2001,,Florida,6.0,"2,772",Producer Milk Components,AMS_3462,3462,Dairy FMMOS,DY-NA,Washington,DC,"Washington, DC",Washington,DC,FMMOS,FMMOS - non-mars,04/09/2021 07:46:00,2001,2001-FEB,234,component,lmprs,
Dec,2001,,Central,32.0,"17,836",Producer Milk Components,AMS_3462,3462,Dairy FMMOS,DY-NA,Washington,DC,"Washington, DC",Washington,DC,FMMOS,FMMOS - non-mars,04/09/2021 07:46:00,2001,2001-FEB,"1,293",component,lmprs,
Dec,2001,,Arizona,131.0,"2,956",Producer Milk Components,AMS_3462,3462,Dairy FMMOS,DY-NA,Washington,DC,"Washington, DC",Washington,DC,FMMOS,FMMOS - non-mars,04/09/2021 07:46:00,2001,2001-FEB,246,component,lmprs,
Dec,2001,,Appalachian,5.0,"6,673",Producer Milk Components,AMS_3462,3462,Dairy FMMOS,DY-NA,Washington,DC,"Washington, DC",Washington,DC,FMMOS,FMMOS - non-mars,04/09/2021 07:46:00,2001,2001-FEB,516,component,lmprs,
Dec,2001,,All Markets Combined,,"120,223",Producer Milk Components,AMS_3462,3462,Dairy FMMOS,DY-NA,Washington,DC,"Washington, DC",Washington,DC,FMMOS,FMMOS - non-mars,04/09/2021 07:46:00,2001,2001-FEB,"9,002",component,lmprs,
Dec,2002,,All Markets Combined,,"125,546",Producer Milk Components,AMS_3462,3462,Dairy FMMOS,DY-NA,Washington,DC,"Washington, DC",Washington,DC,FMMOS,FMMOS - non-mars,04/09/2021 07:46:00,2002,2002-FEB,"9,956",component,lmprs,
Dec,2002,,Appalachian,5.0,"6,706",Producer Milk Components,AMS_3462,3462,Dairy FMMOS,DY-NA,Washington,DC,"Washington, DC",Washington,DC,FMMOS,FMMOS - non-mars,04/09/2021 07:46:00,2002,2002-FEB,526,component,lmprs,
Dec,2002,,Arizona,131.0,"3,027",Producer Milk Components,AMS_3462,3462,Dairy FMMOS,DY-NA,Washington,DC,"Washington, DC",Washington,DC,FMMOS,FMMOS - non-mars,04/09/2021 07:46:00,2002,2002-FEB,247,component,lmprs,
Dec,2002,,Central,32.0,"18,700",Producer Milk Components,AMS_3462,3462,Dairy FMMOS,DY-NA,Washington,DC,"Washington, DC",Washington,DC,FMMOS,FMMOS - non-mars,04/09/2021 07:46:00,2002,2002-FEB,"1,388",component,lmprs,
Dec,2002,,Florida,6.0,"2,693",Producer Milk Components,AMS_3462,3462,Dairy FMMOS,DY-NA,Washington,DC,"Washington, DC",Washington,DC,FMMOS,FMMOS - non-mars,04/09/2021 07:46:00,2002,2002-FEB,225,component,lmprs,
Dec,2002,,Mideast,33.0,"17,739",Producer Milk Components,AMS_3462,3462,Dairy FMMOS,DY-NA,Washington,DC,"Washington, DC",Washington,DC,FMMOS,FMMOS - non-mars,04/09/2021 07:46:00,2002,2002-FEB,"1,474",component,lmprs,
Dec,2002,,Northeast,1.0,"25,358",Producer Milk Components,AMS_3462,3462,Dairy FMMOS,DY-NA,Washington,DC,"Washington, DC",Washington,DC,FMMOS,FMMOS - non-mars,04/09/2021 07:46:00,2002,2002-FEB,"2,008",component,lmprs,
Dec,2002,,Pacific Northwest,124.0,"7,824",Producer Milk Components,AMS_3462,3462,Dairy FMMOS,DY-NA,Washington,DC,"Washington, DC",Washington,DC,FMMOS,FMMOS - non-mars,04/09/2021 07:46:00,2002,2002-FEB,593,component,lmprs,
Dec,2002,,Southeast,7.0,"7,927",Producer Milk Components,AMS_3462,3462,Dairy FMMOS,DY-NA,Washington,DC,"Washington, DC",Washington,DC,FMMOS,FMMOS - non-mars,04/09/2021 07:46:00,2002,2002-FEB,668,component,lmprs,
Dec,2002,,Southwest,126.0,"9,714",Producer Milk Components,AMS_3462,3462,Dairy FMMOS,DY-NA,Washington,DC,"Washington, DC",Washington,DC,FMMOS,FMMOS - non-mars,04/09/2021 07:46:00,2002,2002-FEB,760,component,lmprs,
Dec,2002,,Upper Midwest,30.0,"20,307",Producer Milk Components,AMS_3462,3462,Dairy FMMOS,DY-NA,Washington,DC,"Washington, DC",Washington,DC,FMMOS,FMMOS - non-mars,04/09/2021 07:46:00,2002,2002-FEB,"1,617",component,lmprs,
Dec,2002,,Western,135.0,"5,552",Producer Milk Components,AMS_3462,3462,Dairy FMMOS,DY-NA,Washington,DC,"Washington, DC",Washington,DC,FMMOS,FMMOS - non-mars,04/09/2021 07:46:00,2002,2002-FEB,451,component,lmprs,
Dec,2003,,Western,135.0,"4,573",Producer Milk Components,AMS_3462,3462,Dairy FMMOS,DY-NA,Washington,DC,"Washington, DC",Washington,DC,FMMOS,FMMOS - non-mars,04/09/2021 07:46:00,2003,2003-FEB,465,component,lmprs,
Dec,2003,,Upper Midwest,30.0,"17,018",Producer Milk Components,AMS_3462,3462,Dairy FMMOS,DY-NA,Washington,DC,"Washington, DC",Washington,DC,FMMOS,FMMOS - non-mars,04/09/2021 07:46:00,2003,2003-FEB,"1,729",component,lmprs,
Dec,2003,,Southwest,126.0,"9,174",Producer Milk Components,AMS_3462,3462,Dairy FMMOS,DY-NA,Washington,DC,"Washington, DC",Washington,DC,FMMOS,FMMOS - non-mars,04/09/2021 07:46:00,2003,2003-FEB,822,component,lmprs,
Dec,2003,,Southeast,7.0,"7,071",Producer Milk Components,AMS_3462,3462,Dairy FMMOS,DY-NA,Washington,DC,"Washington, DC",Washington,DC,FMMOS,FMMOS - non-mars,04/09/2021 07:46:00,2003,2003-FEB,573,component,lmprs,
Dec,2003,,Northeast,1.0,"24,038",Producer Milk Components,AMS_3462,3462,Dairy FMMOS,DY-NA,Washington,DC,"Washington, DC",Washington,DC,FMMOS,FMMOS - non-mars,04/09/2021 07:46:00,2003,2003-FEB,"1,901",component,lmprs,
Dec,2003,,Pacific Northwest,124.0,"6,336",Producer Milk Components,AMS_3462,3462,Dairy FMMOS,DY-NA,Washington,DC,"Washington, DC",Washington,DC,FMMOS,FMMOS - non-mars,04/09/2021 07:46:00,2003,2003-FEB,565,component,lmprs,
Dec,2003,,Mideast,33.0,"15,750",Producer Milk Components,AMS_3462,3462,Dairy FMMOS,DY-NA,Washington,DC,"Washington, DC",Washington,DC,FMMOS,FMMOS - non-mars,04/09/2021 07:46:00,2003,2003-FEB,"1,388",component,lmprs,
Dec,2003,,Florida,6.0,"2,833",Producer Milk Components,AMS_3462,3462,Dairy FMMOS,DY-NA,Washington,DC,"Washington, DC",Washington,DC,FMMOS,FMMOS - non-mars,04/09/2021 07:46:00,2003,2003-FEB,231,component,lmprs,
Dec,2003,,Arizona,131.0,"3,061",Producer Milk Components,AMS_3462,3462,Dairy FMMOS,DY-NA,Washington,DC,"Washington, DC",Washington,DC,FMMOS,FMMOS - non-mars,04/09/2021 07:46:00,2003,2003-FEB,257,component,lmprs,
Dec,2003,,Central,32.0,"14,411",Producer Milk Components,AMS_3462,3462,Dairy FMMOS,DY-NA,Washington,DC,"Washington, DC",Washington,DC,FMMOS,FMMOS - non-mars,04/09/2021 07:46:00,2003,2003-FEB,"1,595",component,lmprs,
Dec,2003,,Appalachian,5.0,"6,315",Producer Milk Components,AMS_3462,3462,Dairy FMMOS,DY-NA,Washington,DC,"Washington, DC",Washington,DC,FMMOS,FMMOS - non-mars,04/09/2021 07:46:00,2003,2003-FEB,491,component,lmprs,
Dec,2003,,All Markets Combined,,"110,581",Producer Milk Components,AMS_3462,3462,Dairy FMMOS,DY-NA,Washington,DC,"Washington, DC",Washington,DC,FMMOS,FMMOS - non-mars,04/09/2021 07:46:00,2003,2003-FEB,"10,017",component,lmprs,
Dec,2004,,All Markets Combined,,"103,047",Producer Milk Components,AMS_3462,3462,Dairy FMMOS,DY-NA,Washington,DC,"Washington, DC",Washington,DC,FMMOS,FMMOS - non-mars,04/09/2021 07:44:00,2004,2004-FEB,"9,831",component,lmprs,
Dec,2004,,Appalachian,5.0,"6,203",Producer Milk Components,AMS_3462,3462,Dairy FMMOS,DY-NA,Washington,DC,"Washington, DC",Washington,DC,FMMOS,FMMOS - non-mars,04/09/2021 07:44:00,2004,2004-FEB,520,component,lmprs,
Dec,2004,,Central,32.0,"11,589",Producer Milk Components,AMS_3462,3462,Dairy FMMOS,DY-NA,Washington,DC,"Washington, DC",Washington,DC,FMMOS,FMMOS - non-mars,04/09/2021 07:44:00,2004,2004-FEB,"1,163",component,lmprs,
Dec,2004,,Arizona,131.0,"2,901",Producer Milk Components,AMS_3462,3462,Dairy FMMOS,DY-NA,Washington,DC,"Washington, DC",Washington,DC,FMMOS,FMMOS - non-mars,04/09/2021 07:44:00,2004,2004-FEB,255,component,lmprs,
Dec,2004,,Florida,6.0,"2,873",Producer Milk Components,AMS_3462,3462,Dairy FMMOS,DY-NA,Washington,DC,"Washington, DC",Washington,DC,FMMOS,FMMOS - non-mars,04/09/2021 07:44:00,2004,2004-FEB,249,component,lmprs,
Dec,2004,,Mideast,33.0,"15,940",Producer Milk Components,AMS_3462,3462,Dairy FMMOS,DY-NA,Washington,DC,"Washington, DC",Washington,DC,FMMOS,FMMOS - non-mars,04/09/2021 07:44:00,2004,2004-FEB,"1,408",component,lmprs,
Dec,2004,,Pacific Northwest,124.0,"6,518",Producer Milk Components,AMS_3462,3462,Dairy FMMOS,DY-NA,Washington,DC,"Washington, DC",Washington,DC,FMMOS,FMMOS - non-mars,04/09/2021 07:44:00,2004,2004-FEB,581,component,lmprs,
Dec,2004,,Northeast,1.0,"22,670",Producer Milk Components,AMS_3462,3462,Dairy FMMOS,DY-NA,Washington,DC,"Washington, DC",Washington,DC,FMMOS,FMMOS - non-mars,04/09/2021 07:44:00,2004,2004-FEB,"1,901",component,lmprs,
Dec,2004,,Southeast,7.0,"7,164",Producer Milk Components,AMS_3462,3462,Dairy FMMOS,DY-NA,Washington,DC,"Washington, DC",Washington,DC,FMMOS,FMMOS - non-mars,04/09/2021 07:44:00,2004,2004-FEB,626,component,lmprs,
Dec,2004,,Southwest,126.0,"8,790",Producer Milk Components,AMS_3462,3462,Dairy FMMOS,DY-NA,Washington,DC,"Washington, DC",Washington,DC,FMMOS,FMMOS - non-mars,04/09/2021 07:44:00,2004,2004-FEB,727,component,lmprs,
Dec,2004,,Upper Midwest,30.0,"17,302",Producer Milk Components,AMS_3462,3462,Dairy FMMOS,DY-NA,Washington,DC,"Washington, DC",Washington,DC,FMMOS,FMMOS - non-mars,04/09/2021 07:44:00,2004,2004-FEB,"1,944",component,lmprs,
Dec,2004,,Western,135.0,"1,096",Producer Milk Components,AMS_3462,3462,Dairy FMMOS,DY-NA,Washington,DC,"Washington, DC",Washington,DC,FMMOS,FMMOS - non-mars,04/09/2021 07:44:00,2004,2004-FEB,455,component,lmprs,
Dec,2005,,Upper Midwest,30.0,"22,450",Producer Milk Components,AMS_3462,3462,Dairy FMMOS,DY-NA,Washington,DC,"Washington, DC",Washington,DC,FMMOS,FMMOS - non-mars,03/30/2021 14:16:00,2005,2005-FEB,623,component,lmprs,
Dec,2005,,Southwest,126.0,"9,579",Producer Milk Components,AMS_3462,3462,Dairy FMMOS,DY-NA,Washington,DC,"Washington, DC",Washington,DC,FMMOS,FMMOS - non-mars,03/30/2021 14:16:00,2005,2005-FEB,562,component,lmprs,
Dec,2005,,Southeast,7.0,"7,544",Producer Milk Components,AMS_3462,3462,Dairy FMMOS,DY-NA,Washington,DC,"Washington, DC",Washington,DC,FMMOS,FMMOS - non-mars,03/30/2021 14:16:00,2005,2005-FEB,602,component,lmprs,
Dec,2005,,Northeast,1.0,"23,565",Producer Milk Components,AMS_3462,3462,Dairy FMMOS,DY-NA,Washington,DC,"Washington, DC",Washington,DC,FMMOS,FMMOS - non-mars,03/30/2021 14:16:00,2005,2005-FEB,"1,807",component,lmprs,
Dec,2005,,Pacific Northwest,124.0,"7,046",Producer Milk Components,AMS_3462,3462,Dairy FMMOS,DY-NA,Washington,DC,"Washington, DC",Washington,DC,FMMOS,FMMOS - non-mars,03/30/2021 14:16:00,2005,2005-FEB,383,component,lmprs,
Dec,2005,,Mideast,33.0,"18,060",Producer Milk Components,AMS_3462,3462,Dairy FMMOS,DY-NA,Washington,DC,"Washington, DC",Washington,DC,FMMOS,FMMOS - non-mars,03/30/2021 14:16:00,2005,2005-FEB,"1,190",component,lmprs,
Dec,2005,,Florida,6.0,"3,125",Producer Milk Components,AMS_3462,3462,Dairy FMMOS,DY-NA,Washington,DC,"Washington, DC",Washington,DC,FMMOS,FMMOS - non-mars,03/30/2021 14:16:00,2005,2005-FEB,265,component,lmprs,
Dec,2005,,Central,32.0,"13,966",Producer Milk Components,AMS_3462,3462,Dairy FMMOS,DY-NA,Washington,DC,"Washington, DC",Washington,DC,FMMOS,FMMOS - non-mars,03/30/2021 14:16:00,2005,2005-FEB,722,component,lmprs,
Dec,2005,,Appalachian,5.0,"6,400",Producer Milk Components,AMS_3462,3462,Dairy FMMOS,DY-NA,Washington,DC,"Washington, DC",Washington,DC,FMMOS,FMMOS - non-mars,03/30/2021 14:16:00,2005,2005-FEB,490,component,lmprs,
Dec,2005,,Arizona,131.0,"2,948",Producer Milk Components,AMS_3462,3462,Dairy FMMOS,DY-NA,Washington,DC,"Washington, DC",Washington,DC,FMMOS,FMMOS - non-mars,03/30/2021 14:16:00,2005,2005-FEB,233,component,lmprs,
Dec,2005,,All Markets Combined,,"114,682",Producer Milk Components,AMS_3462,3462,Dairy FMMOS,DY-NA,Washington,DC,"Washington, DC",Washington,DC,FMMOS,FMMOS - non-mars,03/30/2021 14:16:00,2005,2005-FEB,"6,877",component,lmprs,
Dec,2006,,All Markets Combined,,"120,618",Producer Milk Components,AMS_3462,3462,Dairy FMMOS,DY-NA,Washington,DC,"Washington, DC",Washington,DC,FMMOS,FMMOS - non-mars,03/30/2021 14:16:00,2006,2006-FEB,"9,680",component,lmprs,
Dec,2006,,Arizona,131.0,"3,383",Producer Milk Components,AMS_3462,3462,Dairy FMMOS,DY-NA,Washington,DC,"Washington, DC",Washington,DC,FMMOS,FMMOS - non-mars,03/30/2021 14:16:00,2006,2006-FEB,253,component,lmprs,
Dec,2006,,Appalachian,5.0,"6,243",Producer Milk Components,AMS_3462,3462,Dairy FMMOS,DY-NA,Washington,DC,"Washington, DC",Washington,DC,FMMOS,FMMOS - non-mars,03/30/2021 14:16:00,2006,2006-FEB,490,component,lmprs,
Dec,2006,,Central,32.0,"13,917",Producer Milk Components,AMS_3462,3462,Dairy FMMOS,DY-NA,Washington,DC,"Washington, DC",Washington,DC,FMMOS,FMMOS - non-mars,03/30/2021 14:16:00,2006,2006-FEB,"1,226",component,lmprs,
Dec,2006,,Florida,6.0,"3,126",Producer Milk Components,AMS_3462,3462,Dairy FMMOS,DY-NA,Washington,DC,"Washington, DC",Washington,DC,FMMOS,FMMOS - non-mars,03/30/2021 14:16:00,2006,2006-FEB,262,component,lmprs,
Dec,2006,,Mideast,33.0,"17,189",Producer Milk Components,AMS_3462,3462,Dairy FMMOS,DY-NA,Washington,DC,"Washington, DC",Washington,DC,FMMOS,FMMOS - non-mars,03/30/2021 14:16:00,2006,2006-FEB,"1,390",component,lmprs,
Dec,2006,,Pacific Northwest,124.0,"7,570",Producer Milk Components,AMS_3462,3462,Dairy FMMOS,DY-NA,Washington,DC,"Washington, DC",Washington,DC,FMMOS,FMMOS - non-mars,03/30/2021 14:16:00,2006,2006-FEB,606,component,lmprs,
Dec,2006,,Northeast,1.0,"22,680",Producer Milk Components,AMS_3462,3462,Dairy FMMOS,DY-NA,Washington,DC,"Washington, DC",Washington,DC,FMMOS,FMMOS - non-mars,03/30/2021 14:16:00,2006,2006-FEB,"1,834",component,lmprs,
Dec,2006,,Southeast,7.0,"8,055",Producer Milk Components,AMS_3462,3462,Dairy FMMOS,DY-NA,Washington,DC,"Washington, DC",Washington,DC,FMMOS,FMMOS - non-mars,03/30/2021 14:16:00,2006,2006-FEB,673,component,lmprs,
Dec,2006,,Southwest,126.0,"11,600",Producer Milk Components,AMS_3462,3462,Dairy FMMOS,DY-NA,Washington,DC,"Washington, DC",Washington,DC,FMMOS,FMMOS - non-mars,03/30/2021 14:16:00,2006,2006-FEB,890,component,lmprs,
Dec,2006,,Upper Midwest,30.0,"26,855",Producer Milk Components,AMS_3462,3462,Dairy FMMOS,DY-NA,Washington,DC,"Washington, DC",Washington,DC,FMMOS,FMMOS - non-mars,03/30/2021 14:16:00,2006,2006-FEB,"2,057",component,lmprs,
Dec,2007,,Upper Midwest,30.0,"26,490",Producer Milk Components,AMS_3462,3462,Dairy FMMOS,DY-NA,Washington,DC,"Washington, DC",Washington,DC,FMMOS,FMMOS - non-mars,03/30/2021 14:16:00,2007,2007-FEB,"1,960",component,lmprs,
Dec,2007,,Southwest,126.0,"9,990",Producer Milk Components,AMS_3462,3462,Dairy FMMOS,DY-NA,Washington,DC,"Washington, DC",Washington,DC,FMMOS,FMMOS - non-mars,03/30/2021 14:16:00,2007,2007-FEB,878,component,lmprs,
Dec,2007,,Southeast,7.0,"7,521",Producer Milk Components,AMS_3462,3462,Dairy FMMOS,DY-NA,Washington,DC,"Washington, DC",Washington,DC,FMMOS,FMMOS - non-mars,03/30/2021 14:16:00,2007,2007-FEB,650,component,lmprs,
Dec,2007,,Northeast,1.0,"23,040",Producer Milk Components,AMS_3462,3462,Dairy FMMOS,DY-NA,Washington,DC,"Washington, DC",Washington,DC,FMMOS,FMMOS - non-mars,03/30/2021 14:16:00,2007,2007-FEB,"1,693",component,lmprs,
Dec,2007,,Pacific Northwest,124.0,"7,036",Producer Milk Components,AMS_3462,3462,Dairy FMMOS,DY-NA,Washington,DC,"Washington, DC",Washington,DC,FMMOS,FMMOS - non-mars,03/30/2021 14:16:00,2007,2007-FEB,583,component,lmprs,
Dec,2007,,Mideast,33.0,"16,268",Producer Milk Components,AMS_3462,3462,Dairy FMMOS,DY-NA,Washington,DC,"Washington, DC",Washington,DC,FMMOS,FMMOS - non-mars,03/30/2021 14:16:00,2007,2007-FEB,"1,277",component,lmprs,
Dec,2007,,Florida,6.0,"3,207",Producer Milk Components,AMS_3462,3462,Dairy FMMOS,DY-NA,Washington,DC,"Washington, DC",Washington,DC,FMMOS,FMMOS - non-mars,03/30/2021 14:16:00,2007,2007-FEB,269,component,lmprs,
Dec,2007,,Central,32.0,"11,193",Producer Milk Components,AMS_3462,3462,Dairy FMMOS,DY-NA,Washington,DC,"Washington, DC",Washington,DC,FMMOS,FMMOS - non-mars,03/30/2021 14:16:00,2007,2007-FEB,848,component,lmprs,
Dec,2007,,Appalachian,5.0,"5,865",Producer Milk Components,AMS_3462,3462,Dairy FMMOS,DY-NA,Washington,DC,"Washington, DC",Washington,DC,FMMOS,FMMOS - non-mars,03/30/2021 14:16:00,2007,2007-FEB,492,component,lmprs,
Dec,2007,,Arizona,131.0,"3,799",Producer Milk Components,AMS_3462,3462,Dairy FMMOS,DY-NA,Washington,DC,"Washington, DC",Washington,DC,FMMOS,FMMOS - non-mars,03/30/2021 14:16:00,2007,2007-FEB,301,component,lmprs,
Dec,2007,,All Markets Combined,,"114,407",Producer Milk Components,AMS_3462,3462,Dairy FMMOS,DY-NA,Washington,DC,"Washington, DC",Washington,DC,FMMOS,FMMOS - non-mars,03/30/2021 14:16:00,2007,2007-FEB,"8,951",component,lmprs,
Dec,2008,,All Markets Combined,,"115,867",Producer Milk Components,AMS_3462,3462,Dairy FMMOS,DY-NA,Washington,DC,"Washington, DC",Washington,DC,FMMOS,FMMOS - non-mars,03/30/2021 14:15:00,2008,2008-FEB,"9,856",component,lmprs,
Dec,2008,,Arizona,131.0,"4,156",Producer Milk Components,AMS_3462,3462,Dairy FMMOS,DY-NA,Washington,DC,"Washington, DC",Washington,DC,FMMOS,FMMOS - non-mars,03/30/2021 14:15:00,2008,2008-FEB,338,component,lmprs,
Dec,2008,,Appalachian,5.0,"5,882",Producer Milk Components,AMS_3462,3462,Dairy FMMOS,DY-NA,Washington,DC,"Washington, DC",Washington,DC,FMMOS,FMMOS - non-mars,03/30/2021 14:15:00,2008,2008-FEB,460,component,lmprs,
Dec,2008,,Central,32.0,"11,564",Producer Milk Components,AMS_3462,3462,Dairy FMMOS,DY-NA,Washington,DC,"Washington, DC",Washington,DC,FMMOS,FMMOS - non-mars,03/30/2021 14:15:00,2008,2008-FEB,"1,064",component,lmprs,
Dec,2008,,Florida,6.0,"3,130",Producer Milk Components,AMS_3462,3462,Dairy FMMOS,DY-NA,Washington,DC,"Washington, DC",Washington,DC,FMMOS,FMMOS - non-mars,03/30/2021 14:15:00,2008,2008-FEB,266,component,lmprs,
Dec,2008,,Mideast,33.0,"15,707",Producer Milk Components,AMS_3462,3462,Dairy FMMOS,DY-NA,Washington,DC,"Washington, DC",Washington,DC,FMMOS,FMMOS - non-mars,03/30/2021 14:15:00,2008,2008-FEB,"1,375",component,lmprs,
Dec,2008,,Pacific Northwest,124.0,"6,882",Producer Milk Components,AMS_3462,3462,Dairy FMMOS,DY-NA,Washington,DC,"Washington, DC",Washington,DC,FMMOS,FMMOS - non-mars,03/30/2021 14:15:00,2008,2008-FEB,607,component,lmprs,
Dec,2008,,Northeast,1.0,"23,895",Producer Milk Components,AMS_3462,3462,Dairy FMMOS,DY-NA,Washington,DC,"Washington, DC",Washington,DC,FMMOS,FMMOS - non-mars,03/30/2021 14:15:00,2008,2008-FEB,"1,977",component,lmprs,
Dec,2008,,Southeast,7.0,"6,923",Producer Milk Components,AMS_3462,3462,Dairy FMMOS,DY-NA,Washington,DC,"Washington, DC",Washington,DC,FMMOS,FMMOS - non-mars,03/30/2021 14:15:00,2008,2008-FEB,606,component,lmprs,
Dec,2008,,Southwest,126.0,"9,687",Producer Milk Components,AMS_3462,3462,Dairy FMMOS,DY-NA,Washington,DC,"Washington, DC",Washington,DC,FMMOS,FMMOS - non-mars,03/30/2021 14:15:00,2008,2008-FEB,754,component,lmprs,
Dec,2008,,Upper Midwest,30.0,"28,041",Producer Milk Components,AMS_3462,3462,Dairy FMMOS,DY-NA,Washington,DC,"Washington, DC",Washington,DC,FMMOS,FMMOS - non-mars,03/30/2021 14:15:00,2008,2008-FEB,"2,409",component,lmprs,
Dec,2009,,Upper Midwest,30.0,"32,184",Producer Milk Components,AMS_3462,3462,Dairy FMMOS,DY-NA,Washington,DC,"Washington, DC",Washington,DC,FMMOS,FMMOS - non-mars,03/30/2021 14:15:00,2009,2009-FEB,"2,488",component,lmprs,
Dec,2009,,Southwest,126.0,"10,809",Producer Milk Components,AMS_3462,3462,Dairy FMMOS,DY-NA,Washington,DC,"Washington, DC",Washington,DC,FMMOS,FMMOS - non-mars,03/30/2021 14:15:00,2009,2009-FEB,990,component,lmprs,
Dec,2009,,Southeast,7.0,"7,169",Producer Milk Components,AMS_3462,3462,Dairy FMMOS,DY-NA,Washington,DC,"Washington, DC",Washington,DC,FMMOS,FMMOS - non-mars,03/30/2021 14:15:00,2009,2009-FEB,546,component,lmprs,
Dec,2009,,Northeast,1.0,"23,497",Producer Milk Components,AMS_3462,3462,Dairy FMMOS,DY-NA,Washington,DC,"Washington, DC",Washington,DC,FMMOS,FMMOS - non-mars,03/30/2021 14:15:00,2009,2009-FEB,"1,843",component,lmprs,
Dec,2009,,Pacific Northwest,124.0,"7,470",Producer Milk Components,AMS_3462,3462,Dairy FMMOS,DY-NA,Washington,DC,"Washington, DC",Washington,DC,FMMOS,FMMOS - non-mars,03/30/2021 14:15:00,2009,2009-FEB,627,component,lmprs,
Dec,2009,,Mideast,33.0,"16,596",Producer Milk Components,AMS_3462,3462,Dairy FMMOS,DY-NA,Washington,DC,"Washington, DC",Washington,DC,FMMOS,FMMOS - non-mars,03/30/2021 14:15:00,2009,2009-FEB,"1,278",component,lmprs,
Dec,2009,,Florida,6.0,"3,027",Producer Milk Components,AMS_3462,3462,Dairy FMMOS,DY-NA,Washington,DC,"Washington, DC",Washington,DC,FMMOS,FMMOS - non-mars,03/30/2021 14:15:00,2009,2009-FEB,268,component,lmprs,
Dec,2009,,Central,32.0,"12,685",Producer Milk Components,AMS_3462,3462,Dairy FMMOS,DY-NA,Washington,DC,"Washington, DC",Washington,DC,FMMOS,FMMOS - non-mars,03/30/2021 14:15:00,2009,2009-FEB,"1,063",component,lmprs,
Dec,2009,,Appalachian,5.0,"5,950",Producer Milk Components,AMS_3462,3462,Dairy FMMOS,DY-NA,Washington,DC,"Washington, DC",Washington,DC,FMMOS,FMMOS - non-mars,03/30/2021 14:15:00,2009,2009-FEB,472,component,lmprs,
Dec,2009,,Arizona,131.0,"4,042",Producer Milk Components,AMS_3462,3462,Dairy FMMOS,DY-NA,Washington,DC,"Washington, DC",Washington,DC,FMMOS,FMMOS - non-mars,03/30/2021 14:15:00,2009,2009-FEB,345,component,lmprs,
Dec,2009,,All Markets Combined,,"123,430",Producer Milk Components,AMS_3462,3462,Dairy FMMOS,DY-NA,Washington,DC,"Washington, DC",Washington,DC,FMMOS,FMMOS - non-mars,03/30/2021 14:15:00,2009,2009-FEB,"9,921",component,lmprs,
Dec,2010,,All Markets Combined,,"126,909",Producer Milk Components,AMS_3462,3462,Dairy FMMOS,DY-NA,Washington,DC,"Washington, DC",Washington,DC,FMMOS,FMMOS - non-mars,03/30/2021 14:14:00,2010,2010-FEB,"9,785",component,lmprs,
Dec,2010,,Arizona,131.0,"4,232",Producer Milk Components,AMS_3462,3462,Dairy FMMOS,DY-NA,Washington,DC,"Washington, DC",Washington,DC,FMMOS,FMMOS - non-mars,03/30/2021 14:14:00,2010,2010-FEB,336,component,lmprs,
Dec,2010,,Appalachian,5.0,"6,042",Producer Milk Components,AMS_3462,3462,Dairy FMMOS,DY-NA,Washington,DC,"Washington, DC",Washington,DC,FMMOS,FMMOS - non-mars,03/30/2021 14:14:00,2010,2010-FEB,472,component,lmprs,
Dec,2010,,Central,32.0,"13,352",Producer Milk Components,AMS_3462,3462,Dairy FMMOS,DY-NA,Washington,DC,"Washington, DC",Washington,DC,FMMOS,FMMOS - non-mars,03/30/2021 14:14:00,2010,2010-FEB,"1,010",component,lmprs,
Dec,2010,,Florida,6.0,"2,902",Producer Milk Components,AMS_3462,3462,Dairy FMMOS,DY-NA,Washington,DC,"Washington, DC",Washington,DC,FMMOS,FMMOS - non-mars,03/30/2021 14:14:00,2010,2010-FEB,234,component,lmprs,
Dec,2010,,Mideast,33.0,"16,022",Producer Milk Components,AMS_3462,3462,Dairy FMMOS,DY-NA,Washington,DC,"Washington, DC",Washington,DC,FMMOS,FMMOS - non-mars,03/30/2021 14:14:00,2010,2010-FEB,"1,259",component,lmprs,
Dec,2010,,Pacific Northwest,124.0,"8,011",Producer Milk Components,AMS_3462,3462,Dairy FMMOS,DY-NA,Washington,DC,"Washington, DC",Washington,DC,FMMOS,FMMOS - non-mars,03/30/2021 14:14:00,2010,2010-FEB,633,component,lmprs,
Dec,2010,,Northeast,1.0,"24,335",Producer Milk Components,AMS_3462,3462,Dairy FMMOS,DY-NA,Washington,DC,"Washington, DC",Washington,DC,FMMOS,FMMOS - non-mars,03/30/2021 14:14:00,2010,2010-FEB,"1,814",component,lmprs,
Dec,2010,,Southeast,7.0,"7,001",Producer Milk Components,AMS_3462,3462,Dairy FMMOS,DY-NA,Washington,DC,"Washington, DC",Washington,DC,FMMOS,FMMOS - non-mars,03/30/2021 14:14:00,2010,2010-FEB,545,component,lmprs,
Dec,2010,,Southwest,126.0,"11,210",Producer Milk Components,AMS_3462,3462,Dairy FMMOS,DY-NA,Washington,DC,"Washington, DC",Washington,DC,FMMOS,FMMOS - non-mars,03/30/2021 14:14:00,2010,2010-FEB,838,component,lmprs,
Dec,2010,,Upper Midwest,30.0,"33,803",Producer Milk Components,AMS_3462,3462,Dairy FMMOS,DY-NA,Washington,DC,"Washington, DC",Washington,DC,FMMOS,FMMOS - non-mars,03/30/2021 14:14:00,2010,2010-FEB,"2,642",component,lmprs,
Dec,2011,,Southwest,126.0,"11,233",Producer Milk Components,AMS_3462,3462,Dairy FMMOS,DY-NA,Washington,DC,"Washington, DC",Washington,DC,FMMOS,FMMOS - non-mars,03/30/2021 14:14:00,2011,2011-FEB,951,component,lmprs,
Dec,2011,,Upper Midwest,30.0,"32,766",Producer Milk Components,AMS_3462,3462,Dairy FMMOS,DY-NA,Washington,DC,"Washington, DC",Washington,DC,FMMOS,FMMOS - non-mars,03/30/2021 14:14:00,2011,2011-FEB,"2,578",component,lmprs,
Dec,2011,,Southeast,7.0,"7,057",Producer Milk Components,AMS_3462,3462,Dairy FMMOS,DY-NA,Washington,DC,"Washington, DC",Washington,DC,FMMOS,FMMOS - non-mars,03/30/2021 14:14:00,2011,2011-FEB,564,component,lmprs,
Dec,2011,,Pacific Northwest,124.0,"8,023",Producer Milk Components,AMS_3462,3462,Dairy FMMOS,DY-NA,Washington,DC,"Washington, DC",Washington,DC,FMMOS,FMMOS - non-mars,03/30/2021 14:14:00,2011,2011-FEB,613,component,lmprs,
Dec,2011,,Mideast,33.0,"15,939",Producer Milk Components,AMS_3462,3462,Dairy FMMOS,DY-NA,Washington,DC,"Washington, DC",Washington,DC,FMMOS,FMMOS - non-mars,03/30/2021 14:14:00,2011,2011-FEB,"1,215",component,lmprs,
Dec,2011,,Northeast,1.0,"24,358",Producer Milk Components,AMS_3462,3462,Dairy FMMOS,DY-NA,Washington,DC,"Washington, DC",Washington,DC,FMMOS,FMMOS - non-mars,03/30/2021 14:14:00,2011,2011-FEB,"1,911",component,lmprs,
Dec,2011,,Florida,6.0,"2,919",Producer Milk Components,AMS_3462,3462,Dairy FMMOS,DY-NA,Washington,DC,"Washington, DC",Washington,DC,FMMOS,FMMOS - non-mars,03/30/2021 14:14:00,2011,2011-FEB,238,component,lmprs,
Dec,2011,,Central,32.0,"13,938",Producer Milk Components,AMS_3462,3462,Dairy FMMOS,DY-NA,Washington,DC,"Washington, DC",Washington,DC,FMMOS,FMMOS - non-mars,03/30/2021 14:14:00,2011,2011-FEB,"1,046",component,lmprs,
Dec,2011,,Appalachian,5.0,"6,128",Producer Milk Components,AMS_3462,3462,Dairy FMMOS,DY-NA,Washington,DC,"Washington, DC",Washington,DC,FMMOS,FMMOS - non-mars,03/30/2021 14:14:00,2011,2011-FEB,453,component,lmprs,
Dec,2011,,Arizona,131.0,"4,518",Producer Milk Components,AMS_3462,3462,Dairy FMMOS,DY-NA,Washington,DC,"Washington, DC",Washington,DC,FMMOS,FMMOS - non-mars,03/30/2021 14:14:00,2011,2011-FEB,364,component,lmprs,
Dec,2011,,All Markets Combined,,"126,879",Producer Milk Components,AMS_3462,3462,Dairy FMMOS,DY-NA,Washington,DC,"Washington, DC",Washington,DC,FMMOS,FMMOS - non-mars,03/30/2021 14:14:00,2011,2011-FEB,"9,934",component,lmprs,
Dec,2012,,All Markets Combined,,"122,388",Producer Milk Components,AMS_3462,3462,Dairy FMMOS,DY-NA,Washington,DC,"Washington, DC",Washington,DC,FMMOS,FMMOS - non-mars,03/30/2021 14:13:00,2012,2012-FEB,"10,992",component,lmprs,
Dec,2012,,Arizona,131.0,"4,556",Producer Milk Components,AMS_3462,3462,Dairy FMMOS,DY-NA,Washington,DC,"Washington, DC",Washington,DC,FMMOS,FMMOS - non-mars,03/30/2021 14:13:00,2012,2012-FEB,400,component,lmprs,
Dec,2012,,Appalachian,5.0,"5,863",Producer Milk Components,AMS_3462,3462,Dairy FMMOS,DY-NA,Washington,DC,"Washington, DC",Washington,DC,FMMOS,FMMOS - non-mars,03/30/2021 14:13:00,2012,2012-FEB,502,component,lmprs,
Dec,2012,,Central,32.0,"13,389",Producer Milk Components,AMS_3462,3462,Dairy FMMOS,DY-NA,Washington,DC,"Washington, DC",Washington,DC,FMMOS,FMMOS - non-mars,03/30/2021 14:13:00,2012,2012-FEB,"1,374",component,lmprs,
Dec,2012,,Florida,6.0,"2,890",Producer Milk Components,AMS_3462,3462,Dairy FMMOS,DY-NA,Washington,DC,"Washington, DC",Washington,DC,FMMOS,FMMOS - non-mars,03/30/2021 14:13:00,2012,2012-FEB,242,component,lmprs,
Dec,2012,,Northeast,1.0,"24,695",Producer Milk Components,AMS_3462,3462,Dairy FMMOS,DY-NA,Washington,DC,"Washington, DC",Washington,DC,FMMOS,FMMOS - non-mars,03/30/2021 14:13:00,2012,2012-FEB,"1,980",component,lmprs,
Dec,2012,,Mideast,33.0,"16,806",Producer Milk Components,AMS_3462,3462,Dairy FMMOS,DY-NA,Washington,DC,"Washington, DC",Washington,DC,FMMOS,FMMOS - non-mars,03/30/2021 14:13:00,2012,2012-FEB,"1,470",component,lmprs,
Dec,2012,,Pacific Northwest,124.0,"6,719",Producer Milk Components,AMS_3462,3462,Dairy FMMOS,DY-NA,Washington,DC,"Washington, DC",Washington,DC,FMMOS,FMMOS - non-mars,03/30/2021 14:13:00,2012,2012-FEB,666,component,lmprs,
Dec,2012,,Southeast,7.0,"6,794",Producer Milk Components,AMS_3462,3462,Dairy FMMOS,DY-NA,Washington,DC,"Washington, DC",Washington,DC,FMMOS,FMMOS - non-mars,03/30/2021 14:13:00,2012,2012-FEB,566,component,lmprs,
Dec,2012,,Upper Midwest,30.0,"30,684",Producer Milk Components,AMS_3462,3462,Dairy FMMOS,DY-NA,Washington,DC,"Washington, DC",Washington,DC,FMMOS,FMMOS - non-mars,03/30/2021 14:13:00,2012,2012-FEB,"2,710",component,lmprs,
Dec,2012,,Southwest,126.0,"9,994",Producer Milk Components,AMS_3462,3462,Dairy FMMOS,DY-NA,Washington,DC,"Washington, DC",Washington,DC,FMMOS,FMMOS - non-mars,03/30/2021 14:13:00,2012,2012-FEB,"1,084",component,lmprs,
Dec,2013,,Southwest,126.0,"12,901",Producer Milk Components,AMS_3462,3462,Dairy FMMOS,DY-NA,Washington,DC,"Washington, DC",Washington,DC,FMMOS,FMMOS - non-mars,03/30/2021 14:13:00,2013,2013-FEB,"1,128",component,lmprs,
Dec,2013,,Upper Midwest,30.0,"34,315",Producer Milk Components,AMS_3462,3462,Dairy FMMOS,DY-NA,Washington,DC,"Washington, DC",Washington,DC,FMMOS,FMMOS - non-mars,03/30/2021 14:13:00,2013,2013-FEB,"2,699",component,lmprs,
Dec,2013,,Southeast,7.0,"6,129",Producer Milk Components,AMS_3462,3462,Dairy FMMOS,DY-NA,Washington,DC,"Washington, DC",Washington,DC,FMMOS,FMMOS - non-mars,03/30/2021 14:13:00,2013,2013-FEB,516,component,lmprs,
Dec,2013,,Pacific Northwest,124.0,"8,239",Producer Milk Components,AMS_3462,3462,Dairy FMMOS,DY-NA,Washington,DC,"Washington, DC",Washington,DC,FMMOS,FMMOS - non-mars,03/30/2021 14:13:00,2013,2013-FEB,645,component,lmprs,
Dec,2013,,Mideast,33.0,"16,719",Producer Milk Components,AMS_3462,3462,Dairy FMMOS,DY-NA,Washington,DC,"Washington, DC",Washington,DC,FMMOS,FMMOS - non-mars,03/30/2021 14:13:00,2013,2013-FEB,"1,365",component,lmprs,
Dec,2013,,Northeast,1.0,"25,420",Producer Milk Components,AMS_3462,3462,Dairy FMMOS,DY-NA,Washington,DC,"Washington, DC",Washington,DC,FMMOS,FMMOS - non-mars,03/30/2021 14:13:00,2013,2013-FEB,"1,983",component,lmprs,
Dec,2013,,Florida,6.0,"2,833",Producer Milk Components,AMS_3462,3462,Dairy FMMOS,DY-NA,Washington,DC,"Washington, DC",Washington,DC,FMMOS,FMMOS - non-mars,03/30/2021 14:13:00,2013,2013-FEB,229,component,lmprs,
Dec,2013,,Central,32.0,"15,199",Producer Milk Components,AMS_3462,3462,Dairy FMMOS,DY-NA,Washington,DC,"Washington, DC",Washington,DC,FMMOS,FMMOS - non-mars,03/30/2021 14:13:00,2013,2013-FEB,"1,174",component,lmprs,
Dec,2013,,Arizona,131.0,"4,615",Producer Milk Components,AMS_3462,3462,Dairy FMMOS,DY-NA,Washington,DC,"Washington, DC",Washington,DC,FMMOS,FMMOS - non-mars,03/30/2021 14:13:00,2013,2013-FEB,379,component,lmprs,
Dec,2013,,All Markets Combined,,"132,100",Producer Milk Components,AMS_3462,3462,Dairy FMMOS,DY-NA,Washington,DC,"Washington, DC",Washington,DC,FMMOS,FMMOS - non-mars,03/30/2021 14:13:00,2013,2013-FEB,"10,579",component,lmprs,
Dec,2013,,Appalachian,5.0,"5,729",Producer Milk Components,AMS_3462,3462,Dairy FMMOS,DY-NA,Washington,DC,"Washington, DC",Washington,DC,FMMOS,FMMOS - non-mars,03/30/2021 14:13:00,2013,2013-FEB,460,component,lmprs,
Dec,2014,,Appalachian,5.0,"5,594",Producer Milk Components,AMS_3462,3462,Dairy FMMOS,DY-NA,Washington,DC,"Washington, DC",Washington,DC,FMMOS,FMMOS - non-mars,03/30/2021 14:13:00,2014,2014-FEB,430,component,lmprs,
Dec,2014,,All Markets Combined,,"129,420",Producer Milk Components,AMS_3462,3462,Dairy FMMOS,DY-NA,Washington,DC,"Washington, DC",Washington,DC,FMMOS,FMMOS - non-mars,03/30/2021 14:13:00,2014,2014-FEB,"9,216",component,lmprs,
Dec,2014,,Arizona,131.0,"4,800",Producer Milk Components,AMS_3462,3462,Dairy FMMOS,DY-NA,Washington,DC,"Washington, DC",Washington,DC,FMMOS,FMMOS - non-mars,03/30/2021 14:13:00,2014,2014-FEB,390,component,lmprs,
Dec,2014,,Central,32.0,"15,063",Producer Milk Components,AMS_3462,3462,Dairy FMMOS,DY-NA,Washington,DC,"Washington, DC",Washington,DC,FMMOS,FMMOS - non-mars,03/30/2021 14:13:00,2014,2014-FEB,"1,099",component,lmprs,
Dec,2014,,Florida,6.0,"2,771",Producer Milk Components,AMS_3462,3462,Dairy FMMOS,DY-NA,Washington,DC,"Washington, DC",Washington,DC,FMMOS,FMMOS - non-mars,03/30/2021 14:13:00,2014,2014-FEB,230,component,lmprs,
Dec,2014,,Northeast,1.0,"25,793",Producer Milk Components,AMS_3462,3462,Dairy FMMOS,DY-NA,Washington,DC,"Washington, DC",Washington,DC,FMMOS,FMMOS - non-mars,03/30/2021 14:13:00,2014,2014-FEB,"1,968",component,lmprs,
Dec,2014,,Mideast,33.0,"17,297",Producer Milk Components,AMS_3462,3462,Dairy FMMOS,DY-NA,Washington,DC,"Washington, DC",Washington,DC,FMMOS,FMMOS - non-mars,03/30/2021 14:13:00,2014,2014-FEB,"1,297",component,lmprs,
Dec,2014,,Pacific Northwest,124.0,"7,892",Producer Milk Components,AMS_3462,3462,Dairy FMMOS,DY-NA,Washington,DC,"Washington, DC",Washington,DC,FMMOS,FMMOS - non-mars,03/30/2021 14:13:00,2014,2014-FEB,440,component,lmprs,
Dec,2014,,Southeast,7.0,"5,289",Producer Milk Components,AMS_3462,3462,Dairy FMMOS,DY-NA,Washington,DC,"Washington, DC",Washington,DC,FMMOS,FMMOS - non-mars,03/30/2021 14:13:00,2014,2014-FEB,429,component,lmprs,
Dec,2014,,Upper Midwest,30.0,"32,785",Producer Milk Components,AMS_3462,3462,Dairy FMMOS,DY-NA,Washington,DC,"Washington, DC",Washington,DC,FMMOS,FMMOS - non-mars,03/30/2021 14:13:00,2014,2014-FEB,"2,291",component,lmprs,
Dec,2014,,Southwest,126.0,"12,137",Producer Milk Components,AMS_3462,3462,Dairy FMMOS,DY-NA,Washington,DC,"Washington, DC",Washington,DC,FMMOS,FMMOS - non-mars,03/30/2021 14:13:00,2014,2014-FEB,640,component,lmprs,
Dec,2015,,Southwest,126.0,"11,891",Producer Milk Components,AMS_3462,3462,Dairy FMMOS,DY-NA,Washington,DC,"Washington, DC",Washington,DC,FMMOS,FMMOS - non-mars,03/30/2021 14:12:00,2015,2015-FEB,"1,174",component,lmprs,
Dec,2015,,Upper Midwest,30.0,"30,318",Producer Milk Components,AMS_3462,3462,Dairy FMMOS,DY-NA,Washington,DC,"Washington, DC",Washington,DC,FMMOS,FMMOS - non-mars,03/30/2021 14:12:00,2015,2015-FEB,"2,911",component,lmprs,
Dec,2015,,Southeast,7.0,"5,205",Producer Milk Components,AMS_3462,3462,Dairy FMMOS,DY-NA,Washington,DC,"Washington, DC",Washington,DC,FMMOS,FMMOS - non-mars,03/30/2021 14:12:00,2015,2015-FEB,414,component,lmprs,
Dec,2015,,Pacific Northwest,124.0,"6,646",Producer Milk Components,AMS_3462,3462,Dairy FMMOS,DY-NA,Washington,DC,"Washington, DC",Washington,DC,FMMOS,FMMOS - non-mars,03/30/2021 14:12:00,2015,2015-FEB,456,component,lmprs,
Dec,2015,,Mideast,33.0,"18,376",Producer Milk Components,AMS_3462,3462,Dairy FMMOS,DY-NA,Washington,DC,"Washington, DC",Washington,DC,FMMOS,FMMOS - non-mars,03/30/2021 14:12:00,2015,2015-FEB,"1,571",component,lmprs,
Dec,2015,,Northeast,1.0,"26,039",Producer Milk Components,AMS_3462,3462,Dairy FMMOS,DY-NA,Washington,DC,"Washington, DC",Washington,DC,FMMOS,FMMOS - non-mars,03/30/2021 14:12:00,2015,2015-FEB,"2,016",component,lmprs,
Dec,2015,,Florida,6.0,"2,741",Producer Milk Components,AMS_3462,3462,Dairy FMMOS,DY-NA,Washington,DC,"Washington, DC",Washington,DC,FMMOS,FMMOS - non-mars,03/30/2021 14:12:00,2015,2015-FEB,225,component,lmprs,
Dec,2015,,Central,32.0,"14,476",Producer Milk Components,AMS_3462,3462,Dairy FMMOS,DY-NA,Washington,DC,"Washington, DC",Washington,DC,FMMOS,FMMOS - non-mars,03/30/2021 14:12:00,2015,2015-FEB,"1,292",component,lmprs,
Dec,2015,,Arizona,131.0,"4,788",Producer Milk Components,AMS_3462,3462,Dairy FMMOS,DY-NA,Washington,DC,"Washington, DC",Washington,DC,FMMOS,FMMOS - non-mars,03/30/2021 14:12:00,2015,2015-FEB,383,component,lmprs,
Dec,2015,,All Markets Combined,,"126,126",Producer Milk Components,AMS_3462,3462,Dairy FMMOS,DY-NA,Washington,DC,"Washington, DC",Washington,DC,FMMOS,FMMOS - non-mars,03/30/2021 14:12:00,2015,2015-FEB,"10,883",component,lmprs,
Dec,2015,,Appalachian,5.0,"5,646",Producer Milk Components,AMS_3462,3462,Dairy FMMOS,DY-NA,Washington,DC,"Washington, DC",Washington,DC,FMMOS,FMMOS - non-mars,03/30/2021 14:12:00,2015,2015-FEB,440,component,lmprs,
Dec,2016,,Appalachian,5.0,"5,595",Producer Milk Components,AMS_3462,3462,Dairy FMMOS,DY-NA,Washington,DC,"Washington, DC",Washington,DC,FMMOS,FMMOS - non-mars,03/30/2021 14:12:00,2016,2016-FEB,454,component,lmprs,
Dec,2016,,All Markets Combined,,"133,846",Producer Milk Components,AMS_3462,3462,Dairy FMMOS,DY-NA,Washington,DC,"Washington, DC",Washington,DC,FMMOS,FMMOS - non-mars,03/30/2021 14:12:00,2016,2016-FEB,"11,616",component,lmprs,
Dec,2016,,Arizona,131.0,"4,979",Producer Milk Components,AMS_3462,3462,Dairy FMMOS,DY-NA,Washington,DC,"Washington, DC",Washington,DC,FMMOS,FMMOS - non-mars,03/30/2021 14:12:00,2016,2016-FEB,433,component,lmprs,
Dec,2016,,Central,32.0,"15,088",Producer Milk Components,AMS_3462,3462,Dairy FMMOS,DY-NA,Washington,DC,"Washington, DC",Washington,DC,FMMOS,FMMOS - non-mars,03/30/2021 14:12:00,2016,2016-FEB,"1,313",component,lmprs,
Dec,2016,,Florida,6.0,"2,714",Producer Milk Components,AMS_3462,3462,Dairy FMMOS,DY-NA,Washington,DC,"Washington, DC",Washington,DC,FMMOS,FMMOS - non-mars,03/30/2021 14:12:00,2016,2016-FEB,236,component,lmprs,
Dec,2016,,Northeast,1.0,"27,007",Producer Milk Components,AMS_3462,3462,Dairy FMMOS,DY-NA,Washington,DC,"Washington, DC",Washington,DC,FMMOS,FMMOS - non-mars,03/30/2021 14:12:00,2016,2016-FEB,"2,138",component,lmprs,
Dec,2016,,Mideast,33.0,"19,655",Producer Milk Components,AMS_3462,3462,Dairy FMMOS,DY-NA,Washington,DC,"Washington, DC",Washington,DC,FMMOS,FMMOS - non-mars,03/30/2021 14:12:00,2016,2016-FEB,"1,602",component,lmprs,
Dec,2016,,Pacific Northwest,124.0,"7,883",Producer Milk Components,AMS_3462,3462,Dairy FMMOS,DY-NA,Washington,DC,"Washington, DC",Washington,DC,FMMOS,FMMOS - non-mars,03/30/2021 14:12:00,2016,2016-FEB,716,component,lmprs,
Dec,2016,,Southeast,7.0,"5,390",Producer Milk Components,AMS_3462,3462,Dairy FMMOS,DY-NA,Washington,DC,"Washington, DC",Washington,DC,FMMOS,FMMOS - non-mars,03/30/2021 14:12:00,2016,2016-FEB,427,component,lmprs,
Dec,2016,,Upper Midwest,30.0,"32,817",Producer Milk Components,AMS_3462,3462,Dairy FMMOS,DY-NA,Washington,DC,"Washington, DC",Washington,DC,FMMOS,FMMOS - non-mars,03/30/2021 14:12:00,2016,2016-FEB,"3,101",component,lmprs,
Dec,2016,,Southwest,126.0,"12,717",Producer Milk Components,AMS_3462,3462,Dairy FMMOS,DY-NA,Washington,DC,"Washington, DC",Washington,DC,FMMOS,FMMOS - non-mars,03/30/2021 14:12:00,2016,2016-FEB,"1,197",component,lmprs,
Dec,2017,,Southwest,126.0,"13,092",Producer Milk Components,AMS_3462,3462,Dairy FMMOS,DY-NA,Washington,DC,"Washington, DC",Washington,DC,FMMOS,FMMOS - non-mars,03/30/2021 14:11:00,2017,2017-FEB,854,component,lmprs,
Dec,2017,,Upper Midwest,30.0,"32,312",Producer Milk Components,AMS_3462,3462,Dairy FMMOS,DY-NA,Washington,DC,"Washington, DC",Washington,DC,FMMOS,FMMOS - non-mars,03/30/2021 14:11:00,2017,2017-FEB,"2,251",component,lmprs,
Dec,2017,,Southeast,7.0,"5,452",Producer Milk Components,AMS_3462,3462,Dairy FMMOS,DY-NA,Washington,DC,"Washington, DC",Washington,DC,FMMOS,FMMOS - non-mars,03/30/2021 14:11:00,2017,2017-FEB,438,component,lmprs,
Dec,2017,,Pacific Northwest,124.0,"7,661",Producer Milk Components,AMS_3462,3462,Dairy FMMOS,DY-NA,Washington,DC,"Washington, DC",Washington,DC,FMMOS,FMMOS - non-mars,03/30/2021 14:11:00,2017,2017-FEB,552,component,lmprs,
Dec,2017,,Mideast,33.0,"20,241",Producer Milk Components,AMS_3462,3462,Dairy FMMOS,DY-NA,Washington,DC,"Washington, DC",Washington,DC,FMMOS,FMMOS - non-mars,03/30/2021 14:11:00,2017,2017-FEB,"1,610",component,lmprs,
Dec,2017,,Northeast,1.0,"27,397",Producer Milk Components,AMS_3462,3462,Dairy FMMOS,DY-NA,Washington,DC,"Washington, DC",Washington,DC,FMMOS,FMMOS - non-mars,03/30/2021 14:11:00,2017,2017-FEB,"2,149",component,lmprs,
Dec,2017,,Florida,6.0,"2,602",Producer Milk Components,AMS_3462,3462,Dairy FMMOS,DY-NA,Washington,DC,"Washington, DC",Washington,DC,FMMOS,FMMOS - non-mars,03/30/2021 14:11:00,2017,2017-FEB,213,component,lmprs,
Dec,2017,,Central,32.0,"15,879",Producer Milk Components,AMS_3462,3462,Dairy FMMOS,DY-NA,Washington,DC,"Washington, DC",Washington,DC,FMMOS,FMMOS - non-mars,03/30/2021 14:11:00,2017,2017-FEB,"1,226",component,lmprs,
Dec,2017,,Arizona,131.0,"5,065",Producer Milk Components,AMS_3462,3462,Dairy FMMOS,DY-NA,Washington,DC,"Washington, DC",Washington,DC,FMMOS,FMMOS - non-mars,03/30/2021 14:11:00,2017,2017-FEB,392,component,lmprs,
Dec,2017,,All Markets Combined,,"135,502",Producer Milk Components,AMS_3462,3462,Dairy FMMOS,DY-NA,Washington,DC,"Washington, DC",Washington,DC,FMMOS,FMMOS - non-mars,03/30/2021 14:11:00,2017,2017-FEB,"10,116",component,lmprs,
Dec,2017,,Appalachian,5.0,"5,801",Producer Milk Components,AMS_3462,3462,Dairy FMMOS,DY-NA,Washington,DC,"Washington, DC",Washington,DC,FMMOS,FMMOS - non-mars,03/30/2021 14:11:00,2017,2017-FEB,432,component,lmprs,
Dec,2018,,Appalachian,5.0,"5,734",Producer Milk Components,AMS_3462,3462,Dairy FMMOS,DY-NA,Washington,DC,"Washington, DC",Washington,DC,FMMOS,FMMOS - non-mars,03/30/2021 14:09:00,2018,2018-FEB,457,component,lmprs,
Dec,2018,,All Markets Combined,,"141,684",Producer Milk Components,AMS_3462,3462,Dairy FMMOS,DY-NA,Washington,DC,"Washington, DC",Washington,DC,FMMOS,FMMOS - non-mars,03/30/2021 14:09:00,2018,2018-FEB,"11,450",component,lmprs,
Dec,2018,,Arizona,131.0,"5,133",Producer Milk Components,AMS_3462,3462,Dairy FMMOS,DY-NA,Washington,DC,"Washington, DC",Washington,DC,FMMOS,FMMOS - non-mars,03/30/2021 14:09:00,2018,2018-FEB,428,component,lmprs,
Dec,2018,,Central,32.0,"16,604",Producer Milk Components,AMS_3462,3462,Dairy FMMOS,DY-NA,Washington,DC,"Washington, DC",Washington,DC,FMMOS,FMMOS - non-mars,03/30/2021 14:09:00,2018,2018-FEB,"1,442",component,lmprs,
Dec,2018,,California,51.0,"4,117",Producer Milk Components,AMS_3462,3462,Dairy FMMOS,DY-NA,Washington,DC,"Washington, DC",Washington,DC,FMMOS,FMMOS - non-mars,03/30/2021 14:09:00,2018,2018-FEB,,component,lmprs,
Dec,2018,,Florida,6.0,"2,565",Producer Milk Components,AMS_3462,3462,Dairy FMMOS,DY-NA,Washington,DC,"Washington, DC",Washington,DC,FMMOS,FMMOS - non-mars,03/30/2021 14:09:00,2018,2018-FEB,204,component,lmprs,
Dec,2018,,Northeast,1.0,"27,109",Producer Milk Components,AMS_3462,3462,Dairy FMMOS,DY-NA,Washington,DC,"Washington, DC",Washington,DC,FMMOS,FMMOS - non-mars,03/30/2021 14:09:00,2018,2018-FEB,"2,118",component,lmprs,
Dec,2018,,Mideast,33.0,"19,603",Producer Milk Components,AMS_3462,3462,Dairy FMMOS,DY-NA,Washington,DC,"Washington, DC",Washington,DC,FMMOS,FMMOS - non-mars,03/30/2021 14:09:00,2018,2018-FEB,"1,605",component,lmprs,
Dec,2018,,Pacific Northwest,124.0,"8,558",Producer Milk Components,AMS_3462,3462,Dairy FMMOS,DY-NA,Washington,DC,"Washington, DC",Washington,DC,FMMOS,FMMOS - non-mars,03/30/2021 14:09:00,2018,2018-FEB,677,component,lmprs,
Dec,2018,,Southeast,7.0,"5,209",Producer Milk Components,AMS_3462,3462,Dairy FMMOS,DY-NA,Washington,DC,"Washington, DC",Washington,DC,FMMOS,FMMOS - non-mars,03/30/2021 14:09:00,2018,2018-FEB,429,component,lmprs,
Dec,2018,,Upper Midwest,30.0,"33,323",Producer Milk Components,AMS_3462,3462,Dairy FMMOS,DY-NA,Washington,DC,"Washington, DC",Washington,DC,FMMOS,FMMOS - non-mars,03/30/2021 14:09:00,2018,2018-FEB,"2,879",component,lmprs,
Dec,2018,,Southwest,126.0,"13,727",Producer Milk Components,AMS_3462,3462,Dairy FMMOS,DY-NA,Washington,DC,"Washington, DC",Washington,DC,FMMOS,FMMOS - non-mars,03/30/2021 14:09:00,2018,2018-FEB,"1,211",component,lmprs,
Dec,2019,,Upper Midwest,30.0,"32,310",Producer Milk Components,AMS_3462,3462,Dairy FMMOS,DY-NA,Washington,DC,"Washington, DC",Washington,DC,FMMOS,FMMOS - non-mars,03/30/2021 14:09:00,2019,2019-FEB,"2,773",component,lmprs,
Dec,2019,,Southeast,7.0,"4,903",Producer Milk Components,AMS_3462,3462,Dairy FMMOS,DY-NA,Washington,DC,"Washington, DC",Washington,DC,FMMOS,FMMOS - non-mars,03/30/2021 14:09:00,2019,2019-FEB,391,component,lmprs,
Dec,2019,,Southwest,126.0,"12,900",Producer Milk Components,AMS_3462,3462,Dairy FMMOS,DY-NA,Washington,DC,"Washington, DC",Washington,DC,FMMOS,FMMOS - non-mars,03/30/2021 14:09:00,2019,2019-FEB,"1,096",component,lmprs,
Dec,2019,,Pacific Northwest,124.0,"8,496",Producer Milk Components,AMS_3462,3462,Dairy FMMOS,DY-NA,Washington,DC,"Washington, DC",Washington,DC,FMMOS,FMMOS - non-mars,03/30/2021 14:09:00,2019,2019-FEB,604,component,lmprs,
Dec,2019,,Northeast,1.0,"26,752",Producer Milk Components,AMS_3462,3462,Dairy FMMOS,DY-NA,Washington,DC,"Washington, DC",Washington,DC,FMMOS,FMMOS - non-mars,03/30/2021 14:09:00,2019,2019-FEB,"2,086",component,lmprs,
Dec,2019,,Florida,6.0,"2,510",Producer Milk Components,AMS_3462,3462,Dairy FMMOS,DY-NA,Washington,DC,"Washington, DC",Washington,DC,FMMOS,FMMOS - non-mars,03/30/2021 14:09:00,2019,2019-FEB,207,component,lmprs,
Dec,2019,,Mideast,33.0,"18,942",Producer Milk Components,AMS_3462,3462,Dairy FMMOS,DY-NA,Washington,DC,"Washington, DC",Washington,DC,FMMOS,FMMOS - non-mars,03/30/2021 14:09:00,2019,2019-FEB,"1,477",component,lmprs,
Dec,2019,,California,51.0,"24,272",Producer Milk Components,AMS_3462,3462,Dairy FMMOS,DY-NA,Washington,DC,"Washington, DC",Washington,DC,FMMOS,FMMOS - non-mars,03/30/2021 14:09:00,2019,2019-FEB,"1,830",component,lmprs,
Dec,2019,,Central,32.0,"15,260",Producer Milk Components,AMS_3462,3462,Dairy FMMOS,DY-NA,Washington,DC,"Washington, DC",Washington,DC,FMMOS,FMMOS - non-mars,03/30/2021 14:09:00,2019,2019-FEB,"1,229",component,lmprs,
Dec,2019,,Arizona,131.0,"4,840",Producer Milk Components,AMS_3462,3462,Dairy FMMOS,DY-NA,Washington,DC,"Washington, DC",Washington,DC,FMMOS,FMMOS - non-mars,03/30/2021 14:09:00,2019,2019-FEB,414,component,lmprs,
Dec,2019,,All Markets Combined,,"156,510",Producer Milk Components,AMS_3462,3462,Dairy FMMOS,DY-NA,Washington,DC,"Washington, DC",Washington,DC,FMMOS,FMMOS - non-mars,03/30/2021 14:09:00,2019,2019-FEB,"12,513",component,lmprs,
Dec,2019,,Appalachian,5.0,"5,327",Producer Milk Components,AMS_3462,3462,Dairy FMMOS,DY-NA,Washington,DC,"Washington, DC",Washington,DC,FMMOS,FMMOS - non-mars,03/30/2021 14:09:00,2019,2019-FEB,407,component,lmprs,
Dec,2020,,Appalachian,5.0,"5,322",Producer Milk Components,AMS_3462,3462,Dairy FMMOS,DY-NA,Washington,DC,"Washington, DC",Washington,DC,FMMOS,FMMOS - non-mars,02/23/2021 09:39:00,2020,2020-FEB,428,component,lmprs,
Dec,2020,,All Markets Combined,,"137,818",Producer Milk Components,AMS_3462,3462,Dairy FMMOS,DY-NA,Washington,DC,"Washington, DC",Washington,DC,FMMOS,FMMOS - non-mars,02/23/2021 09:39:00,2020,2020-FEB,"12,371",component,lmprs,
Dec,2020,,Arizona,131.0,"4,497",Producer Milk Components,AMS_3462,3462,Dairy FMMOS,DY-NA,Washington,DC,"Washington, DC",Washington,DC,FMMOS,FMMOS - non-mars,02/23/2021 09:39:00,2020,2020-FEB,429,component,lmprs,
Dec,2020,,Central,32.0,"13,315",Producer Milk Components,AMS_3462,3462,Dairy FMMOS,DY-NA,Washington,DC,"Washington, DC",Washington,DC,FMMOS,FMMOS - non-mars,02/23/2021 09:39:00,2020,2020-FEB,"1,348",component,lmprs,
Dec,2020,,California,51.0,"23,004",Producer Milk Components,AMS_3462,3462,Dairy FMMOS,DY-NA,Washington,DC,"Washington, DC",Washington,DC,FMMOS,FMMOS - non-mars,02/23/2021 09:39:00,2020,2020-FEB,"1,877",component,lmprs,
Dec,2020,,Mideast,33.0,"17,982",Producer Milk Components,AMS_3462,3462,Dairy FMMOS,DY-NA,Washington,DC,"Washington, DC",Washington,DC,FMMOS,FMMOS - non-mars,02/23/2021 09:39:00,2020,2020-FEB,"1,704",component,lmprs,
Dec,2020,,Florida,6.0,"2,509",Producer Milk Components,AMS_3462,3462,Dairy FMMOS,DY-NA,Washington,DC,"Washington, DC",Washington,DC,FMMOS,FMMOS - non-mars,02/23/2021 09:39:00,2020,2020-FEB,215,component,lmprs,
Dec,2020,,Northeast,1.0,"26,824",Producer Milk Components,AMS_3462,3462,Dairy FMMOS,DY-NA,Washington,DC,"Washington, DC",Washington,DC,FMMOS,FMMOS - non-mars,02/23/2021 09:39:00,2020,2020-FEB,"2,178",component,lmprs,
Dec,2020,,Pacific Northwest,124.0,"7,682",Producer Milk Components,AMS_3462,3462,Dairy FMMOS,DY-NA,Washington,DC,"Washington, DC",Washington,DC,FMMOS,FMMOS - non-mars,02/23/2021 09:39:00,2020,2020-FEB,649,component,lmprs,
Dec,2020,,Southwest,126.0,"11,692",Producer Milk Components,AMS_3462,3462,Dairy FMMOS,DY-NA,Washington,DC,"Washington, DC",Washington,DC,FMMOS,FMMOS - non-mars,02/23/2021 09:39:00,2020,2020-FEB,938,component,lmprs,
Dec,2020,,Southeast,7.0,"4,700",Producer Milk Components,AMS_3462,3462,Dairy FMMOS,DY-NA,Washington,DC,"Washington, DC",Washington,DC,FMMOS,FMMOS - non-mars,02/23/2021 09:39:00,2020,2020-FEB,358,component,lmprs,
Dec,2020,,Upper Midwest,30.0,"20,290",Producer Milk Components,AMS_3462,3462,Dairy FMMOS,DY-NA,Washington,DC,"Washington, DC",Washington,DC,FMMOS,FMMOS - non-mars,02/23/2021 09:39:00,2020,2020-FEB,"2,247",component,lmprs,
Dec,2021,,Southwest,126.0,"12,286",Producer Milk Components,AMS_3462,3462,Dairy FMMOS,DY-NA,Washington,DC,"Washington, DC",Washington,DC,FMMOS,FMMOS - non-mars,01/31/2022 07:17:00,2021,2021-FEB,941,component,lmprs,
Dec,2021,,Pacific Northwest,124.0,"7,387",Producer Milk Components,AMS_3462,3462,Dairy FMMOS,DY-NA,Washington,DC,"Washington, DC",Washington,DC,FMMOS,FMMOS - non-mars,01/31/2022 07:17:00,2021,2021-FEB,563,component,lmprs,
Dec,2021,,Southeast,7.0,"4,581",Producer Milk Components,AMS_3462,3462,Dairy FMMOS,DY-NA,Washington,DC,"Washington, DC",Washington,DC,FMMOS,FMMOS - non-mars,01/31/2022 07:17:00,2021,2021-FEB,355,component,lmprs,
Dec,2021,,Northeast,1.0,"27,045",Producer Milk Components,AMS_3462,3462,Dairy FMMOS,DY-NA,Washington,DC,"Washington, DC",Washington,DC,FMMOS,FMMOS - non-mars,01/31/2022 07:17:00,2021,2021-FEB,"2,101",component,lmprs,
Dec,2021,,Mideast,33.0,"18,606",Producer Milk Components,AMS_3462,3462,Dairy FMMOS,DY-NA,Washington,DC,"Washington, DC",Washington,DC,FMMOS,FMMOS - non-mars,01/31/2022 07:17:00,2021,2021-FEB,"1,282",component,lmprs,
Dec,2021,,Central,32.0,"12,992",Producer Milk Components,AMS_3462,3462,Dairy FMMOS,DY-NA,Washington,DC,"Washington, DC",Washington,DC,FMMOS,FMMOS - non-mars,01/31/2022 07:17:00,2021,2021-FEB,874,component,lmprs,
Dec,2021,,Florida,6.0,"2,444",Producer Milk Components,AMS_3462,3462,Dairy FMMOS,DY-NA,Washington,DC,"Washington, DC",Washington,DC,FMMOS,FMMOS - non-mars,01/31/2022 07:17:00,2021,2021-FEB,196,component,lmprs,
Dec,2021,,California,51.0,"23,803",Producer Milk Components,AMS_3462,3462,Dairy FMMOS,DY-NA,Washington,DC,"Washington, DC",Washington,DC,FMMOS,FMMOS - non-mars,01/31/2022 07:17:00,2021,2021-FEB,"1,837",component,lmprs,
Dec,2021,,Arizona,131.0,"4,461",Producer Milk Components,AMS_3462,3462,Dairy FMMOS,DY-NA,Washington,DC,"Washington, DC",Washington,DC,FMMOS,FMMOS - non-mars,01/31/2022 07:17:00,2021,2021-FEB,319,component,lmprs,
Dec,2021,,Appalachian,5.0,"5,289",Producer Milk Components,AMS_3462,3462,Dairy FMMOS,DY-NA,Washington,DC,"Washington, DC",Washington,DC,FMMOS,FMMOS - non-mars,01/31/2022 07:17:00,2021,2021-FEB,426,component,lmprs,
Dec,2021,,All Markets Combined,,"136,836",Producer Milk Components,AMS_3462,3462,Dairy FMMOS,DY-NA,Washington,DC,"Washington, DC",Washington,DC,FMMOS,FMMOS - non-mars,01/31/2022 07:17:00,2021,2021-FEB,"9,792",component,lmprs,
Dec,2021,,Upper Midwest,30.0,"17,940",Producer Milk Components,AMS_3462,3462,Dairy FMMOS,DY-NA,Washington,DC,"Washington, DC",Washington,DC,FMMOS,FMMOS - non-mars,01/31/2022 07:17:00,2021,2021-FEB,898,component,lmprs,
Dec,2022,,Upper Midwest,30.0,"31,837",Producer Milk Components,AMS_3462,3462,Dairy FMMOS,DY-NA,Washington,DC,"Washington, DC",Washington,DC,FMMOS,FMMOS - non-mars,01/30/2023 07:36:00,2022,2022-FEB,"2,390",component,lmprs,
Dec,2022,,All Markets Combined,,"151,614",Producer Milk Components,AMS_3462,3462,Dairy FMMOS,DY-NA,Washington,DC,"Washington, DC",Washington,DC,FMMOS,FMMOS - non-mars,01/30/2023 07:36:00,2022,2022-FEB,"11,692",component,lmprs,
Dec,2022,,Appalachian,5.0,"5,420",Producer Milk Components,AMS_3462,3462,Dairy FMMOS,DY-NA,Washington,DC,"Washington, DC",Washington,DC,FMMOS,FMMOS - non-mars,01/30/2023 07:36:00,2022,2022-FEB,425,component,lmprs,
Dec,2022,,Arizona,131.0,"4,910",Producer Milk Components,AMS_3462,3462,Dairy FMMOS,DY-NA,Washington,DC,"Washington, DC",Washington,DC,FMMOS,FMMOS - non-mars,01/30/2023 07:36:00,2022,2022-FEB,411,component,lmprs,
Dec,2022,,California,51.0,"22,439",Producer Milk Components,AMS_3462,3462,Dairy FMMOS,DY-NA,Washington,DC,"Washington, DC",Washington,DC,FMMOS,FMMOS - non-mars,01/30/2023 07:36:00,2022,2022-FEB,"1,726",component,lmprs,
Dec,2022,,Florida,6.0,"2,483",Producer Milk Components,AMS_3462,3462,Dairy FMMOS,DY-NA,Washington,DC,"Washington, DC",Washington,DC,FMMOS,FMMOS - non-mars,01/30/2023 07:36:00,2022,2022-FEB,205,component,lmprs,
Dec,2022,,Central,32.0,"15,638",Producer Milk Components,AMS_3462,3462,Dairy FMMOS,DY-NA,Washington,DC,"Washington, DC",Washington,DC,FMMOS,FMMOS - non-mars,01/30/2023 07:36:00,2022,2022-FEB,"1,170",component,lmprs,
Dec,2022,,Mideast,33.0,"16,796",Producer Milk Components,AMS_3462,3462,Dairy FMMOS,DY-NA,Washington,DC,"Washington, DC",Washington,DC,FMMOS,FMMOS - non-mars,01/30/2023 07:36:00,2022,2022-FEB,"1,279",component,lmprs,
Dec,2022,,Northeast,1.0,"26,882",Producer Milk Components,AMS_3462,3462,Dairy FMMOS,DY-NA,Washington,DC,"Washington, DC",Washington,DC,FMMOS,FMMOS - non-mars,01/30/2023 07:36:00,2022,2022-FEB,"2,063",component,lmprs,
Dec,2022,,Southeast,7.0,"3,913",Producer Milk Components,AMS_3462,3462,Dairy FMMOS,DY-NA,Washington,DC,"Washington, DC",Washington,DC,FMMOS,FMMOS - non-mars,01/30/2023 07:36:00,2022,2022-FEB,301,component,lmprs,
Dec,2022,,Pacific Northwest,124.0,"7,583",Producer Milk Components,AMS_3462,3462,Dairy FMMOS,DY-NA,Washington,DC,"Washington, DC",Washington,DC,FMMOS,FMMOS - non-mars,01/30/2023 07:36:00,2022,2022-FEB,671,component,lmprs,
Dec,2022,,Southwest,126.0,"13,714",Producer Milk Components,AMS_3462,3462,Dairy FMMOS,DY-NA,Washington,DC,"Washington, DC",Washington,DC,FMMOS,FMMOS - non-mars,01/30/2023 07:36:00,2022,2022-FEB,"1,053",component,lmprs,
Dec,2023,,Southwest,126.0,"13,640",Producer Milk Components,AMS_3462,3462,Dairy FMMOS,DY-NA,Washington,DC,"Washington, DC",Washington,DC,FMMOS,FMMOS - non-mars,01/30/2024 09:42:00,2023,2023-FEB,"1,139",component,lmprs,
Dec,2023,,Pacific Northwest,124.0,"7,650",Producer Milk Components,AMS_3462,3462,Dairy FMMOS,DY-NA,Washington,DC,"Washington, DC",Washington,DC,FMMOS,FMMOS - non-mars,01/30/2024 09:42:00,2023,2023-FEB,655,component,lmprs,
Dec,2023,,Southeast,7.0,"3,538",Producer Milk Components,AMS_3462,3462,Dairy FMMOS,DY-NA,Washington,DC,"Washington, DC",Washington,DC,FMMOS,FMMOS - non-mars,01/30/2024 09:42:00,2023,2023-FEB,294,component,lmprs,
Dec,2023,,Northeast,1.0,"27,260",Producer Milk Components,AMS_3462,3462,Dairy FMMOS,DY-NA,Washington,DC,"Washington, DC",Washington,DC,FMMOS,FMMOS - non-mars,01/30/2024 09:42:00,2023,2023-FEB,"2,118",component,lmprs,
Dec,2023,,Mideast,33.0,"17,761",Producer Milk Components,AMS_3462,3462,Dairy FMMOS,DY-NA,Washington,DC,"Washington, DC",Washington,DC,FMMOS,FMMOS - non-mars,01/30/2024 09:42:00,2023,2023-FEB,"1,438",component,lmprs,
Dec,2023,,Central,32.0,"16,053",Producer Milk Components,AMS_3462,3462,Dairy FMMOS,DY-NA,Washington,DC,"Washington, DC",Washington,DC,FMMOS,FMMOS - non-mars,01/30/2024 09:42:00,2023,2023-FEB,"1,358",component,lmprs,
Dec,2023,,Florida,6.0,"2,506",Producer Milk Components,AMS_3462,3462,Dairy FMMOS,DY-NA,Washington,DC,"Washington, DC",Washington,DC,FMMOS,FMMOS - non-mars,01/30/2024 09:42:00,2023,2023-FEB,199,component,lmprs,
Dec,2023,,California,51.0,"26,418",Producer Milk Components,AMS_3462,3462,Dairy FMMOS,DY-NA,Washington,DC,"Washington, DC",Washington,DC,FMMOS,FMMOS - non-mars,01/30/2024 09:42:00,2023,2023-FEB,"2,363",component,lmprs,
Dec,2023,,Arizona,131.0,"5,149",Producer Milk Components,AMS_3462,3462,Dairy FMMOS,DY-NA,Washington,DC,"Washington, DC",Washington,DC,FMMOS,FMMOS - non-mars,01/30/2024 09:42:00,2023,2023-FEB,417,component,lmprs,
Dec,2023,,Appalachian,5.0,"5,428",Producer Milk Components,AMS_3462,3462,Dairy FMMOS,DY-NA,Washington,DC,"Washington, DC",Washington,DC,FMMOS,FMMOS - non-mars,01/30/2024 09:42:00,2023,2023-FEB,424,component,lmprs,
Dec,2023,,All Markets Combined,,"158,448",Producer Milk Components,AMS_3462,3462,Dairy FMMOS,DY-NA,Washington,DC,"Washington, DC",Washington,DC,FMMOS,FMMOS - non-mars,01/30/2024 09:42:00,2023,2023-FEB,"13,113",component,lmprs,
Dec,2023,,Upper Midwest,30.0,"33,045",Producer Milk Components,AMS_3462,3462,Dairy FMMOS,DY-NA,Washington,DC,"Washington, DC",Washington,DC,FMMOS,FMMOS - non-mars,01/30/2024 09:42:00,2023,2023-FEB,"2,708",component,lmprs,
Dec,2024,,Upper Midwest,30.0,"28,285",Producer Milk Components,AMS_3462,3462,Dairy FMMOS,DY-NA,Washington,DC,"Washington, DC",Washington,DC,FMMOS,FMMOS - non-mars,01/23/2025 09:07:00,2024,2024-FEB,"2,544",component,lmprs,
Dec,2024,,All Markets Combined,,"146,628",Producer Milk Components,AMS_3462,3462,Dairy FMMOS,DY-NA,Washington,DC,"Washington, DC",Washington,DC,FMMOS,FMMOS - non-mars,01/23/2025 09:07:00,2024,2024-FEB,"12,019",component,lmprs,
Dec,2024,,Appalachian,5.0,"5,301",Producer Milk Components,AMS_3462,3462,Dairy FMMOS,DY-NA,Washington,DC,"Washington, DC",Washington,DC,FMMOS,FMMOS - non-mars,01/23/2025 09:07:00,2024,2024-FEB,418,component,lmprs,
Dec,2024,,Arizona,131.0,"4,186",Producer Milk Components,AMS_3462,3462,Dairy FMMOS,DY-NA,Washington,DC,"Washington, DC",Washington,DC,FMMOS,FMMOS - non-mars,01/23/2025 09:07:00,2024,2024-FEB,395,component,lmprs,
Dec,2024,,California,51.0,"23,224",Producer Milk Components,AMS_3462,3462,Dairy FMMOS,DY-NA,Washington,DC,"Washington, DC",Washington,DC,FMMOS,FMMOS - non-mars,01/23/2025 09:07:00,2024,2024-FEB,"1,959",component,lmprs,
Dec,2024,,Florida,6.0,"2,524",Producer Milk Components,AMS_3462,3462,Dairy FMMOS,DY-NA,Washington,DC,"Washington, DC",Washington,DC,FMMOS,FMMOS - non-mars,01/23/2025 09:07:00,2024,2024-FEB,215,component,lmprs,
Dec,2024,,Central,32.0,"14,608",Producer Milk Components,AMS_3462,3462,Dairy FMMOS,DY-NA,Washington,DC,"Washington, DC",Washington,DC,FMMOS,FMMOS - non-mars,01/23/2025 09:07:00,2024,2024-FEB,"1,188",component,lmprs,
Dec,2024,,Mideast,33.0,"18,182",Producer Milk Components,AMS_3462,3462,Dairy FMMOS,DY-NA,Washington,DC,"Washington, DC",Washington,DC,FMMOS,FMMOS - non-mars,01/23/2025 09:07:00,2024,2024-FEB,"1,271",component,lmprs,
Dec,2024,,Northeast,1.0,"26,949",Producer Milk Components,AMS_3462,3462,Dairy FMMOS,DY-NA,Washington,DC,"Washington, DC",Washington,DC,FMMOS,FMMOS - non-mars,01/23/2025 09:07:00,2024,2024-FEB,"2,159",component,lmprs,
Dec,2024,,Southeast,7.0,"3,497",Producer Milk Components,AMS_3462,3462,Dairy FMMOS,DY-NA,Washington,DC,"Washington, DC",Washington,DC,FMMOS,FMMOS - non-mars,01/23/2025 09:07:00,2024,2024-FEB,272,component,lmprs,
Dec,2024,,Pacific Northwest,124.0,"7,231",Producer Milk Components,AMS_3462,3462,Dairy FMMOS,DY-NA,Washington,DC,"Washington, DC",Washington,DC,FMMOS,FMMOS - non-mars,01/23/2025 09:07:00,2024,2024-FEB,576,component,lmprs,
Dec,2024,,Southwest,126.0,"12,641",Producer Milk Components,AMS_3462,3462,Dairy FMMOS,DY-NA,Washington,DC,"Washington, DC",Washington,DC,FMMOS,FMMOS - non-mars,01/23/2025 09:07:00,2024,2024-FEB,"1,020",component,lmprs,
Dec,2025,,Southwest,126.0,"12,960",Producer Milk Components,AMS_3462,3462,Dairy FMMOS,DY-NA,Washington,DC,"Washington, DC",Washington,DC,FMMOS,FMMOS - non-mars,01/21/2026 11:39:00,2025,2025-FEB,"1,153",component,lmprs,
Dec,2025,,Pacific Northwest,124.0,"6,760",Producer Milk Components,AMS_3462,3462,Dairy FMMOS,DY-NA,Washington,DC,"Washington, DC",Washington,DC,FMMOS,FMMOS - non-mars,01/21/2026 11:39:00,2025,2025-FEB,618,component,lmprs,
Dec,2025,,Southeast,7.0,"3,435",Producer Milk Components,AMS_3462,3462,Dairy FMMOS,DY-NA,Washington,DC,"Washington, DC",Washington,DC,FMMOS,FMMOS - non-mars,01/21/2026 11:39:00,2025,2025-FEB,295,component,lmprs,
Dec,2025,,Northeast,1.0,"27,624",Producer Milk Components,AMS_3462,3462,Dairy FMMOS,DY-NA,Washington,DC,"Washington, DC",Washington,DC,FMMOS,FMMOS - non-mars,01/21/2026 11:39:00,2025,2025-FEB,"2,122",component,lmprs,
Dec,2025,,Mideast,33.0,"20,705",Producer Milk Components,AMS_3462,3462,Dairy FMMOS,DY-NA,Washington,DC,"Washington, DC",Washington,DC,FMMOS,FMMOS - non-mars,01/21/2026 11:39:00,2025,2025-FEB,"1,677",component,lmprs,
Dec,2025,,Central,32.0,"13,960",Producer Milk Components,AMS_3462,3462,Dairy FMMOS,DY-NA,Washington,DC,"Washington, DC",Washington,DC,FMMOS,FMMOS - non-mars,01/21/2026 11:39:00,2025,2025-FEB,"1,157",component,lmprs,
Dec,2025,,Florida,6.0,"2,511",Producer Milk Components,AMS_3462,3462,Dairy FMMOS,DY-NA,Washington,DC,"Washington, DC",Washington,DC,FMMOS,FMMOS - non-mars,01/21/2026 11:39:00,2025,2025-FEB,202,component,lmprs,
Dec,2025,,California,51.0,"26,675",Producer Milk Components,AMS_3462,3462,Dairy FMMOS,DY-NA,Washington,DC,"Washington, DC",Washington,DC,FMMOS,FMMOS - non-mars,01/21/2026 11:39:00,2025,2025-FEB,"2,457",component,lmprs,
Dec,2025,,Arizona,131.0,"4,224",Producer Milk Components,AMS_3462,3462,Dairy FMMOS,DY-NA,Washington,DC,"Washington, DC",Washington,DC,FMMOS,FMMOS - non-mars,01/21/2026 11:39:00,2025,2025-FEB,402,component,lmprs,
Dec,2025,,Appalachian,5.0,"5,088",Producer Milk Components,AMS_3462,3462,Dairy FMMOS,DY-NA,Washington,DC,"Washington, DC",Washington,DC,FMMOS,FMMOS - non-mars,01/21/2026 11:39:00,2025,2025-FEB,393,component,lmprs,
Dec,2025,,All Markets Combined,,"148,750",Producer Milk Components,AMS_3462,3462,Dairy FMMOS,DY-NA,Washington,DC,"Washington, DC",Washington,DC,FMMOS,FMMOS - non-mars,01/21/2026 11:39:00,2025,2025-FEB,"12,650",component,lmprs,
Dec,2025,,Upper Midwest,30.0,"24,808",Producer Milk Components,AMS_3462,3462,Dairy FMMOS,DY-NA,Washington,DC,"Washington, DC",Washington,DC,FMMOS,FMMOS - non-mars,01/21/2026 11:39:00,2025,2025-FEB,"2,174",component,lmprs,
Mar,2026,,Upper Midwest,30.0,"5,226",Producer Milk Components,AMS_3462,3462,Dairy FMMOS,DY-NA,Washington,DC,"Washington, DC",Washington,DC,FMMOS,FMMOS - non-mars,04/21/2026 05:48:00,2026,2026-FEB,"1,549",component,lmprs,
Mar,2026,,All Markets Combined,,"35,299",Producer Milk Components,AMS_3462,3462,Dairy FMMOS,DY-NA,Washington,DC,"Washington, DC",Washington,DC,FMMOS,FMMOS - non-mars,04/21/2026 05:48:00,2026,2026-FEB,"10,606",component,lmprs,
Mar,2026,,Appalachian,5.0,"1,271",Producer Milk Components,AMS_3462,3462,Dairy FMMOS,DY-NA,Washington,DC,"Washington, DC",Washington,DC,FMMOS,FMMOS - non-mars,04/21/2026 05:48:00,2026,2026-FEB,394,component,lmprs,
Mar,2026,,Arizona,131.0,"1,072",Producer Milk Components,AMS_3462,3462,Dairy FMMOS,DY-NA,Washington,DC,"Washington, DC",Washington,DC,FMMOS,FMMOS - non-mars,04/21/2026 05:48:00,2026,2026-FEB,351,component,lmprs,
Mar,2026,,California,51.0,"5,543",Producer Milk Components,AMS_3462,3462,Dairy FMMOS,DY-NA,Washington,DC,"Washington, DC",Washington,DC,FMMOS,FMMOS - non-mars,04/21/2026 05:48:00,2026,2026-FEB,"1,567",component,lmprs,
Mar,2026,,Florida,6.0,674,Producer Milk Components,AMS_3462,3462,Dairy FMMOS,DY-NA,Washington,DC,"Washington, DC",Washington,DC,FMMOS,FMMOS - non-mars,04/21/2026 05:48:00,2026,2026-FEB,215,component,lmprs,
Mar,2026,,Central,32.0,"3,511",Producer Milk Components,AMS_3462,3462,Dairy FMMOS,DY-NA,Washington,DC,"Washington, DC",Washington,DC,FMMOS,FMMOS - non-mars,04/21/2026 05:48:00,2026,2026-FEB,"1,090",component,lmprs,
Mar,2026,,Mideast,33.0,"5,415",Producer Milk Components,AMS_3462,3462,Dairy FMMOS,DY-NA,Washington,DC,"Washington, DC",Washington,DC,FMMOS,FMMOS - non-mars,04/21/2026 05:48:00,2026,2026-FEB,"1,759",component,lmprs,
Mar,2026,,Northeast,1.0,"6,894",Producer Milk Components,AMS_3462,3462,Dairy FMMOS,DY-NA,Washington,DC,"Washington, DC",Washington,DC,FMMOS,FMMOS - non-mars,04/21/2026 05:48:00,2026,2026-FEB,"2,136",component,lmprs,
Mar,2026,,Southeast,7.0,823,Producer Milk Components,AMS_3462,3462,Dairy FMMOS,DY-NA,Washington,DC,"Washington, DC",Washington,DC,FMMOS,FMMOS - non-mars,04/21/2026 05:48:00,2026,2026-FEB,253,component,lmprs,
Mar,2026,,Pacific Northwest,124.0,"1,132",Producer Milk Components,AMS_3462,3462,Dairy FMMOS,DY-NA,Washington,DC,"Washington, DC",Washington,DC,FMMOS,FMMOS - non-mars,04/21/2026 05:48:00,2026,2026-FEB,219,component,lmprs,
Mar,2026,,Southwest,126.0,"3,738",Producer Milk Components,AMS_3462,3462,Dairy FMMOS,DY-NA,Washington,DC,"Washington, DC",Washington,DC,FMMOS,FMMOS - non-mars,04/21/2026 05:48:00,2026,2026-FEB,"1,074",component,lmprs,
Dec,2000,,All Markets Combined,,"116,923",Producer Milk Components,AMS_3462,3462,Dairy FMMOS,DY-NA,Washington,DC,"Washington, DC",Washington,DC,FMMOS,FMMOS - non-mars,04/09/2021 07:48:00,2000,2000-MAR,"10,542",component,lmprs,
Dec,2000,,Appalachian,5.0,"6,318",Producer Milk Components,AMS_3462,3462,Dairy FMMOS,DY-NA,Washington,DC,"Washington, DC",Washington,DC,FMMOS,FMMOS - non-mars,04/09/2021 07:48:00,2000,2000-MAR,593,component,lmprs,
Dec,2000,,Arizona,131.0,"3,110",Producer Milk Components,AMS_3462,3462,Dairy FMMOS,DY-NA,Washington,DC,"Washington, DC",Washington,DC,FMMOS,FMMOS - non-mars,04/09/2021 07:48:00,2000,2000-MAR,287,component,lmprs,
Dec,2000,,Central,32.0,"16,036",Producer Milk Components,AMS_3462,3462,Dairy FMMOS,DY-NA,Washington,DC,"Washington, DC",Washington,DC,FMMOS,FMMOS - non-mars,04/09/2021 07:48:00,2000,2000-MAR,"1,319",component,lmprs,
Dec,2000,,Florida,6.0,"2,867",Producer Milk Components,AMS_3462,3462,Dairy FMMOS,DY-NA,Washington,DC,"Washington, DC",Washington,DC,FMMOS,FMMOS - non-mars,04/09/2021 07:48:00,2000,2000-MAR,271,component,lmprs,
Dec,2000,,Mideast,33.0,"14,181",Producer Milk Components,AMS_3462,3462,Dairy FMMOS,DY-NA,Washington,DC,"Washington, DC",Washington,DC,FMMOS,FMMOS - non-mars,04/09/2021 07:48:00,2000,2000-MAR,"1,166",component,lmprs,
Dec,2000,,Northeast,1.0,"23,972",Producer Milk Components,AMS_3462,3462,Dairy FMMOS,DY-NA,Washington,DC,"Washington, DC",Washington,DC,FMMOS,FMMOS - non-mars,04/09/2021 07:48:00,2000,2000-MAR,"2,182",component,lmprs,
Dec,2000,,Pacific Northwest,124.0,"6,776",Producer Milk Components,AMS_3462,3462,Dairy FMMOS,DY-NA,Washington,DC,"Washington, DC",Washington,DC,FMMOS,FMMOS - non-mars,04/09/2021 07:48:00,2000,2000-MAR,594,component,lmprs,
Dec,2000,,Southeast,7.0,"7,487",Producer Milk Components,AMS_3462,3462,Dairy FMMOS,DY-NA,Washington,DC,"Washington, DC",Washington,DC,FMMOS,FMMOS - non-mars,04/09/2021 07:48:00,2000,2000-MAR,681,component,lmprs,
Dec,2000,,Southwest,126.0,"8,713",Producer Milk Components,AMS_3462,3462,Dairy FMMOS,DY-NA,Washington,DC,"Washington, DC",Washington,DC,FMMOS,FMMOS - non-mars,04/09/2021 07:48:00,2000,2000-MAR,821,component,lmprs,
Dec,2000,,Upper Midwest,30.0,"23,415",Producer Milk Components,AMS_3462,3462,Dairy FMMOS,DY-NA,Washington,DC,"Washington, DC",Washington,DC,FMMOS,FMMOS - non-mars,04/09/2021 07:48:00,2000,2000-MAR,"2,261",component,lmprs,
Dec,2000,,Western,135.0,"4,048",Producer Milk Components,AMS_3462,3462,Dairy FMMOS,DY-NA,Washington,DC,"Washington, DC",Washington,DC,FMMOS,FMMOS - non-mars,04/09/2021 07:48:00,2000,2000-MAR,367,component,lmprs,
Dec,2001,,Western,135.0,"4,677",Producer Milk Components,AMS_3462,3462,Dairy FMMOS,DY-NA,Washington,DC,"Washington, DC",Washington,DC,FMMOS,FMMOS - non-mars,04/09/2021 07:46:00,2001,2001-MAR,300,component,lmprs,
Dec,2001,,Upper Midwest,30.0,"20,062",Producer Milk Components,AMS_3462,3462,Dairy FMMOS,DY-NA,Washington,DC,"Washington, DC",Washington,DC,FMMOS,FMMOS - non-mars,04/09/2021 07:46:00,2001,2001-MAR,"1,726",component,lmprs,
Dec,2001,,Southwest,126.0,"8,604",Producer Milk Components,AMS_3462,3462,Dairy FMMOS,DY-NA,Washington,DC,"Washington, DC",Washington,DC,FMMOS,FMMOS - non-mars,04/09/2021 07:46:00,2001,2001-MAR,683,component,lmprs,
Dec,2001,,Southeast,7.0,"7,769",Producer Milk Components,AMS_3462,3462,Dairy FMMOS,DY-NA,Washington,DC,"Washington, DC",Washington,DC,FMMOS,FMMOS - non-mars,04/09/2021 07:46:00,2001,2001-MAR,709,component,lmprs,
Dec,2001,,Pacific Northwest,124.0,"7,088",Producer Milk Components,AMS_3462,3462,Dairy FMMOS,DY-NA,Washington,DC,"Washington, DC",Washington,DC,FMMOS,FMMOS - non-mars,04/09/2021 07:46:00,2001,2001-MAR,541,component,lmprs,
Dec,2001,,Northeast,1.0,"24,557",Producer Milk Components,AMS_3462,3462,Dairy FMMOS,DY-NA,Washington,DC,"Washington, DC",Washington,DC,FMMOS,FMMOS - non-mars,04/09/2021 07:46:00,2001,2001-MAR,"2,157",component,lmprs,
Dec,2001,,Mideast,33.0,"17,229",Producer Milk Components,AMS_3462,3462,Dairy FMMOS,DY-NA,Washington,DC,"Washington, DC",Washington,DC,FMMOS,FMMOS - non-mars,04/09/2021 07:46:00,2001,2001-MAR,"1,338",component,lmprs,
Dec,2001,,Florida,6.0,"2,772",Producer Milk Components,AMS_3462,3462,Dairy FMMOS,DY-NA,Washington,DC,"Washington, DC",Washington,DC,FMMOS,FMMOS - non-mars,04/09/2021 07:46:00,2001,2001-MAR,263,component,lmprs,
Dec,2001,,Central,32.0,"17,836",Producer Milk Components,AMS_3462,3462,Dairy FMMOS,DY-NA,Washington,DC,"Washington, DC",Washington,DC,FMMOS,FMMOS - non-mars,04/09/2021 07:46:00,2001,2001-MAR,"1,543",component,lmprs,
Dec,2001,,Arizona,131.0,"2,956",Producer Milk Components,AMS_3462,3462,Dairy FMMOS,DY-NA,Washington,DC,"Washington, DC",Washington,DC,FMMOS,FMMOS - non-mars,04/09/2021 07:46:00,2001,2001-MAR,269,component,lmprs,
Dec,2001,,Appalachian,5.0,"6,673",Producer Milk Components,AMS_3462,3462,Dairy FMMOS,DY-NA,Washington,DC,"Washington, DC",Washington,DC,FMMOS,FMMOS - non-mars,04/09/2021 07:46:00,2001,2001-MAR,620,component,lmprs,
Dec,2001,,All Markets Combined,,"120,223",Producer Milk Components,AMS_3462,3462,Dairy FMMOS,DY-NA,Washington,DC,"Washington, DC",Washington,DC,FMMOS,FMMOS - non-mars,04/09/2021 07:46:00,2001,2001-MAR,"10,148",component,lmprs,
Dec,2002,,All Markets Combined,,"125,546",Producer Milk Components,AMS_3462,3462,Dairy FMMOS,DY-NA,Washington,DC,"Washington, DC",Washington,DC,FMMOS,FMMOS - non-mars,04/09/2021 07:46:00,2002,2002-MAR,"11,049",component,lmprs,
Dec,2002,,Appalachian,5.0,"6,706",Producer Milk Components,AMS_3462,3462,Dairy FMMOS,DY-NA,Washington,DC,"Washington, DC",Washington,DC,FMMOS,FMMOS - non-mars,04/09/2021 07:46:00,2002,2002-MAR,625,component,lmprs,
Dec,2002,,Arizona,131.0,"3,027",Producer Milk Components,AMS_3462,3462,Dairy FMMOS,DY-NA,Washington,DC,"Washington, DC",Washington,DC,FMMOS,FMMOS - non-mars,04/09/2021 07:46:00,2002,2002-MAR,286,component,lmprs,
Dec,2002,,Central,32.0,"18,700",Producer Milk Components,AMS_3462,3462,Dairy FMMOS,DY-NA,Washington,DC,"Washington, DC",Washington,DC,FMMOS,FMMOS - non-mars,04/09/2021 07:46:00,2002,2002-MAR,"1,559",component,lmprs,
Dec,2002,,Florida,6.0,"2,693",Producer Milk Components,AMS_3462,3462,Dairy FMMOS,DY-NA,Washington,DC,"Washington, DC",Washington,DC,FMMOS,FMMOS - non-mars,04/09/2021 07:46:00,2002,2002-MAR,247,component,lmprs,
Dec,2002,,Mideast,33.0,"17,739",Producer Milk Components,AMS_3462,3462,Dairy FMMOS,DY-NA,Washington,DC,"Washington, DC",Washington,DC,FMMOS,FMMOS - non-mars,04/09/2021 07:46:00,2002,2002-MAR,"1,576",component,lmprs,
Dec,2002,,Northeast,1.0,"25,358",Producer Milk Components,AMS_3462,3462,Dairy FMMOS,DY-NA,Washington,DC,"Washington, DC",Washington,DC,FMMOS,FMMOS - non-mars,04/09/2021 07:46:00,2002,2002-MAR,"2,289",component,lmprs,
Dec,2002,,Pacific Northwest,124.0,"7,824",Producer Milk Components,AMS_3462,3462,Dairy FMMOS,DY-NA,Washington,DC,"Washington, DC",Washington,DC,FMMOS,FMMOS - non-mars,04/09/2021 07:46:00,2002,2002-MAR,663,component,lmprs,
Dec,2002,,Southeast,7.0,"7,927",Producer Milk Components,AMS_3462,3462,Dairy FMMOS,DY-NA,Washington,DC,"Washington, DC",Washington,DC,FMMOS,FMMOS - non-mars,04/09/2021 07:46:00,2002,2002-MAR,761,component,lmprs,
Dec,2002,,Southwest,126.0,"9,714",Producer Milk Components,AMS_3462,3462,Dairy FMMOS,DY-NA,Washington,DC,"Washington, DC",Washington,DC,FMMOS,FMMOS - non-mars,04/09/2021 07:46:00,2002,2002-MAR,866,component,lmprs,
Dec,2002,,Upper Midwest,30.0,"20,307",Producer Milk Components,AMS_3462,3462,Dairy FMMOS,DY-NA,Washington,DC,"Washington, DC",Washington,DC,FMMOS,FMMOS - non-mars,04/09/2021 07:46:00,2002,2002-MAR,"1,828",component,lmprs,
Dec,2002,,Western,135.0,"5,552",Producer Milk Components,AMS_3462,3462,Dairy FMMOS,DY-NA,Washington,DC,"Washington, DC",Washington,DC,FMMOS,FMMOS - non-mars,04/09/2021 07:46:00,2002,2002-MAR,349,component,lmprs,
Dec,2003,,Western,135.0,"4,573",Producer Milk Components,AMS_3462,3462,Dairy FMMOS,DY-NA,Washington,DC,"Washington, DC",Washington,DC,FMMOS,FMMOS - non-mars,04/09/2021 07:46:00,2003,2003-MAR,443,component,lmprs,
Dec,2003,,Upper Midwest,30.0,"17,018",Producer Milk Components,AMS_3462,3462,Dairy FMMOS,DY-NA,Washington,DC,"Washington, DC",Washington,DC,FMMOS,FMMOS - non-mars,04/09/2021 07:46:00,2003,2003-MAR,"1,937",component,lmprs,
Dec,2003,,Southwest,126.0,"9,174",Producer Milk Components,AMS_3462,3462,Dairy FMMOS,DY-NA,Washington,DC,"Washington, DC",Washington,DC,FMMOS,FMMOS - non-mars,04/09/2021 07:46:00,2003,2003-MAR,943,component,lmprs,
Dec,2003,,Southeast,7.0,"7,071",Producer Milk Components,AMS_3462,3462,Dairy FMMOS,DY-NA,Washington,DC,"Washington, DC",Washington,DC,FMMOS,FMMOS - non-mars,04/09/2021 07:46:00,2003,2003-MAR,627,component,lmprs,
Dec,2003,,Northeast,1.0,"24,038",Producer Milk Components,AMS_3462,3462,Dairy FMMOS,DY-NA,Washington,DC,"Washington, DC",Washington,DC,FMMOS,FMMOS - non-mars,04/09/2021 07:46:00,2003,2003-MAR,"2,150",component,lmprs,
Dec,2003,,Pacific Northwest,124.0,"6,336",Producer Milk Components,AMS_3462,3462,Dairy FMMOS,DY-NA,Washington,DC,"Washington, DC",Washington,DC,FMMOS,FMMOS - non-mars,04/09/2021 07:46:00,2003,2003-MAR,644,component,lmprs,
Dec,2003,,Mideast,33.0,"15,750",Producer Milk Components,AMS_3462,3462,Dairy FMMOS,DY-NA,Washington,DC,"Washington, DC",Washington,DC,FMMOS,FMMOS - non-mars,04/09/2021 07:46:00,2003,2003-MAR,"1,457",component,lmprs,
Dec,2003,,Florida,6.0,"2,833",Producer Milk Components,AMS_3462,3462,Dairy FMMOS,DY-NA,Washington,DC,"Washington, DC",Washington,DC,FMMOS,FMMOS - non-mars,04/09/2021 07:46:00,2003,2003-MAR,253,component,lmprs,
Dec,2003,,Arizona,131.0,"3,061",Producer Milk Components,AMS_3462,3462,Dairy FMMOS,DY-NA,Washington,DC,"Washington, DC",Washington,DC,FMMOS,FMMOS - non-mars,04/09/2021 07:46:00,2003,2003-MAR,279,component,lmprs,
Dec,2003,,Central,32.0,"14,411",Producer Milk Components,AMS_3462,3462,Dairy FMMOS,DY-NA,Washington,DC,"Washington, DC",Washington,DC,FMMOS,FMMOS - non-mars,04/09/2021 07:46:00,2003,2003-MAR,"1,487",component,lmprs,
Dec,2003,,Appalachian,5.0,"6,315",Producer Milk Components,AMS_3462,3462,Dairy FMMOS,DY-NA,Washington,DC,"Washington, DC",Washington,DC,FMMOS,FMMOS - non-mars,04/09/2021 07:46:00,2003,2003-MAR,566,component,lmprs,
Dec,2003,,All Markets Combined,,"110,581",Producer Milk Components,AMS_3462,3462,Dairy FMMOS,DY-NA,Washington,DC,"Washington, DC",Washington,DC,FMMOS,FMMOS - non-mars,04/09/2021 07:46:00,2003,2003-MAR,"10,786",component,lmprs,
Dec,2004,,All Markets Combined,,"103,047",Producer Milk Components,AMS_3462,3462,Dairy FMMOS,DY-NA,Washington,DC,"Washington, DC",Washington,DC,FMMOS,FMMOS - non-mars,04/09/2021 07:44:00,2004,2004-MAR,"7,832",component,lmprs,
Dec,2004,,Appalachian,5.0,"6,203",Producer Milk Components,AMS_3462,3462,Dairy FMMOS,DY-NA,Washington,DC,"Washington, DC",Washington,DC,FMMOS,FMMOS - non-mars,04/09/2021 07:44:00,2004,2004-MAR,500,component,lmprs,
Dec,2004,,Central,32.0,"11,589",Producer Milk Components,AMS_3462,3462,Dairy FMMOS,DY-NA,Washington,DC,"Washington, DC",Washington,DC,FMMOS,FMMOS - non-mars,04/09/2021 07:44:00,2004,2004-MAR,712,component,lmprs,
Dec,2004,,Arizona,131.0,"2,901",Producer Milk Components,AMS_3462,3462,Dairy FMMOS,DY-NA,Washington,DC,"Washington, DC",Washington,DC,FMMOS,FMMOS - non-mars,04/09/2021 07:44:00,2004,2004-MAR,266,component,lmprs,
Dec,2004,,Florida,6.0,"2,873",Producer Milk Components,AMS_3462,3462,Dairy FMMOS,DY-NA,Washington,DC,"Washington, DC",Washington,DC,FMMOS,FMMOS - non-mars,04/09/2021 07:44:00,2004,2004-MAR,271,component,lmprs,
Dec,2004,,Mideast,33.0,"15,940",Producer Milk Components,AMS_3462,3462,Dairy FMMOS,DY-NA,Washington,DC,"Washington, DC",Washington,DC,FMMOS,FMMOS - non-mars,04/09/2021 07:44:00,2004,2004-MAR,"1,297",component,lmprs,
Dec,2004,,Pacific Northwest,124.0,"6,518",Producer Milk Components,AMS_3462,3462,Dairy FMMOS,DY-NA,Washington,DC,"Washington, DC",Washington,DC,FMMOS,FMMOS - non-mars,04/09/2021 07:44:00,2004,2004-MAR,601,component,lmprs,
Dec,2004,,Northeast,1.0,"22,670",Producer Milk Components,AMS_3462,3462,Dairy FMMOS,DY-NA,Washington,DC,"Washington, DC",Washington,DC,FMMOS,FMMOS - non-mars,04/09/2021 07:44:00,2004,2004-MAR,"2,086",component,lmprs,
Dec,2004,,Southeast,7.0,"7,164",Producer Milk Components,AMS_3462,3462,Dairy FMMOS,DY-NA,Washington,DC,"Washington, DC",Washington,DC,FMMOS,FMMOS - non-mars,04/09/2021 07:44:00,2004,2004-MAR,656,component,lmprs,
Dec,2004,,Southwest,126.0,"8,790",Producer Milk Components,AMS_3462,3462,Dairy FMMOS,DY-NA,Washington,DC,"Washington, DC",Washington,DC,FMMOS,FMMOS - non-mars,04/09/2021 07:44:00,2004,2004-MAR,601,component,lmprs,
Dec,2004,,Upper Midwest,30.0,"17,302",Producer Milk Components,AMS_3462,3462,Dairy FMMOS,DY-NA,Washington,DC,"Washington, DC",Washington,DC,FMMOS,FMMOS - non-mars,04/09/2021 07:44:00,2004,2004-MAR,675,component,lmprs,
Dec,2004,,Western,135.0,"1,096",Producer Milk Components,AMS_3462,3462,Dairy FMMOS,DY-NA,Washington,DC,"Washington, DC",Washington,DC,FMMOS,FMMOS - non-mars,04/09/2021 07:44:00,2004,2004-MAR,165,component,lmprs,
Dec,2005,,Upper Midwest,30.0,"22,450",Producer Milk Components,AMS_3462,3462,Dairy FMMOS,DY-NA,Washington,DC,"Washington, DC",Washington,DC,FMMOS,FMMOS - non-mars,03/30/2021 14:16:00,2005,2005-MAR,"2,166",component,lmprs,
Dec,2005,,Southwest,126.0,"9,579",Producer Milk Components,AMS_3462,3462,Dairy FMMOS,DY-NA,Washington,DC,"Washington, DC",Washington,DC,FMMOS,FMMOS - non-mars,03/30/2021 14:16:00,2005,2005-MAR,784,component,lmprs,
Dec,2005,,Southeast,7.0,"7,544",Producer Milk Components,AMS_3462,3462,Dairy FMMOS,DY-NA,Washington,DC,"Washington, DC",Washington,DC,FMMOS,FMMOS - non-mars,03/30/2021 14:16:00,2005,2005-MAR,679,component,lmprs,
Dec,2005,,Northeast,1.0,"23,565",Producer Milk Components,AMS_3462,3462,Dairy FMMOS,DY-NA,Washington,DC,"Washington, DC",Washington,DC,FMMOS,FMMOS - non-mars,03/30/2021 14:16:00,2005,2005-MAR,"2,023",component,lmprs,
Dec,2005,,Pacific Northwest,124.0,"7,046",Producer Milk Components,AMS_3462,3462,Dairy FMMOS,DY-NA,Washington,DC,"Washington, DC",Washington,DC,FMMOS,FMMOS - non-mars,03/30/2021 14:16:00,2005,2005-MAR,569,component,lmprs,
Dec,2005,,Mideast,33.0,"18,060",Producer Milk Components,AMS_3462,3462,Dairy FMMOS,DY-NA,Washington,DC,"Washington, DC",Washington,DC,FMMOS,FMMOS - non-mars,03/30/2021 14:16:00,2005,2005-MAR,"1,664",component,lmprs,
Dec,2005,,Florida,6.0,"3,125",Producer Milk Components,AMS_3462,3462,Dairy FMMOS,DY-NA,Washington,DC,"Washington, DC",Washington,DC,FMMOS,FMMOS - non-mars,03/30/2021 14:16:00,2005,2005-MAR,300,component,lmprs,
Dec,2005,,Central,32.0,"13,966",Producer Milk Components,AMS_3462,3462,Dairy FMMOS,DY-NA,Washington,DC,"Washington, DC",Washington,DC,FMMOS,FMMOS - non-mars,03/30/2021 14:16:00,2005,2005-MAR,"1,335",component,lmprs,
Dec,2005,,Appalachian,5.0,"6,400",Producer Milk Components,AMS_3462,3462,Dairy FMMOS,DY-NA,Washington,DC,"Washington, DC",Washington,DC,FMMOS,FMMOS - non-mars,03/30/2021 14:16:00,2005,2005-MAR,610,component,lmprs,
Dec,2005,,Arizona,131.0,"2,948",Producer Milk Components,AMS_3462,3462,Dairy FMMOS,DY-NA,Washington,DC,"Washington, DC",Washington,DC,FMMOS,FMMOS - non-mars,03/30/2021 14:16:00,2005,2005-MAR,271,component,lmprs,
Dec,2005,,All Markets Combined,,"114,682",Producer Milk Components,AMS_3462,3462,Dairy FMMOS,DY-NA,Washington,DC,"Washington, DC",Washington,DC,FMMOS,FMMOS - non-mars,03/30/2021 14:16:00,2005,2005-MAR,"10,400",component,lmprs,
Dec,2006,,All Markets Combined,,"120,618",Producer Milk Components,AMS_3462,3462,Dairy FMMOS,DY-NA,Washington,DC,"Washington, DC",Washington,DC,FMMOS,FMMOS - non-mars,03/30/2021 14:16:00,2006,2006-MAR,"10,867",component,lmprs,
Dec,2006,,Arizona,131.0,"3,383",Producer Milk Components,AMS_3462,3462,Dairy FMMOS,DY-NA,Washington,DC,"Washington, DC",Washington,DC,FMMOS,FMMOS - non-mars,03/30/2021 14:16:00,2006,2006-MAR,288,component,lmprs,
Dec,2006,,Appalachian,5.0,"6,243",Producer Milk Components,AMS_3462,3462,Dairy FMMOS,DY-NA,Washington,DC,"Washington, DC",Washington,DC,FMMOS,FMMOS - non-mars,03/30/2021 14:16:00,2006,2006-MAR,576,component,lmprs,
Dec,2006,,Central,32.0,"13,917",Producer Milk Components,AMS_3462,3462,Dairy FMMOS,DY-NA,Washington,DC,"Washington, DC",Washington,DC,FMMOS,FMMOS - non-mars,03/30/2021 14:16:00,2006,2006-MAR,"1,381",component,lmprs,
Dec,2006,,Florida,6.0,"3,126",Producer Milk Components,AMS_3462,3462,Dairy FMMOS,DY-NA,Washington,DC,"Washington, DC",Washington,DC,FMMOS,FMMOS - non-mars,03/30/2021 14:16:00,2006,2006-MAR,300,component,lmprs,
Dec,2006,,Mideast,33.0,"17,189",Producer Milk Components,AMS_3462,3462,Dairy FMMOS,DY-NA,Washington,DC,"Washington, DC",Washington,DC,FMMOS,FMMOS - non-mars,03/30/2021 14:16:00,2006,2006-MAR,"1,544",component,lmprs,
Dec,2006,,Pacific Northwest,124.0,"7,570",Producer Milk Components,AMS_3462,3462,Dairy FMMOS,DY-NA,Washington,DC,"Washington, DC",Washington,DC,FMMOS,FMMOS - non-mars,03/30/2021 14:16:00,2006,2006-MAR,678,component,lmprs,
Dec,2006,,Northeast,1.0,"22,680",Producer Milk Components,AMS_3462,3462,Dairy FMMOS,DY-NA,Washington,DC,"Washington, DC",Washington,DC,FMMOS,FMMOS - non-mars,03/30/2021 14:16:00,2006,2006-MAR,"2,064",component,lmprs,
Dec,2006,,Southeast,7.0,"8,055",Producer Milk Components,AMS_3462,3462,Dairy FMMOS,DY-NA,Washington,DC,"Washington, DC",Washington,DC,FMMOS,FMMOS - non-mars,03/30/2021 14:16:00,2006,2006-MAR,763,component,lmprs,
Dec,2006,,Southwest,126.0,"11,600",Producer Milk Components,AMS_3462,3462,Dairy FMMOS,DY-NA,Washington,DC,"Washington, DC",Washington,DC,FMMOS,FMMOS - non-mars,03/30/2021 14:16:00,2006,2006-MAR,"1,002",component,lmprs,
Dec,2006,,Upper Midwest,30.0,"26,855",Producer Milk Components,AMS_3462,3462,Dairy FMMOS,DY-NA,Washington,DC,"Washington, DC",Washington,DC,FMMOS,FMMOS - non-mars,03/30/2021 14:16:00,2006,2006-MAR,"2,271",component,lmprs,
Dec,2007,,Upper Midwest,30.0,"26,490",Producer Milk Components,AMS_3462,3462,Dairy FMMOS,DY-NA,Washington,DC,"Washington, DC",Washington,DC,FMMOS,FMMOS - non-mars,03/30/2021 14:16:00,2007,2007-MAR,"2,010",component,lmprs,
Dec,2007,,Southwest,126.0,"9,990",Producer Milk Components,AMS_3462,3462,Dairy FMMOS,DY-NA,Washington,DC,"Washington, DC",Washington,DC,FMMOS,FMMOS - non-mars,03/30/2021 14:16:00,2007,2007-MAR,"1,039",component,lmprs,
Dec,2007,,Southeast,7.0,"7,521",Producer Milk Components,AMS_3462,3462,Dairy FMMOS,DY-NA,Washington,DC,"Washington, DC",Washington,DC,FMMOS,FMMOS - non-mars,03/30/2021 14:16:00,2007,2007-MAR,711,component,lmprs,
Dec,2007,,Northeast,1.0,"23,040",Producer Milk Components,AMS_3462,3462,Dairy FMMOS,DY-NA,Washington,DC,"Washington, DC",Washington,DC,FMMOS,FMMOS - non-mars,03/30/2021 14:16:00,2007,2007-MAR,"1,949",component,lmprs,
Dec,2007,,Pacific Northwest,124.0,"7,036",Producer Milk Components,AMS_3462,3462,Dairy FMMOS,DY-NA,Washington,DC,"Washington, DC",Washington,DC,FMMOS,FMMOS - non-mars,03/30/2021 14:16:00,2007,2007-MAR,608,component,lmprs,
Dec,2007,,Mideast,33.0,"16,268",Producer Milk Components,AMS_3462,3462,Dairy FMMOS,DY-NA,Washington,DC,"Washington, DC",Washington,DC,FMMOS,FMMOS - non-mars,03/30/2021 14:16:00,2007,2007-MAR,"1,432",component,lmprs,
Dec,2007,,Florida,6.0,"3,207",Producer Milk Components,AMS_3462,3462,Dairy FMMOS,DY-NA,Washington,DC,"Washington, DC",Washington,DC,FMMOS,FMMOS - non-mars,03/30/2021 14:16:00,2007,2007-MAR,310,component,lmprs,
Dec,2007,,Central,32.0,"11,193",Producer Milk Components,AMS_3462,3462,Dairy FMMOS,DY-NA,Washington,DC,"Washington, DC",Washington,DC,FMMOS,FMMOS - non-mars,03/30/2021 14:16:00,2007,2007-MAR,939,component,lmprs,
Dec,2007,,Appalachian,5.0,"5,865",Producer Milk Components,AMS_3462,3462,Dairy FMMOS,DY-NA,Washington,DC,"Washington, DC",Washington,DC,FMMOS,FMMOS - non-mars,03/30/2021 14:16:00,2007,2007-MAR,531,component,lmprs,
Dec,2007,,Arizona,131.0,"3,799",Producer Milk Components,AMS_3462,3462,Dairy FMMOS,DY-NA,Washington,DC,"Washington, DC",Washington,DC,FMMOS,FMMOS - non-mars,03/30/2021 14:16:00,2007,2007-MAR,350,component,lmprs,
Dec,2007,,All Markets Combined,,"114,407",Producer Milk Components,AMS_3462,3462,Dairy FMMOS,DY-NA,Washington,DC,"Washington, DC",Washington,DC,FMMOS,FMMOS - non-mars,03/30/2021 14:16:00,2007,2007-MAR,"9,878",component,lmprs,
Dec,2008,,All Markets Combined,,"115,867",Producer Milk Components,AMS_3462,3462,Dairy FMMOS,DY-NA,Washington,DC,"Washington, DC",Washington,DC,FMMOS,FMMOS - non-mars,03/30/2021 14:15:00,2008,2008-MAR,"9,363",component,lmprs,
Dec,2008,,Arizona,131.0,"4,156",Producer Milk Components,AMS_3462,3462,Dairy FMMOS,DY-NA,Washington,DC,"Washington, DC",Washington,DC,FMMOS,FMMOS - non-mars,03/30/2021 14:15:00,2008,2008-MAR,381,component,lmprs,
Dec,2008,,Appalachian,5.0,"5,882",Producer Milk Components,AMS_3462,3462,Dairy FMMOS,DY-NA,Washington,DC,"Washington, DC",Washington,DC,FMMOS,FMMOS - non-mars,03/30/2021 14:15:00,2008,2008-MAR,510,component,lmprs,
Dec,2008,,Central,32.0,"11,564",Producer Milk Components,AMS_3462,3462,Dairy FMMOS,DY-NA,Washington,DC,"Washington, DC",Washington,DC,FMMOS,FMMOS - non-mars,03/30/2021 14:15:00,2008,2008-MAR,864,component,lmprs,
Dec,2008,,Florida,6.0,"3,130",Producer Milk Components,AMS_3462,3462,Dairy FMMOS,DY-NA,Washington,DC,"Washington, DC",Washington,DC,FMMOS,FMMOS - non-mars,03/30/2021 14:15:00,2008,2008-MAR,283,component,lmprs,
Dec,2008,,Mideast,33.0,"15,707",Producer Milk Components,AMS_3462,3462,Dairy FMMOS,DY-NA,Washington,DC,"Washington, DC",Washington,DC,FMMOS,FMMOS - non-mars,03/30/2021 14:15:00,2008,2008-MAR,"1,288",component,lmprs,
Dec,2008,,Pacific Northwest,124.0,"6,882",Producer Milk Components,AMS_3462,3462,Dairy FMMOS,DY-NA,Washington,DC,"Washington, DC",Washington,DC,FMMOS,FMMOS - non-mars,03/30/2021 14:15:00,2008,2008-MAR,506,component,lmprs,
Dec,2008,,Northeast,1.0,"23,895",Producer Milk Components,AMS_3462,3462,Dairy FMMOS,DY-NA,Washington,DC,"Washington, DC",Washington,DC,FMMOS,FMMOS - non-mars,03/30/2021 14:15:00,2008,2008-MAR,"2,134",component,lmprs,
Dec,2008,,Southeast,7.0,"6,923",Producer Milk Components,AMS_3462,3462,Dairy FMMOS,DY-NA,Washington,DC,"Washington, DC",Washington,DC,FMMOS,FMMOS - non-mars,03/30/2021 14:15:00,2008,2008-MAR,614,component,lmprs,
Dec,2008,,Southwest,126.0,"9,687",Producer Milk Components,AMS_3462,3462,Dairy FMMOS,DY-NA,Washington,DC,"Washington, DC",Washington,DC,FMMOS,FMMOS - non-mars,03/30/2021 14:15:00,2008,2008-MAR,677,component,lmprs,
Dec,2008,,Upper Midwest,30.0,"28,041",Producer Milk Components,AMS_3462,3462,Dairy FMMOS,DY-NA,Washington,DC,"Washington, DC",Washington,DC,FMMOS,FMMOS - non-mars,03/30/2021 14:15:00,2008,2008-MAR,"2,105",component,lmprs,
Dec,2009,,Upper Midwest,30.0,"32,184",Producer Milk Components,AMS_3462,3462,Dairy FMMOS,DY-NA,Washington,DC,"Washington, DC",Washington,DC,FMMOS,FMMOS - non-mars,03/30/2021 14:15:00,2009,2009-MAR,"2,675",component,lmprs,
Dec,2009,,Southwest,126.0,"10,809",Producer Milk Components,AMS_3462,3462,Dairy FMMOS,DY-NA,Washington,DC,"Washington, DC",Washington,DC,FMMOS,FMMOS - non-mars,03/30/2021 14:15:00,2009,2009-MAR,688,component,lmprs,
Dec,2009,,Southeast,7.0,"7,169",Producer Milk Components,AMS_3462,3462,Dairy FMMOS,DY-NA,Washington,DC,"Washington, DC",Washington,DC,FMMOS,FMMOS - non-mars,03/30/2021 14:15:00,2009,2009-MAR,678,component,lmprs,
Dec,2009,,Northeast,1.0,"23,497",Producer Milk Components,AMS_3462,3462,Dairy FMMOS,DY-NA,Washington,DC,"Washington, DC",Washington,DC,FMMOS,FMMOS - non-mars,03/30/2021 14:15:00,2009,2009-MAR,"2,062",component,lmprs,
Dec,2009,,Pacific Northwest,124.0,"7,470",Producer Milk Components,AMS_3462,3462,Dairy FMMOS,DY-NA,Washington,DC,"Washington, DC",Washington,DC,FMMOS,FMMOS - non-mars,03/30/2021 14:15:00,2009,2009-MAR,615,component,lmprs,
Dec,2009,,Mideast,33.0,"16,596",Producer Milk Components,AMS_3462,3462,Dairy FMMOS,DY-NA,Washington,DC,"Washington, DC",Washington,DC,FMMOS,FMMOS - non-mars,03/30/2021 14:15:00,2009,2009-MAR,"1,407",component,lmprs,
Dec,2009,,Florida,6.0,"3,027",Producer Milk Components,AMS_3462,3462,Dairy FMMOS,DY-NA,Washington,DC,"Washington, DC",Washington,DC,FMMOS,FMMOS - non-mars,03/30/2021 14:15:00,2009,2009-MAR,278,component,lmprs,
Dec,2009,,Central,32.0,"12,685",Producer Milk Components,AMS_3462,3462,Dairy FMMOS,DY-NA,Washington,DC,"Washington, DC",Washington,DC,FMMOS,FMMOS - non-mars,03/30/2021 14:15:00,2009,2009-MAR,"1,043",component,lmprs,
Dec,2009,,Appalachian,5.0,"5,950",Producer Milk Components,AMS_3462,3462,Dairy FMMOS,DY-NA,Washington,DC,"Washington, DC",Washington,DC,FMMOS,FMMOS - non-mars,03/30/2021 14:15:00,2009,2009-MAR,518,component,lmprs,
Dec,2009,,Arizona,131.0,"4,042",Producer Milk Components,AMS_3462,3462,Dairy FMMOS,DY-NA,Washington,DC,"Washington, DC",Washington,DC,FMMOS,FMMOS - non-mars,03/30/2021 14:15:00,2009,2009-MAR,387,component,lmprs,
Dec,2009,,All Markets Combined,,"123,430",Producer Milk Components,AMS_3462,3462,Dairy FMMOS,DY-NA,Washington,DC,"Washington, DC",Washington,DC,FMMOS,FMMOS - non-mars,03/30/2021 14:15:00,2009,2009-MAR,"10,351",component,lmprs,
Dec,2010,,All Markets Combined,,"126,909",Producer Milk Components,AMS_3462,3462,Dairy FMMOS,DY-NA,Washington,DC,"Washington, DC",Washington,DC,FMMOS,FMMOS - non-mars,03/30/2021 14:14:00,2010,2010-MAR,"11,112",component,lmprs,
Dec,2010,,Arizona,131.0,"4,232",Producer Milk Components,AMS_3462,3462,Dairy FMMOS,DY-NA,Washington,DC,"Washington, DC",Washington,DC,FMMOS,FMMOS - non-mars,03/30/2021 14:14:00,2010,2010-MAR,381,component,lmprs,
Dec,2010,,Appalachian,5.0,"6,042",Producer Milk Components,AMS_3462,3462,Dairy FMMOS,DY-NA,Washington,DC,"Washington, DC",Washington,DC,FMMOS,FMMOS - non-mars,03/30/2021 14:14:00,2010,2010-MAR,533,component,lmprs,
Dec,2010,,Central,32.0,"13,352",Producer Milk Components,AMS_3462,3462,Dairy FMMOS,DY-NA,Washington,DC,"Washington, DC",Washington,DC,FMMOS,FMMOS - non-mars,03/30/2021 14:14:00,2010,2010-MAR,"1,145",component,lmprs,
Dec,2010,,Florida,6.0,"2,902",Producer Milk Components,AMS_3462,3462,Dairy FMMOS,DY-NA,Washington,DC,"Washington, DC",Washington,DC,FMMOS,FMMOS - non-mars,03/30/2021 14:14:00,2010,2010-MAR,262,component,lmprs,
Dec,2010,,Mideast,33.0,"16,022",Producer Milk Components,AMS_3462,3462,Dairy FMMOS,DY-NA,Washington,DC,"Washington, DC",Washington,DC,FMMOS,FMMOS - non-mars,03/30/2021 14:14:00,2010,2010-MAR,"1,475",component,lmprs,
Dec,2010,,Pacific Northwest,124.0,"8,011",Producer Milk Components,AMS_3462,3462,Dairy FMMOS,DY-NA,Washington,DC,"Washington, DC",Washington,DC,FMMOS,FMMOS - non-mars,03/30/2021 14:14:00,2010,2010-MAR,706,component,lmprs,
Dec,2010,,Northeast,1.0,"24,335",Producer Milk Components,AMS_3462,3462,Dairy FMMOS,DY-NA,Washington,DC,"Washington, DC",Washington,DC,FMMOS,FMMOS - non-mars,03/30/2021 14:14:00,2010,2010-MAR,"2,081",component,lmprs,
Dec,2010,,Southeast,7.0,"7,001",Producer Milk Components,AMS_3462,3462,Dairy FMMOS,DY-NA,Washington,DC,"Washington, DC",Washington,DC,FMMOS,FMMOS - non-mars,03/30/2021 14:14:00,2010,2010-MAR,641,component,lmprs,
Dec,2010,,Southwest,126.0,"11,210",Producer Milk Components,AMS_3462,3462,Dairy FMMOS,DY-NA,Washington,DC,"Washington, DC",Washington,DC,FMMOS,FMMOS - non-mars,03/30/2021 14:14:00,2010,2010-MAR,941,component,lmprs,
Dec,2010,,Upper Midwest,30.0,"33,803",Producer Milk Components,AMS_3462,3462,Dairy FMMOS,DY-NA,Washington,DC,"Washington, DC",Washington,DC,FMMOS,FMMOS - non-mars,03/30/2021 14:14:00,2010,2010-MAR,"2,946",component,lmprs,
Dec,2011,,Southwest,126.0,"11,233",Producer Milk Components,AMS_3462,3462,Dairy FMMOS,DY-NA,Washington,DC,"Washington, DC",Washington,DC,FMMOS,FMMOS - non-mars,03/30/2021 14:14:00,2011,2011-MAR,601,component,lmprs,
Dec,2011,,Upper Midwest,30.0,"32,766",Producer Milk Components,AMS_3462,3462,Dairy FMMOS,DY-NA,Washington,DC,"Washington, DC",Washington,DC,FMMOS,FMMOS - non-mars,03/30/2021 14:14:00,2011,2011-MAR,"2,611",component,lmprs,
Dec,2011,,Southeast,7.0,"7,057",Producer Milk Components,AMS_3462,3462,Dairy FMMOS,DY-NA,Washington,DC,"Washington, DC",Washington,DC,FMMOS,FMMOS - non-mars,03/30/2021 14:14:00,2011,2011-MAR,662,component,lmprs,
Dec,2011,,Pacific Northwest,124.0,"8,023",Producer Milk Components,AMS_3462,3462,Dairy FMMOS,DY-NA,Washington,DC,"Washington, DC",Washington,DC,FMMOS,FMMOS - non-mars,03/30/2021 14:14:00,2011,2011-MAR,691,component,lmprs,
Dec,2011,,Mideast,33.0,"15,939",Producer Milk Components,AMS_3462,3462,Dairy FMMOS,DY-NA,Washington,DC,"Washington, DC",Washington,DC,FMMOS,FMMOS - non-mars,03/30/2021 14:14:00,2011,2011-MAR,"1,423",component,lmprs,
Dec,2011,,Northeast,1.0,"24,358",Producer Milk Components,AMS_3462,3462,Dairy FMMOS,DY-NA,Washington,DC,"Washington, DC",Washington,DC,FMMOS,FMMOS - non-mars,03/30/2021 14:14:00,2011,2011-MAR,"2,129",component,lmprs,
Dec,2011,,Florida,6.0,"2,919",Producer Milk Components,AMS_3462,3462,Dairy FMMOS,DY-NA,Washington,DC,"Washington, DC",Washington,DC,FMMOS,FMMOS - non-mars,03/30/2021 14:14:00,2011,2011-MAR,268,component,lmprs,
Dec,2011,,Central,32.0,"13,938",Producer Milk Components,AMS_3462,3462,Dairy FMMOS,DY-NA,Washington,DC,"Washington, DC",Washington,DC,FMMOS,FMMOS - non-mars,03/30/2021 14:14:00,2011,2011-MAR,"1,005",component,lmprs,
Dec,2011,,Appalachian,5.0,"6,128",Producer Milk Components,AMS_3462,3462,Dairy FMMOS,DY-NA,Washington,DC,"Washington, DC",Washington,DC,FMMOS,FMMOS - non-mars,03/30/2021 14:14:00,2011,2011-MAR,510,component,lmprs,
Dec,2011,,Arizona,131.0,"4,518",Producer Milk Components,AMS_3462,3462,Dairy FMMOS,DY-NA,Washington,DC,"Washington, DC",Washington,DC,FMMOS,FMMOS - non-mars,03/30/2021 14:14:00,2011,2011-MAR,413,component,lmprs,
Dec,2011,,All Markets Combined,,"126,879",Producer Milk Components,AMS_3462,3462,Dairy FMMOS,DY-NA,Washington,DC,"Washington, DC",Washington,DC,FMMOS,FMMOS - non-mars,03/30/2021 14:14:00,2011,2011-MAR,"10,312",component,lmprs,
Dec,2012,,All Markets Combined,,"122,388",Producer Milk Components,AMS_3462,3462,Dairy FMMOS,DY-NA,Washington,DC,"Washington, DC",Washington,DC,FMMOS,FMMOS - non-mars,03/30/2021 14:13:00,2012,2012-MAR,"11,921",component,lmprs,
Dec,2012,,Arizona,131.0,"4,556",Producer Milk Components,AMS_3462,3462,Dairy FMMOS,DY-NA,Washington,DC,"Washington, DC",Washington,DC,FMMOS,FMMOS - non-mars,03/30/2021 14:13:00,2012,2012-MAR,435,component,lmprs,
Dec,2012,,Appalachian,5.0,"5,863",Producer Milk Components,AMS_3462,3462,Dairy FMMOS,DY-NA,Washington,DC,"Washington, DC",Washington,DC,FMMOS,FMMOS - non-mars,03/30/2021 14:13:00,2012,2012-MAR,515,component,lmprs,
Dec,2012,,Central,32.0,"13,389",Producer Milk Components,AMS_3462,3462,Dairy FMMOS,DY-NA,Washington,DC,"Washington, DC",Washington,DC,FMMOS,FMMOS - non-mars,03/30/2021 14:13:00,2012,2012-MAR,"1,534",component,lmprs,
Dec,2012,,Florida,6.0,"2,890",Producer Milk Components,AMS_3462,3462,Dairy FMMOS,DY-NA,Washington,DC,"Washington, DC",Washington,DC,FMMOS,FMMOS - non-mars,03/30/2021 14:13:00,2012,2012-MAR,254,component,lmprs,
Dec,2012,,Northeast,1.0,"24,695",Producer Milk Components,AMS_3462,3462,Dairy FMMOS,DY-NA,Washington,DC,"Washington, DC",Washington,DC,FMMOS,FMMOS - non-mars,03/30/2021 14:13:00,2012,2012-MAR,"2,161",component,lmprs,
Dec,2012,,Mideast,33.0,"16,806",Producer Milk Components,AMS_3462,3462,Dairy FMMOS,DY-NA,Washington,DC,"Washington, DC",Washington,DC,FMMOS,FMMOS - non-mars,03/30/2021 14:13:00,2012,2012-MAR,"1,558",component,lmprs,
Dec,2012,,Pacific Northwest,124.0,"6,719",Producer Milk Components,AMS_3462,3462,Dairy FMMOS,DY-NA,Washington,DC,"Washington, DC",Washington,DC,FMMOS,FMMOS - non-mars,03/30/2021 14:13:00,2012,2012-MAR,719,component,lmprs,
Dec,2012,,Southeast,7.0,"6,794",Producer Milk Components,AMS_3462,3462,Dairy FMMOS,DY-NA,Washington,DC,"Washington, DC",Washington,DC,FMMOS,FMMOS - non-mars,03/30/2021 14:13:00,2012,2012-MAR,666,component,lmprs,
Dec,2012,,Upper Midwest,30.0,"30,684",Producer Milk Components,AMS_3462,3462,Dairy FMMOS,DY-NA,Washington,DC,"Washington, DC",Washington,DC,FMMOS,FMMOS - non-mars,03/30/2021 14:13:00,2012,2012-MAR,"2,938",component,lmprs,
Dec,2012,,Southwest,126.0,"9,994",Producer Milk Components,AMS_3462,3462,Dairy FMMOS,DY-NA,Washington,DC,"Washington, DC",Washington,DC,FMMOS,FMMOS - non-mars,03/30/2021 14:13:00,2012,2012-MAR,"1,142",component,lmprs,
Dec,2013,,Southwest,126.0,"12,901",Producer Milk Components,AMS_3462,3462,Dairy FMMOS,DY-NA,Washington,DC,"Washington, DC",Washington,DC,FMMOS,FMMOS - non-mars,03/30/2021 14:13:00,2013,2013-MAR,"1,220",component,lmprs,
Dec,2013,,Upper Midwest,30.0,"34,315",Producer Milk Components,AMS_3462,3462,Dairy FMMOS,DY-NA,Washington,DC,"Washington, DC",Washington,DC,FMMOS,FMMOS - non-mars,03/30/2021 14:13:00,2013,2013-MAR,"3,010",component,lmprs,
Dec,2013,,Southeast,7.0,"6,129",Producer Milk Components,AMS_3462,3462,Dairy FMMOS,DY-NA,Washington,DC,"Washington, DC",Washington,DC,FMMOS,FMMOS - non-mars,03/30/2021 14:13:00,2013,2013-MAR,552,component,lmprs,
Dec,2013,,Pacific Northwest,124.0,"8,239",Producer Milk Components,AMS_3462,3462,Dairy FMMOS,DY-NA,Washington,DC,"Washington, DC",Washington,DC,FMMOS,FMMOS - non-mars,03/30/2021 14:13:00,2013,2013-MAR,727,component,lmprs,
Dec,2013,,Mideast,33.0,"16,719",Producer Milk Components,AMS_3462,3462,Dairy FMMOS,DY-NA,Washington,DC,"Washington, DC",Washington,DC,FMMOS,FMMOS - non-mars,03/30/2021 14:13:00,2013,2013-MAR,"1,437",component,lmprs,
Dec,2013,,Northeast,1.0,"25,420",Producer Milk Components,AMS_3462,3462,Dairy FMMOS,DY-NA,Washington,DC,"Washington, DC",Washington,DC,FMMOS,FMMOS - non-mars,03/30/2021 14:13:00,2013,2013-MAR,"2,243",component,lmprs,
Dec,2013,,Florida,6.0,"2,833",Producer Milk Components,AMS_3462,3462,Dairy FMMOS,DY-NA,Washington,DC,"Washington, DC",Washington,DC,FMMOS,FMMOS - non-mars,03/30/2021 14:13:00,2013,2013-MAR,251,component,lmprs,
Dec,2013,,Central,32.0,"15,199",Producer Milk Components,AMS_3462,3462,Dairy FMMOS,DY-NA,Washington,DC,"Washington, DC",Washington,DC,FMMOS,FMMOS - non-mars,03/30/2021 14:13:00,2013,2013-MAR,"1,347",component,lmprs,
Dec,2013,,Arizona,131.0,"4,615",Producer Milk Components,AMS_3462,3462,Dairy FMMOS,DY-NA,Washington,DC,"Washington, DC",Washington,DC,FMMOS,FMMOS - non-mars,03/30/2021 14:13:00,2013,2013-MAR,435,component,lmprs,
Dec,2013,,All Markets Combined,,"132,100",Producer Milk Components,AMS_3462,3462,Dairy FMMOS,DY-NA,Washington,DC,"Washington, DC",Washington,DC,FMMOS,FMMOS - non-mars,03/30/2021 14:13:00,2013,2013-MAR,"11,746",component,lmprs,
Dec,2013,,Appalachian,5.0,"5,729",Producer Milk Components,AMS_3462,3462,Dairy FMMOS,DY-NA,Washington,DC,"Washington, DC",Washington,DC,FMMOS,FMMOS - non-mars,03/30/2021 14:13:00,2013,2013-MAR,523,component,lmprs,
Dec,2014,,Appalachian,5.0,"5,594",Producer Milk Components,AMS_3462,3462,Dairy FMMOS,DY-NA,Washington,DC,"Washington, DC",Washington,DC,FMMOS,FMMOS - non-mars,03/30/2021 14:13:00,2014,2014-MAR,513,component,lmprs,
Dec,2014,,All Markets Combined,,"129,420",Producer Milk Components,AMS_3462,3462,Dairy FMMOS,DY-NA,Washington,DC,"Washington, DC",Washington,DC,FMMOS,FMMOS - non-mars,03/30/2021 14:13:00,2014,2014-MAR,"11,535",component,lmprs,
Dec,2014,,Arizona,131.0,"4,800",Producer Milk Components,AMS_3462,3462,Dairy FMMOS,DY-NA,Washington,DC,"Washington, DC",Washington,DC,FMMOS,FMMOS - non-mars,03/30/2021 14:13:00,2014,2014-MAR,452,component,lmprs,
Dec,2014,,Central,32.0,"15,063",Producer Milk Components,AMS_3462,3462,Dairy FMMOS,DY-NA,Washington,DC,"Washington, DC",Washington,DC,FMMOS,FMMOS - non-mars,03/30/2021 14:13:00,2014,2014-MAR,"1,356",component,lmprs,
Dec,2014,,Florida,6.0,"2,771",Producer Milk Components,AMS_3462,3462,Dairy FMMOS,DY-NA,Washington,DC,"Washington, DC",Washington,DC,FMMOS,FMMOS - non-mars,03/30/2021 14:13:00,2014,2014-MAR,247,component,lmprs,
Dec,2014,,Northeast,1.0,"25,793",Producer Milk Components,AMS_3462,3462,Dairy FMMOS,DY-NA,Washington,DC,"Washington, DC",Washington,DC,FMMOS,FMMOS - non-mars,03/30/2021 14:13:00,2014,2014-MAR,"2,195",component,lmprs,
Dec,2014,,Mideast,33.0,"17,297",Producer Milk Components,AMS_3462,3462,Dairy FMMOS,DY-NA,Washington,DC,"Washington, DC",Washington,DC,FMMOS,FMMOS - non-mars,03/30/2021 14:13:00,2014,2014-MAR,"1,448",component,lmprs,
Dec,2014,,Pacific Northwest,124.0,"7,892",Producer Milk Components,AMS_3462,3462,Dairy FMMOS,DY-NA,Washington,DC,"Washington, DC",Washington,DC,FMMOS,FMMOS - non-mars,03/30/2021 14:13:00,2014,2014-MAR,754,component,lmprs,
Dec,2014,,Southeast,7.0,"5,289",Producer Milk Components,AMS_3462,3462,Dairy FMMOS,DY-NA,Washington,DC,"Washington, DC",Washington,DC,FMMOS,FMMOS - non-mars,03/30/2021 14:13:00,2014,2014-MAR,493,component,lmprs,
Dec,2014,,Upper Midwest,30.0,"32,785",Producer Milk Components,AMS_3462,3462,Dairy FMMOS,DY-NA,Washington,DC,"Washington, DC",Washington,DC,FMMOS,FMMOS - non-mars,03/30/2021 14:13:00,2014,2014-MAR,"2,812",component,lmprs,
Dec,2014,,Southwest,126.0,"12,137",Producer Milk Components,AMS_3462,3462,Dairy FMMOS,DY-NA,Washington,DC,"Washington, DC",Washington,DC,FMMOS,FMMOS - non-mars,03/30/2021 14:13:00,2014,2014-MAR,"1,266",component,lmprs,
Dec,2015,,Southwest,126.0,"11,891",Producer Milk Components,AMS_3462,3462,Dairy FMMOS,DY-NA,Washington,DC,"Washington, DC",Washington,DC,FMMOS,FMMOS - non-mars,03/30/2021 14:12:00,2015,2015-MAR,860,component,lmprs,
Dec,2015,,Upper Midwest,30.0,"30,318",Producer Milk Components,AMS_3462,3462,Dairy FMMOS,DY-NA,Washington,DC,"Washington, DC",Washington,DC,FMMOS,FMMOS - non-mars,03/30/2021 14:12:00,2015,2015-MAR,"2,644",component,lmprs,
Dec,2015,,Southeast,7.0,"5,205",Producer Milk Components,AMS_3462,3462,Dairy FMMOS,DY-NA,Washington,DC,"Washington, DC",Washington,DC,FMMOS,FMMOS - non-mars,03/30/2021 14:12:00,2015,2015-MAR,474,component,lmprs,
Dec,2015,,Pacific Northwest,124.0,"6,646",Producer Milk Components,AMS_3462,3462,Dairy FMMOS,DY-NA,Washington,DC,"Washington, DC",Washington,DC,FMMOS,FMMOS - non-mars,03/30/2021 14:12:00,2015,2015-MAR,500,component,lmprs,
Dec,2015,,Mideast,33.0,"18,376",Producer Milk Components,AMS_3462,3462,Dairy FMMOS,DY-NA,Washington,DC,"Washington, DC",Washington,DC,FMMOS,FMMOS - non-mars,03/30/2021 14:12:00,2015,2015-MAR,"1,560",component,lmprs,
Dec,2015,,Northeast,1.0,"26,039",Producer Milk Components,AMS_3462,3462,Dairy FMMOS,DY-NA,Washington,DC,"Washington, DC",Washington,DC,FMMOS,FMMOS - non-mars,03/30/2021 14:12:00,2015,2015-MAR,"2,241",component,lmprs,
Dec,2015,,Florida,6.0,"2,741",Producer Milk Components,AMS_3462,3462,Dairy FMMOS,DY-NA,Washington,DC,"Washington, DC",Washington,DC,FMMOS,FMMOS - non-mars,03/30/2021 14:12:00,2015,2015-MAR,242,component,lmprs,
Dec,2015,,Central,32.0,"14,476",Producer Milk Components,AMS_3462,3462,Dairy FMMOS,DY-NA,Washington,DC,"Washington, DC",Washington,DC,FMMOS,FMMOS - non-mars,03/30/2021 14:12:00,2015,2015-MAR,"1,271",component,lmprs,
Dec,2015,,Arizona,131.0,"4,788",Producer Milk Components,AMS_3462,3462,Dairy FMMOS,DY-NA,Washington,DC,"Washington, DC",Washington,DC,FMMOS,FMMOS - non-mars,03/30/2021 14:12:00,2015,2015-MAR,435,component,lmprs,
Dec,2015,,All Markets Combined,,"126,126",Producer Milk Components,AMS_3462,3462,Dairy FMMOS,DY-NA,Washington,DC,"Washington, DC",Washington,DC,FMMOS,FMMOS - non-mars,03/30/2021 14:12:00,2015,2015-MAR,"10,722",component,lmprs,
Dec,2015,,Appalachian,5.0,"5,646",Producer Milk Components,AMS_3462,3462,Dairy FMMOS,DY-NA,Washington,DC,"Washington, DC",Washington,DC,FMMOS,FMMOS - non-mars,03/30/2021 14:12:00,2015,2015-MAR,495,component,lmprs,
Dec,2016,,Appalachian,5.0,"5,595",Producer Milk Components,AMS_3462,3462,Dairy FMMOS,DY-NA,Washington,DC,"Washington, DC",Washington,DC,FMMOS,FMMOS - non-mars,03/30/2021 14:12:00,2016,2016-MAR,496,component,lmprs,
Dec,2016,,All Markets Combined,,"133,846",Producer Milk Components,AMS_3462,3462,Dairy FMMOS,DY-NA,Washington,DC,"Washington, DC",Washington,DC,FMMOS,FMMOS - non-mars,03/30/2021 14:12:00,2016,2016-MAR,"12,130",component,lmprs,
Dec,2016,,Arizona,131.0,"4,979",Producer Milk Components,AMS_3462,3462,Dairy FMMOS,DY-NA,Washington,DC,"Washington, DC",Washington,DC,FMMOS,FMMOS - non-mars,03/30/2021 14:12:00,2016,2016-MAR,464,component,lmprs,
Dec,2016,,Central,32.0,"15,088",Producer Milk Components,AMS_3462,3462,Dairy FMMOS,DY-NA,Washington,DC,"Washington, DC",Washington,DC,FMMOS,FMMOS - non-mars,03/30/2021 14:12:00,2016,2016-MAR,"1,351",component,lmprs,
Dec,2016,,Florida,6.0,"2,714",Producer Milk Components,AMS_3462,3462,Dairy FMMOS,DY-NA,Washington,DC,"Washington, DC",Washington,DC,FMMOS,FMMOS - non-mars,03/30/2021 14:12:00,2016,2016-MAR,242,component,lmprs,
Dec,2016,,Northeast,1.0,"27,007",Producer Milk Components,AMS_3462,3462,Dairy FMMOS,DY-NA,Washington,DC,"Washington, DC",Washington,DC,FMMOS,FMMOS - non-mars,03/30/2021 14:12:00,2016,2016-MAR,"2,305",component,lmprs,
Dec,2016,,Mideast,33.0,"19,655",Producer Milk Components,AMS_3462,3462,Dairy FMMOS,DY-NA,Washington,DC,"Washington, DC",Washington,DC,FMMOS,FMMOS - non-mars,03/30/2021 14:12:00,2016,2016-MAR,"1,766",component,lmprs,
Dec,2016,,Pacific Northwest,124.0,"7,883",Producer Milk Components,AMS_3462,3462,Dairy FMMOS,DY-NA,Washington,DC,"Washington, DC",Washington,DC,FMMOS,FMMOS - non-mars,03/30/2021 14:12:00,2016,2016-MAR,599,component,lmprs,
Dec,2016,,Southeast,7.0,"5,390",Producer Milk Components,AMS_3462,3462,Dairy FMMOS,DY-NA,Washington,DC,"Washington, DC",Washington,DC,FMMOS,FMMOS - non-mars,03/30/2021 14:12:00,2016,2016-MAR,508,component,lmprs,
Dec,2016,,Upper Midwest,30.0,"32,817",Producer Milk Components,AMS_3462,3462,Dairy FMMOS,DY-NA,Washington,DC,"Washington, DC",Washington,DC,FMMOS,FMMOS - non-mars,03/30/2021 14:12:00,2016,2016-MAR,"3,127",component,lmprs,
Dec,2016,,Southwest,126.0,"12,717",Producer Milk Components,AMS_3462,3462,Dairy FMMOS,DY-NA,Washington,DC,"Washington, DC",Washington,DC,FMMOS,FMMOS - non-mars,03/30/2021 14:12:00,2016,2016-MAR,"1,273",component,lmprs,
Dec,2017,,Southwest,126.0,"13,092",Producer Milk Components,AMS_3462,3462,Dairy FMMOS,DY-NA,Washington,DC,"Washington, DC",Washington,DC,FMMOS,FMMOS - non-mars,03/30/2021 14:11:00,2017,2017-MAR,"1,239",component,lmprs,
Dec,2017,,Upper Midwest,30.0,"32,312",Producer Milk Components,AMS_3462,3462,Dairy FMMOS,DY-NA,Washington,DC,"Washington, DC",Washington,DC,FMMOS,FMMOS - non-mars,03/30/2021 14:11:00,2017,2017-MAR,"2,936",component,lmprs,
Dec,2017,,Southeast,7.0,"5,452",Producer Milk Components,AMS_3462,3462,Dairy FMMOS,DY-NA,Washington,DC,"Washington, DC",Washington,DC,FMMOS,FMMOS - non-mars,03/30/2021 14:11:00,2017,2017-MAR,513,component,lmprs,
Dec,2017,,Pacific Northwest,124.0,"7,661",Producer Milk Components,AMS_3462,3462,Dairy FMMOS,DY-NA,Washington,DC,"Washington, DC",Washington,DC,FMMOS,FMMOS - non-mars,03/30/2021 14:11:00,2017,2017-MAR,619,component,lmprs,
Dec,2017,,Mideast,33.0,"20,241",Producer Milk Components,AMS_3462,3462,Dairy FMMOS,DY-NA,Washington,DC,"Washington, DC",Washington,DC,FMMOS,FMMOS - non-mars,03/30/2021 14:11:00,2017,2017-MAR,"1,856",component,lmprs,
Dec,2017,,Northeast,1.0,"27,397",Producer Milk Components,AMS_3462,3462,Dairy FMMOS,DY-NA,Washington,DC,"Washington, DC",Washington,DC,FMMOS,FMMOS - non-mars,03/30/2021 14:11:00,2017,2017-MAR,"2,396",component,lmprs,
Dec,2017,,Florida,6.0,"2,602",Producer Milk Components,AMS_3462,3462,Dairy FMMOS,DY-NA,Washington,DC,"Washington, DC",Washington,DC,FMMOS,FMMOS - non-mars,03/30/2021 14:11:00,2017,2017-MAR,236,component,lmprs,
Dec,2017,,Central,32.0,"15,879",Producer Milk Components,AMS_3462,3462,Dairy FMMOS,DY-NA,Washington,DC,"Washington, DC",Washington,DC,FMMOS,FMMOS - non-mars,03/30/2021 14:11:00,2017,2017-MAR,"1,495",component,lmprs,
Dec,2017,,Arizona,131.0,"5,065",Producer Milk Components,AMS_3462,3462,Dairy FMMOS,DY-NA,Washington,DC,"Washington, DC",Washington,DC,FMMOS,FMMOS - non-mars,03/30/2021 14:11:00,2017,2017-MAR,458,component,lmprs,
Dec,2017,,All Markets Combined,,"135,502",Producer Milk Components,AMS_3462,3462,Dairy FMMOS,DY-NA,Washington,DC,"Washington, DC",Washington,DC,FMMOS,FMMOS - non-mars,03/30/2021 14:11:00,2017,2017-MAR,"12,252",component,lmprs,
Dec,2017,,Appalachian,5.0,"5,801",Producer Milk Components,AMS_3462,3462,Dairy FMMOS,DY-NA,Washington,DC,"Washington, DC",Washington,DC,FMMOS,FMMOS - non-mars,03/30/2021 14:11:00,2017,2017-MAR,503,component,lmprs,
Dec,2018,,Appalachian,5.0,"5,734",Producer Milk Components,AMS_3462,3462,Dairy FMMOS,DY-NA,Washington,DC,"Washington, DC",Washington,DC,FMMOS,FMMOS - non-mars,03/30/2021 14:09:00,2018,2018-MAR,520,component,lmprs,
Dec,2018,,All Markets Combined,,"141,684",Producer Milk Components,AMS_3462,3462,Dairy FMMOS,DY-NA,Washington,DC,"Washington, DC",Washington,DC,FMMOS,FMMOS - non-mars,03/30/2021 14:09:00,2018,2018-MAR,"11,094",component,lmprs,
Dec,2018,,Arizona,131.0,"5,133",Producer Milk Components,AMS_3462,3462,Dairy FMMOS,DY-NA,Washington,DC,"Washington, DC",Washington,DC,FMMOS,FMMOS - non-mars,03/30/2021 14:09:00,2018,2018-MAR,442,component,lmprs,
Dec,2018,,Central,32.0,"16,604",Producer Milk Components,AMS_3462,3462,Dairy FMMOS,DY-NA,Washington,DC,"Washington, DC",Washington,DC,FMMOS,FMMOS - non-mars,03/30/2021 14:09:00,2018,2018-MAR,"1,287",component,lmprs,
Dec,2018,,California,51.0,"4,117",Producer Milk Components,AMS_3462,3462,Dairy FMMOS,DY-NA,Washington,DC,"Washington, DC",Washington,DC,FMMOS,FMMOS - non-mars,03/30/2021 14:09:00,2018,2018-MAR,,component,lmprs,
Dec,2018,,Florida,6.0,"2,565",Producer Milk Components,AMS_3462,3462,Dairy FMMOS,DY-NA,Washington,DC,"Washington, DC",Washington,DC,FMMOS,FMMOS - non-mars,03/30/2021 14:09:00,2018,2018-MAR,228,component,lmprs,
Dec,2018,,Northeast,1.0,"27,109",Producer Milk Components,AMS_3462,3462,Dairy FMMOS,DY-NA,Washington,DC,"Washington, DC",Washington,DC,FMMOS,FMMOS - non-mars,03/30/2021 14:09:00,2018,2018-MAR,"2,371",component,lmprs,
Dec,2018,,Mideast,33.0,"19,603",Producer Milk Components,AMS_3462,3462,Dairy FMMOS,DY-NA,Washington,DC,"Washington, DC",Washington,DC,FMMOS,FMMOS - non-mars,03/30/2021 14:09:00,2018,2018-MAR,"1,614",component,lmprs,
Dec,2018,,Pacific Northwest,124.0,"8,558",Producer Milk Components,AMS_3462,3462,Dairy FMMOS,DY-NA,Washington,DC,"Washington, DC",Washington,DC,FMMOS,FMMOS - non-mars,03/30/2021 14:09:00,2018,2018-MAR,635,component,lmprs,
Dec,2018,,Southeast,7.0,"5,209",Producer Milk Components,AMS_3462,3462,Dairy FMMOS,DY-NA,Washington,DC,"Washington, DC",Washington,DC,FMMOS,FMMOS - non-mars,03/30/2021 14:09:00,2018,2018-MAR,500,component,lmprs,
Dec,2018,,Upper Midwest,30.0,"33,323",Producer Milk Components,AMS_3462,3462,Dairy FMMOS,DY-NA,Washington,DC,"Washington, DC",Washington,DC,FMMOS,FMMOS - non-mars,03/30/2021 14:09:00,2018,2018-MAR,"2,688",component,lmprs,
Dec,2018,,Southwest,126.0,"13,727",Producer Milk Components,AMS_3462,3462,Dairy FMMOS,DY-NA,Washington,DC,"Washington, DC",Washington,DC,FMMOS,FMMOS - non-mars,03/30/2021 14:09:00,2018,2018-MAR,810,component,lmprs,
Dec,2019,,Upper Midwest,30.0,"32,310",Producer Milk Components,AMS_3462,3462,Dairy FMMOS,DY-NA,Washington,DC,"Washington, DC",Washington,DC,FMMOS,FMMOS - non-mars,03/30/2021 14:09:00,2019,2019-MAR,"3,243",component,lmprs,
Dec,2019,,Southeast,7.0,"4,903",Producer Milk Components,AMS_3462,3462,Dairy FMMOS,DY-NA,Washington,DC,"Washington, DC",Washington,DC,FMMOS,FMMOS - non-mars,03/30/2021 14:09:00,2019,2019-MAR,448,component,lmprs,
Dec,2019,,Southwest,126.0,"12,900",Producer Milk Components,AMS_3462,3462,Dairy FMMOS,DY-NA,Washington,DC,"Washington, DC",Washington,DC,FMMOS,FMMOS - non-mars,03/30/2021 14:09:00,2019,2019-MAR,"1,282",component,lmprs,
Dec,2019,,Pacific Northwest,124.0,"8,496",Producer Milk Components,AMS_3462,3462,Dairy FMMOS,DY-NA,Washington,DC,"Washington, DC",Washington,DC,FMMOS,FMMOS - non-mars,03/30/2021 14:09:00,2019,2019-MAR,754,component,lmprs,
Dec,2019,,Northeast,1.0,"26,752",Producer Milk Components,AMS_3462,3462,Dairy FMMOS,DY-NA,Washington,DC,"Washington, DC",Washington,DC,FMMOS,FMMOS - non-mars,03/30/2021 14:09:00,2019,2019-MAR,"2,319",component,lmprs,
Dec,2019,,Florida,6.0,"2,510",Producer Milk Components,AMS_3462,3462,Dairy FMMOS,DY-NA,Washington,DC,"Washington, DC",Washington,DC,FMMOS,FMMOS - non-mars,03/30/2021 14:09:00,2019,2019-MAR,226,component,lmprs,
Dec,2019,,Mideast,33.0,"18,942",Producer Milk Components,AMS_3462,3462,Dairy FMMOS,DY-NA,Washington,DC,"Washington, DC",Washington,DC,FMMOS,FMMOS - non-mars,03/30/2021 14:09:00,2019,2019-MAR,"1,665",component,lmprs,
Dec,2019,,California,51.0,"24,272",Producer Milk Components,AMS_3462,3462,Dairy FMMOS,DY-NA,Washington,DC,"Washington, DC",Washington,DC,FMMOS,FMMOS - non-mars,03/30/2021 14:09:00,2019,2019-MAR,"2,258",component,lmprs,
Dec,2019,,Central,32.0,"15,260",Producer Milk Components,AMS_3462,3462,Dairy FMMOS,DY-NA,Washington,DC,"Washington, DC",Washington,DC,FMMOS,FMMOS - non-mars,03/30/2021 14:09:00,2019,2019-MAR,"1,504",component,lmprs,
Dec,2019,,Arizona,131.0,"4,840",Producer Milk Components,AMS_3462,3462,Dairy FMMOS,DY-NA,Washington,DC,"Washington, DC",Washington,DC,FMMOS,FMMOS - non-mars,03/30/2021 14:09:00,2019,2019-MAR,463,component,lmprs,
Dec,2019,,All Markets Combined,,"156,510",Producer Milk Components,AMS_3462,3462,Dairy FMMOS,DY-NA,Washington,DC,"Washington, DC",Washington,DC,FMMOS,FMMOS - non-mars,03/30/2021 14:09:00,2019,2019-MAR,"14,641",component,lmprs,
Dec,2019,,Appalachian,5.0,"5,327",Producer Milk Components,AMS_3462,3462,Dairy FMMOS,DY-NA,Washington,DC,"Washington, DC",Washington,DC,FMMOS,FMMOS - non-mars,03/30/2021 14:09:00,2019,2019-MAR,480,component,lmprs,
Dec,2020,,Appalachian,5.0,"5,322",Producer Milk Components,AMS_3462,3462,Dairy FMMOS,DY-NA,Washington,DC,"Washington, DC",Washington,DC,FMMOS,FMMOS - non-mars,02/23/2021 09:39:00,2020,2020-MAR,493,component,lmprs,
Dec,2020,,All Markets Combined,,"137,818",Producer Milk Components,AMS_3462,3462,Dairy FMMOS,DY-NA,Washington,DC,"Washington, DC",Washington,DC,FMMOS,FMMOS - non-mars,02/23/2021 09:39:00,2020,2020-MAR,"13,436",component,lmprs,
Dec,2020,,Arizona,131.0,"4,497",Producer Milk Components,AMS_3462,3462,Dairy FMMOS,DY-NA,Washington,DC,"Washington, DC",Washington,DC,FMMOS,FMMOS - non-mars,02/23/2021 09:39:00,2020,2020-MAR,463,component,lmprs,
Dec,2020,,Central,32.0,"13,315",Producer Milk Components,AMS_3462,3462,Dairy FMMOS,DY-NA,Washington,DC,"Washington, DC",Washington,DC,FMMOS,FMMOS - non-mars,02/23/2021 09:39:00,2020,2020-MAR,"1,444",component,lmprs,
Dec,2020,,California,51.0,"23,004",Producer Milk Components,AMS_3462,3462,Dairy FMMOS,DY-NA,Washington,DC,"Washington, DC",Washington,DC,FMMOS,FMMOS - non-mars,02/23/2021 09:39:00,2020,2020-MAR,"2,036",component,lmprs,
Dec,2020,,Mideast,33.0,"17,982",Producer Milk Components,AMS_3462,3462,Dairy FMMOS,DY-NA,Washington,DC,"Washington, DC",Washington,DC,FMMOS,FMMOS - non-mars,02/23/2021 09:39:00,2020,2020-MAR,"1,748",component,lmprs,
Dec,2020,,Florida,6.0,"2,509",Producer Milk Components,AMS_3462,3462,Dairy FMMOS,DY-NA,Washington,DC,"Washington, DC",Washington,DC,FMMOS,FMMOS - non-mars,02/23/2021 09:39:00,2020,2020-MAR,232,component,lmprs,
Dec,2020,,Northeast,1.0,"26,824",Producer Milk Components,AMS_3462,3462,Dairy FMMOS,DY-NA,Washington,DC,"Washington, DC",Washington,DC,FMMOS,FMMOS - non-mars,02/23/2021 09:39:00,2020,2020-MAR,"2,366",component,lmprs,
Dec,2020,,Pacific Northwest,124.0,"7,682",Producer Milk Components,AMS_3462,3462,Dairy FMMOS,DY-NA,Washington,DC,"Washington, DC",Washington,DC,FMMOS,FMMOS - non-mars,02/23/2021 09:39:00,2020,2020-MAR,638,component,lmprs,
Dec,2020,,Southwest,126.0,"11,692",Producer Milk Components,AMS_3462,3462,Dairy FMMOS,DY-NA,Washington,DC,"Washington, DC",Washington,DC,FMMOS,FMMOS - non-mars,02/23/2021 09:39:00,2020,2020-MAR,"1,007",component,lmprs,
Dec,2020,,Southeast,7.0,"4,700",Producer Milk Components,AMS_3462,3462,Dairy FMMOS,DY-NA,Washington,DC,"Washington, DC",Washington,DC,FMMOS,FMMOS - non-mars,02/23/2021 09:39:00,2020,2020-MAR,463,component,lmprs,
Dec,2020,,Upper Midwest,30.0,"20,290",Producer Milk Components,AMS_3462,3462,Dairy FMMOS,DY-NA,Washington,DC,"Washington, DC",Washington,DC,FMMOS,FMMOS - non-mars,02/23/2021 09:39:00,2020,2020-MAR,"2,546",component,lmprs,
Dec,2021,,Southwest,126.0,"12,286",Producer Milk Components,AMS_3462,3462,Dairy FMMOS,DY-NA,Washington,DC,"Washington, DC",Washington,DC,FMMOS,FMMOS - non-mars,01/31/2022 07:17:00,2021,2021-MAR,"1,027",component,lmprs,
Dec,2021,,Pacific Northwest,124.0,"7,387",Producer Milk Components,AMS_3462,3462,Dairy FMMOS,DY-NA,Washington,DC,"Washington, DC",Washington,DC,FMMOS,FMMOS - non-mars,01/31/2022 07:17:00,2021,2021-MAR,627,component,lmprs,
Dec,2021,,Southeast,7.0,"4,581",Producer Milk Components,AMS_3462,3462,Dairy FMMOS,DY-NA,Washington,DC,"Washington, DC",Washington,DC,FMMOS,FMMOS - non-mars,01/31/2022 07:17:00,2021,2021-MAR,440,component,lmprs,
Dec,2021,,Northeast,1.0,"27,045",Producer Milk Components,AMS_3462,3462,Dairy FMMOS,DY-NA,Washington,DC,"Washington, DC",Washington,DC,FMMOS,FMMOS - non-mars,01/31/2022 07:17:00,2021,2021-MAR,"2,354",component,lmprs,
Dec,2021,,Mideast,33.0,"18,606",Producer Milk Components,AMS_3462,3462,Dairy FMMOS,DY-NA,Washington,DC,"Washington, DC",Washington,DC,FMMOS,FMMOS - non-mars,01/31/2022 07:17:00,2021,2021-MAR,"1,476",component,lmprs,
Dec,2021,,Central,32.0,"12,992",Producer Milk Components,AMS_3462,3462,Dairy FMMOS,DY-NA,Washington,DC,"Washington, DC",Washington,DC,FMMOS,FMMOS - non-mars,01/31/2022 07:17:00,2021,2021-MAR,981,component,lmprs,
Dec,2021,,Florida,6.0,"2,444",Producer Milk Components,AMS_3462,3462,Dairy FMMOS,DY-NA,Washington,DC,"Washington, DC",Washington,DC,FMMOS,FMMOS - non-mars,01/31/2022 07:17:00,2021,2021-MAR,206,component,lmprs,
Dec,2021,,California,51.0,"23,803",Producer Milk Components,AMS_3462,3462,Dairy FMMOS,DY-NA,Washington,DC,"Washington, DC",Washington,DC,FMMOS,FMMOS - non-mars,01/31/2022 07:17:00,2021,2021-MAR,"2,037",component,lmprs,
Dec,2021,,Arizona,131.0,"4,461",Producer Milk Components,AMS_3462,3462,Dairy FMMOS,DY-NA,Washington,DC,"Washington, DC",Washington,DC,FMMOS,FMMOS - non-mars,01/31/2022 07:17:00,2021,2021-MAR,357,component,lmprs,
Dec,2021,,Appalachian,5.0,"5,289",Producer Milk Components,AMS_3462,3462,Dairy FMMOS,DY-NA,Washington,DC,"Washington, DC",Washington,DC,FMMOS,FMMOS - non-mars,01/31/2022 07:17:00,2021,2021-MAR,489,component,lmprs,
Dec,2021,,All Markets Combined,,"136,836",Producer Milk Components,AMS_3462,3462,Dairy FMMOS,DY-NA,Washington,DC,"Washington, DC",Washington,DC,FMMOS,FMMOS - non-mars,01/31/2022 07:17:00,2021,2021-MAR,"10,958",component,lmprs,
Dec,2021,,Upper Midwest,30.0,"17,940",Producer Milk Components,AMS_3462,3462,Dairy FMMOS,DY-NA,Washington,DC,"Washington, DC",Washington,DC,FMMOS,FMMOS - non-mars,01/31/2022 07:17:00,2021,2021-MAR,965,component,lmprs,
Dec,2022,,Upper Midwest,30.0,"31,837",Producer Milk Components,AMS_3462,3462,Dairy FMMOS,DY-NA,Washington,DC,"Washington, DC",Washington,DC,FMMOS,FMMOS - non-mars,01/30/2023 07:36:00,2022,2022-MAR,"2,759",component,lmprs,
Dec,2022,,All Markets Combined,,"151,614",Producer Milk Components,AMS_3462,3462,Dairy FMMOS,DY-NA,Washington,DC,"Washington, DC",Washington,DC,FMMOS,FMMOS - non-mars,01/30/2023 07:36:00,2022,2022-MAR,"13,121",component,lmprs,
Dec,2022,,Appalachian,5.0,"5,420",Producer Milk Components,AMS_3462,3462,Dairy FMMOS,DY-NA,Washington,DC,"Washington, DC",Washington,DC,FMMOS,FMMOS - non-mars,01/30/2023 07:36:00,2022,2022-MAR,502,component,lmprs,
Dec,2022,,Arizona,131.0,"4,910",Producer Milk Components,AMS_3462,3462,Dairy FMMOS,DY-NA,Washington,DC,"Washington, DC",Washington,DC,FMMOS,FMMOS - non-mars,01/30/2023 07:36:00,2022,2022-MAR,407,component,lmprs,
Dec,2022,,California,51.0,"22,439",Producer Milk Components,AMS_3462,3462,Dairy FMMOS,DY-NA,Washington,DC,"Washington, DC",Washington,DC,FMMOS,FMMOS - non-mars,01/30/2023 07:36:00,2022,2022-MAR,"1,966",component,lmprs,
Dec,2022,,Florida,6.0,"2,483",Producer Milk Components,AMS_3462,3462,Dairy FMMOS,DY-NA,Washington,DC,"Washington, DC",Washington,DC,FMMOS,FMMOS - non-mars,01/30/2023 07:36:00,2022,2022-MAR,220,component,lmprs,
Dec,2022,,Central,32.0,"15,638",Producer Milk Components,AMS_3462,3462,Dairy FMMOS,DY-NA,Washington,DC,"Washington, DC",Washington,DC,FMMOS,FMMOS - non-mars,01/30/2023 07:36:00,2022,2022-MAR,"1,335",component,lmprs,
Dec,2022,,Mideast,33.0,"16,796",Producer Milk Components,AMS_3462,3462,Dairy FMMOS,DY-NA,Washington,DC,"Washington, DC",Washington,DC,FMMOS,FMMOS - non-mars,01/30/2023 07:36:00,2022,2022-MAR,"1,434",component,lmprs,
Dec,2022,,Northeast,1.0,"26,882",Producer Milk Components,AMS_3462,3462,Dairy FMMOS,DY-NA,Washington,DC,"Washington, DC",Washington,DC,FMMOS,FMMOS - non-mars,01/30/2023 07:36:00,2022,2022-MAR,"2,306",component,lmprs,
Dec,2022,,Southeast,7.0,"3,913",Producer Milk Components,AMS_3462,3462,Dairy FMMOS,DY-NA,Washington,DC,"Washington, DC",Washington,DC,FMMOS,FMMOS - non-mars,01/30/2023 07:36:00,2022,2022-MAR,336,component,lmprs,
Dec,2022,,Pacific Northwest,124.0,"7,583",Producer Milk Components,AMS_3462,3462,Dairy FMMOS,DY-NA,Washington,DC,"Washington, DC",Washington,DC,FMMOS,FMMOS - non-mars,01/30/2023 07:36:00,2022,2022-MAR,666,component,lmprs,
Dec,2022,,Southwest,126.0,"13,714",Producer Milk Components,AMS_3462,3462,Dairy FMMOS,DY-NA,Washington,DC,"Washington, DC",Washington,DC,FMMOS,FMMOS - non-mars,01/30/2023 07:36:00,2022,2022-MAR,"1,190",component,lmprs,
Dec,2023,,Southwest,126.0,"13,640",Producer Milk Components,AMS_3462,3462,Dairy FMMOS,DY-NA,Washington,DC,"Washington, DC",Washington,DC,FMMOS,FMMOS - non-mars,01/30/2024 09:42:00,2023,2023-MAR,"1,224",component,lmprs,
Dec,2023,,Pacific Northwest,124.0,"7,650",Producer Milk Components,AMS_3462,3462,Dairy FMMOS,DY-NA,Washington,DC,"Washington, DC",Washington,DC,FMMOS,FMMOS - non-mars,01/30/2024 09:42:00,2023,2023-MAR,739,component,lmprs,
Dec,2023,,Southeast,7.0,"3,538",Producer Milk Components,AMS_3462,3462,Dairy FMMOS,DY-NA,Washington,DC,"Washington, DC",Washington,DC,FMMOS,FMMOS - non-mars,01/30/2024 09:42:00,2023,2023-MAR,306,component,lmprs,
Dec,2023,,Northeast,1.0,"27,260",Producer Milk Components,AMS_3462,3462,Dairy FMMOS,DY-NA,Washington,DC,"Washington, DC",Washington,DC,FMMOS,FMMOS - non-mars,01/30/2024 09:42:00,2023,2023-MAR,"2,361",component,lmprs,
Dec,2023,,Mideast,33.0,"17,761",Producer Milk Components,AMS_3462,3462,Dairy FMMOS,DY-NA,Washington,DC,"Washington, DC",Washington,DC,FMMOS,FMMOS - non-mars,01/30/2024 09:42:00,2023,2023-MAR,"1,631",component,lmprs,
Dec,2023,,Central,32.0,"16,053",Producer Milk Components,AMS_3462,3462,Dairy FMMOS,DY-NA,Washington,DC,"Washington, DC",Washington,DC,FMMOS,FMMOS - non-mars,01/30/2024 09:42:00,2023,2023-MAR,"1,580",component,lmprs,
Dec,2023,,Florida,6.0,"2,506",Producer Milk Components,AMS_3462,3462,Dairy FMMOS,DY-NA,Washington,DC,"Washington, DC",Washington,DC,FMMOS,FMMOS - non-mars,01/30/2024 09:42:00,2023,2023-MAR,224,component,lmprs,
Dec,2023,,California,51.0,"26,418",Producer Milk Components,AMS_3462,3462,Dairy FMMOS,DY-NA,Washington,DC,"Washington, DC",Washington,DC,FMMOS,FMMOS - non-mars,01/30/2024 09:42:00,2023,2023-MAR,"2,836",component,lmprs,
Dec,2023,,Arizona,131.0,"5,149",Producer Milk Components,AMS_3462,3462,Dairy FMMOS,DY-NA,Washington,DC,"Washington, DC",Washington,DC,FMMOS,FMMOS - non-mars,01/30/2024 09:42:00,2023,2023-MAR,474,component,lmprs,
Dec,2023,,Appalachian,5.0,"5,428",Producer Milk Components,AMS_3462,3462,Dairy FMMOS,DY-NA,Washington,DC,"Washington, DC",Washington,DC,FMMOS,FMMOS - non-mars,01/30/2024 09:42:00,2023,2023-MAR,486,component,lmprs,
Dec,2023,,All Markets Combined,,"158,448",Producer Milk Components,AMS_3462,3462,Dairy FMMOS,DY-NA,Washington,DC,"Washington, DC",Washington,DC,FMMOS,FMMOS - non-mars,01/30/2024 09:42:00,2023,2023-MAR,"14,897",component,lmprs,
Dec,2023,,Upper Midwest,30.0,"33,045",Producer Milk Components,AMS_3462,3462,Dairy FMMOS,DY-NA,Washington,DC,"Washington, DC",Washington,DC,FMMOS,FMMOS - non-mars,01/30/2024 09:42:00,2023,2023-MAR,"3,036",component,lmprs,
Dec,2024,,Upper Midwest,30.0,"28,285",Producer Milk Components,AMS_3462,3462,Dairy FMMOS,DY-NA,Washington,DC,"Washington, DC",Washington,DC,FMMOS,FMMOS - non-mars,01/23/2025 09:07:00,2024,2024-MAR,"2,713",component,lmprs,
Dec,2024,,All Markets Combined,,"146,628",Producer Milk Components,AMS_3462,3462,Dairy FMMOS,DY-NA,Washington,DC,"Washington, DC",Washington,DC,FMMOS,FMMOS - non-mars,01/23/2025 09:07:00,2024,2024-MAR,"13,082",component,lmprs,
Dec,2024,,Appalachian,5.0,"5,301",Producer Milk Components,AMS_3462,3462,Dairy FMMOS,DY-NA,Washington,DC,"Washington, DC",Washington,DC,FMMOS,FMMOS - non-mars,01/23/2025 09:07:00,2024,2024-MAR,468,component,lmprs,
Dec,2024,,Arizona,131.0,"4,186",Producer Milk Components,AMS_3462,3462,Dairy FMMOS,DY-NA,Washington,DC,"Washington, DC",Washington,DC,FMMOS,FMMOS - non-mars,01/23/2025 09:07:00,2024,2024-MAR,414,component,lmprs,
Dec,2024,,California,51.0,"23,224",Producer Milk Components,AMS_3462,3462,Dairy FMMOS,DY-NA,Washington,DC,"Washington, DC",Washington,DC,FMMOS,FMMOS - non-mars,01/23/2025 09:07:00,2024,2024-MAR,"2,067",component,lmprs,
Dec,2024,,Florida,6.0,"2,524",Producer Milk Components,AMS_3462,3462,Dairy FMMOS,DY-NA,Washington,DC,"Washington, DC",Washington,DC,FMMOS,FMMOS - non-mars,01/23/2025 09:07:00,2024,2024-MAR,217,component,lmprs,
Dec,2024,,Central,32.0,"14,608",Producer Milk Components,AMS_3462,3462,Dairy FMMOS,DY-NA,Washington,DC,"Washington, DC",Washington,DC,FMMOS,FMMOS - non-mars,01/23/2025 09:07:00,2024,2024-MAR,"1,287",component,lmprs,
Dec,2024,,Mideast,33.0,"18,182",Producer Milk Components,AMS_3462,3462,Dairy FMMOS,DY-NA,Washington,DC,"Washington, DC",Washington,DC,FMMOS,FMMOS - non-mars,01/23/2025 09:07:00,2024,2024-MAR,"1,521",component,lmprs,
Dec,2024,,Northeast,1.0,"26,949",Producer Milk Components,AMS_3462,3462,Dairy FMMOS,DY-NA,Washington,DC,"Washington, DC",Washington,DC,FMMOS,FMMOS - non-mars,01/23/2025 09:07:00,2024,2024-MAR,"2,342",component,lmprs,
Dec,2024,,Southeast,7.0,"3,497",Producer Milk Components,AMS_3462,3462,Dairy FMMOS,DY-NA,Washington,DC,"Washington, DC",Washington,DC,FMMOS,FMMOS - non-mars,01/23/2025 09:07:00,2024,2024-MAR,320,component,lmprs,
Dec,2024,,Pacific Northwest,124.0,"7,231",Producer Milk Components,AMS_3462,3462,Dairy FMMOS,DY-NA,Washington,DC,"Washington, DC",Washington,DC,FMMOS,FMMOS - non-mars,01/23/2025 09:07:00,2024,2024-MAR,621,component,lmprs,
Dec,2024,,Southwest,126.0,"12,641",Producer Milk Components,AMS_3462,3462,Dairy FMMOS,DY-NA,Washington,DC,"Washington, DC",Washington,DC,FMMOS,FMMOS - non-mars,01/23/2025 09:07:00,2024,2024-MAR,"1,113",component,lmprs,
Dec,2025,,Southwest,126.0,"12,960",Producer Milk Components,AMS_3462,3462,Dairy FMMOS,DY-NA,Washington,DC,"Washington, DC",Washington,DC,FMMOS,FMMOS - non-mars,01/21/2026 11:39:00,2025,2025-MAR,"1,430",component,lmprs,
Dec,2025,,Pacific Northwest,124.0,"6,760",Producer Milk Components,AMS_3462,3462,Dairy FMMOS,DY-NA,Washington,DC,"Washington, DC",Washington,DC,FMMOS,FMMOS - non-mars,01/21/2026 11:39:00,2025,2025-MAR,692,component,lmprs,
Dec,2025,,Southeast,7.0,"3,435",Producer Milk Components,AMS_3462,3462,Dairy FMMOS,DY-NA,Washington,DC,"Washington, DC",Washington,DC,FMMOS,FMMOS - non-mars,01/21/2026 11:39:00,2025,2025-MAR,303,component,lmprs,
Dec,2025,,Northeast,1.0,"27,624",Producer Milk Components,AMS_3462,3462,Dairy FMMOS,DY-NA,Washington,DC,"Washington, DC",Washington,DC,FMMOS,FMMOS - non-mars,01/21/2026 11:39:00,2025,2025-MAR,"2,398",component,lmprs,
Dec,2025,,Mideast,33.0,"20,705",Producer Milk Components,AMS_3462,3462,Dairy FMMOS,DY-NA,Washington,DC,"Washington, DC",Washington,DC,FMMOS,FMMOS - non-mars,01/21/2026 11:39:00,2025,2025-MAR,"1,775",component,lmprs,
Dec,2025,,Central,32.0,"13,960",Producer Milk Components,AMS_3462,3462,Dairy FMMOS,DY-NA,Washington,DC,"Washington, DC",Washington,DC,FMMOS,FMMOS - non-mars,01/21/2026 11:39:00,2025,2025-MAR,"1,401",component,lmprs,
Dec,2025,,Florida,6.0,"2,511",Producer Milk Components,AMS_3462,3462,Dairy FMMOS,DY-NA,Washington,DC,"Washington, DC",Washington,DC,FMMOS,FMMOS - non-mars,01/21/2026 11:39:00,2025,2025-MAR,222,component,lmprs,
Dec,2025,,California,51.0,"26,675",Producer Milk Components,AMS_3462,3462,Dairy FMMOS,DY-NA,Washington,DC,"Washington, DC",Washington,DC,FMMOS,FMMOS - non-mars,01/21/2026 11:39:00,2025,2025-MAR,"3,081",component,lmprs,
Dec,2025,,Arizona,131.0,"4,224",Producer Milk Components,AMS_3462,3462,Dairy FMMOS,DY-NA,Washington,DC,"Washington, DC",Washington,DC,FMMOS,FMMOS - non-mars,01/21/2026 11:39:00,2025,2025-MAR,427,component,lmprs,
Dec,2025,,Appalachian,5.0,"5,088",Producer Milk Components,AMS_3462,3462,Dairy FMMOS,DY-NA,Washington,DC,"Washington, DC",Washington,DC,FMMOS,FMMOS - non-mars,01/21/2026 11:39:00,2025,2025-MAR,450,component,lmprs,
Dec,2025,,All Markets Combined,,"148,750",Producer Milk Components,AMS_3462,3462,Dairy FMMOS,DY-NA,Washington,DC,"Washington, DC",Washington,DC,FMMOS,FMMOS - non-mars,01/21/2026 11:39:00,2025,2025-MAR,"14,807",component,lmprs,
Dec,2025,,Upper Midwest,30.0,"24,808",Producer Milk Components,AMS_3462,3462,Dairy FMMOS,DY-NA,Washington,DC,"Washington, DC",Washington,DC,FMMOS,FMMOS - non-mars,01/21/2026 11:39:00,2025,2025-MAR,"2,627",component,lmprs,
Mar,2026,,Upper Midwest,30.0,"5,226",Producer Milk Components,AMS_3462,3462,Dairy FMMOS,DY-NA,Washington,DC,"Washington, DC",Washington,DC,FMMOS,FMMOS - non-mars,04/21/2026 05:48:00,2026,2026-MAR,"2,233",component,lmprs,
Mar,2026,,All Markets Combined,,"35,299",Producer Milk Components,AMS_3462,3462,Dairy FMMOS,DY-NA,Washington,DC,"Washington, DC",Washington,DC,FMMOS,FMMOS - non-mars,04/21/2026 05:48:00,2026,2026-MAR,"12,452",component,lmprs,
Mar,2026,,Appalachian,5.0,"1,271",Producer Milk Components,AMS_3462,3462,Dairy FMMOS,DY-NA,Washington,DC,"Washington, DC",Washington,DC,FMMOS,FMMOS - non-mars,04/21/2026 05:48:00,2026,2026-MAR,439,component,lmprs,
Mar,2026,,Arizona,131.0,"1,072",Producer Milk Components,AMS_3462,3462,Dairy FMMOS,DY-NA,Washington,DC,"Washington, DC",Washington,DC,FMMOS,FMMOS - non-mars,04/21/2026 05:48:00,2026,2026-MAR,334,component,lmprs,
Mar,2026,,California,51.0,"5,543",Producer Milk Components,AMS_3462,3462,Dairy FMMOS,DY-NA,Washington,DC,"Washington, DC",Washington,DC,FMMOS,FMMOS - non-mars,04/21/2026 05:48:00,2026,2026-MAR,"1,820",component,lmprs,
Mar,2026,,Florida,6.0,674,Producer Milk Components,AMS_3462,3462,Dairy FMMOS,DY-NA,Washington,DC,"Washington, DC",Washington,DC,FMMOS,FMMOS - non-mars,04/21/2026 05:48:00,2026,2026-MAR,226,component,lmprs,
Mar,2026,,Central,32.0,"3,511",Producer Milk Components,AMS_3462,3462,Dairy FMMOS,DY-NA,Washington,DC,"Washington, DC",Washington,DC,FMMOS,FMMOS - non-mars,04/21/2026 05:48:00,2026,2026-MAR,"1,242",component,lmprs,
Mar,2026,,Mideast,33.0,"5,415",Producer Milk Components,AMS_3462,3462,Dairy FMMOS,DY-NA,Washington,DC,"Washington, DC",Washington,DC,FMMOS,FMMOS - non-mars,04/21/2026 05:48:00,2026,2026-MAR,"1,756",component,lmprs,
Mar,2026,,Northeast,1.0,"6,894",Producer Milk Components,AMS_3462,3462,Dairy FMMOS,DY-NA,Washington,DC,"Washington, DC",Washington,DC,FMMOS,FMMOS - non-mars,04/21/2026 05:48:00,2026,2026-MAR,"2,417",component,lmprs,
Mar,2026,,Southeast,7.0,823,Producer Milk Components,AMS_3462,3462,Dairy FMMOS,DY-NA,Washington,DC,"Washington, DC",Washington,DC,FMMOS,FMMOS - non-mars,04/21/2026 05:48:00,2026,2026-MAR,301,component,lmprs,
Mar,2026,,Pacific Northwest,124.0,"1,132",Producer Milk Components,AMS_3462,3462,Dairy FMMOS,DY-NA,Washington,DC,"Washington, DC",Washington,DC,FMMOS,FMMOS - non-mars,04/21/2026 05:48:00,2026,2026-MAR,391,component,lmprs,
Mar,2026,,Southwest,126.0,"3,738",Producer Milk Components,AMS_3462,3462,Dairy FMMOS,DY-NA,Washington,DC,"Washington, DC",Washington,DC,FMMOS,FMMOS - non-mars,04/21/2026 05:48:00,2026,2026-MAR,"1,294",component,lmprs,
Dec,2000,,All Markets Combined,,"116,923",Producer Milk Components,AMS_3462,3462,Dairy FMMOS,DY-NA,Washington,DC,"Washington, DC",Washington,DC,FMMOS,FMMOS - non-mars,04/09/2021 07:48:00,2000,2000-APR,"10,111",component,lmprs,
Dec,2000,,Appalachian,5.0,"6,318",Producer Milk Components,AMS_3462,3462,Dairy FMMOS,DY-NA,Washington,DC,"Washington, DC",Washington,DC,FMMOS,FMMOS - non-mars,04/09/2021 07:48:00,2000,2000-APR,566,component,lmprs,
Dec,2000,,Arizona,131.0,"3,110",Producer Milk Components,AMS_3462,3462,Dairy FMMOS,DY-NA,Washington,DC,"Washington, DC",Washington,DC,FMMOS,FMMOS - non-mars,04/09/2021 07:48:00,2000,2000-APR,289,component,lmprs,
Dec,2000,,Central,32.0,"16,036",Producer Milk Components,AMS_3462,3462,Dairy FMMOS,DY-NA,Washington,DC,"Washington, DC",Washington,DC,FMMOS,FMMOS - non-mars,04/09/2021 07:48:00,2000,2000-APR,"1,341",component,lmprs,
Dec,2000,,Florida,6.0,"2,867",Producer Milk Components,AMS_3462,3462,Dairy FMMOS,DY-NA,Washington,DC,"Washington, DC",Washington,DC,FMMOS,FMMOS - non-mars,04/09/2021 07:48:00,2000,2000-APR,259,component,lmprs,
Dec,2000,,Mideast,33.0,"14,181",Producer Milk Components,AMS_3462,3462,Dairy FMMOS,DY-NA,Washington,DC,"Washington, DC",Washington,DC,FMMOS,FMMOS - non-mars,04/09/2021 07:48:00,2000,2000-APR,"1,105",component,lmprs,
Dec,2000,,Northeast,1.0,"23,972",Producer Milk Components,AMS_3462,3462,Dairy FMMOS,DY-NA,Washington,DC,"Washington, DC",Washington,DC,FMMOS,FMMOS - non-mars,04/09/2021 07:48:00,2000,2000-APR,"2,091",component,lmprs,
Dec,2000,,Pacific Northwest,124.0,"6,776",Producer Milk Components,AMS_3462,3462,Dairy FMMOS,DY-NA,Washington,DC,"Washington, DC",Washington,DC,FMMOS,FMMOS - non-mars,04/09/2021 07:48:00,2000,2000-APR,586,component,lmprs,
Dec,2000,,Southeast,7.0,"7,487",Producer Milk Components,AMS_3462,3462,Dairy FMMOS,DY-NA,Washington,DC,"Washington, DC",Washington,DC,FMMOS,FMMOS - non-mars,04/09/2021 07:48:00,2000,2000-APR,671,component,lmprs,
Dec,2000,,Southwest,126.0,"8,713",Producer Milk Components,AMS_3462,3462,Dairy FMMOS,DY-NA,Washington,DC,"Washington, DC",Washington,DC,FMMOS,FMMOS - non-mars,04/09/2021 07:48:00,2000,2000-APR,742,component,lmprs,
Dec,2000,,Upper Midwest,30.0,"23,415",Producer Milk Components,AMS_3462,3462,Dairy FMMOS,DY-NA,Washington,DC,"Washington, DC",Washington,DC,FMMOS,FMMOS - non-mars,04/09/2021 07:48:00,2000,2000-APR,"2,069",component,lmprs,
Dec,2000,,Western,135.0,"4,048",Producer Milk Components,AMS_3462,3462,Dairy FMMOS,DY-NA,Washington,DC,"Washington, DC",Washington,DC,FMMOS,FMMOS - non-mars,04/09/2021 07:48:00,2000,2000-APR,392,component,lmprs,
Dec,2001,,Western,135.0,"4,677",Producer Milk Components,AMS_3462,3462,Dairy FMMOS,DY-NA,Washington,DC,"Washington, DC",Washington,DC,FMMOS,FMMOS - non-mars,04/09/2021 07:46:00,2001,2001-APR,339,component,lmprs,
Dec,2001,,Upper Midwest,30.0,"20,062",Producer Milk Components,AMS_3462,3462,Dairy FMMOS,DY-NA,Washington,DC,"Washington, DC",Washington,DC,FMMOS,FMMOS - non-mars,04/09/2021 07:46:00,2001,2001-APR,"1,687",component,lmprs,
Dec,2001,,Southwest,126.0,"8,604",Producer Milk Components,AMS_3462,3462,Dairy FMMOS,DY-NA,Washington,DC,"Washington, DC",Washington,DC,FMMOS,FMMOS - non-mars,04/09/2021 07:46:00,2001,2001-APR,681,component,lmprs,
Dec,2001,,Southeast,7.0,"7,769",Producer Milk Components,AMS_3462,3462,Dairy FMMOS,DY-NA,Washington,DC,"Washington, DC",Washington,DC,FMMOS,FMMOS - non-mars,04/09/2021 07:46:00,2001,2001-APR,704,component,lmprs,
Dec,2001,,Pacific Northwest,124.0,"7,088",Producer Milk Components,AMS_3462,3462,Dairy FMMOS,DY-NA,Washington,DC,"Washington, DC",Washington,DC,FMMOS,FMMOS - non-mars,04/09/2021 07:46:00,2001,2001-APR,525,component,lmprs,
Dec,2001,,Northeast,1.0,"24,557",Producer Milk Components,AMS_3462,3462,Dairy FMMOS,DY-NA,Washington,DC,"Washington, DC",Washington,DC,FMMOS,FMMOS - non-mars,04/09/2021 07:46:00,2001,2001-APR,"2,049",component,lmprs,
Dec,2001,,Mideast,33.0,"17,229",Producer Milk Components,AMS_3462,3462,Dairy FMMOS,DY-NA,Washington,DC,"Washington, DC",Washington,DC,FMMOS,FMMOS - non-mars,04/09/2021 07:46:00,2001,2001-APR,"1,306",component,lmprs,
Dec,2001,,Florida,6.0,"2,772",Producer Milk Components,AMS_3462,3462,Dairy FMMOS,DY-NA,Washington,DC,"Washington, DC",Washington,DC,FMMOS,FMMOS - non-mars,04/09/2021 07:46:00,2001,2001-APR,241,component,lmprs,
Dec,2001,,Central,32.0,"17,836",Producer Milk Components,AMS_3462,3462,Dairy FMMOS,DY-NA,Washington,DC,"Washington, DC",Washington,DC,FMMOS,FMMOS - non-mars,04/09/2021 07:46:00,2001,2001-APR,"1,517",component,lmprs,
Dec,2001,,Arizona,131.0,"2,956",Producer Milk Components,AMS_3462,3462,Dairy FMMOS,DY-NA,Washington,DC,"Washington, DC",Washington,DC,FMMOS,FMMOS - non-mars,04/09/2021 07:46:00,2001,2001-APR,267,component,lmprs,
Dec,2001,,Appalachian,5.0,"6,673",Producer Milk Components,AMS_3462,3462,Dairy FMMOS,DY-NA,Washington,DC,"Washington, DC",Washington,DC,FMMOS,FMMOS - non-mars,04/09/2021 07:46:00,2001,2001-APR,618,component,lmprs,
Dec,2001,,All Markets Combined,,"120,223",Producer Milk Components,AMS_3462,3462,Dairy FMMOS,DY-NA,Washington,DC,"Washington, DC",Washington,DC,FMMOS,FMMOS - non-mars,04/09/2021 07:46:00,2001,2001-APR,"9,933",component,lmprs,
Dec,2002,,All Markets Combined,,"125,546",Producer Milk Components,AMS_3462,3462,Dairy FMMOS,DY-NA,Washington,DC,"Washington, DC",Washington,DC,FMMOS,FMMOS - non-mars,04/09/2021 07:46:00,2002,2002-APR,"11,035",component,lmprs,
Dec,2002,,Appalachian,5.0,"6,706",Producer Milk Components,AMS_3462,3462,Dairy FMMOS,DY-NA,Washington,DC,"Washington, DC",Washington,DC,FMMOS,FMMOS - non-mars,04/09/2021 07:46:00,2002,2002-APR,614,component,lmprs,
Dec,2002,,Arizona,131.0,"3,027",Producer Milk Components,AMS_3462,3462,Dairy FMMOS,DY-NA,Washington,DC,"Washington, DC",Washington,DC,FMMOS,FMMOS - non-mars,04/09/2021 07:46:00,2002,2002-APR,279,component,lmprs,
Dec,2002,,Central,32.0,"18,700",Producer Milk Components,AMS_3462,3462,Dairy FMMOS,DY-NA,Washington,DC,"Washington, DC",Washington,DC,FMMOS,FMMOS - non-mars,04/09/2021 07:46:00,2002,2002-APR,"1,558",component,lmprs,
Dec,2002,,Florida,6.0,"2,693",Producer Milk Components,AMS_3462,3462,Dairy FMMOS,DY-NA,Washington,DC,"Washington, DC",Washington,DC,FMMOS,FMMOS - non-mars,04/09/2021 07:46:00,2002,2002-APR,241,component,lmprs,
Dec,2002,,Mideast,33.0,"17,739",Producer Milk Components,AMS_3462,3462,Dairy FMMOS,DY-NA,Washington,DC,"Washington, DC",Washington,DC,FMMOS,FMMOS - non-mars,04/09/2021 07:46:00,2002,2002-APR,"1,557",component,lmprs,
Dec,2002,,Northeast,1.0,"25,358",Producer Milk Components,AMS_3462,3462,Dairy FMMOS,DY-NA,Washington,DC,"Washington, DC",Washington,DC,FMMOS,FMMOS - non-mars,04/09/2021 07:46:00,2002,2002-APR,"2,241",component,lmprs,
Dec,2002,,Pacific Northwest,124.0,"7,824",Producer Milk Components,AMS_3462,3462,Dairy FMMOS,DY-NA,Washington,DC,"Washington, DC",Washington,DC,FMMOS,FMMOS - non-mars,04/09/2021 07:46:00,2002,2002-APR,658,component,lmprs,
Dec,2002,,Southeast,7.0,"7,927",Producer Milk Components,AMS_3462,3462,Dairy FMMOS,DY-NA,Washington,DC,"Washington, DC",Washington,DC,FMMOS,FMMOS - non-mars,04/09/2021 07:46:00,2002,2002-APR,733,component,lmprs,
Dec,2002,,Southwest,126.0,"9,714",Producer Milk Components,AMS_3462,3462,Dairy FMMOS,DY-NA,Washington,DC,"Washington, DC",Washington,DC,FMMOS,FMMOS - non-mars,04/09/2021 07:46:00,2002,2002-APR,878,component,lmprs,
Dec,2002,,Upper Midwest,30.0,"20,307",Producer Milk Components,AMS_3462,3462,Dairy FMMOS,DY-NA,Washington,DC,"Washington, DC",Washington,DC,FMMOS,FMMOS - non-mars,04/09/2021 07:46:00,2002,2002-APR,"1,779",component,lmprs,
Dec,2002,,Western,135.0,"5,552",Producer Milk Components,AMS_3462,3462,Dairy FMMOS,DY-NA,Washington,DC,"Washington, DC",Washington,DC,FMMOS,FMMOS - non-mars,04/09/2021 07:46:00,2002,2002-APR,495,component,lmprs,
Dec,2003,,Western,135.0,"4,573",Producer Milk Components,AMS_3462,3462,Dairy FMMOS,DY-NA,Washington,DC,"Washington, DC",Washington,DC,FMMOS,FMMOS - non-mars,04/09/2021 07:46:00,2003,2003-APR,564,component,lmprs,
Dec,2003,,Upper Midwest,30.0,"17,018",Producer Milk Components,AMS_3462,3462,Dairy FMMOS,DY-NA,Washington,DC,"Washington, DC",Washington,DC,FMMOS,FMMOS - non-mars,04/09/2021 07:46:00,2003,2003-APR,"1,863",component,lmprs,
Dec,2003,,Southwest,126.0,"9,174",Producer Milk Components,AMS_3462,3462,Dairy FMMOS,DY-NA,Washington,DC,"Washington, DC",Washington,DC,FMMOS,FMMOS - non-mars,04/09/2021 07:46:00,2003,2003-APR,933,component,lmprs,
Dec,2003,,Southeast,7.0,"7,071",Producer Milk Components,AMS_3462,3462,Dairy FMMOS,DY-NA,Washington,DC,"Washington, DC",Washington,DC,FMMOS,FMMOS - non-mars,04/09/2021 07:46:00,2003,2003-APR,636,component,lmprs,
Dec,2003,,Northeast,1.0,"24,038",Producer Milk Components,AMS_3462,3462,Dairy FMMOS,DY-NA,Washington,DC,"Washington, DC",Washington,DC,FMMOS,FMMOS - non-mars,04/09/2021 07:46:00,2003,2003-APR,"2,109",component,lmprs,
Dec,2003,,Pacific Northwest,124.0,"6,336",Producer Milk Components,AMS_3462,3462,Dairy FMMOS,DY-NA,Washington,DC,"Washington, DC",Washington,DC,FMMOS,FMMOS - non-mars,04/09/2021 07:46:00,2003,2003-APR,626,component,lmprs,
Dec,2003,,Mideast,33.0,"15,750",Producer Milk Components,AMS_3462,3462,Dairy FMMOS,DY-NA,Washington,DC,"Washington, DC",Washington,DC,FMMOS,FMMOS - non-mars,04/09/2021 07:46:00,2003,2003-APR,"1,473",component,lmprs,
Dec,2003,,Florida,6.0,"2,833",Producer Milk Components,AMS_3462,3462,Dairy FMMOS,DY-NA,Washington,DC,"Washington, DC",Washington,DC,FMMOS,FMMOS - non-mars,04/09/2021 07:46:00,2003,2003-APR,269,component,lmprs,
Dec,2003,,Arizona,131.0,"3,061",Producer Milk Components,AMS_3462,3462,Dairy FMMOS,DY-NA,Washington,DC,"Washington, DC",Washington,DC,FMMOS,FMMOS - non-mars,04/09/2021 07:46:00,2003,2003-APR,280,component,lmprs,
Dec,2003,,Central,32.0,"14,411",Producer Milk Components,AMS_3462,3462,Dairy FMMOS,DY-NA,Washington,DC,"Washington, DC",Washington,DC,FMMOS,FMMOS - non-mars,04/09/2021 07:46:00,2003,2003-APR,"1,463",component,lmprs,
Dec,2003,,Appalachian,5.0,"6,315",Producer Milk Components,AMS_3462,3462,Dairy FMMOS,DY-NA,Washington,DC,"Washington, DC",Washington,DC,FMMOS,FMMOS - non-mars,04/09/2021 07:46:00,2003,2003-APR,552,component,lmprs,
Dec,2003,,All Markets Combined,,"110,581",Producer Milk Components,AMS_3462,3462,Dairy FMMOS,DY-NA,Washington,DC,"Washington, DC",Washington,DC,FMMOS,FMMOS - non-mars,04/09/2021 07:46:00,2003,2003-APR,"10,768",component,lmprs,
Dec,2004,,All Markets Combined,,"103,047",Producer Milk Components,AMS_3462,3462,Dairy FMMOS,DY-NA,Washington,DC,"Washington, DC",Washington,DC,FMMOS,FMMOS - non-mars,04/09/2021 07:44:00,2004,2004-APR,"6,520",component,lmprs,
Dec,2004,,Appalachian,5.0,"6,203",Producer Milk Components,AMS_3462,3462,Dairy FMMOS,DY-NA,Washington,DC,"Washington, DC",Washington,DC,FMMOS,FMMOS - non-mars,04/09/2021 07:44:00,2004,2004-APR,482,component,lmprs,
Dec,2004,,Central,32.0,"11,589",Producer Milk Components,AMS_3462,3462,Dairy FMMOS,DY-NA,Washington,DC,"Washington, DC",Washington,DC,FMMOS,FMMOS - non-mars,04/09/2021 07:44:00,2004,2004-APR,612,component,lmprs,
Dec,2004,,Arizona,131.0,"2,901",Producer Milk Components,AMS_3462,3462,Dairy FMMOS,DY-NA,Washington,DC,"Washington, DC",Washington,DC,FMMOS,FMMOS - non-mars,04/09/2021 07:44:00,2004,2004-APR,253,component,lmprs,
Dec,2004,,Florida,6.0,"2,873",Producer Milk Components,AMS_3462,3462,Dairy FMMOS,DY-NA,Washington,DC,"Washington, DC",Washington,DC,FMMOS,FMMOS - non-mars,04/09/2021 07:44:00,2004,2004-APR,240,component,lmprs,
Dec,2004,,Mideast,33.0,"15,940",Producer Milk Components,AMS_3462,3462,Dairy FMMOS,DY-NA,Washington,DC,"Washington, DC",Washington,DC,FMMOS,FMMOS - non-mars,04/09/2021 07:44:00,2004,2004-APR,873,component,lmprs,
Dec,2004,,Pacific Northwest,124.0,"6,518",Producer Milk Components,AMS_3462,3462,Dairy FMMOS,DY-NA,Washington,DC,"Washington, DC",Washington,DC,FMMOS,FMMOS - non-mars,04/09/2021 07:44:00,2004,2004-APR,414,component,lmprs,
Dec,2004,,Northeast,1.0,"22,670",Producer Milk Components,AMS_3462,3462,Dairy FMMOS,DY-NA,Washington,DC,"Washington, DC",Washington,DC,FMMOS,FMMOS - non-mars,04/09/2021 07:44:00,2004,2004-APR,"1,841",component,lmprs,
Dec,2004,,Southeast,7.0,"7,164",Producer Milk Components,AMS_3462,3462,Dairy FMMOS,DY-NA,Washington,DC,"Washington, DC",Washington,DC,FMMOS,FMMOS - non-mars,04/09/2021 07:44:00,2004,2004-APR,562,component,lmprs,
Dec,2004,,Southwest,126.0,"8,790",Producer Milk Components,AMS_3462,3462,Dairy FMMOS,DY-NA,Washington,DC,"Washington, DC",Washington,DC,FMMOS,FMMOS - non-mars,04/09/2021 07:44:00,2004,2004-APR,634,component,lmprs,
Dec,2004,,Upper Midwest,30.0,"17,302",Producer Milk Components,AMS_3462,3462,Dairy FMMOS,DY-NA,Washington,DC,"Washington, DC",Washington,DC,FMMOS,FMMOS - non-mars,04/09/2021 07:44:00,2004,2004-APR,608,component,lmprs,
Dec,2004,,Western,135.0,"1,096",Producer Milk Components,AMS_3462,3462,Dairy FMMOS,DY-NA,Washington,DC,"Washington, DC",Washington,DC,FMMOS,FMMOS - non-mars,04/09/2021 07:44:00,2004,2004-APR,,component,lmprs,
Dec,2005,,Upper Midwest,30.0,"22,450",Producer Milk Components,AMS_3462,3462,Dairy FMMOS,DY-NA,Washington,DC,"Washington, DC",Washington,DC,FMMOS,FMMOS - non-mars,03/30/2021 14:16:00,2005,2005-APR,689,component,lmprs,
Dec,2005,,Southwest,126.0,"9,579",Producer Milk Components,AMS_3462,3462,Dairy FMMOS,DY-NA,Washington,DC,"Washington, DC",Washington,DC,FMMOS,FMMOS - non-mars,03/30/2021 14:16:00,2005,2005-APR,715,component,lmprs,
Dec,2005,,Southeast,7.0,"7,544",Producer Milk Components,AMS_3462,3462,Dairy FMMOS,DY-NA,Washington,DC,"Washington, DC",Washington,DC,FMMOS,FMMOS - non-mars,03/30/2021 14:16:00,2005,2005-APR,692,component,lmprs,
Dec,2005,,Northeast,1.0,"23,565",Producer Milk Components,AMS_3462,3462,Dairy FMMOS,DY-NA,Washington,DC,"Washington, DC",Washington,DC,FMMOS,FMMOS - non-mars,03/30/2021 14:16:00,2005,2005-APR,"2,009",component,lmprs,
Dec,2005,,Pacific Northwest,124.0,"7,046",Producer Milk Components,AMS_3462,3462,Dairy FMMOS,DY-NA,Washington,DC,"Washington, DC",Washington,DC,FMMOS,FMMOS - non-mars,03/30/2021 14:16:00,2005,2005-APR,453,component,lmprs,
Dec,2005,,Mideast,33.0,"18,060",Producer Milk Components,AMS_3462,3462,Dairy FMMOS,DY-NA,Washington,DC,"Washington, DC",Washington,DC,FMMOS,FMMOS - non-mars,03/30/2021 14:16:00,2005,2005-APR,"1,469",component,lmprs,
Dec,2005,,Florida,6.0,"3,125",Producer Milk Components,AMS_3462,3462,Dairy FMMOS,DY-NA,Washington,DC,"Washington, DC",Washington,DC,FMMOS,FMMOS - non-mars,03/30/2021 14:16:00,2005,2005-APR,284,component,lmprs,
Dec,2005,,Central,32.0,"13,966",Producer Milk Components,AMS_3462,3462,Dairy FMMOS,DY-NA,Washington,DC,"Washington, DC",Washington,DC,FMMOS,FMMOS - non-mars,03/30/2021 14:16:00,2005,2005-APR,769,component,lmprs,
Dec,2005,,Appalachian,5.0,"6,400",Producer Milk Components,AMS_3462,3462,Dairy FMMOS,DY-NA,Washington,DC,"Washington, DC",Washington,DC,FMMOS,FMMOS - non-mars,03/30/2021 14:16:00,2005,2005-APR,582,component,lmprs,
Dec,2005,,Arizona,131.0,"2,948",Producer Milk Components,AMS_3462,3462,Dairy FMMOS,DY-NA,Washington,DC,"Washington, DC",Washington,DC,FMMOS,FMMOS - non-mars,03/30/2021 14:16:00,2005,2005-APR,269,component,lmprs,
Dec,2005,,All Markets Combined,,"114,682",Producer Milk Components,AMS_3462,3462,Dairy FMMOS,DY-NA,Washington,DC,"Washington, DC",Washington,DC,FMMOS,FMMOS - non-mars,03/30/2021 14:16:00,2005,2005-APR,"7,930",component,lmprs,
Dec,2006,,All Markets Combined,,"120,618",Producer Milk Components,AMS_3462,3462,Dairy FMMOS,DY-NA,Washington,DC,"Washington, DC",Washington,DC,FMMOS,FMMOS - non-mars,03/30/2021 14:16:00,2006,2006-APR,"10,568",component,lmprs,
Dec,2006,,Arizona,131.0,"3,383",Producer Milk Components,AMS_3462,3462,Dairy FMMOS,DY-NA,Washington,DC,"Washington, DC",Washington,DC,FMMOS,FMMOS - non-mars,03/30/2021 14:16:00,2006,2006-APR,302,component,lmprs,
Dec,2006,,Appalachian,5.0,"6,243",Producer Milk Components,AMS_3462,3462,Dairy FMMOS,DY-NA,Washington,DC,"Washington, DC",Washington,DC,FMMOS,FMMOS - non-mars,03/30/2021 14:16:00,2006,2006-APR,575,component,lmprs,
Dec,2006,,Central,32.0,"13,917",Producer Milk Components,AMS_3462,3462,Dairy FMMOS,DY-NA,Washington,DC,"Washington, DC",Washington,DC,FMMOS,FMMOS - non-mars,03/30/2021 14:16:00,2006,2006-APR,"1,332",component,lmprs,
Dec,2006,,Florida,6.0,"3,126",Producer Milk Components,AMS_3462,3462,Dairy FMMOS,DY-NA,Washington,DC,"Washington, DC",Washington,DC,FMMOS,FMMOS - non-mars,03/30/2021 14:16:00,2006,2006-APR,279,component,lmprs,
Dec,2006,,Mideast,33.0,"17,189",Producer Milk Components,AMS_3462,3462,Dairy FMMOS,DY-NA,Washington,DC,"Washington, DC",Washington,DC,FMMOS,FMMOS - non-mars,03/30/2021 14:16:00,2006,2006-APR,"1,513",component,lmprs,
Dec,2006,,Pacific Northwest,124.0,"7,570",Producer Milk Components,AMS_3462,3462,Dairy FMMOS,DY-NA,Washington,DC,"Washington, DC",Washington,DC,FMMOS,FMMOS - non-mars,03/30/2021 14:16:00,2006,2006-APR,688,component,lmprs,
Dec,2006,,Northeast,1.0,"22,680",Producer Milk Components,AMS_3462,3462,Dairy FMMOS,DY-NA,Washington,DC,"Washington, DC",Washington,DC,FMMOS,FMMOS - non-mars,03/30/2021 14:16:00,2006,2006-APR,"2,003",component,lmprs,
Dec,2006,,Southeast,7.0,"8,055",Producer Milk Components,AMS_3462,3462,Dairy FMMOS,DY-NA,Washington,DC,"Washington, DC",Washington,DC,FMMOS,FMMOS - non-mars,03/30/2021 14:16:00,2006,2006-APR,744,component,lmprs,
Dec,2006,,Southwest,126.0,"11,600",Producer Milk Components,AMS_3462,3462,Dairy FMMOS,DY-NA,Washington,DC,"Washington, DC",Washington,DC,FMMOS,FMMOS - non-mars,03/30/2021 14:16:00,2006,2006-APR,944,component,lmprs,
Dec,2006,,Upper Midwest,30.0,"26,855",Producer Milk Components,AMS_3462,3462,Dairy FMMOS,DY-NA,Washington,DC,"Washington, DC",Washington,DC,FMMOS,FMMOS - non-mars,03/30/2021 14:16:00,2006,2006-APR,"2,188",component,lmprs,
Dec,2007,,Upper Midwest,30.0,"26,490",Producer Milk Components,AMS_3462,3462,Dairy FMMOS,DY-NA,Washington,DC,"Washington, DC",Washington,DC,FMMOS,FMMOS - non-mars,03/30/2021 14:16:00,2007,2007-APR,"1,933",component,lmprs,
Dec,2007,,Southwest,126.0,"9,990",Producer Milk Components,AMS_3462,3462,Dairy FMMOS,DY-NA,Washington,DC,"Washington, DC",Washington,DC,FMMOS,FMMOS - non-mars,03/30/2021 14:16:00,2007,2007-APR,"1,009",component,lmprs,
Dec,2007,,Southeast,7.0,"7,521",Producer Milk Components,AMS_3462,3462,Dairy FMMOS,DY-NA,Washington,DC,"Washington, DC",Washington,DC,FMMOS,FMMOS - non-mars,03/30/2021 14:16:00,2007,2007-APR,707,component,lmprs,
Dec,2007,,Northeast,1.0,"23,040",Producer Milk Components,AMS_3462,3462,Dairy FMMOS,DY-NA,Washington,DC,"Washington, DC",Washington,DC,FMMOS,FMMOS - non-mars,03/30/2021 14:16:00,2007,2007-APR,"1,901",component,lmprs,
Dec,2007,,Pacific Northwest,124.0,"7,036",Producer Milk Components,AMS_3462,3462,Dairy FMMOS,DY-NA,Washington,DC,"Washington, DC",Washington,DC,FMMOS,FMMOS - non-mars,03/30/2021 14:16:00,2007,2007-APR,575,component,lmprs,
Dec,2007,,Mideast,33.0,"16,268",Producer Milk Components,AMS_3462,3462,Dairy FMMOS,DY-NA,Washington,DC,"Washington, DC",Washington,DC,FMMOS,FMMOS - non-mars,03/30/2021 14:16:00,2007,2007-APR,"1,416",component,lmprs,
Dec,2007,,Florida,6.0,"3,207",Producer Milk Components,AMS_3462,3462,Dairy FMMOS,DY-NA,Washington,DC,"Washington, DC",Washington,DC,FMMOS,FMMOS - non-mars,03/30/2021 14:16:00,2007,2007-APR,293,component,lmprs,
Dec,2007,,Central,32.0,"11,193",Producer Milk Components,AMS_3462,3462,Dairy FMMOS,DY-NA,Washington,DC,"Washington, DC",Washington,DC,FMMOS,FMMOS - non-mars,03/30/2021 14:16:00,2007,2007-APR,909,component,lmprs,
Dec,2007,,Appalachian,5.0,"5,865",Producer Milk Components,AMS_3462,3462,Dairy FMMOS,DY-NA,Washington,DC,"Washington, DC",Washington,DC,FMMOS,FMMOS - non-mars,03/30/2021 14:16:00,2007,2007-APR,514,component,lmprs,
Dec,2007,,Arizona,131.0,"3,799",Producer Milk Components,AMS_3462,3462,Dairy FMMOS,DY-NA,Washington,DC,"Washington, DC",Washington,DC,FMMOS,FMMOS - non-mars,03/30/2021 14:16:00,2007,2007-APR,342,component,lmprs,
Dec,2007,,All Markets Combined,,"114,407",Producer Milk Components,AMS_3462,3462,Dairy FMMOS,DY-NA,Washington,DC,"Washington, DC",Washington,DC,FMMOS,FMMOS - non-mars,03/30/2021 14:16:00,2007,2007-APR,"9,600",component,lmprs,
Dec,2008,,All Markets Combined,,"115,867",Producer Milk Components,AMS_3462,3462,Dairy FMMOS,DY-NA,Washington,DC,"Washington, DC",Washington,DC,FMMOS,FMMOS - non-mars,03/30/2021 14:15:00,2008,2008-APR,"10,582",component,lmprs,
Dec,2008,,Arizona,131.0,"4,156",Producer Milk Components,AMS_3462,3462,Dairy FMMOS,DY-NA,Washington,DC,"Washington, DC",Washington,DC,FMMOS,FMMOS - non-mars,03/30/2021 14:15:00,2008,2008-APR,373,component,lmprs,
Dec,2008,,Appalachian,5.0,"5,882",Producer Milk Components,AMS_3462,3462,Dairy FMMOS,DY-NA,Washington,DC,"Washington, DC",Washington,DC,FMMOS,FMMOS - non-mars,03/30/2021 14:15:00,2008,2008-APR,489,component,lmprs,
Dec,2008,,Central,32.0,"11,564",Producer Milk Components,AMS_3462,3462,Dairy FMMOS,DY-NA,Washington,DC,"Washington, DC",Washington,DC,FMMOS,FMMOS - non-mars,03/30/2021 14:15:00,2008,2008-APR,"1,031",component,lmprs,
Dec,2008,,Florida,6.0,"3,130",Producer Milk Components,AMS_3462,3462,Dairy FMMOS,DY-NA,Washington,DC,"Washington, DC",Washington,DC,FMMOS,FMMOS - non-mars,03/30/2021 14:15:00,2008,2008-APR,270,component,lmprs,
Dec,2008,,Mideast,33.0,"15,707",Producer Milk Components,AMS_3462,3462,Dairy FMMOS,DY-NA,Washington,DC,"Washington, DC",Washington,DC,FMMOS,FMMOS - non-mars,03/30/2021 14:15:00,2008,2008-APR,"1,444",component,lmprs,
Dec,2008,,Pacific Northwest,124.0,"6,882",Producer Milk Components,AMS_3462,3462,Dairy FMMOS,DY-NA,Washington,DC,"Washington, DC",Washington,DC,FMMOS,FMMOS - non-mars,03/30/2021 14:15:00,2008,2008-APR,646,component,lmprs,
Dec,2008,,Northeast,1.0,"23,895",Producer Milk Components,AMS_3462,3462,Dairy FMMOS,DY-NA,Washington,DC,"Washington, DC",Washington,DC,FMMOS,FMMOS - non-mars,03/30/2021 14:15:00,2008,2008-APR,"2,122",component,lmprs,
Dec,2008,,Southeast,7.0,"6,923",Producer Milk Components,AMS_3462,3462,Dairy FMMOS,DY-NA,Washington,DC,"Washington, DC",Washington,DC,FMMOS,FMMOS - non-mars,03/30/2021 14:15:00,2008,2008-APR,609,component,lmprs,
Dec,2008,,Southwest,126.0,"9,687",Producer Milk Components,AMS_3462,3462,Dairy FMMOS,DY-NA,Washington,DC,"Washington, DC",Washington,DC,FMMOS,FMMOS - non-mars,03/30/2021 14:15:00,2008,2008-APR,"1,088",component,lmprs,
Dec,2008,,Upper Midwest,30.0,"28,041",Producer Milk Components,AMS_3462,3462,Dairy FMMOS,DY-NA,Washington,DC,"Washington, DC",Washington,DC,FMMOS,FMMOS - non-mars,03/30/2021 14:15:00,2008,2008-APR,"2,513",component,lmprs,
Dec,2009,,Upper Midwest,30.0,"32,184",Producer Milk Components,AMS_3462,3462,Dairy FMMOS,DY-NA,Washington,DC,"Washington, DC",Washington,DC,FMMOS,FMMOS - non-mars,03/30/2021 14:15:00,2009,2009-APR,"2,794",component,lmprs,
Dec,2009,,Southwest,126.0,"10,809",Producer Milk Components,AMS_3462,3462,Dairy FMMOS,DY-NA,Washington,DC,"Washington, DC",Washington,DC,FMMOS,FMMOS - non-mars,03/30/2021 14:15:00,2009,2009-APR,"1,036",component,lmprs,
Dec,2009,,Southeast,7.0,"7,169",Producer Milk Components,AMS_3462,3462,Dairy FMMOS,DY-NA,Washington,DC,"Washington, DC",Washington,DC,FMMOS,FMMOS - non-mars,03/30/2021 14:15:00,2009,2009-APR,645,component,lmprs,
Dec,2009,,Northeast,1.0,"23,497",Producer Milk Components,AMS_3462,3462,Dairy FMMOS,DY-NA,Washington,DC,"Washington, DC",Washington,DC,FMMOS,FMMOS - non-mars,03/30/2021 14:15:00,2009,2009-APR,"2,027",component,lmprs,
Dec,2009,,Pacific Northwest,124.0,"7,470",Producer Milk Components,AMS_3462,3462,Dairy FMMOS,DY-NA,Washington,DC,"Washington, DC",Washington,DC,FMMOS,FMMOS - non-mars,03/30/2021 14:15:00,2009,2009-APR,563,component,lmprs,
Dec,2009,,Mideast,33.0,"16,596",Producer Milk Components,AMS_3462,3462,Dairy FMMOS,DY-NA,Washington,DC,"Washington, DC",Washington,DC,FMMOS,FMMOS - non-mars,03/30/2021 14:15:00,2009,2009-APR,"1,415",component,lmprs,
Dec,2009,,Florida,6.0,"3,027",Producer Milk Components,AMS_3462,3462,Dairy FMMOS,DY-NA,Washington,DC,"Washington, DC",Washington,DC,FMMOS,FMMOS - non-mars,03/30/2021 14:15:00,2009,2009-APR,259,component,lmprs,
Dec,2009,,Central,32.0,"12,685",Producer Milk Components,AMS_3462,3462,Dairy FMMOS,DY-NA,Washington,DC,"Washington, DC",Washington,DC,FMMOS,FMMOS - non-mars,03/30/2021 14:15:00,2009,2009-APR,"1,131",component,lmprs,
Dec,2009,,Appalachian,5.0,"5,950",Producer Milk Components,AMS_3462,3462,Dairy FMMOS,DY-NA,Washington,DC,"Washington, DC",Washington,DC,FMMOS,FMMOS - non-mars,03/30/2021 14:15:00,2009,2009-APR,502,component,lmprs,
Dec,2009,,Arizona,131.0,"4,042",Producer Milk Components,AMS_3462,3462,Dairy FMMOS,DY-NA,Washington,DC,"Washington, DC",Washington,DC,FMMOS,FMMOS - non-mars,03/30/2021 14:15:00,2009,2009-APR,374,component,lmprs,
Dec,2009,,All Markets Combined,,"123,430",Producer Milk Components,AMS_3462,3462,Dairy FMMOS,DY-NA,Washington,DC,"Washington, DC",Washington,DC,FMMOS,FMMOS - non-mars,03/30/2021 14:15:00,2009,2009-APR,"10,745",component,lmprs,
Dec,2010,,All Markets Combined,,"126,909",Producer Milk Components,AMS_3462,3462,Dairy FMMOS,DY-NA,Washington,DC,"Washington, DC",Washington,DC,FMMOS,FMMOS - non-mars,03/30/2021 14:14:00,2010,2010-APR,"10,851",component,lmprs,
Dec,2010,,Arizona,131.0,"4,232",Producer Milk Components,AMS_3462,3462,Dairy FMMOS,DY-NA,Washington,DC,"Washington, DC",Washington,DC,FMMOS,FMMOS - non-mars,03/30/2021 14:14:00,2010,2010-APR,375,component,lmprs,
Dec,2010,,Appalachian,5.0,"6,042",Producer Milk Components,AMS_3462,3462,Dairy FMMOS,DY-NA,Washington,DC,"Washington, DC",Washington,DC,FMMOS,FMMOS - non-mars,03/30/2021 14:14:00,2010,2010-APR,529,component,lmprs,
Dec,2010,,Central,32.0,"13,352",Producer Milk Components,AMS_3462,3462,Dairy FMMOS,DY-NA,Washington,DC,"Washington, DC",Washington,DC,FMMOS,FMMOS - non-mars,03/30/2021 14:14:00,2010,2010-APR,"1,048",component,lmprs,
Dec,2010,,Florida,6.0,"2,902",Producer Milk Components,AMS_3462,3462,Dairy FMMOS,DY-NA,Washington,DC,"Washington, DC",Washington,DC,FMMOS,FMMOS - non-mars,03/30/2021 14:14:00,2010,2010-APR,242,component,lmprs,
Dec,2010,,Mideast,33.0,"16,022",Producer Milk Components,AMS_3462,3462,Dairy FMMOS,DY-NA,Washington,DC,"Washington, DC",Washington,DC,FMMOS,FMMOS - non-mars,03/30/2021 14:14:00,2010,2010-APR,"1,453",component,lmprs,
Dec,2010,,Pacific Northwest,124.0,"8,011",Producer Milk Components,AMS_3462,3462,Dairy FMMOS,DY-NA,Washington,DC,"Washington, DC",Washington,DC,FMMOS,FMMOS - non-mars,03/30/2021 14:14:00,2010,2010-APR,659,component,lmprs,
Dec,2010,,Northeast,1.0,"24,335",Producer Milk Components,AMS_3462,3462,Dairy FMMOS,DY-NA,Washington,DC,"Washington, DC",Washington,DC,FMMOS,FMMOS - non-mars,03/30/2021 14:14:00,2010,2010-APR,"2,085",component,lmprs,
Dec,2010,,Southeast,7.0,"7,001",Producer Milk Components,AMS_3462,3462,Dairy FMMOS,DY-NA,Washington,DC,"Washington, DC",Washington,DC,FMMOS,FMMOS - non-mars,03/30/2021 14:14:00,2010,2010-APR,641,component,lmprs,
Dec,2010,,Southwest,126.0,"11,210",Producer Milk Components,AMS_3462,3462,Dairy FMMOS,DY-NA,Washington,DC,"Washington, DC",Washington,DC,FMMOS,FMMOS - non-mars,03/30/2021 14:14:00,2010,2010-APR,945,component,lmprs,
Dec,2010,,Upper Midwest,30.0,"33,803",Producer Milk Components,AMS_3462,3462,Dairy FMMOS,DY-NA,Washington,DC,"Washington, DC",Washington,DC,FMMOS,FMMOS - non-mars,03/30/2021 14:14:00,2010,2010-APR,"2,874",component,lmprs,
Dec,2011,,Southwest,126.0,"11,233",Producer Milk Components,AMS_3462,3462,Dairy FMMOS,DY-NA,Washington,DC,"Washington, DC",Washington,DC,FMMOS,FMMOS - non-mars,03/30/2021 14:14:00,2011,2011-APR,"1,055",component,lmprs,
Dec,2011,,Upper Midwest,30.0,"32,766",Producer Milk Components,AMS_3462,3462,Dairy FMMOS,DY-NA,Washington,DC,"Washington, DC",Washington,DC,FMMOS,FMMOS - non-mars,03/30/2021 14:14:00,2011,2011-APR,"2,762",component,lmprs,
Dec,2011,,Southeast,7.0,"7,057",Producer Milk Components,AMS_3462,3462,Dairy FMMOS,DY-NA,Washington,DC,"Washington, DC",Washington,DC,FMMOS,FMMOS - non-mars,03/30/2021 14:14:00,2011,2011-APR,651,component,lmprs,
Dec,2011,,Pacific Northwest,124.0,"8,023",Producer Milk Components,AMS_3462,3462,Dairy FMMOS,DY-NA,Washington,DC,"Washington, DC",Washington,DC,FMMOS,FMMOS - non-mars,03/30/2021 14:14:00,2011,2011-APR,684,component,lmprs,
Dec,2011,,Mideast,33.0,"15,939",Producer Milk Components,AMS_3462,3462,Dairy FMMOS,DY-NA,Washington,DC,"Washington, DC",Washington,DC,FMMOS,FMMOS - non-mars,03/30/2021 14:14:00,2011,2011-APR,"1,298",component,lmprs,
Dec,2011,,Northeast,1.0,"24,358",Producer Milk Components,AMS_3462,3462,Dairy FMMOS,DY-NA,Washington,DC,"Washington, DC",Washington,DC,FMMOS,FMMOS - non-mars,03/30/2021 14:14:00,2011,2011-APR,"2,151",component,lmprs,
Dec,2011,,Florida,6.0,"2,919",Producer Milk Components,AMS_3462,3462,Dairy FMMOS,DY-NA,Washington,DC,"Washington, DC",Washington,DC,FMMOS,FMMOS - non-mars,03/30/2021 14:14:00,2011,2011-APR,253,component,lmprs,
Dec,2011,,Central,32.0,"13,938",Producer Milk Components,AMS_3462,3462,Dairy FMMOS,DY-NA,Washington,DC,"Washington, DC",Washington,DC,FMMOS,FMMOS - non-mars,03/30/2021 14:14:00,2011,2011-APR,"1,169",component,lmprs,
Dec,2011,,Appalachian,5.0,"6,128",Producer Milk Components,AMS_3462,3462,Dairy FMMOS,DY-NA,Washington,DC,"Washington, DC",Washington,DC,FMMOS,FMMOS - non-mars,03/30/2021 14:14:00,2011,2011-APR,481,component,lmprs,
Dec,2011,,Arizona,131.0,"4,518",Producer Milk Components,AMS_3462,3462,Dairy FMMOS,DY-NA,Washington,DC,"Washington, DC",Washington,DC,FMMOS,FMMOS - non-mars,03/30/2021 14:14:00,2011,2011-APR,408,component,lmprs,
Dec,2011,,All Markets Combined,,"126,879",Producer Milk Components,AMS_3462,3462,Dairy FMMOS,DY-NA,Washington,DC,"Washington, DC",Washington,DC,FMMOS,FMMOS - non-mars,03/30/2021 14:14:00,2011,2011-APR,"10,912",component,lmprs,
Dec,2012,,All Markets Combined,,"122,388",Producer Milk Components,AMS_3462,3462,Dairy FMMOS,DY-NA,Washington,DC,"Washington, DC",Washington,DC,FMMOS,FMMOS - non-mars,03/30/2021 14:13:00,2012,2012-APR,"11,513",component,lmprs,
Dec,2012,,Arizona,131.0,"4,556",Producer Milk Components,AMS_3462,3462,Dairy FMMOS,DY-NA,Washington,DC,"Washington, DC",Washington,DC,FMMOS,FMMOS - non-mars,03/30/2021 14:13:00,2012,2012-APR,426,component,lmprs,
Dec,2012,,Appalachian,5.0,"5,863",Producer Milk Components,AMS_3462,3462,Dairy FMMOS,DY-NA,Washington,DC,"Washington, DC",Washington,DC,FMMOS,FMMOS - non-mars,03/30/2021 14:13:00,2012,2012-APR,501,component,lmprs,
Dec,2012,,Central,32.0,"13,389",Producer Milk Components,AMS_3462,3462,Dairy FMMOS,DY-NA,Washington,DC,"Washington, DC",Washington,DC,FMMOS,FMMOS - non-mars,03/30/2021 14:13:00,2012,2012-APR,"1,382",component,lmprs,
Dec,2012,,Florida,6.0,"2,890",Producer Milk Components,AMS_3462,3462,Dairy FMMOS,DY-NA,Washington,DC,"Washington, DC",Washington,DC,FMMOS,FMMOS - non-mars,03/30/2021 14:13:00,2012,2012-APR,244,component,lmprs,
Dec,2012,,Northeast,1.0,"24,695",Producer Milk Components,AMS_3462,3462,Dairy FMMOS,DY-NA,Washington,DC,"Washington, DC",Washington,DC,FMMOS,FMMOS - non-mars,03/30/2021 14:13:00,2012,2012-APR,"2,103",component,lmprs,
Dec,2012,,Mideast,33.0,"16,806",Producer Milk Components,AMS_3462,3462,Dairy FMMOS,DY-NA,Washington,DC,"Washington, DC",Washington,DC,FMMOS,FMMOS - non-mars,03/30/2021 14:13:00,2012,2012-APR,"1,543",component,lmprs,
Dec,2012,,Pacific Northwest,124.0,"6,719",Producer Milk Components,AMS_3462,3462,Dairy FMMOS,DY-NA,Washington,DC,"Washington, DC",Washington,DC,FMMOS,FMMOS - non-mars,03/30/2021 14:13:00,2012,2012-APR,637,component,lmprs,
Dec,2012,,Southeast,7.0,"6,794",Producer Milk Components,AMS_3462,3462,Dairy FMMOS,DY-NA,Washington,DC,"Washington, DC",Washington,DC,FMMOS,FMMOS - non-mars,03/30/2021 14:13:00,2012,2012-APR,644,component,lmprs,
Dec,2012,,Upper Midwest,30.0,"30,684",Producer Milk Components,AMS_3462,3462,Dairy FMMOS,DY-NA,Washington,DC,"Washington, DC",Washington,DC,FMMOS,FMMOS - non-mars,03/30/2021 14:13:00,2012,2012-APR,"2,890",component,lmprs,
Dec,2012,,Southwest,126.0,"9,994",Producer Milk Components,AMS_3462,3462,Dairy FMMOS,DY-NA,Washington,DC,"Washington, DC",Washington,DC,FMMOS,FMMOS - non-mars,03/30/2021 14:13:00,2012,2012-APR,"1,141",component,lmprs,
Dec,2013,,Southwest,126.0,"12,901",Producer Milk Components,AMS_3462,3462,Dairy FMMOS,DY-NA,Washington,DC,"Washington, DC",Washington,DC,FMMOS,FMMOS - non-mars,03/30/2021 14:13:00,2013,2013-APR,"1,180",component,lmprs,
Dec,2013,,Upper Midwest,30.0,"34,315",Producer Milk Components,AMS_3462,3462,Dairy FMMOS,DY-NA,Washington,DC,"Washington, DC",Washington,DC,FMMOS,FMMOS - non-mars,03/30/2021 14:13:00,2013,2013-APR,"2,895",component,lmprs,
Dec,2013,,Southeast,7.0,"6,129",Producer Milk Components,AMS_3462,3462,Dairy FMMOS,DY-NA,Washington,DC,"Washington, DC",Washington,DC,FMMOS,FMMOS - non-mars,03/30/2021 14:13:00,2013,2013-APR,551,component,lmprs,
Dec,2013,,Pacific Northwest,124.0,"8,239",Producer Milk Components,AMS_3462,3462,Dairy FMMOS,DY-NA,Washington,DC,"Washington, DC",Washington,DC,FMMOS,FMMOS - non-mars,03/30/2021 14:13:00,2013,2013-APR,719,component,lmprs,
Dec,2013,,Mideast,33.0,"16,719",Producer Milk Components,AMS_3462,3462,Dairy FMMOS,DY-NA,Washington,DC,"Washington, DC",Washington,DC,FMMOS,FMMOS - non-mars,03/30/2021 14:13:00,2013,2013-APR,"1,417",component,lmprs,
Dec,2013,,Northeast,1.0,"25,420",Producer Milk Components,AMS_3462,3462,Dairy FMMOS,DY-NA,Washington,DC,"Washington, DC",Washington,DC,FMMOS,FMMOS - non-mars,03/30/2021 14:13:00,2013,2013-APR,"2,188",component,lmprs,
Dec,2013,,Florida,6.0,"2,833",Producer Milk Components,AMS_3462,3462,Dairy FMMOS,DY-NA,Washington,DC,"Washington, DC",Washington,DC,FMMOS,FMMOS - non-mars,03/30/2021 14:13:00,2013,2013-APR,245,component,lmprs,
Dec,2013,,Central,32.0,"15,199",Producer Milk Components,AMS_3462,3462,Dairy FMMOS,DY-NA,Washington,DC,"Washington, DC",Washington,DC,FMMOS,FMMOS - non-mars,03/30/2021 14:13:00,2013,2013-APR,"1,379",component,lmprs,
Dec,2013,,Arizona,131.0,"4,615",Producer Milk Components,AMS_3462,3462,Dairy FMMOS,DY-NA,Washington,DC,"Washington, DC",Washington,DC,FMMOS,FMMOS - non-mars,03/30/2021 14:13:00,2013,2013-APR,416,component,lmprs,
Dec,2013,,All Markets Combined,,"132,100",Producer Milk Components,AMS_3462,3462,Dairy FMMOS,DY-NA,Washington,DC,"Washington, DC",Washington,DC,FMMOS,FMMOS - non-mars,03/30/2021 14:13:00,2013,2013-APR,"11,495",component,lmprs,
Dec,2013,,Appalachian,5.0,"5,729",Producer Milk Components,AMS_3462,3462,Dairy FMMOS,DY-NA,Washington,DC,"Washington, DC",Washington,DC,FMMOS,FMMOS - non-mars,03/30/2021 14:13:00,2013,2013-APR,506,component,lmprs,
Dec,2014,,Appalachian,5.0,"5,594",Producer Milk Components,AMS_3462,3462,Dairy FMMOS,DY-NA,Washington,DC,"Washington, DC",Washington,DC,FMMOS,FMMOS - non-mars,03/30/2021 14:13:00,2014,2014-APR,493,component,lmprs,
Dec,2014,,All Markets Combined,,"129,420",Producer Milk Components,AMS_3462,3462,Dairy FMMOS,DY-NA,Washington,DC,"Washington, DC",Washington,DC,FMMOS,FMMOS - non-mars,03/30/2021 14:13:00,2014,2014-APR,"10,461",component,lmprs,
Dec,2014,,Arizona,131.0,"4,800",Producer Milk Components,AMS_3462,3462,Dairy FMMOS,DY-NA,Washington,DC,"Washington, DC",Washington,DC,FMMOS,FMMOS - non-mars,03/30/2021 14:13:00,2014,2014-APR,420,component,lmprs,
Dec,2014,,Central,32.0,"15,063",Producer Milk Components,AMS_3462,3462,Dairy FMMOS,DY-NA,Washington,DC,"Washington, DC",Washington,DC,FMMOS,FMMOS - non-mars,03/30/2021 14:13:00,2014,2014-APR,"1,227",component,lmprs,
Dec,2014,,Florida,6.0,"2,771",Producer Milk Components,AMS_3462,3462,Dairy FMMOS,DY-NA,Washington,DC,"Washington, DC",Washington,DC,FMMOS,FMMOS - non-mars,03/30/2021 14:13:00,2014,2014-APR,236,component,lmprs,
Dec,2014,,Northeast,1.0,"25,793",Producer Milk Components,AMS_3462,3462,Dairy FMMOS,DY-NA,Washington,DC,"Washington, DC",Washington,DC,FMMOS,FMMOS - non-mars,03/30/2021 14:13:00,2014,2014-APR,"2,153",component,lmprs,
Dec,2014,,Mideast,33.0,"17,297",Producer Milk Components,AMS_3462,3462,Dairy FMMOS,DY-NA,Washington,DC,"Washington, DC",Washington,DC,FMMOS,FMMOS - non-mars,03/30/2021 14:13:00,2014,2014-APR,"1,421",component,lmprs,
Dec,2014,,Pacific Northwest,124.0,"7,892",Producer Milk Components,AMS_3462,3462,Dairy FMMOS,DY-NA,Washington,DC,"Washington, DC",Washington,DC,FMMOS,FMMOS - non-mars,03/30/2021 14:13:00,2014,2014-APR,579,component,lmprs,
Dec,2014,,Southeast,7.0,"5,289",Producer Milk Components,AMS_3462,3462,Dairy FMMOS,DY-NA,Washington,DC,"Washington, DC",Washington,DC,FMMOS,FMMOS - non-mars,03/30/2021 14:13:00,2014,2014-APR,496,component,lmprs,
Dec,2014,,Upper Midwest,30.0,"32,785",Producer Milk Components,AMS_3462,3462,Dairy FMMOS,DY-NA,Washington,DC,"Washington, DC",Washington,DC,FMMOS,FMMOS - non-mars,03/30/2021 14:13:00,2014,2014-APR,"2,639",component,lmprs,
Dec,2014,,Southwest,126.0,"12,137",Producer Milk Components,AMS_3462,3462,Dairy FMMOS,DY-NA,Washington,DC,"Washington, DC",Washington,DC,FMMOS,FMMOS - non-mars,03/30/2021 14:13:00,2014,2014-APR,797,component,lmprs,
Dec,2015,,Southwest,126.0,"11,891",Producer Milk Components,AMS_3462,3462,Dairy FMMOS,DY-NA,Washington,DC,"Washington, DC",Washington,DC,FMMOS,FMMOS - non-mars,03/30/2021 14:12:00,2015,2015-APR,670,component,lmprs,
Dec,2015,,Upper Midwest,30.0,"30,318",Producer Milk Components,AMS_3462,3462,Dairy FMMOS,DY-NA,Washington,DC,"Washington, DC",Washington,DC,FMMOS,FMMOS - non-mars,03/30/2021 14:12:00,2015,2015-APR,"2,287",component,lmprs,
Dec,2015,,Southeast,7.0,"5,205",Producer Milk Components,AMS_3462,3462,Dairy FMMOS,DY-NA,Washington,DC,"Washington, DC",Washington,DC,FMMOS,FMMOS - non-mars,03/30/2021 14:12:00,2015,2015-APR,463,component,lmprs,
Dec,2015,,Pacific Northwest,124.0,"6,646",Producer Milk Components,AMS_3462,3462,Dairy FMMOS,DY-NA,Washington,DC,"Washington, DC",Washington,DC,FMMOS,FMMOS - non-mars,03/30/2021 14:12:00,2015,2015-APR,469,component,lmprs,
Dec,2015,,Mideast,33.0,"18,376",Producer Milk Components,AMS_3462,3462,Dairy FMMOS,DY-NA,Washington,DC,"Washington, DC",Washington,DC,FMMOS,FMMOS - non-mars,03/30/2021 14:12:00,2015,2015-APR,"1,493",component,lmprs,
Dec,2015,,Northeast,1.0,"26,039",Producer Milk Components,AMS_3462,3462,Dairy FMMOS,DY-NA,Washington,DC,"Washington, DC",Washington,DC,FMMOS,FMMOS - non-mars,03/30/2021 14:12:00,2015,2015-APR,"2,204",component,lmprs,
Dec,2015,,Florida,6.0,"2,741",Producer Milk Components,AMS_3462,3462,Dairy FMMOS,DY-NA,Washington,DC,"Washington, DC",Washington,DC,FMMOS,FMMOS - non-mars,03/30/2021 14:12:00,2015,2015-APR,235,component,lmprs,
Dec,2015,,Central,32.0,"14,476",Producer Milk Components,AMS_3462,3462,Dairy FMMOS,DY-NA,Washington,DC,"Washington, DC",Washington,DC,FMMOS,FMMOS - non-mars,03/30/2021 14:12:00,2015,2015-APR,"1,109",component,lmprs,
Dec,2015,,Arizona,131.0,"4,788",Producer Milk Components,AMS_3462,3462,Dairy FMMOS,DY-NA,Washington,DC,"Washington, DC",Washington,DC,FMMOS,FMMOS - non-mars,03/30/2021 14:12:00,2015,2015-APR,425,component,lmprs,
Dec,2015,,All Markets Combined,,"126,126",Producer Milk Components,AMS_3462,3462,Dairy FMMOS,DY-NA,Washington,DC,"Washington, DC",Washington,DC,FMMOS,FMMOS - non-mars,03/30/2021 14:12:00,2015,2015-APR,"9,842",component,lmprs,
Dec,2015,,Appalachian,5.0,"5,646",Producer Milk Components,AMS_3462,3462,Dairy FMMOS,DY-NA,Washington,DC,"Washington, DC",Washington,DC,FMMOS,FMMOS - non-mars,03/30/2021 14:12:00,2015,2015-APR,488,component,lmprs,
Dec,2016,,Appalachian,5.0,"5,595",Producer Milk Components,AMS_3462,3462,Dairy FMMOS,DY-NA,Washington,DC,"Washington, DC",Washington,DC,FMMOS,FMMOS - non-mars,03/30/2021 14:12:00,2016,2016-APR,487,component,lmprs,
Dec,2016,,All Markets Combined,,"133,846",Producer Milk Components,AMS_3462,3462,Dairy FMMOS,DY-NA,Washington,DC,"Washington, DC",Washington,DC,FMMOS,FMMOS - non-mars,03/30/2021 14:12:00,2016,2016-APR,"12,088",component,lmprs,
Dec,2016,,Arizona,131.0,"4,979",Producer Milk Components,AMS_3462,3462,Dairy FMMOS,DY-NA,Washington,DC,"Washington, DC",Washington,DC,FMMOS,FMMOS - non-mars,03/30/2021 14:12:00,2016,2016-APR,445,component,lmprs,
Dec,2016,,Central,32.0,"15,088",Producer Milk Components,AMS_3462,3462,Dairy FMMOS,DY-NA,Washington,DC,"Washington, DC",Washington,DC,FMMOS,FMMOS - non-mars,03/30/2021 14:12:00,2016,2016-APR,"1,391",component,lmprs,
Dec,2016,,Florida,6.0,"2,714",Producer Milk Components,AMS_3462,3462,Dairy FMMOS,DY-NA,Washington,DC,"Washington, DC",Washington,DC,FMMOS,FMMOS - non-mars,03/30/2021 14:12:00,2016,2016-APR,232,component,lmprs,
Dec,2016,,Northeast,1.0,"27,007",Producer Milk Components,AMS_3462,3462,Dairy FMMOS,DY-NA,Washington,DC,"Washington, DC",Washington,DC,FMMOS,FMMOS - non-mars,03/30/2021 14:12:00,2016,2016-APR,"2,266",component,lmprs,
Dec,2016,,Mideast,33.0,"19,655",Producer Milk Components,AMS_3462,3462,Dairy FMMOS,DY-NA,Washington,DC,"Washington, DC",Washington,DC,FMMOS,FMMOS - non-mars,03/30/2021 14:12:00,2016,2016-APR,"1,745",component,lmprs,
Dec,2016,,Pacific Northwest,124.0,"7,883",Producer Milk Components,AMS_3462,3462,Dairy FMMOS,DY-NA,Washington,DC,"Washington, DC",Washington,DC,FMMOS,FMMOS - non-mars,03/30/2021 14:12:00,2016,2016-APR,581,component,lmprs,
Dec,2016,,Southeast,7.0,"5,390",Producer Milk Components,AMS_3462,3462,Dairy FMMOS,DY-NA,Washington,DC,"Washington, DC",Washington,DC,FMMOS,FMMOS - non-mars,03/30/2021 14:12:00,2016,2016-APR,493,component,lmprs,
Dec,2016,,Upper Midwest,30.0,"32,817",Producer Milk Components,AMS_3462,3462,Dairy FMMOS,DY-NA,Washington,DC,"Washington, DC",Washington,DC,FMMOS,FMMOS - non-mars,03/30/2021 14:12:00,2016,2016-APR,"3,193",component,lmprs,
Dec,2016,,Southwest,126.0,"12,717",Producer Milk Components,AMS_3462,3462,Dairy FMMOS,DY-NA,Washington,DC,"Washington, DC",Washington,DC,FMMOS,FMMOS - non-mars,03/30/2021 14:12:00,2016,2016-APR,"1,256",component,lmprs,
Dec,2017,,Southwest,126.0,"13,092",Producer Milk Components,AMS_3462,3462,Dairy FMMOS,DY-NA,Washington,DC,"Washington, DC",Washington,DC,FMMOS,FMMOS - non-mars,03/30/2021 14:11:00,2017,2017-APR,"1,211",component,lmprs,
Dec,2017,,Upper Midwest,30.0,"32,312",Producer Milk Components,AMS_3462,3462,Dairy FMMOS,DY-NA,Washington,DC,"Washington, DC",Washington,DC,FMMOS,FMMOS - non-mars,03/30/2021 14:11:00,2017,2017-APR,"3,080",component,lmprs,
Dec,2017,,Southeast,7.0,"5,452",Producer Milk Components,AMS_3462,3462,Dairy FMMOS,DY-NA,Washington,DC,"Washington, DC",Washington,DC,FMMOS,FMMOS - non-mars,03/30/2021 14:11:00,2017,2017-APR,502,component,lmprs,
Dec,2017,,Pacific Northwest,124.0,"7,661",Producer Milk Components,AMS_3462,3462,Dairy FMMOS,DY-NA,Washington,DC,"Washington, DC",Washington,DC,FMMOS,FMMOS - non-mars,03/30/2021 14:11:00,2017,2017-APR,610,component,lmprs,
Dec,2017,,Mideast,33.0,"20,241",Producer Milk Components,AMS_3462,3462,Dairy FMMOS,DY-NA,Washington,DC,"Washington, DC",Washington,DC,FMMOS,FMMOS - non-mars,03/30/2021 14:11:00,2017,2017-APR,"1,843",component,lmprs,
Dec,2017,,Northeast,1.0,"27,397",Producer Milk Components,AMS_3462,3462,Dairy FMMOS,DY-NA,Washington,DC,"Washington, DC",Washington,DC,FMMOS,FMMOS - non-mars,03/30/2021 14:11:00,2017,2017-APR,"2,355",component,lmprs,
Dec,2017,,Florida,6.0,"2,602",Producer Milk Components,AMS_3462,3462,Dairy FMMOS,DY-NA,Washington,DC,"Washington, DC",Washington,DC,FMMOS,FMMOS - non-mars,03/30/2021 14:11:00,2017,2017-APR,220,component,lmprs,
Dec,2017,,Central,32.0,"15,879",Producer Milk Components,AMS_3462,3462,Dairy FMMOS,DY-NA,Washington,DC,"Washington, DC",Washington,DC,FMMOS,FMMOS - non-mars,03/30/2021 14:11:00,2017,2017-APR,"1,461",component,lmprs,
Dec,2017,,Arizona,131.0,"5,065",Producer Milk Components,AMS_3462,3462,Dairy FMMOS,DY-NA,Washington,DC,"Washington, DC",Washington,DC,FMMOS,FMMOS - non-mars,03/30/2021 14:11:00,2017,2017-APR,441,component,lmprs,
Dec,2017,,All Markets Combined,,"135,502",Producer Milk Components,AMS_3462,3462,Dairy FMMOS,DY-NA,Washington,DC,"Washington, DC",Washington,DC,FMMOS,FMMOS - non-mars,03/30/2021 14:11:00,2017,2017-APR,"12,202",component,lmprs,
Dec,2017,,Appalachian,5.0,"5,801",Producer Milk Components,AMS_3462,3462,Dairy FMMOS,DY-NA,Washington,DC,"Washington, DC",Washington,DC,FMMOS,FMMOS - non-mars,03/30/2021 14:11:00,2017,2017-APR,481,component,lmprs,
Dec,2018,,Appalachian,5.0,"5,734",Producer Milk Components,AMS_3462,3462,Dairy FMMOS,DY-NA,Washington,DC,"Washington, DC",Washington,DC,FMMOS,FMMOS - non-mars,03/30/2021 14:09:00,2018,2018-APR,495,component,lmprs,
Dec,2018,,All Markets Combined,,"141,684",Producer Milk Components,AMS_3462,3462,Dairy FMMOS,DY-NA,Washington,DC,"Washington, DC",Washington,DC,FMMOS,FMMOS - non-mars,03/30/2021 14:09:00,2018,2018-APR,"11,149",component,lmprs,
Dec,2018,,Arizona,131.0,"5,133",Producer Milk Components,AMS_3462,3462,Dairy FMMOS,DY-NA,Washington,DC,"Washington, DC",Washington,DC,FMMOS,FMMOS - non-mars,03/30/2021 14:09:00,2018,2018-APR,442,component,lmprs,
Dec,2018,,Central,32.0,"16,604",Producer Milk Components,AMS_3462,3462,Dairy FMMOS,DY-NA,Washington,DC,"Washington, DC",Washington,DC,FMMOS,FMMOS - non-mars,03/30/2021 14:09:00,2018,2018-APR,"1,392",component,lmprs,
Dec,2018,,California,51.0,"4,117",Producer Milk Components,AMS_3462,3462,Dairy FMMOS,DY-NA,Washington,DC,"Washington, DC",Washington,DC,FMMOS,FMMOS - non-mars,03/30/2021 14:09:00,2018,2018-APR,,component,lmprs,
Dec,2018,,Florida,6.0,"2,565",Producer Milk Components,AMS_3462,3462,Dairy FMMOS,DY-NA,Washington,DC,"Washington, DC",Washington,DC,FMMOS,FMMOS - non-mars,03/30/2021 14:09:00,2018,2018-APR,211,component,lmprs,
Dec,2018,,Northeast,1.0,"27,109",Producer Milk Components,AMS_3462,3462,Dairy FMMOS,DY-NA,Washington,DC,"Washington, DC",Washington,DC,FMMOS,FMMOS - non-mars,03/30/2021 14:09:00,2018,2018-APR,"2,295",component,lmprs,
Dec,2018,,Mideast,33.0,"19,603",Producer Milk Components,AMS_3462,3462,Dairy FMMOS,DY-NA,Washington,DC,"Washington, DC",Washington,DC,FMMOS,FMMOS - non-mars,03/30/2021 14:09:00,2018,2018-APR,"1,676",component,lmprs,
Dec,2018,,Pacific Northwest,124.0,"8,558",Producer Milk Components,AMS_3462,3462,Dairy FMMOS,DY-NA,Washington,DC,"Washington, DC",Washington,DC,FMMOS,FMMOS - non-mars,03/30/2021 14:09:00,2018,2018-APR,624,component,lmprs,
Dec,2018,,Southeast,7.0,"5,209",Producer Milk Components,AMS_3462,3462,Dairy FMMOS,DY-NA,Washington,DC,"Washington, DC",Washington,DC,FMMOS,FMMOS - non-mars,03/30/2021 14:09:00,2018,2018-APR,482,component,lmprs,
Dec,2018,,Upper Midwest,30.0,"33,323",Producer Milk Components,AMS_3462,3462,Dairy FMMOS,DY-NA,Washington,DC,"Washington, DC",Washington,DC,FMMOS,FMMOS - non-mars,03/30/2021 14:09:00,2018,2018-APR,"2,597",component,lmprs,
Dec,2018,,Southwest,126.0,"13,727",Producer Milk Components,AMS_3462,3462,Dairy FMMOS,DY-NA,Washington,DC,"Washington, DC",Washington,DC,FMMOS,FMMOS - non-mars,03/30/2021 14:09:00,2018,2018-APR,935,component,lmprs,
Dec,2019,,Upper Midwest,30.0,"32,310",Producer Milk Components,AMS_3462,3462,Dairy FMMOS,DY-NA,Washington,DC,"Washington, DC",Washington,DC,FMMOS,FMMOS - non-mars,03/30/2021 14:09:00,2019,2019-APR,"3,011",component,lmprs,
Dec,2019,,Southeast,7.0,"4,903",Producer Milk Components,AMS_3462,3462,Dairy FMMOS,DY-NA,Washington,DC,"Washington, DC",Washington,DC,FMMOS,FMMOS - non-mars,03/30/2021 14:09:00,2019,2019-APR,445,component,lmprs,
Dec,2019,,Southwest,126.0,"12,900",Producer Milk Components,AMS_3462,3462,Dairy FMMOS,DY-NA,Washington,DC,"Washington, DC",Washington,DC,FMMOS,FMMOS - non-mars,03/30/2021 14:09:00,2019,2019-APR,"1,285",component,lmprs,
Dec,2019,,Pacific Northwest,124.0,"8,496",Producer Milk Components,AMS_3462,3462,Dairy FMMOS,DY-NA,Washington,DC,"Washington, DC",Washington,DC,FMMOS,FMMOS - non-mars,03/30/2021 14:09:00,2019,2019-APR,754,component,lmprs,
Dec,2019,,Northeast,1.0,"26,752",Producer Milk Components,AMS_3462,3462,Dairy FMMOS,DY-NA,Washington,DC,"Washington, DC",Washington,DC,FMMOS,FMMOS - non-mars,03/30/2021 14:09:00,2019,2019-APR,"2,271",component,lmprs,
Dec,2019,,Florida,6.0,"2,510",Producer Milk Components,AMS_3462,3462,Dairy FMMOS,DY-NA,Washington,DC,"Washington, DC",Washington,DC,FMMOS,FMMOS - non-mars,03/30/2021 14:09:00,2019,2019-APR,214,component,lmprs,
Dec,2019,,Mideast,33.0,"18,942",Producer Milk Components,AMS_3462,3462,Dairy FMMOS,DY-NA,Washington,DC,"Washington, DC",Washington,DC,FMMOS,FMMOS - non-mars,03/30/2021 14:09:00,2019,2019-APR,"1,653",component,lmprs,
Dec,2019,,California,51.0,"24,272",Producer Milk Components,AMS_3462,3462,Dairy FMMOS,DY-NA,Washington,DC,"Washington, DC",Washington,DC,FMMOS,FMMOS - non-mars,03/30/2021 14:09:00,2019,2019-APR,"2,180",component,lmprs,
Dec,2019,,Central,32.0,"15,260",Producer Milk Components,AMS_3462,3462,Dairy FMMOS,DY-NA,Washington,DC,"Washington, DC",Washington,DC,FMMOS,FMMOS - non-mars,03/30/2021 14:09:00,2019,2019-APR,"1,512",component,lmprs,
Dec,2019,,Arizona,131.0,"4,840",Producer Milk Components,AMS_3462,3462,Dairy FMMOS,DY-NA,Washington,DC,"Washington, DC",Washington,DC,FMMOS,FMMOS - non-mars,03/30/2021 14:09:00,2019,2019-APR,440,component,lmprs,
Dec,2019,,All Markets Combined,,"156,510",Producer Milk Components,AMS_3462,3462,Dairy FMMOS,DY-NA,Washington,DC,"Washington, DC",Washington,DC,FMMOS,FMMOS - non-mars,03/30/2021 14:09:00,2019,2019-APR,"14,235",component,lmprs,
Dec,2019,,Appalachian,5.0,"5,327",Producer Milk Components,AMS_3462,3462,Dairy FMMOS,DY-NA,Washington,DC,"Washington, DC",Washington,DC,FMMOS,FMMOS - non-mars,03/30/2021 14:09:00,2019,2019-APR,470,component,lmprs,
Dec,2020,,Appalachian,5.0,"5,322",Producer Milk Components,AMS_3462,3462,Dairy FMMOS,DY-NA,Washington,DC,"Washington, DC",Washington,DC,FMMOS,FMMOS - non-mars,02/23/2021 09:39:00,2020,2020-APR,446,component,lmprs,
Dec,2020,,All Markets Combined,,"137,818",Producer Milk Components,AMS_3462,3462,Dairy FMMOS,DY-NA,Washington,DC,"Washington, DC",Washington,DC,FMMOS,FMMOS - non-mars,02/23/2021 09:39:00,2020,2020-APR,"13,618",component,lmprs,
Dec,2020,,Arizona,131.0,"4,497",Producer Milk Components,AMS_3462,3462,Dairy FMMOS,DY-NA,Washington,DC,"Washington, DC",Washington,DC,FMMOS,FMMOS - non-mars,02/23/2021 09:39:00,2020,2020-APR,441,component,lmprs,
Dec,2020,,Central,32.0,"13,315",Producer Milk Components,AMS_3462,3462,Dairy FMMOS,DY-NA,Washington,DC,"Washington, DC",Washington,DC,FMMOS,FMMOS - non-mars,02/23/2021 09:39:00,2020,2020-APR,"1,599",component,lmprs,
Dec,2020,,California,51.0,"23,004",Producer Milk Components,AMS_3462,3462,Dairy FMMOS,DY-NA,Washington,DC,"Washington, DC",Washington,DC,FMMOS,FMMOS - non-mars,02/23/2021 09:39:00,2020,2020-APR,"1,982",component,lmprs,
Dec,2020,,Mideast,33.0,"17,982",Producer Milk Components,AMS_3462,3462,Dairy FMMOS,DY-NA,Washington,DC,"Washington, DC",Washington,DC,FMMOS,FMMOS - non-mars,02/23/2021 09:39:00,2020,2020-APR,"1,749",component,lmprs,
Dec,2020,,Florida,6.0,"2,509",Producer Milk Components,AMS_3462,3462,Dairy FMMOS,DY-NA,Washington,DC,"Washington, DC",Washington,DC,FMMOS,FMMOS - non-mars,02/23/2021 09:39:00,2020,2020-APR,216,component,lmprs,
Dec,2020,,Northeast,1.0,"26,824",Producer Milk Components,AMS_3462,3462,Dairy FMMOS,DY-NA,Washington,DC,"Washington, DC",Washington,DC,FMMOS,FMMOS - non-mars,02/23/2021 09:39:00,2020,2020-APR,"2,310",component,lmprs,
Dec,2020,,Pacific Northwest,124.0,"7,682",Producer Milk Components,AMS_3462,3462,Dairy FMMOS,DY-NA,Washington,DC,"Washington, DC",Washington,DC,FMMOS,FMMOS - non-mars,02/23/2021 09:39:00,2020,2020-APR,622,component,lmprs,
Dec,2020,,Southwest,126.0,"11,692",Producer Milk Components,AMS_3462,3462,Dairy FMMOS,DY-NA,Washington,DC,"Washington, DC",Washington,DC,FMMOS,FMMOS - non-mars,02/23/2021 09:39:00,2020,2020-APR,"1,163",component,lmprs,
Dec,2020,,Southeast,7.0,"4,700",Producer Milk Components,AMS_3462,3462,Dairy FMMOS,DY-NA,Washington,DC,"Washington, DC",Washington,DC,FMMOS,FMMOS - non-mars,02/23/2021 09:39:00,2020,2020-APR,387,component,lmprs,
Dec,2020,,Upper Midwest,30.0,"20,290",Producer Milk Components,AMS_3462,3462,Dairy FMMOS,DY-NA,Washington,DC,"Washington, DC",Washington,DC,FMMOS,FMMOS - non-mars,02/23/2021 09:39:00,2020,2020-APR,"2,704",component,lmprs,
Dec,2021,,Southwest,126.0,"12,286",Producer Milk Components,AMS_3462,3462,Dairy FMMOS,DY-NA,Washington,DC,"Washington, DC",Washington,DC,FMMOS,FMMOS - non-mars,01/31/2022 07:17:00,2021,2021-APR,"1,005",component,lmprs,
Dec,2021,,Pacific Northwest,124.0,"7,387",Producer Milk Components,AMS_3462,3462,Dairy FMMOS,DY-NA,Washington,DC,"Washington, DC",Washington,DC,FMMOS,FMMOS - non-mars,01/31/2022 07:17:00,2021,2021-APR,611,component,lmprs,
Dec,2021,,Southeast,7.0,"4,581",Producer Milk Components,AMS_3462,3462,Dairy FMMOS,DY-NA,Washington,DC,"Washington, DC",Washington,DC,FMMOS,FMMOS - non-mars,01/31/2022 07:17:00,2021,2021-APR,421,component,lmprs,
Dec,2021,,Northeast,1.0,"27,045",Producer Milk Components,AMS_3462,3462,Dairy FMMOS,DY-NA,Washington,DC,"Washington, DC",Washington,DC,FMMOS,FMMOS - non-mars,01/31/2022 07:17:00,2021,2021-APR,"2,277",component,lmprs,
Dec,2021,,Mideast,33.0,"18,606",Producer Milk Components,AMS_3462,3462,Dairy FMMOS,DY-NA,Washington,DC,"Washington, DC",Washington,DC,FMMOS,FMMOS - non-mars,01/31/2022 07:17:00,2021,2021-APR,"1,289",component,lmprs,
Dec,2021,,Central,32.0,"12,992",Producer Milk Components,AMS_3462,3462,Dairy FMMOS,DY-NA,Washington,DC,"Washington, DC",Washington,DC,FMMOS,FMMOS - non-mars,01/31/2022 07:17:00,2021,2021-APR,931,component,lmprs,
Dec,2021,,Florida,6.0,"2,444",Producer Milk Components,AMS_3462,3462,Dairy FMMOS,DY-NA,Washington,DC,"Washington, DC",Washington,DC,FMMOS,FMMOS - non-mars,01/31/2022 07:17:00,2021,2021-APR,211,component,lmprs,
Dec,2021,,California,51.0,"23,803",Producer Milk Components,AMS_3462,3462,Dairy FMMOS,DY-NA,Washington,DC,"Washington, DC",Washington,DC,FMMOS,FMMOS - non-mars,01/31/2022 07:17:00,2021,2021-APR,"1,913",component,lmprs,
Dec,2021,,Arizona,131.0,"4,461",Producer Milk Components,AMS_3462,3462,Dairy FMMOS,DY-NA,Washington,DC,"Washington, DC",Washington,DC,FMMOS,FMMOS - non-mars,01/31/2022 07:17:00,2021,2021-APR,352,component,lmprs,
Dec,2021,,Appalachian,5.0,"5,289",Producer Milk Components,AMS_3462,3462,Dairy FMMOS,DY-NA,Washington,DC,"Washington, DC",Washington,DC,FMMOS,FMMOS - non-mars,01/31/2022 07:17:00,2021,2021-APR,462,component,lmprs,
Dec,2021,,All Markets Combined,,"136,836",Producer Milk Components,AMS_3462,3462,Dairy FMMOS,DY-NA,Washington,DC,"Washington, DC",Washington,DC,FMMOS,FMMOS - non-mars,01/31/2022 07:17:00,2021,2021-APR,"10,398",component,lmprs,
Dec,2021,,Upper Midwest,30.0,"17,940",Producer Milk Components,AMS_3462,3462,Dairy FMMOS,DY-NA,Washington,DC,"Washington, DC",Washington,DC,FMMOS,FMMOS - non-mars,01/31/2022 07:17:00,2021,2021-APR,927,component,lmprs,
Dec,2022,,Upper Midwest,30.0,"31,837",Producer Milk Components,AMS_3462,3462,Dairy FMMOS,DY-NA,Washington,DC,"Washington, DC",Washington,DC,FMMOS,FMMOS - non-mars,01/30/2023 07:36:00,2022,2022-APR,"2,350",component,lmprs,
Dec,2022,,All Markets Combined,,"151,614",Producer Milk Components,AMS_3462,3462,Dairy FMMOS,DY-NA,Washington,DC,"Washington, DC",Washington,DC,FMMOS,FMMOS - non-mars,01/30/2023 07:36:00,2022,2022-APR,"12,831",component,lmprs,
Dec,2022,,Appalachian,5.0,"5,420",Producer Milk Components,AMS_3462,3462,Dairy FMMOS,DY-NA,Washington,DC,"Washington, DC",Washington,DC,FMMOS,FMMOS - non-mars,01/30/2023 07:36:00,2022,2022-APR,459,component,lmprs,
Dec,2022,,Arizona,131.0,"4,910",Producer Milk Components,AMS_3462,3462,Dairy FMMOS,DY-NA,Washington,DC,"Washington, DC",Washington,DC,FMMOS,FMMOS - non-mars,01/30/2023 07:36:00,2022,2022-APR,445,component,lmprs,
Dec,2022,,California,51.0,"22,439",Producer Milk Components,AMS_3462,3462,Dairy FMMOS,DY-NA,Washington,DC,"Washington, DC",Washington,DC,FMMOS,FMMOS - non-mars,01/30/2023 07:36:00,2022,2022-APR,"2,027",component,lmprs,
Dec,2022,,Florida,6.0,"2,483",Producer Milk Components,AMS_3462,3462,Dairy FMMOS,DY-NA,Washington,DC,"Washington, DC",Washington,DC,FMMOS,FMMOS - non-mars,01/30/2023 07:36:00,2022,2022-APR,212,component,lmprs,
Dec,2022,,Central,32.0,"15,638",Producer Milk Components,AMS_3462,3462,Dairy FMMOS,DY-NA,Washington,DC,"Washington, DC",Washington,DC,FMMOS,FMMOS - non-mars,01/30/2023 07:36:00,2022,2022-APR,"1,302",component,lmprs,
Dec,2022,,Mideast,33.0,"16,796",Producer Milk Components,AMS_3462,3462,Dairy FMMOS,DY-NA,Washington,DC,"Washington, DC",Washington,DC,FMMOS,FMMOS - non-mars,01/30/2023 07:36:00,2022,2022-APR,"1,549",component,lmprs,
Dec,2022,,Northeast,1.0,"26,882",Producer Milk Components,AMS_3462,3462,Dairy FMMOS,DY-NA,Washington,DC,"Washington, DC",Washington,DC,FMMOS,FMMOS - non-mars,01/30/2023 07:36:00,2022,2022-APR,"2,281",component,lmprs,
Dec,2022,,Southeast,7.0,"3,913",Producer Milk Components,AMS_3462,3462,Dairy FMMOS,DY-NA,Washington,DC,"Washington, DC",Washington,DC,FMMOS,FMMOS - non-mars,01/30/2023 07:36:00,2022,2022-APR,385,component,lmprs,
Dec,2022,,Pacific Northwest,124.0,"7,583",Producer Milk Components,AMS_3462,3462,Dairy FMMOS,DY-NA,Washington,DC,"Washington, DC",Washington,DC,FMMOS,FMMOS - non-mars,01/30/2023 07:36:00,2022,2022-APR,632,component,lmprs,
Dec,2022,,Southwest,126.0,"13,714",Producer Milk Components,AMS_3462,3462,Dairy FMMOS,DY-NA,Washington,DC,"Washington, DC",Washington,DC,FMMOS,FMMOS - non-mars,01/30/2023 07:36:00,2022,2022-APR,"1,190",component,lmprs,
Dec,2023,,Southwest,126.0,"13,640",Producer Milk Components,AMS_3462,3462,Dairy FMMOS,DY-NA,Washington,DC,"Washington, DC",Washington,DC,FMMOS,FMMOS - non-mars,01/30/2024 09:42:00,2023,2023-APR,"1,201",component,lmprs,
Dec,2023,,Pacific Northwest,124.0,"7,650",Producer Milk Components,AMS_3462,3462,Dairy FMMOS,DY-NA,Washington,DC,"Washington, DC",Washington,DC,FMMOS,FMMOS - non-mars,01/30/2024 09:42:00,2023,2023-APR,578,component,lmprs,
Dec,2023,,Southeast,7.0,"3,538",Producer Milk Components,AMS_3462,3462,Dairy FMMOS,DY-NA,Washington,DC,"Washington, DC",Washington,DC,FMMOS,FMMOS - non-mars,01/30/2024 09:42:00,2023,2023-APR,322,component,lmprs,
Dec,2023,,Northeast,1.0,"27,260",Producer Milk Components,AMS_3462,3462,Dairy FMMOS,DY-NA,Washington,DC,"Washington, DC",Washington,DC,FMMOS,FMMOS - non-mars,01/30/2024 09:42:00,2023,2023-APR,"2,297",component,lmprs,
Dec,2023,,Mideast,33.0,"17,761",Producer Milk Components,AMS_3462,3462,Dairy FMMOS,DY-NA,Washington,DC,"Washington, DC",Washington,DC,FMMOS,FMMOS - non-mars,01/30/2024 09:42:00,2023,2023-APR,"1,635",component,lmprs,
Dec,2023,,Central,32.0,"16,053",Producer Milk Components,AMS_3462,3462,Dairy FMMOS,DY-NA,Washington,DC,"Washington, DC",Washington,DC,FMMOS,FMMOS - non-mars,01/30/2024 09:42:00,2023,2023-APR,"1,471",component,lmprs,
Dec,2023,,Florida,6.0,"2,506",Producer Milk Components,AMS_3462,3462,Dairy FMMOS,DY-NA,Washington,DC,"Washington, DC",Washington,DC,FMMOS,FMMOS - non-mars,01/30/2024 09:42:00,2023,2023-APR,208,component,lmprs,
Dec,2023,,California,51.0,"26,418",Producer Milk Components,AMS_3462,3462,Dairy FMMOS,DY-NA,Washington,DC,"Washington, DC",Washington,DC,FMMOS,FMMOS - non-mars,01/30/2024 09:42:00,2023,2023-APR,"2,523",component,lmprs,
Dec,2023,,Arizona,131.0,"5,149",Producer Milk Components,AMS_3462,3462,Dairy FMMOS,DY-NA,Washington,DC,"Washington, DC",Washington,DC,FMMOS,FMMOS - non-mars,01/30/2024 09:42:00,2023,2023-APR,455,component,lmprs,
Dec,2023,,Appalachian,5.0,"5,428",Producer Milk Components,AMS_3462,3462,Dairy FMMOS,DY-NA,Washington,DC,"Washington, DC",Washington,DC,FMMOS,FMMOS - non-mars,01/30/2024 09:42:00,2023,2023-APR,452,component,lmprs,
Dec,2023,,All Markets Combined,,"158,448",Producer Milk Components,AMS_3462,3462,Dairy FMMOS,DY-NA,Washington,DC,"Washington, DC",Washington,DC,FMMOS,FMMOS - non-mars,01/30/2024 09:42:00,2023,2023-APR,"13,590",component,lmprs,
Dec,2023,,Upper Midwest,30.0,"33,045",Producer Milk Components,AMS_3462,3462,Dairy FMMOS,DY-NA,Washington,DC,"Washington, DC",Washington,DC,FMMOS,FMMOS - non-mars,01/30/2024 09:42:00,2023,2023-APR,"2,447",component,lmprs,
Dec,2024,,Upper Midwest,30.0,"28,285",Producer Milk Components,AMS_3462,3462,Dairy FMMOS,DY-NA,Washington,DC,"Washington, DC",Washington,DC,FMMOS,FMMOS - non-mars,01/23/2025 09:07:00,2024,2024-APR,"2,701",component,lmprs,
Dec,2024,,All Markets Combined,,"146,628",Producer Milk Components,AMS_3462,3462,Dairy FMMOS,DY-NA,Washington,DC,"Washington, DC",Washington,DC,FMMOS,FMMOS - non-mars,01/23/2025 09:07:00,2024,2024-APR,"12,668",component,lmprs,
Dec,2024,,Appalachian,5.0,"5,301",Producer Milk Components,AMS_3462,3462,Dairy FMMOS,DY-NA,Washington,DC,"Washington, DC",Washington,DC,FMMOS,FMMOS - non-mars,01/23/2025 09:07:00,2024,2024-APR,451,component,lmprs,
Dec,2024,,Arizona,131.0,"4,186",Producer Milk Components,AMS_3462,3462,Dairy FMMOS,DY-NA,Washington,DC,"Washington, DC",Washington,DC,FMMOS,FMMOS - non-mars,01/23/2025 09:07:00,2024,2024-APR,387,component,lmprs,
Dec,2024,,California,51.0,"23,224",Producer Milk Components,AMS_3462,3462,Dairy FMMOS,DY-NA,Washington,DC,"Washington, DC",Washington,DC,FMMOS,FMMOS - non-mars,01/23/2025 09:07:00,2024,2024-APR,"2,032",component,lmprs,
Dec,2024,,Florida,6.0,"2,524",Producer Milk Components,AMS_3462,3462,Dairy FMMOS,DY-NA,Washington,DC,"Washington, DC",Washington,DC,FMMOS,FMMOS - non-mars,01/23/2025 09:07:00,2024,2024-APR,219,component,lmprs,
Dec,2024,,Central,32.0,"14,608",Producer Milk Components,AMS_3462,3462,Dairy FMMOS,DY-NA,Washington,DC,"Washington, DC",Washington,DC,FMMOS,FMMOS - non-mars,01/23/2025 09:07:00,2024,2024-APR,"1,246",component,lmprs,
Dec,2024,,Mideast,33.0,"18,182",Producer Milk Components,AMS_3462,3462,Dairy FMMOS,DY-NA,Washington,DC,"Washington, DC",Washington,DC,FMMOS,FMMOS - non-mars,01/23/2025 09:07:00,2024,2024-APR,"1,336",component,lmprs,
Dec,2024,,Northeast,1.0,"26,949",Producer Milk Components,AMS_3462,3462,Dairy FMMOS,DY-NA,Washington,DC,"Washington, DC",Washington,DC,FMMOS,FMMOS - non-mars,01/23/2025 09:07:00,2024,2024-APR,"2,256",component,lmprs,
Dec,2024,,Southeast,7.0,"3,497",Producer Milk Components,AMS_3462,3462,Dairy FMMOS,DY-NA,Washington,DC,"Washington, DC",Washington,DC,FMMOS,FMMOS - non-mars,01/23/2025 09:07:00,2024,2024-APR,304,component,lmprs,
Dec,2024,,Pacific Northwest,124.0,"7,231",Producer Milk Components,AMS_3462,3462,Dairy FMMOS,DY-NA,Washington,DC,"Washington, DC",Washington,DC,FMMOS,FMMOS - non-mars,01/23/2025 09:07:00,2024,2024-APR,611,component,lmprs,
Dec,2024,,Southwest,126.0,"12,641",Producer Milk Components,AMS_3462,3462,Dairy FMMOS,DY-NA,Washington,DC,"Washington, DC",Washington,DC,FMMOS,FMMOS - non-mars,01/23/2025 09:07:00,2024,2024-APR,"1,125",component,lmprs,
Dec,2025,,Southwest,126.0,"12,960",Producer Milk Components,AMS_3462,3462,Dairy FMMOS,DY-NA,Washington,DC,"Washington, DC",Washington,DC,FMMOS,FMMOS - non-mars,01/21/2026 11:39:00,2025,2025-APR,"1,397",component,lmprs,
Dec,2025,,Pacific Northwest,124.0,"6,760",Producer Milk Components,AMS_3462,3462,Dairy FMMOS,DY-NA,Washington,DC,"Washington, DC",Washington,DC,FMMOS,FMMOS - non-mars,01/21/2026 11:39:00,2025,2025-APR,683,component,lmprs,
Dec,2025,,Southeast,7.0,"3,435",Producer Milk Components,AMS_3462,3462,Dairy FMMOS,DY-NA,Washington,DC,"Washington, DC",Washington,DC,FMMOS,FMMOS - non-mars,01/21/2026 11:39:00,2025,2025-APR,310,component,lmprs,
Dec,2025,,Northeast,1.0,"27,624",Producer Milk Components,AMS_3462,3462,Dairy FMMOS,DY-NA,Washington,DC,"Washington, DC",Washington,DC,FMMOS,FMMOS - non-mars,01/21/2026 11:39:00,2025,2025-APR,"2,327",component,lmprs,
Dec,2025,,Mideast,33.0,"20,705",Producer Milk Components,AMS_3462,3462,Dairy FMMOS,DY-NA,Washington,DC,"Washington, DC",Washington,DC,FMMOS,FMMOS - non-mars,01/21/2026 11:39:00,2025,2025-APR,"1,529",component,lmprs,
Dec,2025,,Central,32.0,"13,960",Producer Milk Components,AMS_3462,3462,Dairy FMMOS,DY-NA,Washington,DC,"Washington, DC",Washington,DC,FMMOS,FMMOS - non-mars,01/21/2026 11:39:00,2025,2025-APR,"1,366",component,lmprs,
Dec,2025,,Florida,6.0,"2,511",Producer Milk Components,AMS_3462,3462,Dairy FMMOS,DY-NA,Washington,DC,"Washington, DC",Washington,DC,FMMOS,FMMOS - non-mars,01/21/2026 11:39:00,2025,2025-APR,214,component,lmprs,
Dec,2025,,California,51.0,"26,675",Producer Milk Components,AMS_3462,3462,Dairy FMMOS,DY-NA,Washington,DC,"Washington, DC",Washington,DC,FMMOS,FMMOS - non-mars,01/21/2026 11:39:00,2025,2025-APR,"3,271",component,lmprs,
Dec,2025,,Arizona,131.0,"4,224",Producer Milk Components,AMS_3462,3462,Dairy FMMOS,DY-NA,Washington,DC,"Washington, DC",Washington,DC,FMMOS,FMMOS - non-mars,01/21/2026 11:39:00,2025,2025-APR,388,component,lmprs,
Dec,2025,,Appalachian,5.0,"5,088",Producer Milk Components,AMS_3462,3462,Dairy FMMOS,DY-NA,Washington,DC,"Washington, DC",Washington,DC,FMMOS,FMMOS - non-mars,01/21/2026 11:39:00,2025,2025-APR,453,component,lmprs,
Dec,2025,,All Markets Combined,,"148,750",Producer Milk Components,AMS_3462,3462,Dairy FMMOS,DY-NA,Washington,DC,"Washington, DC",Washington,DC,FMMOS,FMMOS - non-mars,01/21/2026 11:39:00,2025,2025-APR,"14,522",component,lmprs,
Dec,2025,,Upper Midwest,30.0,"24,808",Producer Milk Components,AMS_3462,3462,Dairy FMMOS,DY-NA,Washington,DC,"Washington, DC",Washington,DC,FMMOS,FMMOS - non-mars,01/21/2026 11:39:00,2025,2025-APR,"2,584",component,lmprs,
Mar,2026,,Upper Midwest,30.0,"5,226",Producer Milk Components,AMS_3462,3462,Dairy FMMOS,DY-NA,Washington,DC,"Washington, DC",Washington,DC,FMMOS,FMMOS - non-mars,04/21/2026 05:48:00,2026,2026-APR,,component,lmprs,
Mar,2026,,All Markets Combined,,"35,299",Producer Milk Components,AMS_3462,3462,Dairy FMMOS,DY-NA,Washington,DC,"Washington, DC",Washington,DC,FMMOS,FMMOS - non-mars,04/21/2026 05:48:00,2026,2026-APR,,component,lmprs,
Mar,2026,,Appalachian,5.0,"1,271",Producer Milk Components,AMS_3462,3462,Dairy FMMOS,DY-NA,Washington,DC,"Washington, DC",Washington,DC,FMMOS,FMMOS - non-mars,04/21/2026 05:48:00,2026,2026-APR,,component,lmprs,
Mar,2026,,Arizona,131.0,"1,072",Producer Milk Components,AMS_3462,3462,Dairy FMMOS,DY-NA,Washington,DC,"Washington, DC",Washington,DC,FMMOS,FMMOS - non-mars,04/21/2026 05:48:00,2026,2026-APR,,component,lmprs,
Mar,2026,,California,51.0,"5,543",Producer Milk Components,AMS_3462,3462,Dairy FMMOS,DY-NA,Washington,DC,"Washington, DC",Washington,DC,FMMOS,FMMOS - non-mars,04/21/2026 05:48:00,2026,2026-APR,,component,lmprs,
Mar,2026,,Florida,6.0,674,Producer Milk Components,AMS_3462,3462,Dairy FMMOS,DY-NA,Washington,DC,"Washington, DC",Washington,DC,FMMOS,FMMOS - non-mars,04/21/2026 05:48:00,2026,2026-APR,,component,lmprs,
Mar,2026,,Central,32.0,"3,511",Producer Milk Components,AMS_3462,3462,Dairy FMMOS,DY-NA,Washington,DC,"Washington, DC",Washington,DC,FMMOS,FMMOS - non-mars,04/21/2026 05:48:00,2026,2026-APR,,component,lmprs,
Mar,2026,,Mideast,33.0,"5,415",Producer Milk Components,AMS_3462,3462,Dairy FMMOS,DY-NA,Washington,DC,"Washington, DC",Washington,DC,FMMOS,FMMOS - non-mars,04/21/2026 05:48:00,2026,2026-APR,,component,lmprs,
Mar,2026,,Northeast,1.0,"6,894",Producer Milk Components,AMS_3462,3462,Dairy FMMOS,DY-NA,Washington,DC,"Washington, DC",Washington,DC,FMMOS,FMMOS - non-mars,04/21/2026 05:48:00,2026,2026-APR,,component,lmprs,
Mar,2026,,Southeast,7.0,823,Producer Milk Components,AMS_3462,3462,Dairy FMMOS,DY-NA,Washington,DC,"Washington, DC",Washington,DC,FMMOS,FMMOS - non-mars,04/21/2026 05:48:00,2026,2026-APR,,component,lmprs,
Mar,2026,,Pacific Northwest,124.0,"1,132",Producer Milk Components,AMS_3462,3462,Dairy FMMOS,DY-NA,Washington,DC,"Washington, DC",Washington,DC,FMMOS,FMMOS - non-mars,04/21/2026 05:48:00,2026,2026-APR,,component,lmprs,
Mar,2026,,Southwest,126.0,"3,738",Producer Milk Components,AMS_3462,3462,Dairy FMMOS,DY-NA,Washington,DC,"Washington, DC",Washington,DC,FMMOS,FMMOS - non-mars,04/21/2026 05:48:00,2026,2026-APR,,component,lmprs,
Dec,2000,,All Markets Combined,,"116,923",Producer Milk Components,AMS_3462,3462,Dairy FMMOS,DY-NA,Washington,DC,"Washington, DC",Washington,DC,FMMOS,FMMOS - non-mars,04/09/2021 07:48:00,2000,2000-MAY,"10,176",component,lmprs,
Dec,2000,,Appalachian,5.0,"6,318",Producer Milk Components,AMS_3462,3462,Dairy FMMOS,DY-NA,Washington,DC,"Washington, DC",Washington,DC,FMMOS,FMMOS - non-mars,04/09/2021 07:48:00,2000,2000-MAY,583,component,lmprs,
Dec,2000,,Arizona,131.0,"3,110",Producer Milk Components,AMS_3462,3462,Dairy FMMOS,DY-NA,Washington,DC,"Washington, DC",Washington,DC,FMMOS,FMMOS - non-mars,04/09/2021 07:48:00,2000,2000-MAY,292,component,lmprs,
Dec,2000,,Central,32.0,"16,036",Producer Milk Components,AMS_3462,3462,Dairy FMMOS,DY-NA,Washington,DC,"Washington, DC",Washington,DC,FMMOS,FMMOS - non-mars,04/09/2021 07:48:00,2000,2000-MAY,"1,427",component,lmprs,
Dec,2000,,Florida,6.0,"2,867",Producer Milk Components,AMS_3462,3462,Dairy FMMOS,DY-NA,Washington,DC,"Washington, DC",Washington,DC,FMMOS,FMMOS - non-mars,04/09/2021 07:48:00,2000,2000-MAY,255,component,lmprs,
Dec,2000,,Mideast,33.0,"14,181",Producer Milk Components,AMS_3462,3462,Dairy FMMOS,DY-NA,Washington,DC,"Washington, DC",Washington,DC,FMMOS,FMMOS - non-mars,04/09/2021 07:48:00,2000,2000-MAY,"1,134",component,lmprs,
Dec,2000,,Northeast,1.0,"23,972",Producer Milk Components,AMS_3462,3462,Dairy FMMOS,DY-NA,Washington,DC,"Washington, DC",Washington,DC,FMMOS,FMMOS - non-mars,04/09/2021 07:48:00,2000,2000-MAY,"2,117",component,lmprs,
Dec,2000,,Pacific Northwest,124.0,"6,776",Producer Milk Components,AMS_3462,3462,Dairy FMMOS,DY-NA,Washington,DC,"Washington, DC",Washington,DC,FMMOS,FMMOS - non-mars,04/09/2021 07:48:00,2000,2000-MAY,494,component,lmprs,
Dec,2000,,Southeast,7.0,"7,487",Producer Milk Components,AMS_3462,3462,Dairy FMMOS,DY-NA,Washington,DC,"Washington, DC",Washington,DC,FMMOS,FMMOS - non-mars,04/09/2021 07:48:00,2000,2000-MAY,663,component,lmprs,
Dec,2000,,Southwest,126.0,"8,713",Producer Milk Components,AMS_3462,3462,Dairy FMMOS,DY-NA,Washington,DC,"Washington, DC",Washington,DC,FMMOS,FMMOS - non-mars,04/09/2021 07:48:00,2000,2000-MAY,738,component,lmprs,
Dec,2000,,Upper Midwest,30.0,"23,415",Producer Milk Components,AMS_3462,3462,Dairy FMMOS,DY-NA,Washington,DC,"Washington, DC",Washington,DC,FMMOS,FMMOS - non-mars,04/09/2021 07:48:00,2000,2000-MAY,"2,085",component,lmprs,
Dec,2000,,Western,135.0,"4,048",Producer Milk Components,AMS_3462,3462,Dairy FMMOS,DY-NA,Washington,DC,"Washington, DC",Washington,DC,FMMOS,FMMOS - non-mars,04/09/2021 07:48:00,2000,2000-MAY,388,component,lmprs,
Dec,2001,,Western,135.0,"4,677",Producer Milk Components,AMS_3462,3462,Dairy FMMOS,DY-NA,Washington,DC,"Washington, DC",Washington,DC,FMMOS,FMMOS - non-mars,04/09/2021 07:46:00,2001,2001-MAY,394,component,lmprs,
Dec,2001,,Upper Midwest,30.0,"20,062",Producer Milk Components,AMS_3462,3462,Dairy FMMOS,DY-NA,Washington,DC,"Washington, DC",Washington,DC,FMMOS,FMMOS - non-mars,04/09/2021 07:46:00,2001,2001-MAY,"1,600",component,lmprs,
Dec,2001,,Southwest,126.0,"8,604",Producer Milk Components,AMS_3462,3462,Dairy FMMOS,DY-NA,Washington,DC,"Washington, DC",Washington,DC,FMMOS,FMMOS - non-mars,04/09/2021 07:46:00,2001,2001-MAY,806,component,lmprs,
Dec,2001,,Southeast,7.0,"7,769",Producer Milk Components,AMS_3462,3462,Dairy FMMOS,DY-NA,Washington,DC,"Washington, DC",Washington,DC,FMMOS,FMMOS - non-mars,04/09/2021 07:46:00,2001,2001-MAY,702,component,lmprs,
Dec,2001,,Pacific Northwest,124.0,"7,088",Producer Milk Components,AMS_3462,3462,Dairy FMMOS,DY-NA,Washington,DC,"Washington, DC",Washington,DC,FMMOS,FMMOS - non-mars,04/09/2021 07:46:00,2001,2001-MAY,631,component,lmprs,
Dec,2001,,Northeast,1.0,"24,557",Producer Milk Components,AMS_3462,3462,Dairy FMMOS,DY-NA,Washington,DC,"Washington, DC",Washington,DC,FMMOS,FMMOS - non-mars,04/09/2021 07:46:00,2001,2001-MAY,"2,196",component,lmprs,
Dec,2001,,Mideast,33.0,"17,229",Producer Milk Components,AMS_3462,3462,Dairy FMMOS,DY-NA,Washington,DC,"Washington, DC",Washington,DC,FMMOS,FMMOS - non-mars,04/09/2021 07:46:00,2001,2001-MAY,"1,473",component,lmprs,
Dec,2001,,Florida,6.0,"2,772",Producer Milk Components,AMS_3462,3462,Dairy FMMOS,DY-NA,Washington,DC,"Washington, DC",Washington,DC,FMMOS,FMMOS - non-mars,04/09/2021 07:46:00,2001,2001-MAY,235,component,lmprs,
Dec,2001,,Central,32.0,"17,836",Producer Milk Components,AMS_3462,3462,Dairy FMMOS,DY-NA,Washington,DC,"Washington, DC",Washington,DC,FMMOS,FMMOS - non-mars,04/09/2021 07:46:00,2001,2001-MAY,"1,579",component,lmprs,
Dec,2001,,Arizona,131.0,"2,956",Producer Milk Components,AMS_3462,3462,Dairy FMMOS,DY-NA,Washington,DC,"Washington, DC",Washington,DC,FMMOS,FMMOS - non-mars,04/09/2021 07:46:00,2001,2001-MAY,269,component,lmprs,
Dec,2001,,Appalachian,5.0,"6,673",Producer Milk Components,AMS_3462,3462,Dairy FMMOS,DY-NA,Washington,DC,"Washington, DC",Washington,DC,FMMOS,FMMOS - non-mars,04/09/2021 07:46:00,2001,2001-MAY,627,component,lmprs,
Dec,2001,,All Markets Combined,,"120,223",Producer Milk Components,AMS_3462,3462,Dairy FMMOS,DY-NA,Washington,DC,"Washington, DC",Washington,DC,FMMOS,FMMOS - non-mars,04/09/2021 07:46:00,2001,2001-MAY,"10,513",component,lmprs,
Dec,2002,,All Markets Combined,,"125,546",Producer Milk Components,AMS_3462,3462,Dairy FMMOS,DY-NA,Washington,DC,"Washington, DC",Washington,DC,FMMOS,FMMOS - non-mars,04/09/2021 07:46:00,2002,2002-MAY,"11,196",component,lmprs,
Dec,2002,,Appalachian,5.0,"6,706",Producer Milk Components,AMS_3462,3462,Dairy FMMOS,DY-NA,Washington,DC,"Washington, DC",Washington,DC,FMMOS,FMMOS - non-mars,04/09/2021 07:46:00,2002,2002-MAY,609,component,lmprs,
Dec,2002,,Arizona,131.0,"3,027",Producer Milk Components,AMS_3462,3462,Dairy FMMOS,DY-NA,Washington,DC,"Washington, DC",Washington,DC,FMMOS,FMMOS - non-mars,04/09/2021 07:46:00,2002,2002-MAY,283,component,lmprs,
Dec,2002,,Central,32.0,"18,700",Producer Milk Components,AMS_3462,3462,Dairy FMMOS,DY-NA,Washington,DC,"Washington, DC",Washington,DC,FMMOS,FMMOS - non-mars,04/09/2021 07:46:00,2002,2002-MAY,"1,614",component,lmprs,
Dec,2002,,Florida,6.0,"2,693",Producer Milk Components,AMS_3462,3462,Dairy FMMOS,DY-NA,Washington,DC,"Washington, DC",Washington,DC,FMMOS,FMMOS - non-mars,04/09/2021 07:46:00,2002,2002-MAY,237,component,lmprs,
Dec,2002,,Mideast,33.0,"17,739",Producer Milk Components,AMS_3462,3462,Dairy FMMOS,DY-NA,Washington,DC,"Washington, DC",Washington,DC,FMMOS,FMMOS - non-mars,04/09/2021 07:46:00,2002,2002-MAY,"1,735",component,lmprs,
Dec,2002,,Northeast,1.0,"25,358",Producer Milk Components,AMS_3462,3462,Dairy FMMOS,DY-NA,Washington,DC,"Washington, DC",Washington,DC,FMMOS,FMMOS - non-mars,04/09/2021 07:46:00,2002,2002-MAY,"2,282",component,lmprs,
Dec,2002,,Pacific Northwest,124.0,"7,824",Producer Milk Components,AMS_3462,3462,Dairy FMMOS,DY-NA,Washington,DC,"Washington, DC",Washington,DC,FMMOS,FMMOS - non-mars,04/09/2021 07:46:00,2002,2002-MAY,690,component,lmprs,
Dec,2002,,Southeast,7.0,"7,927",Producer Milk Components,AMS_3462,3462,Dairy FMMOS,DY-NA,Washington,DC,"Washington, DC",Washington,DC,FMMOS,FMMOS - non-mars,04/09/2021 07:46:00,2002,2002-MAY,742,component,lmprs,
Dec,2002,,Southwest,126.0,"9,714",Producer Milk Components,AMS_3462,3462,Dairy FMMOS,DY-NA,Washington,DC,"Washington, DC",Washington,DC,FMMOS,FMMOS - non-mars,04/09/2021 07:46:00,2002,2002-MAY,896,component,lmprs,
Dec,2002,,Upper Midwest,30.0,"20,307",Producer Milk Components,AMS_3462,3462,Dairy FMMOS,DY-NA,Washington,DC,"Washington, DC",Washington,DC,FMMOS,FMMOS - non-mars,04/09/2021 07:46:00,2002,2002-MAY,"1,621",component,lmprs,
Dec,2002,,Western,135.0,"5,552",Producer Milk Components,AMS_3462,3462,Dairy FMMOS,DY-NA,Washington,DC,"Washington, DC",Washington,DC,FMMOS,FMMOS - non-mars,04/09/2021 07:46:00,2002,2002-MAY,486,component,lmprs,
Dec,2003,,Western,135.0,"4,573",Producer Milk Components,AMS_3462,3462,Dairy FMMOS,DY-NA,Washington,DC,"Washington, DC",Washington,DC,FMMOS,FMMOS - non-mars,04/09/2021 07:46:00,2003,2003-MAY,640,component,lmprs,
Dec,2003,,Upper Midwest,30.0,"17,018",Producer Milk Components,AMS_3462,3462,Dairy FMMOS,DY-NA,Washington,DC,"Washington, DC",Washington,DC,FMMOS,FMMOS - non-mars,04/09/2021 07:46:00,2003,2003-MAY,"1,937",component,lmprs,
Dec,2003,,Southwest,126.0,"9,174",Producer Milk Components,AMS_3462,3462,Dairy FMMOS,DY-NA,Washington,DC,"Washington, DC",Washington,DC,FMMOS,FMMOS - non-mars,04/09/2021 07:46:00,2003,2003-MAY,953,component,lmprs,
Dec,2003,,Southeast,7.0,"7,071",Producer Milk Components,AMS_3462,3462,Dairy FMMOS,DY-NA,Washington,DC,"Washington, DC",Washington,DC,FMMOS,FMMOS - non-mars,04/09/2021 07:46:00,2003,2003-MAY,625,component,lmprs,
Dec,2003,,Northeast,1.0,"24,038",Producer Milk Components,AMS_3462,3462,Dairy FMMOS,DY-NA,Washington,DC,"Washington, DC",Washington,DC,FMMOS,FMMOS - non-mars,04/09/2021 07:46:00,2003,2003-MAY,"2,177",component,lmprs,
Dec,2003,,Pacific Northwest,124.0,"6,336",Producer Milk Components,AMS_3462,3462,Dairy FMMOS,DY-NA,Washington,DC,"Washington, DC",Washington,DC,FMMOS,FMMOS - non-mars,04/09/2021 07:46:00,2003,2003-MAY,642,component,lmprs,
Dec,2003,,Mideast,33.0,"15,750",Producer Milk Components,AMS_3462,3462,Dairy FMMOS,DY-NA,Washington,DC,"Washington, DC",Washington,DC,FMMOS,FMMOS - non-mars,04/09/2021 07:46:00,2003,2003-MAY,"1,533",component,lmprs,
Dec,2003,,Florida,6.0,"2,833",Producer Milk Components,AMS_3462,3462,Dairy FMMOS,DY-NA,Washington,DC,"Washington, DC",Washington,DC,FMMOS,FMMOS - non-mars,04/09/2021 07:46:00,2003,2003-MAY,262,component,lmprs,
Dec,2003,,Arizona,131.0,"3,061",Producer Milk Components,AMS_3462,3462,Dairy FMMOS,DY-NA,Washington,DC,"Washington, DC",Washington,DC,FMMOS,FMMOS - non-mars,04/09/2021 07:46:00,2003,2003-MAY,283,component,lmprs,
Dec,2003,,Central,32.0,"14,411",Producer Milk Components,AMS_3462,3462,Dairy FMMOS,DY-NA,Washington,DC,"Washington, DC",Washington,DC,FMMOS,FMMOS - non-mars,04/09/2021 07:46:00,2003,2003-MAY,"1,479",component,lmprs,
Dec,2003,,Appalachian,5.0,"6,315",Producer Milk Components,AMS_3462,3462,Dairy FMMOS,DY-NA,Washington,DC,"Washington, DC",Washington,DC,FMMOS,FMMOS - non-mars,04/09/2021 07:46:00,2003,2003-MAY,551,component,lmprs,
Dec,2003,,All Markets Combined,,"110,581",Producer Milk Components,AMS_3462,3462,Dairy FMMOS,DY-NA,Washington,DC,"Washington, DC",Washington,DC,FMMOS,FMMOS - non-mars,04/09/2021 07:46:00,2003,2003-MAY,"11,081",component,lmprs,
Dec,2004,,All Markets Combined,,"103,047",Producer Milk Components,AMS_3462,3462,Dairy FMMOS,DY-NA,Washington,DC,"Washington, DC",Washington,DC,FMMOS,FMMOS - non-mars,04/09/2021 07:44:00,2004,2004-MAY,"6,882",component,lmprs,
Dec,2004,,Appalachian,5.0,"6,203",Producer Milk Components,AMS_3462,3462,Dairy FMMOS,DY-NA,Washington,DC,"Washington, DC",Washington,DC,FMMOS,FMMOS - non-mars,04/09/2021 07:44:00,2004,2004-MAY,517,component,lmprs,
Dec,2004,,Central,32.0,"11,589",Producer Milk Components,AMS_3462,3462,Dairy FMMOS,DY-NA,Washington,DC,"Washington, DC",Washington,DC,FMMOS,FMMOS - non-mars,04/09/2021 07:44:00,2004,2004-MAY,652,component,lmprs,
Dec,2004,,Arizona,131.0,"2,901",Producer Milk Components,AMS_3462,3462,Dairy FMMOS,DY-NA,Washington,DC,"Washington, DC",Washington,DC,FMMOS,FMMOS - non-mars,04/09/2021 07:44:00,2004,2004-MAY,248,component,lmprs,
Dec,2004,,Florida,6.0,"2,873",Producer Milk Components,AMS_3462,3462,Dairy FMMOS,DY-NA,Washington,DC,"Washington, DC",Washington,DC,FMMOS,FMMOS - non-mars,04/09/2021 07:44:00,2004,2004-MAY,261,component,lmprs,
Dec,2004,,Mideast,33.0,"15,940",Producer Milk Components,AMS_3462,3462,Dairy FMMOS,DY-NA,Washington,DC,"Washington, DC",Washington,DC,FMMOS,FMMOS - non-mars,04/09/2021 07:44:00,2004,2004-MAY,919,component,lmprs,
Dec,2004,,Pacific Northwest,124.0,"6,518",Producer Milk Components,AMS_3462,3462,Dairy FMMOS,DY-NA,Washington,DC,"Washington, DC",Washington,DC,FMMOS,FMMOS - non-mars,04/09/2021 07:44:00,2004,2004-MAY,440,component,lmprs,
Dec,2004,,Northeast,1.0,"22,670",Producer Milk Components,AMS_3462,3462,Dairy FMMOS,DY-NA,Washington,DC,"Washington, DC",Washington,DC,FMMOS,FMMOS - non-mars,04/09/2021 07:44:00,2004,2004-MAY,"1,895",component,lmprs,
Dec,2004,,Southeast,7.0,"7,164",Producer Milk Components,AMS_3462,3462,Dairy FMMOS,DY-NA,Washington,DC,"Washington, DC",Washington,DC,FMMOS,FMMOS - non-mars,04/09/2021 07:44:00,2004,2004-MAY,616,component,lmprs,
Dec,2004,,Southwest,126.0,"8,790",Producer Milk Components,AMS_3462,3462,Dairy FMMOS,DY-NA,Washington,DC,"Washington, DC",Washington,DC,FMMOS,FMMOS - non-mars,04/09/2021 07:44:00,2004,2004-MAY,672,component,lmprs,
Dec,2004,,Upper Midwest,30.0,"17,302",Producer Milk Components,AMS_3462,3462,Dairy FMMOS,DY-NA,Washington,DC,"Washington, DC",Washington,DC,FMMOS,FMMOS - non-mars,04/09/2021 07:44:00,2004,2004-MAY,663,component,lmprs,
Dec,2004,,Western,135.0,"1,096",Producer Milk Components,AMS_3462,3462,Dairy FMMOS,DY-NA,Washington,DC,"Washington, DC",Washington,DC,FMMOS,FMMOS - non-mars,04/09/2021 07:44:00,2004,2004-MAY,,component,lmprs,
Dec,2005,,Upper Midwest,30.0,"22,450",Producer Milk Components,AMS_3462,3462,Dairy FMMOS,DY-NA,Washington,DC,"Washington, DC",Washington,DC,FMMOS,FMMOS - non-mars,03/30/2021 14:16:00,2005,2005-MAY,"2,265",component,lmprs,
Dec,2005,,Southwest,126.0,"9,579",Producer Milk Components,AMS_3462,3462,Dairy FMMOS,DY-NA,Washington,DC,"Washington, DC",Washington,DC,FMMOS,FMMOS - non-mars,03/30/2021 14:16:00,2005,2005-MAY,846,component,lmprs,
Dec,2005,,Southeast,7.0,"7,544",Producer Milk Components,AMS_3462,3462,Dairy FMMOS,DY-NA,Washington,DC,"Washington, DC",Washington,DC,FMMOS,FMMOS - non-mars,03/30/2021 14:16:00,2005,2005-MAY,724,component,lmprs,
Dec,2005,,Northeast,1.0,"23,565",Producer Milk Components,AMS_3462,3462,Dairy FMMOS,DY-NA,Washington,DC,"Washington, DC",Washington,DC,FMMOS,FMMOS - non-mars,03/30/2021 14:16:00,2005,2005-MAY,"2,142",component,lmprs,
Dec,2005,,Pacific Northwest,124.0,"7,046",Producer Milk Components,AMS_3462,3462,Dairy FMMOS,DY-NA,Washington,DC,"Washington, DC",Washington,DC,FMMOS,FMMOS - non-mars,03/30/2021 14:16:00,2005,2005-MAY,629,component,lmprs,
Dec,2005,,Mideast,33.0,"18,060",Producer Milk Components,AMS_3462,3462,Dairy FMMOS,DY-NA,Washington,DC,"Washington, DC",Washington,DC,FMMOS,FMMOS - non-mars,03/30/2021 14:16:00,2005,2005-MAY,"1,745",component,lmprs,
Dec,2005,,Florida,6.0,"3,125",Producer Milk Components,AMS_3462,3462,Dairy FMMOS,DY-NA,Washington,DC,"Washington, DC",Washington,DC,FMMOS,FMMOS - non-mars,03/30/2021 14:16:00,2005,2005-MAY,284,component,lmprs,
Dec,2005,,Central,32.0,"13,966",Producer Milk Components,AMS_3462,3462,Dairy FMMOS,DY-NA,Washington,DC,"Washington, DC",Washington,DC,FMMOS,FMMOS - non-mars,03/30/2021 14:16:00,2005,2005-MAY,"1,360",component,lmprs,
Dec,2005,,Appalachian,5.0,"6,400",Producer Milk Components,AMS_3462,3462,Dairy FMMOS,DY-NA,Washington,DC,"Washington, DC",Washington,DC,FMMOS,FMMOS - non-mars,03/30/2021 14:16:00,2005,2005-MAY,600,component,lmprs,
Dec,2005,,Arizona,131.0,"2,948",Producer Milk Components,AMS_3462,3462,Dairy FMMOS,DY-NA,Washington,DC,"Washington, DC",Washington,DC,FMMOS,FMMOS - non-mars,03/30/2021 14:16:00,2005,2005-MAY,267,component,lmprs,
Dec,2005,,All Markets Combined,,"114,682",Producer Milk Components,AMS_3462,3462,Dairy FMMOS,DY-NA,Washington,DC,"Washington, DC",Washington,DC,FMMOS,FMMOS - non-mars,03/30/2021 14:16:00,2005,2005-MAY,"10,862",component,lmprs,
Dec,2006,,All Markets Combined,,"120,618",Producer Milk Components,AMS_3462,3462,Dairy FMMOS,DY-NA,Washington,DC,"Washington, DC",Washington,DC,FMMOS,FMMOS - non-mars,03/30/2021 14:16:00,2006,2006-MAY,"11,028",component,lmprs,
Dec,2006,,Arizona,131.0,"3,383",Producer Milk Components,AMS_3462,3462,Dairy FMMOS,DY-NA,Washington,DC,"Washington, DC",Washington,DC,FMMOS,FMMOS - non-mars,03/30/2021 14:16:00,2006,2006-MAY,325,component,lmprs,
Dec,2006,,Appalachian,5.0,"6,243",Producer Milk Components,AMS_3462,3462,Dairy FMMOS,DY-NA,Washington,DC,"Washington, DC",Washington,DC,FMMOS,FMMOS - non-mars,03/30/2021 14:16:00,2006,2006-MAY,586,component,lmprs,
Dec,2006,,Central,32.0,"13,917",Producer Milk Components,AMS_3462,3462,Dairy FMMOS,DY-NA,Washington,DC,"Washington, DC",Washington,DC,FMMOS,FMMOS - non-mars,03/30/2021 14:16:00,2006,2006-MAY,"1,400",component,lmprs,
Dec,2006,,Florida,6.0,"3,126",Producer Milk Components,AMS_3462,3462,Dairy FMMOS,DY-NA,Washington,DC,"Washington, DC",Washington,DC,FMMOS,FMMOS - non-mars,03/30/2021 14:16:00,2006,2006-MAY,271,component,lmprs,
Dec,2006,,Mideast,33.0,"17,189",Producer Milk Components,AMS_3462,3462,Dairy FMMOS,DY-NA,Washington,DC,"Washington, DC",Washington,DC,FMMOS,FMMOS - non-mars,03/30/2021 14:16:00,2006,2006-MAY,"1,578",component,lmprs,
Dec,2006,,Pacific Northwest,124.0,"7,570",Producer Milk Components,AMS_3462,3462,Dairy FMMOS,DY-NA,Washington,DC,"Washington, DC",Washington,DC,FMMOS,FMMOS - non-mars,03/30/2021 14:16:00,2006,2006-MAY,717,component,lmprs,
Dec,2006,,Northeast,1.0,"22,680",Producer Milk Components,AMS_3462,3462,Dairy FMMOS,DY-NA,Washington,DC,"Washington, DC",Washington,DC,FMMOS,FMMOS - non-mars,03/30/2021 14:16:00,2006,2006-MAY,"2,071",component,lmprs,
Dec,2006,,Southeast,7.0,"8,055",Producer Milk Components,AMS_3462,3462,Dairy FMMOS,DY-NA,Washington,DC,"Washington, DC",Washington,DC,FMMOS,FMMOS - non-mars,03/30/2021 14:16:00,2006,2006-MAY,727,component,lmprs,
Dec,2006,,Southwest,126.0,"11,600",Producer Milk Components,AMS_3462,3462,Dairy FMMOS,DY-NA,Washington,DC,"Washington, DC",Washington,DC,FMMOS,FMMOS - non-mars,03/30/2021 14:16:00,2006,2006-MAY,"1,083",component,lmprs,
Dec,2006,,Upper Midwest,30.0,"26,855",Producer Milk Components,AMS_3462,3462,Dairy FMMOS,DY-NA,Washington,DC,"Washington, DC",Washington,DC,FMMOS,FMMOS - non-mars,03/30/2021 14:16:00,2006,2006-MAY,"2,269",component,lmprs,
Dec,2007,,Upper Midwest,30.0,"26,490",Producer Milk Components,AMS_3462,3462,Dairy FMMOS,DY-NA,Washington,DC,"Washington, DC",Washington,DC,FMMOS,FMMOS - non-mars,03/30/2021 14:16:00,2007,2007-MAY,"1,873",component,lmprs,
Dec,2007,,Southwest,126.0,"9,990",Producer Milk Components,AMS_3462,3462,Dairy FMMOS,DY-NA,Washington,DC,"Washington, DC",Washington,DC,FMMOS,FMMOS - non-mars,03/30/2021 14:16:00,2007,2007-MAY,475,component,lmprs,
Dec,2007,,Southeast,7.0,"7,521",Producer Milk Components,AMS_3462,3462,Dairy FMMOS,DY-NA,Washington,DC,"Washington, DC",Washington,DC,FMMOS,FMMOS - non-mars,03/30/2021 14:16:00,2007,2007-MAY,695,component,lmprs,
Dec,2007,,Northeast,1.0,"23,040",Producer Milk Components,AMS_3462,3462,Dairy FMMOS,DY-NA,Washington,DC,"Washington, DC",Washington,DC,FMMOS,FMMOS - non-mars,03/30/2021 14:16:00,2007,2007-MAY,"1,989",component,lmprs,
Dec,2007,,Pacific Northwest,124.0,"7,036",Producer Milk Components,AMS_3462,3462,Dairy FMMOS,DY-NA,Washington,DC,"Washington, DC",Washington,DC,FMMOS,FMMOS - non-mars,03/30/2021 14:16:00,2007,2007-MAY,592,component,lmprs,
Dec,2007,,Mideast,33.0,"16,268",Producer Milk Components,AMS_3462,3462,Dairy FMMOS,DY-NA,Washington,DC,"Washington, DC",Washington,DC,FMMOS,FMMOS - non-mars,03/30/2021 14:16:00,2007,2007-MAY,"1,424",component,lmprs,
Dec,2007,,Florida,6.0,"3,207",Producer Milk Components,AMS_3462,3462,Dairy FMMOS,DY-NA,Washington,DC,"Washington, DC",Washington,DC,FMMOS,FMMOS - non-mars,03/30/2021 14:16:00,2007,2007-MAY,287,component,lmprs,
Dec,2007,,Central,32.0,"11,193",Producer Milk Components,AMS_3462,3462,Dairy FMMOS,DY-NA,Washington,DC,"Washington, DC",Washington,DC,FMMOS,FMMOS - non-mars,03/30/2021 14:16:00,2007,2007-MAY,893,component,lmprs,
Dec,2007,,Appalachian,5.0,"5,865",Producer Milk Components,AMS_3462,3462,Dairy FMMOS,DY-NA,Washington,DC,"Washington, DC",Washington,DC,FMMOS,FMMOS - non-mars,03/30/2021 14:16:00,2007,2007-MAY,475,component,lmprs,
Dec,2007,,Arizona,131.0,"3,799",Producer Milk Components,AMS_3462,3462,Dairy FMMOS,DY-NA,Washington,DC,"Washington, DC",Washington,DC,FMMOS,FMMOS - non-mars,03/30/2021 14:16:00,2007,2007-MAY,346,component,lmprs,
Dec,2007,,All Markets Combined,,"114,407",Producer Milk Components,AMS_3462,3462,Dairy FMMOS,DY-NA,Washington,DC,"Washington, DC",Washington,DC,FMMOS,FMMOS - non-mars,03/30/2021 14:16:00,2007,2007-MAY,"9,050",component,lmprs,
Dec,2008,,All Markets Combined,,"115,867",Producer Milk Components,AMS_3462,3462,Dairy FMMOS,DY-NA,Washington,DC,"Washington, DC",Washington,DC,FMMOS,FMMOS - non-mars,03/30/2021 14:15:00,2008,2008-MAY,"8,979",component,lmprs,
Dec,2008,,Arizona,131.0,"4,156",Producer Milk Components,AMS_3462,3462,Dairy FMMOS,DY-NA,Washington,DC,"Washington, DC",Washington,DC,FMMOS,FMMOS - non-mars,03/30/2021 14:15:00,2008,2008-MAY,388,component,lmprs,
Dec,2008,,Appalachian,5.0,"5,882",Producer Milk Components,AMS_3462,3462,Dairy FMMOS,DY-NA,Washington,DC,"Washington, DC",Washington,DC,FMMOS,FMMOS - non-mars,03/30/2021 14:15:00,2008,2008-MAY,491,component,lmprs,
Dec,2008,,Central,32.0,"11,564",Producer Milk Components,AMS_3462,3462,Dairy FMMOS,DY-NA,Washington,DC,"Washington, DC",Washington,DC,FMMOS,FMMOS - non-mars,03/30/2021 14:15:00,2008,2008-MAY,817,component,lmprs,
Dec,2008,,Florida,6.0,"3,130",Producer Milk Components,AMS_3462,3462,Dairy FMMOS,DY-NA,Washington,DC,"Washington, DC",Washington,DC,FMMOS,FMMOS - non-mars,03/30/2021 14:15:00,2008,2008-MAY,270,component,lmprs,
Dec,2008,,Mideast,33.0,"15,707",Producer Milk Components,AMS_3462,3462,Dairy FMMOS,DY-NA,Washington,DC,"Washington, DC",Washington,DC,FMMOS,FMMOS - non-mars,03/30/2021 14:15:00,2008,2008-MAY,"1,230",component,lmprs,
Dec,2008,,Pacific Northwest,124.0,"6,882",Producer Milk Components,AMS_3462,3462,Dairy FMMOS,DY-NA,Washington,DC,"Washington, DC",Washington,DC,FMMOS,FMMOS - non-mars,03/30/2021 14:15:00,2008,2008-MAY,531,component,lmprs,
Dec,2008,,Northeast,1.0,"23,895",Producer Milk Components,AMS_3462,3462,Dairy FMMOS,DY-NA,Washington,DC,"Washington, DC",Washington,DC,FMMOS,FMMOS - non-mars,03/30/2021 14:15:00,2008,2008-MAY,"2,086",component,lmprs,
Dec,2008,,Southeast,7.0,"6,923",Producer Milk Components,AMS_3462,3462,Dairy FMMOS,DY-NA,Washington,DC,"Washington, DC",Washington,DC,FMMOS,FMMOS - non-mars,03/30/2021 14:15:00,2008,2008-MAY,597,component,lmprs,
Dec,2008,,Southwest,126.0,"9,687",Producer Milk Components,AMS_3462,3462,Dairy FMMOS,DY-NA,Washington,DC,"Washington, DC",Washington,DC,FMMOS,FMMOS - non-mars,03/30/2021 14:15:00,2008,2008-MAY,702,component,lmprs,
Dec,2008,,Upper Midwest,30.0,"28,041",Producer Milk Components,AMS_3462,3462,Dairy FMMOS,DY-NA,Washington,DC,"Washington, DC",Washington,DC,FMMOS,FMMOS - non-mars,03/30/2021 14:15:00,2008,2008-MAY,"1,868",component,lmprs,
Dec,2009,,Upper Midwest,30.0,"32,184",Producer Milk Components,AMS_3462,3462,Dairy FMMOS,DY-NA,Washington,DC,"Washington, DC",Washington,DC,FMMOS,FMMOS - non-mars,03/30/2021 14:15:00,2009,2009-MAY,"2,885",component,lmprs,
Dec,2009,,Southwest,126.0,"10,809",Producer Milk Components,AMS_3462,3462,Dairy FMMOS,DY-NA,Washington,DC,"Washington, DC",Washington,DC,FMMOS,FMMOS - non-mars,03/30/2021 14:15:00,2009,2009-MAY,"1,085",component,lmprs,
Dec,2009,,Southeast,7.0,"7,169",Producer Milk Components,AMS_3462,3462,Dairy FMMOS,DY-NA,Washington,DC,"Washington, DC",Washington,DC,FMMOS,FMMOS - non-mars,03/30/2021 14:15:00,2009,2009-MAY,663,component,lmprs,
Dec,2009,,Northeast,1.0,"23,497",Producer Milk Components,AMS_3462,3462,Dairy FMMOS,DY-NA,Washington,DC,"Washington, DC",Washington,DC,FMMOS,FMMOS - non-mars,03/30/2021 14:15:00,2009,2009-MAY,"2,121",component,lmprs,
Dec,2009,,Pacific Northwest,124.0,"7,470",Producer Milk Components,AMS_3462,3462,Dairy FMMOS,DY-NA,Washington,DC,"Washington, DC",Washington,DC,FMMOS,FMMOS - non-mars,03/30/2021 14:15:00,2009,2009-MAY,691,component,lmprs,
Dec,2009,,Mideast,33.0,"16,596",Producer Milk Components,AMS_3462,3462,Dairy FMMOS,DY-NA,Washington,DC,"Washington, DC",Washington,DC,FMMOS,FMMOS - non-mars,03/30/2021 14:15:00,2009,2009-MAY,"1,494",component,lmprs,
Dec,2009,,Florida,6.0,"3,027",Producer Milk Components,AMS_3462,3462,Dairy FMMOS,DY-NA,Washington,DC,"Washington, DC",Washington,DC,FMMOS,FMMOS - non-mars,03/30/2021 14:15:00,2009,2009-MAY,248,component,lmprs,
Dec,2009,,Central,32.0,"12,685",Producer Milk Components,AMS_3462,3462,Dairy FMMOS,DY-NA,Washington,DC,"Washington, DC",Washington,DC,FMMOS,FMMOS - non-mars,03/30/2021 14:15:00,2009,2009-MAY,"1,256",component,lmprs,
Dec,2009,,Appalachian,5.0,"5,950",Producer Milk Components,AMS_3462,3462,Dairy FMMOS,DY-NA,Washington,DC,"Washington, DC",Washington,DC,FMMOS,FMMOS - non-mars,03/30/2021 14:15:00,2009,2009-MAY,509,component,lmprs,
Dec,2009,,Arizona,131.0,"4,042",Producer Milk Components,AMS_3462,3462,Dairy FMMOS,DY-NA,Washington,DC,"Washington, DC",Washington,DC,FMMOS,FMMOS - non-mars,03/30/2021 14:15:00,2009,2009-MAY,369,component,lmprs,
Dec,2009,,All Markets Combined,,"123,430",Producer Milk Components,AMS_3462,3462,Dairy FMMOS,DY-NA,Washington,DC,"Washington, DC",Washington,DC,FMMOS,FMMOS - non-mars,03/30/2021 14:15:00,2009,2009-MAY,"11,320",component,lmprs,
Dec,2010,,All Markets Combined,,"126,909",Producer Milk Components,AMS_3462,3462,Dairy FMMOS,DY-NA,Washington,DC,"Washington, DC",Washington,DC,FMMOS,FMMOS - non-mars,03/30/2021 14:14:00,2010,2010-MAY,"11,142",component,lmprs,
Dec,2010,,Arizona,131.0,"4,232",Producer Milk Components,AMS_3462,3462,Dairy FMMOS,DY-NA,Washington,DC,"Washington, DC",Washington,DC,FMMOS,FMMOS - non-mars,03/30/2021 14:14:00,2010,2010-MAY,383,component,lmprs,
Dec,2010,,Appalachian,5.0,"6,042",Producer Milk Components,AMS_3462,3462,Dairy FMMOS,DY-NA,Washington,DC,"Washington, DC",Washington,DC,FMMOS,FMMOS - non-mars,03/30/2021 14:14:00,2010,2010-MAY,511,component,lmprs,
Dec,2010,,Central,32.0,"13,352",Producer Milk Components,AMS_3462,3462,Dairy FMMOS,DY-NA,Washington,DC,"Washington, DC",Washington,DC,FMMOS,FMMOS - non-mars,03/30/2021 14:14:00,2010,2010-MAY,"1,045",component,lmprs,
Dec,2010,,Florida,6.0,"2,902",Producer Milk Components,AMS_3462,3462,Dairy FMMOS,DY-NA,Washington,DC,"Washington, DC",Washington,DC,FMMOS,FMMOS - non-mars,03/30/2021 14:14:00,2010,2010-MAY,240,component,lmprs,
Dec,2010,,Mideast,33.0,"16,022",Producer Milk Components,AMS_3462,3462,Dairy FMMOS,DY-NA,Washington,DC,"Washington, DC",Washington,DC,FMMOS,FMMOS - non-mars,03/30/2021 14:14:00,2010,2010-MAY,"1,411",component,lmprs,
Dec,2010,,Pacific Northwest,124.0,"8,011",Producer Milk Components,AMS_3462,3462,Dairy FMMOS,DY-NA,Washington,DC,"Washington, DC",Washington,DC,FMMOS,FMMOS - non-mars,03/30/2021 14:14:00,2010,2010-MAY,680,component,lmprs,
Dec,2010,,Northeast,1.0,"24,335",Producer Milk Components,AMS_3462,3462,Dairy FMMOS,DY-NA,Washington,DC,"Washington, DC",Washington,DC,FMMOS,FMMOS - non-mars,03/30/2021 14:14:00,2010,2010-MAY,"2,178",component,lmprs,
Dec,2010,,Southeast,7.0,"7,001",Producer Milk Components,AMS_3462,3462,Dairy FMMOS,DY-NA,Washington,DC,"Washington, DC",Washington,DC,FMMOS,FMMOS - non-mars,03/30/2021 14:14:00,2010,2010-MAY,622,component,lmprs,
Dec,2010,,Southwest,126.0,"11,210",Producer Milk Components,AMS_3462,3462,Dairy FMMOS,DY-NA,Washington,DC,"Washington, DC",Washington,DC,FMMOS,FMMOS - non-mars,03/30/2021 14:14:00,2010,2010-MAY,"1,053",component,lmprs,
Dec,2010,,Upper Midwest,30.0,"33,803",Producer Milk Components,AMS_3462,3462,Dairy FMMOS,DY-NA,Washington,DC,"Washington, DC",Washington,DC,FMMOS,FMMOS - non-mars,03/30/2021 14:14:00,2010,2010-MAY,"3,018",component,lmprs,
Dec,2011,,Southwest,126.0,"11,233",Producer Milk Components,AMS_3462,3462,Dairy FMMOS,DY-NA,Washington,DC,"Washington, DC",Washington,DC,FMMOS,FMMOS - non-mars,03/30/2021 14:14:00,2011,2011-MAY,"1,049",component,lmprs,
Dec,2011,,Upper Midwest,30.0,"32,766",Producer Milk Components,AMS_3462,3462,Dairy FMMOS,DY-NA,Washington,DC,"Washington, DC",Washington,DC,FMMOS,FMMOS - non-mars,03/30/2021 14:14:00,2011,2011-MAY,"2,895",component,lmprs,
Dec,2011,,Southeast,7.0,"7,057",Producer Milk Components,AMS_3462,3462,Dairy FMMOS,DY-NA,Washington,DC,"Washington, DC",Washington,DC,FMMOS,FMMOS - non-mars,03/30/2021 14:14:00,2011,2011-MAY,621,component,lmprs,
Dec,2011,,Pacific Northwest,124.0,"8,023",Producer Milk Components,AMS_3462,3462,Dairy FMMOS,DY-NA,Washington,DC,"Washington, DC",Washington,DC,FMMOS,FMMOS - non-mars,03/30/2021 14:14:00,2011,2011-MAY,630,component,lmprs,
Dec,2011,,Mideast,33.0,"15,939",Producer Milk Components,AMS_3462,3462,Dairy FMMOS,DY-NA,Washington,DC,"Washington, DC",Washington,DC,FMMOS,FMMOS - non-mars,03/30/2021 14:14:00,2011,2011-MAY,"1,233",component,lmprs,
Dec,2011,,Northeast,1.0,"24,358",Producer Milk Components,AMS_3462,3462,Dairy FMMOS,DY-NA,Washington,DC,"Washington, DC",Washington,DC,FMMOS,FMMOS - non-mars,03/30/2021 14:14:00,2011,2011-MAY,"2,211",component,lmprs,
Dec,2011,,Florida,6.0,"2,919",Producer Milk Components,AMS_3462,3462,Dairy FMMOS,DY-NA,Washington,DC,"Washington, DC",Washington,DC,FMMOS,FMMOS - non-mars,03/30/2021 14:14:00,2011,2011-MAY,249,component,lmprs,
Dec,2011,,Central,32.0,"13,938",Producer Milk Components,AMS_3462,3462,Dairy FMMOS,DY-NA,Washington,DC,"Washington, DC",Washington,DC,FMMOS,FMMOS - non-mars,03/30/2021 14:14:00,2011,2011-MAY,"1,235",component,lmprs,
Dec,2011,,Appalachian,5.0,"6,128",Producer Milk Components,AMS_3462,3462,Dairy FMMOS,DY-NA,Washington,DC,"Washington, DC",Washington,DC,FMMOS,FMMOS - non-mars,03/30/2021 14:14:00,2011,2011-MAY,548,component,lmprs,
Dec,2011,,Arizona,131.0,"4,518",Producer Milk Components,AMS_3462,3462,Dairy FMMOS,DY-NA,Washington,DC,"Washington, DC",Washington,DC,FMMOS,FMMOS - non-mars,03/30/2021 14:14:00,2011,2011-MAY,408,component,lmprs,
Dec,2011,,All Markets Combined,,"126,879",Producer Milk Components,AMS_3462,3462,Dairy FMMOS,DY-NA,Washington,DC,"Washington, DC",Washington,DC,FMMOS,FMMOS - non-mars,03/30/2021 14:14:00,2011,2011-MAY,"11,081",component,lmprs,
Dec,2012,,All Markets Combined,,"122,388",Producer Milk Components,AMS_3462,3462,Dairy FMMOS,DY-NA,Washington,DC,"Washington, DC",Washington,DC,FMMOS,FMMOS - non-mars,03/30/2021 14:13:00,2012,2012-MAY,"11,821",component,lmprs,
Dec,2012,,Arizona,131.0,"4,556",Producer Milk Components,AMS_3462,3462,Dairy FMMOS,DY-NA,Washington,DC,"Washington, DC",Washington,DC,FMMOS,FMMOS - non-mars,03/30/2021 14:13:00,2012,2012-MAY,424,component,lmprs,
Dec,2012,,Appalachian,5.0,"5,863",Producer Milk Components,AMS_3462,3462,Dairy FMMOS,DY-NA,Washington,DC,"Washington, DC",Washington,DC,FMMOS,FMMOS - non-mars,03/30/2021 14:13:00,2012,2012-MAY,509,component,lmprs,
Dec,2012,,Central,32.0,"13,389",Producer Milk Components,AMS_3462,3462,Dairy FMMOS,DY-NA,Washington,DC,"Washington, DC",Washington,DC,FMMOS,FMMOS - non-mars,03/30/2021 14:13:00,2012,2012-MAY,"1,409",component,lmprs,
Dec,2012,,Florida,6.0,"2,890",Producer Milk Components,AMS_3462,3462,Dairy FMMOS,DY-NA,Washington,DC,"Washington, DC",Washington,DC,FMMOS,FMMOS - non-mars,03/30/2021 14:13:00,2012,2012-MAY,243,component,lmprs,
Dec,2012,,Northeast,1.0,"24,695",Producer Milk Components,AMS_3462,3462,Dairy FMMOS,DY-NA,Washington,DC,"Washington, DC",Washington,DC,FMMOS,FMMOS - non-mars,03/30/2021 14:13:00,2012,2012-MAY,"2,143",component,lmprs,
Dec,2012,,Mideast,33.0,"16,806",Producer Milk Components,AMS_3462,3462,Dairy FMMOS,DY-NA,Washington,DC,"Washington, DC",Washington,DC,FMMOS,FMMOS - non-mars,03/30/2021 14:13:00,2012,2012-MAY,"1,594",component,lmprs,
Dec,2012,,Pacific Northwest,124.0,"6,719",Producer Milk Components,AMS_3462,3462,Dairy FMMOS,DY-NA,Washington,DC,"Washington, DC",Washington,DC,FMMOS,FMMOS - non-mars,03/30/2021 14:13:00,2012,2012-MAY,737,component,lmprs,
Dec,2012,,Southeast,7.0,"6,794",Producer Milk Components,AMS_3462,3462,Dairy FMMOS,DY-NA,Washington,DC,"Washington, DC",Washington,DC,FMMOS,FMMOS - non-mars,03/30/2021 14:13:00,2012,2012-MAY,602,component,lmprs,
Dec,2012,,Upper Midwest,30.0,"30,684",Producer Milk Components,AMS_3462,3462,Dairy FMMOS,DY-NA,Washington,DC,"Washington, DC",Washington,DC,FMMOS,FMMOS - non-mars,03/30/2021 14:13:00,2012,2012-MAY,"3,045",component,lmprs,
Dec,2012,,Southwest,126.0,"9,994",Producer Milk Components,AMS_3462,3462,Dairy FMMOS,DY-NA,Washington,DC,"Washington, DC",Washington,DC,FMMOS,FMMOS - non-mars,03/30/2021 14:13:00,2012,2012-MAY,"1,114",component,lmprs,
Dec,2013,,Southwest,126.0,"12,901",Producer Milk Components,AMS_3462,3462,Dairy FMMOS,DY-NA,Washington,DC,"Washington, DC",Washington,DC,FMMOS,FMMOS - non-mars,03/30/2021 14:13:00,2013,2013-MAY,"1,090",component,lmprs,
Dec,2013,,Upper Midwest,30.0,"34,315",Producer Milk Components,AMS_3462,3462,Dairy FMMOS,DY-NA,Washington,DC,"Washington, DC",Washington,DC,FMMOS,FMMOS - non-mars,03/30/2021 14:13:00,2013,2013-MAY,"2,847",component,lmprs,
Dec,2013,,Southeast,7.0,"6,129",Producer Milk Components,AMS_3462,3462,Dairy FMMOS,DY-NA,Washington,DC,"Washington, DC",Washington,DC,FMMOS,FMMOS - non-mars,03/30/2021 14:13:00,2013,2013-MAY,527,component,lmprs,
Dec,2013,,Pacific Northwest,124.0,"8,239",Producer Milk Components,AMS_3462,3462,Dairy FMMOS,DY-NA,Washington,DC,"Washington, DC",Washington,DC,FMMOS,FMMOS - non-mars,03/30/2021 14:13:00,2013,2013-MAY,749,component,lmprs,
Dec,2013,,Mideast,33.0,"16,719",Producer Milk Components,AMS_3462,3462,Dairy FMMOS,DY-NA,Washington,DC,"Washington, DC",Washington,DC,FMMOS,FMMOS - non-mars,03/30/2021 14:13:00,2013,2013-MAY,"1,568",component,lmprs,
Dec,2013,,Northeast,1.0,"25,420",Producer Milk Components,AMS_3462,3462,Dairy FMMOS,DY-NA,Washington,DC,"Washington, DC",Washington,DC,FMMOS,FMMOS - non-mars,03/30/2021 14:13:00,2013,2013-MAY,"2,283",component,lmprs,
Dec,2013,,Florida,6.0,"2,833",Producer Milk Components,AMS_3462,3462,Dairy FMMOS,DY-NA,Washington,DC,"Washington, DC",Washington,DC,FMMOS,FMMOS - non-mars,03/30/2021 14:13:00,2013,2013-MAY,243,component,lmprs,
Dec,2013,,Central,32.0,"15,199",Producer Milk Components,AMS_3462,3462,Dairy FMMOS,DY-NA,Washington,DC,"Washington, DC",Washington,DC,FMMOS,FMMOS - non-mars,03/30/2021 14:13:00,2013,2013-MAY,"1,227",component,lmprs,
Dec,2013,,Arizona,131.0,"4,615",Producer Milk Components,AMS_3462,3462,Dairy FMMOS,DY-NA,Washington,DC,"Washington, DC",Washington,DC,FMMOS,FMMOS - non-mars,03/30/2021 14:13:00,2013,2013-MAY,419,component,lmprs,
Dec,2013,,All Markets Combined,,"132,100",Producer Milk Components,AMS_3462,3462,Dairy FMMOS,DY-NA,Washington,DC,"Washington, DC",Washington,DC,FMMOS,FMMOS - non-mars,03/30/2021 14:13:00,2013,2013-MAY,"11,455",component,lmprs,
Dec,2013,,Appalachian,5.0,"5,729",Producer Milk Components,AMS_3462,3462,Dairy FMMOS,DY-NA,Washington,DC,"Washington, DC",Washington,DC,FMMOS,FMMOS - non-mars,03/30/2021 14:13:00,2013,2013-MAY,502,component,lmprs,
Dec,2014,,Appalachian,5.0,"5,594",Producer Milk Components,AMS_3462,3462,Dairy FMMOS,DY-NA,Washington,DC,"Washington, DC",Washington,DC,FMMOS,FMMOS - non-mars,03/30/2021 14:13:00,2014,2014-MAY,495,component,lmprs,
Dec,2014,,All Markets Combined,,"129,420",Producer Milk Components,AMS_3462,3462,Dairy FMMOS,DY-NA,Washington,DC,"Washington, DC",Washington,DC,FMMOS,FMMOS - non-mars,03/30/2021 14:13:00,2014,2014-MAY,"11,960",component,lmprs,
Dec,2014,,Arizona,131.0,"4,800",Producer Milk Components,AMS_3462,3462,Dairy FMMOS,DY-NA,Washington,DC,"Washington, DC",Washington,DC,FMMOS,FMMOS - non-mars,03/30/2021 14:13:00,2014,2014-MAY,451,component,lmprs,
Dec,2014,,Central,32.0,"15,063",Producer Milk Components,AMS_3462,3462,Dairy FMMOS,DY-NA,Washington,DC,"Washington, DC",Washington,DC,FMMOS,FMMOS - non-mars,03/30/2021 14:13:00,2014,2014-MAY,"1,449",component,lmprs,
Dec,2014,,Florida,6.0,"2,771",Producer Milk Components,AMS_3462,3462,Dairy FMMOS,DY-NA,Washington,DC,"Washington, DC",Washington,DC,FMMOS,FMMOS - non-mars,03/30/2021 14:13:00,2014,2014-MAY,224,component,lmprs,
Dec,2014,,Northeast,1.0,"25,793",Producer Milk Components,AMS_3462,3462,Dairy FMMOS,DY-NA,Washington,DC,"Washington, DC",Washington,DC,FMMOS,FMMOS - non-mars,03/30/2021 14:13:00,2014,2014-MAY,"2,236",component,lmprs,
Dec,2014,,Mideast,33.0,"17,297",Producer Milk Components,AMS_3462,3462,Dairy FMMOS,DY-NA,Washington,DC,"Washington, DC",Washington,DC,FMMOS,FMMOS - non-mars,03/30/2021 14:13:00,2014,2014-MAY,"1,541",component,lmprs,
Dec,2014,,Pacific Northwest,124.0,"7,892",Producer Milk Components,AMS_3462,3462,Dairy FMMOS,DY-NA,Washington,DC,"Washington, DC",Washington,DC,FMMOS,FMMOS - non-mars,03/30/2021 14:13:00,2014,2014-MAY,775,component,lmprs,
Dec,2014,,Southeast,7.0,"5,289",Producer Milk Components,AMS_3462,3462,Dairy FMMOS,DY-NA,Washington,DC,"Washington, DC",Washington,DC,FMMOS,FMMOS - non-mars,03/30/2021 14:13:00,2014,2014-MAY,499,component,lmprs,
Dec,2014,,Upper Midwest,30.0,"32,785",Producer Milk Components,AMS_3462,3462,Dairy FMMOS,DY-NA,Washington,DC,"Washington, DC",Washington,DC,FMMOS,FMMOS - non-mars,03/30/2021 14:13:00,2014,2014-MAY,"3,039",component,lmprs,
Dec,2014,,Southwest,126.0,"12,137",Producer Milk Components,AMS_3462,3462,Dairy FMMOS,DY-NA,Washington,DC,"Washington, DC",Washington,DC,FMMOS,FMMOS - non-mars,03/30/2021 14:13:00,2014,2014-MAY,"1,250",component,lmprs,
Dec,2015,,Southwest,126.0,"11,891",Producer Milk Components,AMS_3462,3462,Dairy FMMOS,DY-NA,Washington,DC,"Washington, DC",Washington,DC,FMMOS,FMMOS - non-mars,03/30/2021 14:12:00,2015,2015-MAY,684,component,lmprs,
Dec,2015,,Upper Midwest,30.0,"30,318",Producer Milk Components,AMS_3462,3462,Dairy FMMOS,DY-NA,Washington,DC,"Washington, DC",Washington,DC,FMMOS,FMMOS - non-mars,03/30/2021 14:12:00,2015,2015-MAY,"2,307",component,lmprs,
Dec,2015,,Southeast,7.0,"5,205",Producer Milk Components,AMS_3462,3462,Dairy FMMOS,DY-NA,Washington,DC,"Washington, DC",Washington,DC,FMMOS,FMMOS - non-mars,03/30/2021 14:12:00,2015,2015-MAY,454,component,lmprs,
Dec,2015,,Pacific Northwest,124.0,"6,646",Producer Milk Components,AMS_3462,3462,Dairy FMMOS,DY-NA,Washington,DC,"Washington, DC",Washington,DC,FMMOS,FMMOS - non-mars,03/30/2021 14:12:00,2015,2015-MAY,600,component,lmprs,
Dec,2015,,Mideast,33.0,"18,376",Producer Milk Components,AMS_3462,3462,Dairy FMMOS,DY-NA,Washington,DC,"Washington, DC",Washington,DC,FMMOS,FMMOS - non-mars,03/30/2021 14:12:00,2015,2015-MAY,"1,487",component,lmprs,
Dec,2015,,Northeast,1.0,"26,039",Producer Milk Components,AMS_3462,3462,Dairy FMMOS,DY-NA,Washington,DC,"Washington, DC",Washington,DC,FMMOS,FMMOS - non-mars,03/30/2021 14:12:00,2015,2015-MAY,"2,252",component,lmprs,
Dec,2015,,Florida,6.0,"2,741",Producer Milk Components,AMS_3462,3462,Dairy FMMOS,DY-NA,Washington,DC,"Washington, DC",Washington,DC,FMMOS,FMMOS - non-mars,03/30/2021 14:12:00,2015,2015-MAY,223,component,lmprs,
Dec,2015,,Central,32.0,"14,476",Producer Milk Components,AMS_3462,3462,Dairy FMMOS,DY-NA,Washington,DC,"Washington, DC",Washington,DC,FMMOS,FMMOS - non-mars,03/30/2021 14:12:00,2015,2015-MAY,"1,115",component,lmprs,
Dec,2015,,Arizona,131.0,"4,788",Producer Milk Components,AMS_3462,3462,Dairy FMMOS,DY-NA,Washington,DC,"Washington, DC",Washington,DC,FMMOS,FMMOS - non-mars,03/30/2021 14:12:00,2015,2015-MAY,431,component,lmprs,
Dec,2015,,All Markets Combined,,"126,126",Producer Milk Components,AMS_3462,3462,Dairy FMMOS,DY-NA,Washington,DC,"Washington, DC",Washington,DC,FMMOS,FMMOS - non-mars,03/30/2021 14:12:00,2015,2015-MAY,"10,053",component,lmprs,
Dec,2015,,Appalachian,5.0,"5,646",Producer Milk Components,AMS_3462,3462,Dairy FMMOS,DY-NA,Washington,DC,"Washington, DC",Washington,DC,FMMOS,FMMOS - non-mars,03/30/2021 14:12:00,2015,2015-MAY,500,component,lmprs,
Dec,2016,,Appalachian,5.0,"5,595",Producer Milk Components,AMS_3462,3462,Dairy FMMOS,DY-NA,Washington,DC,"Washington, DC",Washington,DC,FMMOS,FMMOS - non-mars,03/30/2021 14:12:00,2016,2016-MAY,490,component,lmprs,
Dec,2016,,All Markets Combined,,"133,846",Producer Milk Components,AMS_3462,3462,Dairy FMMOS,DY-NA,Washington,DC,"Washington, DC",Washington,DC,FMMOS,FMMOS - non-mars,03/30/2021 14:12:00,2016,2016-MAY,"12,574",component,lmprs,
Dec,2016,,Arizona,131.0,"4,979",Producer Milk Components,AMS_3462,3462,Dairy FMMOS,DY-NA,Washington,DC,"Washington, DC",Washington,DC,FMMOS,FMMOS - non-mars,03/30/2021 14:12:00,2016,2016-MAY,469,component,lmprs,
Dec,2016,,Central,32.0,"15,088",Producer Milk Components,AMS_3462,3462,Dairy FMMOS,DY-NA,Washington,DC,"Washington, DC",Washington,DC,FMMOS,FMMOS - non-mars,03/30/2021 14:12:00,2016,2016-MAY,"1,509",component,lmprs,
Dec,2016,,Florida,6.0,"2,714",Producer Milk Components,AMS_3462,3462,Dairy FMMOS,DY-NA,Washington,DC,"Washington, DC",Washington,DC,FMMOS,FMMOS - non-mars,03/30/2021 14:12:00,2016,2016-MAY,228,component,lmprs,
Dec,2016,,Northeast,1.0,"27,007",Producer Milk Components,AMS_3462,3462,Dairy FMMOS,DY-NA,Washington,DC,"Washington, DC",Washington,DC,FMMOS,FMMOS - non-mars,03/30/2021 14:12:00,2016,2016-MAY,"2,373",component,lmprs,
Dec,2016,,Mideast,33.0,"19,655",Producer Milk Components,AMS_3462,3462,Dairy FMMOS,DY-NA,Washington,DC,"Washington, DC",Washington,DC,FMMOS,FMMOS - non-mars,03/30/2021 14:12:00,2016,2016-MAY,"1,826",component,lmprs,
Dec,2016,,Pacific Northwest,124.0,"7,883",Producer Milk Components,AMS_3462,3462,Dairy FMMOS,DY-NA,Washington,DC,"Washington, DC",Washington,DC,FMMOS,FMMOS - non-mars,03/30/2021 14:12:00,2016,2016-MAY,774,component,lmprs,
Dec,2016,,Southeast,7.0,"5,390",Producer Milk Components,AMS_3462,3462,Dairy FMMOS,DY-NA,Washington,DC,"Washington, DC",Washington,DC,FMMOS,FMMOS - non-mars,03/30/2021 14:12:00,2016,2016-MAY,479,component,lmprs,
Dec,2016,,Upper Midwest,30.0,"32,817",Producer Milk Components,AMS_3462,3462,Dairy FMMOS,DY-NA,Washington,DC,"Washington, DC",Washington,DC,FMMOS,FMMOS - non-mars,03/30/2021 14:12:00,2016,2016-MAY,"3,165",component,lmprs,
Dec,2016,,Southwest,126.0,"12,717",Producer Milk Components,AMS_3462,3462,Dairy FMMOS,DY-NA,Washington,DC,"Washington, DC",Washington,DC,FMMOS,FMMOS - non-mars,03/30/2021 14:12:00,2016,2016-MAY,"1,261",component,lmprs,
Dec,2017,,Southwest,126.0,"13,092",Producer Milk Components,AMS_3462,3462,Dairy FMMOS,DY-NA,Washington,DC,"Washington, DC",Washington,DC,FMMOS,FMMOS - non-mars,03/30/2021 14:11:00,2017,2017-MAY,918,component,lmprs,
Dec,2017,,Upper Midwest,30.0,"32,312",Producer Milk Components,AMS_3462,3462,Dairy FMMOS,DY-NA,Washington,DC,"Washington, DC",Washington,DC,FMMOS,FMMOS - non-mars,03/30/2021 14:11:00,2017,2017-MAY,"2,458",component,lmprs,
Dec,2017,,Southeast,7.0,"5,452",Producer Milk Components,AMS_3462,3462,Dairy FMMOS,DY-NA,Washington,DC,"Washington, DC",Washington,DC,FMMOS,FMMOS - non-mars,03/30/2021 14:11:00,2017,2017-MAY,497,component,lmprs,
Dec,2017,,Pacific Northwest,124.0,"7,661",Producer Milk Components,AMS_3462,3462,Dairy FMMOS,DY-NA,Washington,DC,"Washington, DC",Washington,DC,FMMOS,FMMOS - non-mars,03/30/2021 14:11:00,2017,2017-MAY,633,component,lmprs,
Dec,2017,,Mideast,33.0,"20,241",Producer Milk Components,AMS_3462,3462,Dairy FMMOS,DY-NA,Washington,DC,"Washington, DC",Washington,DC,FMMOS,FMMOS - non-mars,03/30/2021 14:11:00,2017,2017-MAY,"1,736",component,lmprs,
Dec,2017,,Northeast,1.0,"27,397",Producer Milk Components,AMS_3462,3462,Dairy FMMOS,DY-NA,Washington,DC,"Washington, DC",Washington,DC,FMMOS,FMMOS - non-mars,03/30/2021 14:11:00,2017,2017-MAY,"2,432",component,lmprs,
Dec,2017,,Florida,6.0,"2,602",Producer Milk Components,AMS_3462,3462,Dairy FMMOS,DY-NA,Washington,DC,"Washington, DC",Washington,DC,FMMOS,FMMOS - non-mars,03/30/2021 14:11:00,2017,2017-MAY,218,component,lmprs,
Dec,2017,,Central,32.0,"15,879",Producer Milk Components,AMS_3462,3462,Dairy FMMOS,DY-NA,Washington,DC,"Washington, DC",Washington,DC,FMMOS,FMMOS - non-mars,03/30/2021 14:11:00,2017,2017-MAY,"1,367",component,lmprs,
Dec,2017,,Arizona,131.0,"5,065",Producer Milk Components,AMS_3462,3462,Dairy FMMOS,DY-NA,Washington,DC,"Washington, DC",Washington,DC,FMMOS,FMMOS - non-mars,03/30/2021 14:11:00,2017,2017-MAY,447,component,lmprs,
Dec,2017,,All Markets Combined,,"135,502",Producer Milk Components,AMS_3462,3462,Dairy FMMOS,DY-NA,Washington,DC,"Washington, DC",Washington,DC,FMMOS,FMMOS - non-mars,03/30/2021 14:11:00,2017,2017-MAY,"11,192",component,lmprs,
Dec,2017,,Appalachian,5.0,"5,801",Producer Milk Components,AMS_3462,3462,Dairy FMMOS,DY-NA,Washington,DC,"Washington, DC",Washington,DC,FMMOS,FMMOS - non-mars,03/30/2021 14:11:00,2017,2017-MAY,487,component,lmprs,
Dec,2018,,Appalachian,5.0,"5,734",Producer Milk Components,AMS_3462,3462,Dairy FMMOS,DY-NA,Washington,DC,"Washington, DC",Washington,DC,FMMOS,FMMOS - non-mars,03/30/2021 14:09:00,2018,2018-MAY,487,component,lmprs,
Dec,2018,,All Markets Combined,,"141,684",Producer Milk Components,AMS_3462,3462,Dairy FMMOS,DY-NA,Washington,DC,"Washington, DC",Washington,DC,FMMOS,FMMOS - non-mars,03/30/2021 14:09:00,2018,2018-MAY,"11,781",component,lmprs,
Dec,2018,,Arizona,131.0,"5,133",Producer Milk Components,AMS_3462,3462,Dairy FMMOS,DY-NA,Washington,DC,"Washington, DC",Washington,DC,FMMOS,FMMOS - non-mars,03/30/2021 14:09:00,2018,2018-MAY,459,component,lmprs,
Dec,2018,,Central,32.0,"16,604",Producer Milk Components,AMS_3462,3462,Dairy FMMOS,DY-NA,Washington,DC,"Washington, DC",Washington,DC,FMMOS,FMMOS - non-mars,03/30/2021 14:09:00,2018,2018-MAY,"1,417",component,lmprs,
Dec,2018,,California,51.0,"4,117",Producer Milk Components,AMS_3462,3462,Dairy FMMOS,DY-NA,Washington,DC,"Washington, DC",Washington,DC,FMMOS,FMMOS - non-mars,03/30/2021 14:09:00,2018,2018-MAY,,component,lmprs,
Dec,2018,,Florida,6.0,"2,565",Producer Milk Components,AMS_3462,3462,Dairy FMMOS,DY-NA,Washington,DC,"Washington, DC",Washington,DC,FMMOS,FMMOS - non-mars,03/30/2021 14:09:00,2018,2018-MAY,209,component,lmprs,
Dec,2018,,Northeast,1.0,"27,109",Producer Milk Components,AMS_3462,3462,Dairy FMMOS,DY-NA,Washington,DC,"Washington, DC",Washington,DC,FMMOS,FMMOS - non-mars,03/30/2021 14:09:00,2018,2018-MAY,"2,435",component,lmprs,
Dec,2018,,Mideast,33.0,"19,603",Producer Milk Components,AMS_3462,3462,Dairy FMMOS,DY-NA,Washington,DC,"Washington, DC",Washington,DC,FMMOS,FMMOS - non-mars,03/30/2021 14:09:00,2018,2018-MAY,"1,674",component,lmprs,
Dec,2018,,Pacific Northwest,124.0,"8,558",Producer Milk Components,AMS_3462,3462,Dairy FMMOS,DY-NA,Washington,DC,"Washington, DC",Washington,DC,FMMOS,FMMOS - non-mars,03/30/2021 14:09:00,2018,2018-MAY,770,component,lmprs,
Dec,2018,,Southeast,7.0,"5,209",Producer Milk Components,AMS_3462,3462,Dairy FMMOS,DY-NA,Washington,DC,"Washington, DC",Washington,DC,FMMOS,FMMOS - non-mars,03/30/2021 14:09:00,2018,2018-MAY,457,component,lmprs,
Dec,2018,,Upper Midwest,30.0,"33,323",Producer Milk Components,AMS_3462,3462,Dairy FMMOS,DY-NA,Washington,DC,"Washington, DC",Washington,DC,FMMOS,FMMOS - non-mars,03/30/2021 14:09:00,2018,2018-MAY,"2,590",component,lmprs,
Dec,2018,,Southwest,126.0,"13,727",Producer Milk Components,AMS_3462,3462,Dairy FMMOS,DY-NA,Washington,DC,"Washington, DC",Washington,DC,FMMOS,FMMOS - non-mars,03/30/2021 14:09:00,2018,2018-MAY,"1,283",component,lmprs,
Dec,2019,,Upper Midwest,30.0,"32,310",Producer Milk Components,AMS_3462,3462,Dairy FMMOS,DY-NA,Washington,DC,"Washington, DC",Washington,DC,FMMOS,FMMOS - non-mars,03/30/2021 14:09:00,2019,2019-MAY,"3,247",component,lmprs,
Dec,2019,,Southeast,7.0,"4,903",Producer Milk Components,AMS_3462,3462,Dairy FMMOS,DY-NA,Washington,DC,"Washington, DC",Washington,DC,FMMOS,FMMOS - non-mars,03/30/2021 14:09:00,2019,2019-MAY,437,component,lmprs,
Dec,2019,,Southwest,126.0,"12,900",Producer Milk Components,AMS_3462,3462,Dairy FMMOS,DY-NA,Washington,DC,"Washington, DC",Washington,DC,FMMOS,FMMOS - non-mars,03/30/2021 14:09:00,2019,2019-MAY,"1,268",component,lmprs,
Dec,2019,,Pacific Northwest,124.0,"8,496",Producer Milk Components,AMS_3462,3462,Dairy FMMOS,DY-NA,Washington,DC,"Washington, DC",Washington,DC,FMMOS,FMMOS - non-mars,03/30/2021 14:09:00,2019,2019-MAY,787,component,lmprs,
Dec,2019,,Northeast,1.0,"26,752",Producer Milk Components,AMS_3462,3462,Dairy FMMOS,DY-NA,Washington,DC,"Washington, DC",Washington,DC,FMMOS,FMMOS - non-mars,03/30/2021 14:09:00,2019,2019-MAY,"2,354",component,lmprs,
Dec,2019,,Florida,6.0,"2,510",Producer Milk Components,AMS_3462,3462,Dairy FMMOS,DY-NA,Washington,DC,"Washington, DC",Washington,DC,FMMOS,FMMOS - non-mars,03/30/2021 14:09:00,2019,2019-MAY,206,component,lmprs,
Dec,2019,,Mideast,33.0,"18,942",Producer Milk Components,AMS_3462,3462,Dairy FMMOS,DY-NA,Washington,DC,"Washington, DC",Washington,DC,FMMOS,FMMOS - non-mars,03/30/2021 14:09:00,2019,2019-MAY,"1,823",component,lmprs,
Dec,2019,,California,51.0,"24,272",Producer Milk Components,AMS_3462,3462,Dairy FMMOS,DY-NA,Washington,DC,"Washington, DC",Washington,DC,FMMOS,FMMOS - non-mars,03/30/2021 14:09:00,2019,2019-MAY,"2,584",component,lmprs,
Dec,2019,,Central,32.0,"15,260",Producer Milk Components,AMS_3462,3462,Dairy FMMOS,DY-NA,Washington,DC,"Washington, DC",Washington,DC,FMMOS,FMMOS - non-mars,03/30/2021 14:09:00,2019,2019-MAY,"1,498",component,lmprs,
Dec,2019,,Arizona,131.0,"4,840",Producer Milk Components,AMS_3462,3462,Dairy FMMOS,DY-NA,Washington,DC,"Washington, DC",Washington,DC,FMMOS,FMMOS - non-mars,03/30/2021 14:09:00,2019,2019-MAY,434,component,lmprs,
Dec,2019,,All Markets Combined,,"156,510",Producer Milk Components,AMS_3462,3462,Dairy FMMOS,DY-NA,Washington,DC,"Washington, DC",Washington,DC,FMMOS,FMMOS - non-mars,03/30/2021 14:09:00,2019,2019-MAY,"15,096",component,lmprs,
Dec,2019,,Appalachian,5.0,"5,327",Producer Milk Components,AMS_3462,3462,Dairy FMMOS,DY-NA,Washington,DC,"Washington, DC",Washington,DC,FMMOS,FMMOS - non-mars,03/30/2021 14:09:00,2019,2019-MAY,457,component,lmprs,
Dec,2020,,Appalachian,5.0,"5,322",Producer Milk Components,AMS_3462,3462,Dairy FMMOS,DY-NA,Washington,DC,"Washington, DC",Washington,DC,FMMOS,FMMOS - non-mars,02/23/2021 09:39:00,2020,2020-MAY,462,component,lmprs,
Dec,2020,,All Markets Combined,,"137,818",Producer Milk Components,AMS_3462,3462,Dairy FMMOS,DY-NA,Washington,DC,"Washington, DC",Washington,DC,FMMOS,FMMOS - non-mars,02/23/2021 09:39:00,2020,2020-MAY,"13,221",component,lmprs,
Dec,2020,,Arizona,131.0,"4,497",Producer Milk Components,AMS_3462,3462,Dairy FMMOS,DY-NA,Washington,DC,"Washington, DC",Washington,DC,FMMOS,FMMOS - non-mars,02/23/2021 09:39:00,2020,2020-MAY,435,component,lmprs,
Dec,2020,,Central,32.0,"13,315",Producer Milk Components,AMS_3462,3462,Dairy FMMOS,DY-NA,Washington,DC,"Washington, DC",Washington,DC,FMMOS,FMMOS - non-mars,02/23/2021 09:39:00,2020,2020-MAY,"1,394",component,lmprs,
Dec,2020,,California,51.0,"23,004",Producer Milk Components,AMS_3462,3462,Dairy FMMOS,DY-NA,Washington,DC,"Washington, DC",Washington,DC,FMMOS,FMMOS - non-mars,02/23/2021 09:39:00,2020,2020-MAY,"1,902",component,lmprs,
Dec,2020,,Mideast,33.0,"17,982",Producer Milk Components,AMS_3462,3462,Dairy FMMOS,DY-NA,Washington,DC,"Washington, DC",Washington,DC,FMMOS,FMMOS - non-mars,02/23/2021 09:39:00,2020,2020-MAY,"1,787",component,lmprs,
Dec,2020,,Florida,6.0,"2,509",Producer Milk Components,AMS_3462,3462,Dairy FMMOS,DY-NA,Washington,DC,"Washington, DC",Washington,DC,FMMOS,FMMOS - non-mars,02/23/2021 09:39:00,2020,2020-MAY,201,component,lmprs,
Dec,2020,,Northeast,1.0,"26,824",Producer Milk Components,AMS_3462,3462,Dairy FMMOS,DY-NA,Washington,DC,"Washington, DC",Washington,DC,FMMOS,FMMOS - non-mars,02/23/2021 09:39:00,2020,2020-MAY,"2,309",component,lmprs,
Dec,2020,,Pacific Northwest,124.0,"7,682",Producer Milk Components,AMS_3462,3462,Dairy FMMOS,DY-NA,Washington,DC,"Washington, DC",Washington,DC,FMMOS,FMMOS - non-mars,02/23/2021 09:39:00,2020,2020-MAY,642,component,lmprs,
Dec,2020,,Southwest,126.0,"11,692",Producer Milk Components,AMS_3462,3462,Dairy FMMOS,DY-NA,Washington,DC,"Washington, DC",Washington,DC,FMMOS,FMMOS - non-mars,02/23/2021 09:39:00,2020,2020-MAY,925,component,lmprs,
Dec,2020,,Southeast,7.0,"4,700",Producer Milk Components,AMS_3462,3462,Dairy FMMOS,DY-NA,Washington,DC,"Washington, DC",Washington,DC,FMMOS,FMMOS - non-mars,02/23/2021 09:39:00,2020,2020-MAY,386,component,lmprs,
Dec,2020,,Upper Midwest,30.0,"20,290",Producer Milk Components,AMS_3462,3462,Dairy FMMOS,DY-NA,Washington,DC,"Washington, DC",Washington,DC,FMMOS,FMMOS - non-mars,02/23/2021 09:39:00,2020,2020-MAY,"2,779",component,lmprs,
Dec,2021,,Southwest,126.0,"12,286",Producer Milk Components,AMS_3462,3462,Dairy FMMOS,DY-NA,Washington,DC,"Washington, DC",Washington,DC,FMMOS,FMMOS - non-mars,01/31/2022 07:17:00,2021,2021-MAY,"1,008",component,lmprs,
Dec,2021,,Pacific Northwest,124.0,"7,387",Producer Milk Components,AMS_3462,3462,Dairy FMMOS,DY-NA,Washington,DC,"Washington, DC",Washington,DC,FMMOS,FMMOS - non-mars,01/31/2022 07:17:00,2021,2021-MAY,632,component,lmprs,
Dec,2021,,Southeast,7.0,"4,581",Producer Milk Components,AMS_3462,3462,Dairy FMMOS,DY-NA,Washington,DC,"Washington, DC",Washington,DC,FMMOS,FMMOS - non-mars,01/31/2022 07:17:00,2021,2021-MAY,385,component,lmprs,
Dec,2021,,Northeast,1.0,"27,045",Producer Milk Components,AMS_3462,3462,Dairy FMMOS,DY-NA,Washington,DC,"Washington, DC",Washington,DC,FMMOS,FMMOS - non-mars,01/31/2022 07:17:00,2021,2021-MAY,"2,325",component,lmprs,
Dec,2021,,Mideast,33.0,"18,606",Producer Milk Components,AMS_3462,3462,Dairy FMMOS,DY-NA,Washington,DC,"Washington, DC",Washington,DC,FMMOS,FMMOS - non-mars,01/31/2022 07:17:00,2021,2021-MAY,"1,423",component,lmprs,
Dec,2021,,Central,32.0,"12,992",Producer Milk Components,AMS_3462,3462,Dairy FMMOS,DY-NA,Washington,DC,"Washington, DC",Washington,DC,FMMOS,FMMOS - non-mars,01/31/2022 07:17:00,2021,2021-MAY,920,component,lmprs,
Dec,2021,,Florida,6.0,"2,444",Producer Milk Components,AMS_3462,3462,Dairy FMMOS,DY-NA,Washington,DC,"Washington, DC",Washington,DC,FMMOS,FMMOS - non-mars,01/31/2022 07:17:00,2021,2021-MAY,206,component,lmprs,
Dec,2021,,California,51.0,"23,803",Producer Milk Components,AMS_3462,3462,Dairy FMMOS,DY-NA,Washington,DC,"Washington, DC",Washington,DC,FMMOS,FMMOS - non-mars,01/31/2022 07:17:00,2021,2021-MAY,"2,030",component,lmprs,
Dec,2021,,Arizona,131.0,"4,461",Producer Milk Components,AMS_3462,3462,Dairy FMMOS,DY-NA,Washington,DC,"Washington, DC",Washington,DC,FMMOS,FMMOS - non-mars,01/31/2022 07:17:00,2021,2021-MAY,357,component,lmprs,
Dec,2021,,Appalachian,5.0,"5,289",Producer Milk Components,AMS_3462,3462,Dairy FMMOS,DY-NA,Washington,DC,"Washington, DC",Washington,DC,FMMOS,FMMOS - non-mars,01/31/2022 07:17:00,2021,2021-MAY,442,component,lmprs,
Dec,2021,,All Markets Combined,,"136,836",Producer Milk Components,AMS_3462,3462,Dairy FMMOS,DY-NA,Washington,DC,"Washington, DC",Washington,DC,FMMOS,FMMOS - non-mars,01/31/2022 07:17:00,2021,2021-MAY,"10,666",component,lmprs,
Dec,2021,,Upper Midwest,30.0,"17,940",Producer Milk Components,AMS_3462,3462,Dairy FMMOS,DY-NA,Washington,DC,"Washington, DC",Washington,DC,FMMOS,FMMOS - non-mars,01/31/2022 07:17:00,2021,2021-MAY,939,component,lmprs,
Dec,2022,,Upper Midwest,30.0,"31,837",Producer Milk Components,AMS_3462,3462,Dairy FMMOS,DY-NA,Washington,DC,"Washington, DC",Washington,DC,FMMOS,FMMOS - non-mars,01/30/2023 07:36:00,2022,2022-MAY,"2,075",component,lmprs,
Dec,2022,,All Markets Combined,,"151,614",Producer Milk Components,AMS_3462,3462,Dairy FMMOS,DY-NA,Washington,DC,"Washington, DC",Washington,DC,FMMOS,FMMOS - non-mars,01/30/2023 07:36:00,2022,2022-MAY,"12,646",component,lmprs,
Dec,2022,,Appalachian,5.0,"5,420",Producer Milk Components,AMS_3462,3462,Dairy FMMOS,DY-NA,Washington,DC,"Washington, DC",Washington,DC,FMMOS,FMMOS - non-mars,01/30/2023 07:36:00,2022,2022-MAY,469,component,lmprs,
Dec,2022,,Arizona,131.0,"4,910",Producer Milk Components,AMS_3462,3462,Dairy FMMOS,DY-NA,Washington,DC,"Washington, DC",Washington,DC,FMMOS,FMMOS - non-mars,01/30/2023 07:36:00,2022,2022-MAY,445,component,lmprs,
Dec,2022,,California,51.0,"22,439",Producer Milk Components,AMS_3462,3462,Dairy FMMOS,DY-NA,Washington,DC,"Washington, DC",Washington,DC,FMMOS,FMMOS - non-mars,01/30/2023 07:36:00,2022,2022-MAY,"1,789",component,lmprs,
Dec,2022,,Florida,6.0,"2,483",Producer Milk Components,AMS_3462,3462,Dairy FMMOS,DY-NA,Washington,DC,"Washington, DC",Washington,DC,FMMOS,FMMOS - non-mars,01/30/2023 07:36:00,2022,2022-MAY,208,component,lmprs,
Dec,2022,,Central,32.0,"15,638",Producer Milk Components,AMS_3462,3462,Dairy FMMOS,DY-NA,Washington,DC,"Washington, DC",Washington,DC,FMMOS,FMMOS - non-mars,01/30/2023 07:36:00,2022,2022-MAY,"1,403",component,lmprs,
Dec,2022,,Mideast,33.0,"16,796",Producer Milk Components,AMS_3462,3462,Dairy FMMOS,DY-NA,Washington,DC,"Washington, DC",Washington,DC,FMMOS,FMMOS - non-mars,01/30/2023 07:36:00,2022,2022-MAY,"1,725",component,lmprs,
Dec,2022,,Northeast,1.0,"26,882",Producer Milk Components,AMS_3462,3462,Dairy FMMOS,DY-NA,Washington,DC,"Washington, DC",Washington,DC,FMMOS,FMMOS - non-mars,01/30/2023 07:36:00,2022,2022-MAY,"2,362",component,lmprs,
Dec,2022,,Southeast,7.0,"3,913",Producer Milk Components,AMS_3462,3462,Dairy FMMOS,DY-NA,Washington,DC,"Washington, DC",Washington,DC,FMMOS,FMMOS - non-mars,01/30/2023 07:36:00,2022,2022-MAY,365,component,lmprs,
Dec,2022,,Pacific Northwest,124.0,"7,583",Producer Milk Components,AMS_3462,3462,Dairy FMMOS,DY-NA,Washington,DC,"Washington, DC",Washington,DC,FMMOS,FMMOS - non-mars,01/30/2023 07:36:00,2022,2022-MAY,591,component,lmprs,
Dec,2022,,Southwest,126.0,"13,714",Producer Milk Components,AMS_3462,3462,Dairy FMMOS,DY-NA,Washington,DC,"Washington, DC",Washington,DC,FMMOS,FMMOS - non-mars,01/30/2023 07:36:00,2022,2022-MAY,"1,212",component,lmprs,
Dec,2023,,Southwest,126.0,"13,640",Producer Milk Components,AMS_3462,3462,Dairy FMMOS,DY-NA,Washington,DC,"Washington, DC",Washington,DC,FMMOS,FMMOS - non-mars,01/30/2024 09:42:00,2023,2023-MAY,"1,174",component,lmprs,
Dec,2023,,Pacific Northwest,124.0,"7,650",Producer Milk Components,AMS_3462,3462,Dairy FMMOS,DY-NA,Washington,DC,"Washington, DC",Washington,DC,FMMOS,FMMOS - non-mars,01/30/2024 09:42:00,2023,2023-MAY,736,component,lmprs,
Dec,2023,,Southeast,7.0,"3,538",Producer Milk Components,AMS_3462,3462,Dairy FMMOS,DY-NA,Washington,DC,"Washington, DC",Washington,DC,FMMOS,FMMOS - non-mars,01/30/2024 09:42:00,2023,2023-MAY,307,component,lmprs,
Dec,2023,,Northeast,1.0,"27,260",Producer Milk Components,AMS_3462,3462,Dairy FMMOS,DY-NA,Washington,DC,"Washington, DC",Washington,DC,FMMOS,FMMOS - non-mars,01/30/2024 09:42:00,2023,2023-MAY,"2,403",component,lmprs,
Dec,2023,,Mideast,33.0,"17,761",Producer Milk Components,AMS_3462,3462,Dairy FMMOS,DY-NA,Washington,DC,"Washington, DC",Washington,DC,FMMOS,FMMOS - non-mars,01/30/2024 09:42:00,2023,2023-MAY,"1,563",component,lmprs,
Dec,2023,,Central,32.0,"16,053",Producer Milk Components,AMS_3462,3462,Dairy FMMOS,DY-NA,Washington,DC,"Washington, DC",Washington,DC,FMMOS,FMMOS - non-mars,01/30/2024 09:42:00,2023,2023-MAY,"1,359",component,lmprs,
Dec,2023,,Florida,6.0,"2,506",Producer Milk Components,AMS_3462,3462,Dairy FMMOS,DY-NA,Washington,DC,"Washington, DC",Washington,DC,FMMOS,FMMOS - non-mars,01/30/2024 09:42:00,2023,2023-MAY,208,component,lmprs,
Dec,2023,,California,51.0,"26,418",Producer Milk Components,AMS_3462,3462,Dairy FMMOS,DY-NA,Washington,DC,"Washington, DC",Washington,DC,FMMOS,FMMOS - non-mars,01/30/2024 09:42:00,2023,2023-MAY,"2,046",component,lmprs,
Dec,2023,,Arizona,131.0,"5,149",Producer Milk Components,AMS_3462,3462,Dairy FMMOS,DY-NA,Washington,DC,"Washington, DC",Washington,DC,FMMOS,FMMOS - non-mars,01/30/2024 09:42:00,2023,2023-MAY,428,component,lmprs,
Dec,2023,,Appalachian,5.0,"5,428",Producer Milk Components,AMS_3462,3462,Dairy FMMOS,DY-NA,Washington,DC,"Washington, DC",Washington,DC,FMMOS,FMMOS - non-mars,01/30/2024 09:42:00,2023,2023-MAY,452,component,lmprs,
Dec,2023,,All Markets Combined,,"158,448",Producer Milk Components,AMS_3462,3462,Dairy FMMOS,DY-NA,Washington,DC,"Washington, DC",Washington,DC,FMMOS,FMMOS - non-mars,01/30/2024 09:42:00,2023,2023-MAY,"13,469",component,lmprs,
Dec,2023,,Upper Midwest,30.0,"33,045",Producer Milk Components,AMS_3462,3462,Dairy FMMOS,DY-NA,Washington,DC,"Washington, DC",Washington,DC,FMMOS,FMMOS - non-mars,01/30/2024 09:42:00,2023,2023-MAY,"2,791",component,lmprs,
Dec,2024,,Upper Midwest,30.0,"28,285",Producer Milk Components,AMS_3462,3462,Dairy FMMOS,DY-NA,Washington,DC,"Washington, DC",Washington,DC,FMMOS,FMMOS - non-mars,01/23/2025 09:07:00,2024,2024-MAY,"2,755",component,lmprs,
Dec,2024,,All Markets Combined,,"146,628",Producer Milk Components,AMS_3462,3462,Dairy FMMOS,DY-NA,Washington,DC,"Washington, DC",Washington,DC,FMMOS,FMMOS - non-mars,01/23/2025 09:07:00,2024,2024-MAY,"12,861",component,lmprs,
Dec,2024,,Appalachian,5.0,"5,301",Producer Milk Components,AMS_3462,3462,Dairy FMMOS,DY-NA,Washington,DC,"Washington, DC",Washington,DC,FMMOS,FMMOS - non-mars,01/23/2025 09:07:00,2024,2024-MAY,440,component,lmprs,
Dec,2024,,Arizona,131.0,"4,186",Producer Milk Components,AMS_3462,3462,Dairy FMMOS,DY-NA,Washington,DC,"Washington, DC",Washington,DC,FMMOS,FMMOS - non-mars,01/23/2025 09:07:00,2024,2024-MAY,292,component,lmprs,
Dec,2024,,California,51.0,"23,224",Producer Milk Components,AMS_3462,3462,Dairy FMMOS,DY-NA,Washington,DC,"Washington, DC",Washington,DC,FMMOS,FMMOS - non-mars,01/23/2025 09:07:00,2024,2024-MAY,"2,104",component,lmprs,
Dec,2024,,Florida,6.0,"2,524",Producer Milk Components,AMS_3462,3462,Dairy FMMOS,DY-NA,Washington,DC,"Washington, DC",Washington,DC,FMMOS,FMMOS - non-mars,01/23/2025 09:07:00,2024,2024-MAY,208,component,lmprs,
Dec,2024,,Central,32.0,"14,608",Producer Milk Components,AMS_3462,3462,Dairy FMMOS,DY-NA,Washington,DC,"Washington, DC",Washington,DC,FMMOS,FMMOS - non-mars,01/23/2025 09:07:00,2024,2024-MAY,"1,320",component,lmprs,
Dec,2024,,Mideast,33.0,"18,182",Producer Milk Components,AMS_3462,3462,Dairy FMMOS,DY-NA,Washington,DC,"Washington, DC",Washington,DC,FMMOS,FMMOS - non-mars,01/23/2025 09:07:00,2024,2024-MAY,"1,375",component,lmprs,
Dec,2024,,Northeast,1.0,"26,949",Producer Milk Components,AMS_3462,3462,Dairy FMMOS,DY-NA,Washington,DC,"Washington, DC",Washington,DC,FMMOS,FMMOS - non-mars,01/23/2025 09:07:00,2024,2024-MAY,"2,326",component,lmprs,
Dec,2024,,Southeast,7.0,"3,497",Producer Milk Components,AMS_3462,3462,Dairy FMMOS,DY-NA,Washington,DC,"Washington, DC",Washington,DC,FMMOS,FMMOS - non-mars,01/23/2025 09:07:00,2024,2024-MAY,292,component,lmprs,
Dec,2024,,Pacific Northwest,124.0,"7,231",Producer Milk Components,AMS_3462,3462,Dairy FMMOS,DY-NA,Washington,DC,"Washington, DC",Washington,DC,FMMOS,FMMOS - non-mars,01/23/2025 09:07:00,2024,2024-MAY,631,component,lmprs,
Dec,2024,,Southwest,126.0,"12,641",Producer Milk Components,AMS_3462,3462,Dairy FMMOS,DY-NA,Washington,DC,"Washington, DC",Washington,DC,FMMOS,FMMOS - non-mars,01/23/2025 09:07:00,2024,2024-MAY,"1,117",component,lmprs,
Dec,2025,,Southwest,126.0,"12,960",Producer Milk Components,AMS_3462,3462,Dairy FMMOS,DY-NA,Washington,DC,"Washington, DC",Washington,DC,FMMOS,FMMOS - non-mars,01/21/2026 11:39:00,2025,2025-MAY,"1,110",component,lmprs,
Dec,2025,,Pacific Northwest,124.0,"6,760",Producer Milk Components,AMS_3462,3462,Dairy FMMOS,DY-NA,Washington,DC,"Washington, DC",Washington,DC,FMMOS,FMMOS - non-mars,01/21/2026 11:39:00,2025,2025-MAY,521,component,lmprs,
Dec,2025,,Southeast,7.0,"3,435",Producer Milk Components,AMS_3462,3462,Dairy FMMOS,DY-NA,Washington,DC,"Washington, DC",Washington,DC,FMMOS,FMMOS - non-mars,01/21/2026 11:39:00,2025,2025-MAY,304,component,lmprs,
Dec,2025,,Northeast,1.0,"27,624",Producer Milk Components,AMS_3462,3462,Dairy FMMOS,DY-NA,Washington,DC,"Washington, DC",Washington,DC,FMMOS,FMMOS - non-mars,01/21/2026 11:39:00,2025,2025-MAY,"2,414",component,lmprs,
Dec,2025,,Mideast,33.0,"20,705",Producer Milk Components,AMS_3462,3462,Dairy FMMOS,DY-NA,Washington,DC,"Washington, DC",Washington,DC,FMMOS,FMMOS - non-mars,01/21/2026 11:39:00,2025,2025-MAY,"1,804",component,lmprs,
Dec,2025,,Central,32.0,"13,960",Producer Milk Components,AMS_3462,3462,Dairy FMMOS,DY-NA,Washington,DC,"Washington, DC",Washington,DC,FMMOS,FMMOS - non-mars,01/21/2026 11:39:00,2025,2025-MAY,"1,322",component,lmprs,
Dec,2025,,Florida,6.0,"2,511",Producer Milk Components,AMS_3462,3462,Dairy FMMOS,DY-NA,Washington,DC,"Washington, DC",Washington,DC,FMMOS,FMMOS - non-mars,01/21/2026 11:39:00,2025,2025-MAY,201,component,lmprs,
Dec,2025,,California,51.0,"26,675",Producer Milk Components,AMS_3462,3462,Dairy FMMOS,DY-NA,Washington,DC,"Washington, DC",Washington,DC,FMMOS,FMMOS - non-mars,01/21/2026 11:39:00,2025,2025-MAY,"2,327",component,lmprs,
Dec,2025,,Arizona,131.0,"4,224",Producer Milk Components,AMS_3462,3462,Dairy FMMOS,DY-NA,Washington,DC,"Washington, DC",Washington,DC,FMMOS,FMMOS - non-mars,01/21/2026 11:39:00,2025,2025-MAY,373,component,lmprs,
Dec,2025,,Appalachian,5.0,"5,088",Producer Milk Components,AMS_3462,3462,Dairy FMMOS,DY-NA,Washington,DC,"Washington, DC",Washington,DC,FMMOS,FMMOS - non-mars,01/21/2026 11:39:00,2025,2025-MAY,424,component,lmprs,
Dec,2025,,All Markets Combined,,"148,750",Producer Milk Components,AMS_3462,3462,Dairy FMMOS,DY-NA,Washington,DC,"Washington, DC",Washington,DC,FMMOS,FMMOS - non-mars,01/21/2026 11:39:00,2025,2025-MAY,"12,920",component,lmprs,
Dec,2025,,Upper Midwest,30.0,"24,808",Producer Milk Components,AMS_3462,3462,Dairy FMMOS,DY-NA,Washington,DC,"Washington, DC",Washington,DC,FMMOS,FMMOS - non-mars,01/21/2026 11:39:00,2025,2025-MAY,"2,121",component,lmprs,
Mar,2026,,Upper Midwest,30.0,"5,226",Producer Milk Components,AMS_3462,3462,Dairy FMMOS,DY-NA,Washington,DC,"Washington, DC",Washington,DC,FMMOS,FMMOS - non-mars,04/21/2026 05:48:00,2026,2026-MAY,,component,lmprs,
Mar,2026,,All Markets Combined,,"35,299",Producer Milk Components,AMS_3462,3462,Dairy FMMOS,DY-NA,Washington,DC,"Washington, DC",Washington,DC,FMMOS,FMMOS - non-mars,04/21/2026 05:48:00,2026,2026-MAY,,component,lmprs,
Mar,2026,,Appalachian,5.0,"1,271",Producer Milk Components,AMS_3462,3462,Dairy FMMOS,DY-NA,Washington,DC,"Washington, DC",Washington,DC,FMMOS,FMMOS - non-mars,04/21/2026 05:48:00,2026,2026-MAY,,component,lmprs,
Mar,2026,,Arizona,131.0,"1,072",Producer Milk Components,AMS_3462,3462,Dairy FMMOS,DY-NA,Washington,DC,"Washington, DC",Washington,DC,FMMOS,FMMOS - non-mars,04/21/2026 05:48:00,2026,2026-MAY,,component,lmprs,
Mar,2026,,California,51.0,"5,543",Producer Milk Components,AMS_3462,3462,Dairy FMMOS,DY-NA,Washington,DC,"Washington, DC",Washington,DC,FMMOS,FMMOS - non-mars,04/21/2026 05:48:00,2026,2026-MAY,,component,lmprs,
Mar,2026,,Florida,6.0,674,Producer Milk Components,AMS_3462,3462,Dairy FMMOS,DY-NA,Washington,DC,"Washington, DC",Washington,DC,FMMOS,FMMOS - non-mars,04/21/2026 05:48:00,2026,2026-MAY,,component,lmprs,
Mar,2026,,Central,32.0,"3,511",Producer Milk Components,AMS_3462,3462,Dairy FMMOS,DY-NA,Washington,DC,"Washington, DC",Washington,DC,FMMOS,FMMOS - non-mars,04/21/2026 05:48:00,2026,2026-MAY,,component,lmprs,
Mar,2026,,Mideast,33.0,"5,415",Producer Milk Components,AMS_3462,3462,Dairy FMMOS,DY-NA,Washington,DC,"Washington, DC",Washington,DC,FMMOS,FMMOS - non-mars,04/21/2026 05:48:00,2026,2026-MAY,,component,lmprs,
Mar,2026,,Northeast,1.0,"6,894",Producer Milk Components,AMS_3462,3462,Dairy FMMOS,DY-NA,Washington,DC,"Washington, DC",Washington,DC,FMMOS,FMMOS - non-mars,04/21/2026 05:48:00,2026,2026-MAY,,component,lmprs,
Mar,2026,,Southeast,7.0,823,Producer Milk Components,AMS_3462,3462,Dairy FMMOS,DY-NA,Washington,DC,"Washington, DC",Washington,DC,FMMOS,FMMOS - non-mars,04/21/2026 05:48:00,2026,2026-MAY,,component,lmprs,
Mar,2026,,Pacific Northwest,124.0,"1,132",Producer Milk Components,AMS_3462,3462,Dairy FMMOS,DY-NA,Washington,DC,"Washington, DC",Washington,DC,FMMOS,FMMOS - non-mars,04/21/2026 05:48:00,2026,2026-MAY,,component,lmprs,
Mar,2026,,Southwest,126.0,"3,738",Producer Milk Components,AMS_3462,3462,Dairy FMMOS,DY-NA,Washington,DC,"Washington, DC",Washington,DC,FMMOS,FMMOS - non-mars,04/21/2026 05:48:00,2026,2026-MAY,,component,lmprs,
Dec,2000,,All Markets Combined,,"116,923",Producer Milk Components,AMS_3462,3462,Dairy FMMOS,DY-NA,Washington,DC,"Washington, DC",Washington,DC,FMMOS,FMMOS - non-mars,04/09/2021 07:48:00,2000,2000-JUN,"9,525",component,lmprs,
Dec,2000,,Appalachian,5.0,"6,318",Producer Milk Components,AMS_3462,3462,Dairy FMMOS,DY-NA,Washington,DC,"Washington, DC",Washington,DC,FMMOS,FMMOS - non-mars,04/09/2021 07:48:00,2000,2000-JUN,558,component,lmprs,
Dec,2000,,Arizona,131.0,"3,110",Producer Milk Components,AMS_3462,3462,Dairy FMMOS,DY-NA,Washington,DC,"Washington, DC",Washington,DC,FMMOS,FMMOS - non-mars,04/09/2021 07:48:00,2000,2000-JUN,261,component,lmprs,
Dec,2000,,Central,32.0,"16,036",Producer Milk Components,AMS_3462,3462,Dairy FMMOS,DY-NA,Washington,DC,"Washington, DC",Washington,DC,FMMOS,FMMOS - non-mars,04/09/2021 07:48:00,2000,2000-JUN,"1,372",component,lmprs,
Dec,2000,,Florida,6.0,"2,867",Producer Milk Components,AMS_3462,3462,Dairy FMMOS,DY-NA,Washington,DC,"Washington, DC",Washington,DC,FMMOS,FMMOS - non-mars,04/09/2021 07:48:00,2000,2000-JUN,228,component,lmprs,
Dec,2000,,Mideast,33.0,"14,181",Producer Milk Components,AMS_3462,3462,Dairy FMMOS,DY-NA,Washington,DC,"Washington, DC",Washington,DC,FMMOS,FMMOS - non-mars,04/09/2021 07:48:00,2000,2000-JUN,"1,114",component,lmprs,
Dec,2000,,Northeast,1.0,"23,972",Producer Milk Components,AMS_3462,3462,Dairy FMMOS,DY-NA,Washington,DC,"Washington, DC",Washington,DC,FMMOS,FMMOS - non-mars,04/09/2021 07:48:00,2000,2000-JUN,"1,949",component,lmprs,
Dec,2000,,Pacific Northwest,124.0,"6,776",Producer Milk Components,AMS_3462,3462,Dairy FMMOS,DY-NA,Washington,DC,"Washington, DC",Washington,DC,FMMOS,FMMOS - non-mars,04/09/2021 07:48:00,2000,2000-JUN,480,component,lmprs,
Dec,2000,,Southeast,7.0,"7,487",Producer Milk Components,AMS_3462,3462,Dairy FMMOS,DY-NA,Washington,DC,"Washington, DC",Washington,DC,FMMOS,FMMOS - non-mars,04/09/2021 07:48:00,2000,2000-JUN,605,component,lmprs,
Dec,2000,,Southwest,126.0,"8,713",Producer Milk Components,AMS_3462,3462,Dairy FMMOS,DY-NA,Washington,DC,"Washington, DC",Washington,DC,FMMOS,FMMOS - non-mars,04/09/2021 07:48:00,2000,2000-JUN,643,component,lmprs,
Dec,2000,,Upper Midwest,30.0,"23,415",Producer Milk Components,AMS_3462,3462,Dairy FMMOS,DY-NA,Washington,DC,"Washington, DC",Washington,DC,FMMOS,FMMOS - non-mars,04/09/2021 07:48:00,2000,2000-JUN,"1,933",component,lmprs,
Dec,2000,,Western,135.0,"4,048",Producer Milk Components,AMS_3462,3462,Dairy FMMOS,DY-NA,Washington,DC,"Washington, DC",Washington,DC,FMMOS,FMMOS - non-mars,04/09/2021 07:48:00,2000,2000-JUN,382,component,lmprs,
Dec,2001,,Western,135.0,"4,677",Producer Milk Components,AMS_3462,3462,Dairy FMMOS,DY-NA,Washington,DC,"Washington, DC",Washington,DC,FMMOS,FMMOS - non-mars,04/09/2021 07:46:00,2001,2001-JUN,459,component,lmprs,
Dec,2001,,Upper Midwest,30.0,"20,062",Producer Milk Components,AMS_3462,3462,Dairy FMMOS,DY-NA,Washington,DC,"Washington, DC",Washington,DC,FMMOS,FMMOS - non-mars,04/09/2021 07:46:00,2001,2001-JUN,"1,514",component,lmprs,
Dec,2001,,Southwest,126.0,"8,604",Producer Milk Components,AMS_3462,3462,Dairy FMMOS,DY-NA,Washington,DC,"Washington, DC",Washington,DC,FMMOS,FMMOS - non-mars,04/09/2021 07:46:00,2001,2001-JUN,753,component,lmprs,
Dec,2001,,Southeast,7.0,"7,769",Producer Milk Components,AMS_3462,3462,Dairy FMMOS,DY-NA,Washington,DC,"Washington, DC",Washington,DC,FMMOS,FMMOS - non-mars,04/09/2021 07:46:00,2001,2001-JUN,631,component,lmprs,
Dec,2001,,Pacific Northwest,124.0,"7,088",Producer Milk Components,AMS_3462,3462,Dairy FMMOS,DY-NA,Washington,DC,"Washington, DC",Washington,DC,FMMOS,FMMOS - non-mars,04/09/2021 07:46:00,2001,2001-JUN,623,component,lmprs,
Dec,2001,,Northeast,1.0,"24,557",Producer Milk Components,AMS_3462,3462,Dairy FMMOS,DY-NA,Washington,DC,"Washington, DC",Washington,DC,FMMOS,FMMOS - non-mars,04/09/2021 07:46:00,2001,2001-JUN,"2,067",component,lmprs,
Dec,2001,,Mideast,33.0,"17,229",Producer Milk Components,AMS_3462,3462,Dairy FMMOS,DY-NA,Washington,DC,"Washington, DC",Washington,DC,FMMOS,FMMOS - non-mars,04/09/2021 07:46:00,2001,2001-JUN,"1,586",component,lmprs,
Dec,2001,,Florida,6.0,"2,772",Producer Milk Components,AMS_3462,3462,Dairy FMMOS,DY-NA,Washington,DC,"Washington, DC",Washington,DC,FMMOS,FMMOS - non-mars,04/09/2021 07:46:00,2001,2001-JUN,222,component,lmprs,
Dec,2001,,Central,32.0,"17,836",Producer Milk Components,AMS_3462,3462,Dairy FMMOS,DY-NA,Washington,DC,"Washington, DC",Washington,DC,FMMOS,FMMOS - non-mars,04/09/2021 07:46:00,2001,2001-JUN,"1,572",component,lmprs,
Dec,2001,,Arizona,131.0,"2,956",Producer Milk Components,AMS_3462,3462,Dairy FMMOS,DY-NA,Washington,DC,"Washington, DC",Washington,DC,FMMOS,FMMOS - non-mars,04/09/2021 07:46:00,2001,2001-JUN,251,component,lmprs,
Dec,2001,,Appalachian,5.0,"6,673",Producer Milk Components,AMS_3462,3462,Dairy FMMOS,DY-NA,Washington,DC,"Washington, DC",Washington,DC,FMMOS,FMMOS - non-mars,04/09/2021 07:46:00,2001,2001-JUN,582,component,lmprs,
Dec,2001,,All Markets Combined,,"120,223",Producer Milk Components,AMS_3462,3462,Dairy FMMOS,DY-NA,Washington,DC,"Washington, DC",Washington,DC,FMMOS,FMMOS - non-mars,04/09/2021 07:46:00,2001,2001-JUN,"10,259",component,lmprs,
Dec,2002,,All Markets Combined,,"125,546",Producer Milk Components,AMS_3462,3462,Dairy FMMOS,DY-NA,Washington,DC,"Washington, DC",Washington,DC,FMMOS,FMMOS - non-mars,04/09/2021 07:46:00,2002,2002-JUN,"10,612",component,lmprs,
Dec,2002,,Appalachian,5.0,"6,706",Producer Milk Components,AMS_3462,3462,Dairy FMMOS,DY-NA,Washington,DC,"Washington, DC",Washington,DC,FMMOS,FMMOS - non-mars,04/09/2021 07:46:00,2002,2002-JUN,574,component,lmprs,
Dec,2002,,Arizona,131.0,"3,027",Producer Milk Components,AMS_3462,3462,Dairy FMMOS,DY-NA,Washington,DC,"Washington, DC",Washington,DC,FMMOS,FMMOS - non-mars,04/09/2021 07:46:00,2002,2002-JUN,256,component,lmprs,
Dec,2002,,Central,32.0,"18,700",Producer Milk Components,AMS_3462,3462,Dairy FMMOS,DY-NA,Washington,DC,"Washington, DC",Washington,DC,FMMOS,FMMOS - non-mars,04/09/2021 07:46:00,2002,2002-JUN,"1,587",component,lmprs,
Dec,2002,,Florida,6.0,"2,693",Producer Milk Components,AMS_3462,3462,Dairy FMMOS,DY-NA,Washington,DC,"Washington, DC",Washington,DC,FMMOS,FMMOS - non-mars,04/09/2021 07:46:00,2002,2002-JUN,216,component,lmprs,
Dec,2002,,Mideast,33.0,"17,739",Producer Milk Components,AMS_3462,3462,Dairy FMMOS,DY-NA,Washington,DC,"Washington, DC",Washington,DC,FMMOS,FMMOS - non-mars,04/09/2021 07:46:00,2002,2002-JUN,"1,629",component,lmprs,
Dec,2002,,Northeast,1.0,"25,358",Producer Milk Components,AMS_3462,3462,Dairy FMMOS,DY-NA,Washington,DC,"Washington, DC",Washington,DC,FMMOS,FMMOS - non-mars,04/09/2021 07:46:00,2002,2002-JUN,"2,135",component,lmprs,
Dec,2002,,Pacific Northwest,124.0,"7,824",Producer Milk Components,AMS_3462,3462,Dairy FMMOS,DY-NA,Washington,DC,"Washington, DC",Washington,DC,FMMOS,FMMOS - non-mars,04/09/2021 07:46:00,2002,2002-JUN,668,component,lmprs,
Dec,2002,,Southeast,7.0,"7,927",Producer Milk Components,AMS_3462,3462,Dairy FMMOS,DY-NA,Washington,DC,"Washington, DC",Washington,DC,FMMOS,FMMOS - non-mars,04/09/2021 07:46:00,2002,2002-JUN,651,component,lmprs,
Dec,2002,,Southwest,126.0,"9,714",Producer Milk Components,AMS_3462,3462,Dairy FMMOS,DY-NA,Washington,DC,"Washington, DC",Washington,DC,FMMOS,FMMOS - non-mars,04/09/2021 07:46:00,2002,2002-JUN,839,component,lmprs,
Dec,2002,,Upper Midwest,30.0,"20,307",Producer Milk Components,AMS_3462,3462,Dairy FMMOS,DY-NA,Washington,DC,"Washington, DC",Washington,DC,FMMOS,FMMOS - non-mars,04/09/2021 07:46:00,2002,2002-JUN,"1,546",component,lmprs,
Dec,2002,,Western,135.0,"5,552",Producer Milk Components,AMS_3462,3462,Dairy FMMOS,DY-NA,Washington,DC,"Washington, DC",Washington,DC,FMMOS,FMMOS - non-mars,04/09/2021 07:46:00,2002,2002-JUN,510,component,lmprs,
Dec,2003,,Western,135.0,"4,573",Producer Milk Components,AMS_3462,3462,Dairy FMMOS,DY-NA,Washington,DC,"Washington, DC",Washington,DC,FMMOS,FMMOS - non-mars,04/09/2021 07:46:00,2003,2003-JUN,605,component,lmprs,
Dec,2003,,Upper Midwest,30.0,"17,018",Producer Milk Components,AMS_3462,3462,Dairy FMMOS,DY-NA,Washington,DC,"Washington, DC",Washington,DC,FMMOS,FMMOS - non-mars,04/09/2021 07:46:00,2003,2003-JUN,"1,933",component,lmprs,
Dec,2003,,Southwest,126.0,"9,174",Producer Milk Components,AMS_3462,3462,Dairy FMMOS,DY-NA,Washington,DC,"Washington, DC",Washington,DC,FMMOS,FMMOS - non-mars,04/09/2021 07:46:00,2003,2003-JUN,885,component,lmprs,
Dec,2003,,Southeast,7.0,"7,071",Producer Milk Components,AMS_3462,3462,Dairy FMMOS,DY-NA,Washington,DC,"Washington, DC",Washington,DC,FMMOS,FMMOS - non-mars,04/09/2021 07:46:00,2003,2003-JUN,567,component,lmprs,
Dec,2003,,Northeast,1.0,"24,038",Producer Milk Components,AMS_3462,3462,Dairy FMMOS,DY-NA,Washington,DC,"Washington, DC",Washington,DC,FMMOS,FMMOS - non-mars,04/09/2021 07:46:00,2003,2003-JUN,"2,002",component,lmprs,
Dec,2003,,Pacific Northwest,124.0,"6,336",Producer Milk Components,AMS_3462,3462,Dairy FMMOS,DY-NA,Washington,DC,"Washington, DC",Washington,DC,FMMOS,FMMOS - non-mars,04/09/2021 07:46:00,2003,2003-JUN,620,component,lmprs,
Dec,2003,,Mideast,33.0,"15,750",Producer Milk Components,AMS_3462,3462,Dairy FMMOS,DY-NA,Washington,DC,"Washington, DC",Washington,DC,FMMOS,FMMOS - non-mars,04/09/2021 07:46:00,2003,2003-JUN,"1,430",component,lmprs,
Dec,2003,,Florida,6.0,"2,833",Producer Milk Components,AMS_3462,3462,Dairy FMMOS,DY-NA,Washington,DC,"Washington, DC",Washington,DC,FMMOS,FMMOS - non-mars,04/09/2021 07:46:00,2003,2003-JUN,241,component,lmprs,
Dec,2003,,Arizona,131.0,"3,061",Producer Milk Components,AMS_3462,3462,Dairy FMMOS,DY-NA,Washington,DC,"Washington, DC",Washington,DC,FMMOS,FMMOS - non-mars,04/09/2021 07:46:00,2003,2003-JUN,262,component,lmprs,
Dec,2003,,Central,32.0,"14,411",Producer Milk Components,AMS_3462,3462,Dairy FMMOS,DY-NA,Washington,DC,"Washington, DC",Washington,DC,FMMOS,FMMOS - non-mars,04/09/2021 07:46:00,2003,2003-JUN,"1,406",component,lmprs,
Dec,2003,,Appalachian,5.0,"6,315",Producer Milk Components,AMS_3462,3462,Dairy FMMOS,DY-NA,Washington,DC,"Washington, DC",Washington,DC,FMMOS,FMMOS - non-mars,04/09/2021 07:46:00,2003,2003-JUN,546,component,lmprs,
Dec,2003,,All Markets Combined,,"110,581",Producer Milk Components,AMS_3462,3462,Dairy FMMOS,DY-NA,Washington,DC,"Washington, DC",Washington,DC,FMMOS,FMMOS - non-mars,04/09/2021 07:46:00,2003,2003-JUN,"10,498",component,lmprs,
Dec,2004,,All Markets Combined,,"103,047",Producer Milk Components,AMS_3462,3462,Dairy FMMOS,DY-NA,Washington,DC,"Washington, DC",Washington,DC,FMMOS,FMMOS - non-mars,04/09/2021 07:44:00,2004,2004-JUN,"9,734",component,lmprs,
Dec,2004,,Appalachian,5.0,"6,203",Producer Milk Components,AMS_3462,3462,Dairy FMMOS,DY-NA,Washington,DC,"Washington, DC",Washington,DC,FMMOS,FMMOS - non-mars,04/09/2021 07:44:00,2004,2004-JUN,548,component,lmprs,
Dec,2004,,Central,32.0,"11,589",Producer Milk Components,AMS_3462,3462,Dairy FMMOS,DY-NA,Washington,DC,"Washington, DC",Washington,DC,FMMOS,FMMOS - non-mars,04/09/2021 07:44:00,2004,2004-JUN,"1,235",component,lmprs,
Dec,2004,,Arizona,131.0,"2,901",Producer Milk Components,AMS_3462,3462,Dairy FMMOS,DY-NA,Washington,DC,"Washington, DC",Washington,DC,FMMOS,FMMOS - non-mars,04/09/2021 07:44:00,2004,2004-JUN,241,component,lmprs,
Dec,2004,,Florida,6.0,"2,873",Producer Milk Components,AMS_3462,3462,Dairy FMMOS,DY-NA,Washington,DC,"Washington, DC",Washington,DC,FMMOS,FMMOS - non-mars,04/09/2021 07:44:00,2004,2004-JUN,241,component,lmprs,
Dec,2004,,Mideast,33.0,"15,940",Producer Milk Components,AMS_3462,3462,Dairy FMMOS,DY-NA,Washington,DC,"Washington, DC",Washington,DC,FMMOS,FMMOS - non-mars,04/09/2021 07:44:00,2004,2004-JUN,"1,552",component,lmprs,
Dec,2004,,Pacific Northwest,124.0,"6,518",Producer Milk Components,AMS_3462,3462,Dairy FMMOS,DY-NA,Washington,DC,"Washington, DC",Washington,DC,FMMOS,FMMOS - non-mars,04/09/2021 07:44:00,2004,2004-JUN,594,component,lmprs,
Dec,2004,,Northeast,1.0,"22,670",Producer Milk Components,AMS_3462,3462,Dairy FMMOS,DY-NA,Washington,DC,"Washington, DC",Washington,DC,FMMOS,FMMOS - non-mars,04/09/2021 07:44:00,2004,2004-JUN,"1,785",component,lmprs,
Dec,2004,,Southeast,7.0,"7,164",Producer Milk Components,AMS_3462,3462,Dairy FMMOS,DY-NA,Washington,DC,"Washington, DC",Washington,DC,FMMOS,FMMOS - non-mars,04/09/2021 07:44:00,2004,2004-JUN,647,component,lmprs,
Dec,2004,,Southwest,126.0,"8,790",Producer Milk Components,AMS_3462,3462,Dairy FMMOS,DY-NA,Washington,DC,"Washington, DC",Washington,DC,FMMOS,FMMOS - non-mars,04/09/2021 07:44:00,2004,2004-JUN,778,component,lmprs,
Dec,2004,,Upper Midwest,30.0,"17,302",Producer Milk Components,AMS_3462,3462,Dairy FMMOS,DY-NA,Washington,DC,"Washington, DC",Washington,DC,FMMOS,FMMOS - non-mars,04/09/2021 07:44:00,2004,2004-JUN,"2,114",component,lmprs,
Dec,2004,,Western,135.0,"1,096",Producer Milk Components,AMS_3462,3462,Dairy FMMOS,DY-NA,Washington,DC,"Washington, DC",Washington,DC,FMMOS,FMMOS - non-mars,04/09/2021 07:44:00,2004,2004-JUN,,component,lmprs,
Dec,2005,,Upper Midwest,30.0,"22,450",Producer Milk Components,AMS_3462,3462,Dairy FMMOS,DY-NA,Washington,DC,"Washington, DC",Washington,DC,FMMOS,FMMOS - non-mars,03/30/2021 14:16:00,2005,2005-JUN,"1,847",component,lmprs,
Dec,2005,,Southwest,126.0,"9,579",Producer Milk Components,AMS_3462,3462,Dairy FMMOS,DY-NA,Washington,DC,"Washington, DC",Washington,DC,FMMOS,FMMOS - non-mars,03/30/2021 14:16:00,2005,2005-JUN,841,component,lmprs,
Dec,2005,,Southeast,7.0,"7,544",Producer Milk Components,AMS_3462,3462,Dairy FMMOS,DY-NA,Washington,DC,"Washington, DC",Washington,DC,FMMOS,FMMOS - non-mars,03/30/2021 14:16:00,2005,2005-JUN,650,component,lmprs,
Dec,2005,,Northeast,1.0,"23,565",Producer Milk Components,AMS_3462,3462,Dairy FMMOS,DY-NA,Washington,DC,"Washington, DC",Washington,DC,FMMOS,FMMOS - non-mars,03/30/2021 14:16:00,2005,2005-JUN,"1,997",component,lmprs,
Dec,2005,,Pacific Northwest,124.0,"7,046",Producer Milk Components,AMS_3462,3462,Dairy FMMOS,DY-NA,Washington,DC,"Washington, DC",Washington,DC,FMMOS,FMMOS - non-mars,03/30/2021 14:16:00,2005,2005-JUN,609,component,lmprs,
Dec,2005,,Mideast,33.0,"18,060",Producer Milk Components,AMS_3462,3462,Dairy FMMOS,DY-NA,Washington,DC,"Washington, DC",Washington,DC,FMMOS,FMMOS - non-mars,03/30/2021 14:16:00,2005,2005-JUN,"1,629",component,lmprs,
Dec,2005,,Florida,6.0,"3,125",Producer Milk Components,AMS_3462,3462,Dairy FMMOS,DY-NA,Washington,DC,"Washington, DC",Washington,DC,FMMOS,FMMOS - non-mars,03/30/2021 14:16:00,2005,2005-JUN,259,component,lmprs,
Dec,2005,,Central,32.0,"13,966",Producer Milk Components,AMS_3462,3462,Dairy FMMOS,DY-NA,Washington,DC,"Washington, DC",Washington,DC,FMMOS,FMMOS - non-mars,03/30/2021 14:16:00,2005,2005-JUN,873,component,lmprs,
Dec,2005,,Appalachian,5.0,"6,400",Producer Milk Components,AMS_3462,3462,Dairy FMMOS,DY-NA,Washington,DC,"Washington, DC",Washington,DC,FMMOS,FMMOS - non-mars,03/30/2021 14:16:00,2005,2005-JUN,567,component,lmprs,
Dec,2005,,Arizona,131.0,"2,948",Producer Milk Components,AMS_3462,3462,Dairy FMMOS,DY-NA,Washington,DC,"Washington, DC",Washington,DC,FMMOS,FMMOS - non-mars,03/30/2021 14:16:00,2005,2005-JUN,250,component,lmprs,
Dec,2005,,All Markets Combined,,"114,682",Producer Milk Components,AMS_3462,3462,Dairy FMMOS,DY-NA,Washington,DC,"Washington, DC",Washington,DC,FMMOS,FMMOS - non-mars,03/30/2021 14:16:00,2005,2005-JUN,"9,522",component,lmprs,
Dec,2006,,All Markets Combined,,"120,618",Producer Milk Components,AMS_3462,3462,Dairy FMMOS,DY-NA,Washington,DC,"Washington, DC",Washington,DC,FMMOS,FMMOS - non-mars,03/30/2021 14:16:00,2006,2006-JUN,"10,014",component,lmprs,
Dec,2006,,Arizona,131.0,"3,383",Producer Milk Components,AMS_3462,3462,Dairy FMMOS,DY-NA,Washington,DC,"Washington, DC",Washington,DC,FMMOS,FMMOS - non-mars,03/30/2021 14:16:00,2006,2006-JUN,306,component,lmprs,
Dec,2006,,Appalachian,5.0,"6,243",Producer Milk Components,AMS_3462,3462,Dairy FMMOS,DY-NA,Washington,DC,"Washington, DC",Washington,DC,FMMOS,FMMOS - non-mars,03/30/2021 14:16:00,2006,2006-JUN,544,component,lmprs,
Dec,2006,,Central,32.0,"13,917",Producer Milk Components,AMS_3462,3462,Dairy FMMOS,DY-NA,Washington,DC,"Washington, DC",Washington,DC,FMMOS,FMMOS - non-mars,03/30/2021 14:16:00,2006,2006-JUN,"1,021",component,lmprs,
Dec,2006,,Florida,6.0,"3,126",Producer Milk Components,AMS_3462,3462,Dairy FMMOS,DY-NA,Washington,DC,"Washington, DC",Washington,DC,FMMOS,FMMOS - non-mars,03/30/2021 14:16:00,2006,2006-JUN,251,component,lmprs,
Dec,2006,,Mideast,33.0,"17,189",Producer Milk Components,AMS_3462,3462,Dairy FMMOS,DY-NA,Washington,DC,"Washington, DC",Washington,DC,FMMOS,FMMOS - non-mars,03/30/2021 14:16:00,2006,2006-JUN,"1,501",component,lmprs,
Dec,2006,,Pacific Northwest,124.0,"7,570",Producer Milk Components,AMS_3462,3462,Dairy FMMOS,DY-NA,Washington,DC,"Washington, DC",Washington,DC,FMMOS,FMMOS - non-mars,03/30/2021 14:16:00,2006,2006-JUN,662,component,lmprs,
Dec,2006,,Northeast,1.0,"22,680",Producer Milk Components,AMS_3462,3462,Dairy FMMOS,DY-NA,Washington,DC,"Washington, DC",Washington,DC,FMMOS,FMMOS - non-mars,03/30/2021 14:16:00,2006,2006-JUN,"1,901",component,lmprs,
Dec,2006,,Southeast,7.0,"8,055",Producer Milk Components,AMS_3462,3462,Dairy FMMOS,DY-NA,Washington,DC,"Washington, DC",Washington,DC,FMMOS,FMMOS - non-mars,03/30/2021 14:16:00,2006,2006-JUN,678,component,lmprs,
Dec,2006,,Southwest,126.0,"11,600",Producer Milk Components,AMS_3462,3462,Dairy FMMOS,DY-NA,Washington,DC,"Washington, DC",Washington,DC,FMMOS,FMMOS - non-mars,03/30/2021 14:16:00,2006,2006-JUN,991,component,lmprs,
Dec,2006,,Upper Midwest,30.0,"26,855",Producer Milk Components,AMS_3462,3462,Dairy FMMOS,DY-NA,Washington,DC,"Washington, DC",Washington,DC,FMMOS,FMMOS - non-mars,03/30/2021 14:16:00,2006,2006-JUN,"2,158",component,lmprs,
Dec,2007,,Upper Midwest,30.0,"26,490",Producer Milk Components,AMS_3462,3462,Dairy FMMOS,DY-NA,Washington,DC,"Washington, DC",Washington,DC,FMMOS,FMMOS - non-mars,03/30/2021 14:16:00,2007,2007-JUN,"1,989",component,lmprs,
Dec,2007,,Southwest,126.0,"9,990",Producer Milk Components,AMS_3462,3462,Dairy FMMOS,DY-NA,Washington,DC,"Washington, DC",Washington,DC,FMMOS,FMMOS - non-mars,03/30/2021 14:16:00,2007,2007-JUN,435,component,lmprs,
Dec,2007,,Southeast,7.0,"7,521",Producer Milk Components,AMS_3462,3462,Dairy FMMOS,DY-NA,Washington,DC,"Washington, DC",Washington,DC,FMMOS,FMMOS - non-mars,03/30/2021 14:16:00,2007,2007-JUN,559,component,lmprs,
Dec,2007,,Northeast,1.0,"23,040",Producer Milk Components,AMS_3462,3462,Dairy FMMOS,DY-NA,Washington,DC,"Washington, DC",Washington,DC,FMMOS,FMMOS - non-mars,03/30/2021 14:16:00,2007,2007-JUN,"1,857",component,lmprs,
Dec,2007,,Pacific Northwest,124.0,"7,036",Producer Milk Components,AMS_3462,3462,Dairy FMMOS,DY-NA,Washington,DC,"Washington, DC",Washington,DC,FMMOS,FMMOS - non-mars,03/30/2021 14:16:00,2007,2007-JUN,577,component,lmprs,
Dec,2007,,Mideast,33.0,"16,268",Producer Milk Components,AMS_3462,3462,Dairy FMMOS,DY-NA,Washington,DC,"Washington, DC",Washington,DC,FMMOS,FMMOS - non-mars,03/30/2021 14:16:00,2007,2007-JUN,"1,313",component,lmprs,
Dec,2007,,Florida,6.0,"3,207",Producer Milk Components,AMS_3462,3462,Dairy FMMOS,DY-NA,Washington,DC,"Washington, DC",Washington,DC,FMMOS,FMMOS - non-mars,03/30/2021 14:16:00,2007,2007-JUN,258,component,lmprs,
Dec,2007,,Central,32.0,"11,193",Producer Milk Components,AMS_3462,3462,Dairy FMMOS,DY-NA,Washington,DC,"Washington, DC",Washington,DC,FMMOS,FMMOS - non-mars,03/30/2021 14:16:00,2007,2007-JUN,811,component,lmprs,
Dec,2007,,Appalachian,5.0,"5,865",Producer Milk Components,AMS_3462,3462,Dairy FMMOS,DY-NA,Washington,DC,"Washington, DC",Washington,DC,FMMOS,FMMOS - non-mars,03/30/2021 14:16:00,2007,2007-JUN,437,component,lmprs,
Dec,2007,,Arizona,131.0,"3,799",Producer Milk Components,AMS_3462,3462,Dairy FMMOS,DY-NA,Washington,DC,"Washington, DC",Washington,DC,FMMOS,FMMOS - non-mars,03/30/2021 14:16:00,2007,2007-JUN,323,component,lmprs,
Dec,2007,,All Markets Combined,,"114,407",Producer Milk Components,AMS_3462,3462,Dairy FMMOS,DY-NA,Washington,DC,"Washington, DC",Washington,DC,FMMOS,FMMOS - non-mars,03/30/2021 14:16:00,2007,2007-JUN,"8,560",component,lmprs,
Dec,2008,,All Markets Combined,,"115,867",Producer Milk Components,AMS_3462,3462,Dairy FMMOS,DY-NA,Washington,DC,"Washington, DC",Washington,DC,FMMOS,FMMOS - non-mars,03/30/2021 14:15:00,2008,2008-JUN,"8,498",component,lmprs,
Dec,2008,,Arizona,131.0,"4,156",Producer Milk Components,AMS_3462,3462,Dairy FMMOS,DY-NA,Washington,DC,"Washington, DC",Washington,DC,FMMOS,FMMOS - non-mars,03/30/2021 14:15:00,2008,2008-JUN,353,component,lmprs,
Dec,2008,,Appalachian,5.0,"5,882",Producer Milk Components,AMS_3462,3462,Dairy FMMOS,DY-NA,Washington,DC,"Washington, DC",Washington,DC,FMMOS,FMMOS - non-mars,03/30/2021 14:15:00,2008,2008-JUN,466,component,lmprs,
Dec,2008,,Central,32.0,"11,564",Producer Milk Components,AMS_3462,3462,Dairy FMMOS,DY-NA,Washington,DC,"Washington, DC",Washington,DC,FMMOS,FMMOS - non-mars,03/30/2021 14:15:00,2008,2008-JUN,767,component,lmprs,
Dec,2008,,Florida,6.0,"3,130",Producer Milk Components,AMS_3462,3462,Dairy FMMOS,DY-NA,Washington,DC,"Washington, DC",Washington,DC,FMMOS,FMMOS - non-mars,03/30/2021 14:15:00,2008,2008-JUN,260,component,lmprs,
Dec,2008,,Mideast,33.0,"15,707",Producer Milk Components,AMS_3462,3462,Dairy FMMOS,DY-NA,Washington,DC,"Washington, DC",Washington,DC,FMMOS,FMMOS - non-mars,03/30/2021 14:15:00,2008,2008-JUN,"1,216",component,lmprs,
Dec,2008,,Pacific Northwest,124.0,"6,882",Producer Milk Components,AMS_3462,3462,Dairy FMMOS,DY-NA,Washington,DC,"Washington, DC",Washington,DC,FMMOS,FMMOS - non-mars,03/30/2021 14:15:00,2008,2008-JUN,506,component,lmprs,
Dec,2008,,Northeast,1.0,"23,895",Producer Milk Components,AMS_3462,3462,Dairy FMMOS,DY-NA,Washington,DC,"Washington, DC",Washington,DC,FMMOS,FMMOS - non-mars,03/30/2021 14:15:00,2008,2008-JUN,"1,833",component,lmprs,
Dec,2008,,Southeast,7.0,"6,923",Producer Milk Components,AMS_3462,3462,Dairy FMMOS,DY-NA,Washington,DC,"Washington, DC",Washington,DC,FMMOS,FMMOS - non-mars,03/30/2021 14:15:00,2008,2008-JUN,494,component,lmprs,
Dec,2008,,Southwest,126.0,"9,687",Producer Milk Components,AMS_3462,3462,Dairy FMMOS,DY-NA,Washington,DC,"Washington, DC",Washington,DC,FMMOS,FMMOS - non-mars,03/30/2021 14:15:00,2008,2008-JUN,655,component,lmprs,
Dec,2008,,Upper Midwest,30.0,"28,041",Producer Milk Components,AMS_3462,3462,Dairy FMMOS,DY-NA,Washington,DC,"Washington, DC",Washington,DC,FMMOS,FMMOS - non-mars,03/30/2021 14:15:00,2008,2008-JUN,"1,948",component,lmprs,
Dec,2009,,Upper Midwest,30.0,"32,184",Producer Milk Components,AMS_3462,3462,Dairy FMMOS,DY-NA,Washington,DC,"Washington, DC",Washington,DC,FMMOS,FMMOS - non-mars,03/30/2021 14:15:00,2009,2009-JUN,"2,759",component,lmprs,
Dec,2009,,Southwest,126.0,"10,809",Producer Milk Components,AMS_3462,3462,Dairy FMMOS,DY-NA,Washington,DC,"Washington, DC",Washington,DC,FMMOS,FMMOS - non-mars,03/30/2021 14:15:00,2009,2009-JUN,993,component,lmprs,
Dec,2009,,Southeast,7.0,"7,169",Producer Milk Components,AMS_3462,3462,Dairy FMMOS,DY-NA,Washington,DC,"Washington, DC",Washington,DC,FMMOS,FMMOS - non-mars,03/30/2021 14:15:00,2009,2009-JUN,605,component,lmprs,
Dec,2009,,Northeast,1.0,"23,497",Producer Milk Components,AMS_3462,3462,Dairy FMMOS,DY-NA,Washington,DC,"Washington, DC",Washington,DC,FMMOS,FMMOS - non-mars,03/30/2021 14:15:00,2009,2009-JUN,"2,002",component,lmprs,
Dec,2009,,Pacific Northwest,124.0,"7,470",Producer Milk Components,AMS_3462,3462,Dairy FMMOS,DY-NA,Washington,DC,"Washington, DC",Washington,DC,FMMOS,FMMOS - non-mars,03/30/2021 14:15:00,2009,2009-JUN,671,component,lmprs,
Dec,2009,,Mideast,33.0,"16,596",Producer Milk Components,AMS_3462,3462,Dairy FMMOS,DY-NA,Washington,DC,"Washington, DC",Washington,DC,FMMOS,FMMOS - non-mars,03/30/2021 14:15:00,2009,2009-JUN,"1,431",component,lmprs,
Dec,2009,,Florida,6.0,"3,027",Producer Milk Components,AMS_3462,3462,Dairy FMMOS,DY-NA,Washington,DC,"Washington, DC",Washington,DC,FMMOS,FMMOS - non-mars,03/30/2021 14:15:00,2009,2009-JUN,221,component,lmprs,
Dec,2009,,Central,32.0,"12,685",Producer Milk Components,AMS_3462,3462,Dairy FMMOS,DY-NA,Washington,DC,"Washington, DC",Washington,DC,FMMOS,FMMOS - non-mars,03/30/2021 14:15:00,2009,2009-JUN,"1,189",component,lmprs,
Dec,2009,,Appalachian,5.0,"5,950",Producer Milk Components,AMS_3462,3462,Dairy FMMOS,DY-NA,Washington,DC,"Washington, DC",Washington,DC,FMMOS,FMMOS - non-mars,03/30/2021 14:15:00,2009,2009-JUN,504,component,lmprs,
Dec,2009,,Arizona,131.0,"4,042",Producer Milk Components,AMS_3462,3462,Dairy FMMOS,DY-NA,Washington,DC,"Washington, DC",Washington,DC,FMMOS,FMMOS - non-mars,03/30/2021 14:15:00,2009,2009-JUN,335,component,lmprs,
Dec,2009,,All Markets Combined,,"123,430",Producer Milk Components,AMS_3462,3462,Dairy FMMOS,DY-NA,Washington,DC,"Washington, DC",Washington,DC,FMMOS,FMMOS - non-mars,03/30/2021 14:15:00,2009,2009-JUN,"10,710",component,lmprs,
Dec,2010,,All Markets Combined,,"126,909",Producer Milk Components,AMS_3462,3462,Dairy FMMOS,DY-NA,Washington,DC,"Washington, DC",Washington,DC,FMMOS,FMMOS - non-mars,03/30/2021 14:14:00,2010,2010-JUN,"10,719",component,lmprs,
Dec,2010,,Arizona,131.0,"4,232",Producer Milk Components,AMS_3462,3462,Dairy FMMOS,DY-NA,Washington,DC,"Washington, DC",Washington,DC,FMMOS,FMMOS - non-mars,03/30/2021 14:14:00,2010,2010-JUN,359,component,lmprs,
Dec,2010,,Appalachian,5.0,"6,042",Producer Milk Components,AMS_3462,3462,Dairy FMMOS,DY-NA,Washington,DC,"Washington, DC",Washington,DC,FMMOS,FMMOS - non-mars,03/30/2021 14:14:00,2010,2010-JUN,504,component,lmprs,
Dec,2010,,Central,32.0,"13,352",Producer Milk Components,AMS_3462,3462,Dairy FMMOS,DY-NA,Washington,DC,"Washington, DC",Washington,DC,FMMOS,FMMOS - non-mars,03/30/2021 14:14:00,2010,2010-JUN,"1,092",component,lmprs,
Dec,2010,,Florida,6.0,"2,902",Producer Milk Components,AMS_3462,3462,Dairy FMMOS,DY-NA,Washington,DC,"Washington, DC",Washington,DC,FMMOS,FMMOS - non-mars,03/30/2021 14:14:00,2010,2010-JUN,225,component,lmprs,
Dec,2010,,Mideast,33.0,"16,022",Producer Milk Components,AMS_3462,3462,Dairy FMMOS,DY-NA,Washington,DC,"Washington, DC",Washington,DC,FMMOS,FMMOS - non-mars,03/30/2021 14:14:00,2010,2010-JUN,"1,321",component,lmprs,
Dec,2010,,Pacific Northwest,124.0,"8,011",Producer Milk Components,AMS_3462,3462,Dairy FMMOS,DY-NA,Washington,DC,"Washington, DC",Washington,DC,FMMOS,FMMOS - non-mars,03/30/2021 14:14:00,2010,2010-JUN,659,component,lmprs,
Dec,2010,,Northeast,1.0,"24,335",Producer Milk Components,AMS_3462,3462,Dairy FMMOS,DY-NA,Washington,DC,"Washington, DC",Washington,DC,FMMOS,FMMOS - non-mars,03/30/2021 14:14:00,2010,2010-JUN,"2,110",component,lmprs,
Dec,2010,,Southeast,7.0,"7,001",Producer Milk Components,AMS_3462,3462,Dairy FMMOS,DY-NA,Washington,DC,"Washington, DC",Washington,DC,FMMOS,FMMOS - non-mars,03/30/2021 14:14:00,2010,2010-JUN,566,component,lmprs,
Dec,2010,,Southwest,126.0,"11,210",Producer Milk Components,AMS_3462,3462,Dairy FMMOS,DY-NA,Washington,DC,"Washington, DC",Washington,DC,FMMOS,FMMOS - non-mars,03/30/2021 14:14:00,2010,2010-JUN,996,component,lmprs,
Dec,2010,,Upper Midwest,30.0,"33,803",Producer Milk Components,AMS_3462,3462,Dairy FMMOS,DY-NA,Washington,DC,"Washington, DC",Washington,DC,FMMOS,FMMOS - non-mars,03/30/2021 14:14:00,2010,2010-JUN,"2,887",component,lmprs,
Dec,2011,,Southwest,126.0,"11,233",Producer Milk Components,AMS_3462,3462,Dairy FMMOS,DY-NA,Washington,DC,"Washington, DC",Washington,DC,FMMOS,FMMOS - non-mars,03/30/2021 14:14:00,2011,2011-JUN,"1,008",component,lmprs,
Dec,2011,,Upper Midwest,30.0,"32,766",Producer Milk Components,AMS_3462,3462,Dairy FMMOS,DY-NA,Washington,DC,"Washington, DC",Washington,DC,FMMOS,FMMOS - non-mars,03/30/2021 14:14:00,2011,2011-JUN,"2,779",component,lmprs,
Dec,2011,,Southeast,7.0,"7,057",Producer Milk Components,AMS_3462,3462,Dairy FMMOS,DY-NA,Washington,DC,"Washington, DC",Washington,DC,FMMOS,FMMOS - non-mars,03/30/2021 14:14:00,2011,2011-JUN,568,component,lmprs,
Dec,2011,,Pacific Northwest,124.0,"8,023",Producer Milk Components,AMS_3462,3462,Dairy FMMOS,DY-NA,Washington,DC,"Washington, DC",Washington,DC,FMMOS,FMMOS - non-mars,03/30/2021 14:14:00,2011,2011-JUN,705,component,lmprs,
Dec,2011,,Mideast,33.0,"15,939",Producer Milk Components,AMS_3462,3462,Dairy FMMOS,DY-NA,Washington,DC,"Washington, DC",Washington,DC,FMMOS,FMMOS - non-mars,03/30/2021 14:14:00,2011,2011-JUN,"1,284",component,lmprs,
Dec,2011,,Northeast,1.0,"24,358",Producer Milk Components,AMS_3462,3462,Dairy FMMOS,DY-NA,Washington,DC,"Washington, DC",Washington,DC,FMMOS,FMMOS - non-mars,03/30/2021 14:14:00,2011,2011-JUN,"1,996",component,lmprs,
Dec,2011,,Florida,6.0,"2,919",Producer Milk Components,AMS_3462,3462,Dairy FMMOS,DY-NA,Washington,DC,"Washington, DC",Washington,DC,FMMOS,FMMOS - non-mars,03/30/2021 14:14:00,2011,2011-JUN,227,component,lmprs,
Dec,2011,,Central,32.0,"13,938",Producer Milk Components,AMS_3462,3462,Dairy FMMOS,DY-NA,Washington,DC,"Washington, DC",Washington,DC,FMMOS,FMMOS - non-mars,03/30/2021 14:14:00,2011,2011-JUN,"1,237",component,lmprs,
Dec,2011,,Appalachian,5.0,"6,128",Producer Milk Components,AMS_3462,3462,Dairy FMMOS,DY-NA,Washington,DC,"Washington, DC",Washington,DC,FMMOS,FMMOS - non-mars,03/30/2021 14:14:00,2011,2011-JUN,527,component,lmprs,
Dec,2011,,Arizona,131.0,"4,518",Producer Milk Components,AMS_3462,3462,Dairy FMMOS,DY-NA,Washington,DC,"Washington, DC",Washington,DC,FMMOS,FMMOS - non-mars,03/30/2021 14:14:00,2011,2011-JUN,380,component,lmprs,
Dec,2011,,All Markets Combined,,"126,879",Producer Milk Components,AMS_3462,3462,Dairy FMMOS,DY-NA,Washington,DC,"Washington, DC",Washington,DC,FMMOS,FMMOS - non-mars,03/30/2021 14:14:00,2011,2011-JUN,"10,709",component,lmprs,
Dec,2012,,All Markets Combined,,"122,388",Producer Milk Components,AMS_3462,3462,Dairy FMMOS,DY-NA,Washington,DC,"Washington, DC",Washington,DC,FMMOS,FMMOS - non-mars,03/30/2021 14:13:00,2012,2012-JUN,"9,687",component,lmprs,
Dec,2012,,Arizona,131.0,"4,556",Producer Milk Components,AMS_3462,3462,Dairy FMMOS,DY-NA,Washington,DC,"Washington, DC",Washington,DC,FMMOS,FMMOS - non-mars,03/30/2021 14:13:00,2012,2012-JUN,392,component,lmprs,
Dec,2012,,Appalachian,5.0,"5,863",Producer Milk Components,AMS_3462,3462,Dairy FMMOS,DY-NA,Washington,DC,"Washington, DC",Washington,DC,FMMOS,FMMOS - non-mars,03/30/2021 14:13:00,2012,2012-JUN,474,component,lmprs,
Dec,2012,,Central,32.0,"13,389",Producer Milk Components,AMS_3462,3462,Dairy FMMOS,DY-NA,Washington,DC,"Washington, DC",Washington,DC,FMMOS,FMMOS - non-mars,03/30/2021 14:13:00,2012,2012-JUN,"1,026",component,lmprs,
Dec,2012,,Florida,6.0,"2,890",Producer Milk Components,AMS_3462,3462,Dairy FMMOS,DY-NA,Washington,DC,"Washington, DC",Washington,DC,FMMOS,FMMOS - non-mars,03/30/2021 14:13:00,2012,2012-JUN,227,component,lmprs,
Dec,2012,,Northeast,1.0,"24,695",Producer Milk Components,AMS_3462,3462,Dairy FMMOS,DY-NA,Washington,DC,"Washington, DC",Washington,DC,FMMOS,FMMOS - non-mars,03/30/2021 14:13:00,2012,2012-JUN,"2,025",component,lmprs,
Dec,2012,,Mideast,33.0,"16,806",Producer Milk Components,AMS_3462,3462,Dairy FMMOS,DY-NA,Washington,DC,"Washington, DC",Washington,DC,FMMOS,FMMOS - non-mars,03/30/2021 14:13:00,2012,2012-JUN,"1,414",component,lmprs,
Dec,2012,,Pacific Northwest,124.0,"6,719",Producer Milk Components,AMS_3462,3462,Dairy FMMOS,DY-NA,Washington,DC,"Washington, DC",Washington,DC,FMMOS,FMMOS - non-mars,03/30/2021 14:13:00,2012,2012-JUN,452,component,lmprs,
Dec,2012,,Southeast,7.0,"6,794",Producer Milk Components,AMS_3462,3462,Dairy FMMOS,DY-NA,Washington,DC,"Washington, DC",Washington,DC,FMMOS,FMMOS - non-mars,03/30/2021 14:13:00,2012,2012-JUN,550,component,lmprs,
Dec,2012,,Upper Midwest,30.0,"30,684",Producer Milk Components,AMS_3462,3462,Dairy FMMOS,DY-NA,Washington,DC,"Washington, DC",Washington,DC,FMMOS,FMMOS - non-mars,03/30/2021 14:13:00,2012,2012-JUN,"2,582",component,lmprs,
Dec,2012,,Southwest,126.0,"9,994",Producer Milk Components,AMS_3462,3462,Dairy FMMOS,DY-NA,Washington,DC,"Washington, DC",Washington,DC,FMMOS,FMMOS - non-mars,03/30/2021 14:13:00,2012,2012-JUN,544,component,lmprs,
Dec,2013,,Southwest,126.0,"12,901",Producer Milk Components,AMS_3462,3462,Dairy FMMOS,DY-NA,Washington,DC,"Washington, DC",Washington,DC,FMMOS,FMMOS - non-mars,03/30/2021 14:13:00,2013,2013-JUN,972,component,lmprs,
Dec,2013,,Upper Midwest,30.0,"34,315",Producer Milk Components,AMS_3462,3462,Dairy FMMOS,DY-NA,Washington,DC,"Washington, DC",Washington,DC,FMMOS,FMMOS - non-mars,03/30/2021 14:13:00,2013,2013-JUN,"2,847",component,lmprs,
Dec,2013,,Southeast,7.0,"6,129",Producer Milk Components,AMS_3462,3462,Dairy FMMOS,DY-NA,Washington,DC,"Washington, DC",Washington,DC,FMMOS,FMMOS - non-mars,03/30/2021 14:13:00,2013,2013-JUN,523,component,lmprs,
Dec,2013,,Pacific Northwest,124.0,"8,239",Producer Milk Components,AMS_3462,3462,Dairy FMMOS,DY-NA,Washington,DC,"Washington, DC",Washington,DC,FMMOS,FMMOS - non-mars,03/30/2021 14:13:00,2013,2013-JUN,726,component,lmprs,
Dec,2013,,Mideast,33.0,"16,719",Producer Milk Components,AMS_3462,3462,Dairy FMMOS,DY-NA,Washington,DC,"Washington, DC",Washington,DC,FMMOS,FMMOS - non-mars,03/30/2021 14:13:00,2013,2013-JUN,"1,413",component,lmprs,
Dec,2013,,Northeast,1.0,"25,420",Producer Milk Components,AMS_3462,3462,Dairy FMMOS,DY-NA,Washington,DC,"Washington, DC",Washington,DC,FMMOS,FMMOS - non-mars,03/30/2021 14:13:00,2013,2013-JUN,"2,147",component,lmprs,
Dec,2013,,Florida,6.0,"2,833",Producer Milk Components,AMS_3462,3462,Dairy FMMOS,DY-NA,Washington,DC,"Washington, DC",Washington,DC,FMMOS,FMMOS - non-mars,03/30/2021 14:13:00,2013,2013-JUN,216,component,lmprs,
Dec,2013,,Central,32.0,"15,199",Producer Milk Components,AMS_3462,3462,Dairy FMMOS,DY-NA,Washington,DC,"Washington, DC",Washington,DC,FMMOS,FMMOS - non-mars,03/30/2021 14:13:00,2013,2013-JUN,"1,341",component,lmprs,
Dec,2013,,Arizona,131.0,"4,615",Producer Milk Components,AMS_3462,3462,Dairy FMMOS,DY-NA,Washington,DC,"Washington, DC",Washington,DC,FMMOS,FMMOS - non-mars,03/30/2021 14:13:00,2013,2013-JUN,386,component,lmprs,
Dec,2013,,All Markets Combined,,"132,100",Producer Milk Components,AMS_3462,3462,Dairy FMMOS,DY-NA,Washington,DC,"Washington, DC",Washington,DC,FMMOS,FMMOS - non-mars,03/30/2021 14:13:00,2013,2013-JUN,"11,048",component,lmprs,
Dec,2013,,Appalachian,5.0,"5,729",Producer Milk Components,AMS_3462,3462,Dairy FMMOS,DY-NA,Washington,DC,"Washington, DC",Washington,DC,FMMOS,FMMOS - non-mars,03/30/2021 14:13:00,2013,2013-JUN,477,component,lmprs,
Dec,2014,,Appalachian,5.0,"5,594",Producer Milk Components,AMS_3462,3462,Dairy FMMOS,DY-NA,Washington,DC,"Washington, DC",Washington,DC,FMMOS,FMMOS - non-mars,03/30/2021 14:13:00,2014,2014-JUN,456,component,lmprs,
Dec,2014,,All Markets Combined,,"129,420",Producer Milk Components,AMS_3462,3462,Dairy FMMOS,DY-NA,Washington,DC,"Washington, DC",Washington,DC,FMMOS,FMMOS - non-mars,03/30/2021 14:13:00,2014,2014-JUN,"11,049",component,lmprs,
Dec,2014,,Arizona,131.0,"4,800",Producer Milk Components,AMS_3462,3462,Dairy FMMOS,DY-NA,Washington,DC,"Washington, DC",Washington,DC,FMMOS,FMMOS - non-mars,03/30/2021 14:13:00,2014,2014-JUN,407,component,lmprs,
Dec,2014,,Central,32.0,"15,063",Producer Milk Components,AMS_3462,3462,Dairy FMMOS,DY-NA,Washington,DC,"Washington, DC",Washington,DC,FMMOS,FMMOS - non-mars,03/30/2021 14:13:00,2014,2014-JUN,"1,220",component,lmprs,
Dec,2014,,Florida,6.0,"2,771",Producer Milk Components,AMS_3462,3462,Dairy FMMOS,DY-NA,Washington,DC,"Washington, DC",Washington,DC,FMMOS,FMMOS - non-mars,03/30/2021 14:13:00,2014,2014-JUN,213,component,lmprs,
Dec,2014,,Northeast,1.0,"25,793",Producer Milk Components,AMS_3462,3462,Dairy FMMOS,DY-NA,Washington,DC,"Washington, DC",Washington,DC,FMMOS,FMMOS - non-mars,03/30/2021 14:13:00,2014,2014-JUN,"2,188",component,lmprs,
Dec,2014,,Mideast,33.0,"17,297",Producer Milk Components,AMS_3462,3462,Dairy FMMOS,DY-NA,Washington,DC,"Washington, DC",Washington,DC,FMMOS,FMMOS - non-mars,03/30/2021 14:13:00,2014,2014-JUN,"1,389",component,lmprs,
Dec,2014,,Pacific Northwest,124.0,"7,892",Producer Milk Components,AMS_3462,3462,Dairy FMMOS,DY-NA,Washington,DC,"Washington, DC",Washington,DC,FMMOS,FMMOS - non-mars,03/30/2021 14:13:00,2014,2014-JUN,750,component,lmprs,
Dec,2014,,Southeast,7.0,"5,289",Producer Milk Components,AMS_3462,3462,Dairy FMMOS,DY-NA,Washington,DC,"Washington, DC",Washington,DC,FMMOS,FMMOS - non-mars,03/30/2021 14:13:00,2014,2014-JUN,427,component,lmprs,
Dec,2014,,Upper Midwest,30.0,"32,785",Producer Milk Components,AMS_3462,3462,Dairy FMMOS,DY-NA,Washington,DC,"Washington, DC",Washington,DC,FMMOS,FMMOS - non-mars,03/30/2021 14:13:00,2014,2014-JUN,"2,900",component,lmprs,
Dec,2014,,Southwest,126.0,"12,137",Producer Milk Components,AMS_3462,3462,Dairy FMMOS,DY-NA,Washington,DC,"Washington, DC",Washington,DC,FMMOS,FMMOS - non-mars,03/30/2021 14:13:00,2014,2014-JUN,"1,099",component,lmprs,
Dec,2015,,Southwest,126.0,"11,891",Producer Milk Components,AMS_3462,3462,Dairy FMMOS,DY-NA,Washington,DC,"Washington, DC",Washington,DC,FMMOS,FMMOS - non-mars,03/30/2021 14:12:00,2015,2015-JUN,563,component,lmprs,
Dec,2015,,Upper Midwest,30.0,"30,318",Producer Milk Components,AMS_3462,3462,Dairy FMMOS,DY-NA,Washington,DC,"Washington, DC",Washington,DC,FMMOS,FMMOS - non-mars,03/30/2021 14:12:00,2015,2015-JUN,"2,067",component,lmprs,
Dec,2015,,Southeast,7.0,"5,205",Producer Milk Components,AMS_3462,3462,Dairy FMMOS,DY-NA,Washington,DC,"Washington, DC",Washington,DC,FMMOS,FMMOS - non-mars,03/30/2021 14:12:00,2015,2015-JUN,426,component,lmprs,
Dec,2015,,Pacific Northwest,124.0,"6,646",Producer Milk Components,AMS_3462,3462,Dairy FMMOS,DY-NA,Washington,DC,"Washington, DC",Washington,DC,FMMOS,FMMOS - non-mars,03/30/2021 14:12:00,2015,2015-JUN,461,component,lmprs,
Dec,2015,,Mideast,33.0,"18,376",Producer Milk Components,AMS_3462,3462,Dairy FMMOS,DY-NA,Washington,DC,"Washington, DC",Washington,DC,FMMOS,FMMOS - non-mars,03/30/2021 14:12:00,2015,2015-JUN,"1,434",component,lmprs,
Dec,2015,,Northeast,1.0,"26,039",Producer Milk Components,AMS_3462,3462,Dairy FMMOS,DY-NA,Washington,DC,"Washington, DC",Washington,DC,FMMOS,FMMOS - non-mars,03/30/2021 14:12:00,2015,2015-JUN,"2,090",component,lmprs,
Dec,2015,,Florida,6.0,"2,741",Producer Milk Components,AMS_3462,3462,Dairy FMMOS,DY-NA,Washington,DC,"Washington, DC",Washington,DC,FMMOS,FMMOS - non-mars,03/30/2021 14:12:00,2015,2015-JUN,211,component,lmprs,
Dec,2015,,Central,32.0,"14,476",Producer Milk Components,AMS_3462,3462,Dairy FMMOS,DY-NA,Washington,DC,"Washington, DC",Washington,DC,FMMOS,FMMOS - non-mars,03/30/2021 14:12:00,2015,2015-JUN,"1,066",component,lmprs,
Dec,2015,,Arizona,131.0,"4,788",Producer Milk Components,AMS_3462,3462,Dairy FMMOS,DY-NA,Washington,DC,"Washington, DC",Washington,DC,FMMOS,FMMOS - non-mars,03/30/2021 14:12:00,2015,2015-JUN,397,component,lmprs,
Dec,2015,,All Markets Combined,,"126,126",Producer Milk Components,AMS_3462,3462,Dairy FMMOS,DY-NA,Washington,DC,"Washington, DC",Washington,DC,FMMOS,FMMOS - non-mars,03/30/2021 14:12:00,2015,2015-JUN,"9,171",component,lmprs,
Dec,2015,,Appalachian,5.0,"5,646",Producer Milk Components,AMS_3462,3462,Dairy FMMOS,DY-NA,Washington,DC,"Washington, DC",Washington,DC,FMMOS,FMMOS - non-mars,03/30/2021 14:12:00,2015,2015-JUN,456,component,lmprs,
Dec,2016,,Appalachian,5.0,"5,595",Producer Milk Components,AMS_3462,3462,Dairy FMMOS,DY-NA,Washington,DC,"Washington, DC",Washington,DC,FMMOS,FMMOS - non-mars,03/30/2021 14:12:00,2016,2016-JUN,461,component,lmprs,
Dec,2016,,All Markets Combined,,"133,846",Producer Milk Components,AMS_3462,3462,Dairy FMMOS,DY-NA,Washington,DC,"Washington, DC",Washington,DC,FMMOS,FMMOS - non-mars,03/30/2021 14:12:00,2016,2016-JUN,"11,800",component,lmprs,
Dec,2016,,Arizona,131.0,"4,979",Producer Milk Components,AMS_3462,3462,Dairy FMMOS,DY-NA,Washington,DC,"Washington, DC",Washington,DC,FMMOS,FMMOS - non-mars,03/30/2021 14:12:00,2016,2016-JUN,435,component,lmprs,
Dec,2016,,Central,32.0,"15,088",Producer Milk Components,AMS_3462,3462,Dairy FMMOS,DY-NA,Washington,DC,"Washington, DC",Washington,DC,FMMOS,FMMOS - non-mars,03/30/2021 14:12:00,2016,2016-JUN,"1,422",component,lmprs,
Dec,2016,,Florida,6.0,"2,714",Producer Milk Components,AMS_3462,3462,Dairy FMMOS,DY-NA,Washington,DC,"Washington, DC",Washington,DC,FMMOS,FMMOS - non-mars,03/30/2021 14:12:00,2016,2016-JUN,208,component,lmprs,
Dec,2016,,Northeast,1.0,"27,007",Producer Milk Components,AMS_3462,3462,Dairy FMMOS,DY-NA,Washington,DC,"Washington, DC",Washington,DC,FMMOS,FMMOS - non-mars,03/30/2021 14:12:00,2016,2016-JUN,"2,263",component,lmprs,
Dec,2016,,Mideast,33.0,"19,655",Producer Milk Components,AMS_3462,3462,Dairy FMMOS,DY-NA,Washington,DC,"Washington, DC",Washington,DC,FMMOS,FMMOS - non-mars,03/30/2021 14:12:00,2016,2016-JUN,"1,648",component,lmprs,
Dec,2016,,Pacific Northwest,124.0,"7,883",Producer Milk Components,AMS_3462,3462,Dairy FMMOS,DY-NA,Washington,DC,"Washington, DC",Washington,DC,FMMOS,FMMOS - non-mars,03/30/2021 14:12:00,2016,2016-JUN,747,component,lmprs,
Dec,2016,,Southeast,7.0,"5,390",Producer Milk Components,AMS_3462,3462,Dairy FMMOS,DY-NA,Washington,DC,"Washington, DC",Washington,DC,FMMOS,FMMOS - non-mars,03/30/2021 14:12:00,2016,2016-JUN,457,component,lmprs,
Dec,2016,,Upper Midwest,30.0,"32,817",Producer Milk Components,AMS_3462,3462,Dairy FMMOS,DY-NA,Washington,DC,"Washington, DC",Washington,DC,FMMOS,FMMOS - non-mars,03/30/2021 14:12:00,2016,2016-JUN,"3,035",component,lmprs,
Dec,2016,,Southwest,126.0,"12,717",Producer Milk Components,AMS_3462,3462,Dairy FMMOS,DY-NA,Washington,DC,"Washington, DC",Washington,DC,FMMOS,FMMOS - non-mars,03/30/2021 14:12:00,2016,2016-JUN,"1,125",component,lmprs,
Dec,2017,,Southwest,126.0,"13,092",Producer Milk Components,AMS_3462,3462,Dairy FMMOS,DY-NA,Washington,DC,"Washington, DC",Washington,DC,FMMOS,FMMOS - non-mars,03/30/2021 14:11:00,2017,2017-JUN,"1,166",component,lmprs,
Dec,2017,,Upper Midwest,30.0,"32,312",Producer Milk Components,AMS_3462,3462,Dairy FMMOS,DY-NA,Washington,DC,"Washington, DC",Washington,DC,FMMOS,FMMOS - non-mars,03/30/2021 14:11:00,2017,2017-JUN,"2,740",component,lmprs,
Dec,2017,,Southeast,7.0,"5,452",Producer Milk Components,AMS_3462,3462,Dairy FMMOS,DY-NA,Washington,DC,"Washington, DC",Washington,DC,FMMOS,FMMOS - non-mars,03/30/2021 14:11:00,2017,2017-JUN,451,component,lmprs,
Dec,2017,,Pacific Northwest,124.0,"7,661",Producer Milk Components,AMS_3462,3462,Dairy FMMOS,DY-NA,Washington,DC,"Washington, DC",Washington,DC,FMMOS,FMMOS - non-mars,03/30/2021 14:11:00,2017,2017-JUN,616,component,lmprs,
Dec,2017,,Mideast,33.0,"20,241",Producer Milk Components,AMS_3462,3462,Dairy FMMOS,DY-NA,Washington,DC,"Washington, DC",Washington,DC,FMMOS,FMMOS - non-mars,03/30/2021 14:11:00,2017,2017-JUN,"1,777",component,lmprs,
Dec,2017,,Northeast,1.0,"27,397",Producer Milk Components,AMS_3462,3462,Dairy FMMOS,DY-NA,Washington,DC,"Washington, DC",Washington,DC,FMMOS,FMMOS - non-mars,03/30/2021 14:11:00,2017,2017-JUN,"2,270",component,lmprs,
Dec,2017,,Florida,6.0,"2,602",Producer Milk Components,AMS_3462,3462,Dairy FMMOS,DY-NA,Washington,DC,"Washington, DC",Washington,DC,FMMOS,FMMOS - non-mars,03/30/2021 14:11:00,2017,2017-JUN,204,component,lmprs,
Dec,2017,,Central,32.0,"15,879",Producer Milk Components,AMS_3462,3462,Dairy FMMOS,DY-NA,Washington,DC,"Washington, DC",Washington,DC,FMMOS,FMMOS - non-mars,03/30/2021 14:11:00,2017,2017-JUN,"1,374",component,lmprs,
Dec,2017,,Arizona,131.0,"5,065",Producer Milk Components,AMS_3462,3462,Dairy FMMOS,DY-NA,Washington,DC,"Washington, DC",Washington,DC,FMMOS,FMMOS - non-mars,03/30/2021 14:11:00,2017,2017-JUN,433,component,lmprs,
Dec,2017,,All Markets Combined,,"135,502",Producer Milk Components,AMS_3462,3462,Dairy FMMOS,DY-NA,Washington,DC,"Washington, DC",Washington,DC,FMMOS,FMMOS - non-mars,03/30/2021 14:11:00,2017,2017-JUN,"11,516",component,lmprs,
Dec,2017,,Appalachian,5.0,"5,801",Producer Milk Components,AMS_3462,3462,Dairy FMMOS,DY-NA,Washington,DC,"Washington, DC",Washington,DC,FMMOS,FMMOS - non-mars,03/30/2021 14:11:00,2017,2017-JUN,485,component,lmprs,
Dec,2018,,Appalachian,5.0,"5,734",Producer Milk Components,AMS_3462,3462,Dairy FMMOS,DY-NA,Washington,DC,"Washington, DC",Washington,DC,FMMOS,FMMOS - non-mars,03/30/2021 14:09:00,2018,2018-JUN,447,component,lmprs,
Dec,2018,,All Markets Combined,,"141,684",Producer Milk Components,AMS_3462,3462,Dairy FMMOS,DY-NA,Washington,DC,"Washington, DC",Washington,DC,FMMOS,FMMOS - non-mars,03/30/2021 14:09:00,2018,2018-JUN,"11,951",component,lmprs,
Dec,2018,,Arizona,131.0,"5,133",Producer Milk Components,AMS_3462,3462,Dairy FMMOS,DY-NA,Washington,DC,"Washington, DC",Washington,DC,FMMOS,FMMOS - non-mars,03/30/2021 14:09:00,2018,2018-JUN,418,component,lmprs,
Dec,2018,,Central,32.0,"16,604",Producer Milk Components,AMS_3462,3462,Dairy FMMOS,DY-NA,Washington,DC,"Washington, DC",Washington,DC,FMMOS,FMMOS - non-mars,03/30/2021 14:09:00,2018,2018-JUN,"1,476",component,lmprs,
Dec,2018,,California,51.0,"4,117",Producer Milk Components,AMS_3462,3462,Dairy FMMOS,DY-NA,Washington,DC,"Washington, DC",Washington,DC,FMMOS,FMMOS - non-mars,03/30/2021 14:09:00,2018,2018-JUN,,component,lmprs,
Dec,2018,,Florida,6.0,"2,565",Producer Milk Components,AMS_3462,3462,Dairy FMMOS,DY-NA,Washington,DC,"Washington, DC",Washington,DC,FMMOS,FMMOS - non-mars,03/30/2021 14:09:00,2018,2018-JUN,190,component,lmprs,
Dec,2018,,Northeast,1.0,"27,109",Producer Milk Components,AMS_3462,3462,Dairy FMMOS,DY-NA,Washington,DC,"Washington, DC",Washington,DC,FMMOS,FMMOS - non-mars,03/30/2021 14:09:00,2018,2018-JUN,"2,327",component,lmprs,
Dec,2018,,Mideast,33.0,"19,603",Producer Milk Components,AMS_3462,3462,Dairy FMMOS,DY-NA,Washington,DC,"Washington, DC",Washington,DC,FMMOS,FMMOS - non-mars,03/30/2021 14:09:00,2018,2018-JUN,"1,728",component,lmprs,
Dec,2018,,Pacific Northwest,124.0,"8,558",Producer Milk Components,AMS_3462,3462,Dairy FMMOS,DY-NA,Washington,DC,"Washington, DC",Washington,DC,FMMOS,FMMOS - non-mars,03/30/2021 14:09:00,2018,2018-JUN,753,component,lmprs,
Dec,2018,,Southeast,7.0,"5,209",Producer Milk Components,AMS_3462,3462,Dairy FMMOS,DY-NA,Washington,DC,"Washington, DC",Washington,DC,FMMOS,FMMOS - non-mars,03/30/2021 14:09:00,2018,2018-JUN,420,component,lmprs,
Dec,2018,,Upper Midwest,30.0,"33,323",Producer Milk Components,AMS_3462,3462,Dairy FMMOS,DY-NA,Washington,DC,"Washington, DC",Washington,DC,FMMOS,FMMOS - non-mars,03/30/2021 14:09:00,2018,2018-JUN,"3,050",component,lmprs,
Dec,2018,,Southwest,126.0,"13,727",Producer Milk Components,AMS_3462,3462,Dairy FMMOS,DY-NA,Washington,DC,"Washington, DC",Washington,DC,FMMOS,FMMOS - non-mars,03/30/2021 14:09:00,2018,2018-JUN,"1,143",component,lmprs,
Dec,2019,,Upper Midwest,30.0,"32,310",Producer Milk Components,AMS_3462,3462,Dairy FMMOS,DY-NA,Washington,DC,"Washington, DC",Washington,DC,FMMOS,FMMOS - non-mars,03/30/2021 14:09:00,2019,2019-JUN,"3,248",component,lmprs,
Dec,2019,,Southeast,7.0,"4,903",Producer Milk Components,AMS_3462,3462,Dairy FMMOS,DY-NA,Washington,DC,"Washington, DC",Washington,DC,FMMOS,FMMOS - non-mars,03/30/2021 14:09:00,2019,2019-JUN,442,component,lmprs,
Dec,2019,,Southwest,126.0,"12,900",Producer Milk Components,AMS_3462,3462,Dairy FMMOS,DY-NA,Washington,DC,"Washington, DC",Washington,DC,FMMOS,FMMOS - non-mars,03/30/2021 14:09:00,2019,2019-JUN,"1,120",component,lmprs,
Dec,2019,,Pacific Northwest,124.0,"8,496",Producer Milk Components,AMS_3462,3462,Dairy FMMOS,DY-NA,Washington,DC,"Washington, DC",Washington,DC,FMMOS,FMMOS - non-mars,03/30/2021 14:09:00,2019,2019-JUN,762,component,lmprs,
Dec,2019,,Northeast,1.0,"26,752",Producer Milk Components,AMS_3462,3462,Dairy FMMOS,DY-NA,Washington,DC,"Washington, DC",Washington,DC,FMMOS,FMMOS - non-mars,03/30/2021 14:09:00,2019,2019-JUN,"2,246",component,lmprs,
Dec,2019,,Florida,6.0,"2,510",Producer Milk Components,AMS_3462,3462,Dairy FMMOS,DY-NA,Washington,DC,"Washington, DC",Washington,DC,FMMOS,FMMOS - non-mars,03/30/2021 14:09:00,2019,2019-JUN,189,component,lmprs,
Dec,2019,,Mideast,33.0,"18,942",Producer Milk Components,AMS_3462,3462,Dairy FMMOS,DY-NA,Washington,DC,"Washington, DC",Washington,DC,FMMOS,FMMOS - non-mars,03/30/2021 14:09:00,2019,2019-JUN,"1,692",component,lmprs,
Dec,2019,,California,51.0,"24,272",Producer Milk Components,AMS_3462,3462,Dairy FMMOS,DY-NA,Washington,DC,"Washington, DC",Washington,DC,FMMOS,FMMOS - non-mars,03/30/2021 14:09:00,2019,2019-JUN,"2,373",component,lmprs,
Dec,2019,,Central,32.0,"15,260",Producer Milk Components,AMS_3462,3462,Dairy FMMOS,DY-NA,Washington,DC,"Washington, DC",Washington,DC,FMMOS,FMMOS - non-mars,03/30/2021 14:09:00,2019,2019-JUN,"1,542",component,lmprs,
Dec,2019,,Arizona,131.0,"4,840",Producer Milk Components,AMS_3462,3462,Dairy FMMOS,DY-NA,Washington,DC,"Washington, DC",Washington,DC,FMMOS,FMMOS - non-mars,03/30/2021 14:09:00,2019,2019-JUN,414,component,lmprs,
Dec,2019,,All Markets Combined,,"156,510",Producer Milk Components,AMS_3462,3462,Dairy FMMOS,DY-NA,Washington,DC,"Washington, DC",Washington,DC,FMMOS,FMMOS - non-mars,03/30/2021 14:09:00,2019,2019-JUN,"14,445",component,lmprs,
Dec,2019,,Appalachian,5.0,"5,327",Producer Milk Components,AMS_3462,3462,Dairy FMMOS,DY-NA,Washington,DC,"Washington, DC",Washington,DC,FMMOS,FMMOS - non-mars,03/30/2021 14:09:00,2019,2019-JUN,418,component,lmprs,
Dec,2020,,Appalachian,5.0,"5,322",Producer Milk Components,AMS_3462,3462,Dairy FMMOS,DY-NA,Washington,DC,"Washington, DC",Washington,DC,FMMOS,FMMOS - non-mars,02/23/2021 09:39:00,2020,2020-JUN,389,component,lmprs,
Dec,2020,,All Markets Combined,,"137,818",Producer Milk Components,AMS_3462,3462,Dairy FMMOS,DY-NA,Washington,DC,"Washington, DC",Washington,DC,FMMOS,FMMOS - non-mars,02/23/2021 09:39:00,2020,2020-JUN,"9,529",component,lmprs,
Dec,2020,,Arizona,131.0,"4,497",Producer Milk Components,AMS_3462,3462,Dairy FMMOS,DY-NA,Washington,DC,"Washington, DC",Washington,DC,FMMOS,FMMOS - non-mars,02/23/2021 09:39:00,2020,2020-JUN,376,component,lmprs,
Dec,2020,,Central,32.0,"13,315",Producer Milk Components,AMS_3462,3462,Dairy FMMOS,DY-NA,Washington,DC,"Washington, DC",Washington,DC,FMMOS,FMMOS - non-mars,02/23/2021 09:39:00,2020,2020-JUN,834,component,lmprs,
Dec,2020,,California,51.0,"23,004",Producer Milk Components,AMS_3462,3462,Dairy FMMOS,DY-NA,Washington,DC,"Washington, DC",Washington,DC,FMMOS,FMMOS - non-mars,02/23/2021 09:39:00,2020,2020-JUN,"1,711",component,lmprs,
Dec,2020,,Mideast,33.0,"17,982",Producer Milk Components,AMS_3462,3462,Dairy FMMOS,DY-NA,Washington,DC,"Washington, DC",Washington,DC,FMMOS,FMMOS - non-mars,02/23/2021 09:39:00,2020,2020-JUN,"1,293",component,lmprs,
Dec,2020,,Florida,6.0,"2,509",Producer Milk Components,AMS_3462,3462,Dairy FMMOS,DY-NA,Washington,DC,"Washington, DC",Washington,DC,FMMOS,FMMOS - non-mars,02/23/2021 09:39:00,2020,2020-JUN,190,component,lmprs,
Dec,2020,,Northeast,1.0,"26,824",Producer Milk Components,AMS_3462,3462,Dairy FMMOS,DY-NA,Washington,DC,"Washington, DC",Washington,DC,FMMOS,FMMOS - non-mars,02/23/2021 09:39:00,2020,2020-JUN,"1,856",component,lmprs,
Dec,2020,,Pacific Northwest,124.0,"7,682",Producer Milk Components,AMS_3462,3462,Dairy FMMOS,DY-NA,Washington,DC,"Washington, DC",Washington,DC,FMMOS,FMMOS - non-mars,02/23/2021 09:39:00,2020,2020-JUN,614,component,lmprs,
Dec,2020,,Southwest,126.0,"11,692",Producer Milk Components,AMS_3462,3462,Dairy FMMOS,DY-NA,Washington,DC,"Washington, DC",Washington,DC,FMMOS,FMMOS - non-mars,02/23/2021 09:39:00,2020,2020-JUN,814,component,lmprs,
Dec,2020,,Southeast,7.0,"4,700",Producer Milk Components,AMS_3462,3462,Dairy FMMOS,DY-NA,Washington,DC,"Washington, DC",Washington,DC,FMMOS,FMMOS - non-mars,02/23/2021 09:39:00,2020,2020-JUN,365,component,lmprs,
Dec,2020,,Upper Midwest,30.0,"20,290",Producer Milk Components,AMS_3462,3462,Dairy FMMOS,DY-NA,Washington,DC,"Washington, DC",Washington,DC,FMMOS,FMMOS - non-mars,02/23/2021 09:39:00,2020,2020-JUN,"1,087",component,lmprs,
Dec,2021,,Southwest,126.0,"12,286",Producer Milk Components,AMS_3462,3462,Dairy FMMOS,DY-NA,Washington,DC,"Washington, DC",Washington,DC,FMMOS,FMMOS - non-mars,01/31/2022 07:17:00,2021,2021-JUN,968,component,lmprs,
Dec,2021,,Pacific Northwest,124.0,"7,387",Producer Milk Components,AMS_3462,3462,Dairy FMMOS,DY-NA,Washington,DC,"Washington, DC",Washington,DC,FMMOS,FMMOS - non-mars,01/31/2022 07:17:00,2021,2021-JUN,598,component,lmprs,
Dec,2021,,Southeast,7.0,"4,581",Producer Milk Components,AMS_3462,3462,Dairy FMMOS,DY-NA,Washington,DC,"Washington, DC",Washington,DC,FMMOS,FMMOS - non-mars,01/31/2022 07:17:00,2021,2021-JUN,364,component,lmprs,
Dec,2021,,Northeast,1.0,"27,045",Producer Milk Components,AMS_3462,3462,Dairy FMMOS,DY-NA,Washington,DC,"Washington, DC",Washington,DC,FMMOS,FMMOS - non-mars,01/31/2022 07:17:00,2021,2021-JUN,"2,232",component,lmprs,
Dec,2021,,Mideast,33.0,"18,606",Producer Milk Components,AMS_3462,3462,Dairy FMMOS,DY-NA,Washington,DC,"Washington, DC",Washington,DC,FMMOS,FMMOS - non-mars,01/31/2022 07:17:00,2021,2021-JUN,"1,598",component,lmprs,
Dec,2021,,Central,32.0,"12,992",Producer Milk Components,AMS_3462,3462,Dairy FMMOS,DY-NA,Washington,DC,"Washington, DC",Washington,DC,FMMOS,FMMOS - non-mars,01/31/2022 07:17:00,2021,2021-JUN,"1,095",component,lmprs,
Dec,2021,,Florida,6.0,"2,444",Producer Milk Components,AMS_3462,3462,Dairy FMMOS,DY-NA,Washington,DC,"Washington, DC",Washington,DC,FMMOS,FMMOS - non-mars,01/31/2022 07:17:00,2021,2021-JUN,185,component,lmprs,
Dec,2021,,California,51.0,"23,803",Producer Milk Components,AMS_3462,3462,Dairy FMMOS,DY-NA,Washington,DC,"Washington, DC",Washington,DC,FMMOS,FMMOS - non-mars,01/31/2022 07:17:00,2021,2021-JUN,"1,929",component,lmprs,
Dec,2021,,Arizona,131.0,"4,461",Producer Milk Components,AMS_3462,3462,Dairy FMMOS,DY-NA,Washington,DC,"Washington, DC",Washington,DC,FMMOS,FMMOS - non-mars,01/31/2022 07:17:00,2021,2021-JUN,390,component,lmprs,
Dec,2021,,Appalachian,5.0,"5,289",Producer Milk Components,AMS_3462,3462,Dairy FMMOS,DY-NA,Washington,DC,"Washington, DC",Washington,DC,FMMOS,FMMOS - non-mars,01/31/2022 07:17:00,2021,2021-JUN,429,component,lmprs,
Dec,2021,,All Markets Combined,,"136,836",Producer Milk Components,AMS_3462,3462,Dairy FMMOS,DY-NA,Washington,DC,"Washington, DC",Washington,DC,FMMOS,FMMOS - non-mars,01/31/2022 07:17:00,2021,2021-JUN,"11,072",component,lmprs,
Dec,2021,,Upper Midwest,30.0,"17,940",Producer Milk Components,AMS_3462,3462,Dairy FMMOS,DY-NA,Washington,DC,"Washington, DC",Washington,DC,FMMOS,FMMOS - non-mars,01/31/2022 07:17:00,2021,2021-JUN,"1,284",component,lmprs,
Dec,2022,,Upper Midwest,30.0,"31,837",Producer Milk Components,AMS_3462,3462,Dairy FMMOS,DY-NA,Washington,DC,"Washington, DC",Washington,DC,FMMOS,FMMOS - non-mars,01/30/2023 07:36:00,2022,2022-JUN,"2,488",component,lmprs,
Dec,2022,,All Markets Combined,,"151,614",Producer Milk Components,AMS_3462,3462,Dairy FMMOS,DY-NA,Washington,DC,"Washington, DC",Washington,DC,FMMOS,FMMOS - non-mars,01/30/2023 07:36:00,2022,2022-JUN,"12,103",component,lmprs,
Dec,2022,,Appalachian,5.0,"5,420",Producer Milk Components,AMS_3462,3462,Dairy FMMOS,DY-NA,Washington,DC,"Washington, DC",Washington,DC,FMMOS,FMMOS - non-mars,01/30/2023 07:36:00,2022,2022-JUN,433,component,lmprs,
Dec,2022,,Arizona,131.0,"4,910",Producer Milk Components,AMS_3462,3462,Dairy FMMOS,DY-NA,Washington,DC,"Washington, DC",Washington,DC,FMMOS,FMMOS - non-mars,01/30/2023 07:36:00,2022,2022-JUN,419,component,lmprs,
Dec,2022,,California,51.0,"22,439",Producer Milk Components,AMS_3462,3462,Dairy FMMOS,DY-NA,Washington,DC,"Washington, DC",Washington,DC,FMMOS,FMMOS - non-mars,01/30/2023 07:36:00,2022,2022-JUN,"1,655",component,lmprs,
Dec,2022,,Florida,6.0,"2,483",Producer Milk Components,AMS_3462,3462,Dairy FMMOS,DY-NA,Washington,DC,"Washington, DC",Washington,DC,FMMOS,FMMOS - non-mars,01/30/2023 07:36:00,2022,2022-JUN,187,component,lmprs,
Dec,2022,,Central,32.0,"15,638",Producer Milk Components,AMS_3462,3462,Dairy FMMOS,DY-NA,Washington,DC,"Washington, DC",Washington,DC,FMMOS,FMMOS - non-mars,01/30/2023 07:36:00,2022,2022-JUN,"1,291",component,lmprs,
Dec,2022,,Mideast,33.0,"16,796",Producer Milk Components,AMS_3462,3462,Dairy FMMOS,DY-NA,Washington,DC,"Washington, DC",Washington,DC,FMMOS,FMMOS - non-mars,01/30/2023 07:36:00,2022,2022-JUN,"1,320",component,lmprs,
Dec,2022,,Northeast,1.0,"26,882",Producer Milk Components,AMS_3462,3462,Dairy FMMOS,DY-NA,Washington,DC,"Washington, DC",Washington,DC,FMMOS,FMMOS - non-mars,01/30/2023 07:36:00,2022,2022-JUN,"2,244",component,lmprs,
Dec,2022,,Southeast,7.0,"3,913",Producer Milk Components,AMS_3462,3462,Dairy FMMOS,DY-NA,Washington,DC,"Washington, DC",Washington,DC,FMMOS,FMMOS - non-mars,01/30/2023 07:36:00,2022,2022-JUN,348,component,lmprs,
Dec,2022,,Pacific Northwest,124.0,"7,583",Producer Milk Components,AMS_3462,3462,Dairy FMMOS,DY-NA,Washington,DC,"Washington, DC",Washington,DC,FMMOS,FMMOS - non-mars,01/30/2023 07:36:00,2022,2022-JUN,627,component,lmprs,
Dec,2022,,Southwest,126.0,"13,714",Producer Milk Components,AMS_3462,3462,Dairy FMMOS,DY-NA,Washington,DC,"Washington, DC",Washington,DC,FMMOS,FMMOS - non-mars,01/30/2023 07:36:00,2022,2022-JUN,"1,092",component,lmprs,
Dec,2023,,Southwest,126.0,"13,640",Producer Milk Components,AMS_3462,3462,Dairy FMMOS,DY-NA,Washington,DC,"Washington, DC",Washington,DC,FMMOS,FMMOS - non-mars,01/30/2024 09:42:00,2023,2023-JUN,"1,071",component,lmprs,
Dec,2023,,Pacific Northwest,124.0,"7,650",Producer Milk Components,AMS_3462,3462,Dairy FMMOS,DY-NA,Washington,DC,"Washington, DC",Washington,DC,FMMOS,FMMOS - non-mars,01/30/2024 09:42:00,2023,2023-JUN,603,component,lmprs,
Dec,2023,,Southeast,7.0,"3,538",Producer Milk Components,AMS_3462,3462,Dairy FMMOS,DY-NA,Washington,DC,"Washington, DC",Washington,DC,FMMOS,FMMOS - non-mars,01/30/2024 09:42:00,2023,2023-JUN,294,component,lmprs,
Dec,2023,,Northeast,1.0,"27,260",Producer Milk Components,AMS_3462,3462,Dairy FMMOS,DY-NA,Washington,DC,"Washington, DC",Washington,DC,FMMOS,FMMOS - non-mars,01/30/2024 09:42:00,2023,2023-JUN,"2,286",component,lmprs,
Dec,2023,,Mideast,33.0,"17,761",Producer Milk Components,AMS_3462,3462,Dairy FMMOS,DY-NA,Washington,DC,"Washington, DC",Washington,DC,FMMOS,FMMOS - non-mars,01/30/2024 09:42:00,2023,2023-JUN,"1,352",component,lmprs,
Dec,2023,,Central,32.0,"16,053",Producer Milk Components,AMS_3462,3462,Dairy FMMOS,DY-NA,Washington,DC,"Washington, DC",Washington,DC,FMMOS,FMMOS - non-mars,01/30/2024 09:42:00,2023,2023-JUN,"1,239",component,lmprs,
Dec,2023,,Florida,6.0,"2,506",Producer Milk Components,AMS_3462,3462,Dairy FMMOS,DY-NA,Washington,DC,"Washington, DC",Washington,DC,FMMOS,FMMOS - non-mars,01/30/2024 09:42:00,2023,2023-JUN,189,component,lmprs,
Dec,2023,,California,51.0,"26,418",Producer Milk Components,AMS_3462,3462,Dairy FMMOS,DY-NA,Washington,DC,"Washington, DC",Washington,DC,FMMOS,FMMOS - non-mars,01/30/2024 09:42:00,2023,2023-JUN,"1,981",component,lmprs,
Dec,2023,,Arizona,131.0,"5,149",Producer Milk Components,AMS_3462,3462,Dairy FMMOS,DY-NA,Washington,DC,"Washington, DC",Washington,DC,FMMOS,FMMOS - non-mars,01/30/2024 09:42:00,2023,2023-JUN,445,component,lmprs,
Dec,2023,,Appalachian,5.0,"5,428",Producer Milk Components,AMS_3462,3462,Dairy FMMOS,DY-NA,Washington,DC,"Washington, DC",Washington,DC,FMMOS,FMMOS - non-mars,01/30/2024 09:42:00,2023,2023-JUN,442,component,lmprs,
Dec,2023,,All Markets Combined,,"158,448",Producer Milk Components,AMS_3462,3462,Dairy FMMOS,DY-NA,Washington,DC,"Washington, DC",Washington,DC,FMMOS,FMMOS - non-mars,01/30/2024 09:42:00,2023,2023-JUN,"12,638",component,lmprs,
Dec,2023,,Upper Midwest,30.0,"33,045",Producer Milk Components,AMS_3462,3462,Dairy FMMOS,DY-NA,Washington,DC,"Washington, DC",Washington,DC,FMMOS,FMMOS - non-mars,01/30/2024 09:42:00,2023,2023-JUN,"2,736",component,lmprs,
Dec,2024,,Upper Midwest,30.0,"28,285",Producer Milk Components,AMS_3462,3462,Dairy FMMOS,DY-NA,Washington,DC,"Washington, DC",Washington,DC,FMMOS,FMMOS - non-mars,01/23/2025 09:07:00,2024,2024-JUN,"2,570",component,lmprs,
Dec,2024,,All Markets Combined,,"146,628",Producer Milk Components,AMS_3462,3462,Dairy FMMOS,DY-NA,Washington,DC,"Washington, DC",Washington,DC,FMMOS,FMMOS - non-mars,01/23/2025 09:07:00,2024,2024-JUN,"12,273",component,lmprs,
Dec,2024,,Appalachian,5.0,"5,301",Producer Milk Components,AMS_3462,3462,Dairy FMMOS,DY-NA,Washington,DC,"Washington, DC",Washington,DC,FMMOS,FMMOS - non-mars,01/23/2025 09:07:00,2024,2024-JUN,426,component,lmprs,
Dec,2024,,Arizona,131.0,"4,186",Producer Milk Components,AMS_3462,3462,Dairy FMMOS,DY-NA,Washington,DC,"Washington, DC",Washington,DC,FMMOS,FMMOS - non-mars,01/23/2025 09:07:00,2024,2024-JUN,305,component,lmprs,
Dec,2024,,California,51.0,"23,224",Producer Milk Components,AMS_3462,3462,Dairy FMMOS,DY-NA,Washington,DC,"Washington, DC",Washington,DC,FMMOS,FMMOS - non-mars,01/23/2025 09:07:00,2024,2024-JUN,"1,979",component,lmprs,
Dec,2024,,Florida,6.0,"2,524",Producer Milk Components,AMS_3462,3462,Dairy FMMOS,DY-NA,Washington,DC,"Washington, DC",Washington,DC,FMMOS,FMMOS - non-mars,01/23/2025 09:07:00,2024,2024-JUN,186,component,lmprs,
Dec,2024,,Central,32.0,"14,608",Producer Milk Components,AMS_3462,3462,Dairy FMMOS,DY-NA,Washington,DC,"Washington, DC",Washington,DC,FMMOS,FMMOS - non-mars,01/23/2025 09:07:00,2024,2024-JUN,"1,249",component,lmprs,
Dec,2024,,Mideast,33.0,"18,182",Producer Milk Components,AMS_3462,3462,Dairy FMMOS,DY-NA,Washington,DC,"Washington, DC",Washington,DC,FMMOS,FMMOS - non-mars,01/23/2025 09:07:00,2024,2024-JUN,"1,458",component,lmprs,
Dec,2024,,Northeast,1.0,"26,949",Producer Milk Components,AMS_3462,3462,Dairy FMMOS,DY-NA,Washington,DC,"Washington, DC",Washington,DC,FMMOS,FMMOS - non-mars,01/23/2025 09:07:00,2024,2024-JUN,"2,187",component,lmprs,
Dec,2024,,Southeast,7.0,"3,497",Producer Milk Components,AMS_3462,3462,Dairy FMMOS,DY-NA,Washington,DC,"Washington, DC",Washington,DC,FMMOS,FMMOS - non-mars,01/23/2025 09:07:00,2024,2024-JUN,307,component,lmprs,
Dec,2024,,Pacific Northwest,124.0,"7,231",Producer Milk Components,AMS_3462,3462,Dairy FMMOS,DY-NA,Washington,DC,"Washington, DC",Washington,DC,FMMOS,FMMOS - non-mars,01/23/2025 09:07:00,2024,2024-JUN,598,component,lmprs,
Dec,2024,,Southwest,126.0,"12,641",Producer Milk Components,AMS_3462,3462,Dairy FMMOS,DY-NA,Washington,DC,"Washington, DC",Washington,DC,FMMOS,FMMOS - non-mars,01/23/2025 09:07:00,2024,2024-JUN,"1,010",component,lmprs,
Dec,2025,,Southwest,126.0,"12,960",Producer Milk Components,AMS_3462,3462,Dairy FMMOS,DY-NA,Washington,DC,"Washington, DC",Washington,DC,FMMOS,FMMOS - non-mars,01/21/2026 11:39:00,2025,2025-JUN,758,component,lmprs,
Dec,2025,,Pacific Northwest,124.0,"6,760",Producer Milk Components,AMS_3462,3462,Dairy FMMOS,DY-NA,Washington,DC,"Washington, DC",Washington,DC,FMMOS,FMMOS - non-mars,01/21/2026 11:39:00,2025,2025-JUN,496,component,lmprs,
Dec,2025,,Southeast,7.0,"3,435",Producer Milk Components,AMS_3462,3462,Dairy FMMOS,DY-NA,Washington,DC,"Washington, DC",Washington,DC,FMMOS,FMMOS - non-mars,01/21/2026 11:39:00,2025,2025-JUN,281,component,lmprs,
Dec,2025,,Northeast,1.0,"27,624",Producer Milk Components,AMS_3462,3462,Dairy FMMOS,DY-NA,Washington,DC,"Washington, DC",Washington,DC,FMMOS,FMMOS - non-mars,01/21/2026 11:39:00,2025,2025-JUN,"2,279",component,lmprs,
Dec,2025,,Mideast,33.0,"20,705",Producer Milk Components,AMS_3462,3462,Dairy FMMOS,DY-NA,Washington,DC,"Washington, DC",Washington,DC,FMMOS,FMMOS - non-mars,01/21/2026 11:39:00,2025,2025-JUN,"1,793",component,lmprs,
Dec,2025,,Central,32.0,"13,960",Producer Milk Components,AMS_3462,3462,Dairy FMMOS,DY-NA,Washington,DC,"Washington, DC",Washington,DC,FMMOS,FMMOS - non-mars,01/21/2026 11:39:00,2025,2025-JUN,"1,100",component,lmprs,
Dec,2025,,Florida,6.0,"2,511",Producer Milk Components,AMS_3462,3462,Dairy FMMOS,DY-NA,Washington,DC,"Washington, DC",Washington,DC,FMMOS,FMMOS - non-mars,01/21/2026 11:39:00,2025,2025-JUN,187,component,lmprs,
Dec,2025,,California,51.0,"26,675",Producer Milk Components,AMS_3462,3462,Dairy FMMOS,DY-NA,Washington,DC,"Washington, DC",Washington,DC,FMMOS,FMMOS - non-mars,01/21/2026 11:39:00,2025,2025-JUN,"2,307",component,lmprs,
Dec,2025,,Arizona,131.0,"4,224",Producer Milk Components,AMS_3462,3462,Dairy FMMOS,DY-NA,Washington,DC,"Washington, DC",Washington,DC,FMMOS,FMMOS - non-mars,01/21/2026 11:39:00,2025,2025-JUN,319,component,lmprs,
Dec,2025,,Appalachian,5.0,"5,088",Producer Milk Components,AMS_3462,3462,Dairy FMMOS,DY-NA,Washington,DC,"Washington, DC",Washington,DC,FMMOS,FMMOS - non-mars,01/21/2026 11:39:00,2025,2025-JUN,404,component,lmprs,
Dec,2025,,All Markets Combined,,"148,750",Producer Milk Components,AMS_3462,3462,Dairy FMMOS,DY-NA,Washington,DC,"Washington, DC",Washington,DC,FMMOS,FMMOS - non-mars,01/21/2026 11:39:00,2025,2025-JUN,"12,130",component,lmprs,
Dec,2025,,Upper Midwest,30.0,"24,808",Producer Milk Components,AMS_3462,3462,Dairy FMMOS,DY-NA,Washington,DC,"Washington, DC",Washington,DC,FMMOS,FMMOS - non-mars,01/21/2026 11:39:00,2025,2025-JUN,"2,206",component,lmprs,
Mar,2026,,Upper Midwest,30.0,"5,226",Producer Milk Components,AMS_3462,3462,Dairy FMMOS,DY-NA,Washington,DC,"Washington, DC",Washington,DC,FMMOS,FMMOS - non-mars,04/21/2026 05:48:00,2026,2026-JUN,,component,lmprs,
Mar,2026,,All Markets Combined,,"35,299",Producer Milk Components,AMS_3462,3462,Dairy FMMOS,DY-NA,Washington,DC,"Washington, DC",Washington,DC,FMMOS,FMMOS - non-mars,04/21/2026 05:48:00,2026,2026-JUN,,component,lmprs,
Mar,2026,,Appalachian,5.0,"1,271",Producer Milk Components,AMS_3462,3462,Dairy FMMOS,DY-NA,Washington,DC,"Washington, DC",Washington,DC,FMMOS,FMMOS - non-mars,04/21/2026 05:48:00,2026,2026-JUN,,component,lmprs,
Mar,2026,,Arizona,131.0,"1,072",Producer Milk Components,AMS_3462,3462,Dairy FMMOS,DY-NA,Washington,DC,"Washington, DC",Washington,DC,FMMOS,FMMOS - non-mars,04/21/2026 05:48:00,2026,2026-JUN,,component,lmprs,
Mar,2026,,California,51.0,"5,543",Producer Milk Components,AMS_3462,3462,Dairy FMMOS,DY-NA,Washington,DC,"Washington, DC",Washington,DC,FMMOS,FMMOS - non-mars,04/21/2026 05:48:00,2026,2026-JUN,,component,lmprs,
Mar,2026,,Florida,6.0,674,Producer Milk Components,AMS_3462,3462,Dairy FMMOS,DY-NA,Washington,DC,"Washington, DC",Washington,DC,FMMOS,FMMOS - non-mars,04/21/2026 05:48:00,2026,2026-JUN,,component,lmprs,
Mar,2026,,Central,32.0,"3,511",Producer Milk Components,AMS_3462,3462,Dairy FMMOS,DY-NA,Washington,DC,"Washington, DC",Washington,DC,FMMOS,FMMOS - non-mars,04/21/2026 05:48:00,2026,2026-JUN,,component,lmprs,
Mar,2026,,Mideast,33.0,"5,415",Producer Milk Components,AMS_3462,3462,Dairy FMMOS,DY-NA,Washington,DC,"Washington, DC",Washington,DC,FMMOS,FMMOS - non-mars,04/21/2026 05:48:00,2026,2026-JUN,,component,lmprs,
Mar,2026,,Northeast,1.0,"6,894",Producer Milk Components,AMS_3462,3462,Dairy FMMOS,DY-NA,Washington,DC,"Washington, DC",Washington,DC,FMMOS,FMMOS - non-mars,04/21/2026 05:48:00,2026,2026-JUN,,component,lmprs,
Mar,2026,,Southeast,7.0,823,Producer Milk Components,AMS_3462,3462,Dairy FMMOS,DY-NA,Washington,DC,"Washington, DC",Washington,DC,FMMOS,FMMOS - non-mars,04/21/2026 05:48:00,2026,2026-JUN,,component,lmprs,
Mar,2026,,Pacific Northwest,124.0,"1,132",Producer Milk Components,AMS_3462,3462,Dairy FMMOS,DY-NA,Washington,DC,"Washington, DC",Washington,DC,FMMOS,FMMOS - non-mars,04/21/2026 05:48:00,2026,2026-JUN,,component,lmprs,
Mar,2026,,Southwest,126.0,"3,738",Producer Milk Components,AMS_3462,3462,Dairy FMMOS,DY-NA,Washington,DC,"Washington, DC",Washington,DC,FMMOS,FMMOS - non-mars,04/21/2026 05:48:00,2026,2026-JUN,,component,lmprs,
Dec,2000,,All Markets Combined,,"116,923",Producer Milk Components,AMS_3462,3462,Dairy FMMOS,DY-NA,Washington,DC,"Washington, DC",Washington,DC,FMMOS,FMMOS - non-mars,04/09/2021 07:48:00,2000,2000-JUL,"9,832",component,lmprs,
Dec,2000,,Appalachian,5.0,"6,318",Producer Milk Components,AMS_3462,3462,Dairy FMMOS,DY-NA,Washington,DC,"Washington, DC",Washington,DC,FMMOS,FMMOS - non-mars,04/09/2021 07:48:00,2000,2000-JUL,490,component,lmprs,
Dec,2000,,Arizona,131.0,"3,110",Producer Milk Components,AMS_3462,3462,Dairy FMMOS,DY-NA,Washington,DC,"Washington, DC",Washington,DC,FMMOS,FMMOS - non-mars,04/09/2021 07:48:00,2000,2000-JUL,252,component,lmprs,
Dec,2000,,Central,32.0,"16,036",Producer Milk Components,AMS_3462,3462,Dairy FMMOS,DY-NA,Washington,DC,"Washington, DC",Washington,DC,FMMOS,FMMOS - non-mars,04/09/2021 07:48:00,2000,2000-JUL,"1,442",component,lmprs,
Dec,2000,,Florida,6.0,"2,867",Producer Milk Components,AMS_3462,3462,Dairy FMMOS,DY-NA,Washington,DC,"Washington, DC",Washington,DC,FMMOS,FMMOS - non-mars,04/09/2021 07:48:00,2000,2000-JUL,225,component,lmprs,
Dec,2000,,Mideast,33.0,"14,181",Producer Milk Components,AMS_3462,3462,Dairy FMMOS,DY-NA,Washington,DC,"Washington, DC",Washington,DC,FMMOS,FMMOS - non-mars,04/09/2021 07:48:00,2000,2000-JUL,"1,213",component,lmprs,
Dec,2000,,Northeast,1.0,"23,972",Producer Milk Components,AMS_3462,3462,Dairy FMMOS,DY-NA,Washington,DC,"Washington, DC",Washington,DC,FMMOS,FMMOS - non-mars,04/09/2021 07:48:00,2000,2000-JUL,"1,988",component,lmprs,
Dec,2000,,Pacific Northwest,124.0,"6,776",Producer Milk Components,AMS_3462,3462,Dairy FMMOS,DY-NA,Washington,DC,"Washington, DC",Washington,DC,FMMOS,FMMOS - non-mars,04/09/2021 07:48:00,2000,2000-JUL,614,component,lmprs,
Dec,2000,,Southeast,7.0,"7,487",Producer Milk Components,AMS_3462,3462,Dairy FMMOS,DY-NA,Washington,DC,"Washington, DC",Washington,DC,FMMOS,FMMOS - non-mars,04/09/2021 07:48:00,2000,2000-JUL,570,component,lmprs,
Dec,2000,,Southwest,126.0,"8,713",Producer Milk Components,AMS_3462,3462,Dairy FMMOS,DY-NA,Washington,DC,"Washington, DC",Washington,DC,FMMOS,FMMOS - non-mars,04/09/2021 07:48:00,2000,2000-JUL,727,component,lmprs,
Dec,2000,,Upper Midwest,30.0,"23,415",Producer Milk Components,AMS_3462,3462,Dairy FMMOS,DY-NA,Washington,DC,"Washington, DC",Washington,DC,FMMOS,FMMOS - non-mars,04/09/2021 07:48:00,2000,2000-JUL,"1,917",component,lmprs,
Dec,2000,,Western,135.0,"4,048",Producer Milk Components,AMS_3462,3462,Dairy FMMOS,DY-NA,Washington,DC,"Washington, DC",Washington,DC,FMMOS,FMMOS - non-mars,04/09/2021 07:48:00,2000,2000-JUL,393,component,lmprs,
Dec,2001,,Western,135.0,"4,677",Producer Milk Components,AMS_3462,3462,Dairy FMMOS,DY-NA,Washington,DC,"Washington, DC",Washington,DC,FMMOS,FMMOS - non-mars,04/09/2021 07:46:00,2001,2001-JUL,447,component,lmprs,
Dec,2001,,Upper Midwest,30.0,"20,062",Producer Milk Components,AMS_3462,3462,Dairy FMMOS,DY-NA,Washington,DC,"Washington, DC",Washington,DC,FMMOS,FMMOS - non-mars,04/09/2021 07:46:00,2001,2001-JUL,"1,501",component,lmprs,
Dec,2001,,Southwest,126.0,"8,604",Producer Milk Components,AMS_3462,3462,Dairy FMMOS,DY-NA,Washington,DC,"Washington, DC",Washington,DC,FMMOS,FMMOS - non-mars,04/09/2021 07:46:00,2001,2001-JUL,723,component,lmprs,
Dec,2001,,Southeast,7.0,"7,769",Producer Milk Components,AMS_3462,3462,Dairy FMMOS,DY-NA,Washington,DC,"Washington, DC",Washington,DC,FMMOS,FMMOS - non-mars,04/09/2021 07:46:00,2001,2001-JUL,595,component,lmprs,
Dec,2001,,Pacific Northwest,124.0,"7,088",Producer Milk Components,AMS_3462,3462,Dairy FMMOS,DY-NA,Washington,DC,"Washington, DC",Washington,DC,FMMOS,FMMOS - non-mars,04/09/2021 07:46:00,2001,2001-JUL,644,component,lmprs,
Dec,2001,,Northeast,1.0,"24,557",Producer Milk Components,AMS_3462,3462,Dairy FMMOS,DY-NA,Washington,DC,"Washington, DC",Washington,DC,FMMOS,FMMOS - non-mars,04/09/2021 07:46:00,2001,2001-JUL,"2,125",component,lmprs,
Dec,2001,,Mideast,33.0,"17,229",Producer Milk Components,AMS_3462,3462,Dairy FMMOS,DY-NA,Washington,DC,"Washington, DC",Washington,DC,FMMOS,FMMOS - non-mars,04/09/2021 07:46:00,2001,2001-JUL,"1,651",component,lmprs,
Dec,2001,,Florida,6.0,"2,772",Producer Milk Components,AMS_3462,3462,Dairy FMMOS,DY-NA,Washington,DC,"Washington, DC",Washington,DC,FMMOS,FMMOS - non-mars,04/09/2021 07:46:00,2001,2001-JUL,226,component,lmprs,
Dec,2001,,Central,32.0,"17,836",Producer Milk Components,AMS_3462,3462,Dairy FMMOS,DY-NA,Washington,DC,"Washington, DC",Washington,DC,FMMOS,FMMOS - non-mars,04/09/2021 07:46:00,2001,2001-JUL,"1,585",component,lmprs,
Dec,2001,,Arizona,131.0,"2,956",Producer Milk Components,AMS_3462,3462,Dairy FMMOS,DY-NA,Washington,DC,"Washington, DC",Washington,DC,FMMOS,FMMOS - non-mars,04/09/2021 07:46:00,2001,2001-JUL,232,component,lmprs,
Dec,2001,,Appalachian,5.0,"6,673",Producer Milk Components,AMS_3462,3462,Dairy FMMOS,DY-NA,Washington,DC,"Washington, DC",Washington,DC,FMMOS,FMMOS - non-mars,04/09/2021 07:46:00,2001,2001-JUL,522,component,lmprs,
Dec,2001,,All Markets Combined,,"120,223",Producer Milk Components,AMS_3462,3462,Dairy FMMOS,DY-NA,Washington,DC,"Washington, DC",Washington,DC,FMMOS,FMMOS - non-mars,04/09/2021 07:46:00,2001,2001-JUL,"10,252",component,lmprs,
Dec,2002,,All Markets Combined,,"125,546",Producer Milk Components,AMS_3462,3462,Dairy FMMOS,DY-NA,Washington,DC,"Washington, DC",Washington,DC,FMMOS,FMMOS - non-mars,04/09/2021 07:46:00,2002,2002-JUL,"10,253",component,lmprs,
Dec,2002,,Appalachian,5.0,"6,706",Producer Milk Components,AMS_3462,3462,Dairy FMMOS,DY-NA,Washington,DC,"Washington, DC",Washington,DC,FMMOS,FMMOS - non-mars,04/09/2021 07:46:00,2002,2002-JUL,529,component,lmprs,
Dec,2002,,Arizona,131.0,"3,027",Producer Milk Components,AMS_3462,3462,Dairy FMMOS,DY-NA,Washington,DC,"Washington, DC",Washington,DC,FMMOS,FMMOS - non-mars,04/09/2021 07:46:00,2002,2002-JUL,240,component,lmprs,
Dec,2002,,Central,32.0,"18,700",Producer Milk Components,AMS_3462,3462,Dairy FMMOS,DY-NA,Washington,DC,"Washington, DC",Washington,DC,FMMOS,FMMOS - non-mars,04/09/2021 07:46:00,2002,2002-JUL,"1,589",component,lmprs,
Dec,2002,,Florida,6.0,"2,693",Producer Milk Components,AMS_3462,3462,Dairy FMMOS,DY-NA,Washington,DC,"Washington, DC",Washington,DC,FMMOS,FMMOS - non-mars,04/09/2021 07:46:00,2002,2002-JUL,216,component,lmprs,
Dec,2002,,Mideast,33.0,"17,739",Producer Milk Components,AMS_3462,3462,Dairy FMMOS,DY-NA,Washington,DC,"Washington, DC",Washington,DC,FMMOS,FMMOS - non-mars,04/09/2021 07:46:00,2002,2002-JUL,"1,430",component,lmprs,
Dec,2002,,Northeast,1.0,"25,358",Producer Milk Components,AMS_3462,3462,Dairy FMMOS,DY-NA,Washington,DC,"Washington, DC",Washington,DC,FMMOS,FMMOS - non-mars,04/09/2021 07:46:00,2002,2002-JUL,"2,188",component,lmprs,
Dec,2002,,Pacific Northwest,124.0,"7,824",Producer Milk Components,AMS_3462,3462,Dairy FMMOS,DY-NA,Washington,DC,"Washington, DC",Washington,DC,FMMOS,FMMOS - non-mars,04/09/2021 07:46:00,2002,2002-JUL,677,component,lmprs,
Dec,2002,,Southeast,7.0,"7,927",Producer Milk Components,AMS_3462,3462,Dairy FMMOS,DY-NA,Washington,DC,"Washington, DC",Washington,DC,FMMOS,FMMOS - non-mars,04/09/2021 07:46:00,2002,2002-JUL,607,component,lmprs,
Dec,2002,,Southwest,126.0,"9,714",Producer Milk Components,AMS_3462,3462,Dairy FMMOS,DY-NA,Washington,DC,"Washington, DC",Washington,DC,FMMOS,FMMOS - non-mars,04/09/2021 07:46:00,2002,2002-JUL,828,component,lmprs,
Dec,2002,,Upper Midwest,30.0,"20,307",Producer Milk Components,AMS_3462,3462,Dairy FMMOS,DY-NA,Washington,DC,"Washington, DC",Washington,DC,FMMOS,FMMOS - non-mars,04/09/2021 07:46:00,2002,2002-JUL,"1,513",component,lmprs,
Dec,2002,,Western,135.0,"5,552",Producer Milk Components,AMS_3462,3462,Dairy FMMOS,DY-NA,Washington,DC,"Washington, DC",Washington,DC,FMMOS,FMMOS - non-mars,04/09/2021 07:46:00,2002,2002-JUL,436,component,lmprs,
Dec,2003,,Western,135.0,"4,573",Producer Milk Components,AMS_3462,3462,Dairy FMMOS,DY-NA,Washington,DC,"Washington, DC",Washington,DC,FMMOS,FMMOS - non-mars,04/09/2021 07:46:00,2003,2003-JUL,176,component,lmprs,
Dec,2003,,Upper Midwest,30.0,"17,018",Producer Milk Components,AMS_3462,3462,Dairy FMMOS,DY-NA,Washington,DC,"Washington, DC",Washington,DC,FMMOS,FMMOS - non-mars,04/09/2021 07:46:00,2003,2003-JUL,660,component,lmprs,
Dec,2003,,Southwest,126.0,"9,174",Producer Milk Components,AMS_3462,3462,Dairy FMMOS,DY-NA,Washington,DC,"Washington, DC",Washington,DC,FMMOS,FMMOS - non-mars,04/09/2021 07:46:00,2003,2003-JUL,595,component,lmprs,
Dec,2003,,Southeast,7.0,"7,071",Producer Milk Components,AMS_3462,3462,Dairy FMMOS,DY-NA,Washington,DC,"Washington, DC",Washington,DC,FMMOS,FMMOS - non-mars,04/09/2021 07:46:00,2003,2003-JUL,551,component,lmprs,
Dec,2003,,Northeast,1.0,"24,038",Producer Milk Components,AMS_3462,3462,Dairy FMMOS,DY-NA,Washington,DC,"Washington, DC",Washington,DC,FMMOS,FMMOS - non-mars,04/09/2021 07:46:00,2003,2003-JUL,"2,017",component,lmprs,
Dec,2003,,Pacific Northwest,124.0,"6,336",Producer Milk Components,AMS_3462,3462,Dairy FMMOS,DY-NA,Washington,DC,"Washington, DC",Washington,DC,FMMOS,FMMOS - non-mars,04/09/2021 07:46:00,2003,2003-JUL,411,component,lmprs,
Dec,2003,,Mideast,33.0,"15,750",Producer Milk Components,AMS_3462,3462,Dairy FMMOS,DY-NA,Washington,DC,"Washington, DC",Washington,DC,FMMOS,FMMOS - non-mars,04/09/2021 07:46:00,2003,2003-JUL,"1,018",component,lmprs,
Dec,2003,,Florida,6.0,"2,833",Producer Milk Components,AMS_3462,3462,Dairy FMMOS,DY-NA,Washington,DC,"Washington, DC",Washington,DC,FMMOS,FMMOS - non-mars,04/09/2021 07:46:00,2003,2003-JUL,226,component,lmprs,
Dec,2003,,Arizona,131.0,"3,061",Producer Milk Components,AMS_3462,3462,Dairy FMMOS,DY-NA,Washington,DC,"Washington, DC",Washington,DC,FMMOS,FMMOS - non-mars,04/09/2021 07:46:00,2003,2003-JUL,244,component,lmprs,
Dec,2003,,Central,32.0,"14,411",Producer Milk Components,AMS_3462,3462,Dairy FMMOS,DY-NA,Washington,DC,"Washington, DC",Washington,DC,FMMOS,FMMOS - non-mars,04/09/2021 07:46:00,2003,2003-JUL,760,component,lmprs,
Dec,2003,,Appalachian,5.0,"6,315",Producer Milk Components,AMS_3462,3462,Dairy FMMOS,DY-NA,Washington,DC,"Washington, DC",Washington,DC,FMMOS,FMMOS - non-mars,04/09/2021 07:46:00,2003,2003-JUL,481,component,lmprs,
Dec,2003,,All Markets Combined,,"110,581",Producer Milk Components,AMS_3462,3462,Dairy FMMOS,DY-NA,Washington,DC,"Washington, DC",Washington,DC,FMMOS,FMMOS - non-mars,04/09/2021 07:46:00,2003,2003-JUL,"7,140",component,lmprs,
Dec,2004,,All Markets Combined,,"103,047",Producer Milk Components,AMS_3462,3462,Dairy FMMOS,DY-NA,Washington,DC,"Washington, DC",Washington,DC,FMMOS,FMMOS - non-mars,04/09/2021 07:44:00,2004,2004-JUL,"10,001",component,lmprs,
Dec,2004,,Appalachian,5.0,"6,203",Producer Milk Components,AMS_3462,3462,Dairy FMMOS,DY-NA,Washington,DC,"Washington, DC",Washington,DC,FMMOS,FMMOS - non-mars,04/09/2021 07:44:00,2004,2004-JUL,519,component,lmprs,
Dec,2004,,Central,32.0,"11,589",Producer Milk Components,AMS_3462,3462,Dairy FMMOS,DY-NA,Washington,DC,"Washington, DC",Washington,DC,FMMOS,FMMOS - non-mars,04/09/2021 07:44:00,2004,2004-JUL,"1,272",component,lmprs,
Dec,2004,,Arizona,131.0,"2,901",Producer Milk Components,AMS_3462,3462,Dairy FMMOS,DY-NA,Washington,DC,"Washington, DC",Washington,DC,FMMOS,FMMOS - non-mars,04/09/2021 07:44:00,2004,2004-JUL,228,component,lmprs,
Dec,2004,,Florida,6.0,"2,873",Producer Milk Components,AMS_3462,3462,Dairy FMMOS,DY-NA,Washington,DC,"Washington, DC",Washington,DC,FMMOS,FMMOS - non-mars,04/09/2021 07:44:00,2004,2004-JUL,232,component,lmprs,
Dec,2004,,Mideast,33.0,"15,940",Producer Milk Components,AMS_3462,3462,Dairy FMMOS,DY-NA,Washington,DC,"Washington, DC",Washington,DC,FMMOS,FMMOS - non-mars,04/09/2021 07:44:00,2004,2004-JUL,"1,487",component,lmprs,
Dec,2004,,Pacific Northwest,124.0,"6,518",Producer Milk Components,AMS_3462,3462,Dairy FMMOS,DY-NA,Washington,DC,"Washington, DC",Washington,DC,FMMOS,FMMOS - non-mars,04/09/2021 07:44:00,2004,2004-JUL,648,component,lmprs,
Dec,2004,,Northeast,1.0,"22,670",Producer Milk Components,AMS_3462,3462,Dairy FMMOS,DY-NA,Washington,DC,"Washington, DC",Washington,DC,FMMOS,FMMOS - non-mars,04/09/2021 07:44:00,2004,2004-JUL,"1,996",component,lmprs,
Dec,2004,,Southeast,7.0,"7,164",Producer Milk Components,AMS_3462,3462,Dairy FMMOS,DY-NA,Washington,DC,"Washington, DC",Washington,DC,FMMOS,FMMOS - non-mars,04/09/2021 07:44:00,2004,2004-JUL,542,component,lmprs,
Dec,2004,,Southwest,126.0,"8,790",Producer Milk Components,AMS_3462,3462,Dairy FMMOS,DY-NA,Washington,DC,"Washington, DC",Washington,DC,FMMOS,FMMOS - non-mars,04/09/2021 07:44:00,2004,2004-JUL,875,component,lmprs,
Dec,2004,,Upper Midwest,30.0,"17,302",Producer Milk Components,AMS_3462,3462,Dairy FMMOS,DY-NA,Washington,DC,"Washington, DC",Washington,DC,FMMOS,FMMOS - non-mars,04/09/2021 07:44:00,2004,2004-JUL,"2,202",component,lmprs,
Dec,2004,,Western,135.0,"1,096",Producer Milk Components,AMS_3462,3462,Dairy FMMOS,DY-NA,Washington,DC,"Washington, DC",Washington,DC,FMMOS,FMMOS - non-mars,04/09/2021 07:44:00,2004,2004-JUL,,component,lmprs,
Dec,2005,,Upper Midwest,30.0,"22,450",Producer Milk Components,AMS_3462,3462,Dairy FMMOS,DY-NA,Washington,DC,"Washington, DC",Washington,DC,FMMOS,FMMOS - non-mars,03/30/2021 14:16:00,2005,2005-JUL,"2,012",component,lmprs,
Dec,2005,,Southwest,126.0,"9,579",Producer Milk Components,AMS_3462,3462,Dairy FMMOS,DY-NA,Washington,DC,"Washington, DC",Washington,DC,FMMOS,FMMOS - non-mars,03/30/2021 14:16:00,2005,2005-JUL,893,component,lmprs,
Dec,2005,,Southeast,7.0,"7,544",Producer Milk Components,AMS_3462,3462,Dairy FMMOS,DY-NA,Washington,DC,"Washington, DC",Washington,DC,FMMOS,FMMOS - non-mars,03/30/2021 14:16:00,2005,2005-JUL,588,component,lmprs,
Dec,2005,,Northeast,1.0,"23,565",Producer Milk Components,AMS_3462,3462,Dairy FMMOS,DY-NA,Washington,DC,"Washington, DC",Washington,DC,FMMOS,FMMOS - non-mars,03/30/2021 14:16:00,2005,2005-JUL,"1,988",component,lmprs,
Dec,2005,,Pacific Northwest,124.0,"7,046",Producer Milk Components,AMS_3462,3462,Dairy FMMOS,DY-NA,Washington,DC,"Washington, DC",Washington,DC,FMMOS,FMMOS - non-mars,03/30/2021 14:16:00,2005,2005-JUL,673,component,lmprs,
Dec,2005,,Mideast,33.0,"18,060",Producer Milk Components,AMS_3462,3462,Dairy FMMOS,DY-NA,Washington,DC,"Washington, DC",Washington,DC,FMMOS,FMMOS - non-mars,03/30/2021 14:16:00,2005,2005-JUL,"1,656",component,lmprs,
Dec,2005,,Florida,6.0,"3,125",Producer Milk Components,AMS_3462,3462,Dairy FMMOS,DY-NA,Washington,DC,"Washington, DC",Washington,DC,FMMOS,FMMOS - non-mars,03/30/2021 14:16:00,2005,2005-JUL,249,component,lmprs,
Dec,2005,,Central,32.0,"13,966",Producer Milk Components,AMS_3462,3462,Dairy FMMOS,DY-NA,Washington,DC,"Washington, DC",Washington,DC,FMMOS,FMMOS - non-mars,03/30/2021 14:16:00,2005,2005-JUL,"1,294",component,lmprs,
Dec,2005,,Appalachian,5.0,"6,400",Producer Milk Components,AMS_3462,3462,Dairy FMMOS,DY-NA,Washington,DC,"Washington, DC",Washington,DC,FMMOS,FMMOS - non-mars,03/30/2021 14:16:00,2005,2005-JUL,504,component,lmprs,
Dec,2005,,Arizona,131.0,"2,948",Producer Milk Components,AMS_3462,3462,Dairy FMMOS,DY-NA,Washington,DC,"Washington, DC",Washington,DC,FMMOS,FMMOS - non-mars,03/30/2021 14:16:00,2005,2005-JUL,242,component,lmprs,
Dec,2005,,All Markets Combined,,"114,682",Producer Milk Components,AMS_3462,3462,Dairy FMMOS,DY-NA,Washington,DC,"Washington, DC",Washington,DC,FMMOS,FMMOS - non-mars,03/30/2021 14:16:00,2005,2005-JUL,"10,098",component,lmprs,
Dec,2006,,All Markets Combined,,"120,618",Producer Milk Components,AMS_3462,3462,Dairy FMMOS,DY-NA,Washington,DC,"Washington, DC",Washington,DC,FMMOS,FMMOS - non-mars,03/30/2021 14:16:00,2006,2006-JUL,"10,391",component,lmprs,
Dec,2006,,Arizona,131.0,"3,383",Producer Milk Components,AMS_3462,3462,Dairy FMMOS,DY-NA,Washington,DC,"Washington, DC",Washington,DC,FMMOS,FMMOS - non-mars,03/30/2021 14:16:00,2006,2006-JUL,276,component,lmprs,
Dec,2006,,Appalachian,5.0,"6,243",Producer Milk Components,AMS_3462,3462,Dairy FMMOS,DY-NA,Washington,DC,"Washington, DC",Washington,DC,FMMOS,FMMOS - non-mars,03/30/2021 14:16:00,2006,2006-JUL,490,component,lmprs,
Dec,2006,,Central,32.0,"13,917",Producer Milk Components,AMS_3462,3462,Dairy FMMOS,DY-NA,Washington,DC,"Washington, DC",Washington,DC,FMMOS,FMMOS - non-mars,03/30/2021 14:16:00,2006,2006-JUL,"1,314",component,lmprs,
Dec,2006,,Florida,6.0,"3,126",Producer Milk Components,AMS_3462,3462,Dairy FMMOS,DY-NA,Washington,DC,"Washington, DC",Washington,DC,FMMOS,FMMOS - non-mars,03/30/2021 14:16:00,2006,2006-JUL,244,component,lmprs,
Dec,2006,,Mideast,33.0,"17,189",Producer Milk Components,AMS_3462,3462,Dairy FMMOS,DY-NA,Washington,DC,"Washington, DC",Washington,DC,FMMOS,FMMOS - non-mars,03/30/2021 14:16:00,2006,2006-JUL,"1,502",component,lmprs,
Dec,2006,,Pacific Northwest,124.0,"7,570",Producer Milk Components,AMS_3462,3462,Dairy FMMOS,DY-NA,Washington,DC,"Washington, DC",Washington,DC,FMMOS,FMMOS - non-mars,03/30/2021 14:16:00,2006,2006-JUL,707,component,lmprs,
Dec,2006,,Northeast,1.0,"22,680",Producer Milk Components,AMS_3462,3462,Dairy FMMOS,DY-NA,Washington,DC,"Washington, DC",Washington,DC,FMMOS,FMMOS - non-mars,03/30/2021 14:16:00,2006,2006-JUL,"1,906",component,lmprs,
Dec,2006,,Southeast,7.0,"8,055",Producer Milk Components,AMS_3462,3462,Dairy FMMOS,DY-NA,Washington,DC,"Washington, DC",Washington,DC,FMMOS,FMMOS - non-mars,03/30/2021 14:16:00,2006,2006-JUL,603,component,lmprs,
Dec,2006,,Southwest,126.0,"11,600",Producer Milk Components,AMS_3462,3462,Dairy FMMOS,DY-NA,Washington,DC,"Washington, DC",Washington,DC,FMMOS,FMMOS - non-mars,03/30/2021 14:16:00,2006,2006-JUL,"1,051",component,lmprs,
Dec,2006,,Upper Midwest,30.0,"26,855",Producer Milk Components,AMS_3462,3462,Dairy FMMOS,DY-NA,Washington,DC,"Washington, DC",Washington,DC,FMMOS,FMMOS - non-mars,03/30/2021 14:16:00,2006,2006-JUL,"2,298",component,lmprs,
Dec,2007,,Upper Midwest,30.0,"26,490",Producer Milk Components,AMS_3462,3462,Dairy FMMOS,DY-NA,Washington,DC,"Washington, DC",Washington,DC,FMMOS,FMMOS - non-mars,03/30/2021 14:16:00,2007,2007-JUL,"2,390",component,lmprs,
Dec,2007,,Southwest,126.0,"9,990",Producer Milk Components,AMS_3462,3462,Dairy FMMOS,DY-NA,Washington,DC,"Washington, DC",Washington,DC,FMMOS,FMMOS - non-mars,03/30/2021 14:16:00,2007,2007-JUL,"1,049",component,lmprs,
Dec,2007,,Southeast,7.0,"7,521",Producer Milk Components,AMS_3462,3462,Dairy FMMOS,DY-NA,Washington,DC,"Washington, DC",Washington,DC,FMMOS,FMMOS - non-mars,03/30/2021 14:16:00,2007,2007-JUL,562,component,lmprs,
Dec,2007,,Northeast,1.0,"23,040",Producer Milk Components,AMS_3462,3462,Dairy FMMOS,DY-NA,Washington,DC,"Washington, DC",Washington,DC,FMMOS,FMMOS - non-mars,03/30/2021 14:16:00,2007,2007-JUL,"1,941",component,lmprs,
Dec,2007,,Pacific Northwest,124.0,"7,036",Producer Milk Components,AMS_3462,3462,Dairy FMMOS,DY-NA,Washington,DC,"Washington, DC",Washington,DC,FMMOS,FMMOS - non-mars,03/30/2021 14:16:00,2007,2007-JUL,590,component,lmprs,
Dec,2007,,Mideast,33.0,"16,268",Producer Milk Components,AMS_3462,3462,Dairy FMMOS,DY-NA,Washington,DC,"Washington, DC",Washington,DC,FMMOS,FMMOS - non-mars,03/30/2021 14:16:00,2007,2007-JUL,"1,468",component,lmprs,
Dec,2007,,Florida,6.0,"3,207",Producer Milk Components,AMS_3462,3462,Dairy FMMOS,DY-NA,Washington,DC,"Washington, DC",Washington,DC,FMMOS,FMMOS - non-mars,03/30/2021 14:16:00,2007,2007-JUL,248,component,lmprs,
Dec,2007,,Central,32.0,"11,193",Producer Milk Components,AMS_3462,3462,Dairy FMMOS,DY-NA,Washington,DC,"Washington, DC",Washington,DC,FMMOS,FMMOS - non-mars,03/30/2021 14:16:00,2007,2007-JUL,987,component,lmprs,
Dec,2007,,Appalachian,5.0,"5,865",Producer Milk Components,AMS_3462,3462,Dairy FMMOS,DY-NA,Washington,DC,"Washington, DC",Washington,DC,FMMOS,FMMOS - non-mars,03/30/2021 14:16:00,2007,2007-JUL,481,component,lmprs,
Dec,2007,,Arizona,131.0,"3,799",Producer Milk Components,AMS_3462,3462,Dairy FMMOS,DY-NA,Washington,DC,"Washington, DC",Washington,DC,FMMOS,FMMOS - non-mars,03/30/2021 14:16:00,2007,2007-JUL,311,component,lmprs,
Dec,2007,,All Markets Combined,,"114,407",Producer Milk Components,AMS_3462,3462,Dairy FMMOS,DY-NA,Washington,DC,"Washington, DC",Washington,DC,FMMOS,FMMOS - non-mars,03/30/2021 14:16:00,2007,2007-JUL,"10,025",component,lmprs,
Dec,2008,,All Markets Combined,,"115,867",Producer Milk Components,AMS_3462,3462,Dairy FMMOS,DY-NA,Washington,DC,"Washington, DC",Washington,DC,FMMOS,FMMOS - non-mars,03/30/2021 14:15:00,2008,2008-JUL,"10,043",component,lmprs,
Dec,2008,,Arizona,131.0,"4,156",Producer Milk Components,AMS_3462,3462,Dairy FMMOS,DY-NA,Washington,DC,"Washington, DC",Washington,DC,FMMOS,FMMOS - non-mars,03/30/2021 14:15:00,2008,2008-JUL,328,component,lmprs,
Dec,2008,,Appalachian,5.0,"5,882",Producer Milk Components,AMS_3462,3462,Dairy FMMOS,DY-NA,Washington,DC,"Washington, DC",Washington,DC,FMMOS,FMMOS - non-mars,03/30/2021 14:15:00,2008,2008-JUL,476,component,lmprs,
Dec,2008,,Central,32.0,"11,564",Producer Milk Components,AMS_3462,3462,Dairy FMMOS,DY-NA,Washington,DC,"Washington, DC",Washington,DC,FMMOS,FMMOS - non-mars,03/30/2021 14:15:00,2008,2008-JUL,931,component,lmprs,
Dec,2008,,Florida,6.0,"3,130",Producer Milk Components,AMS_3462,3462,Dairy FMMOS,DY-NA,Washington,DC,"Washington, DC",Washington,DC,FMMOS,FMMOS - non-mars,03/30/2021 14:15:00,2008,2008-JUL,244,component,lmprs,
Dec,2008,,Mideast,33.0,"15,707",Producer Milk Components,AMS_3462,3462,Dairy FMMOS,DY-NA,Washington,DC,"Washington, DC",Washington,DC,FMMOS,FMMOS - non-mars,03/30/2021 14:15:00,2008,2008-JUL,"1,389",component,lmprs,
Dec,2008,,Pacific Northwest,124.0,"6,882",Producer Milk Components,AMS_3462,3462,Dairy FMMOS,DY-NA,Washington,DC,"Washington, DC",Washington,DC,FMMOS,FMMOS - non-mars,03/30/2021 14:15:00,2008,2008-JUL,665,component,lmprs,
Dec,2008,,Northeast,1.0,"23,895",Producer Milk Components,AMS_3462,3462,Dairy FMMOS,DY-NA,Washington,DC,"Washington, DC",Washington,DC,FMMOS,FMMOS - non-mars,03/30/2021 14:15:00,2008,2008-JUL,"2,051",component,lmprs,
Dec,2008,,Southeast,7.0,"6,923",Producer Milk Components,AMS_3462,3462,Dairy FMMOS,DY-NA,Washington,DC,"Washington, DC",Washington,DC,FMMOS,FMMOS - non-mars,03/30/2021 14:15:00,2008,2008-JUL,540,component,lmprs,
Dec,2008,,Southwest,126.0,"9,687",Producer Milk Components,AMS_3462,3462,Dairy FMMOS,DY-NA,Washington,DC,"Washington, DC",Washington,DC,FMMOS,FMMOS - non-mars,03/30/2021 14:15:00,2008,2008-JUL,"1,034",component,lmprs,
Dec,2008,,Upper Midwest,30.0,"28,041",Producer Milk Components,AMS_3462,3462,Dairy FMMOS,DY-NA,Washington,DC,"Washington, DC",Washington,DC,FMMOS,FMMOS - non-mars,03/30/2021 14:15:00,2008,2008-JUL,"2,384",component,lmprs,
Dec,2009,,Upper Midwest,30.0,"32,184",Producer Milk Components,AMS_3462,3462,Dairy FMMOS,DY-NA,Washington,DC,"Washington, DC",Washington,DC,FMMOS,FMMOS - non-mars,03/30/2021 14:15:00,2009,2009-JUL,"2,918",component,lmprs,
Dec,2009,,Southwest,126.0,"10,809",Producer Milk Components,AMS_3462,3462,Dairy FMMOS,DY-NA,Washington,DC,"Washington, DC",Washington,DC,FMMOS,FMMOS - non-mars,03/30/2021 14:15:00,2009,2009-JUL,948,component,lmprs,
Dec,2009,,Southeast,7.0,"7,169",Producer Milk Components,AMS_3462,3462,Dairy FMMOS,DY-NA,Washington,DC,"Washington, DC",Washington,DC,FMMOS,FMMOS - non-mars,03/30/2021 14:15:00,2009,2009-JUL,571,component,lmprs,
Dec,2009,,Northeast,1.0,"23,497",Producer Milk Components,AMS_3462,3462,Dairy FMMOS,DY-NA,Washington,DC,"Washington, DC",Washington,DC,FMMOS,FMMOS - non-mars,03/30/2021 14:15:00,2009,2009-JUL,"2,040",component,lmprs,
Dec,2009,,Pacific Northwest,124.0,"7,470",Producer Milk Components,AMS_3462,3462,Dairy FMMOS,DY-NA,Washington,DC,"Washington, DC",Washington,DC,FMMOS,FMMOS - non-mars,03/30/2021 14:15:00,2009,2009-JUL,685,component,lmprs,
Dec,2009,,Mideast,33.0,"16,596",Producer Milk Components,AMS_3462,3462,Dairy FMMOS,DY-NA,Washington,DC,"Washington, DC",Washington,DC,FMMOS,FMMOS - non-mars,03/30/2021 14:15:00,2009,2009-JUL,"1,460",component,lmprs,
Dec,2009,,Florida,6.0,"3,027",Producer Milk Components,AMS_3462,3462,Dairy FMMOS,DY-NA,Washington,DC,"Washington, DC",Washington,DC,FMMOS,FMMOS - non-mars,03/30/2021 14:15:00,2009,2009-JUL,231,component,lmprs,
Dec,2009,,Central,32.0,"12,685",Producer Milk Components,AMS_3462,3462,Dairy FMMOS,DY-NA,Washington,DC,"Washington, DC",Washington,DC,FMMOS,FMMOS - non-mars,03/30/2021 14:15:00,2009,2009-JUL,"1,178",component,lmprs,
Dec,2009,,Appalachian,5.0,"5,950",Producer Milk Components,AMS_3462,3462,Dairy FMMOS,DY-NA,Washington,DC,"Washington, DC",Washington,DC,FMMOS,FMMOS - non-mars,03/30/2021 14:15:00,2009,2009-JUL,488,component,lmprs,
Dec,2009,,Arizona,131.0,"4,042",Producer Milk Components,AMS_3462,3462,Dairy FMMOS,DY-NA,Washington,DC,"Washington, DC",Washington,DC,FMMOS,FMMOS - non-mars,03/30/2021 14:15:00,2009,2009-JUL,304,component,lmprs,
Dec,2009,,All Markets Combined,,"123,430",Producer Milk Components,AMS_3462,3462,Dairy FMMOS,DY-NA,Washington,DC,"Washington, DC",Washington,DC,FMMOS,FMMOS - non-mars,03/30/2021 14:15:00,2009,2009-JUL,"10,823",component,lmprs,
Dec,2010,,All Markets Combined,,"126,909",Producer Milk Components,AMS_3462,3462,Dairy FMMOS,DY-NA,Washington,DC,"Washington, DC",Washington,DC,FMMOS,FMMOS - non-mars,03/30/2021 14:14:00,2010,2010-JUL,"10,695",component,lmprs,
Dec,2010,,Arizona,131.0,"4,232",Producer Milk Components,AMS_3462,3462,Dairy FMMOS,DY-NA,Washington,DC,"Washington, DC",Washington,DC,FMMOS,FMMOS - non-mars,03/30/2021 14:14:00,2010,2010-JUL,338,component,lmprs,
Dec,2010,,Appalachian,5.0,"6,042",Producer Milk Components,AMS_3462,3462,Dairy FMMOS,DY-NA,Washington,DC,"Washington, DC",Washington,DC,FMMOS,FMMOS - non-mars,03/30/2021 14:14:00,2010,2010-JUL,484,component,lmprs,
Dec,2010,,Central,32.0,"13,352",Producer Milk Components,AMS_3462,3462,Dairy FMMOS,DY-NA,Washington,DC,"Washington, DC",Washington,DC,FMMOS,FMMOS - non-mars,03/30/2021 14:14:00,2010,2010-JUL,"1,121",component,lmprs,
Dec,2010,,Florida,6.0,"2,902",Producer Milk Components,AMS_3462,3462,Dairy FMMOS,DY-NA,Washington,DC,"Washington, DC",Washington,DC,FMMOS,FMMOS - non-mars,03/30/2021 14:14:00,2010,2010-JUL,224,component,lmprs,
Dec,2010,,Mideast,33.0,"16,022",Producer Milk Components,AMS_3462,3462,Dairy FMMOS,DY-NA,Washington,DC,"Washington, DC",Washington,DC,FMMOS,FMMOS - non-mars,03/30/2021 14:14:00,2010,2010-JUL,"1,278",component,lmprs,
Dec,2010,,Pacific Northwest,124.0,"8,011",Producer Milk Components,AMS_3462,3462,Dairy FMMOS,DY-NA,Washington,DC,"Washington, DC",Washington,DC,FMMOS,FMMOS - non-mars,03/30/2021 14:14:00,2010,2010-JUL,686,component,lmprs,
Dec,2010,,Northeast,1.0,"24,335",Producer Milk Components,AMS_3462,3462,Dairy FMMOS,DY-NA,Washington,DC,"Washington, DC",Washington,DC,FMMOS,FMMOS - non-mars,03/30/2021 14:14:00,2010,2010-JUL,"2,096",component,lmprs,
Dec,2010,,Southeast,7.0,"7,001",Producer Milk Components,AMS_3462,3462,Dairy FMMOS,DY-NA,Washington,DC,"Washington, DC",Washington,DC,FMMOS,FMMOS - non-mars,03/30/2021 14:14:00,2010,2010-JUL,552,component,lmprs,
Dec,2010,,Southwest,126.0,"11,210",Producer Milk Components,AMS_3462,3462,Dairy FMMOS,DY-NA,Washington,DC,"Washington, DC",Washington,DC,FMMOS,FMMOS - non-mars,03/30/2021 14:14:00,2010,2010-JUL,"1,000",component,lmprs,
Dec,2010,,Upper Midwest,30.0,"33,803",Producer Milk Components,AMS_3462,3462,Dairy FMMOS,DY-NA,Washington,DC,"Washington, DC",Washington,DC,FMMOS,FMMOS - non-mars,03/30/2021 14:14:00,2010,2010-JUL,"2,916",component,lmprs,
Dec,2011,,Southwest,126.0,"11,233",Producer Milk Components,AMS_3462,3462,Dairy FMMOS,DY-NA,Washington,DC,"Washington, DC",Washington,DC,FMMOS,FMMOS - non-mars,03/30/2021 14:14:00,2011,2011-JUL,923,component,lmprs,
Dec,2011,,Upper Midwest,30.0,"32,766",Producer Milk Components,AMS_3462,3462,Dairy FMMOS,DY-NA,Washington,DC,"Washington, DC",Washington,DC,FMMOS,FMMOS - non-mars,03/30/2021 14:14:00,2011,2011-JUL,"2,828",component,lmprs,
Dec,2011,,Southeast,7.0,"7,057",Producer Milk Components,AMS_3462,3462,Dairy FMMOS,DY-NA,Washington,DC,"Washington, DC",Washington,DC,FMMOS,FMMOS - non-mars,03/30/2021 14:14:00,2011,2011-JUL,543,component,lmprs,
Dec,2011,,Pacific Northwest,124.0,"8,023",Producer Milk Components,AMS_3462,3462,Dairy FMMOS,DY-NA,Washington,DC,"Washington, DC",Washington,DC,FMMOS,FMMOS - non-mars,03/30/2021 14:14:00,2011,2011-JUL,734,component,lmprs,
Dec,2011,,Mideast,33.0,"15,939",Producer Milk Components,AMS_3462,3462,Dairy FMMOS,DY-NA,Washington,DC,"Washington, DC",Washington,DC,FMMOS,FMMOS - non-mars,03/30/2021 14:14:00,2011,2011-JUL,"1,400",component,lmprs,
Dec,2011,,Northeast,1.0,"24,358",Producer Milk Components,AMS_3462,3462,Dairy FMMOS,DY-NA,Washington,DC,"Washington, DC",Washington,DC,FMMOS,FMMOS - non-mars,03/30/2021 14:14:00,2011,2011-JUL,"1,996",component,lmprs,
Dec,2011,,Florida,6.0,"2,919",Producer Milk Components,AMS_3462,3462,Dairy FMMOS,DY-NA,Washington,DC,"Washington, DC",Washington,DC,FMMOS,FMMOS - non-mars,03/30/2021 14:14:00,2011,2011-JUL,222,component,lmprs,
Dec,2011,,Central,32.0,"13,938",Producer Milk Components,AMS_3462,3462,Dairy FMMOS,DY-NA,Washington,DC,"Washington, DC",Washington,DC,FMMOS,FMMOS - non-mars,03/30/2021 14:14:00,2011,2011-JUL,"1,229",component,lmprs,
Dec,2011,,Appalachian,5.0,"6,128",Producer Milk Components,AMS_3462,3462,Dairy FMMOS,DY-NA,Washington,DC,"Washington, DC",Washington,DC,FMMOS,FMMOS - non-mars,03/30/2021 14:14:00,2011,2011-JUL,499,component,lmprs,
Dec,2011,,Arizona,131.0,"4,518",Producer Milk Components,AMS_3462,3462,Dairy FMMOS,DY-NA,Washington,DC,"Washington, DC",Washington,DC,FMMOS,FMMOS - non-mars,03/30/2021 14:14:00,2011,2011-JUL,354,component,lmprs,
Dec,2011,,All Markets Combined,,"126,879",Producer Milk Components,AMS_3462,3462,Dairy FMMOS,DY-NA,Washington,DC,"Washington, DC",Washington,DC,FMMOS,FMMOS - non-mars,03/30/2021 14:14:00,2011,2011-JUL,"10,728",component,lmprs,
Dec,2012,,All Markets Combined,,"122,388",Producer Milk Components,AMS_3462,3462,Dairy FMMOS,DY-NA,Washington,DC,"Washington, DC",Washington,DC,FMMOS,FMMOS - non-mars,03/30/2021 14:13:00,2012,2012-JUL,"8,980",component,lmprs,
Dec,2012,,Arizona,131.0,"4,556",Producer Milk Components,AMS_3462,3462,Dairy FMMOS,DY-NA,Washington,DC,"Washington, DC",Washington,DC,FMMOS,FMMOS - non-mars,03/30/2021 14:13:00,2012,2012-JUL,354,component,lmprs,
Dec,2012,,Appalachian,5.0,"5,863",Producer Milk Components,AMS_3462,3462,Dairy FMMOS,DY-NA,Washington,DC,"Washington, DC",Washington,DC,FMMOS,FMMOS - non-mars,03/30/2021 14:13:00,2012,2012-JUL,464,component,lmprs,
Dec,2012,,Central,32.0,"13,389",Producer Milk Components,AMS_3462,3462,Dairy FMMOS,DY-NA,Washington,DC,"Washington, DC",Washington,DC,FMMOS,FMMOS - non-mars,03/30/2021 14:13:00,2012,2012-JUL,898,component,lmprs,
Dec,2012,,Florida,6.0,"2,890",Producer Milk Components,AMS_3462,3462,Dairy FMMOS,DY-NA,Washington,DC,"Washington, DC",Washington,DC,FMMOS,FMMOS - non-mars,03/30/2021 14:13:00,2012,2012-JUL,223,component,lmprs,
Dec,2012,,Northeast,1.0,"24,695",Producer Milk Components,AMS_3462,3462,Dairy FMMOS,DY-NA,Washington,DC,"Washington, DC",Washington,DC,FMMOS,FMMOS - non-mars,03/30/2021 14:13:00,2012,2012-JUL,"2,038",component,lmprs,
Dec,2012,,Mideast,33.0,"16,806",Producer Milk Components,AMS_3462,3462,Dairy FMMOS,DY-NA,Washington,DC,"Washington, DC",Washington,DC,FMMOS,FMMOS - non-mars,03/30/2021 14:13:00,2012,2012-JUL,"1,259",component,lmprs,
Dec,2012,,Pacific Northwest,124.0,"6,719",Producer Milk Components,AMS_3462,3462,Dairy FMMOS,DY-NA,Washington,DC,"Washington, DC",Washington,DC,FMMOS,FMMOS - non-mars,03/30/2021 14:13:00,2012,2012-JUL,436,component,lmprs,
Dec,2012,,Southeast,7.0,"6,794",Producer Milk Components,AMS_3462,3462,Dairy FMMOS,DY-NA,Washington,DC,"Washington, DC",Washington,DC,FMMOS,FMMOS - non-mars,03/30/2021 14:13:00,2012,2012-JUL,504,component,lmprs,
Dec,2012,,Upper Midwest,30.0,"30,684",Producer Milk Components,AMS_3462,3462,Dairy FMMOS,DY-NA,Washington,DC,"Washington, DC",Washington,DC,FMMOS,FMMOS - non-mars,03/30/2021 14:13:00,2012,2012-JUL,"2,235",component,lmprs,
Dec,2012,,Southwest,126.0,"9,994",Producer Milk Components,AMS_3462,3462,Dairy FMMOS,DY-NA,Washington,DC,"Washington, DC",Washington,DC,FMMOS,FMMOS - non-mars,03/30/2021 14:13:00,2012,2012-JUL,570,component,lmprs,
Dec,2013,,Southwest,126.0,"12,901",Producer Milk Components,AMS_3462,3462,Dairy FMMOS,DY-NA,Washington,DC,"Washington, DC",Washington,DC,FMMOS,FMMOS - non-mars,03/30/2021 14:13:00,2013,2013-JUL,"1,002",component,lmprs,
Dec,2013,,Upper Midwest,30.0,"34,315",Producer Milk Components,AMS_3462,3462,Dairy FMMOS,DY-NA,Washington,DC,"Washington, DC",Washington,DC,FMMOS,FMMOS - non-mars,03/30/2021 14:13:00,2013,2013-JUL,"2,892",component,lmprs,
Dec,2013,,Southeast,7.0,"6,129",Producer Milk Components,AMS_3462,3462,Dairy FMMOS,DY-NA,Washington,DC,"Washington, DC",Washington,DC,FMMOS,FMMOS - non-mars,03/30/2021 14:13:00,2013,2013-JUL,478,component,lmprs,
Dec,2013,,Pacific Northwest,124.0,"8,239",Producer Milk Components,AMS_3462,3462,Dairy FMMOS,DY-NA,Washington,DC,"Washington, DC",Washington,DC,FMMOS,FMMOS - non-mars,03/30/2021 14:13:00,2013,2013-JUL,732,component,lmprs,
Dec,2013,,Mideast,33.0,"16,719",Producer Milk Components,AMS_3462,3462,Dairy FMMOS,DY-NA,Washington,DC,"Washington, DC",Washington,DC,FMMOS,FMMOS - non-mars,03/30/2021 14:13:00,2013,2013-JUL,"1,352",component,lmprs,
Dec,2013,,Northeast,1.0,"25,420",Producer Milk Components,AMS_3462,3462,Dairy FMMOS,DY-NA,Washington,DC,"Washington, DC",Washington,DC,FMMOS,FMMOS - non-mars,03/30/2021 14:13:00,2013,2013-JUL,"2,115",component,lmprs,
Dec,2013,,Florida,6.0,"2,833",Producer Milk Components,AMS_3462,3462,Dairy FMMOS,DY-NA,Washington,DC,"Washington, DC",Washington,DC,FMMOS,FMMOS - non-mars,03/30/2021 14:13:00,2013,2013-JUL,220,component,lmprs,
Dec,2013,,Central,32.0,"15,199",Producer Milk Components,AMS_3462,3462,Dairy FMMOS,DY-NA,Washington,DC,"Washington, DC",Washington,DC,FMMOS,FMMOS - non-mars,03/30/2021 14:13:00,2013,2013-JUL,"1,251",component,lmprs,
Dec,2013,,Arizona,131.0,"4,615",Producer Milk Components,AMS_3462,3462,Dairy FMMOS,DY-NA,Washington,DC,"Washington, DC",Washington,DC,FMMOS,FMMOS - non-mars,03/30/2021 14:13:00,2013,2013-JUL,363,component,lmprs,
Dec,2013,,All Markets Combined,,"132,100",Producer Milk Components,AMS_3462,3462,Dairy FMMOS,DY-NA,Washington,DC,"Washington, DC",Washington,DC,FMMOS,FMMOS - non-mars,03/30/2021 14:13:00,2013,2013-JUL,"10,858",component,lmprs,
Dec,2013,,Appalachian,5.0,"5,729",Producer Milk Components,AMS_3462,3462,Dairy FMMOS,DY-NA,Washington,DC,"Washington, DC",Washington,DC,FMMOS,FMMOS - non-mars,03/30/2021 14:13:00,2013,2013-JUL,452,component,lmprs,
Dec,2014,,Appalachian,5.0,"5,594",Producer Milk Components,AMS_3462,3462,Dairy FMMOS,DY-NA,Washington,DC,"Washington, DC",Washington,DC,FMMOS,FMMOS - non-mars,03/30/2021 14:13:00,2014,2014-JUL,424,component,lmprs,
Dec,2014,,All Markets Combined,,"129,420",Producer Milk Components,AMS_3462,3462,Dairy FMMOS,DY-NA,Washington,DC,"Washington, DC",Washington,DC,FMMOS,FMMOS - non-mars,03/30/2021 14:13:00,2014,2014-JUL,"11,085",component,lmprs,
Dec,2014,,Arizona,131.0,"4,800",Producer Milk Components,AMS_3462,3462,Dairy FMMOS,DY-NA,Washington,DC,"Washington, DC",Washington,DC,FMMOS,FMMOS - non-mars,03/30/2021 14:13:00,2014,2014-JUL,390,component,lmprs,
Dec,2014,,Central,32.0,"15,063",Producer Milk Components,AMS_3462,3462,Dairy FMMOS,DY-NA,Washington,DC,"Washington, DC",Washington,DC,FMMOS,FMMOS - non-mars,03/30/2021 14:13:00,2014,2014-JUL,"1,263",component,lmprs,
Dec,2014,,Florida,6.0,"2,771",Producer Milk Components,AMS_3462,3462,Dairy FMMOS,DY-NA,Washington,DC,"Washington, DC",Washington,DC,FMMOS,FMMOS - non-mars,03/30/2021 14:13:00,2014,2014-JUL,214,component,lmprs,
Dec,2014,,Northeast,1.0,"25,793",Producer Milk Components,AMS_3462,3462,Dairy FMMOS,DY-NA,Washington,DC,"Washington, DC",Washington,DC,FMMOS,FMMOS - non-mars,03/30/2021 14:13:00,2014,2014-JUL,"2,214",component,lmprs,
Dec,2014,,Mideast,33.0,"17,297",Producer Milk Components,AMS_3462,3462,Dairy FMMOS,DY-NA,Washington,DC,"Washington, DC",Washington,DC,FMMOS,FMMOS - non-mars,03/30/2021 14:13:00,2014,2014-JUL,"1,420",component,lmprs,
Dec,2014,,Pacific Northwest,124.0,"7,892",Producer Milk Components,AMS_3462,3462,Dairy FMMOS,DY-NA,Washington,DC,"Washington, DC",Washington,DC,FMMOS,FMMOS - non-mars,03/30/2021 14:13:00,2014,2014-JUL,744,component,lmprs,
Dec,2014,,Southeast,7.0,"5,289",Producer Milk Components,AMS_3462,3462,Dairy FMMOS,DY-NA,Washington,DC,"Washington, DC",Washington,DC,FMMOS,FMMOS - non-mars,03/30/2021 14:13:00,2014,2014-JUL,396,component,lmprs,
Dec,2014,,Upper Midwest,30.0,"32,785",Producer Milk Components,AMS_3462,3462,Dairy FMMOS,DY-NA,Washington,DC,"Washington, DC",Washington,DC,FMMOS,FMMOS - non-mars,03/30/2021 14:13:00,2014,2014-JUL,"2,937",component,lmprs,
Dec,2014,,Southwest,126.0,"12,137",Producer Milk Components,AMS_3462,3462,Dairy FMMOS,DY-NA,Washington,DC,"Washington, DC",Washington,DC,FMMOS,FMMOS - non-mars,03/30/2021 14:13:00,2014,2014-JUL,"1,083",component,lmprs,
Dec,2015,,Southwest,126.0,"11,891",Producer Milk Components,AMS_3462,3462,Dairy FMMOS,DY-NA,Washington,DC,"Washington, DC",Washington,DC,FMMOS,FMMOS - non-mars,03/30/2021 14:12:00,2015,2015-JUL,751,component,lmprs,
Dec,2015,,Upper Midwest,30.0,"30,318",Producer Milk Components,AMS_3462,3462,Dairy FMMOS,DY-NA,Washington,DC,"Washington, DC",Washington,DC,FMMOS,FMMOS - non-mars,03/30/2021 14:12:00,2015,2015-JUL,"1,864",component,lmprs,
Dec,2015,,Southeast,7.0,"5,205",Producer Milk Components,AMS_3462,3462,Dairy FMMOS,DY-NA,Washington,DC,"Washington, DC",Washington,DC,FMMOS,FMMOS - non-mars,03/30/2021 14:12:00,2015,2015-JUL,408,component,lmprs,
Dec,2015,,Pacific Northwest,124.0,"6,646",Producer Milk Components,AMS_3462,3462,Dairy FMMOS,DY-NA,Washington,DC,"Washington, DC",Washington,DC,FMMOS,FMMOS - non-mars,03/30/2021 14:12:00,2015,2015-JUL,462,component,lmprs,
Dec,2015,,Mideast,33.0,"18,376",Producer Milk Components,AMS_3462,3462,Dairy FMMOS,DY-NA,Washington,DC,"Washington, DC",Washington,DC,FMMOS,FMMOS - non-mars,03/30/2021 14:12:00,2015,2015-JUL,"1,437",component,lmprs,
Dec,2015,,Northeast,1.0,"26,039",Producer Milk Components,AMS_3462,3462,Dairy FMMOS,DY-NA,Washington,DC,"Washington, DC",Washington,DC,FMMOS,FMMOS - non-mars,03/30/2021 14:12:00,2015,2015-JUL,"2,272",component,lmprs,
Dec,2015,,Florida,6.0,"2,741",Producer Milk Components,AMS_3462,3462,Dairy FMMOS,DY-NA,Washington,DC,"Washington, DC",Washington,DC,FMMOS,FMMOS - non-mars,03/30/2021 14:12:00,2015,2015-JUL,209,component,lmprs,
Dec,2015,,Central,32.0,"14,476",Producer Milk Components,AMS_3462,3462,Dairy FMMOS,DY-NA,Washington,DC,"Washington, DC",Washington,DC,FMMOS,FMMOS - non-mars,03/30/2021 14:12:00,2015,2015-JUL,"1,022",component,lmprs,
Dec,2015,,Arizona,131.0,"4,788",Producer Milk Components,AMS_3462,3462,Dairy FMMOS,DY-NA,Washington,DC,"Washington, DC",Washington,DC,FMMOS,FMMOS - non-mars,03/30/2021 14:12:00,2015,2015-JUL,385,component,lmprs,
Dec,2015,,All Markets Combined,,"126,126",Producer Milk Components,AMS_3462,3462,Dairy FMMOS,DY-NA,Washington,DC,"Washington, DC",Washington,DC,FMMOS,FMMOS - non-mars,03/30/2021 14:12:00,2015,2015-JUL,"9,259",component,lmprs,
Dec,2015,,Appalachian,5.0,"5,646",Producer Milk Components,AMS_3462,3462,Dairy FMMOS,DY-NA,Washington,DC,"Washington, DC",Washington,DC,FMMOS,FMMOS - non-mars,03/30/2021 14:12:00,2015,2015-JUL,450,component,lmprs,
Dec,2016,,Appalachian,5.0,"5,595",Producer Milk Components,AMS_3462,3462,Dairy FMMOS,DY-NA,Washington,DC,"Washington, DC",Washington,DC,FMMOS,FMMOS - non-mars,03/30/2021 14:12:00,2016,2016-JUL,437,component,lmprs,
Dec,2016,,All Markets Combined,,"133,846",Producer Milk Components,AMS_3462,3462,Dairy FMMOS,DY-NA,Washington,DC,"Washington, DC",Washington,DC,FMMOS,FMMOS - non-mars,03/30/2021 14:12:00,2016,2016-JUL,"11,401",component,lmprs,
Dec,2016,,Arizona,131.0,"4,979",Producer Milk Components,AMS_3462,3462,Dairy FMMOS,DY-NA,Washington,DC,"Washington, DC",Washington,DC,FMMOS,FMMOS - non-mars,03/30/2021 14:12:00,2016,2016-JUL,399,component,lmprs,
Dec,2016,,Central,32.0,"15,088",Producer Milk Components,AMS_3462,3462,Dairy FMMOS,DY-NA,Washington,DC,"Washington, DC",Washington,DC,FMMOS,FMMOS - non-mars,03/30/2021 14:12:00,2016,2016-JUL,"1,298",component,lmprs,
Dec,2016,,Florida,6.0,"2,714",Producer Milk Components,AMS_3462,3462,Dairy FMMOS,DY-NA,Washington,DC,"Washington, DC",Washington,DC,FMMOS,FMMOS - non-mars,03/30/2021 14:12:00,2016,2016-JUL,206,component,lmprs,
Dec,2016,,Northeast,1.0,"27,007",Producer Milk Components,AMS_3462,3462,Dairy FMMOS,DY-NA,Washington,DC,"Washington, DC",Washington,DC,FMMOS,FMMOS - non-mars,03/30/2021 14:12:00,2016,2016-JUL,"2,301",component,lmprs,
Dec,2016,,Mideast,33.0,"19,655",Producer Milk Components,AMS_3462,3462,Dairy FMMOS,DY-NA,Washington,DC,"Washington, DC",Washington,DC,FMMOS,FMMOS - non-mars,03/30/2021 14:12:00,2016,2016-JUL,"1,686",component,lmprs,
Dec,2016,,Pacific Northwest,124.0,"7,883",Producer Milk Components,AMS_3462,3462,Dairy FMMOS,DY-NA,Washington,DC,"Washington, DC",Washington,DC,FMMOS,FMMOS - non-mars,03/30/2021 14:12:00,2016,2016-JUL,772,component,lmprs,
Dec,2016,,Southeast,7.0,"5,390",Producer Milk Components,AMS_3462,3462,Dairy FMMOS,DY-NA,Washington,DC,"Washington, DC",Washington,DC,FMMOS,FMMOS - non-mars,03/30/2021 14:12:00,2016,2016-JUL,418,component,lmprs,
Dec,2016,,Upper Midwest,30.0,"32,817",Producer Milk Components,AMS_3462,3462,Dairy FMMOS,DY-NA,Washington,DC,"Washington, DC",Washington,DC,FMMOS,FMMOS - non-mars,03/30/2021 14:12:00,2016,2016-JUL,"2,713",component,lmprs,
Dec,2016,,Southwest,126.0,"12,717",Producer Milk Components,AMS_3462,3462,Dairy FMMOS,DY-NA,Washington,DC,"Washington, DC",Washington,DC,FMMOS,FMMOS - non-mars,03/30/2021 14:12:00,2016,2016-JUL,"1,172",component,lmprs,
Dec,2017,,Southwest,126.0,"13,092",Producer Milk Components,AMS_3462,3462,Dairy FMMOS,DY-NA,Washington,DC,"Washington, DC",Washington,DC,FMMOS,FMMOS - non-mars,03/30/2021 14:11:00,2017,2017-JUL,"1,172",component,lmprs,
Dec,2017,,Upper Midwest,30.0,"32,312",Producer Milk Components,AMS_3462,3462,Dairy FMMOS,DY-NA,Washington,DC,"Washington, DC",Washington,DC,FMMOS,FMMOS - non-mars,03/30/2021 14:11:00,2017,2017-JUL,"3,020",component,lmprs,
Dec,2017,,Southeast,7.0,"5,452",Producer Milk Components,AMS_3462,3462,Dairy FMMOS,DY-NA,Washington,DC,"Washington, DC",Washington,DC,FMMOS,FMMOS - non-mars,03/30/2021 14:11:00,2017,2017-JUL,422,component,lmprs,
Dec,2017,,Pacific Northwest,124.0,"7,661",Producer Milk Components,AMS_3462,3462,Dairy FMMOS,DY-NA,Washington,DC,"Washington, DC",Washington,DC,FMMOS,FMMOS - non-mars,03/30/2021 14:11:00,2017,2017-JUL,759,component,lmprs,
Dec,2017,,Mideast,33.0,"20,241",Producer Milk Components,AMS_3462,3462,Dairy FMMOS,DY-NA,Washington,DC,"Washington, DC",Washington,DC,FMMOS,FMMOS - non-mars,03/30/2021 14:11:00,2017,2017-JUL,"1,712",component,lmprs,
Dec,2017,,Northeast,1.0,"27,397",Producer Milk Components,AMS_3462,3462,Dairy FMMOS,DY-NA,Washington,DC,"Washington, DC",Washington,DC,FMMOS,FMMOS - non-mars,03/30/2021 14:11:00,2017,2017-JUL,"2,306",component,lmprs,
Dec,2017,,Florida,6.0,"2,602",Producer Milk Components,AMS_3462,3462,Dairy FMMOS,DY-NA,Washington,DC,"Washington, DC",Washington,DC,FMMOS,FMMOS - non-mars,03/30/2021 14:11:00,2017,2017-JUL,197,component,lmprs,
Dec,2017,,Central,32.0,"15,879",Producer Milk Components,AMS_3462,3462,Dairy FMMOS,DY-NA,Washington,DC,"Washington, DC",Washington,DC,FMMOS,FMMOS - non-mars,03/30/2021 14:11:00,2017,2017-JUL,"1,436",component,lmprs,
Dec,2017,,Arizona,131.0,"5,065",Producer Milk Components,AMS_3462,3462,Dairy FMMOS,DY-NA,Washington,DC,"Washington, DC",Washington,DC,FMMOS,FMMOS - non-mars,03/30/2021 14:11:00,2017,2017-JUL,427,component,lmprs,
Dec,2017,,All Markets Combined,,"135,502",Producer Milk Components,AMS_3462,3462,Dairy FMMOS,DY-NA,Washington,DC,"Washington, DC",Washington,DC,FMMOS,FMMOS - non-mars,03/30/2021 14:11:00,2017,2017-JUL,"11,921",component,lmprs,
Dec,2017,,Appalachian,5.0,"5,801",Producer Milk Components,AMS_3462,3462,Dairy FMMOS,DY-NA,Washington,DC,"Washington, DC",Washington,DC,FMMOS,FMMOS - non-mars,03/30/2021 14:11:00,2017,2017-JUL,470,component,lmprs,
Dec,2018,,Appalachian,5.0,"5,734",Producer Milk Components,AMS_3462,3462,Dairy FMMOS,DY-NA,Washington,DC,"Washington, DC",Washington,DC,FMMOS,FMMOS - non-mars,03/30/2021 14:09:00,2018,2018-JUL,447,component,lmprs,
Dec,2018,,All Markets Combined,,"141,684",Producer Milk Components,AMS_3462,3462,Dairy FMMOS,DY-NA,Washington,DC,"Washington, DC",Washington,DC,FMMOS,FMMOS - non-mars,03/30/2021 14:09:00,2018,2018-JUL,"12,154",component,lmprs,
Dec,2018,,Arizona,131.0,"5,133",Producer Milk Components,AMS_3462,3462,Dairy FMMOS,DY-NA,Washington,DC,"Washington, DC",Washington,DC,FMMOS,FMMOS - non-mars,03/30/2021 14:09:00,2018,2018-JUL,428,component,lmprs,
Dec,2018,,Central,32.0,"16,604",Producer Milk Components,AMS_3462,3462,Dairy FMMOS,DY-NA,Washington,DC,"Washington, DC",Washington,DC,FMMOS,FMMOS - non-mars,03/30/2021 14:09:00,2018,2018-JUL,"1,571",component,lmprs,
Dec,2018,,California,51.0,"4,117",Producer Milk Components,AMS_3462,3462,Dairy FMMOS,DY-NA,Washington,DC,"Washington, DC",Washington,DC,FMMOS,FMMOS - non-mars,03/30/2021 14:09:00,2018,2018-JUL,,component,lmprs,
Dec,2018,,Florida,6.0,"2,565",Producer Milk Components,AMS_3462,3462,Dairy FMMOS,DY-NA,Washington,DC,"Washington, DC",Washington,DC,FMMOS,FMMOS - non-mars,03/30/2021 14:09:00,2018,2018-JUL,198,component,lmprs,
Dec,2018,,Northeast,1.0,"27,109",Producer Milk Components,AMS_3462,3462,Dairy FMMOS,DY-NA,Washington,DC,"Washington, DC",Washington,DC,FMMOS,FMMOS - non-mars,03/30/2021 14:09:00,2018,2018-JUL,"2,311",component,lmprs,
Dec,2018,,Mideast,33.0,"19,603",Producer Milk Components,AMS_3462,3462,Dairy FMMOS,DY-NA,Washington,DC,"Washington, DC",Washington,DC,FMMOS,FMMOS - non-mars,03/30/2021 14:09:00,2018,2018-JUL,"1,665",component,lmprs,
Dec,2018,,Pacific Northwest,124.0,"8,558",Producer Milk Components,AMS_3462,3462,Dairy FMMOS,DY-NA,Washington,DC,"Washington, DC",Washington,DC,FMMOS,FMMOS - non-mars,03/30/2021 14:09:00,2018,2018-JUL,769,component,lmprs,
Dec,2018,,Southeast,7.0,"5,209",Producer Milk Components,AMS_3462,3462,Dairy FMMOS,DY-NA,Washington,DC,"Washington, DC",Washington,DC,FMMOS,FMMOS - non-mars,03/30/2021 14:09:00,2018,2018-JUL,395,component,lmprs,
Dec,2018,,Upper Midwest,30.0,"33,323",Producer Milk Components,AMS_3462,3462,Dairy FMMOS,DY-NA,Washington,DC,"Washington, DC",Washington,DC,FMMOS,FMMOS - non-mars,03/30/2021 14:09:00,2018,2018-JUL,"3,252",component,lmprs,
Dec,2018,,Southwest,126.0,"13,727",Producer Milk Components,AMS_3462,3462,Dairy FMMOS,DY-NA,Washington,DC,"Washington, DC",Washington,DC,FMMOS,FMMOS - non-mars,03/30/2021 14:09:00,2018,2018-JUL,"1,119",component,lmprs,
Dec,2019,,Upper Midwest,30.0,"32,310",Producer Milk Components,AMS_3462,3462,Dairy FMMOS,DY-NA,Washington,DC,"Washington, DC",Washington,DC,FMMOS,FMMOS - non-mars,03/30/2021 14:09:00,2019,2019-JUL,"2,897",component,lmprs,
Dec,2019,,Southeast,7.0,"4,903",Producer Milk Components,AMS_3462,3462,Dairy FMMOS,DY-NA,Washington,DC,"Washington, DC",Washington,DC,FMMOS,FMMOS - non-mars,03/30/2021 14:09:00,2019,2019-JUL,402,component,lmprs,
Dec,2019,,Southwest,126.0,"12,900",Producer Milk Components,AMS_3462,3462,Dairy FMMOS,DY-NA,Washington,DC,"Washington, DC",Washington,DC,FMMOS,FMMOS - non-mars,03/30/2021 14:09:00,2019,2019-JUL,"1,144",component,lmprs,
Dec,2019,,Pacific Northwest,124.0,"8,496",Producer Milk Components,AMS_3462,3462,Dairy FMMOS,DY-NA,Washington,DC,"Washington, DC",Washington,DC,FMMOS,FMMOS - non-mars,03/30/2021 14:09:00,2019,2019-JUL,795,component,lmprs,
Dec,2019,,Northeast,1.0,"26,752",Producer Milk Components,AMS_3462,3462,Dairy FMMOS,DY-NA,Washington,DC,"Washington, DC",Washington,DC,FMMOS,FMMOS - non-mars,03/30/2021 14:09:00,2019,2019-JUL,"2,240",component,lmprs,
Dec,2019,,Florida,6.0,"2,510",Producer Milk Components,AMS_3462,3462,Dairy FMMOS,DY-NA,Washington,DC,"Washington, DC",Washington,DC,FMMOS,FMMOS - non-mars,03/30/2021 14:09:00,2019,2019-JUL,199,component,lmprs,
Dec,2019,,Mideast,33.0,"18,942",Producer Milk Components,AMS_3462,3462,Dairy FMMOS,DY-NA,Washington,DC,"Washington, DC",Washington,DC,FMMOS,FMMOS - non-mars,03/30/2021 14:09:00,2019,2019-JUL,"1,700",component,lmprs,
Dec,2019,,California,51.0,"24,272",Producer Milk Components,AMS_3462,3462,Dairy FMMOS,DY-NA,Washington,DC,"Washington, DC",Washington,DC,FMMOS,FMMOS - non-mars,03/30/2021 14:09:00,2019,2019-JUL,"2,005",component,lmprs,
Dec,2019,,Central,32.0,"15,260",Producer Milk Components,AMS_3462,3462,Dairy FMMOS,DY-NA,Washington,DC,"Washington, DC",Washington,DC,FMMOS,FMMOS - non-mars,03/30/2021 14:09:00,2019,2019-JUL,"1,335",component,lmprs,
Dec,2019,,Arizona,131.0,"4,840",Producer Milk Components,AMS_3462,3462,Dairy FMMOS,DY-NA,Washington,DC,"Washington, DC",Washington,DC,FMMOS,FMMOS - non-mars,03/30/2021 14:09:00,2019,2019-JUL,391,component,lmprs,
Dec,2019,,All Markets Combined,,"156,510",Producer Milk Components,AMS_3462,3462,Dairy FMMOS,DY-NA,Washington,DC,"Washington, DC",Washington,DC,FMMOS,FMMOS - non-mars,03/30/2021 14:09:00,2019,2019-JUL,"13,518",component,lmprs,
Dec,2019,,Appalachian,5.0,"5,327",Producer Milk Components,AMS_3462,3462,Dairy FMMOS,DY-NA,Washington,DC,"Washington, DC",Washington,DC,FMMOS,FMMOS - non-mars,03/30/2021 14:09:00,2019,2019-JUL,411,component,lmprs,
Dec,2020,,Appalachian,5.0,"5,322",Producer Milk Components,AMS_3462,3462,Dairy FMMOS,DY-NA,Washington,DC,"Washington, DC",Washington,DC,FMMOS,FMMOS - non-mars,02/23/2021 09:39:00,2020,2020-JUL,376,component,lmprs,
Dec,2020,,All Markets Combined,,"137,818",Producer Milk Components,AMS_3462,3462,Dairy FMMOS,DY-NA,Washington,DC,"Washington, DC",Washington,DC,FMMOS,FMMOS - non-mars,02/23/2021 09:39:00,2020,2020-JUL,"10,081",component,lmprs,
Dec,2020,,Arizona,131.0,"4,497",Producer Milk Components,AMS_3462,3462,Dairy FMMOS,DY-NA,Washington,DC,"Washington, DC",Washington,DC,FMMOS,FMMOS - non-mars,02/23/2021 09:39:00,2020,2020-JUL,290,component,lmprs,
Dec,2020,,Central,32.0,"13,315",Producer Milk Components,AMS_3462,3462,Dairy FMMOS,DY-NA,Washington,DC,"Washington, DC",Washington,DC,FMMOS,FMMOS - non-mars,02/23/2021 09:39:00,2020,2020-JUL,824,component,lmprs,
Dec,2020,,California,51.0,"23,004",Producer Milk Components,AMS_3462,3462,Dairy FMMOS,DY-NA,Washington,DC,"Washington, DC",Washington,DC,FMMOS,FMMOS - non-mars,02/23/2021 09:39:00,2020,2020-JUL,"1,879",component,lmprs,
Dec,2020,,Mideast,33.0,"17,982",Producer Milk Components,AMS_3462,3462,Dairy FMMOS,DY-NA,Washington,DC,"Washington, DC",Washington,DC,FMMOS,FMMOS - non-mars,02/23/2021 09:39:00,2020,2020-JUL,"1,212",component,lmprs,
Dec,2020,,Florida,6.0,"2,509",Producer Milk Components,AMS_3462,3462,Dairy FMMOS,DY-NA,Washington,DC,"Washington, DC",Washington,DC,FMMOS,FMMOS - non-mars,02/23/2021 09:39:00,2020,2020-JUL,193,component,lmprs,
Dec,2020,,Northeast,1.0,"26,824",Producer Milk Components,AMS_3462,3462,Dairy FMMOS,DY-NA,Washington,DC,"Washington, DC",Washington,DC,FMMOS,FMMOS - non-mars,02/23/2021 09:39:00,2020,2020-JUL,"2,345",component,lmprs,
Dec,2020,,Pacific Northwest,124.0,"7,682",Producer Milk Components,AMS_3462,3462,Dairy FMMOS,DY-NA,Washington,DC,"Washington, DC",Washington,DC,FMMOS,FMMOS - non-mars,02/23/2021 09:39:00,2020,2020-JUL,701,component,lmprs,
Dec,2020,,Southwest,126.0,"11,692",Producer Milk Components,AMS_3462,3462,Dairy FMMOS,DY-NA,Washington,DC,"Washington, DC",Washington,DC,FMMOS,FMMOS - non-mars,02/23/2021 09:39:00,2020,2020-JUL,871,component,lmprs,
Dec,2020,,Southeast,7.0,"4,700",Producer Milk Components,AMS_3462,3462,Dairy FMMOS,DY-NA,Washington,DC,"Washington, DC",Washington,DC,FMMOS,FMMOS - non-mars,02/23/2021 09:39:00,2020,2020-JUL,388,component,lmprs,
Dec,2020,,Upper Midwest,30.0,"20,290",Producer Milk Components,AMS_3462,3462,Dairy FMMOS,DY-NA,Washington,DC,"Washington, DC",Washington,DC,FMMOS,FMMOS - non-mars,02/23/2021 09:39:00,2020,2020-JUL,"1,001",component,lmprs,
Dec,2021,,Southwest,126.0,"12,286",Producer Milk Components,AMS_3462,3462,Dairy FMMOS,DY-NA,Washington,DC,"Washington, DC",Washington,DC,FMMOS,FMMOS - non-mars,01/31/2022 07:17:00,2021,2021-JUL,"1,044",component,lmprs,
Dec,2021,,Pacific Northwest,124.0,"7,387",Producer Milk Components,AMS_3462,3462,Dairy FMMOS,DY-NA,Washington,DC,"Washington, DC",Washington,DC,FMMOS,FMMOS - non-mars,01/31/2022 07:17:00,2021,2021-JUL,745,component,lmprs,
Dec,2021,,Southeast,7.0,"4,581",Producer Milk Components,AMS_3462,3462,Dairy FMMOS,DY-NA,Washington,DC,"Washington, DC",Washington,DC,FMMOS,FMMOS - non-mars,01/31/2022 07:17:00,2021,2021-JUL,349,component,lmprs,
Dec,2021,,Northeast,1.0,"27,045",Producer Milk Components,AMS_3462,3462,Dairy FMMOS,DY-NA,Washington,DC,"Washington, DC",Washington,DC,FMMOS,FMMOS - non-mars,01/31/2022 07:17:00,2021,2021-JUL,"2,343",component,lmprs,
Dec,2021,,Mideast,33.0,"18,606",Producer Milk Components,AMS_3462,3462,Dairy FMMOS,DY-NA,Washington,DC,"Washington, DC",Washington,DC,FMMOS,FMMOS - non-mars,01/31/2022 07:17:00,2021,2021-JUL,"1,767",component,lmprs,
Dec,2021,,Central,32.0,"12,992",Producer Milk Components,AMS_3462,3462,Dairy FMMOS,DY-NA,Washington,DC,"Washington, DC",Washington,DC,FMMOS,FMMOS - non-mars,01/31/2022 07:17:00,2021,2021-JUL,"1,314",component,lmprs,
Dec,2021,,Florida,6.0,"2,444",Producer Milk Components,AMS_3462,3462,Dairy FMMOS,DY-NA,Washington,DC,"Washington, DC",Washington,DC,FMMOS,FMMOS - non-mars,01/31/2022 07:17:00,2021,2021-JUL,184,component,lmprs,
Dec,2021,,California,51.0,"23,803",Producer Milk Components,AMS_3462,3462,Dairy FMMOS,DY-NA,Washington,DC,"Washington, DC",Washington,DC,FMMOS,FMMOS - non-mars,01/31/2022 07:17:00,2021,2021-JUL,"1,840",component,lmprs,
Dec,2021,,Arizona,131.0,"4,461",Producer Milk Components,AMS_3462,3462,Dairy FMMOS,DY-NA,Washington,DC,"Washington, DC",Washington,DC,FMMOS,FMMOS - non-mars,01/31/2022 07:17:00,2021,2021-JUL,397,component,lmprs,
Dec,2021,,Appalachian,5.0,"5,289",Producer Milk Components,AMS_3462,3462,Dairy FMMOS,DY-NA,Washington,DC,"Washington, DC",Washington,DC,FMMOS,FMMOS - non-mars,01/31/2022 07:17:00,2021,2021-JUL,416,component,lmprs,
Dec,2021,,All Markets Combined,,"136,836",Producer Milk Components,AMS_3462,3462,Dairy FMMOS,DY-NA,Washington,DC,"Washington, DC",Washington,DC,FMMOS,FMMOS - non-mars,01/31/2022 07:17:00,2021,2021-JUL,"12,319",component,lmprs,
Dec,2021,,Upper Midwest,30.0,"17,940",Producer Milk Components,AMS_3462,3462,Dairy FMMOS,DY-NA,Washington,DC,"Washington, DC",Washington,DC,FMMOS,FMMOS - non-mars,01/31/2022 07:17:00,2021,2021-JUL,"1,918",component,lmprs,
Dec,2022,,Upper Midwest,30.0,"31,837",Producer Milk Components,AMS_3462,3462,Dairy FMMOS,DY-NA,Washington,DC,"Washington, DC",Washington,DC,FMMOS,FMMOS - non-mars,01/30/2023 07:36:00,2022,2022-JUL,"2,584",component,lmprs,
Dec,2022,,All Markets Combined,,"151,614",Producer Milk Components,AMS_3462,3462,Dairy FMMOS,DY-NA,Washington,DC,"Washington, DC",Washington,DC,FMMOS,FMMOS - non-mars,01/30/2023 07:36:00,2022,2022-JUL,"12,301",component,lmprs,
Dec,2022,,Appalachian,5.0,"5,420",Producer Milk Components,AMS_3462,3462,Dairy FMMOS,DY-NA,Washington,DC,"Washington, DC",Washington,DC,FMMOS,FMMOS - non-mars,01/30/2023 07:36:00,2022,2022-JUL,419,component,lmprs,
Dec,2022,,Arizona,131.0,"4,910",Producer Milk Components,AMS_3462,3462,Dairy FMMOS,DY-NA,Washington,DC,"Washington, DC",Washington,DC,FMMOS,FMMOS - non-mars,01/30/2023 07:36:00,2022,2022-JUL,395,component,lmprs,
Dec,2022,,California,51.0,"22,439",Producer Milk Components,AMS_3462,3462,Dairy FMMOS,DY-NA,Washington,DC,"Washington, DC",Washington,DC,FMMOS,FMMOS - non-mars,01/30/2023 07:36:00,2022,2022-JUL,"1,743",component,lmprs,
Dec,2022,,Florida,6.0,"2,483",Producer Milk Components,AMS_3462,3462,Dairy FMMOS,DY-NA,Washington,DC,"Washington, DC",Washington,DC,FMMOS,FMMOS - non-mars,01/30/2023 07:36:00,2022,2022-JUL,189,component,lmprs,
Dec,2022,,Central,32.0,"15,638",Producer Milk Components,AMS_3462,3462,Dairy FMMOS,DY-NA,Washington,DC,"Washington, DC",Washington,DC,FMMOS,FMMOS - non-mars,01/30/2023 07:36:00,2022,2022-JUL,"1,337",component,lmprs,
Dec,2022,,Mideast,33.0,"16,796",Producer Milk Components,AMS_3462,3462,Dairy FMMOS,DY-NA,Washington,DC,"Washington, DC",Washington,DC,FMMOS,FMMOS - non-mars,01/30/2023 07:36:00,2022,2022-JUL,"1,314",component,lmprs,
Dec,2022,,Northeast,1.0,"26,882",Producer Milk Components,AMS_3462,3462,Dairy FMMOS,DY-NA,Washington,DC,"Washington, DC",Washington,DC,FMMOS,FMMOS - non-mars,01/30/2023 07:36:00,2022,2022-JUL,"2,286",component,lmprs,
Dec,2022,,Southeast,7.0,"3,913",Producer Milk Components,AMS_3462,3462,Dairy FMMOS,DY-NA,Washington,DC,"Washington, DC",Washington,DC,FMMOS,FMMOS - non-mars,01/30/2023 07:36:00,2022,2022-JUL,306,component,lmprs,
Dec,2022,,Pacific Northwest,124.0,"7,583",Producer Milk Components,AMS_3462,3462,Dairy FMMOS,DY-NA,Washington,DC,"Washington, DC",Washington,DC,FMMOS,FMMOS - non-mars,01/30/2023 07:36:00,2022,2022-JUL,650,component,lmprs,
Dec,2022,,Southwest,126.0,"13,714",Producer Milk Components,AMS_3462,3462,Dairy FMMOS,DY-NA,Washington,DC,"Washington, DC",Washington,DC,FMMOS,FMMOS - non-mars,01/30/2023 07:36:00,2022,2022-JUL,"1,078",component,lmprs,
Dec,2023,,Southwest,126.0,"13,640",Producer Milk Components,AMS_3462,3462,Dairy FMMOS,DY-NA,Washington,DC,"Washington, DC",Washington,DC,FMMOS,FMMOS - non-mars,01/30/2024 09:42:00,2023,2023-JUL,"1,084",component,lmprs,
Dec,2023,,Pacific Northwest,124.0,"7,650",Producer Milk Components,AMS_3462,3462,Dairy FMMOS,DY-NA,Washington,DC,"Washington, DC",Washington,DC,FMMOS,FMMOS - non-mars,01/30/2024 09:42:00,2023,2023-JUL,621,component,lmprs,
Dec,2023,,Southeast,7.0,"3,538",Producer Milk Components,AMS_3462,3462,Dairy FMMOS,DY-NA,Washington,DC,"Washington, DC",Washington,DC,FMMOS,FMMOS - non-mars,01/30/2024 09:42:00,2023,2023-JUL,272,component,lmprs,
Dec,2023,,Northeast,1.0,"27,260",Producer Milk Components,AMS_3462,3462,Dairy FMMOS,DY-NA,Washington,DC,"Washington, DC",Washington,DC,FMMOS,FMMOS - non-mars,01/30/2024 09:42:00,2023,2023-JUL,"2,323",component,lmprs,
Dec,2023,,Mideast,33.0,"17,761",Producer Milk Components,AMS_3462,3462,Dairy FMMOS,DY-NA,Washington,DC,"Washington, DC",Washington,DC,FMMOS,FMMOS - non-mars,01/30/2024 09:42:00,2023,2023-JUL,"1,395",component,lmprs,
Dec,2023,,Central,32.0,"16,053",Producer Milk Components,AMS_3462,3462,Dairy FMMOS,DY-NA,Washington,DC,"Washington, DC",Washington,DC,FMMOS,FMMOS - non-mars,01/30/2024 09:42:00,2023,2023-JUL,"1,260",component,lmprs,
Dec,2023,,Florida,6.0,"2,506",Producer Milk Components,AMS_3462,3462,Dairy FMMOS,DY-NA,Washington,DC,"Washington, DC",Washington,DC,FMMOS,FMMOS - non-mars,01/30/2024 09:42:00,2023,2023-JUL,191,component,lmprs,
Dec,2023,,California,51.0,"26,418",Producer Milk Components,AMS_3462,3462,Dairy FMMOS,DY-NA,Washington,DC,"Washington, DC",Washington,DC,FMMOS,FMMOS - non-mars,01/30/2024 09:42:00,2023,2023-JUL,"2,016",component,lmprs,
Dec,2023,,Arizona,131.0,"5,149",Producer Milk Components,AMS_3462,3462,Dairy FMMOS,DY-NA,Washington,DC,"Washington, DC",Washington,DC,FMMOS,FMMOS - non-mars,01/30/2024 09:42:00,2023,2023-JUL,417,component,lmprs,
Dec,2023,,Appalachian,5.0,"5,428",Producer Milk Components,AMS_3462,3462,Dairy FMMOS,DY-NA,Washington,DC,"Washington, DC",Washington,DC,FMMOS,FMMOS - non-mars,01/30/2024 09:42:00,2023,2023-JUL,431,component,lmprs,
Dec,2023,,All Markets Combined,,"158,448",Producer Milk Components,AMS_3462,3462,Dairy FMMOS,DY-NA,Washington,DC,"Washington, DC",Washington,DC,FMMOS,FMMOS - non-mars,01/30/2024 09:42:00,2023,2023-JUL,"12,802",component,lmprs,
Dec,2023,,Upper Midwest,30.0,"33,045",Producer Milk Components,AMS_3462,3462,Dairy FMMOS,DY-NA,Washington,DC,"Washington, DC",Washington,DC,FMMOS,FMMOS - non-mars,01/30/2024 09:42:00,2023,2023-JUL,"2,791",component,lmprs,
Dec,2024,,Upper Midwest,30.0,"28,285",Producer Milk Components,AMS_3462,3462,Dairy FMMOS,DY-NA,Washington,DC,"Washington, DC",Washington,DC,FMMOS,FMMOS - non-mars,01/23/2025 09:07:00,2024,2024-JUL,"2,670",component,lmprs,
Dec,2024,,All Markets Combined,,"146,628",Producer Milk Components,AMS_3462,3462,Dairy FMMOS,DY-NA,Washington,DC,"Washington, DC",Washington,DC,FMMOS,FMMOS - non-mars,01/23/2025 09:07:00,2024,2024-JUL,"12,701",component,lmprs,
Dec,2024,,Appalachian,5.0,"5,301",Producer Milk Components,AMS_3462,3462,Dairy FMMOS,DY-NA,Washington,DC,"Washington, DC",Washington,DC,FMMOS,FMMOS - non-mars,01/23/2025 09:07:00,2024,2024-JUL,426,component,lmprs,
Dec,2024,,Arizona,131.0,"4,186",Producer Milk Components,AMS_3462,3462,Dairy FMMOS,DY-NA,Washington,DC,"Washington, DC",Washington,DC,FMMOS,FMMOS - non-mars,01/23/2025 09:07:00,2024,2024-JUL,284,component,lmprs,
Dec,2024,,California,51.0,"23,224",Producer Milk Components,AMS_3462,3462,Dairy FMMOS,DY-NA,Washington,DC,"Washington, DC",Washington,DC,FMMOS,FMMOS - non-mars,01/23/2025 09:07:00,2024,2024-JUL,"2,033",component,lmprs,
Dec,2024,,Florida,6.0,"2,524",Producer Milk Components,AMS_3462,3462,Dairy FMMOS,DY-NA,Washington,DC,"Washington, DC",Washington,DC,FMMOS,FMMOS - non-mars,01/23/2025 09:07:00,2024,2024-JUL,190,component,lmprs,
Dec,2024,,Central,32.0,"14,608",Producer Milk Components,AMS_3462,3462,Dairy FMMOS,DY-NA,Washington,DC,"Washington, DC",Washington,DC,FMMOS,FMMOS - non-mars,01/23/2025 09:07:00,2024,2024-JUL,"1,311",component,lmprs,
Dec,2024,,Mideast,33.0,"18,182",Producer Milk Components,AMS_3462,3462,Dairy FMMOS,DY-NA,Washington,DC,"Washington, DC",Washington,DC,FMMOS,FMMOS - non-mars,01/23/2025 09:07:00,2024,2024-JUL,"1,545",component,lmprs,
Dec,2024,,Northeast,1.0,"26,949",Producer Milk Components,AMS_3462,3462,Dairy FMMOS,DY-NA,Washington,DC,"Washington, DC",Washington,DC,FMMOS,FMMOS - non-mars,01/23/2025 09:07:00,2024,2024-JUL,"2,288",component,lmprs,
Dec,2024,,Southeast,7.0,"3,497",Producer Milk Components,AMS_3462,3462,Dairy FMMOS,DY-NA,Washington,DC,"Washington, DC",Washington,DC,FMMOS,FMMOS - non-mars,01/23/2025 09:07:00,2024,2024-JUL,274,component,lmprs,
Dec,2024,,Pacific Northwest,124.0,"7,231",Producer Milk Components,AMS_3462,3462,Dairy FMMOS,DY-NA,Washington,DC,"Washington, DC",Washington,DC,FMMOS,FMMOS - non-mars,01/23/2025 09:07:00,2024,2024-JUL,612,component,lmprs,
Dec,2024,,Southwest,126.0,"12,641",Producer Milk Components,AMS_3462,3462,Dairy FMMOS,DY-NA,Washington,DC,"Washington, DC",Washington,DC,FMMOS,FMMOS - non-mars,01/23/2025 09:07:00,2024,2024-JUL,"1,068",component,lmprs,
Dec,2025,,Southwest,126.0,"12,960",Producer Milk Components,AMS_3462,3462,Dairy FMMOS,DY-NA,Washington,DC,"Washington, DC",Washington,DC,FMMOS,FMMOS - non-mars,01/21/2026 11:39:00,2025,2025-JUL,"1,221",component,lmprs,
Dec,2025,,Pacific Northwest,124.0,"6,760",Producer Milk Components,AMS_3462,3462,Dairy FMMOS,DY-NA,Washington,DC,"Washington, DC",Washington,DC,FMMOS,FMMOS - non-mars,01/21/2026 11:39:00,2025,2025-JUL,573,component,lmprs,
Dec,2025,,Southeast,7.0,"3,435",Producer Milk Components,AMS_3462,3462,Dairy FMMOS,DY-NA,Washington,DC,"Washington, DC",Washington,DC,FMMOS,FMMOS - non-mars,01/21/2026 11:39:00,2025,2025-JUL,273,component,lmprs,
Dec,2025,,Northeast,1.0,"27,624",Producer Milk Components,AMS_3462,3462,Dairy FMMOS,DY-NA,Washington,DC,"Washington, DC",Washington,DC,FMMOS,FMMOS - non-mars,01/21/2026 11:39:00,2025,2025-JUL,"2,355",component,lmprs,
Dec,2025,,Mideast,33.0,"20,705",Producer Milk Components,AMS_3462,3462,Dairy FMMOS,DY-NA,Washington,DC,"Washington, DC",Washington,DC,FMMOS,FMMOS - non-mars,01/21/2026 11:39:00,2025,2025-JUL,"1,749",component,lmprs,
Dec,2025,,Central,32.0,"13,960",Producer Milk Components,AMS_3462,3462,Dairy FMMOS,DY-NA,Washington,DC,"Washington, DC",Washington,DC,FMMOS,FMMOS - non-mars,01/21/2026 11:39:00,2025,2025-JUL,"1,218",component,lmprs,
Dec,2025,,Florida,6.0,"2,511",Producer Milk Components,AMS_3462,3462,Dairy FMMOS,DY-NA,Washington,DC,"Washington, DC",Washington,DC,FMMOS,FMMOS - non-mars,01/21/2026 11:39:00,2025,2025-JUL,191,component,lmprs,
Dec,2025,,California,51.0,"26,675",Producer Milk Components,AMS_3462,3462,Dairy FMMOS,DY-NA,Washington,DC,"Washington, DC",Washington,DC,FMMOS,FMMOS - non-mars,01/21/2026 11:39:00,2025,2025-JUL,"1,894",component,lmprs,
Dec,2025,,Arizona,131.0,"4,224",Producer Milk Components,AMS_3462,3462,Dairy FMMOS,DY-NA,Washington,DC,"Washington, DC",Washington,DC,FMMOS,FMMOS - non-mars,01/21/2026 11:39:00,2025,2025-JUL,302,component,lmprs,
Dec,2025,,Appalachian,5.0,"5,088",Producer Milk Components,AMS_3462,3462,Dairy FMMOS,DY-NA,Washington,DC,"Washington, DC",Washington,DC,FMMOS,FMMOS - non-mars,01/21/2026 11:39:00,2025,2025-JUL,409,component,lmprs,
Dec,2025,,All Markets Combined,,"148,750",Producer Milk Components,AMS_3462,3462,Dairy FMMOS,DY-NA,Washington,DC,"Washington, DC",Washington,DC,FMMOS,FMMOS - non-mars,01/21/2026 11:39:00,2025,2025-JUL,"12,476",component,lmprs,
Dec,2025,,Upper Midwest,30.0,"24,808",Producer Milk Components,AMS_3462,3462,Dairy FMMOS,DY-NA,Washington,DC,"Washington, DC",Washington,DC,FMMOS,FMMOS - non-mars,01/21/2026 11:39:00,2025,2025-JUL,"2,290",component,lmprs,
Mar,2026,,Upper Midwest,30.0,"5,226",Producer Milk Components,AMS_3462,3462,Dairy FMMOS,DY-NA,Washington,DC,"Washington, DC",Washington,DC,FMMOS,FMMOS - non-mars,04/21/2026 05:48:00,2026,2026-JUL,,component,lmprs,
Mar,2026,,All Markets Combined,,"35,299",Producer Milk Components,AMS_3462,3462,Dairy FMMOS,DY-NA,Washington,DC,"Washington, DC",Washington,DC,FMMOS,FMMOS - non-mars,04/21/2026 05:48:00,2026,2026-JUL,,component,lmprs,
Mar,2026,,Appalachian,5.0,"1,271",Producer Milk Components,AMS_3462,3462,Dairy FMMOS,DY-NA,Washington,DC,"Washington, DC",Washington,DC,FMMOS,FMMOS - non-mars,04/21/2026 05:48:00,2026,2026-JUL,,component,lmprs,
Mar,2026,,Arizona,131.0,"1,072",Producer Milk Components,AMS_3462,3462,Dairy FMMOS,DY-NA,Washington,DC,"Washington, DC",Washington,DC,FMMOS,FMMOS - non-mars,04/21/2026 05:48:00,2026,2026-JUL,,component,lmprs,
Mar,2026,,California,51.0,"5,543",Producer Milk Components,AMS_3462,3462,Dairy FMMOS,DY-NA,Washington,DC,"Washington, DC",Washington,DC,FMMOS,FMMOS - non-mars,04/21/2026 05:48:00,2026,2026-JUL,,component,lmprs,
Mar,2026,,Florida,6.0,674,Producer Milk Components,AMS_3462,3462,Dairy FMMOS,DY-NA,Washington,DC,"Washington, DC",Washington,DC,FMMOS,FMMOS - non-mars,04/21/2026 05:48:00,2026,2026-JUL,,component,lmprs,
Mar,2026,,Central,32.0,"3,511",Producer Milk Components,AMS_3462,3462,Dairy FMMOS,DY-NA,Washington,DC,"Washington, DC",Washington,DC,FMMOS,FMMOS - non-mars,04/21/2026 05:48:00,2026,2026-JUL,,component,lmprs,
Mar,2026,,Mideast,33.0,"5,415",Producer Milk Components,AMS_3462,3462,Dairy FMMOS,DY-NA,Washington,DC,"Washington, DC",Washington,DC,FMMOS,FMMOS - non-mars,04/21/2026 05:48:00,2026,2026-JUL,,component,lmprs,
Mar,2026,,Northeast,1.0,"6,894",Producer Milk Components,AMS_3462,3462,Dairy FMMOS,DY-NA,Washington,DC,"Washington, DC",Washington,DC,FMMOS,FMMOS - non-mars,04/21/2026 05:48:00,2026,2026-JUL,,component,lmprs,
Mar,2026,,Southeast,7.0,823,Producer Milk Components,AMS_3462,3462,Dairy FMMOS,DY-NA,Washington,DC,"Washington, DC",Washington,DC,FMMOS,FMMOS - non-mars,04/21/2026 05:48:00,2026,2026-JUL,,component,lmprs,
Mar,2026,,Pacific Northwest,124.0,"1,132",Producer Milk Components,AMS_3462,3462,Dairy FMMOS,DY-NA,Washington,DC,"Washington, DC",Washington,DC,FMMOS,FMMOS - non-mars,04/21/2026 05:48:00,2026,2026-JUL,,component,lmprs,
Mar,2026,,Southwest,126.0,"3,738",Producer Milk Components,AMS_3462,3462,Dairy FMMOS,DY-NA,Washington,DC,"Washington, DC",Washington,DC,FMMOS,FMMOS - non-mars,04/21/2026 05:48:00,2026,2026-JUL,,component,lmprs,
Dec,2000,,All Markets Combined,,"116,923",Producer Milk Components,AMS_3462,3462,Dairy FMMOS,DY-NA,Washington,DC,"Washington, DC",Washington,DC,FMMOS,FMMOS - non-mars,04/09/2021 07:48:00,2000,2000-AUG,"9,546",component,lmprs,
Dec,2000,,Appalachian,5.0,"6,318",Producer Milk Components,AMS_3462,3462,Dairy FMMOS,DY-NA,Washington,DC,"Washington, DC",Washington,DC,FMMOS,FMMOS - non-mars,04/09/2021 07:48:00,2000,2000-AUG,500,component,lmprs,
Dec,2000,,Arizona,131.0,"3,110",Producer Milk Components,AMS_3462,3462,Dairy FMMOS,DY-NA,Washington,DC,"Washington, DC",Washington,DC,FMMOS,FMMOS - non-mars,04/09/2021 07:48:00,2000,2000-AUG,239,component,lmprs,
Dec,2000,,Central,32.0,"16,036",Producer Milk Components,AMS_3462,3462,Dairy FMMOS,DY-NA,Washington,DC,"Washington, DC",Washington,DC,FMMOS,FMMOS - non-mars,04/09/2021 07:48:00,2000,2000-AUG,"1,419",component,lmprs,
Dec,2000,,Florida,6.0,"2,867",Producer Milk Components,AMS_3462,3462,Dairy FMMOS,DY-NA,Washington,DC,"Washington, DC",Washington,DC,FMMOS,FMMOS - non-mars,04/09/2021 07:48:00,2000,2000-AUG,220,component,lmprs,
Dec,2000,,Mideast,33.0,"14,181",Producer Milk Components,AMS_3462,3462,Dairy FMMOS,DY-NA,Washington,DC,"Washington, DC",Washington,DC,FMMOS,FMMOS - non-mars,04/09/2021 07:48:00,2000,2000-AUG,"1,185",component,lmprs,
Dec,2000,,Northeast,1.0,"23,972",Producer Milk Components,AMS_3462,3462,Dairy FMMOS,DY-NA,Washington,DC,"Washington, DC",Washington,DC,FMMOS,FMMOS - non-mars,04/09/2021 07:48:00,2000,2000-AUG,"1,918",component,lmprs,
Dec,2000,,Pacific Northwest,124.0,"6,776",Producer Milk Components,AMS_3462,3462,Dairy FMMOS,DY-NA,Washington,DC,"Washington, DC",Washington,DC,FMMOS,FMMOS - non-mars,04/09/2021 07:48:00,2000,2000-AUG,615,component,lmprs,
Dec,2000,,Southeast,7.0,"7,487",Producer Milk Components,AMS_3462,3462,Dairy FMMOS,DY-NA,Washington,DC,"Washington, DC",Washington,DC,FMMOS,FMMOS - non-mars,04/09/2021 07:48:00,2000,2000-AUG,567,component,lmprs,
Dec,2000,,Southwest,126.0,"8,713",Producer Milk Components,AMS_3462,3462,Dairy FMMOS,DY-NA,Washington,DC,"Washington, DC",Washington,DC,FMMOS,FMMOS - non-mars,04/09/2021 07:48:00,2000,2000-AUG,723,component,lmprs,
Dec,2000,,Upper Midwest,30.0,"23,415",Producer Milk Components,AMS_3462,3462,Dairy FMMOS,DY-NA,Washington,DC,"Washington, DC",Washington,DC,FMMOS,FMMOS - non-mars,04/09/2021 07:48:00,2000,2000-AUG,"1,852",component,lmprs,
Dec,2000,,Western,135.0,"4,048",Producer Milk Components,AMS_3462,3462,Dairy FMMOS,DY-NA,Washington,DC,"Washington, DC",Washington,DC,FMMOS,FMMOS - non-mars,04/09/2021 07:48:00,2000,2000-AUG,308,component,lmprs,
Dec,2001,,Western,135.0,"4,677",Producer Milk Components,AMS_3462,3462,Dairy FMMOS,DY-NA,Washington,DC,"Washington, DC",Washington,DC,FMMOS,FMMOS - non-mars,04/09/2021 07:46:00,2001,2001-AUG,457,component,lmprs,
Dec,2001,,Upper Midwest,30.0,"20,062",Producer Milk Components,AMS_3462,3462,Dairy FMMOS,DY-NA,Washington,DC,"Washington, DC",Washington,DC,FMMOS,FMMOS - non-mars,04/09/2021 07:46:00,2001,2001-AUG,"1,558",component,lmprs,
Dec,2001,,Southwest,126.0,"8,604",Producer Milk Components,AMS_3462,3462,Dairy FMMOS,DY-NA,Washington,DC,"Washington, DC",Washington,DC,FMMOS,FMMOS - non-mars,04/09/2021 07:46:00,2001,2001-AUG,695,component,lmprs,
Dec,2001,,Southeast,7.0,"7,769",Producer Milk Components,AMS_3462,3462,Dairy FMMOS,DY-NA,Washington,DC,"Washington, DC",Washington,DC,FMMOS,FMMOS - non-mars,04/09/2021 07:46:00,2001,2001-AUG,596,component,lmprs,
Dec,2001,,Pacific Northwest,124.0,"7,088",Producer Milk Components,AMS_3462,3462,Dairy FMMOS,DY-NA,Washington,DC,"Washington, DC",Washington,DC,FMMOS,FMMOS - non-mars,04/09/2021 07:46:00,2001,2001-AUG,628,component,lmprs,
Dec,2001,,Northeast,1.0,"24,557",Producer Milk Components,AMS_3462,3462,Dairy FMMOS,DY-NA,Washington,DC,"Washington, DC",Washington,DC,FMMOS,FMMOS - non-mars,04/09/2021 07:46:00,2001,2001-AUG,"2,037",component,lmprs,
Dec,2001,,Mideast,33.0,"17,229",Producer Milk Components,AMS_3462,3462,Dairy FMMOS,DY-NA,Washington,DC,"Washington, DC",Washington,DC,FMMOS,FMMOS - non-mars,04/09/2021 07:46:00,2001,2001-AUG,"1,540",component,lmprs,
Dec,2001,,Florida,6.0,"2,772",Producer Milk Components,AMS_3462,3462,Dairy FMMOS,DY-NA,Washington,DC,"Washington, DC",Washington,DC,FMMOS,FMMOS - non-mars,04/09/2021 07:46:00,2001,2001-AUG,219,component,lmprs,
Dec,2001,,Central,32.0,"17,836",Producer Milk Components,AMS_3462,3462,Dairy FMMOS,DY-NA,Washington,DC,"Washington, DC",Washington,DC,FMMOS,FMMOS - non-mars,04/09/2021 07:46:00,2001,2001-AUG,"1,529",component,lmprs,
Dec,2001,,Arizona,131.0,"2,956",Producer Milk Components,AMS_3462,3462,Dairy FMMOS,DY-NA,Washington,DC,"Washington, DC",Washington,DC,FMMOS,FMMOS - non-mars,04/09/2021 07:46:00,2001,2001-AUG,221,component,lmprs,
Dec,2001,,Appalachian,5.0,"6,673",Producer Milk Components,AMS_3462,3462,Dairy FMMOS,DY-NA,Washington,DC,"Washington, DC",Washington,DC,FMMOS,FMMOS - non-mars,04/09/2021 07:46:00,2001,2001-AUG,517,component,lmprs,
Dec,2001,,All Markets Combined,,"120,223",Producer Milk Components,AMS_3462,3462,Dairy FMMOS,DY-NA,Washington,DC,"Washington, DC",Washington,DC,FMMOS,FMMOS - non-mars,04/09/2021 07:46:00,2001,2001-AUG,"9,996",component,lmprs,
Dec,2002,,All Markets Combined,,"125,546",Producer Milk Components,AMS_3462,3462,Dairy FMMOS,DY-NA,Washington,DC,"Washington, DC",Washington,DC,FMMOS,FMMOS - non-mars,04/09/2021 07:46:00,2002,2002-AUG,"10,205",component,lmprs,
Dec,2002,,Appalachian,5.0,"6,706",Producer Milk Components,AMS_3462,3462,Dairy FMMOS,DY-NA,Washington,DC,"Washington, DC",Washington,DC,FMMOS,FMMOS - non-mars,04/09/2021 07:46:00,2002,2002-AUG,530,component,lmprs,
Dec,2002,,Arizona,131.0,"3,027",Producer Milk Components,AMS_3462,3462,Dairy FMMOS,DY-NA,Washington,DC,"Washington, DC",Washington,DC,FMMOS,FMMOS - non-mars,04/09/2021 07:46:00,2002,2002-AUG,225,component,lmprs,
Dec,2002,,Central,32.0,"18,700",Producer Milk Components,AMS_3462,3462,Dairy FMMOS,DY-NA,Washington,DC,"Washington, DC",Washington,DC,FMMOS,FMMOS - non-mars,04/09/2021 07:46:00,2002,2002-AUG,"1,561",component,lmprs,
Dec,2002,,Florida,6.0,"2,693",Producer Milk Components,AMS_3462,3462,Dairy FMMOS,DY-NA,Washington,DC,"Washington, DC",Washington,DC,FMMOS,FMMOS - non-mars,04/09/2021 07:46:00,2002,2002-AUG,217,component,lmprs,
Dec,2002,,Mideast,33.0,"17,739",Producer Milk Components,AMS_3462,3462,Dairy FMMOS,DY-NA,Washington,DC,"Washington, DC",Washington,DC,FMMOS,FMMOS - non-mars,04/09/2021 07:46:00,2002,2002-AUG,"1,360",component,lmprs,
Dec,2002,,Northeast,1.0,"25,358",Producer Milk Components,AMS_3462,3462,Dairy FMMOS,DY-NA,Washington,DC,"Washington, DC",Washington,DC,FMMOS,FMMOS - non-mars,04/09/2021 07:46:00,2002,2002-AUG,"2,048",component,lmprs,
Dec,2002,,Pacific Northwest,124.0,"7,824",Producer Milk Components,AMS_3462,3462,Dairy FMMOS,DY-NA,Washington,DC,"Washington, DC",Washington,DC,FMMOS,FMMOS - non-mars,04/09/2021 07:46:00,2002,2002-AUG,680,component,lmprs,
Dec,2002,,Southeast,7.0,"7,927",Producer Milk Components,AMS_3462,3462,Dairy FMMOS,DY-NA,Washington,DC,"Washington, DC",Washington,DC,FMMOS,FMMOS - non-mars,04/09/2021 07:46:00,2002,2002-AUG,620,component,lmprs,
Dec,2002,,Southwest,126.0,"9,714",Producer Milk Components,AMS_3462,3462,Dairy FMMOS,DY-NA,Washington,DC,"Washington, DC",Washington,DC,FMMOS,FMMOS - non-mars,04/09/2021 07:46:00,2002,2002-AUG,779,component,lmprs,
Dec,2002,,Upper Midwest,30.0,"20,307",Producer Milk Components,AMS_3462,3462,Dairy FMMOS,DY-NA,Washington,DC,"Washington, DC",Washington,DC,FMMOS,FMMOS - non-mars,04/09/2021 07:46:00,2002,2002-AUG,"1,730",component,lmprs,
Dec,2002,,Western,135.0,"5,552",Producer Milk Components,AMS_3462,3462,Dairy FMMOS,DY-NA,Washington,DC,"Washington, DC",Washington,DC,FMMOS,FMMOS - non-mars,04/09/2021 07:46:00,2002,2002-AUG,455,component,lmprs,
Dec,2003,,Western,135.0,"4,573",Producer Milk Components,AMS_3462,3462,Dairy FMMOS,DY-NA,Washington,DC,"Washington, DC",Washington,DC,FMMOS,FMMOS - non-mars,04/09/2021 07:46:00,2003,2003-AUG,184,component,lmprs,
Dec,2003,,Upper Midwest,30.0,"17,018",Producer Milk Components,AMS_3462,3462,Dairy FMMOS,DY-NA,Washington,DC,"Washington, DC",Washington,DC,FMMOS,FMMOS - non-mars,04/09/2021 07:46:00,2003,2003-AUG,644,component,lmprs,
Dec,2003,,Southwest,126.0,"9,174",Producer Milk Components,AMS_3462,3462,Dairy FMMOS,DY-NA,Washington,DC,"Washington, DC",Washington,DC,FMMOS,FMMOS - non-mars,04/09/2021 07:46:00,2003,2003-AUG,559,component,lmprs,
Dec,2003,,Southeast,7.0,"7,071",Producer Milk Components,AMS_3462,3462,Dairy FMMOS,DY-NA,Washington,DC,"Washington, DC",Washington,DC,FMMOS,FMMOS - non-mars,04/09/2021 07:46:00,2003,2003-AUG,482,component,lmprs,
Dec,2003,,Northeast,1.0,"24,038",Producer Milk Components,AMS_3462,3462,Dairy FMMOS,DY-NA,Washington,DC,"Washington, DC",Washington,DC,FMMOS,FMMOS - non-mars,04/09/2021 07:46:00,2003,2003-AUG,"1,943",component,lmprs,
Dec,2003,,Pacific Northwest,124.0,"6,336",Producer Milk Components,AMS_3462,3462,Dairy FMMOS,DY-NA,Washington,DC,"Washington, DC",Washington,DC,FMMOS,FMMOS - non-mars,04/09/2021 07:46:00,2003,2003-AUG,415,component,lmprs,
Dec,2003,,Mideast,33.0,"15,750",Producer Milk Components,AMS_3462,3462,Dairy FMMOS,DY-NA,Washington,DC,"Washington, DC",Washington,DC,FMMOS,FMMOS - non-mars,04/09/2021 07:46:00,2003,2003-AUG,"1,008",component,lmprs,
Dec,2003,,Florida,6.0,"2,833",Producer Milk Components,AMS_3462,3462,Dairy FMMOS,DY-NA,Washington,DC,"Washington, DC",Washington,DC,FMMOS,FMMOS - non-mars,04/09/2021 07:46:00,2003,2003-AUG,212,component,lmprs,
Dec,2003,,Arizona,131.0,"3,061",Producer Milk Components,AMS_3462,3462,Dairy FMMOS,DY-NA,Washington,DC,"Washington, DC",Washington,DC,FMMOS,FMMOS - non-mars,04/09/2021 07:46:00,2003,2003-AUG,223,component,lmprs,
Dec,2003,,Central,32.0,"14,411",Producer Milk Components,AMS_3462,3462,Dairy FMMOS,DY-NA,Washington,DC,"Washington, DC",Washington,DC,FMMOS,FMMOS - non-mars,04/09/2021 07:46:00,2003,2003-AUG,653,component,lmprs,
Dec,2003,,Appalachian,5.0,"6,315",Producer Milk Components,AMS_3462,3462,Dairy FMMOS,DY-NA,Washington,DC,"Washington, DC",Washington,DC,FMMOS,FMMOS - non-mars,04/09/2021 07:46:00,2003,2003-AUG,481,component,lmprs,
Dec,2003,,All Markets Combined,,"110,581",Producer Milk Components,AMS_3462,3462,Dairy FMMOS,DY-NA,Washington,DC,"Washington, DC",Washington,DC,FMMOS,FMMOS - non-mars,04/09/2021 07:46:00,2003,2003-AUG,"6,806",component,lmprs,
Dec,2004,,All Markets Combined,,"103,047",Producer Milk Components,AMS_3462,3462,Dairy FMMOS,DY-NA,Washington,DC,"Washington, DC",Washington,DC,FMMOS,FMMOS - non-mars,04/09/2021 07:44:00,2004,2004-AUG,"9,640",component,lmprs,
Dec,2004,,Appalachian,5.0,"6,203",Producer Milk Components,AMS_3462,3462,Dairy FMMOS,DY-NA,Washington,DC,"Washington, DC",Washington,DC,FMMOS,FMMOS - non-mars,04/09/2021 07:44:00,2004,2004-AUG,537,component,lmprs,
Dec,2004,,Central,32.0,"11,589",Producer Milk Components,AMS_3462,3462,Dairy FMMOS,DY-NA,Washington,DC,"Washington, DC",Washington,DC,FMMOS,FMMOS - non-mars,04/09/2021 07:44:00,2004,2004-AUG,"1,231",component,lmprs,
Dec,2004,,Arizona,131.0,"2,901",Producer Milk Components,AMS_3462,3462,Dairy FMMOS,DY-NA,Washington,DC,"Washington, DC",Washington,DC,FMMOS,FMMOS - non-mars,04/09/2021 07:44:00,2004,2004-AUG,222,component,lmprs,
Dec,2004,,Florida,6.0,"2,873",Producer Milk Components,AMS_3462,3462,Dairy FMMOS,DY-NA,Washington,DC,"Washington, DC",Washington,DC,FMMOS,FMMOS - non-mars,04/09/2021 07:44:00,2004,2004-AUG,220,component,lmprs,
Dec,2004,,Mideast,33.0,"15,940",Producer Milk Components,AMS_3462,3462,Dairy FMMOS,DY-NA,Washington,DC,"Washington, DC",Washington,DC,FMMOS,FMMOS - non-mars,04/09/2021 07:44:00,2004,2004-AUG,"1,546",component,lmprs,
Dec,2004,,Pacific Northwest,124.0,"6,518",Producer Milk Components,AMS_3462,3462,Dairy FMMOS,DY-NA,Washington,DC,"Washington, DC",Washington,DC,FMMOS,FMMOS - non-mars,04/09/2021 07:44:00,2004,2004-AUG,620,component,lmprs,
Dec,2004,,Northeast,1.0,"22,670",Producer Milk Components,AMS_3462,3462,Dairy FMMOS,DY-NA,Washington,DC,"Washington, DC",Washington,DC,FMMOS,FMMOS - non-mars,04/09/2021 07:44:00,2004,2004-AUG,"1,891",component,lmprs,
Dec,2004,,Southeast,7.0,"7,164",Producer Milk Components,AMS_3462,3462,Dairy FMMOS,DY-NA,Washington,DC,"Washington, DC",Washington,DC,FMMOS,FMMOS - non-mars,04/09/2021 07:44:00,2004,2004-AUG,594,component,lmprs,
Dec,2004,,Southwest,126.0,"8,790",Producer Milk Components,AMS_3462,3462,Dairy FMMOS,DY-NA,Washington,DC,"Washington, DC",Washington,DC,FMMOS,FMMOS - non-mars,04/09/2021 07:44:00,2004,2004-AUG,778,component,lmprs,
Dec,2004,,Upper Midwest,30.0,"17,302",Producer Milk Components,AMS_3462,3462,Dairy FMMOS,DY-NA,Washington,DC,"Washington, DC",Washington,DC,FMMOS,FMMOS - non-mars,04/09/2021 07:44:00,2004,2004-AUG,"2,002",component,lmprs,
Dec,2004,,Western,135.0,"1,096",Producer Milk Components,AMS_3462,3462,Dairy FMMOS,DY-NA,Washington,DC,"Washington, DC",Washington,DC,FMMOS,FMMOS - non-mars,04/09/2021 07:44:00,2004,2004-AUG,,component,lmprs,
Dec,2005,,Upper Midwest,30.0,"22,450",Producer Milk Components,AMS_3462,3462,Dairy FMMOS,DY-NA,Washington,DC,"Washington, DC",Washington,DC,FMMOS,FMMOS - non-mars,03/30/2021 14:16:00,2005,2005-AUG,"2,173",component,lmprs,
Dec,2005,,Southwest,126.0,"9,579",Producer Milk Components,AMS_3462,3462,Dairy FMMOS,DY-NA,Washington,DC,"Washington, DC",Washington,DC,FMMOS,FMMOS - non-mars,03/30/2021 14:16:00,2005,2005-AUG,821,component,lmprs,
Dec,2005,,Southeast,7.0,"7,544",Producer Milk Components,AMS_3462,3462,Dairy FMMOS,DY-NA,Washington,DC,"Washington, DC",Washington,DC,FMMOS,FMMOS - non-mars,03/30/2021 14:16:00,2005,2005-AUG,609,component,lmprs,
Dec,2005,,Northeast,1.0,"23,565",Producer Milk Components,AMS_3462,3462,Dairy FMMOS,DY-NA,Washington,DC,"Washington, DC",Washington,DC,FMMOS,FMMOS - non-mars,03/30/2021 14:16:00,2005,2005-AUG,"2,038",component,lmprs,
Dec,2005,,Pacific Northwest,124.0,"7,046",Producer Milk Components,AMS_3462,3462,Dairy FMMOS,DY-NA,Washington,DC,"Washington, DC",Washington,DC,FMMOS,FMMOS - non-mars,03/30/2021 14:16:00,2005,2005-AUG,658,component,lmprs,
Dec,2005,,Mideast,33.0,"18,060",Producer Milk Components,AMS_3462,3462,Dairy FMMOS,DY-NA,Washington,DC,"Washington, DC",Washington,DC,FMMOS,FMMOS - non-mars,03/30/2021 14:16:00,2005,2005-AUG,"1,417",component,lmprs,
Dec,2005,,Florida,6.0,"3,125",Producer Milk Components,AMS_3462,3462,Dairy FMMOS,DY-NA,Washington,DC,"Washington, DC",Washington,DC,FMMOS,FMMOS - non-mars,03/30/2021 14:16:00,2005,2005-AUG,249,component,lmprs,
Dec,2005,,Central,32.0,"13,966",Producer Milk Components,AMS_3462,3462,Dairy FMMOS,DY-NA,Washington,DC,"Washington, DC",Washington,DC,FMMOS,FMMOS - non-mars,03/30/2021 14:16:00,2005,2005-AUG,"1,318",component,lmprs,
Dec,2005,,Appalachian,5.0,"6,400",Producer Milk Components,AMS_3462,3462,Dairy FMMOS,DY-NA,Washington,DC,"Washington, DC",Washington,DC,FMMOS,FMMOS - non-mars,03/30/2021 14:16:00,2005,2005-AUG,491,component,lmprs,
Dec,2005,,Arizona,131.0,"2,948",Producer Milk Components,AMS_3462,3462,Dairy FMMOS,DY-NA,Washington,DC,"Washington, DC",Washington,DC,FMMOS,FMMOS - non-mars,03/30/2021 14:16:00,2005,2005-AUG,221,component,lmprs,
Dec,2005,,All Markets Combined,,"114,682",Producer Milk Components,AMS_3462,3462,Dairy FMMOS,DY-NA,Washington,DC,"Washington, DC",Washington,DC,FMMOS,FMMOS - non-mars,03/30/2021 14:16:00,2005,2005-AUG,"9,995",component,lmprs,
Dec,2006,,All Markets Combined,,"120,618",Producer Milk Components,AMS_3462,3462,Dairy FMMOS,DY-NA,Washington,DC,"Washington, DC",Washington,DC,FMMOS,FMMOS - non-mars,03/30/2021 14:16:00,2006,2006-AUG,"10,056",component,lmprs,
Dec,2006,,Arizona,131.0,"3,383",Producer Milk Components,AMS_3462,3462,Dairy FMMOS,DY-NA,Washington,DC,"Washington, DC",Washington,DC,FMMOS,FMMOS - non-mars,03/30/2021 14:16:00,2006,2006-AUG,260,component,lmprs,
Dec,2006,,Appalachian,5.0,"6,243",Producer Milk Components,AMS_3462,3462,Dairy FMMOS,DY-NA,Washington,DC,"Washington, DC",Washington,DC,FMMOS,FMMOS - non-mars,03/30/2021 14:16:00,2006,2006-AUG,480,component,lmprs,
Dec,2006,,Central,32.0,"13,917",Producer Milk Components,AMS_3462,3462,Dairy FMMOS,DY-NA,Washington,DC,"Washington, DC",Washington,DC,FMMOS,FMMOS - non-mars,03/30/2021 14:16:00,2006,2006-AUG,"1,184",component,lmprs,
Dec,2006,,Florida,6.0,"3,126",Producer Milk Components,AMS_3462,3462,Dairy FMMOS,DY-NA,Washington,DC,"Washington, DC",Washington,DC,FMMOS,FMMOS - non-mars,03/30/2021 14:16:00,2006,2006-AUG,243,component,lmprs,
Dec,2006,,Mideast,33.0,"17,189",Producer Milk Components,AMS_3462,3462,Dairy FMMOS,DY-NA,Washington,DC,"Washington, DC",Washington,DC,FMMOS,FMMOS - non-mars,03/30/2021 14:16:00,2006,2006-AUG,"1,360",component,lmprs,
Dec,2006,,Pacific Northwest,124.0,"7,570",Producer Milk Components,AMS_3462,3462,Dairy FMMOS,DY-NA,Washington,DC,"Washington, DC",Washington,DC,FMMOS,FMMOS - non-mars,03/30/2021 14:16:00,2006,2006-AUG,726,component,lmprs,
Dec,2006,,Northeast,1.0,"22,680",Producer Milk Components,AMS_3462,3462,Dairy FMMOS,DY-NA,Washington,DC,"Washington, DC",Washington,DC,FMMOS,FMMOS - non-mars,03/30/2021 14:16:00,2006,2006-AUG,"1,810",component,lmprs,
Dec,2006,,Southeast,7.0,"8,055",Producer Milk Components,AMS_3462,3462,Dairy FMMOS,DY-NA,Washington,DC,"Washington, DC",Washington,DC,FMMOS,FMMOS - non-mars,03/30/2021 14:16:00,2006,2006-AUG,634,component,lmprs,
Dec,2006,,Southwest,126.0,"11,600",Producer Milk Components,AMS_3462,3462,Dairy FMMOS,DY-NA,Washington,DC,"Washington, DC",Washington,DC,FMMOS,FMMOS - non-mars,03/30/2021 14:16:00,2006,2006-AUG,939,component,lmprs,
Dec,2006,,Upper Midwest,30.0,"26,855",Producer Milk Components,AMS_3462,3462,Dairy FMMOS,DY-NA,Washington,DC,"Washington, DC",Washington,DC,FMMOS,FMMOS - non-mars,03/30/2021 14:16:00,2006,2006-AUG,"2,419",component,lmprs,
Dec,2007,,Upper Midwest,30.0,"26,490",Producer Milk Components,AMS_3462,3462,Dairy FMMOS,DY-NA,Washington,DC,"Washington, DC",Washington,DC,FMMOS,FMMOS - non-mars,03/30/2021 14:16:00,2007,2007-AUG,"2,352",component,lmprs,
Dec,2007,,Southwest,126.0,"9,990",Producer Milk Components,AMS_3462,3462,Dairy FMMOS,DY-NA,Washington,DC,"Washington, DC",Washington,DC,FMMOS,FMMOS - non-mars,03/30/2021 14:16:00,2007,2007-AUG,783,component,lmprs,
Dec,2007,,Southeast,7.0,"7,521",Producer Milk Components,AMS_3462,3462,Dairy FMMOS,DY-NA,Washington,DC,"Washington, DC",Washington,DC,FMMOS,FMMOS - non-mars,03/30/2021 14:16:00,2007,2007-AUG,581,component,lmprs,
Dec,2007,,Northeast,1.0,"23,040",Producer Milk Components,AMS_3462,3462,Dairy FMMOS,DY-NA,Washington,DC,"Washington, DC",Washington,DC,FMMOS,FMMOS - non-mars,03/30/2021 14:16:00,2007,2007-AUG,"1,999",component,lmprs,
Dec,2007,,Pacific Northwest,124.0,"7,036",Producer Milk Components,AMS_3462,3462,Dairy FMMOS,DY-NA,Washington,DC,"Washington, DC",Washington,DC,FMMOS,FMMOS - non-mars,03/30/2021 14:16:00,2007,2007-AUG,597,component,lmprs,
Dec,2007,,Mideast,33.0,"16,268",Producer Milk Components,AMS_3462,3462,Dairy FMMOS,DY-NA,Washington,DC,"Washington, DC",Washington,DC,FMMOS,FMMOS - non-mars,03/30/2021 14:16:00,2007,2007-AUG,"1,247",component,lmprs,
Dec,2007,,Florida,6.0,"3,207",Producer Milk Components,AMS_3462,3462,Dairy FMMOS,DY-NA,Washington,DC,"Washington, DC",Washington,DC,FMMOS,FMMOS - non-mars,03/30/2021 14:16:00,2007,2007-AUG,246,component,lmprs,
Dec,2007,,Central,32.0,"11,193",Producer Milk Components,AMS_3462,3462,Dairy FMMOS,DY-NA,Washington,DC,"Washington, DC",Washington,DC,FMMOS,FMMOS - non-mars,03/30/2021 14:16:00,2007,2007-AUG,944,component,lmprs,
Dec,2007,,Appalachian,5.0,"5,865",Producer Milk Components,AMS_3462,3462,Dairy FMMOS,DY-NA,Washington,DC,"Washington, DC",Washington,DC,FMMOS,FMMOS - non-mars,03/30/2021 14:16:00,2007,2007-AUG,477,component,lmprs,
Dec,2007,,Arizona,131.0,"3,799",Producer Milk Components,AMS_3462,3462,Dairy FMMOS,DY-NA,Washington,DC,"Washington, DC",Washington,DC,FMMOS,FMMOS - non-mars,03/30/2021 14:16:00,2007,2007-AUG,290,component,lmprs,
Dec,2007,,All Markets Combined,,"114,407",Producer Milk Components,AMS_3462,3462,Dairy FMMOS,DY-NA,Washington,DC,"Washington, DC",Washington,DC,FMMOS,FMMOS - non-mars,03/30/2021 14:16:00,2007,2007-AUG,"9,516",component,lmprs,
Dec,2008,,All Markets Combined,,"115,867",Producer Milk Components,AMS_3462,3462,Dairy FMMOS,DY-NA,Washington,DC,"Washington, DC",Washington,DC,FMMOS,FMMOS - non-mars,03/30/2021 14:15:00,2008,2008-AUG,"10,169",component,lmprs,
Dec,2008,,Arizona,131.0,"4,156",Producer Milk Components,AMS_3462,3462,Dairy FMMOS,DY-NA,Washington,DC,"Washington, DC",Washington,DC,FMMOS,FMMOS - non-mars,03/30/2021 14:15:00,2008,2008-AUG,319,component,lmprs,
Dec,2008,,Appalachian,5.0,"5,882",Producer Milk Components,AMS_3462,3462,Dairy FMMOS,DY-NA,Washington,DC,"Washington, DC",Washington,DC,FMMOS,FMMOS - non-mars,03/30/2021 14:15:00,2008,2008-AUG,489,component,lmprs,
Dec,2008,,Central,32.0,"11,564",Producer Milk Components,AMS_3462,3462,Dairy FMMOS,DY-NA,Washington,DC,"Washington, DC",Washington,DC,FMMOS,FMMOS - non-mars,03/30/2021 14:15:00,2008,2008-AUG,"1,035",component,lmprs,
Dec,2008,,Florida,6.0,"3,130",Producer Milk Components,AMS_3462,3462,Dairy FMMOS,DY-NA,Washington,DC,"Washington, DC",Washington,DC,FMMOS,FMMOS - non-mars,03/30/2021 14:15:00,2008,2008-AUG,249,component,lmprs,
Dec,2008,,Mideast,33.0,"15,707",Producer Milk Components,AMS_3462,3462,Dairy FMMOS,DY-NA,Washington,DC,"Washington, DC",Washington,DC,FMMOS,FMMOS - non-mars,03/30/2021 14:15:00,2008,2008-AUG,"1,329",component,lmprs,
Dec,2008,,Pacific Northwest,124.0,"6,882",Producer Milk Components,AMS_3462,3462,Dairy FMMOS,DY-NA,Washington,DC,"Washington, DC",Washington,DC,FMMOS,FMMOS - non-mars,03/30/2021 14:15:00,2008,2008-AUG,659,component,lmprs,
Dec,2008,,Northeast,1.0,"23,895",Producer Milk Components,AMS_3462,3462,Dairy FMMOS,DY-NA,Washington,DC,"Washington, DC",Washington,DC,FMMOS,FMMOS - non-mars,03/30/2021 14:15:00,2008,2008-AUG,"1,982",component,lmprs,
Dec,2008,,Southeast,7.0,"6,923",Producer Milk Components,AMS_3462,3462,Dairy FMMOS,DY-NA,Washington,DC,"Washington, DC",Washington,DC,FMMOS,FMMOS - non-mars,03/30/2021 14:15:00,2008,2008-AUG,553,component,lmprs,
Dec,2008,,Southwest,126.0,"9,687",Producer Milk Components,AMS_3462,3462,Dairy FMMOS,DY-NA,Washington,DC,"Washington, DC",Washington,DC,FMMOS,FMMOS - non-mars,03/30/2021 14:15:00,2008,2008-AUG,927,component,lmprs,
Dec,2008,,Upper Midwest,30.0,"28,041",Producer Milk Components,AMS_3462,3462,Dairy FMMOS,DY-NA,Washington,DC,"Washington, DC",Washington,DC,FMMOS,FMMOS - non-mars,03/30/2021 14:15:00,2008,2008-AUG,"2,627",component,lmprs,
Dec,2009,,Upper Midwest,30.0,"32,184",Producer Milk Components,AMS_3462,3462,Dairy FMMOS,DY-NA,Washington,DC,"Washington, DC",Washington,DC,FMMOS,FMMOS - non-mars,03/30/2021 14:15:00,2009,2009-AUG,"2,649",component,lmprs,
Dec,2009,,Southwest,126.0,"10,809",Producer Milk Components,AMS_3462,3462,Dairy FMMOS,DY-NA,Washington,DC,"Washington, DC",Washington,DC,FMMOS,FMMOS - non-mars,03/30/2021 14:15:00,2009,2009-AUG,867,component,lmprs,
Dec,2009,,Southeast,7.0,"7,169",Producer Milk Components,AMS_3462,3462,Dairy FMMOS,DY-NA,Washington,DC,"Washington, DC",Washington,DC,FMMOS,FMMOS - non-mars,03/30/2021 14:15:00,2009,2009-AUG,569,component,lmprs,
Dec,2009,,Northeast,1.0,"23,497",Producer Milk Components,AMS_3462,3462,Dairy FMMOS,DY-NA,Washington,DC,"Washington, DC",Washington,DC,FMMOS,FMMOS - non-mars,03/30/2021 14:15:00,2009,2009-AUG,"1,937",component,lmprs,
Dec,2009,,Pacific Northwest,124.0,"7,470",Producer Milk Components,AMS_3462,3462,Dairy FMMOS,DY-NA,Washington,DC,"Washington, DC",Washington,DC,FMMOS,FMMOS - non-mars,03/30/2021 14:15:00,2009,2009-AUG,627,component,lmprs,
Dec,2009,,Mideast,33.0,"16,596",Producer Milk Components,AMS_3462,3462,Dairy FMMOS,DY-NA,Washington,DC,"Washington, DC",Washington,DC,FMMOS,FMMOS - non-mars,03/30/2021 14:15:00,2009,2009-AUG,"1,378",component,lmprs,
Dec,2009,,Florida,6.0,"3,027",Producer Milk Components,AMS_3462,3462,Dairy FMMOS,DY-NA,Washington,DC,"Washington, DC",Washington,DC,FMMOS,FMMOS - non-mars,03/30/2021 14:15:00,2009,2009-AUG,243,component,lmprs,
Dec,2009,,Central,32.0,"12,685",Producer Milk Components,AMS_3462,3462,Dairy FMMOS,DY-NA,Washington,DC,"Washington, DC",Washington,DC,FMMOS,FMMOS - non-mars,03/30/2021 14:15:00,2009,2009-AUG,"1,007",component,lmprs,
Dec,2009,,Appalachian,5.0,"5,950",Producer Milk Components,AMS_3462,3462,Dairy FMMOS,DY-NA,Washington,DC,"Washington, DC",Washington,DC,FMMOS,FMMOS - non-mars,03/30/2021 14:15:00,2009,2009-AUG,485,component,lmprs,
Dec,2009,,Arizona,131.0,"4,042",Producer Milk Components,AMS_3462,3462,Dairy FMMOS,DY-NA,Washington,DC,"Washington, DC",Washington,DC,FMMOS,FMMOS - non-mars,03/30/2021 14:15:00,2009,2009-AUG,305,component,lmprs,
Dec,2009,,All Markets Combined,,"123,430",Producer Milk Components,AMS_3462,3462,Dairy FMMOS,DY-NA,Washington,DC,"Washington, DC",Washington,DC,FMMOS,FMMOS - non-mars,03/30/2021 14:15:00,2009,2009-AUG,"10,066",component,lmprs,
Dec,2010,,All Markets Combined,,"126,909",Producer Milk Components,AMS_3462,3462,Dairy FMMOS,DY-NA,Washington,DC,"Washington, DC",Washington,DC,FMMOS,FMMOS - non-mars,03/30/2021 14:14:00,2010,2010-AUG,"10,436",component,lmprs,
Dec,2010,,Arizona,131.0,"4,232",Producer Milk Components,AMS_3462,3462,Dairy FMMOS,DY-NA,Washington,DC,"Washington, DC",Washington,DC,FMMOS,FMMOS - non-mars,03/30/2021 14:14:00,2010,2010-AUG,321,component,lmprs,
Dec,2010,,Appalachian,5.0,"6,042",Producer Milk Components,AMS_3462,3462,Dairy FMMOS,DY-NA,Washington,DC,"Washington, DC",Washington,DC,FMMOS,FMMOS - non-mars,03/30/2021 14:14:00,2010,2010-AUG,501,component,lmprs,
Dec,2010,,Central,32.0,"13,352",Producer Milk Components,AMS_3462,3462,Dairy FMMOS,DY-NA,Washington,DC,"Washington, DC",Washington,DC,FMMOS,FMMOS - non-mars,03/30/2021 14:14:00,2010,2010-AUG,"1,155",component,lmprs,
Dec,2010,,Florida,6.0,"2,902",Producer Milk Components,AMS_3462,3462,Dairy FMMOS,DY-NA,Washington,DC,"Washington, DC",Washington,DC,FMMOS,FMMOS - non-mars,03/30/2021 14:14:00,2010,2010-AUG,233,component,lmprs,
Dec,2010,,Mideast,33.0,"16,022",Producer Milk Components,AMS_3462,3462,Dairy FMMOS,DY-NA,Washington,DC,"Washington, DC",Washington,DC,FMMOS,FMMOS - non-mars,03/30/2021 14:14:00,2010,2010-AUG,"1,264",component,lmprs,
Dec,2010,,Pacific Northwest,124.0,"8,011",Producer Milk Components,AMS_3462,3462,Dairy FMMOS,DY-NA,Washington,DC,"Washington, DC",Washington,DC,FMMOS,FMMOS - non-mars,03/30/2021 14:14:00,2010,2010-AUG,682,component,lmprs,
Dec,2010,,Northeast,1.0,"24,335",Producer Milk Components,AMS_3462,3462,Dairy FMMOS,DY-NA,Washington,DC,"Washington, DC",Washington,DC,FMMOS,FMMOS - non-mars,03/30/2021 14:14:00,2010,2010-AUG,"2,054",component,lmprs,
Dec,2010,,Southeast,7.0,"7,001",Producer Milk Components,AMS_3462,3462,Dairy FMMOS,DY-NA,Washington,DC,"Washington, DC",Washington,DC,FMMOS,FMMOS - non-mars,03/30/2021 14:14:00,2010,2010-AUG,547,component,lmprs,
Dec,2010,,Southwest,126.0,"11,210",Producer Milk Components,AMS_3462,3462,Dairy FMMOS,DY-NA,Washington,DC,"Washington, DC",Washington,DC,FMMOS,FMMOS - non-mars,03/30/2021 14:14:00,2010,2010-AUG,868,component,lmprs,
Dec,2010,,Upper Midwest,30.0,"33,803",Producer Milk Components,AMS_3462,3462,Dairy FMMOS,DY-NA,Washington,DC,"Washington, DC",Washington,DC,FMMOS,FMMOS - non-mars,03/30/2021 14:14:00,2010,2010-AUG,"2,811",component,lmprs,
Dec,2011,,Southwest,126.0,"11,233",Producer Milk Components,AMS_3462,3462,Dairy FMMOS,DY-NA,Washington,DC,"Washington, DC",Washington,DC,FMMOS,FMMOS - non-mars,03/30/2021 14:14:00,2011,2011-AUG,954,component,lmprs,
Dec,2011,,Upper Midwest,30.0,"32,766",Producer Milk Components,AMS_3462,3462,Dairy FMMOS,DY-NA,Washington,DC,"Washington, DC",Washington,DC,FMMOS,FMMOS - non-mars,03/30/2021 14:14:00,2011,2011-AUG,"2,880",component,lmprs,
Dec,2011,,Southeast,7.0,"7,057",Producer Milk Components,AMS_3462,3462,Dairy FMMOS,DY-NA,Washington,DC,"Washington, DC",Washington,DC,FMMOS,FMMOS - non-mars,03/30/2021 14:14:00,2011,2011-AUG,561,component,lmprs,
Dec,2011,,Pacific Northwest,124.0,"8,023",Producer Milk Components,AMS_3462,3462,Dairy FMMOS,DY-NA,Washington,DC,"Washington, DC",Washington,DC,FMMOS,FMMOS - non-mars,03/30/2021 14:14:00,2011,2011-AUG,664,component,lmprs,
Dec,2011,,Mideast,33.0,"15,939",Producer Milk Components,AMS_3462,3462,Dairy FMMOS,DY-NA,Washington,DC,"Washington, DC",Washington,DC,FMMOS,FMMOS - non-mars,03/30/2021 14:14:00,2011,2011-AUG,"1,412",component,lmprs,
Dec,2011,,Northeast,1.0,"24,358",Producer Milk Components,AMS_3462,3462,Dairy FMMOS,DY-NA,Washington,DC,"Washington, DC",Washington,DC,FMMOS,FMMOS - non-mars,03/30/2021 14:14:00,2011,2011-AUG,"1,978",component,lmprs,
Dec,2011,,Florida,6.0,"2,919",Producer Milk Components,AMS_3462,3462,Dairy FMMOS,DY-NA,Washington,DC,"Washington, DC",Washington,DC,FMMOS,FMMOS - non-mars,03/30/2021 14:14:00,2011,2011-AUG,235,component,lmprs,
Dec,2011,,Central,32.0,"13,938",Producer Milk Components,AMS_3462,3462,Dairy FMMOS,DY-NA,Washington,DC,"Washington, DC",Washington,DC,FMMOS,FMMOS - non-mars,03/30/2021 14:14:00,2011,2011-AUG,"1,165",component,lmprs,
Dec,2011,,Appalachian,5.0,"6,128",Producer Milk Components,AMS_3462,3462,Dairy FMMOS,DY-NA,Washington,DC,"Washington, DC",Washington,DC,FMMOS,FMMOS - non-mars,03/30/2021 14:14:00,2011,2011-AUG,533,component,lmprs,
Dec,2011,,Arizona,131.0,"4,518",Producer Milk Components,AMS_3462,3462,Dairy FMMOS,DY-NA,Washington,DC,"Washington, DC",Washington,DC,FMMOS,FMMOS - non-mars,03/30/2021 14:14:00,2011,2011-AUG,351,component,lmprs,
Dec,2011,,All Markets Combined,,"126,879",Producer Milk Components,AMS_3462,3462,Dairy FMMOS,DY-NA,Washington,DC,"Washington, DC",Washington,DC,FMMOS,FMMOS - non-mars,03/30/2021 14:14:00,2011,2011-AUG,"10,734",component,lmprs,
Dec,2012,,All Markets Combined,,"122,388",Producer Milk Components,AMS_3462,3462,Dairy FMMOS,DY-NA,Washington,DC,"Washington, DC",Washington,DC,FMMOS,FMMOS - non-mars,03/30/2021 14:13:00,2012,2012-AUG,"9,050",component,lmprs,
Dec,2012,,Arizona,131.0,"4,556",Producer Milk Components,AMS_3462,3462,Dairy FMMOS,DY-NA,Washington,DC,"Washington, DC",Washington,DC,FMMOS,FMMOS - non-mars,03/30/2021 14:13:00,2012,2012-AUG,324,component,lmprs,
Dec,2012,,Appalachian,5.0,"5,863",Producer Milk Components,AMS_3462,3462,Dairy FMMOS,DY-NA,Washington,DC,"Washington, DC",Washington,DC,FMMOS,FMMOS - non-mars,03/30/2021 14:13:00,2012,2012-AUG,479,component,lmprs,
Dec,2012,,Central,32.0,"13,389",Producer Milk Components,AMS_3462,3462,Dairy FMMOS,DY-NA,Washington,DC,"Washington, DC",Washington,DC,FMMOS,FMMOS - non-mars,03/30/2021 14:13:00,2012,2012-AUG,903,component,lmprs,
Dec,2012,,Florida,6.0,"2,890",Producer Milk Components,AMS_3462,3462,Dairy FMMOS,DY-NA,Washington,DC,"Washington, DC",Washington,DC,FMMOS,FMMOS - non-mars,03/30/2021 14:13:00,2012,2012-AUG,237,component,lmprs,
Dec,2012,,Northeast,1.0,"24,695",Producer Milk Components,AMS_3462,3462,Dairy FMMOS,DY-NA,Washington,DC,"Washington, DC",Washington,DC,FMMOS,FMMOS - non-mars,03/30/2021 14:13:00,2012,2012-AUG,"2,044",component,lmprs,
Dec,2012,,Mideast,33.0,"16,806",Producer Milk Components,AMS_3462,3462,Dairy FMMOS,DY-NA,Washington,DC,"Washington, DC",Washington,DC,FMMOS,FMMOS - non-mars,03/30/2021 14:13:00,2012,2012-AUG,"1,287",component,lmprs,
Dec,2012,,Pacific Northwest,124.0,"6,719",Producer Milk Components,AMS_3462,3462,Dairy FMMOS,DY-NA,Washington,DC,"Washington, DC",Washington,DC,FMMOS,FMMOS - non-mars,03/30/2021 14:13:00,2012,2012-AUG,419,component,lmprs,
Dec,2012,,Southeast,7.0,"6,794",Producer Milk Components,AMS_3462,3462,Dairy FMMOS,DY-NA,Washington,DC,"Washington, DC",Washington,DC,FMMOS,FMMOS - non-mars,03/30/2021 14:13:00,2012,2012-AUG,532,component,lmprs,
Dec,2012,,Upper Midwest,30.0,"30,684",Producer Milk Components,AMS_3462,3462,Dairy FMMOS,DY-NA,Washington,DC,"Washington, DC",Washington,DC,FMMOS,FMMOS - non-mars,03/30/2021 14:13:00,2012,2012-AUG,"2,262",component,lmprs,
Dec,2012,,Southwest,126.0,"9,994",Producer Milk Components,AMS_3462,3462,Dairy FMMOS,DY-NA,Washington,DC,"Washington, DC",Washington,DC,FMMOS,FMMOS - non-mars,03/30/2021 14:13:00,2012,2012-AUG,562,component,lmprs,
Dec,2013,,Southwest,126.0,"12,901",Producer Milk Components,AMS_3462,3462,Dairy FMMOS,DY-NA,Washington,DC,"Washington, DC",Washington,DC,FMMOS,FMMOS - non-mars,03/30/2021 14:13:00,2013,2013-AUG,988,component,lmprs,
Dec,2013,,Upper Midwest,30.0,"34,315",Producer Milk Components,AMS_3462,3462,Dairy FMMOS,DY-NA,Washington,DC,"Washington, DC",Washington,DC,FMMOS,FMMOS - non-mars,03/30/2021 14:13:00,2013,2013-AUG,"2,912",component,lmprs,
Dec,2013,,Southeast,7.0,"6,129",Producer Milk Components,AMS_3462,3462,Dairy FMMOS,DY-NA,Washington,DC,"Washington, DC",Washington,DC,FMMOS,FMMOS - non-mars,03/30/2021 14:13:00,2013,2013-AUG,497,component,lmprs,
Dec,2013,,Pacific Northwest,124.0,"8,239",Producer Milk Components,AMS_3462,3462,Dairy FMMOS,DY-NA,Washington,DC,"Washington, DC",Washington,DC,FMMOS,FMMOS - non-mars,03/30/2021 14:13:00,2013,2013-AUG,646,component,lmprs,
Dec,2013,,Mideast,33.0,"16,719",Producer Milk Components,AMS_3462,3462,Dairy FMMOS,DY-NA,Washington,DC,"Washington, DC",Washington,DC,FMMOS,FMMOS - non-mars,03/30/2021 14:13:00,2013,2013-AUG,"1,416",component,lmprs,
Dec,2013,,Northeast,1.0,"25,420",Producer Milk Components,AMS_3462,3462,Dairy FMMOS,DY-NA,Washington,DC,"Washington, DC",Washington,DC,FMMOS,FMMOS - non-mars,03/30/2021 14:13:00,2013,2013-AUG,"2,131",component,lmprs,
Dec,2013,,Florida,6.0,"2,833",Producer Milk Components,AMS_3462,3462,Dairy FMMOS,DY-NA,Washington,DC,"Washington, DC",Washington,DC,FMMOS,FMMOS - non-mars,03/30/2021 14:13:00,2013,2013-AUG,231,component,lmprs,
Dec,2013,,Central,32.0,"15,199",Producer Milk Components,AMS_3462,3462,Dairy FMMOS,DY-NA,Washington,DC,"Washington, DC",Washington,DC,FMMOS,FMMOS - non-mars,03/30/2021 14:13:00,2013,2013-AUG,"1,262",component,lmprs,
Dec,2013,,Arizona,131.0,"4,615",Producer Milk Components,AMS_3462,3462,Dairy FMMOS,DY-NA,Washington,DC,"Washington, DC",Washington,DC,FMMOS,FMMOS - non-mars,03/30/2021 14:13:00,2013,2013-AUG,360,component,lmprs,
Dec,2013,,All Markets Combined,,"132,100",Producer Milk Components,AMS_3462,3462,Dairy FMMOS,DY-NA,Washington,DC,"Washington, DC",Washington,DC,FMMOS,FMMOS - non-mars,03/30/2021 14:13:00,2013,2013-AUG,"10,911",component,lmprs,
Dec,2013,,Appalachian,5.0,"5,729",Producer Milk Components,AMS_3462,3462,Dairy FMMOS,DY-NA,Washington,DC,"Washington, DC",Washington,DC,FMMOS,FMMOS - non-mars,03/30/2021 14:13:00,2013,2013-AUG,468,component,lmprs,
Dec,2014,,Appalachian,5.0,"5,594",Producer Milk Components,AMS_3462,3462,Dairy FMMOS,DY-NA,Washington,DC,"Washington, DC",Washington,DC,FMMOS,FMMOS - non-mars,03/30/2021 14:13:00,2014,2014-AUG,461,component,lmprs,
Dec,2014,,All Markets Combined,,"129,420",Producer Milk Components,AMS_3462,3462,Dairy FMMOS,DY-NA,Washington,DC,"Washington, DC",Washington,DC,FMMOS,FMMOS - non-mars,03/30/2021 14:13:00,2014,2014-AUG,"11,200",component,lmprs,
Dec,2014,,Arizona,131.0,"4,800",Producer Milk Components,AMS_3462,3462,Dairy FMMOS,DY-NA,Washington,DC,"Washington, DC",Washington,DC,FMMOS,FMMOS - non-mars,03/30/2021 14:13:00,2014,2014-AUG,386,component,lmprs,
Dec,2014,,Central,32.0,"15,063",Producer Milk Components,AMS_3462,3462,Dairy FMMOS,DY-NA,Washington,DC,"Washington, DC",Washington,DC,FMMOS,FMMOS - non-mars,03/30/2021 14:13:00,2014,2014-AUG,"1,291",component,lmprs,
Dec,2014,,Florida,6.0,"2,771",Producer Milk Components,AMS_3462,3462,Dairy FMMOS,DY-NA,Washington,DC,"Washington, DC",Washington,DC,FMMOS,FMMOS - non-mars,03/30/2021 14:13:00,2014,2014-AUG,226,component,lmprs,
Dec,2014,,Northeast,1.0,"25,793",Producer Milk Components,AMS_3462,3462,Dairy FMMOS,DY-NA,Washington,DC,"Washington, DC",Washington,DC,FMMOS,FMMOS - non-mars,03/30/2021 14:13:00,2014,2014-AUG,"2,186",component,lmprs,
Dec,2014,,Mideast,33.0,"17,297",Producer Milk Components,AMS_3462,3462,Dairy FMMOS,DY-NA,Washington,DC,"Washington, DC",Washington,DC,FMMOS,FMMOS - non-mars,03/30/2021 14:13:00,2014,2014-AUG,"1,456",component,lmprs,
Dec,2014,,Pacific Northwest,124.0,"7,892",Producer Milk Components,AMS_3462,3462,Dairy FMMOS,DY-NA,Washington,DC,"Washington, DC",Washington,DC,FMMOS,FMMOS - non-mars,03/30/2021 14:13:00,2014,2014-AUG,743,component,lmprs,
Dec,2014,,Southeast,7.0,"5,289",Producer Milk Components,AMS_3462,3462,Dairy FMMOS,DY-NA,Washington,DC,"Washington, DC",Washington,DC,FMMOS,FMMOS - non-mars,03/30/2021 14:13:00,2014,2014-AUG,411,component,lmprs,
Dec,2014,,Upper Midwest,30.0,"32,785",Producer Milk Components,AMS_3462,3462,Dairy FMMOS,DY-NA,Washington,DC,"Washington, DC",Washington,DC,FMMOS,FMMOS - non-mars,03/30/2021 14:13:00,2014,2014-AUG,"2,911",component,lmprs,
Dec,2014,,Southwest,126.0,"12,137",Producer Milk Components,AMS_3462,3462,Dairy FMMOS,DY-NA,Washington,DC,"Washington, DC",Washington,DC,FMMOS,FMMOS - non-mars,03/30/2021 14:13:00,2014,2014-AUG,"1,129",component,lmprs,
Dec,2015,,Southwest,126.0,"11,891",Producer Milk Components,AMS_3462,3462,Dairy FMMOS,DY-NA,Washington,DC,"Washington, DC",Washington,DC,FMMOS,FMMOS - non-mars,03/30/2021 14:12:00,2015,2015-AUG,"1,197",component,lmprs,
Dec,2015,,Upper Midwest,30.0,"30,318",Producer Milk Components,AMS_3462,3462,Dairy FMMOS,DY-NA,Washington,DC,"Washington, DC",Washington,DC,FMMOS,FMMOS - non-mars,03/30/2021 14:12:00,2015,2015-AUG,"2,013",component,lmprs,
Dec,2015,,Southeast,7.0,"5,205",Producer Milk Components,AMS_3462,3462,Dairy FMMOS,DY-NA,Washington,DC,"Washington, DC",Washington,DC,FMMOS,FMMOS - non-mars,03/30/2021 14:12:00,2015,2015-AUG,421,component,lmprs,
Dec,2015,,Pacific Northwest,124.0,"6,646",Producer Milk Components,AMS_3462,3462,Dairy FMMOS,DY-NA,Washington,DC,"Washington, DC",Washington,DC,FMMOS,FMMOS - non-mars,03/30/2021 14:12:00,2015,2015-AUG,456,component,lmprs,
Dec,2015,,Mideast,33.0,"18,376",Producer Milk Components,AMS_3462,3462,Dairy FMMOS,DY-NA,Washington,DC,"Washington, DC",Washington,DC,FMMOS,FMMOS - non-mars,03/30/2021 14:12:00,2015,2015-AUG,"1,427",component,lmprs,
Dec,2015,,Northeast,1.0,"26,039",Producer Milk Components,AMS_3462,3462,Dairy FMMOS,DY-NA,Washington,DC,"Washington, DC",Washington,DC,FMMOS,FMMOS - non-mars,03/30/2021 14:12:00,2015,2015-AUG,"2,211",component,lmprs,
Dec,2015,,Florida,6.0,"2,741",Producer Milk Components,AMS_3462,3462,Dairy FMMOS,DY-NA,Washington,DC,"Washington, DC",Washington,DC,FMMOS,FMMOS - non-mars,03/30/2021 14:12:00,2015,2015-AUG,230,component,lmprs,
Dec,2015,,Central,32.0,"14,476",Producer Milk Components,AMS_3462,3462,Dairy FMMOS,DY-NA,Washington,DC,"Washington, DC",Washington,DC,FMMOS,FMMOS - non-mars,03/30/2021 14:12:00,2015,2015-AUG,"1,127",component,lmprs,
Dec,2015,,Arizona,131.0,"4,788",Producer Milk Components,AMS_3462,3462,Dairy FMMOS,DY-NA,Washington,DC,"Washington, DC",Washington,DC,FMMOS,FMMOS - non-mars,03/30/2021 14:12:00,2015,2015-AUG,360,component,lmprs,
Dec,2015,,All Markets Combined,,"126,126",Producer Milk Components,AMS_3462,3462,Dairy FMMOS,DY-NA,Washington,DC,"Washington, DC",Washington,DC,FMMOS,FMMOS - non-mars,03/30/2021 14:12:00,2015,2015-AUG,"9,900",component,lmprs,
Dec,2015,,Appalachian,5.0,"5,646",Producer Milk Components,AMS_3462,3462,Dairy FMMOS,DY-NA,Washington,DC,"Washington, DC",Washington,DC,FMMOS,FMMOS - non-mars,03/30/2021 14:12:00,2015,2015-AUG,458,component,lmprs,
Dec,2016,,Appalachian,5.0,"5,595",Producer Milk Components,AMS_3462,3462,Dairy FMMOS,DY-NA,Washington,DC,"Washington, DC",Washington,DC,FMMOS,FMMOS - non-mars,03/30/2021 14:12:00,2016,2016-AUG,470,component,lmprs,
Dec,2016,,All Markets Combined,,"133,846",Producer Milk Components,AMS_3462,3462,Dairy FMMOS,DY-NA,Washington,DC,"Washington, DC",Washington,DC,FMMOS,FMMOS - non-mars,03/30/2021 14:12:00,2016,2016-AUG,"9,560",component,lmprs,
Dec,2016,,Arizona,131.0,"4,979",Producer Milk Components,AMS_3462,3462,Dairy FMMOS,DY-NA,Washington,DC,"Washington, DC",Washington,DC,FMMOS,FMMOS - non-mars,03/30/2021 14:12:00,2016,2016-AUG,363,component,lmprs,
Dec,2016,,Central,32.0,"15,088",Producer Milk Components,AMS_3462,3462,Dairy FMMOS,DY-NA,Washington,DC,"Washington, DC",Washington,DC,FMMOS,FMMOS - non-mars,03/30/2021 14:12:00,2016,2016-AUG,994,component,lmprs,
Dec,2016,,Florida,6.0,"2,714",Producer Milk Components,AMS_3462,3462,Dairy FMMOS,DY-NA,Washington,DC,"Washington, DC",Washington,DC,FMMOS,FMMOS - non-mars,03/30/2021 14:12:00,2016,2016-AUG,221,component,lmprs,
Dec,2016,,Northeast,1.0,"27,007",Producer Milk Components,AMS_3462,3462,Dairy FMMOS,DY-NA,Washington,DC,"Washington, DC",Washington,DC,FMMOS,FMMOS - non-mars,03/30/2021 14:12:00,2016,2016-AUG,"2,245",component,lmprs,
Dec,2016,,Mideast,33.0,"19,655",Producer Milk Components,AMS_3462,3462,Dairy FMMOS,DY-NA,Washington,DC,"Washington, DC",Washington,DC,FMMOS,FMMOS - non-mars,03/30/2021 14:12:00,2016,2016-AUG,"1,502",component,lmprs,
Dec,2016,,Pacific Northwest,124.0,"7,883",Producer Milk Components,AMS_3462,3462,Dairy FMMOS,DY-NA,Washington,DC,"Washington, DC",Washington,DC,FMMOS,FMMOS - non-mars,03/30/2021 14:12:00,2016,2016-AUG,588,component,lmprs,
Dec,2016,,Southeast,7.0,"5,390",Producer Milk Components,AMS_3462,3462,Dairy FMMOS,DY-NA,Washington,DC,"Washington, DC",Washington,DC,FMMOS,FMMOS - non-mars,03/30/2021 14:12:00,2016,2016-AUG,419,component,lmprs,
Dec,2016,,Upper Midwest,30.0,"32,817",Producer Milk Components,AMS_3462,3462,Dairy FMMOS,DY-NA,Washington,DC,"Washington, DC",Washington,DC,FMMOS,FMMOS - non-mars,03/30/2021 14:12:00,2016,2016-AUG,"2,173",component,lmprs,
Dec,2016,,Southwest,126.0,"12,717",Producer Milk Components,AMS_3462,3462,Dairy FMMOS,DY-NA,Washington,DC,"Washington, DC",Washington,DC,FMMOS,FMMOS - non-mars,03/30/2021 14:12:00,2016,2016-AUG,585,component,lmprs,
Dec,2017,,Southwest,126.0,"13,092",Producer Milk Components,AMS_3462,3462,Dairy FMMOS,DY-NA,Washington,DC,"Washington, DC",Washington,DC,FMMOS,FMMOS - non-mars,03/30/2021 14:11:00,2017,2017-AUG,"1,241",component,lmprs,
Dec,2017,,Upper Midwest,30.0,"32,312",Producer Milk Components,AMS_3462,3462,Dairy FMMOS,DY-NA,Washington,DC,"Washington, DC",Washington,DC,FMMOS,FMMOS - non-mars,03/30/2021 14:11:00,2017,2017-AUG,"3,220",component,lmprs,
Dec,2017,,Southeast,7.0,"5,452",Producer Milk Components,AMS_3462,3462,Dairy FMMOS,DY-NA,Washington,DC,"Washington, DC",Washington,DC,FMMOS,FMMOS - non-mars,03/30/2021 14:11:00,2017,2017-AUG,427,component,lmprs,
Dec,2017,,Pacific Northwest,124.0,"7,661",Producer Milk Components,AMS_3462,3462,Dairy FMMOS,DY-NA,Washington,DC,"Washington, DC",Washington,DC,FMMOS,FMMOS - non-mars,03/30/2021 14:11:00,2017,2017-AUG,750,component,lmprs,
Dec,2017,,Mideast,33.0,"20,241",Producer Milk Components,AMS_3462,3462,Dairy FMMOS,DY-NA,Washington,DC,"Washington, DC",Washington,DC,FMMOS,FMMOS - non-mars,03/30/2021 14:11:00,2017,2017-AUG,"1,669",component,lmprs,
Dec,2017,,Northeast,1.0,"27,397",Producer Milk Components,AMS_3462,3462,Dairy FMMOS,DY-NA,Washington,DC,"Washington, DC",Washington,DC,FMMOS,FMMOS - non-mars,03/30/2021 14:11:00,2017,2017-AUG,"2,274",component,lmprs,
Dec,2017,,Florida,6.0,"2,602",Producer Milk Components,AMS_3462,3462,Dairy FMMOS,DY-NA,Washington,DC,"Washington, DC",Washington,DC,FMMOS,FMMOS - non-mars,03/30/2021 14:11:00,2017,2017-AUG,215,component,lmprs,
Dec,2017,,Central,32.0,"15,879",Producer Milk Components,AMS_3462,3462,Dairy FMMOS,DY-NA,Washington,DC,"Washington, DC",Washington,DC,FMMOS,FMMOS - non-mars,03/30/2021 14:11:00,2017,2017-AUG,"1,461",component,lmprs,
Dec,2017,,Arizona,131.0,"5,065",Producer Milk Components,AMS_3462,3462,Dairy FMMOS,DY-NA,Washington,DC,"Washington, DC",Washington,DC,FMMOS,FMMOS - non-mars,03/30/2021 14:11:00,2017,2017-AUG,414,component,lmprs,
Dec,2017,,All Markets Combined,,"135,502",Producer Milk Components,AMS_3462,3462,Dairy FMMOS,DY-NA,Washington,DC,"Washington, DC",Washington,DC,FMMOS,FMMOS - non-mars,03/30/2021 14:11:00,2017,2017-AUG,"12,165",component,lmprs,
Dec,2017,,Appalachian,5.0,"5,801",Producer Milk Components,AMS_3462,3462,Dairy FMMOS,DY-NA,Washington,DC,"Washington, DC",Washington,DC,FMMOS,FMMOS - non-mars,03/30/2021 14:11:00,2017,2017-AUG,494,component,lmprs,
Dec,2018,,Appalachian,5.0,"5,734",Producer Milk Components,AMS_3462,3462,Dairy FMMOS,DY-NA,Washington,DC,"Washington, DC",Washington,DC,FMMOS,FMMOS - non-mars,03/30/2021 14:09:00,2018,2018-AUG,473,component,lmprs,
Dec,2018,,All Markets Combined,,"141,684",Producer Milk Components,AMS_3462,3462,Dairy FMMOS,DY-NA,Washington,DC,"Washington, DC",Washington,DC,FMMOS,FMMOS - non-mars,03/30/2021 14:09:00,2018,2018-AUG,"11,692",component,lmprs,
Dec,2018,,Arizona,131.0,"5,133",Producer Milk Components,AMS_3462,3462,Dairy FMMOS,DY-NA,Washington,DC,"Washington, DC",Washington,DC,FMMOS,FMMOS - non-mars,03/30/2021 14:09:00,2018,2018-AUG,402,component,lmprs,
Dec,2018,,Central,32.0,"16,604",Producer Milk Components,AMS_3462,3462,Dairy FMMOS,DY-NA,Washington,DC,"Washington, DC",Washington,DC,FMMOS,FMMOS - non-mars,03/30/2021 14:09:00,2018,2018-AUG,"1,341",component,lmprs,
Dec,2018,,California,51.0,"4,117",Producer Milk Components,AMS_3462,3462,Dairy FMMOS,DY-NA,Washington,DC,"Washington, DC",Washington,DC,FMMOS,FMMOS - non-mars,03/30/2021 14:09:00,2018,2018-AUG,,component,lmprs,
Dec,2018,,Florida,6.0,"2,565",Producer Milk Components,AMS_3462,3462,Dairy FMMOS,DY-NA,Washington,DC,"Washington, DC",Washington,DC,FMMOS,FMMOS - non-mars,03/30/2021 14:09:00,2018,2018-AUG,215,component,lmprs,
Dec,2018,,Northeast,1.0,"27,109",Producer Milk Components,AMS_3462,3462,Dairy FMMOS,DY-NA,Washington,DC,"Washington, DC",Washington,DC,FMMOS,FMMOS - non-mars,03/30/2021 14:09:00,2018,2018-AUG,"2,268",component,lmprs,
Dec,2018,,Mideast,33.0,"19,603",Producer Milk Components,AMS_3462,3462,Dairy FMMOS,DY-NA,Washington,DC,"Washington, DC",Washington,DC,FMMOS,FMMOS - non-mars,03/30/2021 14:09:00,2018,2018-AUG,"1,699",component,lmprs,
Dec,2018,,Pacific Northwest,124.0,"8,558",Producer Milk Components,AMS_3462,3462,Dairy FMMOS,DY-NA,Washington,DC,"Washington, DC",Washington,DC,FMMOS,FMMOS - non-mars,03/30/2021 14:09:00,2018,2018-AUG,636,component,lmprs,
Dec,2018,,Southeast,7.0,"5,209",Producer Milk Components,AMS_3462,3462,Dairy FMMOS,DY-NA,Washington,DC,"Washington, DC",Washington,DC,FMMOS,FMMOS - non-mars,03/30/2021 14:09:00,2018,2018-AUG,421,component,lmprs,
Dec,2018,,Upper Midwest,30.0,"33,323",Producer Milk Components,AMS_3462,3462,Dairy FMMOS,DY-NA,Washington,DC,"Washington, DC",Washington,DC,FMMOS,FMMOS - non-mars,03/30/2021 14:09:00,2018,2018-AUG,"2,949",component,lmprs,
Dec,2018,,Southwest,126.0,"13,727",Producer Milk Components,AMS_3462,3462,Dairy FMMOS,DY-NA,Washington,DC,"Washington, DC",Washington,DC,FMMOS,FMMOS - non-mars,03/30/2021 14:09:00,2018,2018-AUG,"1,287",component,lmprs,
Dec,2019,,Upper Midwest,30.0,"32,310",Producer Milk Components,AMS_3462,3462,Dairy FMMOS,DY-NA,Washington,DC,"Washington, DC",Washington,DC,FMMOS,FMMOS - non-mars,03/30/2021 14:09:00,2019,2019-AUG,"3,173",component,lmprs,
Dec,2019,,Southeast,7.0,"4,903",Producer Milk Components,AMS_3462,3462,Dairy FMMOS,DY-NA,Washington,DC,"Washington, DC",Washington,DC,FMMOS,FMMOS - non-mars,03/30/2021 14:09:00,2019,2019-AUG,405,component,lmprs,
Dec,2019,,Southwest,126.0,"12,900",Producer Milk Components,AMS_3462,3462,Dairy FMMOS,DY-NA,Washington,DC,"Washington, DC",Washington,DC,FMMOS,FMMOS - non-mars,03/30/2021 14:09:00,2019,2019-AUG,"1,287",component,lmprs,
Dec,2019,,Pacific Northwest,124.0,"8,496",Producer Milk Components,AMS_3462,3462,Dairy FMMOS,DY-NA,Washington,DC,"Washington, DC",Washington,DC,FMMOS,FMMOS - non-mars,03/30/2021 14:09:00,2019,2019-AUG,784,component,lmprs,
Dec,2019,,Northeast,1.0,"26,752",Producer Milk Components,AMS_3462,3462,Dairy FMMOS,DY-NA,Washington,DC,"Washington, DC",Washington,DC,FMMOS,FMMOS - non-mars,03/30/2021 14:09:00,2019,2019-AUG,"2,237",component,lmprs,
Dec,2019,,Florida,6.0,"2,510",Producer Milk Components,AMS_3462,3462,Dairy FMMOS,DY-NA,Washington,DC,"Washington, DC",Washington,DC,FMMOS,FMMOS - non-mars,03/30/2021 14:09:00,2019,2019-AUG,215,component,lmprs,
Dec,2019,,Mideast,33.0,"18,942",Producer Milk Components,AMS_3462,3462,Dairy FMMOS,DY-NA,Washington,DC,"Washington, DC",Washington,DC,FMMOS,FMMOS - non-mars,03/30/2021 14:09:00,2019,2019-AUG,"1,657",component,lmprs,
Dec,2019,,California,51.0,"24,272",Producer Milk Components,AMS_3462,3462,Dairy FMMOS,DY-NA,Washington,DC,"Washington, DC",Washington,DC,FMMOS,FMMOS - non-mars,03/30/2021 14:09:00,2019,2019-AUG,"1,872",component,lmprs,
Dec,2019,,Central,32.0,"15,260",Producer Milk Components,AMS_3462,3462,Dairy FMMOS,DY-NA,Washington,DC,"Washington, DC",Washington,DC,FMMOS,FMMOS - non-mars,03/30/2021 14:09:00,2019,2019-AUG,"1,328",component,lmprs,
Dec,2019,,Arizona,131.0,"4,840",Producer Milk Components,AMS_3462,3462,Dairy FMMOS,DY-NA,Washington,DC,"Washington, DC",Washington,DC,FMMOS,FMMOS - non-mars,03/30/2021 14:09:00,2019,2019-AUG,384,component,lmprs,
Dec,2019,,All Markets Combined,,"156,510",Producer Milk Components,AMS_3462,3462,Dairy FMMOS,DY-NA,Washington,DC,"Washington, DC",Washington,DC,FMMOS,FMMOS - non-mars,03/30/2021 14:09:00,2019,2019-AUG,"13,809",component,lmprs,
Dec,2019,,Appalachian,5.0,"5,327",Producer Milk Components,AMS_3462,3462,Dairy FMMOS,DY-NA,Washington,DC,"Washington, DC",Washington,DC,FMMOS,FMMOS - non-mars,03/30/2021 14:09:00,2019,2019-AUG,466,component,lmprs,
Dec,2020,,Appalachian,5.0,"5,322",Producer Milk Components,AMS_3462,3462,Dairy FMMOS,DY-NA,Washington,DC,"Washington, DC",Washington,DC,FMMOS,FMMOS - non-mars,02/23/2021 09:39:00,2020,2020-AUG,449,component,lmprs,
Dec,2020,,All Markets Combined,,"137,818",Producer Milk Components,AMS_3462,3462,Dairy FMMOS,DY-NA,Washington,DC,"Washington, DC",Washington,DC,FMMOS,FMMOS - non-mars,02/23/2021 09:39:00,2020,2020-AUG,"10,238",component,lmprs,
Dec,2020,,Arizona,131.0,"4,497",Producer Milk Components,AMS_3462,3462,Dairy FMMOS,DY-NA,Washington,DC,"Washington, DC",Washington,DC,FMMOS,FMMOS - non-mars,02/23/2021 09:39:00,2020,2020-AUG,299,component,lmprs,
Dec,2020,,Central,32.0,"13,315",Producer Milk Components,AMS_3462,3462,Dairy FMMOS,DY-NA,Washington,DC,"Washington, DC",Washington,DC,FMMOS,FMMOS - non-mars,02/23/2021 09:39:00,2020,2020-AUG,864,component,lmprs,
Dec,2020,,California,51.0,"23,004",Producer Milk Components,AMS_3462,3462,Dairy FMMOS,DY-NA,Washington,DC,"Washington, DC",Washington,DC,FMMOS,FMMOS - non-mars,02/23/2021 09:39:00,2020,2020-AUG,"1,832",component,lmprs,
Dec,2020,,Mideast,33.0,"17,982",Producer Milk Components,AMS_3462,3462,Dairy FMMOS,DY-NA,Washington,DC,"Washington, DC",Washington,DC,FMMOS,FMMOS - non-mars,02/23/2021 09:39:00,2020,2020-AUG,"1,351",component,lmprs,
Dec,2020,,Florida,6.0,"2,509",Producer Milk Components,AMS_3462,3462,Dairy FMMOS,DY-NA,Washington,DC,"Washington, DC",Washington,DC,FMMOS,FMMOS - non-mars,02/23/2021 09:39:00,2020,2020-AUG,197,component,lmprs,
Dec,2020,,Northeast,1.0,"26,824",Producer Milk Components,AMS_3462,3462,Dairy FMMOS,DY-NA,Washington,DC,"Washington, DC",Washington,DC,FMMOS,FMMOS - non-mars,02/23/2021 09:39:00,2020,2020-AUG,"2,260",component,lmprs,
Dec,2020,,Pacific Northwest,124.0,"7,682",Producer Milk Components,AMS_3462,3462,Dairy FMMOS,DY-NA,Washington,DC,"Washington, DC",Washington,DC,FMMOS,FMMOS - non-mars,02/23/2021 09:39:00,2020,2020-AUG,627,component,lmprs,
Dec,2020,,Southwest,126.0,"11,692",Producer Milk Components,AMS_3462,3462,Dairy FMMOS,DY-NA,Washington,DC,"Washington, DC",Washington,DC,FMMOS,FMMOS - non-mars,02/23/2021 09:39:00,2020,2020-AUG,900,component,lmprs,
Dec,2020,,Southeast,7.0,"4,700",Producer Milk Components,AMS_3462,3462,Dairy FMMOS,DY-NA,Washington,DC,"Washington, DC",Washington,DC,FMMOS,FMMOS - non-mars,02/23/2021 09:39:00,2020,2020-AUG,368,component,lmprs,
Dec,2020,,Upper Midwest,30.0,"20,290",Producer Milk Components,AMS_3462,3462,Dairy FMMOS,DY-NA,Washington,DC,"Washington, DC",Washington,DC,FMMOS,FMMOS - non-mars,02/23/2021 09:39:00,2020,2020-AUG,"1,091",component,lmprs,
Dec,2021,,Southwest,126.0,"12,286",Producer Milk Components,AMS_3462,3462,Dairy FMMOS,DY-NA,Washington,DC,"Washington, DC",Washington,DC,FMMOS,FMMOS - non-mars,01/31/2022 07:17:00,2021,2021-AUG,"1,055",component,lmprs,
Dec,2021,,Pacific Northwest,124.0,"7,387",Producer Milk Components,AMS_3462,3462,Dairy FMMOS,DY-NA,Washington,DC,"Washington, DC",Washington,DC,FMMOS,FMMOS - non-mars,01/31/2022 07:17:00,2021,2021-AUG,589,component,lmprs,
Dec,2021,,Southeast,7.0,"4,581",Producer Milk Components,AMS_3462,3462,Dairy FMMOS,DY-NA,Washington,DC,"Washington, DC",Washington,DC,FMMOS,FMMOS - non-mars,01/31/2022 07:17:00,2021,2021-AUG,361,component,lmprs,
Dec,2021,,Northeast,1.0,"27,045",Producer Milk Components,AMS_3462,3462,Dairy FMMOS,DY-NA,Washington,DC,"Washington, DC",Washington,DC,FMMOS,FMMOS - non-mars,01/31/2022 07:17:00,2021,2021-AUG,"2,268",component,lmprs,
Dec,2021,,Mideast,33.0,"18,606",Producer Milk Components,AMS_3462,3462,Dairy FMMOS,DY-NA,Washington,DC,"Washington, DC",Washington,DC,FMMOS,FMMOS - non-mars,01/31/2022 07:17:00,2021,2021-AUG,"1,751",component,lmprs,
Dec,2021,,Central,32.0,"12,992",Producer Milk Components,AMS_3462,3462,Dairy FMMOS,DY-NA,Washington,DC,"Washington, DC",Washington,DC,FMMOS,FMMOS - non-mars,01/31/2022 07:17:00,2021,2021-AUG,"1,275",component,lmprs,
Dec,2021,,Florida,6.0,"2,444",Producer Milk Components,AMS_3462,3462,Dairy FMMOS,DY-NA,Washington,DC,"Washington, DC",Washington,DC,FMMOS,FMMOS - non-mars,01/31/2022 07:17:00,2021,2021-AUG,208,component,lmprs,
Dec,2021,,California,51.0,"23,803",Producer Milk Components,AMS_3462,3462,Dairy FMMOS,DY-NA,Washington,DC,"Washington, DC",Washington,DC,FMMOS,FMMOS - non-mars,01/31/2022 07:17:00,2021,2021-AUG,"2,541",component,lmprs,
Dec,2021,,Arizona,131.0,"4,461",Producer Milk Components,AMS_3462,3462,Dairy FMMOS,DY-NA,Washington,DC,"Washington, DC",Washington,DC,FMMOS,FMMOS - non-mars,01/31/2022 07:17:00,2021,2021-AUG,379,component,lmprs,
Dec,2021,,Appalachian,5.0,"5,289",Producer Milk Components,AMS_3462,3462,Dairy FMMOS,DY-NA,Washington,DC,"Washington, DC",Washington,DC,FMMOS,FMMOS - non-mars,01/31/2022 07:17:00,2021,2021-AUG,434,component,lmprs,
Dec,2021,,All Markets Combined,,"136,836",Producer Milk Components,AMS_3462,3462,Dairy FMMOS,DY-NA,Washington,DC,"Washington, DC",Washington,DC,FMMOS,FMMOS - non-mars,01/31/2022 07:17:00,2021,2021-AUG,"12,938",component,lmprs,
Dec,2021,,Upper Midwest,30.0,"17,940",Producer Milk Components,AMS_3462,3462,Dairy FMMOS,DY-NA,Washington,DC,"Washington, DC",Washington,DC,FMMOS,FMMOS - non-mars,01/31/2022 07:17:00,2021,2021-AUG,"2,077",component,lmprs,
Dec,2022,,Upper Midwest,30.0,"31,837",Producer Milk Components,AMS_3462,3462,Dairy FMMOS,DY-NA,Washington,DC,"Washington, DC",Washington,DC,FMMOS,FMMOS - non-mars,01/30/2023 07:36:00,2022,2022-AUG,"2,896",component,lmprs,
Dec,2022,,All Markets Combined,,"151,614",Producer Milk Components,AMS_3462,3462,Dairy FMMOS,DY-NA,Washington,DC,"Washington, DC",Washington,DC,FMMOS,FMMOS - non-mars,01/30/2023 07:36:00,2022,2022-AUG,"12,717",component,lmprs,
Dec,2022,,Appalachian,5.0,"5,420",Producer Milk Components,AMS_3462,3462,Dairy FMMOS,DY-NA,Washington,DC,"Washington, DC",Washington,DC,FMMOS,FMMOS - non-mars,01/30/2023 07:36:00,2022,2022-AUG,447,component,lmprs,
Dec,2022,,Arizona,131.0,"4,910",Producer Milk Components,AMS_3462,3462,Dairy FMMOS,DY-NA,Washington,DC,"Washington, DC",Washington,DC,FMMOS,FMMOS - non-mars,01/30/2023 07:36:00,2022,2022-AUG,325,component,lmprs,
Dec,2022,,California,51.0,"22,439",Producer Milk Components,AMS_3462,3462,Dairy FMMOS,DY-NA,Washington,DC,"Washington, DC",Washington,DC,FMMOS,FMMOS - non-mars,01/30/2023 07:36:00,2022,2022-AUG,"1,843",component,lmprs,
Dec,2022,,Florida,6.0,"2,483",Producer Milk Components,AMS_3462,3462,Dairy FMMOS,DY-NA,Washington,DC,"Washington, DC",Washington,DC,FMMOS,FMMOS - non-mars,01/30/2023 07:36:00,2022,2022-AUG,205,component,lmprs,
Dec,2022,,Central,32.0,"15,638",Producer Milk Components,AMS_3462,3462,Dairy FMMOS,DY-NA,Washington,DC,"Washington, DC",Washington,DC,FMMOS,FMMOS - non-mars,01/30/2023 07:36:00,2022,2022-AUG,"1,312",component,lmprs,
Dec,2022,,Mideast,33.0,"16,796",Producer Milk Components,AMS_3462,3462,Dairy FMMOS,DY-NA,Washington,DC,"Washington, DC",Washington,DC,FMMOS,FMMOS - non-mars,01/30/2023 07:36:00,2022,2022-AUG,"1,301",component,lmprs,
Dec,2022,,Northeast,1.0,"26,882",Producer Milk Components,AMS_3462,3462,Dairy FMMOS,DY-NA,Washington,DC,"Washington, DC",Washington,DC,FMMOS,FMMOS - non-mars,01/30/2023 07:36:00,2022,2022-AUG,"2,264",component,lmprs,
Dec,2022,,Southeast,7.0,"3,913",Producer Milk Components,AMS_3462,3462,Dairy FMMOS,DY-NA,Washington,DC,"Washington, DC",Washington,DC,FMMOS,FMMOS - non-mars,01/30/2023 07:36:00,2022,2022-AUG,320,component,lmprs,
Dec,2022,,Pacific Northwest,124.0,"7,583",Producer Milk Components,AMS_3462,3462,Dairy FMMOS,DY-NA,Washington,DC,"Washington, DC",Washington,DC,FMMOS,FMMOS - non-mars,01/30/2023 07:36:00,2022,2022-AUG,619,component,lmprs,
Dec,2022,,Southwest,126.0,"13,714",Producer Milk Components,AMS_3462,3462,Dairy FMMOS,DY-NA,Washington,DC,"Washington, DC",Washington,DC,FMMOS,FMMOS - non-mars,01/30/2023 07:36:00,2022,2022-AUG,"1,185",component,lmprs,
Dec,2023,,Southwest,126.0,"13,640",Producer Milk Components,AMS_3462,3462,Dairy FMMOS,DY-NA,Washington,DC,"Washington, DC",Washington,DC,FMMOS,FMMOS - non-mars,01/30/2024 09:42:00,2023,2023-AUG,"1,124",component,lmprs,
Dec,2023,,Pacific Northwest,124.0,"7,650",Producer Milk Components,AMS_3462,3462,Dairy FMMOS,DY-NA,Washington,DC,"Washington, DC",Washington,DC,FMMOS,FMMOS - non-mars,01/30/2024 09:42:00,2023,2023-AUG,623,component,lmprs,
Dec,2023,,Southeast,7.0,"3,538",Producer Milk Components,AMS_3462,3462,Dairy FMMOS,DY-NA,Washington,DC,"Washington, DC",Washington,DC,FMMOS,FMMOS - non-mars,01/30/2024 09:42:00,2023,2023-AUG,272,component,lmprs,
Dec,2023,,Northeast,1.0,"27,260",Producer Milk Components,AMS_3462,3462,Dairy FMMOS,DY-NA,Washington,DC,"Washington, DC",Washington,DC,FMMOS,FMMOS - non-mars,01/30/2024 09:42:00,2023,2023-AUG,"2,310",component,lmprs,
Dec,2023,,Mideast,33.0,"17,761",Producer Milk Components,AMS_3462,3462,Dairy FMMOS,DY-NA,Washington,DC,"Washington, DC",Washington,DC,FMMOS,FMMOS - non-mars,01/30/2024 09:42:00,2023,2023-AUG,"1,395",component,lmprs,
Dec,2023,,Central,32.0,"16,053",Producer Milk Components,AMS_3462,3462,Dairy FMMOS,DY-NA,Washington,DC,"Washington, DC",Washington,DC,FMMOS,FMMOS - non-mars,01/30/2024 09:42:00,2023,2023-AUG,"1,214",component,lmprs,
Dec,2023,,Florida,6.0,"2,506",Producer Milk Components,AMS_3462,3462,Dairy FMMOS,DY-NA,Washington,DC,"Washington, DC",Washington,DC,FMMOS,FMMOS - non-mars,01/30/2024 09:42:00,2023,2023-AUG,213,component,lmprs,
Dec,2023,,California,51.0,"26,418",Producer Milk Components,AMS_3462,3462,Dairy FMMOS,DY-NA,Washington,DC,"Washington, DC",Washington,DC,FMMOS,FMMOS - non-mars,01/30/2024 09:42:00,2023,2023-AUG,"2,101",component,lmprs,
Dec,2023,,Arizona,131.0,"5,149",Producer Milk Components,AMS_3462,3462,Dairy FMMOS,DY-NA,Washington,DC,"Washington, DC",Washington,DC,FMMOS,FMMOS - non-mars,01/30/2024 09:42:00,2023,2023-AUG,364,component,lmprs,
Dec,2023,,Appalachian,5.0,"5,428",Producer Milk Components,AMS_3462,3462,Dairy FMMOS,DY-NA,Washington,DC,"Washington, DC",Washington,DC,FMMOS,FMMOS - non-mars,01/30/2024 09:42:00,2023,2023-AUG,445,component,lmprs,
Dec,2023,,All Markets Combined,,"158,448",Producer Milk Components,AMS_3462,3462,Dairy FMMOS,DY-NA,Washington,DC,"Washington, DC",Washington,DC,FMMOS,FMMOS - non-mars,01/30/2024 09:42:00,2023,2023-AUG,"12,856",component,lmprs,
Dec,2023,,Upper Midwest,30.0,"33,045",Producer Milk Components,AMS_3462,3462,Dairy FMMOS,DY-NA,Washington,DC,"Washington, DC",Washington,DC,FMMOS,FMMOS - non-mars,01/30/2024 09:42:00,2023,2023-AUG,"2,797",component,lmprs,
Dec,2024,,Upper Midwest,30.0,"28,285",Producer Milk Components,AMS_3462,3462,Dairy FMMOS,DY-NA,Washington,DC,"Washington, DC",Washington,DC,FMMOS,FMMOS - non-mars,01/23/2025 09:07:00,2024,2024-AUG,"2,561",component,lmprs,
Dec,2024,,All Markets Combined,,"146,628",Producer Milk Components,AMS_3462,3462,Dairy FMMOS,DY-NA,Washington,DC,"Washington, DC",Washington,DC,FMMOS,FMMOS - non-mars,01/23/2025 09:07:00,2024,2024-AUG,"12,961",component,lmprs,
Dec,2024,,Appalachian,5.0,"5,301",Producer Milk Components,AMS_3462,3462,Dairy FMMOS,DY-NA,Washington,DC,"Washington, DC",Washington,DC,FMMOS,FMMOS - non-mars,01/23/2025 09:07:00,2024,2024-AUG,436,component,lmprs,
Dec,2024,,Arizona,131.0,"4,186",Producer Milk Components,AMS_3462,3462,Dairy FMMOS,DY-NA,Washington,DC,"Washington, DC",Washington,DC,FMMOS,FMMOS - non-mars,01/23/2025 09:07:00,2024,2024-AUG,392,component,lmprs,
Dec,2024,,California,51.0,"23,224",Producer Milk Components,AMS_3462,3462,Dairy FMMOS,DY-NA,Washington,DC,"Washington, DC",Washington,DC,FMMOS,FMMOS - non-mars,01/23/2025 09:07:00,2024,2024-AUG,"2,213",component,lmprs,
Dec,2024,,Florida,6.0,"2,524",Producer Milk Components,AMS_3462,3462,Dairy FMMOS,DY-NA,Washington,DC,"Washington, DC",Washington,DC,FMMOS,FMMOS - non-mars,01/23/2025 09:07:00,2024,2024-AUG,213,component,lmprs,
Dec,2024,,Central,32.0,"14,608",Producer Milk Components,AMS_3462,3462,Dairy FMMOS,DY-NA,Washington,DC,"Washington, DC",Washington,DC,FMMOS,FMMOS - non-mars,01/23/2025 09:07:00,2024,2024-AUG,"1,200",component,lmprs,
Dec,2024,,Mideast,33.0,"18,182",Producer Milk Components,AMS_3462,3462,Dairy FMMOS,DY-NA,Washington,DC,"Washington, DC",Washington,DC,FMMOS,FMMOS - non-mars,01/23/2025 09:07:00,2024,2024-AUG,"1,596",component,lmprs,
Dec,2024,,Northeast,1.0,"26,949",Producer Milk Components,AMS_3462,3462,Dairy FMMOS,DY-NA,Washington,DC,"Washington, DC",Washington,DC,FMMOS,FMMOS - non-mars,01/23/2025 09:07:00,2024,2024-AUG,"2,273",component,lmprs,
Dec,2024,,Southeast,7.0,"3,497",Producer Milk Components,AMS_3462,3462,Dairy FMMOS,DY-NA,Washington,DC,"Washington, DC",Washington,DC,FMMOS,FMMOS - non-mars,01/23/2025 09:07:00,2024,2024-AUG,279,component,lmprs,
Dec,2024,,Pacific Northwest,124.0,"7,231",Producer Milk Components,AMS_3462,3462,Dairy FMMOS,DY-NA,Washington,DC,"Washington, DC",Washington,DC,FMMOS,FMMOS - non-mars,01/23/2025 09:07:00,2024,2024-AUG,615,component,lmprs,
Dec,2024,,Southwest,126.0,"12,641",Producer Milk Components,AMS_3462,3462,Dairy FMMOS,DY-NA,Washington,DC,"Washington, DC",Washington,DC,FMMOS,FMMOS - non-mars,01/23/2025 09:07:00,2024,2024-AUG,"1,182",component,lmprs,
Dec,2025,,Southwest,126.0,"12,960",Producer Milk Components,AMS_3462,3462,Dairy FMMOS,DY-NA,Washington,DC,"Washington, DC",Washington,DC,FMMOS,FMMOS - non-mars,01/21/2026 11:39:00,2025,2025-AUG,"1,331",component,lmprs,
Dec,2025,,Pacific Northwest,124.0,"6,760",Producer Milk Components,AMS_3462,3462,Dairy FMMOS,DY-NA,Washington,DC,"Washington, DC",Washington,DC,FMMOS,FMMOS - non-mars,01/21/2026 11:39:00,2025,2025-AUG,555,component,lmprs,
Dec,2025,,Southeast,7.0,"3,435",Producer Milk Components,AMS_3462,3462,Dairy FMMOS,DY-NA,Washington,DC,"Washington, DC",Washington,DC,FMMOS,FMMOS - non-mars,01/21/2026 11:39:00,2025,2025-AUG,265,component,lmprs,
Dec,2025,,Northeast,1.0,"27,624",Producer Milk Components,AMS_3462,3462,Dairy FMMOS,DY-NA,Washington,DC,"Washington, DC",Washington,DC,FMMOS,FMMOS - non-mars,01/21/2026 11:39:00,2025,2025-AUG,"2,335",component,lmprs,
Dec,2025,,Mideast,33.0,"20,705",Producer Milk Components,AMS_3462,3462,Dairy FMMOS,DY-NA,Washington,DC,"Washington, DC",Washington,DC,FMMOS,FMMOS - non-mars,01/21/2026 11:39:00,2025,2025-AUG,"1,829",component,lmprs,
Dec,2025,,Central,32.0,"13,960",Producer Milk Components,AMS_3462,3462,Dairy FMMOS,DY-NA,Washington,DC,"Washington, DC",Washington,DC,FMMOS,FMMOS - non-mars,01/21/2026 11:39:00,2025,2025-AUG,"1,237",component,lmprs,
Dec,2025,,Florida,6.0,"2,511",Producer Milk Components,AMS_3462,3462,Dairy FMMOS,DY-NA,Washington,DC,"Washington, DC",Washington,DC,FMMOS,FMMOS - non-mars,01/21/2026 11:39:00,2025,2025-AUG,213,component,lmprs,
Dec,2025,,California,51.0,"26,675",Producer Milk Components,AMS_3462,3462,Dairy FMMOS,DY-NA,Washington,DC,"Washington, DC",Washington,DC,FMMOS,FMMOS - non-mars,01/21/2026 11:39:00,2025,2025-AUG,"1,987",component,lmprs,
Dec,2025,,Arizona,131.0,"4,224",Producer Milk Components,AMS_3462,3462,Dairy FMMOS,DY-NA,Washington,DC,"Washington, DC",Washington,DC,FMMOS,FMMOS - non-mars,01/21/2026 11:39:00,2025,2025-AUG,355,component,lmprs,
Dec,2025,,Appalachian,5.0,"5,088",Producer Milk Components,AMS_3462,3462,Dairy FMMOS,DY-NA,Washington,DC,"Washington, DC",Washington,DC,FMMOS,FMMOS - non-mars,01/21/2026 11:39:00,2025,2025-AUG,417,component,lmprs,
Dec,2025,,All Markets Combined,,"148,750",Producer Milk Components,AMS_3462,3462,Dairy FMMOS,DY-NA,Washington,DC,"Washington, DC",Washington,DC,FMMOS,FMMOS - non-mars,01/21/2026 11:39:00,2025,2025-AUG,"13,055",component,lmprs,
Dec,2025,,Upper Midwest,30.0,"24,808",Producer Milk Components,AMS_3462,3462,Dairy FMMOS,DY-NA,Washington,DC,"Washington, DC",Washington,DC,FMMOS,FMMOS - non-mars,01/21/2026 11:39:00,2025,2025-AUG,"2,531",component,lmprs,
Mar,2026,,Upper Midwest,30.0,"5,226",Producer Milk Components,AMS_3462,3462,Dairy FMMOS,DY-NA,Washington,DC,"Washington, DC",Washington,DC,FMMOS,FMMOS - non-mars,04/21/2026 05:48:00,2026,2026-AUG,,component,lmprs,
Mar,2026,,All Markets Combined,,"35,299",Producer Milk Components,AMS_3462,3462,Dairy FMMOS,DY-NA,Washington,DC,"Washington, DC",Washington,DC,FMMOS,FMMOS - non-mars,04/21/2026 05:48:00,2026,2026-AUG,,component,lmprs,
Mar,2026,,Appalachian,5.0,"1,271",Producer Milk Components,AMS_3462,3462,Dairy FMMOS,DY-NA,Washington,DC,"Washington, DC",Washington,DC,FMMOS,FMMOS - non-mars,04/21/2026 05:48:00,2026,2026-AUG,,component,lmprs,
Mar,2026,,Arizona,131.0,"1,072",Producer Milk Components,AMS_3462,3462,Dairy FMMOS,DY-NA,Washington,DC,"Washington, DC",Washington,DC,FMMOS,FMMOS - non-mars,04/21/2026 05:48:00,2026,2026-AUG,,component,lmprs,
Mar,2026,,California,51.0,"5,543",Producer Milk Components,AMS_3462,3462,Dairy FMMOS,DY-NA,Washington,DC,"Washington, DC",Washington,DC,FMMOS,FMMOS - non-mars,04/21/2026 05:48:00,2026,2026-AUG,,component,lmprs,
Mar,2026,,Florida,6.0,674,Producer Milk Components,AMS_3462,3462,Dairy FMMOS,DY-NA,Washington,DC,"Washington, DC",Washington,DC,FMMOS,FMMOS - non-mars,04/21/2026 05:48:00,2026,2026-AUG,,component,lmprs,
Mar,2026,,Central,32.0,"3,511",Producer Milk Components,AMS_3462,3462,Dairy FMMOS,DY-NA,Washington,DC,"Washington, DC",Washington,DC,FMMOS,FMMOS - non-mars,04/21/2026 05:48:00,2026,2026-AUG,,component,lmprs,
Mar,2026,,Mideast,33.0,"5,415",Producer Milk Components,AMS_3462,3462,Dairy FMMOS,DY-NA,Washington,DC,"Washington, DC",Washington,DC,FMMOS,FMMOS - non-mars,04/21/2026 05:48:00,2026,2026-AUG,,component,lmprs,
Mar,2026,,Northeast,1.0,"6,894",Producer Milk Components,AMS_3462,3462,Dairy FMMOS,DY-NA,Washington,DC,"Washington, DC",Washington,DC,FMMOS,FMMOS - non-mars,04/21/2026 05:48:00,2026,2026-AUG,,component,lmprs,
Mar,2026,,Southeast,7.0,823,Producer Milk Components,AMS_3462,3462,Dairy FMMOS,DY-NA,Washington,DC,"Washington, DC",Washington,DC,FMMOS,FMMOS - non-mars,04/21/2026 05:48:00,2026,2026-AUG,,component,lmprs,
Mar,2026,,Pacific Northwest,124.0,"1,132",Producer Milk Components,AMS_3462,3462,Dairy FMMOS,DY-NA,Washington,DC,"Washington, DC",Washington,DC,FMMOS,FMMOS - non-mars,04/21/2026 05:48:00,2026,2026-AUG,,component,lmprs,
Mar,2026,,Southwest,126.0,"3,738",Producer Milk Components,AMS_3462,3462,Dairy FMMOS,DY-NA,Washington,DC,"Washington, DC",Washington,DC,FMMOS,FMMOS - non-mars,04/21/2026 05:48:00,2026,2026-AUG,,component,lmprs,
Dec,2000,,All Markets Combined,,"116,923",Producer Milk Components,AMS_3462,3462,Dairy FMMOS,DY-NA,Washington,DC,"Washington, DC",Washington,DC,FMMOS,FMMOS - non-mars,04/09/2021 07:48:00,2000,2000-SEP,"9,171",component,lmprs,
Dec,2000,,Appalachian,5.0,"6,318",Producer Milk Components,AMS_3462,3462,Dairy FMMOS,DY-NA,Washington,DC,"Washington, DC",Washington,DC,FMMOS,FMMOS - non-mars,04/09/2021 07:48:00,2000,2000-SEP,469,component,lmprs,
Dec,2000,,Arizona,131.0,"3,110",Producer Milk Components,AMS_3462,3462,Dairy FMMOS,DY-NA,Washington,DC,"Washington, DC",Washington,DC,FMMOS,FMMOS - non-mars,04/09/2021 07:48:00,2000,2000-SEP,229,component,lmprs,
Dec,2000,,Central,32.0,"16,036",Producer Milk Components,AMS_3462,3462,Dairy FMMOS,DY-NA,Washington,DC,"Washington, DC",Washington,DC,FMMOS,FMMOS - non-mars,04/09/2021 07:48:00,2000,2000-SEP,"1,332",component,lmprs,
Dec,2000,,Florida,6.0,"2,867",Producer Milk Components,AMS_3462,3462,Dairy FMMOS,DY-NA,Washington,DC,"Washington, DC",Washington,DC,FMMOS,FMMOS - non-mars,04/09/2021 07:48:00,2000,2000-SEP,204,component,lmprs,
Dec,2000,,Mideast,33.0,"14,181",Producer Milk Components,AMS_3462,3462,Dairy FMMOS,DY-NA,Washington,DC,"Washington, DC",Washington,DC,FMMOS,FMMOS - non-mars,04/09/2021 07:48:00,2000,2000-SEP,"1,259",component,lmprs,
Dec,2000,,Northeast,1.0,"23,972",Producer Milk Components,AMS_3462,3462,Dairy FMMOS,DY-NA,Washington,DC,"Washington, DC",Washington,DC,FMMOS,FMMOS - non-mars,04/09/2021 07:48:00,2000,2000-SEP,"1,835",component,lmprs,
Dec,2000,,Pacific Northwest,124.0,"6,776",Producer Milk Components,AMS_3462,3462,Dairy FMMOS,DY-NA,Washington,DC,"Washington, DC",Washington,DC,FMMOS,FMMOS - non-mars,04/09/2021 07:48:00,2000,2000-SEP,598,component,lmprs,
Dec,2000,,Southeast,7.0,"7,487",Producer Milk Components,AMS_3462,3462,Dairy FMMOS,DY-NA,Washington,DC,"Washington, DC",Washington,DC,FMMOS,FMMOS - non-mars,04/09/2021 07:48:00,2000,2000-SEP,563,component,lmprs,
Dec,2000,,Southwest,126.0,"8,713",Producer Milk Components,AMS_3462,3462,Dairy FMMOS,DY-NA,Washington,DC,"Washington, DC",Washington,DC,FMMOS,FMMOS - non-mars,04/09/2021 07:48:00,2000,2000-SEP,682,component,lmprs,
Dec,2000,,Upper Midwest,30.0,"23,415",Producer Milk Components,AMS_3462,3462,Dairy FMMOS,DY-NA,Washington,DC,"Washington, DC",Washington,DC,FMMOS,FMMOS - non-mars,04/09/2021 07:48:00,2000,2000-SEP,"1,708",component,lmprs,
Dec,2000,,Western,135.0,"4,048",Producer Milk Components,AMS_3462,3462,Dairy FMMOS,DY-NA,Washington,DC,"Washington, DC",Washington,DC,FMMOS,FMMOS - non-mars,04/09/2021 07:48:00,2000,2000-SEP,291,component,lmprs,
Dec,2001,,Western,135.0,"4,677",Producer Milk Components,AMS_3462,3462,Dairy FMMOS,DY-NA,Washington,DC,"Washington, DC",Washington,DC,FMMOS,FMMOS - non-mars,04/09/2021 07:46:00,2001,2001-SEP,447,component,lmprs,
Dec,2001,,Upper Midwest,30.0,"20,062",Producer Milk Components,AMS_3462,3462,Dairy FMMOS,DY-NA,Washington,DC,"Washington, DC",Washington,DC,FMMOS,FMMOS - non-mars,04/09/2021 07:46:00,2001,2001-SEP,"1,787",component,lmprs,
Dec,2001,,Southwest,126.0,"8,604",Producer Milk Components,AMS_3462,3462,Dairy FMMOS,DY-NA,Washington,DC,"Washington, DC",Washington,DC,FMMOS,FMMOS - non-mars,04/09/2021 07:46:00,2001,2001-SEP,674,component,lmprs,
Dec,2001,,Southeast,7.0,"7,769",Producer Milk Components,AMS_3462,3462,Dairy FMMOS,DY-NA,Washington,DC,"Washington, DC",Washington,DC,FMMOS,FMMOS - non-mars,04/09/2021 07:46:00,2001,2001-SEP,588,component,lmprs,
Dec,2001,,Pacific Northwest,124.0,"7,088",Producer Milk Components,AMS_3462,3462,Dairy FMMOS,DY-NA,Washington,DC,"Washington, DC",Washington,DC,FMMOS,FMMOS - non-mars,04/09/2021 07:46:00,2001,2001-SEP,610,component,lmprs,
Dec,2001,,Northeast,1.0,"24,557",Producer Milk Components,AMS_3462,3462,Dairy FMMOS,DY-NA,Washington,DC,"Washington, DC",Washington,DC,FMMOS,FMMOS - non-mars,04/09/2021 07:46:00,2001,2001-SEP,"1,976",component,lmprs,
Dec,2001,,Mideast,33.0,"17,229",Producer Milk Components,AMS_3462,3462,Dairy FMMOS,DY-NA,Washington,DC,"Washington, DC",Washington,DC,FMMOS,FMMOS - non-mars,04/09/2021 07:46:00,2001,2001-SEP,"1,323",component,lmprs,
Dec,2001,,Florida,6.0,"2,772",Producer Milk Components,AMS_3462,3462,Dairy FMMOS,DY-NA,Washington,DC,"Washington, DC",Washington,DC,FMMOS,FMMOS - non-mars,04/09/2021 07:46:00,2001,2001-SEP,200,component,lmprs,
Dec,2001,,Central,32.0,"17,836",Producer Milk Components,AMS_3462,3462,Dairy FMMOS,DY-NA,Washington,DC,"Washington, DC",Washington,DC,FMMOS,FMMOS - non-mars,04/09/2021 07:46:00,2001,2001-SEP,"1,408",component,lmprs,
Dec,2001,,Arizona,131.0,"2,956",Producer Milk Components,AMS_3462,3462,Dairy FMMOS,DY-NA,Washington,DC,"Washington, DC",Washington,DC,FMMOS,FMMOS - non-mars,04/09/2021 07:46:00,2001,2001-SEP,223,component,lmprs,
Dec,2001,,Appalachian,5.0,"6,673",Producer Milk Components,AMS_3462,3462,Dairy FMMOS,DY-NA,Washington,DC,"Washington, DC",Washington,DC,FMMOS,FMMOS - non-mars,04/09/2021 07:46:00,2001,2001-SEP,508,component,lmprs,
Dec,2001,,All Markets Combined,,"120,223",Producer Milk Components,AMS_3462,3462,Dairy FMMOS,DY-NA,Washington,DC,"Washington, DC",Washington,DC,FMMOS,FMMOS - non-mars,04/09/2021 07:46:00,2001,2001-SEP,"9,745",component,lmprs,
Dec,2002,,All Markets Combined,,"125,546",Producer Milk Components,AMS_3462,3462,Dairy FMMOS,DY-NA,Washington,DC,"Washington, DC",Washington,DC,FMMOS,FMMOS - non-mars,04/09/2021 07:46:00,2002,2002-SEP,"9,945",component,lmprs,
Dec,2002,,Appalachian,5.0,"6,706",Producer Milk Components,AMS_3462,3462,Dairy FMMOS,DY-NA,Washington,DC,"Washington, DC",Washington,DC,FMMOS,FMMOS - non-mars,04/09/2021 07:46:00,2002,2002-SEP,507,component,lmprs,
Dec,2002,,Arizona,131.0,"3,027",Producer Milk Components,AMS_3462,3462,Dairy FMMOS,DY-NA,Washington,DC,"Washington, DC",Washington,DC,FMMOS,FMMOS - non-mars,04/09/2021 07:46:00,2002,2002-SEP,216,component,lmprs,
Dec,2002,,Central,32.0,"18,700",Producer Milk Components,AMS_3462,3462,Dairy FMMOS,DY-NA,Washington,DC,"Washington, DC",Washington,DC,FMMOS,FMMOS - non-mars,04/09/2021 07:46:00,2002,2002-SEP,"1,523",component,lmprs,
Dec,2002,,Florida,6.0,"2,693",Producer Milk Components,AMS_3462,3462,Dairy FMMOS,DY-NA,Washington,DC,"Washington, DC",Washington,DC,FMMOS,FMMOS - non-mars,04/09/2021 07:46:00,2002,2002-SEP,193,component,lmprs,
Dec,2002,,Mideast,33.0,"17,739",Producer Milk Components,AMS_3462,3462,Dairy FMMOS,DY-NA,Washington,DC,"Washington, DC",Washington,DC,FMMOS,FMMOS - non-mars,04/09/2021 07:46:00,2002,2002-SEP,"1,399",component,lmprs,
Dec,2002,,Northeast,1.0,"25,358",Producer Milk Components,AMS_3462,3462,Dairy FMMOS,DY-NA,Washington,DC,"Washington, DC",Washington,DC,FMMOS,FMMOS - non-mars,04/09/2021 07:46:00,2002,2002-SEP,"1,926",component,lmprs,
Dec,2002,,Pacific Northwest,124.0,"7,824",Producer Milk Components,AMS_3462,3462,Dairy FMMOS,DY-NA,Washington,DC,"Washington, DC",Washington,DC,FMMOS,FMMOS - non-mars,04/09/2021 07:46:00,2002,2002-SEP,644,component,lmprs,
Dec,2002,,Southeast,7.0,"7,927",Producer Milk Components,AMS_3462,3462,Dairy FMMOS,DY-NA,Washington,DC,"Washington, DC",Washington,DC,FMMOS,FMMOS - non-mars,04/09/2021 07:46:00,2002,2002-SEP,598,component,lmprs,
Dec,2002,,Southwest,126.0,"9,714",Producer Milk Components,AMS_3462,3462,Dairy FMMOS,DY-NA,Washington,DC,"Washington, DC",Washington,DC,FMMOS,FMMOS - non-mars,04/09/2021 07:46:00,2002,2002-SEP,748,component,lmprs,
Dec,2002,,Upper Midwest,30.0,"20,307",Producer Milk Components,AMS_3462,3462,Dairy FMMOS,DY-NA,Washington,DC,"Washington, DC",Washington,DC,FMMOS,FMMOS - non-mars,04/09/2021 07:46:00,2002,2002-SEP,"1,651",component,lmprs,
Dec,2002,,Western,135.0,"5,552",Producer Milk Components,AMS_3462,3462,Dairy FMMOS,DY-NA,Washington,DC,"Washington, DC",Washington,DC,FMMOS,FMMOS - non-mars,04/09/2021 07:46:00,2002,2002-SEP,540,component,lmprs,
Dec,2003,,Western,135.0,"4,573",Producer Milk Components,AMS_3462,3462,Dairy FMMOS,DY-NA,Washington,DC,"Washington, DC",Washington,DC,FMMOS,FMMOS - non-mars,04/09/2021 07:46:00,2003,2003-SEP,168,component,lmprs,
Dec,2003,,Upper Midwest,30.0,"17,018",Producer Milk Components,AMS_3462,3462,Dairy FMMOS,DY-NA,Washington,DC,"Washington, DC",Washington,DC,FMMOS,FMMOS - non-mars,04/09/2021 07:46:00,2003,2003-SEP,644,component,lmprs,
Dec,2003,,Southwest,126.0,"9,174",Producer Milk Components,AMS_3462,3462,Dairy FMMOS,DY-NA,Washington,DC,"Washington, DC",Washington,DC,FMMOS,FMMOS - non-mars,04/09/2021 07:46:00,2003,2003-SEP,531,component,lmprs,
Dec,2003,,Southeast,7.0,"7,071",Producer Milk Components,AMS_3462,3462,Dairy FMMOS,DY-NA,Washington,DC,"Washington, DC",Washington,DC,FMMOS,FMMOS - non-mars,04/09/2021 07:46:00,2003,2003-SEP,538,component,lmprs,
Dec,2003,,Northeast,1.0,"24,038",Producer Milk Components,AMS_3462,3462,Dairy FMMOS,DY-NA,Washington,DC,"Washington, DC",Washington,DC,FMMOS,FMMOS - non-mars,04/09/2021 07:46:00,2003,2003-SEP,"1,882",component,lmprs,
Dec,2003,,Pacific Northwest,124.0,"6,336",Producer Milk Components,AMS_3462,3462,Dairy FMMOS,DY-NA,Washington,DC,"Washington, DC",Washington,DC,FMMOS,FMMOS - non-mars,04/09/2021 07:46:00,2003,2003-SEP,372,component,lmprs,
Dec,2003,,Mideast,33.0,"15,750",Producer Milk Components,AMS_3462,3462,Dairy FMMOS,DY-NA,Washington,DC,"Washington, DC",Washington,DC,FMMOS,FMMOS - non-mars,04/09/2021 07:46:00,2003,2003-SEP,"1,006",component,lmprs,
Dec,2003,,Florida,6.0,"2,833",Producer Milk Components,AMS_3462,3462,Dairy FMMOS,DY-NA,Washington,DC,"Washington, DC",Washington,DC,FMMOS,FMMOS - non-mars,04/09/2021 07:46:00,2003,2003-SEP,196,component,lmprs,
Dec,2003,,Arizona,131.0,"3,061",Producer Milk Components,AMS_3462,3462,Dairy FMMOS,DY-NA,Washington,DC,"Washington, DC",Washington,DC,FMMOS,FMMOS - non-mars,04/09/2021 07:46:00,2003,2003-SEP,222,component,lmprs,
Dec,2003,,Central,32.0,"14,411",Producer Milk Components,AMS_3462,3462,Dairy FMMOS,DY-NA,Washington,DC,"Washington, DC",Washington,DC,FMMOS,FMMOS - non-mars,04/09/2021 07:46:00,2003,2003-SEP,711,component,lmprs,
Dec,2003,,Appalachian,5.0,"6,315",Producer Milk Components,AMS_3462,3462,Dairy FMMOS,DY-NA,Washington,DC,"Washington, DC",Washington,DC,FMMOS,FMMOS - non-mars,04/09/2021 07:46:00,2003,2003-SEP,482,component,lmprs,
Dec,2003,,All Markets Combined,,"110,581",Producer Milk Components,AMS_3462,3462,Dairy FMMOS,DY-NA,Washington,DC,"Washington, DC",Washington,DC,FMMOS,FMMOS - non-mars,04/09/2021 07:46:00,2003,2003-SEP,"6,752",component,lmprs,
Dec,2004,,All Markets Combined,,"103,047",Producer Milk Components,AMS_3462,3462,Dairy FMMOS,DY-NA,Washington,DC,"Washington, DC",Washington,DC,FMMOS,FMMOS - non-mars,04/09/2021 07:44:00,2004,2004-SEP,"7,859",component,lmprs,
Dec,2004,,Appalachian,5.0,"6,203",Producer Milk Components,AMS_3462,3462,Dairy FMMOS,DY-NA,Washington,DC,"Washington, DC",Washington,DC,FMMOS,FMMOS - non-mars,04/09/2021 07:44:00,2004,2004-SEP,492,component,lmprs,
Dec,2004,,Central,32.0,"11,589",Producer Milk Components,AMS_3462,3462,Dairy FMMOS,DY-NA,Washington,DC,"Washington, DC",Washington,DC,FMMOS,FMMOS - non-mars,04/09/2021 07:44:00,2004,2004-SEP,759,component,lmprs,
Dec,2004,,Arizona,131.0,"2,901",Producer Milk Components,AMS_3462,3462,Dairy FMMOS,DY-NA,Washington,DC,"Washington, DC",Washington,DC,FMMOS,FMMOS - non-mars,04/09/2021 07:44:00,2004,2004-SEP,218,component,lmprs,
Dec,2004,,Florida,6.0,"2,873",Producer Milk Components,AMS_3462,3462,Dairy FMMOS,DY-NA,Washington,DC,"Washington, DC",Washington,DC,FMMOS,FMMOS - non-mars,04/09/2021 07:44:00,2004,2004-SEP,191,component,lmprs,
Dec,2004,,Mideast,33.0,"15,940",Producer Milk Components,AMS_3462,3462,Dairy FMMOS,DY-NA,Washington,DC,"Washington, DC",Washington,DC,FMMOS,FMMOS - non-mars,04/09/2021 07:44:00,2004,2004-SEP,"1,336",component,lmprs,
Dec,2004,,Pacific Northwest,124.0,"6,518",Producer Milk Components,AMS_3462,3462,Dairy FMMOS,DY-NA,Washington,DC,"Washington, DC",Washington,DC,FMMOS,FMMOS - non-mars,04/09/2021 07:44:00,2004,2004-SEP,481,component,lmprs,
Dec,2004,,Northeast,1.0,"22,670",Producer Milk Components,AMS_3462,3462,Dairy FMMOS,DY-NA,Washington,DC,"Washington, DC",Washington,DC,FMMOS,FMMOS - non-mars,04/09/2021 07:44:00,2004,2004-SEP,"1,788",component,lmprs,
Dec,2004,,Southeast,7.0,"7,164",Producer Milk Components,AMS_3462,3462,Dairy FMMOS,DY-NA,Washington,DC,"Washington, DC",Washington,DC,FMMOS,FMMOS - non-mars,04/09/2021 07:44:00,2004,2004-SEP,560,component,lmprs,
Dec,2004,,Southwest,126.0,"8,790",Producer Milk Components,AMS_3462,3462,Dairy FMMOS,DY-NA,Washington,DC,"Washington, DC",Washington,DC,FMMOS,FMMOS - non-mars,04/09/2021 07:44:00,2004,2004-SEP,744,component,lmprs,
Dec,2004,,Upper Midwest,30.0,"17,302",Producer Milk Components,AMS_3462,3462,Dairy FMMOS,DY-NA,Washington,DC,"Washington, DC",Washington,DC,FMMOS,FMMOS - non-mars,04/09/2021 07:44:00,2004,2004-SEP,"1,290",component,lmprs,
Dec,2004,,Western,135.0,"1,096",Producer Milk Components,AMS_3462,3462,Dairy FMMOS,DY-NA,Washington,DC,"Washington, DC",Washington,DC,FMMOS,FMMOS - non-mars,04/09/2021 07:44:00,2004,2004-SEP,,component,lmprs,
Dec,2005,,Upper Midwest,30.0,"22,450",Producer Milk Components,AMS_3462,3462,Dairy FMMOS,DY-NA,Washington,DC,"Washington, DC",Washington,DC,FMMOS,FMMOS - non-mars,03/30/2021 14:16:00,2005,2005-SEP,"2,075",component,lmprs,
Dec,2005,,Southwest,126.0,"9,579",Producer Milk Components,AMS_3462,3462,Dairy FMMOS,DY-NA,Washington,DC,"Washington, DC",Washington,DC,FMMOS,FMMOS - non-mars,03/30/2021 14:16:00,2005,2005-SEP,767,component,lmprs,
Dec,2005,,Southeast,7.0,"7,544",Producer Milk Components,AMS_3462,3462,Dairy FMMOS,DY-NA,Washington,DC,"Washington, DC",Washington,DC,FMMOS,FMMOS - non-mars,03/30/2021 14:16:00,2005,2005-SEP,569,component,lmprs,
Dec,2005,,Northeast,1.0,"23,565",Producer Milk Components,AMS_3462,3462,Dairy FMMOS,DY-NA,Washington,DC,"Washington, DC",Washington,DC,FMMOS,FMMOS - non-mars,03/30/2021 14:16:00,2005,2005-SEP,"1,866",component,lmprs,
Dec,2005,,Pacific Northwest,124.0,"7,046",Producer Milk Components,AMS_3462,3462,Dairy FMMOS,DY-NA,Washington,DC,"Washington, DC",Washington,DC,FMMOS,FMMOS - non-mars,03/30/2021 14:16:00,2005,2005-SEP,633,component,lmprs,
Dec,2005,,Mideast,33.0,"18,060",Producer Milk Components,AMS_3462,3462,Dairy FMMOS,DY-NA,Washington,DC,"Washington, DC",Washington,DC,FMMOS,FMMOS - non-mars,03/30/2021 14:16:00,2005,2005-SEP,"1,431",component,lmprs,
Dec,2005,,Florida,6.0,"3,125",Producer Milk Components,AMS_3462,3462,Dairy FMMOS,DY-NA,Washington,DC,"Washington, DC",Washington,DC,FMMOS,FMMOS - non-mars,03/30/2021 14:16:00,2005,2005-SEP,227,component,lmprs,
Dec,2005,,Central,32.0,"13,966",Producer Milk Components,AMS_3462,3462,Dairy FMMOS,DY-NA,Washington,DC,"Washington, DC",Washington,DC,FMMOS,FMMOS - non-mars,03/30/2021 14:16:00,2005,2005-SEP,"1,234",component,lmprs,
Dec,2005,,Appalachian,5.0,"6,400",Producer Milk Components,AMS_3462,3462,Dairy FMMOS,DY-NA,Washington,DC,"Washington, DC",Washington,DC,FMMOS,FMMOS - non-mars,03/30/2021 14:16:00,2005,2005-SEP,466,component,lmprs,
Dec,2005,,Arizona,131.0,"2,948",Producer Milk Components,AMS_3462,3462,Dairy FMMOS,DY-NA,Washington,DC,"Washington, DC",Washington,DC,FMMOS,FMMOS - non-mars,03/30/2021 14:16:00,2005,2005-SEP,218,component,lmprs,
Dec,2005,,All Markets Combined,,"114,682",Producer Milk Components,AMS_3462,3462,Dairy FMMOS,DY-NA,Washington,DC,"Washington, DC",Washington,DC,FMMOS,FMMOS - non-mars,03/30/2021 14:16:00,2005,2005-SEP,"9,488",component,lmprs,
Dec,2006,,All Markets Combined,,"120,618",Producer Milk Components,AMS_3462,3462,Dairy FMMOS,DY-NA,Washington,DC,"Washington, DC",Washington,DC,FMMOS,FMMOS - non-mars,03/30/2021 14:16:00,2006,2006-SEP,"8,662",component,lmprs,
Dec,2006,,Arizona,131.0,"3,383",Producer Milk Components,AMS_3462,3462,Dairy FMMOS,DY-NA,Washington,DC,"Washington, DC",Washington,DC,FMMOS,FMMOS - non-mars,03/30/2021 14:16:00,2006,2006-SEP,250,component,lmprs,
Dec,2006,,Appalachian,5.0,"6,243",Producer Milk Components,AMS_3462,3462,Dairy FMMOS,DY-NA,Washington,DC,"Washington, DC",Washington,DC,FMMOS,FMMOS - non-mars,03/30/2021 14:16:00,2006,2006-SEP,456,component,lmprs,
Dec,2006,,Central,32.0,"13,917",Producer Milk Components,AMS_3462,3462,Dairy FMMOS,DY-NA,Washington,DC,"Washington, DC",Washington,DC,FMMOS,FMMOS - non-mars,03/30/2021 14:16:00,2006,2006-SEP,807,component,lmprs,
Dec,2006,,Florida,6.0,"3,126",Producer Milk Components,AMS_3462,3462,Dairy FMMOS,DY-NA,Washington,DC,"Washington, DC",Washington,DC,FMMOS,FMMOS - non-mars,03/30/2021 14:16:00,2006,2006-SEP,232,component,lmprs,
Dec,2006,,Mideast,33.0,"17,189",Producer Milk Components,AMS_3462,3462,Dairy FMMOS,DY-NA,Washington,DC,"Washington, DC",Washington,DC,FMMOS,FMMOS - non-mars,03/30/2021 14:16:00,2006,2006-SEP,"1,260",component,lmprs,
Dec,2006,,Pacific Northwest,124.0,"7,570",Producer Milk Components,AMS_3462,3462,Dairy FMMOS,DY-NA,Washington,DC,"Washington, DC",Washington,DC,FMMOS,FMMOS - non-mars,03/30/2021 14:16:00,2006,2006-SEP,488,component,lmprs,
Dec,2006,,Northeast,1.0,"22,680",Producer Milk Components,AMS_3462,3462,Dairy FMMOS,DY-NA,Washington,DC,"Washington, DC",Washington,DC,FMMOS,FMMOS - non-mars,03/30/2021 14:16:00,2006,2006-SEP,"1,746",component,lmprs,
Dec,2006,,Southeast,7.0,"8,055",Producer Milk Components,AMS_3462,3462,Dairy FMMOS,DY-NA,Washington,DC,"Washington, DC",Washington,DC,FMMOS,FMMOS - non-mars,03/30/2021 14:16:00,2006,2006-SEP,607,component,lmprs,
Dec,2006,,Southwest,126.0,"11,600",Producer Milk Components,AMS_3462,3462,Dairy FMMOS,DY-NA,Washington,DC,"Washington, DC",Washington,DC,FMMOS,FMMOS - non-mars,03/30/2021 14:16:00,2006,2006-SEP,879,component,lmprs,
Dec,2006,,Upper Midwest,30.0,"26,855",Producer Milk Components,AMS_3462,3462,Dairy FMMOS,DY-NA,Washington,DC,"Washington, DC",Washington,DC,FMMOS,FMMOS - non-mars,03/30/2021 14:16:00,2006,2006-SEP,"1,937",component,lmprs,
Dec,2007,,Upper Midwest,30.0,"26,490",Producer Milk Components,AMS_3462,3462,Dairy FMMOS,DY-NA,Washington,DC,"Washington, DC",Washington,DC,FMMOS,FMMOS - non-mars,03/30/2021 14:16:00,2007,2007-SEP,"2,253",component,lmprs,
Dec,2007,,Southwest,126.0,"9,990",Producer Milk Components,AMS_3462,3462,Dairy FMMOS,DY-NA,Washington,DC,"Washington, DC",Washington,DC,FMMOS,FMMOS - non-mars,03/30/2021 14:16:00,2007,2007-SEP,967,component,lmprs,
Dec,2007,,Southeast,7.0,"7,521",Producer Milk Components,AMS_3462,3462,Dairy FMMOS,DY-NA,Washington,DC,"Washington, DC",Washington,DC,FMMOS,FMMOS - non-mars,03/30/2021 14:16:00,2007,2007-SEP,558,component,lmprs,
Dec,2007,,Northeast,1.0,"23,040",Producer Milk Components,AMS_3462,3462,Dairy FMMOS,DY-NA,Washington,DC,"Washington, DC",Washington,DC,FMMOS,FMMOS - non-mars,03/30/2021 14:16:00,2007,2007-SEP,"1,907",component,lmprs,
Dec,2007,,Pacific Northwest,124.0,"7,036",Producer Milk Components,AMS_3462,3462,Dairy FMMOS,DY-NA,Washington,DC,"Washington, DC",Washington,DC,FMMOS,FMMOS - non-mars,03/30/2021 14:16:00,2007,2007-SEP,568,component,lmprs,
Dec,2007,,Mideast,33.0,"16,268",Producer Milk Components,AMS_3462,3462,Dairy FMMOS,DY-NA,Washington,DC,"Washington, DC",Washington,DC,FMMOS,FMMOS - non-mars,03/30/2021 14:16:00,2007,2007-SEP,"1,305",component,lmprs,
Dec,2007,,Florida,6.0,"3,207",Producer Milk Components,AMS_3462,3462,Dairy FMMOS,DY-NA,Washington,DC,"Washington, DC",Washington,DC,FMMOS,FMMOS - non-mars,03/30/2021 14:16:00,2007,2007-SEP,236,component,lmprs,
Dec,2007,,Central,32.0,"11,193",Producer Milk Components,AMS_3462,3462,Dairy FMMOS,DY-NA,Washington,DC,"Washington, DC",Washington,DC,FMMOS,FMMOS - non-mars,03/30/2021 14:16:00,2007,2007-SEP,929,component,lmprs,
Dec,2007,,Appalachian,5.0,"5,865",Producer Milk Components,AMS_3462,3462,Dairy FMMOS,DY-NA,Washington,DC,"Washington, DC",Washington,DC,FMMOS,FMMOS - non-mars,03/30/2021 14:16:00,2007,2007-SEP,459,component,lmprs,
Dec,2007,,Arizona,131.0,"3,799",Producer Milk Components,AMS_3462,3462,Dairy FMMOS,DY-NA,Washington,DC,"Washington, DC",Washington,DC,FMMOS,FMMOS - non-mars,03/30/2021 14:16:00,2007,2007-SEP,283,component,lmprs,
Dec,2007,,All Markets Combined,,"114,407",Producer Milk Components,AMS_3462,3462,Dairy FMMOS,DY-NA,Washington,DC,"Washington, DC",Washington,DC,FMMOS,FMMOS - non-mars,03/30/2021 14:16:00,2007,2007-SEP,"9,464",component,lmprs,
Dec,2008,,All Markets Combined,,"115,867",Producer Milk Components,AMS_3462,3462,Dairy FMMOS,DY-NA,Washington,DC,"Washington, DC",Washington,DC,FMMOS,FMMOS - non-mars,03/30/2021 14:15:00,2008,2008-SEP,"9,777",component,lmprs,
Dec,2008,,Arizona,131.0,"4,156",Producer Milk Components,AMS_3462,3462,Dairy FMMOS,DY-NA,Washington,DC,"Washington, DC",Washington,DC,FMMOS,FMMOS - non-mars,03/30/2021 14:15:00,2008,2008-SEP,310,component,lmprs,
Dec,2008,,Appalachian,5.0,"5,882",Producer Milk Components,AMS_3462,3462,Dairy FMMOS,DY-NA,Washington,DC,"Washington, DC",Washington,DC,FMMOS,FMMOS - non-mars,03/30/2021 14:15:00,2008,2008-SEP,480,component,lmprs,
Dec,2008,,Central,32.0,"11,564",Producer Milk Components,AMS_3462,3462,Dairy FMMOS,DY-NA,Washington,DC,"Washington, DC",Washington,DC,FMMOS,FMMOS - non-mars,03/30/2021 14:15:00,2008,2008-SEP,"1,019",component,lmprs,
Dec,2008,,Florida,6.0,"3,130",Producer Milk Components,AMS_3462,3462,Dairy FMMOS,DY-NA,Washington,DC,"Washington, DC",Washington,DC,FMMOS,FMMOS - non-mars,03/30/2021 14:15:00,2008,2008-SEP,237,component,lmprs,
Dec,2008,,Mideast,33.0,"15,707",Producer Milk Components,AMS_3462,3462,Dairy FMMOS,DY-NA,Washington,DC,"Washington, DC",Washington,DC,FMMOS,FMMOS - non-mars,03/30/2021 14:15:00,2008,2008-SEP,"1,253",component,lmprs,
Dec,2008,,Pacific Northwest,124.0,"6,882",Producer Milk Components,AMS_3462,3462,Dairy FMMOS,DY-NA,Washington,DC,"Washington, DC",Washington,DC,FMMOS,FMMOS - non-mars,03/30/2021 14:15:00,2008,2008-SEP,627,component,lmprs,
Dec,2008,,Northeast,1.0,"23,895",Producer Milk Components,AMS_3462,3462,Dairy FMMOS,DY-NA,Washington,DC,"Washington, DC",Washington,DC,FMMOS,FMMOS - non-mars,03/30/2021 14:15:00,2008,2008-SEP,"1,882",component,lmprs,
Dec,2008,,Southeast,7.0,"6,923",Producer Milk Components,AMS_3462,3462,Dairy FMMOS,DY-NA,Washington,DC,"Washington, DC",Washington,DC,FMMOS,FMMOS - non-mars,03/30/2021 14:15:00,2008,2008-SEP,537,component,lmprs,
Dec,2008,,Southwest,126.0,"9,687",Producer Milk Components,AMS_3462,3462,Dairy FMMOS,DY-NA,Washington,DC,"Washington, DC",Washington,DC,FMMOS,FMMOS - non-mars,03/30/2021 14:15:00,2008,2008-SEP,901,component,lmprs,
Dec,2008,,Upper Midwest,30.0,"28,041",Producer Milk Components,AMS_3462,3462,Dairy FMMOS,DY-NA,Washington,DC,"Washington, DC",Washington,DC,FMMOS,FMMOS - non-mars,03/30/2021 14:15:00,2008,2008-SEP,"2,531",component,lmprs,
Dec,2009,,Upper Midwest,30.0,"32,184",Producer Milk Components,AMS_3462,3462,Dairy FMMOS,DY-NA,Washington,DC,"Washington, DC",Washington,DC,FMMOS,FMMOS - non-mars,03/30/2021 14:15:00,2009,2009-SEP,"2,395",component,lmprs,
Dec,2009,,Southwest,126.0,"10,809",Producer Milk Components,AMS_3462,3462,Dairy FMMOS,DY-NA,Washington,DC,"Washington, DC",Washington,DC,FMMOS,FMMOS - non-mars,03/30/2021 14:15:00,2009,2009-SEP,844,component,lmprs,
Dec,2009,,Southeast,7.0,"7,169",Producer Milk Components,AMS_3462,3462,Dairy FMMOS,DY-NA,Washington,DC,"Washington, DC",Washington,DC,FMMOS,FMMOS - non-mars,03/30/2021 14:15:00,2009,2009-SEP,543,component,lmprs,
Dec,2009,,Northeast,1.0,"23,497",Producer Milk Components,AMS_3462,3462,Dairy FMMOS,DY-NA,Washington,DC,"Washington, DC",Washington,DC,FMMOS,FMMOS - non-mars,03/30/2021 14:15:00,2009,2009-SEP,"1,841",component,lmprs,
Dec,2009,,Pacific Northwest,124.0,"7,470",Producer Milk Components,AMS_3462,3462,Dairy FMMOS,DY-NA,Washington,DC,"Washington, DC",Washington,DC,FMMOS,FMMOS - non-mars,03/30/2021 14:15:00,2009,2009-SEP,395,component,lmprs,
Dec,2009,,Mideast,33.0,"16,596",Producer Milk Components,AMS_3462,3462,Dairy FMMOS,DY-NA,Washington,DC,"Washington, DC",Washington,DC,FMMOS,FMMOS - non-mars,03/30/2021 14:15:00,2009,2009-SEP,"1,306",component,lmprs,
Dec,2009,,Florida,6.0,"3,027",Producer Milk Components,AMS_3462,3462,Dairy FMMOS,DY-NA,Washington,DC,"Washington, DC",Washington,DC,FMMOS,FMMOS - non-mars,03/30/2021 14:15:00,2009,2009-SEP,240,component,lmprs,
Dec,2009,,Central,32.0,"12,685",Producer Milk Components,AMS_3462,3462,Dairy FMMOS,DY-NA,Washington,DC,"Washington, DC",Washington,DC,FMMOS,FMMOS - non-mars,03/30/2021 14:15:00,2009,2009-SEP,885,component,lmprs,
Dec,2009,,Appalachian,5.0,"5,950",Producer Milk Components,AMS_3462,3462,Dairy FMMOS,DY-NA,Washington,DC,"Washington, DC",Washington,DC,FMMOS,FMMOS - non-mars,03/30/2021 14:15:00,2009,2009-SEP,470,component,lmprs,
Dec,2009,,Arizona,131.0,"4,042",Producer Milk Components,AMS_3462,3462,Dairy FMMOS,DY-NA,Washington,DC,"Washington, DC",Washington,DC,FMMOS,FMMOS - non-mars,03/30/2021 14:15:00,2009,2009-SEP,284,component,lmprs,
Dec,2009,,All Markets Combined,,"123,430",Producer Milk Components,AMS_3462,3462,Dairy FMMOS,DY-NA,Washington,DC,"Washington, DC",Washington,DC,FMMOS,FMMOS - non-mars,03/30/2021 14:15:00,2009,2009-SEP,"9,203",component,lmprs,
Dec,2010,,All Markets Combined,,"126,909",Producer Milk Components,AMS_3462,3462,Dairy FMMOS,DY-NA,Washington,DC,"Washington, DC",Washington,DC,FMMOS,FMMOS - non-mars,03/30/2021 14:14:00,2010,2010-SEP,"10,091",component,lmprs,
Dec,2010,,Arizona,131.0,"4,232",Producer Milk Components,AMS_3462,3462,Dairy FMMOS,DY-NA,Washington,DC,"Washington, DC",Washington,DC,FMMOS,FMMOS - non-mars,03/30/2021 14:14:00,2010,2010-SEP,322,component,lmprs,
Dec,2010,,Appalachian,5.0,"6,042",Producer Milk Components,AMS_3462,3462,Dairy FMMOS,DY-NA,Washington,DC,"Washington, DC",Washington,DC,FMMOS,FMMOS - non-mars,03/30/2021 14:14:00,2010,2010-SEP,479,component,lmprs,
Dec,2010,,Central,32.0,"13,352",Producer Milk Components,AMS_3462,3462,Dairy FMMOS,DY-NA,Washington,DC,"Washington, DC",Washington,DC,FMMOS,FMMOS - non-mars,03/30/2021 14:14:00,2010,2010-SEP,"1,132",component,lmprs,
Dec,2010,,Florida,6.0,"2,902",Producer Milk Components,AMS_3462,3462,Dairy FMMOS,DY-NA,Washington,DC,"Washington, DC",Washington,DC,FMMOS,FMMOS - non-mars,03/30/2021 14:14:00,2010,2010-SEP,230,component,lmprs,
Dec,2010,,Mideast,33.0,"16,022",Producer Milk Components,AMS_3462,3462,Dairy FMMOS,DY-NA,Washington,DC,"Washington, DC",Washington,DC,FMMOS,FMMOS - non-mars,03/30/2021 14:14:00,2010,2010-SEP,"1,252",component,lmprs,
Dec,2010,,Pacific Northwest,124.0,"8,011",Producer Milk Components,AMS_3462,3462,Dairy FMMOS,DY-NA,Washington,DC,"Washington, DC",Washington,DC,FMMOS,FMMOS - non-mars,03/30/2021 14:14:00,2010,2010-SEP,657,component,lmprs,
Dec,2010,,Northeast,1.0,"24,335",Producer Milk Components,AMS_3462,3462,Dairy FMMOS,DY-NA,Washington,DC,"Washington, DC",Washington,DC,FMMOS,FMMOS - non-mars,03/30/2021 14:14:00,2010,2010-SEP,"1,945",component,lmprs,
Dec,2010,,Southeast,7.0,"7,001",Producer Milk Components,AMS_3462,3462,Dairy FMMOS,DY-NA,Washington,DC,"Washington, DC",Washington,DC,FMMOS,FMMOS - non-mars,03/30/2021 14:14:00,2010,2010-SEP,530,component,lmprs,
Dec,2010,,Southwest,126.0,"11,210",Producer Milk Components,AMS_3462,3462,Dairy FMMOS,DY-NA,Washington,DC,"Washington, DC",Washington,DC,FMMOS,FMMOS - non-mars,03/30/2021 14:14:00,2010,2010-SEP,865,component,lmprs,
Dec,2010,,Upper Midwest,30.0,"33,803",Producer Milk Components,AMS_3462,3462,Dairy FMMOS,DY-NA,Washington,DC,"Washington, DC",Washington,DC,FMMOS,FMMOS - non-mars,03/30/2021 14:14:00,2010,2010-SEP,"2,679",component,lmprs,
Dec,2011,,Southwest,126.0,"11,233",Producer Milk Components,AMS_3462,3462,Dairy FMMOS,DY-NA,Washington,DC,"Washington, DC",Washington,DC,FMMOS,FMMOS - non-mars,03/30/2021 14:14:00,2011,2011-SEP,949,component,lmprs,
Dec,2011,,Upper Midwest,30.0,"32,766",Producer Milk Components,AMS_3462,3462,Dairy FMMOS,DY-NA,Washington,DC,"Washington, DC",Washington,DC,FMMOS,FMMOS - non-mars,03/30/2021 14:14:00,2011,2011-SEP,"2,671",component,lmprs,
Dec,2011,,Southeast,7.0,"7,057",Producer Milk Components,AMS_3462,3462,Dairy FMMOS,DY-NA,Washington,DC,"Washington, DC",Washington,DC,FMMOS,FMMOS - non-mars,03/30/2021 14:14:00,2011,2011-SEP,546,component,lmprs,
Dec,2011,,Pacific Northwest,124.0,"8,023",Producer Milk Components,AMS_3462,3462,Dairy FMMOS,DY-NA,Washington,DC,"Washington, DC",Washington,DC,FMMOS,FMMOS - non-mars,03/30/2021 14:14:00,2011,2011-SEP,691,component,lmprs,
Dec,2011,,Mideast,33.0,"15,939",Producer Milk Components,AMS_3462,3462,Dairy FMMOS,DY-NA,Washington,DC,"Washington, DC",Washington,DC,FMMOS,FMMOS - non-mars,03/30/2021 14:14:00,2011,2011-SEP,"1,307",component,lmprs,
Dec,2011,,Northeast,1.0,"24,358",Producer Milk Components,AMS_3462,3462,Dairy FMMOS,DY-NA,Washington,DC,"Washington, DC",Washington,DC,FMMOS,FMMOS - non-mars,03/30/2021 14:14:00,2011,2011-SEP,"1,967",component,lmprs,
Dec,2011,,Florida,6.0,"2,919",Producer Milk Components,AMS_3462,3462,Dairy FMMOS,DY-NA,Washington,DC,"Washington, DC",Washington,DC,FMMOS,FMMOS - non-mars,03/30/2021 14:14:00,2011,2011-SEP,231,component,lmprs,
Dec,2011,,Central,32.0,"13,938",Producer Milk Components,AMS_3462,3462,Dairy FMMOS,DY-NA,Washington,DC,"Washington, DC",Washington,DC,FMMOS,FMMOS - non-mars,03/30/2021 14:14:00,2011,2011-SEP,"1,305",component,lmprs,
Dec,2011,,Appalachian,5.0,"6,128",Producer Milk Components,AMS_3462,3462,Dairy FMMOS,DY-NA,Washington,DC,"Washington, DC",Washington,DC,FMMOS,FMMOS - non-mars,03/30/2021 14:14:00,2011,2011-SEP,501,component,lmprs,
Dec,2011,,Arizona,131.0,"4,518",Producer Milk Components,AMS_3462,3462,Dairy FMMOS,DY-NA,Washington,DC,"Washington, DC",Washington,DC,FMMOS,FMMOS - non-mars,03/30/2021 14:14:00,2011,2011-SEP,342,component,lmprs,
Dec,2011,,All Markets Combined,,"126,879",Producer Milk Components,AMS_3462,3462,Dairy FMMOS,DY-NA,Washington,DC,"Washington, DC",Washington,DC,FMMOS,FMMOS - non-mars,03/30/2021 14:14:00,2011,2011-SEP,"10,510",component,lmprs,
Dec,2012,,All Markets Combined,,"122,388",Producer Milk Components,AMS_3462,3462,Dairy FMMOS,DY-NA,Washington,DC,"Washington, DC",Washington,DC,FMMOS,FMMOS - non-mars,03/30/2021 14:13:00,2012,2012-SEP,"8,488",component,lmprs,
Dec,2012,,Arizona,131.0,"4,556",Producer Milk Components,AMS_3462,3462,Dairy FMMOS,DY-NA,Washington,DC,"Washington, DC",Washington,DC,FMMOS,FMMOS - non-mars,03/30/2021 14:13:00,2012,2012-SEP,315,component,lmprs,
Dec,2012,,Appalachian,5.0,"5,863",Producer Milk Components,AMS_3462,3462,Dairy FMMOS,DY-NA,Washington,DC,"Washington, DC",Washington,DC,FMMOS,FMMOS - non-mars,03/30/2021 14:13:00,2012,2012-SEP,451,component,lmprs,
Dec,2012,,Central,32.0,"13,389",Producer Milk Components,AMS_3462,3462,Dairy FMMOS,DY-NA,Washington,DC,"Washington, DC",Washington,DC,FMMOS,FMMOS - non-mars,03/30/2021 14:13:00,2012,2012-SEP,821,component,lmprs,
Dec,2012,,Florida,6.0,"2,890",Producer Milk Components,AMS_3462,3462,Dairy FMMOS,DY-NA,Washington,DC,"Washington, DC",Washington,DC,FMMOS,FMMOS - non-mars,03/30/2021 14:13:00,2012,2012-SEP,224,component,lmprs,
Dec,2012,,Northeast,1.0,"24,695",Producer Milk Components,AMS_3462,3462,Dairy FMMOS,DY-NA,Washington,DC,"Washington, DC",Washington,DC,FMMOS,FMMOS - non-mars,03/30/2021 14:13:00,2012,2012-SEP,"1,953",component,lmprs,
Dec,2012,,Mideast,33.0,"16,806",Producer Milk Components,AMS_3462,3462,Dairy FMMOS,DY-NA,Washington,DC,"Washington, DC",Washington,DC,FMMOS,FMMOS - non-mars,03/30/2021 14:13:00,2012,2012-SEP,"1,190",component,lmprs,
Dec,2012,,Pacific Northwest,124.0,"6,719",Producer Milk Components,AMS_3462,3462,Dairy FMMOS,DY-NA,Washington,DC,"Washington, DC",Washington,DC,FMMOS,FMMOS - non-mars,03/30/2021 14:13:00,2012,2012-SEP,425,component,lmprs,
Dec,2012,,Southeast,7.0,"6,794",Producer Milk Components,AMS_3462,3462,Dairy FMMOS,DY-NA,Washington,DC,"Washington, DC",Washington,DC,FMMOS,FMMOS - non-mars,03/30/2021 14:13:00,2012,2012-SEP,513,component,lmprs,
Dec,2012,,Upper Midwest,30.0,"30,684",Producer Milk Components,AMS_3462,3462,Dairy FMMOS,DY-NA,Washington,DC,"Washington, DC",Washington,DC,FMMOS,FMMOS - non-mars,03/30/2021 14:13:00,2012,2012-SEP,"2,072",component,lmprs,
Dec,2012,,Southwest,126.0,"9,994",Producer Milk Components,AMS_3462,3462,Dairy FMMOS,DY-NA,Washington,DC,"Washington, DC",Washington,DC,FMMOS,FMMOS - non-mars,03/30/2021 14:13:00,2012,2012-SEP,525,component,lmprs,
Dec,2013,,Southwest,126.0,"12,901",Producer Milk Components,AMS_3462,3462,Dairy FMMOS,DY-NA,Washington,DC,"Washington, DC",Washington,DC,FMMOS,FMMOS - non-mars,03/30/2021 14:13:00,2013,2013-SEP,989,component,lmprs,
Dec,2013,,Upper Midwest,30.0,"34,315",Producer Milk Components,AMS_3462,3462,Dairy FMMOS,DY-NA,Washington,DC,"Washington, DC",Washington,DC,FMMOS,FMMOS - non-mars,03/30/2021 14:13:00,2013,2013-SEP,"2,747",component,lmprs,
Dec,2013,,Southeast,7.0,"6,129",Producer Milk Components,AMS_3462,3462,Dairy FMMOS,DY-NA,Washington,DC,"Washington, DC",Washington,DC,FMMOS,FMMOS - non-mars,03/30/2021 14:13:00,2013,2013-SEP,476,component,lmprs,
Dec,2013,,Pacific Northwest,124.0,"8,239",Producer Milk Components,AMS_3462,3462,Dairy FMMOS,DY-NA,Washington,DC,"Washington, DC",Washington,DC,FMMOS,FMMOS - non-mars,03/30/2021 14:13:00,2013,2013-SEP,602,component,lmprs,
Dec,2013,,Mideast,33.0,"16,719",Producer Milk Components,AMS_3462,3462,Dairy FMMOS,DY-NA,Washington,DC,"Washington, DC",Washington,DC,FMMOS,FMMOS - non-mars,03/30/2021 14:13:00,2013,2013-SEP,"1,300",component,lmprs,
Dec,2013,,Northeast,1.0,"25,420",Producer Milk Components,AMS_3462,3462,Dairy FMMOS,DY-NA,Washington,DC,"Washington, DC",Washington,DC,FMMOS,FMMOS - non-mars,03/30/2021 14:13:00,2013,2013-SEP,"1,998",component,lmprs,
Dec,2013,,Florida,6.0,"2,833",Producer Milk Components,AMS_3462,3462,Dairy FMMOS,DY-NA,Washington,DC,"Washington, DC",Washington,DC,FMMOS,FMMOS - non-mars,03/30/2021 14:13:00,2013,2013-SEP,223,component,lmprs,
Dec,2013,,Central,32.0,"15,199",Producer Milk Components,AMS_3462,3462,Dairy FMMOS,DY-NA,Washington,DC,"Washington, DC",Washington,DC,FMMOS,FMMOS - non-mars,03/30/2021 14:13:00,2013,2013-SEP,"1,223",component,lmprs,
Dec,2013,,Arizona,131.0,"4,615",Producer Milk Components,AMS_3462,3462,Dairy FMMOS,DY-NA,Washington,DC,"Washington, DC",Washington,DC,FMMOS,FMMOS - non-mars,03/30/2021 14:13:00,2013,2013-SEP,332,component,lmprs,
Dec,2013,,All Markets Combined,,"132,100",Producer Milk Components,AMS_3462,3462,Dairy FMMOS,DY-NA,Washington,DC,"Washington, DC",Washington,DC,FMMOS,FMMOS - non-mars,03/30/2021 14:13:00,2013,2013-SEP,"10,335",component,lmprs,
Dec,2013,,Appalachian,5.0,"5,729",Producer Milk Components,AMS_3462,3462,Dairy FMMOS,DY-NA,Washington,DC,"Washington, DC",Washington,DC,FMMOS,FMMOS - non-mars,03/30/2021 14:13:00,2013,2013-SEP,445,component,lmprs,
Dec,2014,,Appalachian,5.0,"5,594",Producer Milk Components,AMS_3462,3462,Dairy FMMOS,DY-NA,Washington,DC,"Washington, DC",Washington,DC,FMMOS,FMMOS - non-mars,03/30/2021 14:13:00,2014,2014-SEP,447,component,lmprs,
Dec,2014,,All Markets Combined,,"129,420",Producer Milk Components,AMS_3462,3462,Dairy FMMOS,DY-NA,Washington,DC,"Washington, DC",Washington,DC,FMMOS,FMMOS - non-mars,03/30/2021 14:13:00,2014,2014-SEP,"10,865",component,lmprs,
Dec,2014,,Arizona,131.0,"4,800",Producer Milk Components,AMS_3462,3462,Dairy FMMOS,DY-NA,Washington,DC,"Washington, DC",Washington,DC,FMMOS,FMMOS - non-mars,03/30/2021 14:13:00,2014,2014-SEP,340,component,lmprs,
Dec,2014,,Central,32.0,"15,063",Producer Milk Components,AMS_3462,3462,Dairy FMMOS,DY-NA,Washington,DC,"Washington, DC",Washington,DC,FMMOS,FMMOS - non-mars,03/30/2021 14:13:00,2014,2014-SEP,"1,250",component,lmprs,
Dec,2014,,Florida,6.0,"2,771",Producer Milk Components,AMS_3462,3462,Dairy FMMOS,DY-NA,Washington,DC,"Washington, DC",Washington,DC,FMMOS,FMMOS - non-mars,03/30/2021 14:13:00,2014,2014-SEP,219,component,lmprs,
Dec,2014,,Northeast,1.0,"25,793",Producer Milk Components,AMS_3462,3462,Dairy FMMOS,DY-NA,Washington,DC,"Washington, DC",Washington,DC,FMMOS,FMMOS - non-mars,03/30/2021 14:13:00,2014,2014-SEP,"2,072",component,lmprs,
Dec,2014,,Mideast,33.0,"17,297",Producer Milk Components,AMS_3462,3462,Dairy FMMOS,DY-NA,Washington,DC,"Washington, DC",Washington,DC,FMMOS,FMMOS - non-mars,03/30/2021 14:13:00,2014,2014-SEP,"1,469",component,lmprs,
Dec,2014,,Pacific Northwest,124.0,"7,892",Producer Milk Components,AMS_3462,3462,Dairy FMMOS,DY-NA,Washington,DC,"Washington, DC",Washington,DC,FMMOS,FMMOS - non-mars,03/30/2021 14:13:00,2014,2014-SEP,717,component,lmprs,
Dec,2014,,Southeast,7.0,"5,289",Producer Milk Components,AMS_3462,3462,Dairy FMMOS,DY-NA,Washington,DC,"Washington, DC",Washington,DC,FMMOS,FMMOS - non-mars,03/30/2021 14:13:00,2014,2014-SEP,396,component,lmprs,
Dec,2014,,Upper Midwest,30.0,"32,785",Producer Milk Components,AMS_3462,3462,Dairy FMMOS,DY-NA,Washington,DC,"Washington, DC",Washington,DC,FMMOS,FMMOS - non-mars,03/30/2021 14:13:00,2014,2014-SEP,"2,820",component,lmprs,
Dec,2014,,Southwest,126.0,"12,137",Producer Milk Components,AMS_3462,3462,Dairy FMMOS,DY-NA,Washington,DC,"Washington, DC",Washington,DC,FMMOS,FMMOS - non-mars,03/30/2021 14:13:00,2014,2014-SEP,"1,134",component,lmprs,
Dec,2015,,Southwest,126.0,"11,891",Producer Milk Components,AMS_3462,3462,Dairy FMMOS,DY-NA,Washington,DC,"Washington, DC",Washington,DC,FMMOS,FMMOS - non-mars,03/30/2021 14:12:00,2015,2015-SEP,"1,191",component,lmprs,
Dec,2015,,Upper Midwest,30.0,"30,318",Producer Milk Components,AMS_3462,3462,Dairy FMMOS,DY-NA,Washington,DC,"Washington, DC",Washington,DC,FMMOS,FMMOS - non-mars,03/30/2021 14:12:00,2015,2015-SEP,"2,443",component,lmprs,
Dec,2015,,Southeast,7.0,"5,205",Producer Milk Components,AMS_3462,3462,Dairy FMMOS,DY-NA,Washington,DC,"Washington, DC",Washington,DC,FMMOS,FMMOS - non-mars,03/30/2021 14:12:00,2015,2015-SEP,401,component,lmprs,
Dec,2015,,Pacific Northwest,124.0,"6,646",Producer Milk Components,AMS_3462,3462,Dairy FMMOS,DY-NA,Washington,DC,"Washington, DC",Washington,DC,FMMOS,FMMOS - non-mars,03/30/2021 14:12:00,2015,2015-SEP,475,component,lmprs,
Dec,2015,,Mideast,33.0,"18,376",Producer Milk Components,AMS_3462,3462,Dairy FMMOS,DY-NA,Washington,DC,"Washington, DC",Washington,DC,FMMOS,FMMOS - non-mars,03/30/2021 14:12:00,2015,2015-SEP,"1,560",component,lmprs,
Dec,2015,,Northeast,1.0,"26,039",Producer Milk Components,AMS_3462,3462,Dairy FMMOS,DY-NA,Washington,DC,"Washington, DC",Washington,DC,FMMOS,FMMOS - non-mars,03/30/2021 14:12:00,2015,2015-SEP,"2,122",component,lmprs,
Dec,2015,,Florida,6.0,"2,741",Producer Milk Components,AMS_3462,3462,Dairy FMMOS,DY-NA,Washington,DC,"Washington, DC",Washington,DC,FMMOS,FMMOS - non-mars,03/30/2021 14:12:00,2015,2015-SEP,215,component,lmprs,
Dec,2015,,Central,32.0,"14,476",Producer Milk Components,AMS_3462,3462,Dairy FMMOS,DY-NA,Washington,DC,"Washington, DC",Washington,DC,FMMOS,FMMOS - non-mars,03/30/2021 14:12:00,2015,2015-SEP,"1,213",component,lmprs,
Dec,2015,,Arizona,131.0,"4,788",Producer Milk Components,AMS_3462,3462,Dairy FMMOS,DY-NA,Washington,DC,"Washington, DC",Washington,DC,FMMOS,FMMOS - non-mars,03/30/2021 14:12:00,2015,2015-SEP,367,component,lmprs,
Dec,2015,,All Markets Combined,,"126,126",Producer Milk Components,AMS_3462,3462,Dairy FMMOS,DY-NA,Washington,DC,"Washington, DC",Washington,DC,FMMOS,FMMOS - non-mars,03/30/2021 14:12:00,2015,2015-SEP,"10,438",component,lmprs,
Dec,2015,,Appalachian,5.0,"5,646",Producer Milk Components,AMS_3462,3462,Dairy FMMOS,DY-NA,Washington,DC,"Washington, DC",Washington,DC,FMMOS,FMMOS - non-mars,03/30/2021 14:12:00,2015,2015-SEP,449,component,lmprs,
Dec,2016,,Appalachian,5.0,"5,595",Producer Milk Components,AMS_3462,3462,Dairy FMMOS,DY-NA,Washington,DC,"Washington, DC",Washington,DC,FMMOS,FMMOS - non-mars,03/30/2021 14:12:00,2016,2016-SEP,435,component,lmprs,
Dec,2016,,All Markets Combined,,"133,846",Producer Milk Components,AMS_3462,3462,Dairy FMMOS,DY-NA,Washington,DC,"Washington, DC",Washington,DC,FMMOS,FMMOS - non-mars,03/30/2021 14:12:00,2016,2016-SEP,"10,283",component,lmprs,
Dec,2016,,Arizona,131.0,"4,979",Producer Milk Components,AMS_3462,3462,Dairy FMMOS,DY-NA,Washington,DC,"Washington, DC",Washington,DC,FMMOS,FMMOS - non-mars,03/30/2021 14:12:00,2016,2016-SEP,348,component,lmprs,
Dec,2016,,Central,32.0,"15,088",Producer Milk Components,AMS_3462,3462,Dairy FMMOS,DY-NA,Washington,DC,"Washington, DC",Washington,DC,FMMOS,FMMOS - non-mars,03/30/2021 14:12:00,2016,2016-SEP,"1,083",component,lmprs,
Dec,2016,,Florida,6.0,"2,714",Producer Milk Components,AMS_3462,3462,Dairy FMMOS,DY-NA,Washington,DC,"Washington, DC",Washington,DC,FMMOS,FMMOS - non-mars,03/30/2021 14:12:00,2016,2016-SEP,210,component,lmprs,
Dec,2016,,Northeast,1.0,"27,007",Producer Milk Components,AMS_3462,3462,Dairy FMMOS,DY-NA,Washington,DC,"Washington, DC",Washington,DC,FMMOS,FMMOS - non-mars,03/30/2021 14:12:00,2016,2016-SEP,"2,177",component,lmprs,
Dec,2016,,Mideast,33.0,"19,655",Producer Milk Components,AMS_3462,3462,Dairy FMMOS,DY-NA,Washington,DC,"Washington, DC",Washington,DC,FMMOS,FMMOS - non-mars,03/30/2021 14:12:00,2016,2016-SEP,"1,501",component,lmprs,
Dec,2016,,Pacific Northwest,124.0,"7,883",Producer Milk Components,AMS_3462,3462,Dairy FMMOS,DY-NA,Washington,DC,"Washington, DC",Washington,DC,FMMOS,FMMOS - non-mars,03/30/2021 14:12:00,2016,2016-SEP,608,component,lmprs,
Dec,2016,,Southeast,7.0,"5,390",Producer Milk Components,AMS_3462,3462,Dairy FMMOS,DY-NA,Washington,DC,"Washington, DC",Washington,DC,FMMOS,FMMOS - non-mars,03/30/2021 14:12:00,2016,2016-SEP,408,component,lmprs,
Dec,2016,,Upper Midwest,30.0,"32,817",Producer Milk Components,AMS_3462,3462,Dairy FMMOS,DY-NA,Washington,DC,"Washington, DC",Washington,DC,FMMOS,FMMOS - non-mars,03/30/2021 14:12:00,2016,2016-SEP,"2,313",component,lmprs,
Dec,2016,,Southwest,126.0,"12,717",Producer Milk Components,AMS_3462,3462,Dairy FMMOS,DY-NA,Washington,DC,"Washington, DC",Washington,DC,FMMOS,FMMOS - non-mars,03/30/2021 14:12:00,2016,2016-SEP,"1,199",component,lmprs,
Dec,2017,,Southwest,126.0,"13,092",Producer Milk Components,AMS_3462,3462,Dairy FMMOS,DY-NA,Washington,DC,"Washington, DC",Washington,DC,FMMOS,FMMOS - non-mars,03/30/2021 14:11:00,2017,2017-SEP,"1,194",component,lmprs,
Dec,2017,,Upper Midwest,30.0,"32,312",Producer Milk Components,AMS_3462,3462,Dairy FMMOS,DY-NA,Washington,DC,"Washington, DC",Washington,DC,FMMOS,FMMOS - non-mars,03/30/2021 14:11:00,2017,2017-SEP,"3,190",component,lmprs,
Dec,2017,,Southeast,7.0,"5,452",Producer Milk Components,AMS_3462,3462,Dairy FMMOS,DY-NA,Washington,DC,"Washington, DC",Washington,DC,FMMOS,FMMOS - non-mars,03/30/2021 14:11:00,2017,2017-SEP,408,component,lmprs,
Dec,2017,,Pacific Northwest,124.0,"7,661",Producer Milk Components,AMS_3462,3462,Dairy FMMOS,DY-NA,Washington,DC,"Washington, DC",Washington,DC,FMMOS,FMMOS - non-mars,03/30/2021 14:11:00,2017,2017-SEP,717,component,lmprs,
Dec,2017,,Mideast,33.0,"20,241",Producer Milk Components,AMS_3462,3462,Dairy FMMOS,DY-NA,Washington,DC,"Washington, DC",Washington,DC,FMMOS,FMMOS - non-mars,03/30/2021 14:11:00,2017,2017-SEP,"1,616",component,lmprs,
Dec,2017,,Northeast,1.0,"27,397",Producer Milk Components,AMS_3462,3462,Dairy FMMOS,DY-NA,Washington,DC,"Washington, DC",Washington,DC,FMMOS,FMMOS - non-mars,03/30/2021 14:11:00,2017,2017-SEP,"2,180",component,lmprs,
Dec,2017,,Florida,6.0,"2,602",Producer Milk Components,AMS_3462,3462,Dairy FMMOS,DY-NA,Washington,DC,"Washington, DC",Washington,DC,FMMOS,FMMOS - non-mars,03/30/2021 14:11:00,2017,2017-SEP,203,component,lmprs,
Dec,2017,,Central,32.0,"15,879",Producer Milk Components,AMS_3462,3462,Dairy FMMOS,DY-NA,Washington,DC,"Washington, DC",Washington,DC,FMMOS,FMMOS - non-mars,03/30/2021 14:11:00,2017,2017-SEP,"1,419",component,lmprs,
Dec,2017,,Arizona,131.0,"5,065",Producer Milk Components,AMS_3462,3462,Dairy FMMOS,DY-NA,Washington,DC,"Washington, DC",Washington,DC,FMMOS,FMMOS - non-mars,03/30/2021 14:11:00,2017,2017-SEP,397,component,lmprs,
Dec,2017,,All Markets Combined,,"135,502",Producer Milk Components,AMS_3462,3462,Dairy FMMOS,DY-NA,Washington,DC,"Washington, DC",Washington,DC,FMMOS,FMMOS - non-mars,03/30/2021 14:11:00,2017,2017-SEP,"11,798",component,lmprs,
Dec,2017,,Appalachian,5.0,"5,801",Producer Milk Components,AMS_3462,3462,Dairy FMMOS,DY-NA,Washington,DC,"Washington, DC",Washington,DC,FMMOS,FMMOS - non-mars,03/30/2021 14:11:00,2017,2017-SEP,473,component,lmprs,
Dec,2018,,Appalachian,5.0,"5,734",Producer Milk Components,AMS_3462,3462,Dairy FMMOS,DY-NA,Washington,DC,"Washington, DC",Washington,DC,FMMOS,FMMOS - non-mars,03/30/2021 14:09:00,2018,2018-SEP,445,component,lmprs,
Dec,2018,,All Markets Combined,,"141,684",Producer Milk Components,AMS_3462,3462,Dairy FMMOS,DY-NA,Washington,DC,"Washington, DC",Washington,DC,FMMOS,FMMOS - non-mars,03/30/2021 14:09:00,2018,2018-SEP,"9,602",component,lmprs,
Dec,2018,,Arizona,131.0,"5,133",Producer Milk Components,AMS_3462,3462,Dairy FMMOS,DY-NA,Washington,DC,"Washington, DC",Washington,DC,FMMOS,FMMOS - non-mars,03/30/2021 14:09:00,2018,2018-SEP,354,component,lmprs,
Dec,2018,,Central,32.0,"16,604",Producer Milk Components,AMS_3462,3462,Dairy FMMOS,DY-NA,Washington,DC,"Washington, DC",Washington,DC,FMMOS,FMMOS - non-mars,03/30/2021 14:09:00,2018,2018-SEP,"1,074",component,lmprs,
Dec,2018,,California,51.0,"4,117",Producer Milk Components,AMS_3462,3462,Dairy FMMOS,DY-NA,Washington,DC,"Washington, DC",Washington,DC,FMMOS,FMMOS - non-mars,03/30/2021 14:09:00,2018,2018-SEP,,component,lmprs,
Dec,2018,,Florida,6.0,"2,565",Producer Milk Components,AMS_3462,3462,Dairy FMMOS,DY-NA,Washington,DC,"Washington, DC",Washington,DC,FMMOS,FMMOS - non-mars,03/30/2021 14:09:00,2018,2018-SEP,205,component,lmprs,
Dec,2018,,Northeast,1.0,"27,109",Producer Milk Components,AMS_3462,3462,Dairy FMMOS,DY-NA,Washington,DC,"Washington, DC",Washington,DC,FMMOS,FMMOS - non-mars,03/30/2021 14:09:00,2018,2018-SEP,"2,145",component,lmprs,
Dec,2018,,Mideast,33.0,"19,603",Producer Milk Components,AMS_3462,3462,Dairy FMMOS,DY-NA,Washington,DC,"Washington, DC",Washington,DC,FMMOS,FMMOS - non-mars,03/30/2021 14:09:00,2018,2018-SEP,"1,462",component,lmprs,
Dec,2018,,Pacific Northwest,124.0,"8,558",Producer Milk Components,AMS_3462,3462,Dairy FMMOS,DY-NA,Washington,DC,"Washington, DC",Washington,DC,FMMOS,FMMOS - non-mars,03/30/2021 14:09:00,2018,2018-SEP,611,component,lmprs,
Dec,2018,,Southeast,7.0,"5,209",Producer Milk Components,AMS_3462,3462,Dairy FMMOS,DY-NA,Washington,DC,"Washington, DC",Washington,DC,FMMOS,FMMOS - non-mars,03/30/2021 14:09:00,2018,2018-SEP,394,component,lmprs,
Dec,2018,,Upper Midwest,30.0,"33,323",Producer Milk Components,AMS_3462,3462,Dairy FMMOS,DY-NA,Washington,DC,"Washington, DC",Washington,DC,FMMOS,FMMOS - non-mars,03/30/2021 14:09:00,2018,2018-SEP,"2,157",component,lmprs,
Dec,2018,,Southwest,126.0,"13,727",Producer Milk Components,AMS_3462,3462,Dairy FMMOS,DY-NA,Washington,DC,"Washington, DC",Washington,DC,FMMOS,FMMOS - non-mars,03/30/2021 14:09:00,2018,2018-SEP,756,component,lmprs,
Dec,2019,,Upper Midwest,30.0,"32,310",Producer Milk Components,AMS_3462,3462,Dairy FMMOS,DY-NA,Washington,DC,"Washington, DC",Washington,DC,FMMOS,FMMOS - non-mars,03/30/2021 14:09:00,2019,2019-SEP,"2,284",component,lmprs,
Dec,2019,,Southeast,7.0,"4,903",Producer Milk Components,AMS_3462,3462,Dairy FMMOS,DY-NA,Washington,DC,"Washington, DC",Washington,DC,FMMOS,FMMOS - non-mars,03/30/2021 14:09:00,2019,2019-SEP,381,component,lmprs,
Dec,2019,,Southwest,126.0,"12,900",Producer Milk Components,AMS_3462,3462,Dairy FMMOS,DY-NA,Washington,DC,"Washington, DC",Washington,DC,FMMOS,FMMOS - non-mars,03/30/2021 14:09:00,2019,2019-SEP,783,component,lmprs,
Dec,2019,,Pacific Northwest,124.0,"8,496",Producer Milk Components,AMS_3462,3462,Dairy FMMOS,DY-NA,Washington,DC,"Washington, DC",Washington,DC,FMMOS,FMMOS - non-mars,03/30/2021 14:09:00,2019,2019-SEP,623,component,lmprs,
Dec,2019,,Northeast,1.0,"26,752",Producer Milk Components,AMS_3462,3462,Dairy FMMOS,DY-NA,Washington,DC,"Washington, DC",Washington,DC,FMMOS,FMMOS - non-mars,03/30/2021 14:09:00,2019,2019-SEP,"2,164",component,lmprs,
Dec,2019,,Florida,6.0,"2,510",Producer Milk Components,AMS_3462,3462,Dairy FMMOS,DY-NA,Washington,DC,"Washington, DC",Washington,DC,FMMOS,FMMOS - non-mars,03/30/2021 14:09:00,2019,2019-SEP,204,component,lmprs,
Dec,2019,,Mideast,33.0,"18,942",Producer Milk Components,AMS_3462,3462,Dairy FMMOS,DY-NA,Washington,DC,"Washington, DC",Washington,DC,FMMOS,FMMOS - non-mars,03/30/2021 14:09:00,2019,2019-SEP,"1,425",component,lmprs,
Dec,2019,,California,51.0,"24,272",Producer Milk Components,AMS_3462,3462,Dairy FMMOS,DY-NA,Washington,DC,"Washington, DC",Washington,DC,FMMOS,FMMOS - non-mars,03/30/2021 14:09:00,2019,2019-SEP,"1,768",component,lmprs,
Dec,2019,,Central,32.0,"15,260",Producer Milk Components,AMS_3462,3462,Dairy FMMOS,DY-NA,Washington,DC,"Washington, DC",Washington,DC,FMMOS,FMMOS - non-mars,03/30/2021 14:09:00,2019,2019-SEP,"1,038",component,lmprs,
Dec,2019,,Arizona,131.0,"4,840",Producer Milk Components,AMS_3462,3462,Dairy FMMOS,DY-NA,Washington,DC,"Washington, DC",Washington,DC,FMMOS,FMMOS - non-mars,03/30/2021 14:09:00,2019,2019-SEP,335,component,lmprs,
Dec,2019,,All Markets Combined,,"156,510",Producer Milk Components,AMS_3462,3462,Dairy FMMOS,DY-NA,Washington,DC,"Washington, DC",Washington,DC,FMMOS,FMMOS - non-mars,03/30/2021 14:09:00,2019,2019-SEP,"11,449",component,lmprs,
Dec,2019,,Appalachian,5.0,"5,327",Producer Milk Components,AMS_3462,3462,Dairy FMMOS,DY-NA,Washington,DC,"Washington, DC",Washington,DC,FMMOS,FMMOS - non-mars,03/30/2021 14:09:00,2019,2019-SEP,443,component,lmprs,
Dec,2020,,Appalachian,5.0,"5,322",Producer Milk Components,AMS_3462,3462,Dairy FMMOS,DY-NA,Washington,DC,"Washington, DC",Washington,DC,FMMOS,FMMOS - non-mars,02/23/2021 09:39:00,2020,2020-SEP,449,component,lmprs,
Dec,2020,,All Markets Combined,,"137,818",Producer Milk Components,AMS_3462,3462,Dairy FMMOS,DY-NA,Washington,DC,"Washington, DC",Washington,DC,FMMOS,FMMOS - non-mars,02/23/2021 09:39:00,2020,2020-SEP,"10,113",component,lmprs,
Dec,2020,,Arizona,131.0,"4,497",Producer Milk Components,AMS_3462,3462,Dairy FMMOS,DY-NA,Washington,DC,"Washington, DC",Washington,DC,FMMOS,FMMOS - non-mars,02/23/2021 09:39:00,2020,2020-SEP,266,component,lmprs,
Dec,2020,,Central,32.0,"13,315",Producer Milk Components,AMS_3462,3462,Dairy FMMOS,DY-NA,Washington,DC,"Washington, DC",Washington,DC,FMMOS,FMMOS - non-mars,02/23/2021 09:39:00,2020,2020-SEP,870,component,lmprs,
Dec,2020,,California,51.0,"23,004",Producer Milk Components,AMS_3462,3462,Dairy FMMOS,DY-NA,Washington,DC,"Washington, DC",Washington,DC,FMMOS,FMMOS - non-mars,02/23/2021 09:39:00,2020,2020-SEP,"1,798",component,lmprs,
Dec,2020,,Mideast,33.0,"17,982",Producer Milk Components,AMS_3462,3462,Dairy FMMOS,DY-NA,Washington,DC,"Washington, DC",Washington,DC,FMMOS,FMMOS - non-mars,02/23/2021 09:39:00,2020,2020-SEP,"1,446",component,lmprs,
Dec,2020,,Florida,6.0,"2,509",Producer Milk Components,AMS_3462,3462,Dairy FMMOS,DY-NA,Washington,DC,"Washington, DC",Washington,DC,FMMOS,FMMOS - non-mars,02/23/2021 09:39:00,2020,2020-SEP,195,component,lmprs,
Dec,2020,,Northeast,1.0,"26,824",Producer Milk Components,AMS_3462,3462,Dairy FMMOS,DY-NA,Washington,DC,"Washington, DC",Washington,DC,FMMOS,FMMOS - non-mars,02/23/2021 09:39:00,2020,2020-SEP,"2,168",component,lmprs,
Dec,2020,,Pacific Northwest,124.0,"7,682",Producer Milk Components,AMS_3462,3462,Dairy FMMOS,DY-NA,Washington,DC,"Washington, DC",Washington,DC,FMMOS,FMMOS - non-mars,02/23/2021 09:39:00,2020,2020-SEP,607,component,lmprs,
Dec,2020,,Southwest,126.0,"11,692",Producer Milk Components,AMS_3462,3462,Dairy FMMOS,DY-NA,Washington,DC,"Washington, DC",Washington,DC,FMMOS,FMMOS - non-mars,02/23/2021 09:39:00,2020,2020-SEP,858,component,lmprs,
Dec,2020,,Southeast,7.0,"4,700",Producer Milk Components,AMS_3462,3462,Dairy FMMOS,DY-NA,Washington,DC,"Washington, DC",Washington,DC,FMMOS,FMMOS - non-mars,02/23/2021 09:39:00,2020,2020-SEP,393,component,lmprs,
Dec,2020,,Upper Midwest,30.0,"20,290",Producer Milk Components,AMS_3462,3462,Dairy FMMOS,DY-NA,Washington,DC,"Washington, DC",Washington,DC,FMMOS,FMMOS - non-mars,02/23/2021 09:39:00,2020,2020-SEP,"1,064",component,lmprs,
Dec,2021,,Southwest,126.0,"12,286",Producer Milk Components,AMS_3462,3462,Dairy FMMOS,DY-NA,Washington,DC,"Washington, DC",Washington,DC,FMMOS,FMMOS - non-mars,01/31/2022 07:17:00,2021,2021-SEP,"1,056",component,lmprs,
Dec,2021,,Pacific Northwest,124.0,"7,387",Producer Milk Components,AMS_3462,3462,Dairy FMMOS,DY-NA,Washington,DC,"Washington, DC",Washington,DC,FMMOS,FMMOS - non-mars,01/31/2022 07:17:00,2021,2021-SEP,567,component,lmprs,
Dec,2021,,Southeast,7.0,"4,581",Producer Milk Components,AMS_3462,3462,Dairy FMMOS,DY-NA,Washington,DC,"Washington, DC",Washington,DC,FMMOS,FMMOS - non-mars,01/31/2022 07:17:00,2021,2021-SEP,367,component,lmprs,
Dec,2021,,Northeast,1.0,"27,045",Producer Milk Components,AMS_3462,3462,Dairy FMMOS,DY-NA,Washington,DC,"Washington, DC",Washington,DC,FMMOS,FMMOS - non-mars,01/31/2022 07:17:00,2021,2021-SEP,"2,177",component,lmprs,
Dec,2021,,Mideast,33.0,"18,606",Producer Milk Components,AMS_3462,3462,Dairy FMMOS,DY-NA,Washington,DC,"Washington, DC",Washington,DC,FMMOS,FMMOS - non-mars,01/31/2022 07:17:00,2021,2021-SEP,"1,688",component,lmprs,
Dec,2021,,Central,32.0,"12,992",Producer Milk Components,AMS_3462,3462,Dairy FMMOS,DY-NA,Washington,DC,"Washington, DC",Washington,DC,FMMOS,FMMOS - non-mars,01/31/2022 07:17:00,2021,2021-SEP,"1,231",component,lmprs,
Dec,2021,,Florida,6.0,"2,444",Producer Milk Components,AMS_3462,3462,Dairy FMMOS,DY-NA,Washington,DC,"Washington, DC",Washington,DC,FMMOS,FMMOS - non-mars,01/31/2022 07:17:00,2021,2021-SEP,197,component,lmprs,
Dec,2021,,California,51.0,"23,803",Producer Milk Components,AMS_3462,3462,Dairy FMMOS,DY-NA,Washington,DC,"Washington, DC",Washington,DC,FMMOS,FMMOS - non-mars,01/31/2022 07:17:00,2021,2021-SEP,"1,904",component,lmprs,
Dec,2021,,Arizona,131.0,"4,461",Producer Milk Components,AMS_3462,3462,Dairy FMMOS,DY-NA,Washington,DC,"Washington, DC",Washington,DC,FMMOS,FMMOS - non-mars,01/31/2022 07:17:00,2021,2021-SEP,363,component,lmprs,
Dec,2021,,Appalachian,5.0,"5,289",Producer Milk Components,AMS_3462,3462,Dairy FMMOS,DY-NA,Washington,DC,"Washington, DC",Washington,DC,FMMOS,FMMOS - non-mars,01/31/2022 07:17:00,2021,2021-SEP,418,component,lmprs,
Dec,2021,,All Markets Combined,,"136,836",Producer Milk Components,AMS_3462,3462,Dairy FMMOS,DY-NA,Washington,DC,"Washington, DC",Washington,DC,FMMOS,FMMOS - non-mars,01/31/2022 07:17:00,2021,2021-SEP,"12,231",component,lmprs,
Dec,2021,,Upper Midwest,30.0,"17,940",Producer Milk Components,AMS_3462,3462,Dairy FMMOS,DY-NA,Washington,DC,"Washington, DC",Washington,DC,FMMOS,FMMOS - non-mars,01/31/2022 07:17:00,2021,2021-SEP,"2,264",component,lmprs,
Dec,2022,,Upper Midwest,30.0,"31,837",Producer Milk Components,AMS_3462,3462,Dairy FMMOS,DY-NA,Washington,DC,"Washington, DC",Washington,DC,FMMOS,FMMOS - non-mars,01/30/2023 07:36:00,2022,2022-SEP,"2,774",component,lmprs,
Dec,2022,,All Markets Combined,,"151,614",Producer Milk Components,AMS_3462,3462,Dairy FMMOS,DY-NA,Washington,DC,"Washington, DC",Washington,DC,FMMOS,FMMOS - non-mars,01/30/2023 07:36:00,2022,2022-SEP,"12,412",component,lmprs,
Dec,2022,,Appalachian,5.0,"5,420",Producer Milk Components,AMS_3462,3462,Dairy FMMOS,DY-NA,Washington,DC,"Washington, DC",Washington,DC,FMMOS,FMMOS - non-mars,01/30/2023 07:36:00,2022,2022-SEP,431,component,lmprs,
Dec,2022,,Arizona,131.0,"4,910",Producer Milk Components,AMS_3462,3462,Dairy FMMOS,DY-NA,Washington,DC,"Washington, DC",Washington,DC,FMMOS,FMMOS - non-mars,01/30/2023 07:36:00,2022,2022-SEP,361,component,lmprs,
Dec,2022,,California,51.0,"22,439",Producer Milk Components,AMS_3462,3462,Dairy FMMOS,DY-NA,Washington,DC,"Washington, DC",Washington,DC,FMMOS,FMMOS - non-mars,01/30/2023 07:36:00,2022,2022-SEP,"1,842",component,lmprs,
Dec,2022,,Florida,6.0,"2,483",Producer Milk Components,AMS_3462,3462,Dairy FMMOS,DY-NA,Washington,DC,"Washington, DC",Washington,DC,FMMOS,FMMOS - non-mars,01/30/2023 07:36:00,2022,2022-SEP,189,component,lmprs,
Dec,2022,,Central,32.0,"15,638",Producer Milk Components,AMS_3462,3462,Dairy FMMOS,DY-NA,Washington,DC,"Washington, DC",Washington,DC,FMMOS,FMMOS - non-mars,01/30/2023 07:36:00,2022,2022-SEP,"1,289",component,lmprs,
Dec,2022,,Mideast,33.0,"16,796",Producer Milk Components,AMS_3462,3462,Dairy FMMOS,DY-NA,Washington,DC,"Washington, DC",Washington,DC,FMMOS,FMMOS - non-mars,01/30/2023 07:36:00,2022,2022-SEP,"1,303",component,lmprs,
Dec,2022,,Northeast,1.0,"26,882",Producer Milk Components,AMS_3462,3462,Dairy FMMOS,DY-NA,Washington,DC,"Washington, DC",Washington,DC,FMMOS,FMMOS - non-mars,01/30/2023 07:36:00,2022,2022-SEP,"2,187",component,lmprs,
Dec,2022,,Southeast,7.0,"3,913",Producer Milk Components,AMS_3462,3462,Dairy FMMOS,DY-NA,Washington,DC,"Washington, DC",Washington,DC,FMMOS,FMMOS - non-mars,01/30/2023 07:36:00,2022,2022-SEP,292,component,lmprs,
Dec,2022,,Pacific Northwest,124.0,"7,583",Producer Milk Components,AMS_3462,3462,Dairy FMMOS,DY-NA,Washington,DC,"Washington, DC",Washington,DC,FMMOS,FMMOS - non-mars,01/30/2023 07:36:00,2022,2022-SEP,611,component,lmprs,
Dec,2022,,Southwest,126.0,"13,714",Producer Milk Components,AMS_3462,3462,Dairy FMMOS,DY-NA,Washington,DC,"Washington, DC",Washington,DC,FMMOS,FMMOS - non-mars,01/30/2023 07:36:00,2022,2022-SEP,"1,133",component,lmprs,
Dec,2023,,Southwest,126.0,"13,640",Producer Milk Components,AMS_3462,3462,Dairy FMMOS,DY-NA,Washington,DC,"Washington, DC",Washington,DC,FMMOS,FMMOS - non-mars,01/30/2024 09:42:00,2023,2023-SEP,"1,188",component,lmprs,
Dec,2023,,Pacific Northwest,124.0,"7,650",Producer Milk Components,AMS_3462,3462,Dairy FMMOS,DY-NA,Washington,DC,"Washington, DC",Washington,DC,FMMOS,FMMOS - non-mars,01/30/2024 09:42:00,2023,2023-SEP,585,component,lmprs,
Dec,2023,,Southeast,7.0,"3,538",Producer Milk Components,AMS_3462,3462,Dairy FMMOS,DY-NA,Washington,DC,"Washington, DC",Washington,DC,FMMOS,FMMOS - non-mars,01/30/2024 09:42:00,2023,2023-SEP,275,component,lmprs,
Dec,2023,,Northeast,1.0,"27,260",Producer Milk Components,AMS_3462,3462,Dairy FMMOS,DY-NA,Washington,DC,"Washington, DC",Washington,DC,FMMOS,FMMOS - non-mars,01/30/2024 09:42:00,2023,2023-SEP,"2,178",component,lmprs,
Dec,2023,,Mideast,33.0,"17,761",Producer Milk Components,AMS_3462,3462,Dairy FMMOS,DY-NA,Washington,DC,"Washington, DC",Washington,DC,FMMOS,FMMOS - non-mars,01/30/2024 09:42:00,2023,2023-SEP,"1,530",component,lmprs,
Dec,2023,,Central,32.0,"16,053",Producer Milk Components,AMS_3462,3462,Dairy FMMOS,DY-NA,Washington,DC,"Washington, DC",Washington,DC,FMMOS,FMMOS - non-mars,01/30/2024 09:42:00,2023,2023-SEP,"1,337",component,lmprs,
Dec,2023,,Florida,6.0,"2,506",Producer Milk Components,AMS_3462,3462,Dairy FMMOS,DY-NA,Washington,DC,"Washington, DC",Washington,DC,FMMOS,FMMOS - non-mars,01/30/2024 09:42:00,2023,2023-SEP,205,component,lmprs,
Dec,2023,,California,51.0,"26,418",Producer Milk Components,AMS_3462,3462,Dairy FMMOS,DY-NA,Washington,DC,"Washington, DC",Washington,DC,FMMOS,FMMOS - non-mars,01/30/2024 09:42:00,2023,2023-SEP,"2,251",component,lmprs,
Dec,2023,,Arizona,131.0,"5,149",Producer Milk Components,AMS_3462,3462,Dairy FMMOS,DY-NA,Washington,DC,"Washington, DC",Washington,DC,FMMOS,FMMOS - non-mars,01/30/2024 09:42:00,2023,2023-SEP,402,component,lmprs,
Dec,2023,,Appalachian,5.0,"5,428",Producer Milk Components,AMS_3462,3462,Dairy FMMOS,DY-NA,Washington,DC,"Washington, DC",Washington,DC,FMMOS,FMMOS - non-mars,01/30/2024 09:42:00,2023,2023-SEP,445,component,lmprs,
Dec,2023,,All Markets Combined,,"158,448",Producer Milk Components,AMS_3462,3462,Dairy FMMOS,DY-NA,Washington,DC,"Washington, DC",Washington,DC,FMMOS,FMMOS - non-mars,01/30/2024 09:42:00,2023,2023-SEP,"13,110",component,lmprs,
Dec,2023,,Upper Midwest,30.0,"33,045",Producer Milk Components,AMS_3462,3462,Dairy FMMOS,DY-NA,Washington,DC,"Washington, DC",Washington,DC,FMMOS,FMMOS - non-mars,01/30/2024 09:42:00,2023,2023-SEP,"2,715",component,lmprs,
Dec,2024,,Upper Midwest,30.0,"28,285",Producer Milk Components,AMS_3462,3462,Dairy FMMOS,DY-NA,Washington,DC,"Washington, DC",Washington,DC,FMMOS,FMMOS - non-mars,01/23/2025 09:07:00,2024,2024-SEP,"1,628",component,lmprs,
Dec,2024,,All Markets Combined,,"146,628",Producer Milk Components,AMS_3462,3462,Dairy FMMOS,DY-NA,Washington,DC,"Washington, DC",Washington,DC,FMMOS,FMMOS - non-mars,01/23/2025 09:07:00,2024,2024-SEP,"10,681",component,lmprs,
Dec,2024,,Appalachian,5.0,"5,301",Producer Milk Components,AMS_3462,3462,Dairy FMMOS,DY-NA,Washington,DC,"Washington, DC",Washington,DC,FMMOS,FMMOS - non-mars,01/23/2025 09:07:00,2024,2024-SEP,419,component,lmprs,
Dec,2024,,Arizona,131.0,"4,186",Producer Milk Components,AMS_3462,3462,Dairy FMMOS,DY-NA,Washington,DC,"Washington, DC",Washington,DC,FMMOS,FMMOS - non-mars,01/23/2025 09:07:00,2024,2024-SEP,307,component,lmprs,
Dec,2024,,California,51.0,"23,224",Producer Milk Components,AMS_3462,3462,Dairy FMMOS,DY-NA,Washington,DC,"Washington, DC",Washington,DC,FMMOS,FMMOS - non-mars,01/23/2025 09:07:00,2024,2024-SEP,"1,620",component,lmprs,
Dec,2024,,Florida,6.0,"2,524",Producer Milk Components,AMS_3462,3462,Dairy FMMOS,DY-NA,Washington,DC,"Washington, DC",Washington,DC,FMMOS,FMMOS - non-mars,01/23/2025 09:07:00,2024,2024-SEP,203,component,lmprs,
Dec,2024,,Central,32.0,"14,608",Producer Milk Components,AMS_3462,3462,Dairy FMMOS,DY-NA,Washington,DC,"Washington, DC",Washington,DC,FMMOS,FMMOS - non-mars,01/23/2025 09:07:00,2024,2024-SEP,"1,052",component,lmprs,
Dec,2024,,Mideast,33.0,"18,182",Producer Milk Components,AMS_3462,3462,Dairy FMMOS,DY-NA,Washington,DC,"Washington, DC",Washington,DC,FMMOS,FMMOS - non-mars,01/23/2025 09:07:00,2024,2024-SEP,"1,610",component,lmprs,
Dec,2024,,Northeast,1.0,"26,949",Producer Milk Components,AMS_3462,3462,Dairy FMMOS,DY-NA,Washington,DC,"Washington, DC",Washington,DC,FMMOS,FMMOS - non-mars,01/23/2025 09:07:00,2024,2024-SEP,"2,175",component,lmprs,
Dec,2024,,Southeast,7.0,"3,497",Producer Milk Components,AMS_3462,3462,Dairy FMMOS,DY-NA,Washington,DC,"Washington, DC",Washington,DC,FMMOS,FMMOS - non-mars,01/23/2025 09:07:00,2024,2024-SEP,268,component,lmprs,
Dec,2024,,Pacific Northwest,124.0,"7,231",Producer Milk Components,AMS_3462,3462,Dairy FMMOS,DY-NA,Washington,DC,"Washington, DC",Washington,DC,FMMOS,FMMOS - non-mars,01/23/2025 09:07:00,2024,2024-SEP,588,component,lmprs,
Dec,2024,,Southwest,126.0,"12,641",Producer Milk Components,AMS_3462,3462,Dairy FMMOS,DY-NA,Washington,DC,"Washington, DC",Washington,DC,FMMOS,FMMOS - non-mars,01/23/2025 09:07:00,2024,2024-SEP,811,component,lmprs,
Dec,2025,,Southwest,126.0,"12,960",Producer Milk Components,AMS_3462,3462,Dairy FMMOS,DY-NA,Washington,DC,"Washington, DC",Washington,DC,FMMOS,FMMOS - non-mars,01/21/2026 11:39:00,2025,2025-SEP,826,component,lmprs,
Dec,2025,,Pacific Northwest,124.0,"6,760",Producer Milk Components,AMS_3462,3462,Dairy FMMOS,DY-NA,Washington,DC,"Washington, DC",Washington,DC,FMMOS,FMMOS - non-mars,01/21/2026 11:39:00,2025,2025-SEP,480,component,lmprs,
Dec,2025,,Southeast,7.0,"3,435",Producer Milk Components,AMS_3462,3462,Dairy FMMOS,DY-NA,Washington,DC,"Washington, DC",Washington,DC,FMMOS,FMMOS - non-mars,01/21/2026 11:39:00,2025,2025-SEP,263,component,lmprs,
Dec,2025,,Northeast,1.0,"27,624",Producer Milk Components,AMS_3462,3462,Dairy FMMOS,DY-NA,Washington,DC,"Washington, DC",Washington,DC,FMMOS,FMMOS - non-mars,01/21/2026 11:39:00,2025,2025-SEP,"2,265",component,lmprs,
Dec,2025,,Mideast,33.0,"20,705",Producer Milk Components,AMS_3462,3462,Dairy FMMOS,DY-NA,Washington,DC,"Washington, DC",Washington,DC,FMMOS,FMMOS - non-mars,01/21/2026 11:39:00,2025,2025-SEP,"1,841",component,lmprs,
Dec,2025,,Central,32.0,"13,960",Producer Milk Components,AMS_3462,3462,Dairy FMMOS,DY-NA,Washington,DC,"Washington, DC",Washington,DC,FMMOS,FMMOS - non-mars,01/21/2026 11:39:00,2025,2025-SEP,"1,196",component,lmprs,
Dec,2025,,Florida,6.0,"2,511",Producer Milk Components,AMS_3462,3462,Dairy FMMOS,DY-NA,Washington,DC,"Washington, DC",Washington,DC,FMMOS,FMMOS - non-mars,01/21/2026 11:39:00,2025,2025-SEP,209,component,lmprs,
Dec,2025,,California,51.0,"26,675",Producer Milk Components,AMS_3462,3462,Dairy FMMOS,DY-NA,Washington,DC,"Washington, DC",Washington,DC,FMMOS,FMMOS - non-mars,01/21/2026 11:39:00,2025,2025-SEP,"1,671",component,lmprs,
Dec,2025,,Arizona,131.0,"4,224",Producer Milk Components,AMS_3462,3462,Dairy FMMOS,DY-NA,Washington,DC,"Washington, DC",Washington,DC,FMMOS,FMMOS - non-mars,01/21/2026 11:39:00,2025,2025-SEP,291,component,lmprs,
Dec,2025,,Appalachian,5.0,"5,088",Producer Milk Components,AMS_3462,3462,Dairy FMMOS,DY-NA,Washington,DC,"Washington, DC",Washington,DC,FMMOS,FMMOS - non-mars,01/21/2026 11:39:00,2025,2025-SEP,403,component,lmprs,
Dec,2025,,All Markets Combined,,"148,750",Producer Milk Components,AMS_3462,3462,Dairy FMMOS,DY-NA,Washington,DC,"Washington, DC",Washington,DC,FMMOS,FMMOS - non-mars,01/21/2026 11:39:00,2025,2025-SEP,"11,529",component,lmprs,
Dec,2025,,Upper Midwest,30.0,"24,808",Producer Milk Components,AMS_3462,3462,Dairy FMMOS,DY-NA,Washington,DC,"Washington, DC",Washington,DC,FMMOS,FMMOS - non-mars,01/21/2026 11:39:00,2025,2025-SEP,"2,084",component,lmprs,
Mar,2026,,Upper Midwest,30.0,"5,226",Producer Milk Components,AMS_3462,3462,Dairy FMMOS,DY-NA,Washington,DC,"Washington, DC",Washington,DC,FMMOS,FMMOS - non-mars,04/21/2026 05:48:00,2026,2026-SEP,,component,lmprs,
Mar,2026,,All Markets Combined,,"35,299",Producer Milk Components,AMS_3462,3462,Dairy FMMOS,DY-NA,Washington,DC,"Washington, DC",Washington,DC,FMMOS,FMMOS - non-mars,04/21/2026 05:48:00,2026,2026-SEP,,component,lmprs,
Mar,2026,,Appalachian,5.0,"1,271",Producer Milk Components,AMS_3462,3462,Dairy FMMOS,DY-NA,Washington,DC,"Washington, DC",Washington,DC,FMMOS,FMMOS - non-mars,04/21/2026 05:48:00,2026,2026-SEP,,component,lmprs,
Mar,2026,,Arizona,131.0,"1,072",Producer Milk Components,AMS_3462,3462,Dairy FMMOS,DY-NA,Washington,DC,"Washington, DC",Washington,DC,FMMOS,FMMOS - non-mars,04/21/2026 05:48:00,2026,2026-SEP,,component,lmprs,
Mar,2026,,California,51.0,"5,543",Producer Milk Components,AMS_3462,3462,Dairy FMMOS,DY-NA,Washington,DC,"Washington, DC",Washington,DC,FMMOS,FMMOS - non-mars,04/21/2026 05:48:00,2026,2026-SEP,,component,lmprs,
Mar,2026,,Florida,6.0,674,Producer Milk Components,AMS_3462,3462,Dairy FMMOS,DY-NA,Washington,DC,"Washington, DC",Washington,DC,FMMOS,FMMOS - non-mars,04/21/2026 05:48:00,2026,2026-SEP,,component,lmprs,
Mar,2026,,Central,32.0,"3,511",Producer Milk Components,AMS_3462,3462,Dairy FMMOS,DY-NA,Washington,DC,"Washington, DC",Washington,DC,FMMOS,FMMOS - non-mars,04/21/2026 05:48:00,2026,2026-SEP,,component,lmprs,
Mar,2026,,Mideast,33.0,"5,415",Producer Milk Components,AMS_3462,3462,Dairy FMMOS,DY-NA,Washington,DC,"Washington, DC",Washington,DC,FMMOS,FMMOS - non-mars,04/21/2026 05:48:00,2026,2026-SEP,,component,lmprs,
Mar,2026,,Northeast,1.0,"6,894",Producer Milk Components,AMS_3462,3462,Dairy FMMOS,DY-NA,Washington,DC,"Washington, DC",Washington,DC,FMMOS,FMMOS - non-mars,04/21/2026 05:48:00,2026,2026-SEP,,component,lmprs,
Mar,2026,,Southeast,7.0,823,Producer Milk Components,AMS_3462,3462,Dairy FMMOS,DY-NA,Washington,DC,"Washington, DC",Washington,DC,FMMOS,FMMOS - non-mars,04/21/2026 05:48:00,2026,2026-SEP,,component,lmprs,
Mar,2026,,Pacific Northwest,124.0,"1,132",Producer Milk Components,AMS_3462,3462,Dairy FMMOS,DY-NA,Washington,DC,"Washington, DC",Washington,DC,FMMOS,FMMOS - non-mars,04/21/2026 05:48:00,2026,2026-SEP,,component,lmprs,
Mar,2026,,Southwest,126.0,"3,738",Producer Milk Components,AMS_3462,3462,Dairy FMMOS,DY-NA,Washington,DC,"Washington, DC",Washington,DC,FMMOS,FMMOS - non-mars,04/21/2026 05:48:00,2026,2026-SEP,,component,lmprs,
Dec,2000,,All Markets Combined,,"116,923",Producer Milk Components,AMS_3462,3462,Dairy FMMOS,DY-NA,Washington,DC,"Washington, DC",Washington,DC,FMMOS,FMMOS - non-mars,04/09/2021 07:48:00,2000,2000-OCT,"9,518",component,lmprs,
Dec,2000,,Appalachian,5.0,"6,318",Producer Milk Components,AMS_3462,3462,Dairy FMMOS,DY-NA,Washington,DC,"Washington, DC",Washington,DC,FMMOS,FMMOS - non-mars,04/09/2021 07:48:00,2000,2000-OCT,504,component,lmprs,
Dec,2000,,Arizona,131.0,"3,110",Producer Milk Components,AMS_3462,3462,Dairy FMMOS,DY-NA,Washington,DC,"Washington, DC",Washington,DC,FMMOS,FMMOS - non-mars,04/09/2021 07:48:00,2000,2000-OCT,238,component,lmprs,
Dec,2000,,Central,32.0,"16,036",Producer Milk Components,AMS_3462,3462,Dairy FMMOS,DY-NA,Washington,DC,"Washington, DC",Washington,DC,FMMOS,FMMOS - non-mars,04/09/2021 07:48:00,2000,2000-OCT,"1,454",component,lmprs,
Dec,2000,,Florida,6.0,"2,867",Producer Milk Components,AMS_3462,3462,Dairy FMMOS,DY-NA,Washington,DC,"Washington, DC",Washington,DC,FMMOS,FMMOS - non-mars,04/09/2021 07:48:00,2000,2000-OCT,221,component,lmprs,
Dec,2000,,Mideast,33.0,"14,181",Producer Milk Components,AMS_3462,3462,Dairy FMMOS,DY-NA,Washington,DC,"Washington, DC",Washington,DC,FMMOS,FMMOS - non-mars,04/09/2021 07:48:00,2000,2000-OCT,"1,313",component,lmprs,
Dec,2000,,Northeast,1.0,"23,972",Producer Milk Components,AMS_3462,3462,Dairy FMMOS,DY-NA,Washington,DC,"Washington, DC",Washington,DC,FMMOS,FMMOS - non-mars,04/09/2021 07:48:00,2000,2000-OCT,"1,895",component,lmprs,
Dec,2000,,Pacific Northwest,124.0,"6,776",Producer Milk Components,AMS_3462,3462,Dairy FMMOS,DY-NA,Washington,DC,"Washington, DC",Washington,DC,FMMOS,FMMOS - non-mars,04/09/2021 07:48:00,2000,2000-OCT,605,component,lmprs,
Dec,2000,,Southeast,7.0,"7,487",Producer Milk Components,AMS_3462,3462,Dairy FMMOS,DY-NA,Washington,DC,"Washington, DC",Washington,DC,FMMOS,FMMOS - non-mars,04/09/2021 07:48:00,2000,2000-OCT,626,component,lmprs,
Dec,2000,,Southwest,126.0,"8,713",Producer Milk Components,AMS_3462,3462,Dairy FMMOS,DY-NA,Washington,DC,"Washington, DC",Washington,DC,FMMOS,FMMOS - non-mars,04/09/2021 07:48:00,2000,2000-OCT,728,component,lmprs,
Dec,2000,,Upper Midwest,30.0,"23,415",Producer Milk Components,AMS_3462,3462,Dairy FMMOS,DY-NA,Washington,DC,"Washington, DC",Washington,DC,FMMOS,FMMOS - non-mars,04/09/2021 07:48:00,2000,2000-OCT,"1,638",component,lmprs,
Dec,2000,,Western,135.0,"4,048",Producer Milk Components,AMS_3462,3462,Dairy FMMOS,DY-NA,Washington,DC,"Washington, DC",Washington,DC,FMMOS,FMMOS - non-mars,04/09/2021 07:48:00,2000,2000-OCT,295,component,lmprs,
Dec,2001,,Western,135.0,"4,677",Producer Milk Components,AMS_3462,3462,Dairy FMMOS,DY-NA,Washington,DC,"Washington, DC",Washington,DC,FMMOS,FMMOS - non-mars,04/09/2021 07:46:00,2001,2001-OCT,296,component,lmprs,
Dec,2001,,Upper Midwest,30.0,"20,062",Producer Milk Components,AMS_3462,3462,Dairy FMMOS,DY-NA,Washington,DC,"Washington, DC",Washington,DC,FMMOS,FMMOS - non-mars,04/09/2021 07:46:00,2001,2001-OCT,"1,784",component,lmprs,
Dec,2001,,Southwest,126.0,"8,604",Producer Milk Components,AMS_3462,3462,Dairy FMMOS,DY-NA,Washington,DC,"Washington, DC",Washington,DC,FMMOS,FMMOS - non-mars,04/09/2021 07:46:00,2001,2001-OCT,730,component,lmprs,
Dec,2001,,Southeast,7.0,"7,769",Producer Milk Components,AMS_3462,3462,Dairy FMMOS,DY-NA,Washington,DC,"Washington, DC",Washington,DC,FMMOS,FMMOS - non-mars,04/09/2021 07:46:00,2001,2001-OCT,627,component,lmprs,
Dec,2001,,Pacific Northwest,124.0,"7,088",Producer Milk Components,AMS_3462,3462,Dairy FMMOS,DY-NA,Washington,DC,"Washington, DC",Washington,DC,FMMOS,FMMOS - non-mars,04/09/2021 07:46:00,2001,2001-OCT,565,component,lmprs,
Dec,2001,,Northeast,1.0,"24,557",Producer Milk Components,AMS_3462,3462,Dairy FMMOS,DY-NA,Washington,DC,"Washington, DC",Washington,DC,FMMOS,FMMOS - non-mars,04/09/2021 07:46:00,2001,2001-OCT,"1,988",component,lmprs,
Dec,2001,,Mideast,33.0,"17,229",Producer Milk Components,AMS_3462,3462,Dairy FMMOS,DY-NA,Washington,DC,"Washington, DC",Washington,DC,FMMOS,FMMOS - non-mars,04/09/2021 07:46:00,2001,2001-OCT,"1,425",component,lmprs,
Dec,2001,,Florida,6.0,"2,772",Producer Milk Components,AMS_3462,3462,Dairy FMMOS,DY-NA,Washington,DC,"Washington, DC",Washington,DC,FMMOS,FMMOS - non-mars,04/09/2021 07:46:00,2001,2001-OCT,218,component,lmprs,
Dec,2001,,Central,32.0,"17,836",Producer Milk Components,AMS_3462,3462,Dairy FMMOS,DY-NA,Washington,DC,"Washington, DC",Washington,DC,FMMOS,FMMOS - non-mars,04/09/2021 07:46:00,2001,2001-OCT,"1,442",component,lmprs,
Dec,2001,,Arizona,131.0,"2,956",Producer Milk Components,AMS_3462,3462,Dairy FMMOS,DY-NA,Washington,DC,"Washington, DC",Washington,DC,FMMOS,FMMOS - non-mars,04/09/2021 07:46:00,2001,2001-OCT,238,component,lmprs,
Dec,2001,,Appalachian,5.0,"6,673",Producer Milk Components,AMS_3462,3462,Dairy FMMOS,DY-NA,Washington,DC,"Washington, DC",Washington,DC,FMMOS,FMMOS - non-mars,04/09/2021 07:46:00,2001,2001-OCT,528,component,lmprs,
Dec,2001,,All Markets Combined,,"120,223",Producer Milk Components,AMS_3462,3462,Dairy FMMOS,DY-NA,Washington,DC,"Washington, DC",Washington,DC,FMMOS,FMMOS - non-mars,04/09/2021 07:46:00,2001,2001-OCT,"9,841",component,lmprs,
Dec,2002,,All Markets Combined,,"125,546",Producer Milk Components,AMS_3462,3462,Dairy FMMOS,DY-NA,Washington,DC,"Washington, DC",Washington,DC,FMMOS,FMMOS - non-mars,04/09/2021 07:46:00,2002,2002-OCT,"10,123",component,lmprs,
Dec,2002,,Appalachian,5.0,"6,706",Producer Milk Components,AMS_3462,3462,Dairy FMMOS,DY-NA,Washington,DC,"Washington, DC",Washington,DC,FMMOS,FMMOS - non-mars,04/09/2021 07:46:00,2002,2002-OCT,515,component,lmprs,
Dec,2002,,Arizona,131.0,"3,027",Producer Milk Components,AMS_3462,3462,Dairy FMMOS,DY-NA,Washington,DC,"Washington, DC",Washington,DC,FMMOS,FMMOS - non-mars,04/09/2021 07:46:00,2002,2002-OCT,240,component,lmprs,
Dec,2002,,Central,32.0,"18,700",Producer Milk Components,AMS_3462,3462,Dairy FMMOS,DY-NA,Washington,DC,"Washington, DC",Washington,DC,FMMOS,FMMOS - non-mars,04/09/2021 07:46:00,2002,2002-OCT,"1,623",component,lmprs,
Dec,2002,,Florida,6.0,"2,693",Producer Milk Components,AMS_3462,3462,Dairy FMMOS,DY-NA,Washington,DC,"Washington, DC",Washington,DC,FMMOS,FMMOS - non-mars,04/09/2021 07:46:00,2002,2002-OCT,202,component,lmprs,
Dec,2002,,Mideast,33.0,"17,739",Producer Milk Components,AMS_3462,3462,Dairy FMMOS,DY-NA,Washington,DC,"Washington, DC",Washington,DC,FMMOS,FMMOS - non-mars,04/09/2021 07:46:00,2002,2002-OCT,"1,470",component,lmprs,
Dec,2002,,Northeast,1.0,"25,358",Producer Milk Components,AMS_3462,3462,Dairy FMMOS,DY-NA,Washington,DC,"Washington, DC",Washington,DC,FMMOS,FMMOS - non-mars,04/09/2021 07:46:00,2002,2002-OCT,"1,974",component,lmprs,
Dec,2002,,Pacific Northwest,124.0,"7,824",Producer Milk Components,AMS_3462,3462,Dairy FMMOS,DY-NA,Washington,DC,"Washington, DC",Washington,DC,FMMOS,FMMOS - non-mars,04/09/2021 07:46:00,2002,2002-OCT,658,component,lmprs,
Dec,2002,,Southeast,7.0,"7,927",Producer Milk Components,AMS_3462,3462,Dairy FMMOS,DY-NA,Washington,DC,"Washington, DC",Washington,DC,FMMOS,FMMOS - non-mars,04/09/2021 07:46:00,2002,2002-OCT,604,component,lmprs,
Dec,2002,,Southwest,126.0,"9,714",Producer Milk Components,AMS_3462,3462,Dairy FMMOS,DY-NA,Washington,DC,"Washington, DC",Washington,DC,FMMOS,FMMOS - non-mars,04/09/2021 07:46:00,2002,2002-OCT,793,component,lmprs,
Dec,2002,,Upper Midwest,30.0,"20,307",Producer Milk Components,AMS_3462,3462,Dairy FMMOS,DY-NA,Washington,DC,"Washington, DC",Washington,DC,FMMOS,FMMOS - non-mars,04/09/2021 07:46:00,2002,2002-OCT,"1,574",component,lmprs,
Dec,2002,,Western,135.0,"5,552",Producer Milk Components,AMS_3462,3462,Dairy FMMOS,DY-NA,Washington,DC,"Washington, DC",Washington,DC,FMMOS,FMMOS - non-mars,04/09/2021 07:46:00,2002,2002-OCT,470,component,lmprs,
Dec,2003,,Western,135.0,"4,573",Producer Milk Components,AMS_3462,3462,Dairy FMMOS,DY-NA,Washington,DC,"Washington, DC",Washington,DC,FMMOS,FMMOS - non-mars,04/09/2021 07:46:00,2003,2003-OCT,175,component,lmprs,
Dec,2003,,Upper Midwest,30.0,"17,018",Producer Milk Components,AMS_3462,3462,Dairy FMMOS,DY-NA,Washington,DC,"Washington, DC",Washington,DC,FMMOS,FMMOS - non-mars,04/09/2021 07:46:00,2003,2003-OCT,657,component,lmprs,
Dec,2003,,Southwest,126.0,"9,174",Producer Milk Components,AMS_3462,3462,Dairy FMMOS,DY-NA,Washington,DC,"Washington, DC",Washington,DC,FMMOS,FMMOS - non-mars,04/09/2021 07:46:00,2003,2003-OCT,558,component,lmprs,
Dec,2003,,Southeast,7.0,"7,071",Producer Milk Components,AMS_3462,3462,Dairy FMMOS,DY-NA,Washington,DC,"Washington, DC",Washington,DC,FMMOS,FMMOS - non-mars,04/09/2021 07:46:00,2003,2003-OCT,595,component,lmprs,
Dec,2003,,Northeast,1.0,"24,038",Producer Milk Components,AMS_3462,3462,Dairy FMMOS,DY-NA,Washington,DC,"Washington, DC",Washington,DC,FMMOS,FMMOS - non-mars,04/09/2021 07:46:00,2003,2003-OCT,"1,923",component,lmprs,
Dec,2003,,Pacific Northwest,124.0,"6,336",Producer Milk Components,AMS_3462,3462,Dairy FMMOS,DY-NA,Washington,DC,"Washington, DC",Washington,DC,FMMOS,FMMOS - non-mars,04/09/2021 07:46:00,2003,2003-OCT,377,component,lmprs,
Dec,2003,,Mideast,33.0,"15,750",Producer Milk Components,AMS_3462,3462,Dairy FMMOS,DY-NA,Washington,DC,"Washington, DC",Washington,DC,FMMOS,FMMOS - non-mars,04/09/2021 07:46:00,2003,2003-OCT,"1,080",component,lmprs,
Dec,2003,,Florida,6.0,"2,833",Producer Milk Components,AMS_3462,3462,Dairy FMMOS,DY-NA,Washington,DC,"Washington, DC",Washington,DC,FMMOS,FMMOS - non-mars,04/09/2021 07:46:00,2003,2003-OCT,214,component,lmprs,
Dec,2003,,Arizona,131.0,"3,061",Producer Milk Components,AMS_3462,3462,Dairy FMMOS,DY-NA,Washington,DC,"Washington, DC",Washington,DC,FMMOS,FMMOS - non-mars,04/09/2021 07:46:00,2003,2003-OCT,235,component,lmprs,
Dec,2003,,Central,32.0,"14,411",Producer Milk Components,AMS_3462,3462,Dairy FMMOS,DY-NA,Washington,DC,"Washington, DC",Washington,DC,FMMOS,FMMOS - non-mars,04/09/2021 07:46:00,2003,2003-OCT,782,component,lmprs,
Dec,2003,,Appalachian,5.0,"6,315",Producer Milk Components,AMS_3462,3462,Dairy FMMOS,DY-NA,Washington,DC,"Washington, DC",Washington,DC,FMMOS,FMMOS - non-mars,04/09/2021 07:46:00,2003,2003-OCT,527,component,lmprs,
Dec,2003,,All Markets Combined,,"110,581",Producer Milk Components,AMS_3462,3462,Dairy FMMOS,DY-NA,Washington,DC,"Washington, DC",Washington,DC,FMMOS,FMMOS - non-mars,04/09/2021 07:46:00,2003,2003-OCT,"7,122",component,lmprs,
Dec,2004,,All Markets Combined,,"103,047",Producer Milk Components,AMS_3462,3462,Dairy FMMOS,DY-NA,Washington,DC,"Washington, DC",Washington,DC,FMMOS,FMMOS - non-mars,04/09/2021 07:44:00,2004,2004-OCT,"9,508",component,lmprs,
Dec,2004,,Appalachian,5.0,"6,203",Producer Milk Components,AMS_3462,3462,Dairy FMMOS,DY-NA,Washington,DC,"Washington, DC",Washington,DC,FMMOS,FMMOS - non-mars,04/09/2021 07:44:00,2004,2004-OCT,521,component,lmprs,
Dec,2004,,Central,32.0,"11,589",Producer Milk Components,AMS_3462,3462,Dairy FMMOS,DY-NA,Washington,DC,"Washington, DC",Washington,DC,FMMOS,FMMOS - non-mars,04/09/2021 07:44:00,2004,2004-OCT,"1,204",component,lmprs,
Dec,2004,,Arizona,131.0,"2,901",Producer Milk Components,AMS_3462,3462,Dairy FMMOS,DY-NA,Washington,DC,"Washington, DC",Washington,DC,FMMOS,FMMOS - non-mars,04/09/2021 07:44:00,2004,2004-OCT,231,component,lmprs,
Dec,2004,,Florida,6.0,"2,873",Producer Milk Components,AMS_3462,3462,Dairy FMMOS,DY-NA,Washington,DC,"Washington, DC",Washington,DC,FMMOS,FMMOS - non-mars,04/09/2021 07:44:00,2004,2004-OCT,217,component,lmprs,
Dec,2004,,Mideast,33.0,"15,940",Producer Milk Components,AMS_3462,3462,Dairy FMMOS,DY-NA,Washington,DC,"Washington, DC",Washington,DC,FMMOS,FMMOS - non-mars,04/09/2021 07:44:00,2004,2004-OCT,"1,546",component,lmprs,
Dec,2004,,Pacific Northwest,124.0,"6,518",Producer Milk Components,AMS_3462,3462,Dairy FMMOS,DY-NA,Washington,DC,"Washington, DC",Washington,DC,FMMOS,FMMOS - non-mars,04/09/2021 07:44:00,2004,2004-OCT,617,component,lmprs,
Dec,2004,,Northeast,1.0,"22,670",Producer Milk Components,AMS_3462,3462,Dairy FMMOS,DY-NA,Washington,DC,"Washington, DC",Washington,DC,FMMOS,FMMOS - non-mars,04/09/2021 07:44:00,2004,2004-OCT,"1,830",component,lmprs,
Dec,2004,,Southeast,7.0,"7,164",Producer Milk Components,AMS_3462,3462,Dairy FMMOS,DY-NA,Washington,DC,"Washington, DC",Washington,DC,FMMOS,FMMOS - non-mars,04/09/2021 07:44:00,2004,2004-OCT,573,component,lmprs,
Dec,2004,,Southwest,126.0,"8,790",Producer Milk Components,AMS_3462,3462,Dairy FMMOS,DY-NA,Washington,DC,"Washington, DC",Washington,DC,FMMOS,FMMOS - non-mars,04/09/2021 07:44:00,2004,2004-OCT,791,component,lmprs,
Dec,2004,,Upper Midwest,30.0,"17,302",Producer Milk Components,AMS_3462,3462,Dairy FMMOS,DY-NA,Washington,DC,"Washington, DC",Washington,DC,FMMOS,FMMOS - non-mars,04/09/2021 07:44:00,2004,2004-OCT,"1,977",component,lmprs,
Dec,2004,,Western,135.0,"1,096",Producer Milk Components,AMS_3462,3462,Dairy FMMOS,DY-NA,Washington,DC,"Washington, DC",Washington,DC,FMMOS,FMMOS - non-mars,04/09/2021 07:44:00,2004,2004-OCT,,component,lmprs,
Dec,2005,,Upper Midwest,30.0,"22,450",Producer Milk Components,AMS_3462,3462,Dairy FMMOS,DY-NA,Washington,DC,"Washington, DC",Washington,DC,FMMOS,FMMOS - non-mars,03/30/2021 14:16:00,2005,2005-OCT,"2,119",component,lmprs,
Dec,2005,,Southwest,126.0,"9,579",Producer Milk Components,AMS_3462,3462,Dairy FMMOS,DY-NA,Washington,DC,"Washington, DC",Washington,DC,FMMOS,FMMOS - non-mars,03/30/2021 14:16:00,2005,2005-OCT,853,component,lmprs,
Dec,2005,,Southeast,7.0,"7,544",Producer Milk Components,AMS_3462,3462,Dairy FMMOS,DY-NA,Washington,DC,"Washington, DC",Washington,DC,FMMOS,FMMOS - non-mars,03/30/2021 14:16:00,2005,2005-OCT,573,component,lmprs,
Dec,2005,,Northeast,1.0,"23,565",Producer Milk Components,AMS_3462,3462,Dairy FMMOS,DY-NA,Washington,DC,"Washington, DC",Washington,DC,FMMOS,FMMOS - non-mars,03/30/2021 14:16:00,2005,2005-OCT,"1,904",component,lmprs,
Dec,2005,,Pacific Northwest,124.0,"7,046",Producer Milk Components,AMS_3462,3462,Dairy FMMOS,DY-NA,Washington,DC,"Washington, DC",Washington,DC,FMMOS,FMMOS - non-mars,03/30/2021 14:16:00,2005,2005-OCT,626,component,lmprs,
Dec,2005,,Mideast,33.0,"18,060",Producer Milk Components,AMS_3462,3462,Dairy FMMOS,DY-NA,Washington,DC,"Washington, DC",Washington,DC,FMMOS,FMMOS - non-mars,03/30/2021 14:16:00,2005,2005-OCT,"1,453",component,lmprs,
Dec,2005,,Florida,6.0,"3,125",Producer Milk Components,AMS_3462,3462,Dairy FMMOS,DY-NA,Washington,DC,"Washington, DC",Washington,DC,FMMOS,FMMOS - non-mars,03/30/2021 14:16:00,2005,2005-OCT,229,component,lmprs,
Dec,2005,,Central,32.0,"13,966",Producer Milk Components,AMS_3462,3462,Dairy FMMOS,DY-NA,Washington,DC,"Washington, DC",Washington,DC,FMMOS,FMMOS - non-mars,03/30/2021 14:16:00,2005,2005-OCT,"1,260",component,lmprs,
Dec,2005,,Appalachian,5.0,"6,400",Producer Milk Components,AMS_3462,3462,Dairy FMMOS,DY-NA,Washington,DC,"Washington, DC",Washington,DC,FMMOS,FMMOS - non-mars,03/30/2021 14:16:00,2005,2005-OCT,491,component,lmprs,
Dec,2005,,Arizona,131.0,"2,948",Producer Milk Components,AMS_3462,3462,Dairy FMMOS,DY-NA,Washington,DC,"Washington, DC",Washington,DC,FMMOS,FMMOS - non-mars,03/30/2021 14:16:00,2005,2005-OCT,233,component,lmprs,
Dec,2005,,All Markets Combined,,"114,682",Producer Milk Components,AMS_3462,3462,Dairy FMMOS,DY-NA,Washington,DC,"Washington, DC",Washington,DC,FMMOS,FMMOS - non-mars,03/30/2021 14:16:00,2005,2005-OCT,"9,742",component,lmprs,
Dec,2006,,All Markets Combined,,"120,618",Producer Milk Components,AMS_3462,3462,Dairy FMMOS,DY-NA,Washington,DC,"Washington, DC",Washington,DC,FMMOS,FMMOS - non-mars,03/30/2021 14:16:00,2006,2006-OCT,"9,850",component,lmprs,
Dec,2006,,Arizona,131.0,"3,383",Producer Milk Components,AMS_3462,3462,Dairy FMMOS,DY-NA,Washington,DC,"Washington, DC",Washington,DC,FMMOS,FMMOS - non-mars,03/30/2021 14:16:00,2006,2006-OCT,274,component,lmprs,
Dec,2006,,Appalachian,5.0,"6,243",Producer Milk Components,AMS_3462,3462,Dairy FMMOS,DY-NA,Washington,DC,"Washington, DC",Washington,DC,FMMOS,FMMOS - non-mars,03/30/2021 14:16:00,2006,2006-OCT,501,component,lmprs,
Dec,2006,,Central,32.0,"13,917",Producer Milk Components,AMS_3462,3462,Dairy FMMOS,DY-NA,Washington,DC,"Washington, DC",Washington,DC,FMMOS,FMMOS - non-mars,03/30/2021 14:16:00,2006,2006-OCT,"1,142",component,lmprs,
Dec,2006,,Florida,6.0,"3,126",Producer Milk Components,AMS_3462,3462,Dairy FMMOS,DY-NA,Washington,DC,"Washington, DC",Washington,DC,FMMOS,FMMOS - non-mars,03/30/2021 14:16:00,2006,2006-OCT,250,component,lmprs,
Dec,2006,,Mideast,33.0,"17,189",Producer Milk Components,AMS_3462,3462,Dairy FMMOS,DY-NA,Washington,DC,"Washington, DC",Washington,DC,FMMOS,FMMOS - non-mars,03/30/2021 14:16:00,2006,2006-OCT,"1,349",component,lmprs,
Dec,2006,,Pacific Northwest,124.0,"7,570",Producer Milk Components,AMS_3462,3462,Dairy FMMOS,DY-NA,Washington,DC,"Washington, DC",Washington,DC,FMMOS,FMMOS - non-mars,03/30/2021 14:16:00,2006,2006-OCT,620,component,lmprs,
Dec,2006,,Northeast,1.0,"22,680",Producer Milk Components,AMS_3462,3462,Dairy FMMOS,DY-NA,Washington,DC,"Washington, DC",Washington,DC,FMMOS,FMMOS - non-mars,03/30/2021 14:16:00,2006,2006-OCT,"1,777",component,lmprs,
Dec,2006,,Southeast,7.0,"8,055",Producer Milk Components,AMS_3462,3462,Dairy FMMOS,DY-NA,Washington,DC,"Washington, DC",Washington,DC,FMMOS,FMMOS - non-mars,03/30/2021 14:16:00,2006,2006-OCT,628,component,lmprs,
Dec,2006,,Southwest,126.0,"11,600",Producer Milk Components,AMS_3462,3462,Dairy FMMOS,DY-NA,Washington,DC,"Washington, DC",Washington,DC,FMMOS,FMMOS - non-mars,03/30/2021 14:16:00,2006,2006-OCT,916,component,lmprs,
Dec,2006,,Upper Midwest,30.0,"26,855",Producer Milk Components,AMS_3462,3462,Dairy FMMOS,DY-NA,Washington,DC,"Washington, DC",Washington,DC,FMMOS,FMMOS - non-mars,03/30/2021 14:16:00,2006,2006-OCT,"2,394",component,lmprs,
Dec,2007,,Upper Midwest,30.0,"26,490",Producer Milk Components,AMS_3462,3462,Dairy FMMOS,DY-NA,Washington,DC,"Washington, DC",Washington,DC,FMMOS,FMMOS - non-mars,03/30/2021 14:16:00,2007,2007-OCT,"2,345",component,lmprs,
Dec,2007,,Southwest,126.0,"9,990",Producer Milk Components,AMS_3462,3462,Dairy FMMOS,DY-NA,Washington,DC,"Washington, DC",Washington,DC,FMMOS,FMMOS - non-mars,03/30/2021 14:16:00,2007,2007-OCT,837,component,lmprs,
Dec,2007,,Southeast,7.0,"7,521",Producer Milk Components,AMS_3462,3462,Dairy FMMOS,DY-NA,Washington,DC,"Washington, DC",Washington,DC,FMMOS,FMMOS - non-mars,03/30/2021 14:16:00,2007,2007-OCT,584,component,lmprs,
Dec,2007,,Northeast,1.0,"23,040",Producer Milk Components,AMS_3462,3462,Dairy FMMOS,DY-NA,Washington,DC,"Washington, DC",Washington,DC,FMMOS,FMMOS - non-mars,03/30/2021 14:16:00,2007,2007-OCT,"1,996",component,lmprs,
Dec,2007,,Pacific Northwest,124.0,"7,036",Producer Milk Components,AMS_3462,3462,Dairy FMMOS,DY-NA,Washington,DC,"Washington, DC",Washington,DC,FMMOS,FMMOS - non-mars,03/30/2021 14:16:00,2007,2007-OCT,578,component,lmprs,
Dec,2007,,Mideast,33.0,"16,268",Producer Milk Components,AMS_3462,3462,Dairy FMMOS,DY-NA,Washington,DC,"Washington, DC",Washington,DC,FMMOS,FMMOS - non-mars,03/30/2021 14:16:00,2007,2007-OCT,"1,277",component,lmprs,
Dec,2007,,Florida,6.0,"3,207",Producer Milk Components,AMS_3462,3462,Dairy FMMOS,DY-NA,Washington,DC,"Washington, DC",Washington,DC,FMMOS,FMMOS - non-mars,03/30/2021 14:16:00,2007,2007-OCT,254,component,lmprs,
Dec,2007,,Central,32.0,"11,193",Producer Milk Components,AMS_3462,3462,Dairy FMMOS,DY-NA,Washington,DC,"Washington, DC",Washington,DC,FMMOS,FMMOS - non-mars,03/30/2021 14:16:00,2007,2007-OCT,972,component,lmprs,
Dec,2007,,Appalachian,5.0,"5,865",Producer Milk Components,AMS_3462,3462,Dairy FMMOS,DY-NA,Washington,DC,"Washington, DC",Washington,DC,FMMOS,FMMOS - non-mars,03/30/2021 14:16:00,2007,2007-OCT,479,component,lmprs,
Dec,2007,,Arizona,131.0,"3,799",Producer Milk Components,AMS_3462,3462,Dairy FMMOS,DY-NA,Washington,DC,"Washington, DC",Washington,DC,FMMOS,FMMOS - non-mars,03/30/2021 14:16:00,2007,2007-OCT,309,component,lmprs,
Dec,2007,,All Markets Combined,,"114,407",Producer Milk Components,AMS_3462,3462,Dairy FMMOS,DY-NA,Washington,DC,"Washington, DC",Washington,DC,FMMOS,FMMOS - non-mars,03/30/2021 14:16:00,2007,2007-OCT,"9,632",component,lmprs,
Dec,2008,,All Markets Combined,,"115,867",Producer Milk Components,AMS_3462,3462,Dairy FMMOS,DY-NA,Washington,DC,"Washington, DC",Washington,DC,FMMOS,FMMOS - non-mars,03/30/2021 14:15:00,2008,2008-OCT,"8,882",component,lmprs,
Dec,2008,,Arizona,131.0,"4,156",Producer Milk Components,AMS_3462,3462,Dairy FMMOS,DY-NA,Washington,DC,"Washington, DC",Washington,DC,FMMOS,FMMOS - non-mars,03/30/2021 14:15:00,2008,2008-OCT,331,component,lmprs,
Dec,2008,,Appalachian,5.0,"5,882",Producer Milk Components,AMS_3462,3462,Dairy FMMOS,DY-NA,Washington,DC,"Washington, DC",Washington,DC,FMMOS,FMMOS - non-mars,03/30/2021 14:15:00,2008,2008-OCT,498,component,lmprs,
Dec,2008,,Central,32.0,"11,564",Producer Milk Components,AMS_3462,3462,Dairy FMMOS,DY-NA,Washington,DC,"Washington, DC",Washington,DC,FMMOS,FMMOS - non-mars,03/30/2021 14:15:00,2008,2008-OCT,927,component,lmprs,
Dec,2008,,Florida,6.0,"3,130",Producer Milk Components,AMS_3462,3462,Dairy FMMOS,DY-NA,Washington,DC,"Washington, DC",Washington,DC,FMMOS,FMMOS - non-mars,03/30/2021 14:15:00,2008,2008-OCT,254,component,lmprs,
Dec,2008,,Mideast,33.0,"15,707",Producer Milk Components,AMS_3462,3462,Dairy FMMOS,DY-NA,Washington,DC,"Washington, DC",Washington,DC,FMMOS,FMMOS - non-mars,03/30/2021 14:15:00,2008,2008-OCT,"1,187",component,lmprs,
Dec,2008,,Pacific Northwest,124.0,"6,882",Producer Milk Components,AMS_3462,3462,Dairy FMMOS,DY-NA,Washington,DC,"Washington, DC",Washington,DC,FMMOS,FMMOS - non-mars,03/30/2021 14:15:00,2008,2008-OCT,455,component,lmprs,
Dec,2008,,Northeast,1.0,"23,895",Producer Milk Components,AMS_3462,3462,Dairy FMMOS,DY-NA,Washington,DC,"Washington, DC",Washington,DC,FMMOS,FMMOS - non-mars,03/30/2021 14:15:00,2008,2008-OCT,"1,932",component,lmprs,
Dec,2008,,Southeast,7.0,"6,923",Producer Milk Components,AMS_3462,3462,Dairy FMMOS,DY-NA,Washington,DC,"Washington, DC",Washington,DC,FMMOS,FMMOS - non-mars,03/30/2021 14:15:00,2008,2008-OCT,564,component,lmprs,
Dec,2008,,Southwest,126.0,"9,687",Producer Milk Components,AMS_3462,3462,Dairy FMMOS,DY-NA,Washington,DC,"Washington, DC",Washington,DC,FMMOS,FMMOS - non-mars,03/30/2021 14:15:00,2008,2008-OCT,559,component,lmprs,
Dec,2008,,Upper Midwest,30.0,"28,041",Producer Milk Components,AMS_3462,3462,Dairy FMMOS,DY-NA,Washington,DC,"Washington, DC",Washington,DC,FMMOS,FMMOS - non-mars,03/30/2021 14:15:00,2008,2008-OCT,"2,175",component,lmprs,
Dec,2009,,Upper Midwest,30.0,"32,184",Producer Milk Components,AMS_3462,3462,Dairy FMMOS,DY-NA,Washington,DC,"Washington, DC",Washington,DC,FMMOS,FMMOS - non-mars,03/30/2021 14:15:00,2009,2009-OCT,"2,751",component,lmprs,
Dec,2009,,Southwest,126.0,"10,809",Producer Milk Components,AMS_3462,3462,Dairy FMMOS,DY-NA,Washington,DC,"Washington, DC",Washington,DC,FMMOS,FMMOS - non-mars,03/30/2021 14:15:00,2009,2009-OCT,872,component,lmprs,
Dec,2009,,Southeast,7.0,"7,169",Producer Milk Components,AMS_3462,3462,Dairy FMMOS,DY-NA,Washington,DC,"Washington, DC",Washington,DC,FMMOS,FMMOS - non-mars,03/30/2021 14:15:00,2009,2009-OCT,565,component,lmprs,
Dec,2009,,Northeast,1.0,"23,497",Producer Milk Components,AMS_3462,3462,Dairy FMMOS,DY-NA,Washington,DC,"Washington, DC",Washington,DC,FMMOS,FMMOS - non-mars,03/30/2021 14:15:00,2009,2009-OCT,"1,875",component,lmprs,
Dec,2009,,Pacific Northwest,124.0,"7,470",Producer Milk Components,AMS_3462,3462,Dairy FMMOS,DY-NA,Washington,DC,"Washington, DC",Washington,DC,FMMOS,FMMOS - non-mars,03/30/2021 14:15:00,2009,2009-OCT,655,component,lmprs,
Dec,2009,,Mideast,33.0,"16,596",Producer Milk Components,AMS_3462,3462,Dairy FMMOS,DY-NA,Washington,DC,"Washington, DC",Washington,DC,FMMOS,FMMOS - non-mars,03/30/2021 14:15:00,2009,2009-OCT,"1,336",component,lmprs,
Dec,2009,,Florida,6.0,"3,027",Producer Milk Components,AMS_3462,3462,Dairy FMMOS,DY-NA,Washington,DC,"Washington, DC",Washington,DC,FMMOS,FMMOS - non-mars,03/30/2021 14:15:00,2009,2009-OCT,250,component,lmprs,
Dec,2009,,Central,32.0,"12,685",Producer Milk Components,AMS_3462,3462,Dairy FMMOS,DY-NA,Washington,DC,"Washington, DC",Washington,DC,FMMOS,FMMOS - non-mars,03/30/2021 14:15:00,2009,2009-OCT,940,component,lmprs,
Dec,2009,,Appalachian,5.0,"5,950",Producer Milk Components,AMS_3462,3462,Dairy FMMOS,DY-NA,Washington,DC,"Washington, DC",Washington,DC,FMMOS,FMMOS - non-mars,03/30/2021 14:15:00,2009,2009-OCT,492,component,lmprs,
Dec,2009,,Arizona,131.0,"4,042",Producer Milk Components,AMS_3462,3462,Dairy FMMOS,DY-NA,Washington,DC,"Washington, DC",Washington,DC,FMMOS,FMMOS - non-mars,03/30/2021 14:15:00,2009,2009-OCT,307,component,lmprs,
Dec,2009,,All Markets Combined,,"123,430",Producer Milk Components,AMS_3462,3462,Dairy FMMOS,DY-NA,Washington,DC,"Washington, DC",Washington,DC,FMMOS,FMMOS - non-mars,03/30/2021 14:15:00,2009,2009-OCT,"10,043",component,lmprs,
Dec,2010,,All Markets Combined,,"126,909",Producer Milk Components,AMS_3462,3462,Dairy FMMOS,DY-NA,Washington,DC,"Washington, DC",Washington,DC,FMMOS,FMMOS - non-mars,03/30/2021 14:14:00,2010,2010-OCT,"10,487",component,lmprs,
Dec,2010,,Arizona,131.0,"4,232",Producer Milk Components,AMS_3462,3462,Dairy FMMOS,DY-NA,Washington,DC,"Washington, DC",Washington,DC,FMMOS,FMMOS - non-mars,03/30/2021 14:14:00,2010,2010-OCT,340,component,lmprs,
Dec,2010,,Appalachian,5.0,"6,042",Producer Milk Components,AMS_3462,3462,Dairy FMMOS,DY-NA,Washington,DC,"Washington, DC",Washington,DC,FMMOS,FMMOS - non-mars,03/30/2021 14:14:00,2010,2010-OCT,498,component,lmprs,
Dec,2010,,Central,32.0,"13,352",Producer Milk Components,AMS_3462,3462,Dairy FMMOS,DY-NA,Washington,DC,"Washington, DC",Washington,DC,FMMOS,FMMOS - non-mars,03/30/2021 14:14:00,2010,2010-OCT,"1,164",component,lmprs,
Dec,2010,,Florida,6.0,"2,902",Producer Milk Components,AMS_3462,3462,Dairy FMMOS,DY-NA,Washington,DC,"Washington, DC",Washington,DC,FMMOS,FMMOS - non-mars,03/30/2021 14:14:00,2010,2010-OCT,244,component,lmprs,
Dec,2010,,Mideast,33.0,"16,022",Producer Milk Components,AMS_3462,3462,Dairy FMMOS,DY-NA,Washington,DC,"Washington, DC",Washington,DC,FMMOS,FMMOS - non-mars,03/30/2021 14:14:00,2010,2010-OCT,"1,359",component,lmprs,
Dec,2010,,Pacific Northwest,124.0,"8,011",Producer Milk Components,AMS_3462,3462,Dairy FMMOS,DY-NA,Washington,DC,"Washington, DC",Washington,DC,FMMOS,FMMOS - non-mars,03/30/2021 14:14:00,2010,2010-OCT,667,component,lmprs,
Dec,2010,,Northeast,1.0,"24,335",Producer Milk Components,AMS_3462,3462,Dairy FMMOS,DY-NA,Washington,DC,"Washington, DC",Washington,DC,FMMOS,FMMOS - non-mars,03/30/2021 14:14:00,2010,2010-OCT,"1,980",component,lmprs,
Dec,2010,,Southeast,7.0,"7,001",Producer Milk Components,AMS_3462,3462,Dairy FMMOS,DY-NA,Washington,DC,"Washington, DC",Washington,DC,FMMOS,FMMOS - non-mars,03/30/2021 14:14:00,2010,2010-OCT,557,component,lmprs,
Dec,2010,,Southwest,126.0,"11,210",Producer Milk Components,AMS_3462,3462,Dairy FMMOS,DY-NA,Washington,DC,"Washington, DC",Washington,DC,FMMOS,FMMOS - non-mars,03/30/2021 14:14:00,2010,2010-OCT,933,component,lmprs,
Dec,2010,,Upper Midwest,30.0,"33,803",Producer Milk Components,AMS_3462,3462,Dairy FMMOS,DY-NA,Washington,DC,"Washington, DC",Washington,DC,FMMOS,FMMOS - non-mars,03/30/2021 14:14:00,2010,2010-OCT,"2,746",component,lmprs,
Dec,2011,,Southwest,126.0,"11,233",Producer Milk Components,AMS_3462,3462,Dairy FMMOS,DY-NA,Washington,DC,"Washington, DC",Washington,DC,FMMOS,FMMOS - non-mars,03/30/2021 14:14:00,2011,2011-OCT,974,component,lmprs,
Dec,2011,,Upper Midwest,30.0,"32,766",Producer Milk Components,AMS_3462,3462,Dairy FMMOS,DY-NA,Washington,DC,"Washington, DC",Washington,DC,FMMOS,FMMOS - non-mars,03/30/2021 14:14:00,2011,2011-OCT,"2,704",component,lmprs,
Dec,2011,,Southeast,7.0,"7,057",Producer Milk Components,AMS_3462,3462,Dairy FMMOS,DY-NA,Washington,DC,"Washington, DC",Washington,DC,FMMOS,FMMOS - non-mars,03/30/2021 14:14:00,2011,2011-OCT,574,component,lmprs,
Dec,2011,,Pacific Northwest,124.0,"8,023",Producer Milk Components,AMS_3462,3462,Dairy FMMOS,DY-NA,Washington,DC,"Washington, DC",Washington,DC,FMMOS,FMMOS - non-mars,03/30/2021 14:14:00,2011,2011-OCT,700,component,lmprs,
Dec,2011,,Mideast,33.0,"15,939",Producer Milk Components,AMS_3462,3462,Dairy FMMOS,DY-NA,Washington,DC,"Washington, DC",Washington,DC,FMMOS,FMMOS - non-mars,03/30/2021 14:14:00,2011,2011-OCT,"1,411",component,lmprs,
Dec,2011,,Northeast,1.0,"24,358",Producer Milk Components,AMS_3462,3462,Dairy FMMOS,DY-NA,Washington,DC,"Washington, DC",Washington,DC,FMMOS,FMMOS - non-mars,03/30/2021 14:14:00,2011,2011-OCT,"1,955",component,lmprs,
Dec,2011,,Florida,6.0,"2,919",Producer Milk Components,AMS_3462,3462,Dairy FMMOS,DY-NA,Washington,DC,"Washington, DC",Washington,DC,FMMOS,FMMOS - non-mars,03/30/2021 14:14:00,2011,2011-OCT,241,component,lmprs,
Dec,2011,,Central,32.0,"13,938",Producer Milk Components,AMS_3462,3462,Dairy FMMOS,DY-NA,Washington,DC,"Washington, DC",Washington,DC,FMMOS,FMMOS - non-mars,03/30/2021 14:14:00,2011,2011-OCT,"1,332",component,lmprs,
Dec,2011,,Appalachian,5.0,"6,128",Producer Milk Components,AMS_3462,3462,Dairy FMMOS,DY-NA,Washington,DC,"Washington, DC",Washington,DC,FMMOS,FMMOS - non-mars,03/30/2021 14:14:00,2011,2011-OCT,523,component,lmprs,
Dec,2011,,Arizona,131.0,"4,518",Producer Milk Components,AMS_3462,3462,Dairy FMMOS,DY-NA,Washington,DC,"Washington, DC",Washington,DC,FMMOS,FMMOS - non-mars,03/30/2021 14:14:00,2011,2011-OCT,367,component,lmprs,
Dec,2011,,All Markets Combined,,"126,879",Producer Milk Components,AMS_3462,3462,Dairy FMMOS,DY-NA,Washington,DC,"Washington, DC",Washington,DC,FMMOS,FMMOS - non-mars,03/30/2021 14:14:00,2011,2011-OCT,"10,780",component,lmprs,
Dec,2012,,All Markets Combined,,"122,388",Producer Milk Components,AMS_3462,3462,Dairy FMMOS,DY-NA,Washington,DC,"Washington, DC",Washington,DC,FMMOS,FMMOS - non-mars,03/30/2021 14:13:00,2012,2012-OCT,"8,575",component,lmprs,
Dec,2012,,Arizona,131.0,"4,556",Producer Milk Components,AMS_3462,3462,Dairy FMMOS,DY-NA,Washington,DC,"Washington, DC",Washington,DC,FMMOS,FMMOS - non-mars,03/30/2021 14:13:00,2012,2012-OCT,343,component,lmprs,
Dec,2012,,Appalachian,5.0,"5,863",Producer Milk Components,AMS_3462,3462,Dairy FMMOS,DY-NA,Washington,DC,"Washington, DC",Washington,DC,FMMOS,FMMOS - non-mars,03/30/2021 14:13:00,2012,2012-OCT,457,component,lmprs,
Dec,2012,,Central,32.0,"13,389",Producer Milk Components,AMS_3462,3462,Dairy FMMOS,DY-NA,Washington,DC,"Washington, DC",Washington,DC,FMMOS,FMMOS - non-mars,03/30/2021 14:13:00,2012,2012-OCT,786,component,lmprs,
Dec,2012,,Florida,6.0,"2,890",Producer Milk Components,AMS_3462,3462,Dairy FMMOS,DY-NA,Washington,DC,"Washington, DC",Washington,DC,FMMOS,FMMOS - non-mars,03/30/2021 14:13:00,2012,2012-OCT,245,component,lmprs,
Dec,2012,,Northeast,1.0,"24,695",Producer Milk Components,AMS_3462,3462,Dairy FMMOS,DY-NA,Washington,DC,"Washington, DC",Washington,DC,FMMOS,FMMOS - non-mars,03/30/2021 14:13:00,2012,2012-OCT,"2,027",component,lmprs,
Dec,2012,,Mideast,33.0,"16,806",Producer Milk Components,AMS_3462,3462,Dairy FMMOS,DY-NA,Washington,DC,"Washington, DC",Washington,DC,FMMOS,FMMOS - non-mars,03/30/2021 14:13:00,2012,2012-OCT,"1,215",component,lmprs,
Dec,2012,,Pacific Northwest,124.0,"6,719",Producer Milk Components,AMS_3462,3462,Dairy FMMOS,DY-NA,Washington,DC,"Washington, DC",Washington,DC,FMMOS,FMMOS - non-mars,03/30/2021 14:13:00,2012,2012-OCT,422,component,lmprs,
Dec,2012,,Southeast,7.0,"6,794",Producer Milk Components,AMS_3462,3462,Dairy FMMOS,DY-NA,Washington,DC,"Washington, DC",Washington,DC,FMMOS,FMMOS - non-mars,03/30/2021 14:13:00,2012,2012-OCT,524,component,lmprs,
Dec,2012,,Upper Midwest,30.0,"30,684",Producer Milk Components,AMS_3462,3462,Dairy FMMOS,DY-NA,Washington,DC,"Washington, DC",Washington,DC,FMMOS,FMMOS - non-mars,03/30/2021 14:13:00,2012,2012-OCT,"2,027",component,lmprs,
Dec,2012,,Southwest,126.0,"9,994",Producer Milk Components,AMS_3462,3462,Dairy FMMOS,DY-NA,Washington,DC,"Washington, DC",Washington,DC,FMMOS,FMMOS - non-mars,03/30/2021 14:13:00,2012,2012-OCT,530,component,lmprs,
Dec,2013,,Southwest,126.0,"12,901",Producer Milk Components,AMS_3462,3462,Dairy FMMOS,DY-NA,Washington,DC,"Washington, DC",Washington,DC,FMMOS,FMMOS - non-mars,03/30/2021 14:13:00,2013,2013-OCT,"1,052",component,lmprs,
Dec,2013,,Upper Midwest,30.0,"34,315",Producer Milk Components,AMS_3462,3462,Dairy FMMOS,DY-NA,Washington,DC,"Washington, DC",Washington,DC,FMMOS,FMMOS - non-mars,03/30/2021 14:13:00,2013,2013-OCT,"2,828",component,lmprs,
Dec,2013,,Southeast,7.0,"6,129",Producer Milk Components,AMS_3462,3462,Dairy FMMOS,DY-NA,Washington,DC,"Washington, DC",Washington,DC,FMMOS,FMMOS - non-mars,03/30/2021 14:13:00,2013,2013-OCT,498,component,lmprs,
Dec,2013,,Pacific Northwest,124.0,"8,239",Producer Milk Components,AMS_3462,3462,Dairy FMMOS,DY-NA,Washington,DC,"Washington, DC",Washington,DC,FMMOS,FMMOS - non-mars,03/30/2021 14:13:00,2013,2013-OCT,624,component,lmprs,
Dec,2013,,Mideast,33.0,"16,719",Producer Milk Components,AMS_3462,3462,Dairy FMMOS,DY-NA,Washington,DC,"Washington, DC",Washington,DC,FMMOS,FMMOS - non-mars,03/30/2021 14:13:00,2013,2013-OCT,"1,328",component,lmprs,
Dec,2013,,Northeast,1.0,"25,420",Producer Milk Components,AMS_3462,3462,Dairy FMMOS,DY-NA,Washington,DC,"Washington, DC",Washington,DC,FMMOS,FMMOS - non-mars,03/30/2021 14:13:00,2013,2013-OCT,"2,052",component,lmprs,
Dec,2013,,Florida,6.0,"2,833",Producer Milk Components,AMS_3462,3462,Dairy FMMOS,DY-NA,Washington,DC,"Washington, DC",Washington,DC,FMMOS,FMMOS - non-mars,03/30/2021 14:13:00,2013,2013-OCT,239,component,lmprs,
Dec,2013,,Central,32.0,"15,199",Producer Milk Components,AMS_3462,3462,Dairy FMMOS,DY-NA,Washington,DC,"Washington, DC",Washington,DC,FMMOS,FMMOS - non-mars,03/30/2021 14:13:00,2013,2013-OCT,"1,262",component,lmprs,
Dec,2013,,Arizona,131.0,"4,615",Producer Milk Components,AMS_3462,3462,Dairy FMMOS,DY-NA,Washington,DC,"Washington, DC",Washington,DC,FMMOS,FMMOS - non-mars,03/30/2021 14:13:00,2013,2013-OCT,368,component,lmprs,
Dec,2013,,All Markets Combined,,"132,100",Producer Milk Components,AMS_3462,3462,Dairy FMMOS,DY-NA,Washington,DC,"Washington, DC",Washington,DC,FMMOS,FMMOS - non-mars,03/30/2021 14:13:00,2013,2013-OCT,"10,712",component,lmprs,
Dec,2013,,Appalachian,5.0,"5,729",Producer Milk Components,AMS_3462,3462,Dairy FMMOS,DY-NA,Washington,DC,"Washington, DC",Washington,DC,FMMOS,FMMOS - non-mars,03/30/2021 14:13:00,2013,2013-OCT,460,component,lmprs,
Dec,2014,,Appalachian,5.0,"5,594",Producer Milk Components,AMS_3462,3462,Dairy FMMOS,DY-NA,Washington,DC,"Washington, DC",Washington,DC,FMMOS,FMMOS - non-mars,03/30/2021 14:13:00,2014,2014-OCT,460,component,lmprs,
Dec,2014,,All Markets Combined,,"129,420",Producer Milk Components,AMS_3462,3462,Dairy FMMOS,DY-NA,Washington,DC,"Washington, DC",Washington,DC,FMMOS,FMMOS - non-mars,03/30/2021 14:13:00,2014,2014-OCT,"9,704",component,lmprs,
Dec,2014,,Arizona,131.0,"4,800",Producer Milk Components,AMS_3462,3462,Dairy FMMOS,DY-NA,Washington,DC,"Washington, DC",Washington,DC,FMMOS,FMMOS - non-mars,03/30/2021 14:13:00,2014,2014-OCT,367,component,lmprs,
Dec,2014,,Central,32.0,"15,063",Producer Milk Components,AMS_3462,3462,Dairy FMMOS,DY-NA,Washington,DC,"Washington, DC",Washington,DC,FMMOS,FMMOS - non-mars,03/30/2021 14:13:00,2014,2014-OCT,"1,118",component,lmprs,
Dec,2014,,Florida,6.0,"2,771",Producer Milk Components,AMS_3462,3462,Dairy FMMOS,DY-NA,Washington,DC,"Washington, DC",Washington,DC,FMMOS,FMMOS - non-mars,03/30/2021 14:13:00,2014,2014-OCT,237,component,lmprs,
Dec,2014,,Northeast,1.0,"25,793",Producer Milk Components,AMS_3462,3462,Dairy FMMOS,DY-NA,Washington,DC,"Washington, DC",Washington,DC,FMMOS,FMMOS - non-mars,03/30/2021 14:13:00,2014,2014-OCT,"2,143",component,lmprs,
Dec,2014,,Mideast,33.0,"17,297",Producer Milk Components,AMS_3462,3462,Dairy FMMOS,DY-NA,Washington,DC,"Washington, DC",Washington,DC,FMMOS,FMMOS - non-mars,03/30/2021 14:13:00,2014,2014-OCT,"1,419",component,lmprs,
Dec,2014,,Pacific Northwest,124.0,"7,892",Producer Milk Components,AMS_3462,3462,Dairy FMMOS,DY-NA,Washington,DC,"Washington, DC",Washington,DC,FMMOS,FMMOS - non-mars,03/30/2021 14:13:00,2014,2014-OCT,502,component,lmprs,
Dec,2014,,Southeast,7.0,"5,289",Producer Milk Components,AMS_3462,3462,Dairy FMMOS,DY-NA,Washington,DC,"Washington, DC",Washington,DC,FMMOS,FMMOS - non-mars,03/30/2021 14:13:00,2014,2014-OCT,413,component,lmprs,
Dec,2014,,Upper Midwest,30.0,"32,785",Producer Milk Components,AMS_3462,3462,Dairy FMMOS,DY-NA,Washington,DC,"Washington, DC",Washington,DC,FMMOS,FMMOS - non-mars,03/30/2021 14:13:00,2014,2014-OCT,"2,302",component,lmprs,
Dec,2014,,Southwest,126.0,"12,137",Producer Milk Components,AMS_3462,3462,Dairy FMMOS,DY-NA,Washington,DC,"Washington, DC",Washington,DC,FMMOS,FMMOS - non-mars,03/30/2021 14:13:00,2014,2014-OCT,744,component,lmprs,
Dec,2015,,Southwest,126.0,"11,891",Producer Milk Components,AMS_3462,3462,Dairy FMMOS,DY-NA,Washington,DC,"Washington, DC",Washington,DC,FMMOS,FMMOS - non-mars,03/30/2021 14:12:00,2015,2015-OCT,"1,229",component,lmprs,
Dec,2015,,Upper Midwest,30.0,"30,318",Producer Milk Components,AMS_3462,3462,Dairy FMMOS,DY-NA,Washington,DC,"Washington, DC",Washington,DC,FMMOS,FMMOS - non-mars,03/30/2021 14:12:00,2015,2015-OCT,"2,747",component,lmprs,
Dec,2015,,Southeast,7.0,"5,205",Producer Milk Components,AMS_3462,3462,Dairy FMMOS,DY-NA,Washington,DC,"Washington, DC",Washington,DC,FMMOS,FMMOS - non-mars,03/30/2021 14:12:00,2015,2015-OCT,414,component,lmprs,
Dec,2015,,Pacific Northwest,124.0,"6,646",Producer Milk Components,AMS_3462,3462,Dairy FMMOS,DY-NA,Washington,DC,"Washington, DC",Washington,DC,FMMOS,FMMOS - non-mars,03/30/2021 14:12:00,2015,2015-OCT,737,component,lmprs,
Dec,2015,,Mideast,33.0,"18,376",Producer Milk Components,AMS_3462,3462,Dairy FMMOS,DY-NA,Washington,DC,"Washington, DC",Washington,DC,FMMOS,FMMOS - non-mars,03/30/2021 14:12:00,2015,2015-OCT,"1,651",component,lmprs,
Dec,2015,,Northeast,1.0,"26,039",Producer Milk Components,AMS_3462,3462,Dairy FMMOS,DY-NA,Washington,DC,"Washington, DC",Washington,DC,FMMOS,FMMOS - non-mars,03/30/2021 14:12:00,2015,2015-OCT,"2,136",component,lmprs,
Dec,2015,,Florida,6.0,"2,741",Producer Milk Components,AMS_3462,3462,Dairy FMMOS,DY-NA,Washington,DC,"Washington, DC",Washington,DC,FMMOS,FMMOS - non-mars,03/30/2021 14:12:00,2015,2015-OCT,233,component,lmprs,
Dec,2015,,Central,32.0,"14,476",Producer Milk Components,AMS_3462,3462,Dairy FMMOS,DY-NA,Washington,DC,"Washington, DC",Washington,DC,FMMOS,FMMOS - non-mars,03/30/2021 14:12:00,2015,2015-OCT,"1,262",component,lmprs,
Dec,2015,,Arizona,131.0,"4,788",Producer Milk Components,AMS_3462,3462,Dairy FMMOS,DY-NA,Washington,DC,"Washington, DC",Washington,DC,FMMOS,FMMOS - non-mars,03/30/2021 14:12:00,2015,2015-OCT,388,component,lmprs,
Dec,2015,,All Markets Combined,,"126,126",Producer Milk Components,AMS_3462,3462,Dairy FMMOS,DY-NA,Washington,DC,"Washington, DC",Washington,DC,FMMOS,FMMOS - non-mars,03/30/2021 14:12:00,2015,2015-OCT,"11,261",component,lmprs,
Dec,2015,,Appalachian,5.0,"5,646",Producer Milk Components,AMS_3462,3462,Dairy FMMOS,DY-NA,Washington,DC,"Washington, DC",Washington,DC,FMMOS,FMMOS - non-mars,03/30/2021 14:12:00,2015,2015-OCT,464,component,lmprs,
Dec,2016,,Appalachian,5.0,"5,595",Producer Milk Components,AMS_3462,3462,Dairy FMMOS,DY-NA,Washington,DC,"Washington, DC",Washington,DC,FMMOS,FMMOS - non-mars,03/30/2021 14:12:00,2016,2016-OCT,455,component,lmprs,
Dec,2016,,All Markets Combined,,"133,846",Producer Milk Components,AMS_3462,3462,Dairy FMMOS,DY-NA,Washington,DC,"Washington, DC",Washington,DC,FMMOS,FMMOS - non-mars,03/30/2021 14:12:00,2016,2016-OCT,"11,446",component,lmprs,
Dec,2016,,Arizona,131.0,"4,979",Producer Milk Components,AMS_3462,3462,Dairy FMMOS,DY-NA,Washington,DC,"Washington, DC",Washington,DC,FMMOS,FMMOS - non-mars,03/30/2021 14:12:00,2016,2016-OCT,404,component,lmprs,
Dec,2016,,Central,32.0,"15,088",Producer Milk Components,AMS_3462,3462,Dairy FMMOS,DY-NA,Washington,DC,"Washington, DC",Washington,DC,FMMOS,FMMOS - non-mars,03/30/2021 14:12:00,2016,2016-OCT,"1,346",component,lmprs,
Dec,2016,,Florida,6.0,"2,714",Producer Milk Components,AMS_3462,3462,Dairy FMMOS,DY-NA,Washington,DC,"Washington, DC",Washington,DC,FMMOS,FMMOS - non-mars,03/30/2021 14:12:00,2016,2016-OCT,224,component,lmprs,
Dec,2016,,Northeast,1.0,"27,007",Producer Milk Components,AMS_3462,3462,Dairy FMMOS,DY-NA,Washington,DC,"Washington, DC",Washington,DC,FMMOS,FMMOS - non-mars,03/30/2021 14:12:00,2016,2016-OCT,"2,245",component,lmprs,
Dec,2016,,Mideast,33.0,"19,655",Producer Milk Components,AMS_3462,3462,Dairy FMMOS,DY-NA,Washington,DC,"Washington, DC",Washington,DC,FMMOS,FMMOS - non-mars,03/30/2021 14:12:00,2016,2016-OCT,"1,691",component,lmprs,
Dec,2016,,Pacific Northwest,124.0,"7,883",Producer Milk Components,AMS_3462,3462,Dairy FMMOS,DY-NA,Washington,DC,"Washington, DC",Washington,DC,FMMOS,FMMOS - non-mars,03/30/2021 14:12:00,2016,2016-OCT,614,component,lmprs,
Dec,2016,,Southeast,7.0,"5,390",Producer Milk Components,AMS_3462,3462,Dairy FMMOS,DY-NA,Washington,DC,"Washington, DC",Washington,DC,FMMOS,FMMOS - non-mars,03/30/2021 14:12:00,2016,2016-OCT,426,component,lmprs,
Dec,2016,,Upper Midwest,30.0,"32,817",Producer Milk Components,AMS_3462,3462,Dairy FMMOS,DY-NA,Washington,DC,"Washington, DC",Washington,DC,FMMOS,FMMOS - non-mars,03/30/2021 14:12:00,2016,2016-OCT,"2,771",component,lmprs,
Dec,2016,,Southwest,126.0,"12,717",Producer Milk Components,AMS_3462,3462,Dairy FMMOS,DY-NA,Washington,DC,"Washington, DC",Washington,DC,FMMOS,FMMOS - non-mars,03/30/2021 14:12:00,2016,2016-OCT,"1,269",component,lmprs,
Dec,2017,,Southwest,126.0,"13,092",Producer Milk Components,AMS_3462,3462,Dairy FMMOS,DY-NA,Washington,DC,"Washington, DC",Washington,DC,FMMOS,FMMOS - non-mars,03/30/2021 14:11:00,2017,2017-OCT,753,component,lmprs,
Dec,2017,,Upper Midwest,30.0,"32,312",Producer Milk Components,AMS_3462,3462,Dairy FMMOS,DY-NA,Washington,DC,"Washington, DC",Washington,DC,FMMOS,FMMOS - non-mars,03/30/2021 14:11:00,2017,2017-OCT,"2,192",component,lmprs,
Dec,2017,,Southeast,7.0,"5,452",Producer Milk Components,AMS_3462,3462,Dairy FMMOS,DY-NA,Washington,DC,"Washington, DC",Washington,DC,FMMOS,FMMOS - non-mars,03/30/2021 14:11:00,2017,2017-OCT,424,component,lmprs,
Dec,2017,,Pacific Northwest,124.0,"7,661",Producer Milk Components,AMS_3462,3462,Dairy FMMOS,DY-NA,Washington,DC,"Washington, DC",Washington,DC,FMMOS,FMMOS - non-mars,03/30/2021 14:11:00,2017,2017-OCT,609,component,lmprs,
Dec,2017,,Mideast,33.0,"20,241",Producer Milk Components,AMS_3462,3462,Dairy FMMOS,DY-NA,Washington,DC,"Washington, DC",Washington,DC,FMMOS,FMMOS - non-mars,03/30/2021 14:11:00,2017,2017-OCT,"1,534",component,lmprs,
Dec,2017,,Northeast,1.0,"27,397",Producer Milk Components,AMS_3462,3462,Dairy FMMOS,DY-NA,Washington,DC,"Washington, DC",Washington,DC,FMMOS,FMMOS - non-mars,03/30/2021 14:11:00,2017,2017-OCT,"2,243",component,lmprs,
Dec,2017,,Florida,6.0,"2,602",Producer Milk Components,AMS_3462,3462,Dairy FMMOS,DY-NA,Washington,DC,"Washington, DC",Washington,DC,FMMOS,FMMOS - non-mars,03/30/2021 14:11:00,2017,2017-OCT,219,component,lmprs,
Dec,2017,,Central,32.0,"15,879",Producer Milk Components,AMS_3462,3462,Dairy FMMOS,DY-NA,Washington,DC,"Washington, DC",Washington,DC,FMMOS,FMMOS - non-mars,03/30/2021 14:11:00,2017,2017-OCT,"1,138",component,lmprs,
Dec,2017,,Arizona,131.0,"5,065",Producer Milk Components,AMS_3462,3462,Dairy FMMOS,DY-NA,Washington,DC,"Washington, DC",Washington,DC,FMMOS,FMMOS - non-mars,03/30/2021 14:11:00,2017,2017-OCT,387,component,lmprs,
Dec,2017,,All Markets Combined,,"135,502",Producer Milk Components,AMS_3462,3462,Dairy FMMOS,DY-NA,Washington,DC,"Washington, DC",Washington,DC,FMMOS,FMMOS - non-mars,03/30/2021 14:11:00,2017,2017-OCT,"9,992",component,lmprs,
Dec,2017,,Appalachian,5.0,"5,801",Producer Milk Components,AMS_3462,3462,Dairy FMMOS,DY-NA,Washington,DC,"Washington, DC",Washington,DC,FMMOS,FMMOS - non-mars,03/30/2021 14:11:00,2017,2017-OCT,493,component,lmprs,
Dec,2018,,Appalachian,5.0,"5,734",Producer Milk Components,AMS_3462,3462,Dairy FMMOS,DY-NA,Washington,DC,"Washington, DC",Washington,DC,FMMOS,FMMOS - non-mars,03/30/2021 14:09:00,2018,2018-OCT,468,component,lmprs,
Dec,2018,,All Markets Combined,,"141,684",Producer Milk Components,AMS_3462,3462,Dairy FMMOS,DY-NA,Washington,DC,"Washington, DC",Washington,DC,FMMOS,FMMOS - non-mars,03/30/2021 14:09:00,2018,2018-OCT,"11,506",component,lmprs,
Dec,2018,,Arizona,131.0,"5,133",Producer Milk Components,AMS_3462,3462,Dairy FMMOS,DY-NA,Washington,DC,"Washington, DC",Washington,DC,FMMOS,FMMOS - non-mars,03/30/2021 14:09:00,2018,2018-OCT,419,component,lmprs,
Dec,2018,,Central,32.0,"16,604",Producer Milk Components,AMS_3462,3462,Dairy FMMOS,DY-NA,Washington,DC,"Washington, DC",Washington,DC,FMMOS,FMMOS - non-mars,03/30/2021 14:09:00,2018,2018-OCT,"1,333",component,lmprs,
Dec,2018,,California,51.0,"4,117",Producer Milk Components,AMS_3462,3462,Dairy FMMOS,DY-NA,Washington,DC,"Washington, DC",Washington,DC,FMMOS,FMMOS - non-mars,03/30/2021 14:09:00,2018,2018-OCT,,component,lmprs,
Dec,2018,,Florida,6.0,"2,565",Producer Milk Components,AMS_3462,3462,Dairy FMMOS,DY-NA,Washington,DC,"Washington, DC",Washington,DC,FMMOS,FMMOS - non-mars,03/30/2021 14:09:00,2018,2018-OCT,217,component,lmprs,
Dec,2018,,Northeast,1.0,"27,109",Producer Milk Components,AMS_3462,3462,Dairy FMMOS,DY-NA,Washington,DC,"Washington, DC",Washington,DC,FMMOS,FMMOS - non-mars,03/30/2021 14:09:00,2018,2018-OCT,"2,219",component,lmprs,
Dec,2018,,Mideast,33.0,"19,603",Producer Milk Components,AMS_3462,3462,Dairy FMMOS,DY-NA,Washington,DC,"Washington, DC",Washington,DC,FMMOS,FMMOS - non-mars,03/30/2021 14:09:00,2018,2018-OCT,"1,647",component,lmprs,
Dec,2018,,Pacific Northwest,124.0,"8,558",Producer Milk Components,AMS_3462,3462,Dairy FMMOS,DY-NA,Washington,DC,"Washington, DC",Washington,DC,FMMOS,FMMOS - non-mars,03/30/2021 14:09:00,2018,2018-OCT,810,component,lmprs,
Dec,2018,,Southeast,7.0,"5,209",Producer Milk Components,AMS_3462,3462,Dairy FMMOS,DY-NA,Washington,DC,"Washington, DC",Washington,DC,FMMOS,FMMOS - non-mars,03/30/2021 14:09:00,2018,2018-OCT,402,component,lmprs,
Dec,2018,,Upper Midwest,30.0,"33,323",Producer Milk Components,AMS_3462,3462,Dairy FMMOS,DY-NA,Washington,DC,"Washington, DC",Washington,DC,FMMOS,FMMOS - non-mars,03/30/2021 14:09:00,2018,2018-OCT,"2,665",component,lmprs,
Dec,2018,,Southwest,126.0,"13,727",Producer Milk Components,AMS_3462,3462,Dairy FMMOS,DY-NA,Washington,DC,"Washington, DC",Washington,DC,FMMOS,FMMOS - non-mars,03/30/2021 14:09:00,2018,2018-OCT,"1,325",component,lmprs,
Dec,2019,,Upper Midwest,30.0,"32,310",Producer Milk Components,AMS_3462,3462,Dairy FMMOS,DY-NA,Washington,DC,"Washington, DC",Washington,DC,FMMOS,FMMOS - non-mars,03/30/2021 14:09:00,2019,2019-OCT,"1,960",component,lmprs,
Dec,2019,,Southeast,7.0,"4,903",Producer Milk Components,AMS_3462,3462,Dairy FMMOS,DY-NA,Washington,DC,"Washington, DC",Washington,DC,FMMOS,FMMOS - non-mars,03/30/2021 14:09:00,2019,2019-OCT,384,component,lmprs,
Dec,2019,,Southwest,126.0,"12,900",Producer Milk Components,AMS_3462,3462,Dairy FMMOS,DY-NA,Washington,DC,"Washington, DC",Washington,DC,FMMOS,FMMOS - non-mars,03/30/2021 14:09:00,2019,2019-OCT,824,component,lmprs,
Dec,2019,,Pacific Northwest,124.0,"8,496",Producer Milk Components,AMS_3462,3462,Dairy FMMOS,DY-NA,Washington,DC,"Washington, DC",Washington,DC,FMMOS,FMMOS - non-mars,03/30/2021 14:09:00,2019,2019-OCT,634,component,lmprs,
Dec,2019,,Northeast,1.0,"26,752",Producer Milk Components,AMS_3462,3462,Dairy FMMOS,DY-NA,Washington,DC,"Washington, DC",Washington,DC,FMMOS,FMMOS - non-mars,03/30/2021 14:09:00,2019,2019-OCT,"2,223",component,lmprs,
Dec,2019,,Florida,6.0,"2,510",Producer Milk Components,AMS_3462,3462,Dairy FMMOS,DY-NA,Washington,DC,"Washington, DC",Washington,DC,FMMOS,FMMOS - non-mars,03/30/2021 14:09:00,2019,2019-OCT,218,component,lmprs,
Dec,2019,,Mideast,33.0,"18,942",Producer Milk Components,AMS_3462,3462,Dairy FMMOS,DY-NA,Washington,DC,"Washington, DC",Washington,DC,FMMOS,FMMOS - non-mars,03/30/2021 14:09:00,2019,2019-OCT,"1,458",component,lmprs,
Dec,2019,,California,51.0,"24,272",Producer Milk Components,AMS_3462,3462,Dairy FMMOS,DY-NA,Washington,DC,"Washington, DC",Washington,DC,FMMOS,FMMOS - non-mars,03/30/2021 14:09:00,2019,2019-OCT,"1,846",component,lmprs,
Dec,2019,,Central,32.0,"15,260",Producer Milk Components,AMS_3462,3462,Dairy FMMOS,DY-NA,Washington,DC,"Washington, DC",Washington,DC,FMMOS,FMMOS - non-mars,03/30/2021 14:09:00,2019,2019-OCT,950,component,lmprs,
Dec,2019,,Arizona,131.0,"4,840",Producer Milk Components,AMS_3462,3462,Dairy FMMOS,DY-NA,Washington,DC,"Washington, DC",Washington,DC,FMMOS,FMMOS - non-mars,03/30/2021 14:09:00,2019,2019-OCT,365,component,lmprs,
Dec,2019,,All Markets Combined,,"156,510",Producer Milk Components,AMS_3462,3462,Dairy FMMOS,DY-NA,Washington,DC,"Washington, DC",Washington,DC,FMMOS,FMMOS - non-mars,03/30/2021 14:09:00,2019,2019-OCT,"11,304",component,lmprs,
Dec,2019,,Appalachian,5.0,"5,327",Producer Milk Components,AMS_3462,3462,Dairy FMMOS,DY-NA,Washington,DC,"Washington, DC",Washington,DC,FMMOS,FMMOS - non-mars,03/30/2021 14:09:00,2019,2019-OCT,443,component,lmprs,
Dec,2020,,Appalachian,5.0,"5,322",Producer Milk Components,AMS_3462,3462,Dairy FMMOS,DY-NA,Washington,DC,"Washington, DC",Washington,DC,FMMOS,FMMOS - non-mars,02/23/2021 09:39:00,2020,2020-OCT,417,component,lmprs,
Dec,2020,,All Markets Combined,,"137,818",Producer Milk Components,AMS_3462,3462,Dairy FMMOS,DY-NA,Washington,DC,"Washington, DC",Washington,DC,FMMOS,FMMOS - non-mars,02/23/2021 09:39:00,2020,2020-OCT,"10,014",component,lmprs,
Dec,2020,,Arizona,131.0,"4,497",Producer Milk Components,AMS_3462,3462,Dairy FMMOS,DY-NA,Washington,DC,"Washington, DC",Washington,DC,FMMOS,FMMOS - non-mars,02/23/2021 09:39:00,2020,2020-OCT,302,component,lmprs,
Dec,2020,,Central,32.0,"13,315",Producer Milk Components,AMS_3462,3462,Dairy FMMOS,DY-NA,Washington,DC,"Washington, DC",Washington,DC,FMMOS,FMMOS - non-mars,02/23/2021 09:39:00,2020,2020-OCT,867,component,lmprs,
Dec,2020,,California,51.0,"23,004",Producer Milk Components,AMS_3462,3462,Dairy FMMOS,DY-NA,Washington,DC,"Washington, DC",Washington,DC,FMMOS,FMMOS - non-mars,02/23/2021 09:39:00,2020,2020-OCT,"1,809",component,lmprs,
Dec,2020,,Mideast,33.0,"17,982",Producer Milk Components,AMS_3462,3462,Dairy FMMOS,DY-NA,Washington,DC,"Washington, DC",Washington,DC,FMMOS,FMMOS - non-mars,02/23/2021 09:39:00,2020,2020-OCT,"1,279",component,lmprs,
Dec,2020,,Florida,6.0,"2,509",Producer Milk Components,AMS_3462,3462,Dairy FMMOS,DY-NA,Washington,DC,"Washington, DC",Washington,DC,FMMOS,FMMOS - non-mars,02/23/2021 09:39:00,2020,2020-OCT,214,component,lmprs,
Dec,2020,,Northeast,1.0,"26,824",Producer Milk Components,AMS_3462,3462,Dairy FMMOS,DY-NA,Washington,DC,"Washington, DC",Washington,DC,FMMOS,FMMOS - non-mars,02/23/2021 09:39:00,2020,2020-OCT,"2,262",component,lmprs,
Dec,2020,,Pacific Northwest,124.0,"7,682",Producer Milk Components,AMS_3462,3462,Dairy FMMOS,DY-NA,Washington,DC,"Washington, DC",Washington,DC,FMMOS,FMMOS - non-mars,02/23/2021 09:39:00,2020,2020-OCT,616,component,lmprs,
Dec,2020,,Southwest,126.0,"11,692",Producer Milk Components,AMS_3462,3462,Dairy FMMOS,DY-NA,Washington,DC,"Washington, DC",Washington,DC,FMMOS,FMMOS - non-mars,02/23/2021 09:39:00,2020,2020-OCT,938,component,lmprs,
Dec,2020,,Southeast,7.0,"4,700",Producer Milk Components,AMS_3462,3462,Dairy FMMOS,DY-NA,Washington,DC,"Washington, DC",Washington,DC,FMMOS,FMMOS - non-mars,02/23/2021 09:39:00,2020,2020-OCT,386,component,lmprs,
Dec,2020,,Upper Midwest,30.0,"20,290",Producer Milk Components,AMS_3462,3462,Dairy FMMOS,DY-NA,Washington,DC,"Washington, DC",Washington,DC,FMMOS,FMMOS - non-mars,02/23/2021 09:39:00,2020,2020-OCT,926,component,lmprs,
Dec,2021,,Southwest,126.0,"12,286",Producer Milk Components,AMS_3462,3462,Dairy FMMOS,DY-NA,Washington,DC,"Washington, DC",Washington,DC,FMMOS,FMMOS - non-mars,01/31/2022 07:17:00,2021,2021-OCT,903,component,lmprs,
Dec,2021,,Pacific Northwest,124.0,"7,387",Producer Milk Components,AMS_3462,3462,Dairy FMMOS,DY-NA,Washington,DC,"Washington, DC",Washington,DC,FMMOS,FMMOS - non-mars,01/31/2022 07:17:00,2021,2021-OCT,578,component,lmprs,
Dec,2021,,Southeast,7.0,"4,581",Producer Milk Components,AMS_3462,3462,Dairy FMMOS,DY-NA,Washington,DC,"Washington, DC",Washington,DC,FMMOS,FMMOS - non-mars,01/31/2022 07:17:00,2021,2021-OCT,385,component,lmprs,
Dec,2021,,Northeast,1.0,"27,045",Producer Milk Components,AMS_3462,3462,Dairy FMMOS,DY-NA,Washington,DC,"Washington, DC",Washington,DC,FMMOS,FMMOS - non-mars,01/31/2022 07:17:00,2021,2021-OCT,"2,239",component,lmprs,
Dec,2021,,Mideast,33.0,"18,606",Producer Milk Components,AMS_3462,3462,Dairy FMMOS,DY-NA,Washington,DC,"Washington, DC",Washington,DC,FMMOS,FMMOS - non-mars,01/31/2022 07:17:00,2021,2021-OCT,"1,615",component,lmprs,
Dec,2021,,Central,32.0,"12,992",Producer Milk Components,AMS_3462,3462,Dairy FMMOS,DY-NA,Washington,DC,"Washington, DC",Washington,DC,FMMOS,FMMOS - non-mars,01/31/2022 07:17:00,2021,2021-OCT,"1,050",component,lmprs,
Dec,2021,,Florida,6.0,"2,444",Producer Milk Components,AMS_3462,3462,Dairy FMMOS,DY-NA,Washington,DC,"Washington, DC",Washington,DC,FMMOS,FMMOS - non-mars,01/31/2022 07:17:00,2021,2021-OCT,206,component,lmprs,
Dec,2021,,California,51.0,"23,803",Producer Milk Components,AMS_3462,3462,Dairy FMMOS,DY-NA,Washington,DC,"Washington, DC",Washington,DC,FMMOS,FMMOS - non-mars,01/31/2022 07:17:00,2021,2021-OCT,"1,895",component,lmprs,
Dec,2021,,Arizona,131.0,"4,461",Producer Milk Components,AMS_3462,3462,Dairy FMMOS,DY-NA,Washington,DC,"Washington, DC",Washington,DC,FMMOS,FMMOS - non-mars,01/31/2022 07:17:00,2021,2021-OCT,367,component,lmprs,
Dec,2021,,Appalachian,5.0,"5,289",Producer Milk Components,AMS_3462,3462,Dairy FMMOS,DY-NA,Washington,DC,"Washington, DC",Washington,DC,FMMOS,FMMOS - non-mars,01/31/2022 07:17:00,2021,2021-OCT,434,component,lmprs,
Dec,2021,,All Markets Combined,,"136,836",Producer Milk Components,AMS_3462,3462,Dairy FMMOS,DY-NA,Washington,DC,"Washington, DC",Washington,DC,FMMOS,FMMOS - non-mars,01/31/2022 07:17:00,2021,2021-OCT,"11,118",component,lmprs,
Dec,2021,,Upper Midwest,30.0,"17,940",Producer Milk Components,AMS_3462,3462,Dairy FMMOS,DY-NA,Washington,DC,"Washington, DC",Washington,DC,FMMOS,FMMOS - non-mars,01/31/2022 07:17:00,2021,2021-OCT,"1,447",component,lmprs,
Dec,2022,,Upper Midwest,30.0,"31,837",Producer Milk Components,AMS_3462,3462,Dairy FMMOS,DY-NA,Washington,DC,"Washington, DC",Washington,DC,FMMOS,FMMOS - non-mars,01/30/2023 07:36:00,2022,2022-OCT,"2,875",component,lmprs,
Dec,2022,,All Markets Combined,,"151,614",Producer Milk Components,AMS_3462,3462,Dairy FMMOS,DY-NA,Washington,DC,"Washington, DC",Washington,DC,FMMOS,FMMOS - non-mars,01/30/2023 07:36:00,2022,2022-OCT,"12,955",component,lmprs,
Dec,2022,,Appalachian,5.0,"5,420",Producer Milk Components,AMS_3462,3462,Dairy FMMOS,DY-NA,Washington,DC,"Washington, DC",Washington,DC,FMMOS,FMMOS - non-mars,01/30/2023 07:36:00,2022,2022-OCT,461,component,lmprs,
Dec,2022,,Arizona,131.0,"4,910",Producer Milk Components,AMS_3462,3462,Dairy FMMOS,DY-NA,Washington,DC,"Washington, DC",Washington,DC,FMMOS,FMMOS - non-mars,01/30/2023 07:36:00,2022,2022-OCT,408,component,lmprs,
Dec,2022,,California,51.0,"22,439",Producer Milk Components,AMS_3462,3462,Dairy FMMOS,DY-NA,Washington,DC,"Washington, DC",Washington,DC,FMMOS,FMMOS - non-mars,01/30/2023 07:36:00,2022,2022-OCT,"2,007",component,lmprs,
Dec,2022,,Florida,6.0,"2,483",Producer Milk Components,AMS_3462,3462,Dairy FMMOS,DY-NA,Washington,DC,"Washington, DC",Washington,DC,FMMOS,FMMOS - non-mars,01/30/2023 07:36:00,2022,2022-OCT,218,component,lmprs,
Dec,2022,,Central,32.0,"15,638",Producer Milk Components,AMS_3462,3462,Dairy FMMOS,DY-NA,Washington,DC,"Washington, DC",Washington,DC,FMMOS,FMMOS - non-mars,01/30/2023 07:36:00,2022,2022-OCT,"1,335",component,lmprs,
Dec,2022,,Mideast,33.0,"16,796",Producer Milk Components,AMS_3462,3462,Dairy FMMOS,DY-NA,Washington,DC,"Washington, DC",Washington,DC,FMMOS,FMMOS - non-mars,01/30/2023 07:36:00,2022,2022-OCT,"1,326",component,lmprs,
Dec,2022,,Northeast,1.0,"26,882",Producer Milk Components,AMS_3462,3462,Dairy FMMOS,DY-NA,Washington,DC,"Washington, DC",Washington,DC,FMMOS,FMMOS - non-mars,01/30/2023 07:36:00,2022,2022-OCT,"2,244",component,lmprs,
Dec,2022,,Southeast,7.0,"3,913",Producer Milk Components,AMS_3462,3462,Dairy FMMOS,DY-NA,Washington,DC,"Washington, DC",Washington,DC,FMMOS,FMMOS - non-mars,01/30/2023 07:36:00,2022,2022-OCT,290,component,lmprs,
Dec,2022,,Pacific Northwest,124.0,"7,583",Producer Milk Components,AMS_3462,3462,Dairy FMMOS,DY-NA,Washington,DC,"Washington, DC",Washington,DC,FMMOS,FMMOS - non-mars,01/30/2023 07:36:00,2022,2022-OCT,614,component,lmprs,
Dec,2022,,Southwest,126.0,"13,714",Producer Milk Components,AMS_3462,3462,Dairy FMMOS,DY-NA,Washington,DC,"Washington, DC",Washington,DC,FMMOS,FMMOS - non-mars,01/30/2023 07:36:00,2022,2022-OCT,"1,177",component,lmprs,
Dec,2023,,Southwest,126.0,"13,640",Producer Milk Components,AMS_3462,3462,Dairy FMMOS,DY-NA,Washington,DC,"Washington, DC",Washington,DC,FMMOS,FMMOS - non-mars,01/30/2024 09:42:00,2023,2023-OCT,"1,084",component,lmprs,
Dec,2023,,Pacific Northwest,124.0,"7,650",Producer Milk Components,AMS_3462,3462,Dairy FMMOS,DY-NA,Washington,DC,"Washington, DC",Washington,DC,FMMOS,FMMOS - non-mars,01/30/2024 09:42:00,2023,2023-OCT,610,component,lmprs,
Dec,2023,,Southeast,7.0,"3,538",Producer Milk Components,AMS_3462,3462,Dairy FMMOS,DY-NA,Washington,DC,"Washington, DC",Washington,DC,FMMOS,FMMOS - non-mars,01/30/2024 09:42:00,2023,2023-OCT,296,component,lmprs,
Dec,2023,,Northeast,1.0,"27,260",Producer Milk Components,AMS_3462,3462,Dairy FMMOS,DY-NA,Washington,DC,"Washington, DC",Washington,DC,FMMOS,FMMOS - non-mars,01/30/2024 09:42:00,2023,2023-OCT,"2,255",component,lmprs,
Dec,2023,,Mideast,33.0,"17,761",Producer Milk Components,AMS_3462,3462,Dairy FMMOS,DY-NA,Washington,DC,"Washington, DC",Washington,DC,FMMOS,FMMOS - non-mars,01/30/2024 09:42:00,2023,2023-OCT,"1,500",component,lmprs,
Dec,2023,,Central,32.0,"16,053",Producer Milk Components,AMS_3462,3462,Dairy FMMOS,DY-NA,Washington,DC,"Washington, DC",Washington,DC,FMMOS,FMMOS - non-mars,01/30/2024 09:42:00,2023,2023-OCT,"1,272",component,lmprs,
Dec,2023,,Florida,6.0,"2,506",Producer Milk Components,AMS_3462,3462,Dairy FMMOS,DY-NA,Washington,DC,"Washington, DC",Washington,DC,FMMOS,FMMOS - non-mars,01/30/2024 09:42:00,2023,2023-OCT,216,component,lmprs,
Dec,2023,,California,51.0,"26,418",Producer Milk Components,AMS_3462,3462,Dairy FMMOS,DY-NA,Washington,DC,"Washington, DC",Washington,DC,FMMOS,FMMOS - non-mars,01/30/2024 09:42:00,2023,2023-OCT,"2,020",component,lmprs,
Dec,2023,,Arizona,131.0,"5,149",Producer Milk Components,AMS_3462,3462,Dairy FMMOS,DY-NA,Washington,DC,"Washington, DC",Washington,DC,FMMOS,FMMOS - non-mars,01/30/2024 09:42:00,2023,2023-OCT,430,component,lmprs,
Dec,2023,,Appalachian,5.0,"5,428",Producer Milk Components,AMS_3462,3462,Dairy FMMOS,DY-NA,Washington,DC,"Washington, DC",Washington,DC,FMMOS,FMMOS - non-mars,01/30/2024 09:42:00,2023,2023-OCT,453,component,lmprs,
Dec,2023,,All Markets Combined,,"158,448",Producer Milk Components,AMS_3462,3462,Dairy FMMOS,DY-NA,Washington,DC,"Washington, DC",Washington,DC,FMMOS,FMMOS - non-mars,01/30/2024 09:42:00,2023,2023-OCT,"12,797",component,lmprs,
Dec,2023,,Upper Midwest,30.0,"33,045",Producer Milk Components,AMS_3462,3462,Dairy FMMOS,DY-NA,Washington,DC,"Washington, DC",Washington,DC,FMMOS,FMMOS - non-mars,01/30/2024 09:42:00,2023,2023-OCT,"2,662",component,lmprs,
Dec,2024,,Upper Midwest,30.0,"28,285",Producer Milk Components,AMS_3462,3462,Dairy FMMOS,DY-NA,Washington,DC,"Washington, DC",Washington,DC,FMMOS,FMMOS - non-mars,01/23/2025 09:07:00,2024,2024-OCT,"1,619",component,lmprs,
Dec,2024,,All Markets Combined,,"146,628",Producer Milk Components,AMS_3462,3462,Dairy FMMOS,DY-NA,Washington,DC,"Washington, DC",Washington,DC,FMMOS,FMMOS - non-mars,01/23/2025 09:07:00,2024,2024-OCT,"10,872",component,lmprs,
Dec,2024,,Appalachian,5.0,"5,301",Producer Milk Components,AMS_3462,3462,Dairy FMMOS,DY-NA,Washington,DC,"Washington, DC",Washington,DC,FMMOS,FMMOS - non-mars,01/23/2025 09:07:00,2024,2024-OCT,443,component,lmprs,
Dec,2024,,Arizona,131.0,"4,186",Producer Milk Components,AMS_3462,3462,Dairy FMMOS,DY-NA,Washington,DC,"Washington, DC",Washington,DC,FMMOS,FMMOS - non-mars,01/23/2025 09:07:00,2024,2024-OCT,306,component,lmprs,
Dec,2024,,California,51.0,"23,224",Producer Milk Components,AMS_3462,3462,Dairy FMMOS,DY-NA,Washington,DC,"Washington, DC",Washington,DC,FMMOS,FMMOS - non-mars,01/23/2025 09:07:00,2024,2024-OCT,"1,625",component,lmprs,
Dec,2024,,Florida,6.0,"2,524",Producer Milk Components,AMS_3462,3462,Dairy FMMOS,DY-NA,Washington,DC,"Washington, DC",Washington,DC,FMMOS,FMMOS - non-mars,01/23/2025 09:07:00,2024,2024-OCT,214,component,lmprs,
Dec,2024,,Central,32.0,"14,608",Producer Milk Components,AMS_3462,3462,Dairy FMMOS,DY-NA,Washington,DC,"Washington, DC",Washington,DC,FMMOS,FMMOS - non-mars,01/23/2025 09:07:00,2024,2024-OCT,"1,056",component,lmprs,
Dec,2024,,Mideast,33.0,"18,182",Producer Milk Components,AMS_3462,3462,Dairy FMMOS,DY-NA,Washington,DC,"Washington, DC",Washington,DC,FMMOS,FMMOS - non-mars,01/23/2025 09:07:00,2024,2024-OCT,"1,680",component,lmprs,
Dec,2024,,Northeast,1.0,"26,949",Producer Milk Components,AMS_3462,3462,Dairy FMMOS,DY-NA,Washington,DC,"Washington, DC",Washington,DC,FMMOS,FMMOS - non-mars,01/23/2025 09:07:00,2024,2024-OCT,"2,234",component,lmprs,
Dec,2024,,Southeast,7.0,"3,497",Producer Milk Components,AMS_3462,3462,Dairy FMMOS,DY-NA,Washington,DC,"Washington, DC",Washington,DC,FMMOS,FMMOS - non-mars,01/23/2025 09:07:00,2024,2024-OCT,286,component,lmprs,
Dec,2024,,Pacific Northwest,124.0,"7,231",Producer Milk Components,AMS_3462,3462,Dairy FMMOS,DY-NA,Washington,DC,"Washington, DC",Washington,DC,FMMOS,FMMOS - non-mars,01/23/2025 09:07:00,2024,2024-OCT,545,component,lmprs,
Dec,2024,,Southwest,126.0,"12,641",Producer Milk Components,AMS_3462,3462,Dairy FMMOS,DY-NA,Washington,DC,"Washington, DC",Washington,DC,FMMOS,FMMOS - non-mars,01/23/2025 09:07:00,2024,2024-OCT,863,component,lmprs,
Dec,2025,,Southwest,126.0,"12,960",Producer Milk Components,AMS_3462,3462,Dairy FMMOS,DY-NA,Washington,DC,"Washington, DC",Washington,DC,FMMOS,FMMOS - non-mars,01/21/2026 11:39:00,2025,2025-OCT,879,component,lmprs,
Dec,2025,,Pacific Northwest,124.0,"6,760",Producer Milk Components,AMS_3462,3462,Dairy FMMOS,DY-NA,Washington,DC,"Washington, DC",Washington,DC,FMMOS,FMMOS - non-mars,01/21/2026 11:39:00,2025,2025-OCT,522,component,lmprs,
Dec,2025,,Southeast,7.0,"3,435",Producer Milk Components,AMS_3462,3462,Dairy FMMOS,DY-NA,Washington,DC,"Washington, DC",Washington,DC,FMMOS,FMMOS - non-mars,01/21/2026 11:39:00,2025,2025-OCT,268,component,lmprs,
Dec,2025,,Northeast,1.0,"27,624",Producer Milk Components,AMS_3462,3462,Dairy FMMOS,DY-NA,Washington,DC,"Washington, DC",Washington,DC,FMMOS,FMMOS - non-mars,01/21/2026 11:39:00,2025,2025-OCT,"2,306",component,lmprs,
Dec,2025,,Mideast,33.0,"20,705",Producer Milk Components,AMS_3462,3462,Dairy FMMOS,DY-NA,Washington,DC,"Washington, DC",Washington,DC,FMMOS,FMMOS - non-mars,01/21/2026 11:39:00,2025,2025-OCT,"1,886",component,lmprs,
Dec,2025,,Central,32.0,"13,960",Producer Milk Components,AMS_3462,3462,Dairy FMMOS,DY-NA,Washington,DC,"Washington, DC",Washington,DC,FMMOS,FMMOS - non-mars,01/21/2026 11:39:00,2025,2025-OCT,998,component,lmprs,
Dec,2025,,Florida,6.0,"2,511",Producer Milk Components,AMS_3462,3462,Dairy FMMOS,DY-NA,Washington,DC,"Washington, DC",Washington,DC,FMMOS,FMMOS - non-mars,01/21/2026 11:39:00,2025,2025-OCT,217,component,lmprs,
Dec,2025,,California,51.0,"26,675",Producer Milk Components,AMS_3462,3462,Dairy FMMOS,DY-NA,Washington,DC,"Washington, DC",Washington,DC,FMMOS,FMMOS - non-mars,01/21/2026 11:39:00,2025,2025-OCT,"1,788",component,lmprs,
Dec,2025,,Arizona,131.0,"4,224",Producer Milk Components,AMS_3462,3462,Dairy FMMOS,DY-NA,Washington,DC,"Washington, DC",Washington,DC,FMMOS,FMMOS - non-mars,01/21/2026 11:39:00,2025,2025-OCT,281,component,lmprs,
Dec,2025,,Appalachian,5.0,"5,088",Producer Milk Components,AMS_3462,3462,Dairy FMMOS,DY-NA,Washington,DC,"Washington, DC",Washington,DC,FMMOS,FMMOS - non-mars,01/21/2026 11:39:00,2025,2025-OCT,430,component,lmprs,
Dec,2025,,All Markets Combined,,"148,750",Producer Milk Components,AMS_3462,3462,Dairy FMMOS,DY-NA,Washington,DC,"Washington, DC",Washington,DC,FMMOS,FMMOS - non-mars,01/21/2026 11:39:00,2025,2025-OCT,"11,103",component,lmprs,
Dec,2025,,Upper Midwest,30.0,"24,808",Producer Milk Components,AMS_3462,3462,Dairy FMMOS,DY-NA,Washington,DC,"Washington, DC",Washington,DC,FMMOS,FMMOS - non-mars,01/21/2026 11:39:00,2025,2025-OCT,"1,527",component,lmprs,
Mar,2026,,Upper Midwest,30.0,"5,226",Producer Milk Components,AMS_3462,3462,Dairy FMMOS,DY-NA,Washington,DC,"Washington, DC",Washington,DC,FMMOS,FMMOS - non-mars,04/21/2026 05:48:00,2026,2026-OCT,,component,lmprs,
Mar,2026,,All Markets Combined,,"35,299",Producer Milk Components,AMS_3462,3462,Dairy FMMOS,DY-NA,Washington,DC,"Washington, DC",Washington,DC,FMMOS,FMMOS - non-mars,04/21/2026 05:48:00,2026,2026-OCT,,component,lmprs,
Mar,2026,,Appalachian,5.0,"1,271",Producer Milk Components,AMS_3462,3462,Dairy FMMOS,DY-NA,Washington,DC,"Washington, DC",Washington,DC,FMMOS,FMMOS - non-mars,04/21/2026 05:48:00,2026,2026-OCT,,component,lmprs,
Mar,2026,,Arizona,131.0,"1,072",Producer Milk Components,AMS_3462,3462,Dairy FMMOS,DY-NA,Washington,DC,"Washington, DC",Washington,DC,FMMOS,FMMOS - non-mars,04/21/2026 05:48:00,2026,2026-OCT,,component,lmprs,
Mar,2026,,California,51.0,"5,543",Producer Milk Components,AMS_3462,3462,Dairy FMMOS,DY-NA,Washington,DC,"Washington, DC",Washington,DC,FMMOS,FMMOS - non-mars,04/21/2026 05:48:00,2026,2026-OCT,,component,lmprs,
Mar,2026,,Florida,6.0,674,Producer Milk Components,AMS_3462,3462,Dairy FMMOS,DY-NA,Washington,DC,"Washington, DC",Washington,DC,FMMOS,FMMOS - non-mars,04/21/2026 05:48:00,2026,2026-OCT,,component,lmprs,
Mar,2026,,Central,32.0,"3,511",Producer Milk Components,AMS_3462,3462,Dairy FMMOS,DY-NA,Washington,DC,"Washington, DC",Washington,DC,FMMOS,FMMOS - non-mars,04/21/2026 05:48:00,2026,2026-OCT,,component,lmprs,
Mar,2026,,Mideast,33.0,"5,415",Producer Milk Components,AMS_3462,3462,Dairy FMMOS,DY-NA,Washington,DC,"Washington, DC",Washington,DC,FMMOS,FMMOS - non-mars,04/21/2026 05:48:00,2026,2026-OCT,,component,lmprs,
Mar,2026,,Northeast,1.0,"6,894",Producer Milk Components,AMS_3462,3462,Dairy FMMOS,DY-NA,Washington,DC,"Washington, DC",Washington,DC,FMMOS,FMMOS - non-mars,04/21/2026 05:48:00,2026,2026-OCT,,component,lmprs,
Mar,2026,,Southeast,7.0,823,Producer Milk Components,AMS_3462,3462,Dairy FMMOS,DY-NA,Washington,DC,"Washington, DC",Washington,DC,FMMOS,FMMOS - non-mars,04/21/2026 05:48:00,2026,2026-OCT,,component,lmprs,
Mar,2026,,Pacific Northwest,124.0,"1,132",Producer Milk Components,AMS_3462,3462,Dairy FMMOS,DY-NA,Washington,DC,"Washington, DC",Washington,DC,FMMOS,FMMOS - non-mars,04/21/2026 05:48:00,2026,2026-OCT,,component,lmprs,
Mar,2026,,Southwest,126.0,"3,738",Producer Milk Components,AMS_3462,3462,Dairy FMMOS,DY-NA,Washington,DC,"Washington, DC",Washington,DC,FMMOS,FMMOS - non-mars,04/21/2026 05:48:00,2026,2026-OCT,,component,lmprs,
Dec,2000,,All Markets Combined,,"116,923",Producer Milk Components,AMS_3462,3462,Dairy FMMOS,DY-NA,Washington,DC,"Washington, DC",Washington,DC,FMMOS,FMMOS - non-mars,04/09/2021 07:48:00,2000,2000-NOV,"9,156",component,lmprs,
Dec,2000,,Appalachian,5.0,"6,318",Producer Milk Components,AMS_3462,3462,Dairy FMMOS,DY-NA,Washington,DC,"Washington, DC",Washington,DC,FMMOS,FMMOS - non-mars,04/09/2021 07:48:00,2000,2000-NOV,498,component,lmprs,
Dec,2000,,Arizona,131.0,"3,110",Producer Milk Components,AMS_3462,3462,Dairy FMMOS,DY-NA,Washington,DC,"Washington, DC",Washington,DC,FMMOS,FMMOS - non-mars,04/09/2021 07:48:00,2000,2000-NOV,230,component,lmprs,
Dec,2000,,Central,32.0,"16,036",Producer Milk Components,AMS_3462,3462,Dairy FMMOS,DY-NA,Washington,DC,"Washington, DC",Washington,DC,FMMOS,FMMOS - non-mars,04/09/2021 07:48:00,2000,2000-NOV,"1,387",component,lmprs,
Dec,2000,,Florida,6.0,"2,867",Producer Milk Components,AMS_3462,3462,Dairy FMMOS,DY-NA,Washington,DC,"Washington, DC",Washington,DC,FMMOS,FMMOS - non-mars,04/09/2021 07:48:00,2000,2000-NOV,232,component,lmprs,
Dec,2000,,Mideast,33.0,"14,181",Producer Milk Components,AMS_3462,3462,Dairy FMMOS,DY-NA,Washington,DC,"Washington, DC",Washington,DC,FMMOS,FMMOS - non-mars,04/09/2021 07:48:00,2000,2000-NOV,"1,264",component,lmprs,
Dec,2000,,Northeast,1.0,"23,972",Producer Milk Components,AMS_3462,3462,Dairy FMMOS,DY-NA,Washington,DC,"Washington, DC",Washington,DC,FMMOS,FMMOS - non-mars,04/09/2021 07:48:00,2000,2000-NOV,"1,859",component,lmprs,
Dec,2000,,Pacific Northwest,124.0,"6,776",Producer Milk Components,AMS_3462,3462,Dairy FMMOS,DY-NA,Washington,DC,"Washington, DC",Washington,DC,FMMOS,FMMOS - non-mars,04/09/2021 07:48:00,2000,2000-NOV,526,component,lmprs,
Dec,2000,,Southeast,7.0,"7,487",Producer Milk Components,AMS_3462,3462,Dairy FMMOS,DY-NA,Washington,DC,"Washington, DC",Washington,DC,FMMOS,FMMOS - non-mars,04/09/2021 07:48:00,2000,2000-NOV,608,component,lmprs,
Dec,2000,,Southwest,126.0,"8,713",Producer Milk Components,AMS_3462,3462,Dairy FMMOS,DY-NA,Washington,DC,"Washington, DC",Washington,DC,FMMOS,FMMOS - non-mars,04/09/2021 07:48:00,2000,2000-NOV,652,component,lmprs,
Dec,2000,,Upper Midwest,30.0,"23,415",Producer Milk Components,AMS_3462,3462,Dairy FMMOS,DY-NA,Washington,DC,"Washington, DC",Washington,DC,FMMOS,FMMOS - non-mars,04/09/2021 07:48:00,2000,2000-NOV,"1,594",component,lmprs,
Dec,2000,,Western,135.0,"4,048",Producer Milk Components,AMS_3462,3462,Dairy FMMOS,DY-NA,Washington,DC,"Washington, DC",Washington,DC,FMMOS,FMMOS - non-mars,04/09/2021 07:48:00,2000,2000-NOV,306,component,lmprs,
Dec,2001,,Western,135.0,"4,677",Producer Milk Components,AMS_3462,3462,Dairy FMMOS,DY-NA,Washington,DC,"Washington, DC",Washington,DC,FMMOS,FMMOS - non-mars,04/09/2021 07:46:00,2001,2001-NOV,453,component,lmprs,
Dec,2001,,Upper Midwest,30.0,"20,062",Producer Milk Components,AMS_3462,3462,Dairy FMMOS,DY-NA,Washington,DC,"Washington, DC",Washington,DC,FMMOS,FMMOS - non-mars,04/09/2021 07:46:00,2001,2001-NOV,"1,766",component,lmprs,
Dec,2001,,Southwest,126.0,"8,604",Producer Milk Components,AMS_3462,3462,Dairy FMMOS,DY-NA,Washington,DC,"Washington, DC",Washington,DC,FMMOS,FMMOS - non-mars,04/09/2021 07:46:00,2001,2001-NOV,715,component,lmprs,
Dec,2001,,Southeast,7.0,"7,769",Producer Milk Components,AMS_3462,3462,Dairy FMMOS,DY-NA,Washington,DC,"Washington, DC",Washington,DC,FMMOS,FMMOS - non-mars,04/09/2021 07:46:00,2001,2001-NOV,642,component,lmprs,
Dec,2001,,Pacific Northwest,124.0,"7,088",Producer Milk Components,AMS_3462,3462,Dairy FMMOS,DY-NA,Washington,DC,"Washington, DC",Washington,DC,FMMOS,FMMOS - non-mars,04/09/2021 07:46:00,2001,2001-NOV,601,component,lmprs,
Dec,2001,,Northeast,1.0,"24,557",Producer Milk Components,AMS_3462,3462,Dairy FMMOS,DY-NA,Washington,DC,"Washington, DC",Washington,DC,FMMOS,FMMOS - non-mars,04/09/2021 07:46:00,2001,2001-NOV,"1,937",component,lmprs,
Dec,2001,,Mideast,33.0,"17,229",Producer Milk Components,AMS_3462,3462,Dairy FMMOS,DY-NA,Washington,DC,"Washington, DC",Washington,DC,FMMOS,FMMOS - non-mars,04/09/2021 07:46:00,2001,2001-NOV,"1,448",component,lmprs,
Dec,2001,,Florida,6.0,"2,772",Producer Milk Components,AMS_3462,3462,Dairy FMMOS,DY-NA,Washington,DC,"Washington, DC",Washington,DC,FMMOS,FMMOS - non-mars,04/09/2021 07:46:00,2001,2001-NOV,225,component,lmprs,
Dec,2001,,Central,32.0,"17,836",Producer Milk Components,AMS_3462,3462,Dairy FMMOS,DY-NA,Washington,DC,"Washington, DC",Washington,DC,FMMOS,FMMOS - non-mars,04/09/2021 07:46:00,2001,2001-NOV,"1,435",component,lmprs,
Dec,2001,,Arizona,131.0,"2,956",Producer Milk Components,AMS_3462,3462,Dairy FMMOS,DY-NA,Washington,DC,"Washington, DC",Washington,DC,FMMOS,FMMOS - non-mars,04/09/2021 07:46:00,2001,2001-NOV,233,component,lmprs,
Dec,2001,,Appalachian,5.0,"6,673",Producer Milk Components,AMS_3462,3462,Dairy FMMOS,DY-NA,Washington,DC,"Washington, DC",Washington,DC,FMMOS,FMMOS - non-mars,04/09/2021 07:46:00,2001,2001-NOV,521,component,lmprs,
Dec,2001,,All Markets Combined,,"120,223",Producer Milk Components,AMS_3462,3462,Dairy FMMOS,DY-NA,Washington,DC,"Washington, DC",Washington,DC,FMMOS,FMMOS - non-mars,04/09/2021 07:46:00,2001,2001-NOV,"9,976",component,lmprs,
Dec,2002,,All Markets Combined,,"125,546",Producer Milk Components,AMS_3462,3462,Dairy FMMOS,DY-NA,Washington,DC,"Washington, DC",Washington,DC,FMMOS,FMMOS - non-mars,04/09/2021 07:46:00,2002,2002-NOV,"9,854",component,lmprs,
Dec,2002,,Appalachian,5.0,"6,706",Producer Milk Components,AMS_3462,3462,Dairy FMMOS,DY-NA,Washington,DC,"Washington, DC",Washington,DC,FMMOS,FMMOS - non-mars,04/09/2021 07:46:00,2002,2002-NOV,520,component,lmprs,
Dec,2002,,Arizona,131.0,"3,027",Producer Milk Components,AMS_3462,3462,Dairy FMMOS,DY-NA,Washington,DC,"Washington, DC",Washington,DC,FMMOS,FMMOS - non-mars,04/09/2021 07:46:00,2002,2002-NOV,235,component,lmprs,
Dec,2002,,Central,32.0,"18,700",Producer Milk Components,AMS_3462,3462,Dairy FMMOS,DY-NA,Washington,DC,"Washington, DC",Washington,DC,FMMOS,FMMOS - non-mars,04/09/2021 07:46:00,2002,2002-NOV,"1,544",component,lmprs,
Dec,2002,,Florida,6.0,"2,693",Producer Milk Components,AMS_3462,3462,Dairy FMMOS,DY-NA,Washington,DC,"Washington, DC",Washington,DC,FMMOS,FMMOS - non-mars,04/09/2021 07:46:00,2002,2002-NOV,211,component,lmprs,
Dec,2002,,Mideast,33.0,"17,739",Producer Milk Components,AMS_3462,3462,Dairy FMMOS,DY-NA,Washington,DC,"Washington, DC",Washington,DC,FMMOS,FMMOS - non-mars,04/09/2021 07:46:00,2002,2002-NOV,"1,321",component,lmprs,
Dec,2002,,Northeast,1.0,"25,358",Producer Milk Components,AMS_3462,3462,Dairy FMMOS,DY-NA,Washington,DC,"Washington, DC",Washington,DC,FMMOS,FMMOS - non-mars,04/09/2021 07:46:00,2002,2002-NOV,"1,971",component,lmprs,
Dec,2002,,Pacific Northwest,124.0,"7,824",Producer Milk Components,AMS_3462,3462,Dairy FMMOS,DY-NA,Washington,DC,"Washington, DC",Washington,DC,FMMOS,FMMOS - non-mars,04/09/2021 07:46:00,2002,2002-NOV,608,component,lmprs,
Dec,2002,,Southeast,7.0,"7,927",Producer Milk Components,AMS_3462,3462,Dairy FMMOS,DY-NA,Washington,DC,"Washington, DC",Washington,DC,FMMOS,FMMOS - non-mars,04/09/2021 07:46:00,2002,2002-NOV,591,component,lmprs,
Dec,2002,,Southwest,126.0,"9,714",Producer Milk Components,AMS_3462,3462,Dairy FMMOS,DY-NA,Washington,DC,"Washington, DC",Washington,DC,FMMOS,FMMOS - non-mars,04/09/2021 07:46:00,2002,2002-NOV,738,component,lmprs,
Dec,2002,,Upper Midwest,30.0,"20,307",Producer Milk Components,AMS_3462,3462,Dairy FMMOS,DY-NA,Washington,DC,"Washington, DC",Washington,DC,FMMOS,FMMOS - non-mars,04/09/2021 07:46:00,2002,2002-NOV,"1,679",component,lmprs,
Dec,2002,,Western,135.0,"5,552",Producer Milk Components,AMS_3462,3462,Dairy FMMOS,DY-NA,Washington,DC,"Washington, DC",Washington,DC,FMMOS,FMMOS - non-mars,04/09/2021 07:46:00,2002,2002-NOV,435,component,lmprs,
Dec,2003,,Western,135.0,"4,573",Producer Milk Components,AMS_3462,3462,Dairy FMMOS,DY-NA,Washington,DC,"Washington, DC",Washington,DC,FMMOS,FMMOS - non-mars,04/09/2021 07:46:00,2003,2003-NOV,210,component,lmprs,
Dec,2003,,Upper Midwest,30.0,"17,018",Producer Milk Components,AMS_3462,3462,Dairy FMMOS,DY-NA,Washington,DC,"Washington, DC",Washington,DC,FMMOS,FMMOS - non-mars,04/09/2021 07:46:00,2003,2003-NOV,"1,039",component,lmprs,
Dec,2003,,Southwest,126.0,"9,174",Producer Milk Components,AMS_3462,3462,Dairy FMMOS,DY-NA,Washington,DC,"Washington, DC",Washington,DC,FMMOS,FMMOS - non-mars,04/09/2021 07:46:00,2003,2003-NOV,737,component,lmprs,
Dec,2003,,Southeast,7.0,"7,071",Producer Milk Components,AMS_3462,3462,Dairy FMMOS,DY-NA,Washington,DC,"Washington, DC",Washington,DC,FMMOS,FMMOS - non-mars,04/09/2021 07:46:00,2003,2003-NOV,594,component,lmprs,
Dec,2003,,Northeast,1.0,"24,038",Producer Milk Components,AMS_3462,3462,Dairy FMMOS,DY-NA,Washington,DC,"Washington, DC",Washington,DC,FMMOS,FMMOS - non-mars,04/09/2021 07:46:00,2003,2003-NOV,"1,860",component,lmprs,
Dec,2003,,Pacific Northwest,124.0,"6,336",Producer Milk Components,AMS_3462,3462,Dairy FMMOS,DY-NA,Washington,DC,"Washington, DC",Washington,DC,FMMOS,FMMOS - non-mars,04/09/2021 07:46:00,2003,2003-NOV,429,component,lmprs,
Dec,2003,,Mideast,33.0,"15,750",Producer Milk Components,AMS_3462,3462,Dairy FMMOS,DY-NA,Washington,DC,"Washington, DC",Washington,DC,FMMOS,FMMOS - non-mars,04/09/2021 07:46:00,2003,2003-NOV,"1,438",component,lmprs,
Dec,2003,,Florida,6.0,"2,833",Producer Milk Components,AMS_3462,3462,Dairy FMMOS,DY-NA,Washington,DC,"Washington, DC",Washington,DC,FMMOS,FMMOS - non-mars,04/09/2021 07:46:00,2003,2003-NOV,220,component,lmprs,
Dec,2003,,Arizona,131.0,"3,061",Producer Milk Components,AMS_3462,3462,Dairy FMMOS,DY-NA,Washington,DC,"Washington, DC",Washington,DC,FMMOS,FMMOS - non-mars,04/09/2021 07:46:00,2003,2003-NOV,243,component,lmprs,
Dec,2003,,Central,32.0,"14,411",Producer Milk Components,AMS_3462,3462,Dairy FMMOS,DY-NA,Washington,DC,"Washington, DC",Washington,DC,FMMOS,FMMOS - non-mars,04/09/2021 07:46:00,2003,2003-NOV,"1,159",component,lmprs,
Dec,2003,,Appalachian,5.0,"6,315",Producer Milk Components,AMS_3462,3462,Dairy FMMOS,DY-NA,Washington,DC,"Washington, DC",Washington,DC,FMMOS,FMMOS - non-mars,04/09/2021 07:46:00,2003,2003-NOV,507,component,lmprs,
Dec,2003,,All Markets Combined,,"110,581",Producer Milk Components,AMS_3462,3462,Dairy FMMOS,DY-NA,Washington,DC,"Washington, DC",Washington,DC,FMMOS,FMMOS - non-mars,04/09/2021 07:46:00,2003,2003-NOV,"8,436",component,lmprs,
Dec,2004,,All Markets Combined,,"103,047",Producer Milk Components,AMS_3462,3462,Dairy FMMOS,DY-NA,Washington,DC,"Washington, DC",Washington,DC,FMMOS,FMMOS - non-mars,04/09/2021 07:44:00,2004,2004-NOV,"7,718",component,lmprs,
Dec,2004,,Appalachian,5.0,"6,203",Producer Milk Components,AMS_3462,3462,Dairy FMMOS,DY-NA,Washington,DC,"Washington, DC",Washington,DC,FMMOS,FMMOS - non-mars,04/09/2021 07:44:00,2004,2004-NOV,508,component,lmprs,
Dec,2004,,Central,32.0,"11,589",Producer Milk Components,AMS_3462,3462,Dairy FMMOS,DY-NA,Washington,DC,"Washington, DC",Washington,DC,FMMOS,FMMOS - non-mars,04/09/2021 07:44:00,2004,2004-NOV,761,component,lmprs,
Dec,2004,,Arizona,131.0,"2,901",Producer Milk Components,AMS_3462,3462,Dairy FMMOS,DY-NA,Washington,DC,"Washington, DC",Washington,DC,FMMOS,FMMOS - non-mars,04/09/2021 07:44:00,2004,2004-NOV,228,component,lmprs,
Dec,2004,,Florida,6.0,"2,873",Producer Milk Components,AMS_3462,3462,Dairy FMMOS,DY-NA,Washington,DC,"Washington, DC",Washington,DC,FMMOS,FMMOS - non-mars,04/09/2021 07:44:00,2004,2004-NOV,230,component,lmprs,
Dec,2004,,Mideast,33.0,"15,940",Producer Milk Components,AMS_3462,3462,Dairy FMMOS,DY-NA,Washington,DC,"Washington, DC",Washington,DC,FMMOS,FMMOS - non-mars,04/09/2021 07:44:00,2004,2004-NOV,"1,477",component,lmprs,
Dec,2004,,Pacific Northwest,124.0,"6,518",Producer Milk Components,AMS_3462,3462,Dairy FMMOS,DY-NA,Washington,DC,"Washington, DC",Washington,DC,FMMOS,FMMOS - non-mars,04/09/2021 07:44:00,2004,2004-NOV,466,component,lmprs,
Dec,2004,,Northeast,1.0,"22,670",Producer Milk Components,AMS_3462,3462,Dairy FMMOS,DY-NA,Washington,DC,"Washington, DC",Washington,DC,FMMOS,FMMOS - non-mars,04/09/2021 07:44:00,2004,2004-NOV,"1,771",component,lmprs,
Dec,2004,,Southeast,7.0,"7,164",Producer Milk Components,AMS_3462,3462,Dairy FMMOS,DY-NA,Washington,DC,"Washington, DC",Washington,DC,FMMOS,FMMOS - non-mars,04/09/2021 07:44:00,2004,2004-NOV,567,component,lmprs,
Dec,2004,,Southwest,126.0,"8,790",Producer Milk Components,AMS_3462,3462,Dairy FMMOS,DY-NA,Washington,DC,"Washington, DC",Washington,DC,FMMOS,FMMOS - non-mars,04/09/2021 07:44:00,2004,2004-NOV,760,component,lmprs,
Dec,2004,,Upper Midwest,30.0,"17,302",Producer Milk Components,AMS_3462,3462,Dairy FMMOS,DY-NA,Washington,DC,"Washington, DC",Washington,DC,FMMOS,FMMOS - non-mars,04/09/2021 07:44:00,2004,2004-NOV,951,component,lmprs,
Dec,2004,,Western,135.0,"1,096",Producer Milk Components,AMS_3462,3462,Dairy FMMOS,DY-NA,Washington,DC,"Washington, DC",Washington,DC,FMMOS,FMMOS - non-mars,04/09/2021 07:44:00,2004,2004-NOV,,component,lmprs,
Dec,2005,,Upper Midwest,30.0,"22,450",Producer Milk Components,AMS_3462,3462,Dairy FMMOS,DY-NA,Washington,DC,"Washington, DC",Washington,DC,FMMOS,FMMOS - non-mars,03/30/2021 14:16:00,2005,2005-NOV,"2,057",component,lmprs,
Dec,2005,,Southwest,126.0,"9,579",Producer Milk Components,AMS_3462,3462,Dairy FMMOS,DY-NA,Washington,DC,"Washington, DC",Washington,DC,FMMOS,FMMOS - non-mars,03/30/2021 14:16:00,2005,2005-NOV,830,component,lmprs,
Dec,2005,,Southeast,7.0,"7,544",Producer Milk Components,AMS_3462,3462,Dairy FMMOS,DY-NA,Washington,DC,"Washington, DC",Washington,DC,FMMOS,FMMOS - non-mars,03/30/2021 14:16:00,2005,2005-NOV,576,component,lmprs,
Dec,2005,,Northeast,1.0,"23,565",Producer Milk Components,AMS_3462,3462,Dairy FMMOS,DY-NA,Washington,DC,"Washington, DC",Washington,DC,FMMOS,FMMOS - non-mars,03/30/2021 14:16:00,2005,2005-NOV,"1,837",component,lmprs,
Dec,2005,,Pacific Northwest,124.0,"7,046",Producer Milk Components,AMS_3462,3462,Dairy FMMOS,DY-NA,Washington,DC,"Washington, DC",Washington,DC,FMMOS,FMMOS - non-mars,03/30/2021 14:16:00,2005,2005-NOV,604,component,lmprs,
Dec,2005,,Mideast,33.0,"18,060",Producer Milk Components,AMS_3462,3462,Dairy FMMOS,DY-NA,Washington,DC,"Washington, DC",Washington,DC,FMMOS,FMMOS - non-mars,03/30/2021 14:16:00,2005,2005-NOV,"1,405",component,lmprs,
Dec,2005,,Florida,6.0,"3,125",Producer Milk Components,AMS_3462,3462,Dairy FMMOS,DY-NA,Washington,DC,"Washington, DC",Washington,DC,FMMOS,FMMOS - non-mars,03/30/2021 14:16:00,2005,2005-NOV,247,component,lmprs,
Dec,2005,,Central,32.0,"13,966",Producer Milk Components,AMS_3462,3462,Dairy FMMOS,DY-NA,Washington,DC,"Washington, DC",Washington,DC,FMMOS,FMMOS - non-mars,03/30/2021 14:16:00,2005,2005-NOV,"1,233",component,lmprs,
Dec,2005,,Appalachian,5.0,"6,400",Producer Milk Components,AMS_3462,3462,Dairy FMMOS,DY-NA,Washington,DC,"Washington, DC",Washington,DC,FMMOS,FMMOS - non-mars,03/30/2021 14:16:00,2005,2005-NOV,508,component,lmprs,
Dec,2005,,Arizona,131.0,"2,948",Producer Milk Components,AMS_3462,3462,Dairy FMMOS,DY-NA,Washington,DC,"Washington, DC",Washington,DC,FMMOS,FMMOS - non-mars,03/30/2021 14:16:00,2005,2005-NOV,237,component,lmprs,
Dec,2005,,All Markets Combined,,"114,682",Producer Milk Components,AMS_3462,3462,Dairy FMMOS,DY-NA,Washington,DC,"Washington, DC",Washington,DC,FMMOS,FMMOS - non-mars,03/30/2021 14:16:00,2005,2005-NOV,"9,535",component,lmprs,
Dec,2006,,All Markets Combined,,"120,618",Producer Milk Components,AMS_3462,3462,Dairy FMMOS,DY-NA,Washington,DC,"Washington, DC",Washington,DC,FMMOS,FMMOS - non-mars,03/30/2021 14:16:00,2006,2006-NOV,"9,543",component,lmprs,
Dec,2006,,Arizona,131.0,"3,383",Producer Milk Components,AMS_3462,3462,Dairy FMMOS,DY-NA,Washington,DC,"Washington, DC",Washington,DC,FMMOS,FMMOS - non-mars,03/30/2021 14:16:00,2006,2006-NOV,277,component,lmprs,
Dec,2006,,Appalachian,5.0,"6,243",Producer Milk Components,AMS_3462,3462,Dairy FMMOS,DY-NA,Washington,DC,"Washington, DC",Washington,DC,FMMOS,FMMOS - non-mars,03/30/2021 14:16:00,2006,2006-NOV,502,component,lmprs,
Dec,2006,,Central,32.0,"13,917",Producer Milk Components,AMS_3462,3462,Dairy FMMOS,DY-NA,Washington,DC,"Washington, DC",Washington,DC,FMMOS,FMMOS - non-mars,03/30/2021 14:16:00,2006,2006-NOV,961,component,lmprs,
Dec,2006,,Florida,6.0,"3,126",Producer Milk Components,AMS_3462,3462,Dairy FMMOS,DY-NA,Washington,DC,"Washington, DC",Washington,DC,FMMOS,FMMOS - non-mars,03/30/2021 14:16:00,2006,2006-NOV,251,component,lmprs,
Dec,2006,,Mideast,33.0,"17,189",Producer Milk Components,AMS_3462,3462,Dairy FMMOS,DY-NA,Washington,DC,"Washington, DC",Washington,DC,FMMOS,FMMOS - non-mars,03/30/2021 14:16:00,2006,2006-NOV,"1,307",component,lmprs,
Dec,2006,,Pacific Northwest,124.0,"7,570",Producer Milk Components,AMS_3462,3462,Dairy FMMOS,DY-NA,Washington,DC,"Washington, DC",Washington,DC,FMMOS,FMMOS - non-mars,03/30/2021 14:16:00,2006,2006-NOV,597,component,lmprs,
Dec,2006,,Northeast,1.0,"22,680",Producer Milk Components,AMS_3462,3462,Dairy FMMOS,DY-NA,Washington,DC,"Washington, DC",Washington,DC,FMMOS,FMMOS - non-mars,03/30/2021 14:16:00,2006,2006-NOV,"1,737",component,lmprs,
Dec,2006,,Southeast,7.0,"8,055",Producer Milk Components,AMS_3462,3462,Dairy FMMOS,DY-NA,Washington,DC,"Washington, DC",Washington,DC,FMMOS,FMMOS - non-mars,03/30/2021 14:16:00,2006,2006-NOV,614,component,lmprs,
Dec,2006,,Southwest,126.0,"11,600",Producer Milk Components,AMS_3462,3462,Dairy FMMOS,DY-NA,Washington,DC,"Washington, DC",Washington,DC,FMMOS,FMMOS - non-mars,03/30/2021 14:16:00,2006,2006-NOV,927,component,lmprs,
Dec,2006,,Upper Midwest,30.0,"26,855",Producer Milk Components,AMS_3462,3462,Dairy FMMOS,DY-NA,Washington,DC,"Washington, DC",Washington,DC,FMMOS,FMMOS - non-mars,03/30/2021 14:16:00,2006,2006-NOV,"2,369",component,lmprs,
Dec,2007,,Upper Midwest,30.0,"26,490",Producer Milk Components,AMS_3462,3462,Dairy FMMOS,DY-NA,Washington,DC,"Washington, DC",Washington,DC,FMMOS,FMMOS - non-mars,03/30/2021 14:16:00,2007,2007-NOV,"2,303",component,lmprs,
Dec,2007,,Southwest,126.0,"9,990",Producer Milk Components,AMS_3462,3462,Dairy FMMOS,DY-NA,Washington,DC,"Washington, DC",Washington,DC,FMMOS,FMMOS - non-mars,03/30/2021 14:16:00,2007,2007-NOV,923,component,lmprs,
Dec,2007,,Southeast,7.0,"7,521",Producer Milk Components,AMS_3462,3462,Dairy FMMOS,DY-NA,Washington,DC,"Washington, DC",Washington,DC,FMMOS,FMMOS - non-mars,03/30/2021 14:16:00,2007,2007-NOV,582,component,lmprs,
Dec,2007,,Northeast,1.0,"23,040",Producer Milk Components,AMS_3462,3462,Dairy FMMOS,DY-NA,Washington,DC,"Washington, DC",Washington,DC,FMMOS,FMMOS - non-mars,03/30/2021 14:16:00,2007,2007-NOV,"1,933",component,lmprs,
Dec,2007,,Pacific Northwest,124.0,"7,036",Producer Milk Components,AMS_3462,3462,Dairy FMMOS,DY-NA,Washington,DC,"Washington, DC",Washington,DC,FMMOS,FMMOS - non-mars,03/30/2021 14:16:00,2007,2007-NOV,557,component,lmprs,
Dec,2007,,Mideast,33.0,"16,268",Producer Milk Components,AMS_3462,3462,Dairy FMMOS,DY-NA,Washington,DC,"Washington, DC",Washington,DC,FMMOS,FMMOS - non-mars,03/30/2021 14:16:00,2007,2007-NOV,"1,261",component,lmprs,
Dec,2007,,Florida,6.0,"3,207",Producer Milk Components,AMS_3462,3462,Dairy FMMOS,DY-NA,Washington,DC,"Washington, DC",Washington,DC,FMMOS,FMMOS - non-mars,03/30/2021 14:16:00,2007,2007-NOV,250,component,lmprs,
Dec,2007,,Central,32.0,"11,193",Producer Milk Components,AMS_3462,3462,Dairy FMMOS,DY-NA,Washington,DC,"Washington, DC",Washington,DC,FMMOS,FMMOS - non-mars,03/30/2021 14:16:00,2007,2007-NOV,"1,009",component,lmprs,
Dec,2007,,Appalachian,5.0,"5,865",Producer Milk Components,AMS_3462,3462,Dairy FMMOS,DY-NA,Washington,DC,"Washington, DC",Washington,DC,FMMOS,FMMOS - non-mars,03/30/2021 14:16:00,2007,2007-NOV,471,component,lmprs,
Dec,2007,,Arizona,131.0,"3,799",Producer Milk Components,AMS_3462,3462,Dairy FMMOS,DY-NA,Washington,DC,"Washington, DC",Washington,DC,FMMOS,FMMOS - non-mars,03/30/2021 14:16:00,2007,2007-NOV,308,component,lmprs,
Dec,2007,,All Markets Combined,,"114,407",Producer Milk Components,AMS_3462,3462,Dairy FMMOS,DY-NA,Washington,DC,"Washington, DC",Washington,DC,FMMOS,FMMOS - non-mars,03/30/2021 14:16:00,2007,2007-NOV,"9,598",component,lmprs,
Dec,2008,,All Markets Combined,,"115,867",Producer Milk Components,AMS_3462,3462,Dairy FMMOS,DY-NA,Washington,DC,"Washington, DC",Washington,DC,FMMOS,FMMOS - non-mars,03/30/2021 14:15:00,2008,2008-NOV,"10,080",component,lmprs,
Dec,2008,,Arizona,131.0,"4,156",Producer Milk Components,AMS_3462,3462,Dairy FMMOS,DY-NA,Washington,DC,"Washington, DC",Washington,DC,FMMOS,FMMOS - non-mars,03/30/2021 14:15:00,2008,2008-NOV,336,component,lmprs,
Dec,2008,,Appalachian,5.0,"5,882",Producer Milk Components,AMS_3462,3462,Dairy FMMOS,DY-NA,Washington,DC,"Washington, DC",Washington,DC,FMMOS,FMMOS - non-mars,03/30/2021 14:15:00,2008,2008-NOV,488,component,lmprs,
Dec,2008,,Central,32.0,"11,564",Producer Milk Components,AMS_3462,3462,Dairy FMMOS,DY-NA,Washington,DC,"Washington, DC",Washington,DC,FMMOS,FMMOS - non-mars,03/30/2021 14:15:00,2008,2008-NOV,"1,075",component,lmprs,
Dec,2008,,Florida,6.0,"3,130",Producer Milk Components,AMS_3462,3462,Dairy FMMOS,DY-NA,Washington,DC,"Washington, DC",Washington,DC,FMMOS,FMMOS - non-mars,03/30/2021 14:15:00,2008,2008-NOV,251,component,lmprs,
Dec,2008,,Mideast,33.0,"15,707",Producer Milk Components,AMS_3462,3462,Dairy FMMOS,DY-NA,Washington,DC,"Washington, DC",Washington,DC,FMMOS,FMMOS - non-mars,03/30/2021 14:15:00,2008,2008-NOV,"1,300",component,lmprs,
Dec,2008,,Pacific Northwest,124.0,"6,882",Producer Milk Components,AMS_3462,3462,Dairy FMMOS,DY-NA,Washington,DC,"Washington, DC",Washington,DC,FMMOS,FMMOS - non-mars,03/30/2021 14:15:00,2008,2008-NOV,621,component,lmprs,
Dec,2008,,Northeast,1.0,"23,895",Producer Milk Components,AMS_3462,3462,Dairy FMMOS,DY-NA,Washington,DC,"Washington, DC",Washington,DC,FMMOS,FMMOS - non-mars,03/30/2021 14:15:00,2008,2008-NOV,"1,870",component,lmprs,
Dec,2008,,Southeast,7.0,"6,923",Producer Milk Components,AMS_3462,3462,Dairy FMMOS,DY-NA,Washington,DC,"Washington, DC",Washington,DC,FMMOS,FMMOS - non-mars,03/30/2021 14:15:00,2008,2008-NOV,561,component,lmprs,
Dec,2008,,Southwest,126.0,"9,687",Producer Milk Components,AMS_3462,3462,Dairy FMMOS,DY-NA,Washington,DC,"Washington, DC",Washington,DC,FMMOS,FMMOS - non-mars,03/30/2021 14:15:00,2008,2008-NOV,954,component,lmprs,
Dec,2008,,Upper Midwest,30.0,"28,041",Producer Milk Components,AMS_3462,3462,Dairy FMMOS,DY-NA,Washington,DC,"Washington, DC",Washington,DC,FMMOS,FMMOS - non-mars,03/30/2021 14:15:00,2008,2008-NOV,"2,625",component,lmprs,
Dec,2009,,Upper Midwest,30.0,"32,184",Producer Milk Components,AMS_3462,3462,Dairy FMMOS,DY-NA,Washington,DC,"Washington, DC",Washington,DC,FMMOS,FMMOS - non-mars,03/30/2021 14:15:00,2009,2009-NOV,"2,422",component,lmprs,
Dec,2009,,Southwest,126.0,"10,809",Producer Milk Components,AMS_3462,3462,Dairy FMMOS,DY-NA,Washington,DC,"Washington, DC",Washington,DC,FMMOS,FMMOS - non-mars,03/30/2021 14:15:00,2009,2009-NOV,496,component,lmprs,
Dec,2009,,Southeast,7.0,"7,169",Producer Milk Components,AMS_3462,3462,Dairy FMMOS,DY-NA,Washington,DC,"Washington, DC",Washington,DC,FMMOS,FMMOS - non-mars,03/30/2021 14:15:00,2009,2009-NOV,561,component,lmprs,
Dec,2009,,Northeast,1.0,"23,497",Producer Milk Components,AMS_3462,3462,Dairy FMMOS,DY-NA,Washington,DC,"Washington, DC",Washington,DC,FMMOS,FMMOS - non-mars,03/30/2021 14:15:00,2009,2009-NOV,"1,818",component,lmprs,
Dec,2009,,Pacific Northwest,124.0,"7,470",Producer Milk Components,AMS_3462,3462,Dairy FMMOS,DY-NA,Washington,DC,"Washington, DC",Washington,DC,FMMOS,FMMOS - non-mars,03/30/2021 14:15:00,2009,2009-NOV,632,component,lmprs,
Dec,2009,,Mideast,33.0,"16,596",Producer Milk Components,AMS_3462,3462,Dairy FMMOS,DY-NA,Washington,DC,"Washington, DC",Washington,DC,FMMOS,FMMOS - non-mars,03/30/2021 14:15:00,2009,2009-NOV,"1,308",component,lmprs,
Dec,2009,,Florida,6.0,"3,027",Producer Milk Components,AMS_3462,3462,Dairy FMMOS,DY-NA,Washington,DC,"Washington, DC",Washington,DC,FMMOS,FMMOS - non-mars,03/30/2021 14:15:00,2009,2009-NOV,249,component,lmprs,
Dec,2009,,Central,32.0,"12,685",Producer Milk Components,AMS_3462,3462,Dairy FMMOS,DY-NA,Washington,DC,"Washington, DC",Washington,DC,FMMOS,FMMOS - non-mars,03/30/2021 14:15:00,2009,2009-NOV,949,component,lmprs,
Dec,2009,,Appalachian,5.0,"5,950",Producer Milk Components,AMS_3462,3462,Dairy FMMOS,DY-NA,Washington,DC,"Washington, DC",Washington,DC,FMMOS,FMMOS - non-mars,03/30/2021 14:15:00,2009,2009-NOV,486,component,lmprs,
Dec,2009,,Arizona,131.0,"4,042",Producer Milk Components,AMS_3462,3462,Dairy FMMOS,DY-NA,Washington,DC,"Washington, DC",Washington,DC,FMMOS,FMMOS - non-mars,03/30/2021 14:15:00,2009,2009-NOV,319,component,lmprs,
Dec,2009,,All Markets Combined,,"123,430",Producer Milk Components,AMS_3462,3462,Dairy FMMOS,DY-NA,Washington,DC,"Washington, DC",Washington,DC,FMMOS,FMMOS - non-mars,03/30/2021 14:15:00,2009,2009-NOV,"9,239",component,lmprs,
Dec,2010,,All Markets Combined,,"126,909",Producer Milk Components,AMS_3462,3462,Dairy FMMOS,DY-NA,Washington,DC,"Washington, DC",Washington,DC,FMMOS,FMMOS - non-mars,03/30/2021 14:14:00,2010,2010-NOV,"10,144",component,lmprs,
Dec,2010,,Arizona,131.0,"4,232",Producer Milk Components,AMS_3462,3462,Dairy FMMOS,DY-NA,Washington,DC,"Washington, DC",Washington,DC,FMMOS,FMMOS - non-mars,03/30/2021 14:14:00,2010,2010-NOV,347,component,lmprs,
Dec,2010,,Appalachian,5.0,"6,042",Producer Milk Components,AMS_3462,3462,Dairy FMMOS,DY-NA,Washington,DC,"Washington, DC",Washington,DC,FMMOS,FMMOS - non-mars,03/30/2021 14:14:00,2010,2010-NOV,492,component,lmprs,
Dec,2010,,Central,32.0,"13,352",Producer Milk Components,AMS_3462,3462,Dairy FMMOS,DY-NA,Washington,DC,"Washington, DC",Washington,DC,FMMOS,FMMOS - non-mars,03/30/2021 14:14:00,2010,2010-NOV,"1,110",component,lmprs,
Dec,2010,,Florida,6.0,"2,902",Producer Milk Components,AMS_3462,3462,Dairy FMMOS,DY-NA,Washington,DC,"Washington, DC",Washington,DC,FMMOS,FMMOS - non-mars,03/30/2021 14:14:00,2010,2010-NOV,247,component,lmprs,
Dec,2010,,Mideast,33.0,"16,022",Producer Milk Components,AMS_3462,3462,Dairy FMMOS,DY-NA,Washington,DC,"Washington, DC",Washington,DC,FMMOS,FMMOS - non-mars,03/30/2021 14:14:00,2010,2010-NOV,"1,226",component,lmprs,
Dec,2010,,Pacific Northwest,124.0,"8,011",Producer Milk Components,AMS_3462,3462,Dairy FMMOS,DY-NA,Washington,DC,"Washington, DC",Washington,DC,FMMOS,FMMOS - non-mars,03/30/2021 14:14:00,2010,2010-NOV,637,component,lmprs,
Dec,2010,,Northeast,1.0,"24,335",Producer Milk Components,AMS_3462,3462,Dairy FMMOS,DY-NA,Washington,DC,"Washington, DC",Washington,DC,FMMOS,FMMOS - non-mars,03/30/2021 14:14:00,2010,2010-NOV,"1,969",component,lmprs,
Dec,2010,,Southeast,7.0,"7,001",Producer Milk Components,AMS_3462,3462,Dairy FMMOS,DY-NA,Washington,DC,"Washington, DC",Washington,DC,FMMOS,FMMOS - non-mars,03/30/2021 14:14:00,2010,2010-NOV,573,component,lmprs,
Dec,2010,,Southwest,126.0,"11,210",Producer Milk Components,AMS_3462,3462,Dairy FMMOS,DY-NA,Washington,DC,"Washington, DC",Washington,DC,FMMOS,FMMOS - non-mars,03/30/2021 14:14:00,2010,2010-NOV,901,component,lmprs,
Dec,2010,,Upper Midwest,30.0,"33,803",Producer Milk Components,AMS_3462,3462,Dairy FMMOS,DY-NA,Washington,DC,"Washington, DC",Washington,DC,FMMOS,FMMOS - non-mars,03/30/2021 14:14:00,2010,2010-NOV,"2,641",component,lmprs,
Dec,2011,,Southwest,126.0,"11,233",Producer Milk Components,AMS_3462,3462,Dairy FMMOS,DY-NA,Washington,DC,"Washington, DC",Washington,DC,FMMOS,FMMOS - non-mars,03/30/2021 14:14:00,2011,2011-NOV,940,component,lmprs,
Dec,2011,,Upper Midwest,30.0,"32,766",Producer Milk Components,AMS_3462,3462,Dairy FMMOS,DY-NA,Washington,DC,"Washington, DC",Washington,DC,FMMOS,FMMOS - non-mars,03/30/2021 14:14:00,2011,2011-NOV,"2,697",component,lmprs,
Dec,2011,,Southeast,7.0,"7,057",Producer Milk Components,AMS_3462,3462,Dairy FMMOS,DY-NA,Washington,DC,"Washington, DC",Washington,DC,FMMOS,FMMOS - non-mars,03/30/2021 14:14:00,2011,2011-NOV,550,component,lmprs,
Dec,2011,,Pacific Northwest,124.0,"8,023",Producer Milk Components,AMS_3462,3462,Dairy FMMOS,DY-NA,Washington,DC,"Washington, DC",Washington,DC,FMMOS,FMMOS - non-mars,03/30/2021 14:14:00,2011,2011-NOV,661,component,lmprs,
Dec,2011,,Mideast,33.0,"15,939",Producer Milk Components,AMS_3462,3462,Dairy FMMOS,DY-NA,Washington,DC,"Washington, DC",Washington,DC,FMMOS,FMMOS - non-mars,03/30/2021 14:14:00,2011,2011-NOV,"1,345",component,lmprs,
Dec,2011,,Northeast,1.0,"24,358",Producer Milk Components,AMS_3462,3462,Dairy FMMOS,DY-NA,Washington,DC,"Washington, DC",Washington,DC,FMMOS,FMMOS - non-mars,03/30/2021 14:14:00,2011,2011-NOV,"1,905",component,lmprs,
Dec,2011,,Florida,6.0,"2,919",Producer Milk Components,AMS_3462,3462,Dairy FMMOS,DY-NA,Washington,DC,"Washington, DC",Washington,DC,FMMOS,FMMOS - non-mars,03/30/2021 14:14:00,2011,2011-NOV,242,component,lmprs,
Dec,2011,,Central,32.0,"13,938",Producer Milk Components,AMS_3462,3462,Dairy FMMOS,DY-NA,Washington,DC,"Washington, DC",Washington,DC,FMMOS,FMMOS - non-mars,03/30/2021 14:14:00,2011,2011-NOV,"1,057",component,lmprs,
Dec,2011,,Appalachian,5.0,"6,128",Producer Milk Components,AMS_3462,3462,Dairy FMMOS,DY-NA,Washington,DC,"Washington, DC",Washington,DC,FMMOS,FMMOS - non-mars,03/30/2021 14:14:00,2011,2011-NOV,511,component,lmprs,
Dec,2011,,Arizona,131.0,"4,518",Producer Milk Components,AMS_3462,3462,Dairy FMMOS,DY-NA,Washington,DC,"Washington, DC",Washington,DC,FMMOS,FMMOS - non-mars,03/30/2021 14:14:00,2011,2011-NOV,360,component,lmprs,
Dec,2011,,All Markets Combined,,"126,879",Producer Milk Components,AMS_3462,3462,Dairy FMMOS,DY-NA,Washington,DC,"Washington, DC",Washington,DC,FMMOS,FMMOS - non-mars,03/30/2021 14:14:00,2011,2011-NOV,"10,267",component,lmprs,
Dec,2012,,All Markets Combined,,"122,388",Producer Milk Components,AMS_3462,3462,Dairy FMMOS,DY-NA,Washington,DC,"Washington, DC",Washington,DC,FMMOS,FMMOS - non-mars,03/30/2021 14:13:00,2012,2012-NOV,"8,973",component,lmprs,
Dec,2012,,Arizona,131.0,"4,556",Producer Milk Components,AMS_3462,3462,Dairy FMMOS,DY-NA,Washington,DC,"Washington, DC",Washington,DC,FMMOS,FMMOS - non-mars,03/30/2021 14:13:00,2012,2012-NOV,350,component,lmprs,
Dec,2012,,Appalachian,5.0,"5,863",Producer Milk Components,AMS_3462,3462,Dairy FMMOS,DY-NA,Washington,DC,"Washington, DC",Washington,DC,FMMOS,FMMOS - non-mars,03/30/2021 14:13:00,2012,2012-NOV,470,component,lmprs,
Dec,2012,,Central,32.0,"13,389",Producer Milk Components,AMS_3462,3462,Dairy FMMOS,DY-NA,Washington,DC,"Washington, DC",Washington,DC,FMMOS,FMMOS - non-mars,03/30/2021 14:13:00,2012,2012-NOV,858,component,lmprs,
Dec,2012,,Florida,6.0,"2,890",Producer Milk Components,AMS_3462,3462,Dairy FMMOS,DY-NA,Washington,DC,"Washington, DC",Washington,DC,FMMOS,FMMOS - non-mars,03/30/2021 14:13:00,2012,2012-NOV,241,component,lmprs,
Dec,2012,,Northeast,1.0,"24,695",Producer Milk Components,AMS_3462,3462,Dairy FMMOS,DY-NA,Washington,DC,"Washington, DC",Washington,DC,FMMOS,FMMOS - non-mars,03/30/2021 14:13:00,2012,2012-NOV,"1,997",component,lmprs,
Dec,2012,,Mideast,33.0,"16,806",Producer Milk Components,AMS_3462,3462,Dairy FMMOS,DY-NA,Washington,DC,"Washington, DC",Washington,DC,FMMOS,FMMOS - non-mars,03/30/2021 14:13:00,2012,2012-NOV,"1,309",component,lmprs,
Dec,2012,,Pacific Northwest,124.0,"6,719",Producer Milk Components,AMS_3462,3462,Dairy FMMOS,DY-NA,Washington,DC,"Washington, DC",Washington,DC,FMMOS,FMMOS - non-mars,03/30/2021 14:13:00,2012,2012-NOV,415,component,lmprs,
Dec,2012,,Southeast,7.0,"6,794",Producer Milk Components,AMS_3462,3462,Dairy FMMOS,DY-NA,Washington,DC,"Washington, DC",Washington,DC,FMMOS,FMMOS - non-mars,03/30/2021 14:13:00,2012,2012-NOV,516,component,lmprs,
Dec,2012,,Upper Midwest,30.0,"30,684",Producer Milk Components,AMS_3462,3462,Dairy FMMOS,DY-NA,Washington,DC,"Washington, DC",Washington,DC,FMMOS,FMMOS - non-mars,03/30/2021 14:13:00,2012,2012-NOV,"2,265",component,lmprs,
Dec,2012,,Southwest,126.0,"9,994",Producer Milk Components,AMS_3462,3462,Dairy FMMOS,DY-NA,Washington,DC,"Washington, DC",Washington,DC,FMMOS,FMMOS - non-mars,03/30/2021 14:13:00,2012,2012-NOV,551,component,lmprs,
Dec,2013,,Southwest,126.0,"12,901",Producer Milk Components,AMS_3462,3462,Dairy FMMOS,DY-NA,Washington,DC,"Washington, DC",Washington,DC,FMMOS,FMMOS - non-mars,03/30/2021 14:13:00,2013,2013-NOV,"1,019",component,lmprs,
Dec,2013,,Upper Midwest,30.0,"34,315",Producer Milk Components,AMS_3462,3462,Dairy FMMOS,DY-NA,Washington,DC,"Washington, DC",Washington,DC,FMMOS,FMMOS - non-mars,03/30/2021 14:13:00,2013,2013-NOV,"2,743",component,lmprs,
Dec,2013,,Southeast,7.0,"6,129",Producer Milk Components,AMS_3462,3462,Dairy FMMOS,DY-NA,Washington,DC,"Washington, DC",Washington,DC,FMMOS,FMMOS - non-mars,03/30/2021 14:13:00,2013,2013-NOV,443,component,lmprs,
Dec,2013,,Pacific Northwest,124.0,"8,239",Producer Milk Components,AMS_3462,3462,Dairy FMMOS,DY-NA,Washington,DC,"Washington, DC",Washington,DC,FMMOS,FMMOS - non-mars,03/30/2021 14:13:00,2013,2013-NOV,671,component,lmprs,
Dec,2013,,Mideast,33.0,"16,719",Producer Milk Components,AMS_3462,3462,Dairy FMMOS,DY-NA,Washington,DC,"Washington, DC",Washington,DC,FMMOS,FMMOS - non-mars,03/30/2021 14:13:00,2013,2013-NOV,"1,306",component,lmprs,
Dec,2013,,Northeast,1.0,"25,420",Producer Milk Components,AMS_3462,3462,Dairy FMMOS,DY-NA,Washington,DC,"Washington, DC",Washington,DC,FMMOS,FMMOS - non-mars,03/30/2021 14:13:00,2013,2013-NOV,"1,996",component,lmprs,
Dec,2013,,Florida,6.0,"2,833",Producer Milk Components,AMS_3462,3462,Dairy FMMOS,DY-NA,Washington,DC,"Washington, DC",Washington,DC,FMMOS,FMMOS - non-mars,03/30/2021 14:13:00,2013,2013-NOV,238,component,lmprs,
Dec,2013,,Central,32.0,"15,199",Producer Milk Components,AMS_3462,3462,Dairy FMMOS,DY-NA,Washington,DC,"Washington, DC",Washington,DC,FMMOS,FMMOS - non-mars,03/30/2021 14:13:00,2013,2013-NOV,"1,241",component,lmprs,
Dec,2013,,Arizona,131.0,"4,615",Producer Milk Components,AMS_3462,3462,Dairy FMMOS,DY-NA,Washington,DC,"Washington, DC",Washington,DC,FMMOS,FMMOS - non-mars,03/30/2021 14:13:00,2013,2013-NOV,365,component,lmprs,
Dec,2013,,All Markets Combined,,"132,100",Producer Milk Components,AMS_3462,3462,Dairy FMMOS,DY-NA,Washington,DC,"Washington, DC",Washington,DC,FMMOS,FMMOS - non-mars,03/30/2021 14:13:00,2013,2013-NOV,"10,475",component,lmprs,
Dec,2013,,Appalachian,5.0,"5,729",Producer Milk Components,AMS_3462,3462,Dairy FMMOS,DY-NA,Washington,DC,"Washington, DC",Washington,DC,FMMOS,FMMOS - non-mars,03/30/2021 14:13:00,2013,2013-NOV,453,component,lmprs,
Dec,2014,,Appalachian,5.0,"5,594",Producer Milk Components,AMS_3462,3462,Dairy FMMOS,DY-NA,Washington,DC,"Washington, DC",Washington,DC,FMMOS,FMMOS - non-mars,03/30/2021 14:13:00,2014,2014-NOV,454,component,lmprs,
Dec,2014,,All Markets Combined,,"129,420",Producer Milk Components,AMS_3462,3462,Dairy FMMOS,DY-NA,Washington,DC,"Washington, DC",Washington,DC,FMMOS,FMMOS - non-mars,03/30/2021 14:13:00,2014,2014-NOV,"9,607",component,lmprs,
Dec,2014,,Arizona,131.0,"4,800",Producer Milk Components,AMS_3462,3462,Dairy FMMOS,DY-NA,Washington,DC,"Washington, DC",Washington,DC,FMMOS,FMMOS - non-mars,03/30/2021 14:13:00,2014,2014-NOV,372,component,lmprs,
Dec,2014,,Central,32.0,"15,063",Producer Milk Components,AMS_3462,3462,Dairy FMMOS,DY-NA,Washington,DC,"Washington, DC",Washington,DC,FMMOS,FMMOS - non-mars,03/30/2021 14:13:00,2014,2014-NOV,"1,109",component,lmprs,
Dec,2014,,Florida,6.0,"2,771",Producer Milk Components,AMS_3462,3462,Dairy FMMOS,DY-NA,Washington,DC,"Washington, DC",Washington,DC,FMMOS,FMMOS - non-mars,03/30/2021 14:13:00,2014,2014-NOV,227,component,lmprs,
Dec,2014,,Northeast,1.0,"25,793",Producer Milk Components,AMS_3462,3462,Dairy FMMOS,DY-NA,Washington,DC,"Washington, DC",Washington,DC,FMMOS,FMMOS - non-mars,03/30/2021 14:13:00,2014,2014-NOV,"2,076",component,lmprs,
Dec,2014,,Mideast,33.0,"17,297",Producer Milk Components,AMS_3462,3462,Dairy FMMOS,DY-NA,Washington,DC,"Washington, DC",Washington,DC,FMMOS,FMMOS - non-mars,03/30/2021 14:13:00,2014,2014-NOV,"1,447",component,lmprs,
Dec,2014,,Pacific Northwest,124.0,"7,892",Producer Milk Components,AMS_3462,3462,Dairy FMMOS,DY-NA,Washington,DC,"Washington, DC",Washington,DC,FMMOS,FMMOS - non-mars,03/30/2021 14:13:00,2014,2014-NOV,435,component,lmprs,
Dec,2014,,Southeast,7.0,"5,289",Producer Milk Components,AMS_3462,3462,Dairy FMMOS,DY-NA,Washington,DC,"Washington, DC",Washington,DC,FMMOS,FMMOS - non-mars,03/30/2021 14:13:00,2014,2014-NOV,425,component,lmprs,
Dec,2014,,Upper Midwest,30.0,"32,785",Producer Milk Components,AMS_3462,3462,Dairy FMMOS,DY-NA,Washington,DC,"Washington, DC",Washington,DC,FMMOS,FMMOS - non-mars,03/30/2021 14:13:00,2014,2014-NOV,"2,397",component,lmprs,
Dec,2014,,Southwest,126.0,"12,137",Producer Milk Components,AMS_3462,3462,Dairy FMMOS,DY-NA,Washington,DC,"Washington, DC",Washington,DC,FMMOS,FMMOS - non-mars,03/30/2021 14:13:00,2014,2014-NOV,665,component,lmprs,
Dec,2015,,Southwest,126.0,"11,891",Producer Milk Components,AMS_3462,3462,Dairy FMMOS,DY-NA,Washington,DC,"Washington, DC",Washington,DC,FMMOS,FMMOS - non-mars,03/30/2021 14:12:00,2015,2015-NOV,"1,073",component,lmprs,
Dec,2015,,Upper Midwest,30.0,"30,318",Producer Milk Components,AMS_3462,3462,Dairy FMMOS,DY-NA,Washington,DC,"Washington, DC",Washington,DC,FMMOS,FMMOS - non-mars,03/30/2021 14:12:00,2015,2015-NOV,"2,848",component,lmprs,
Dec,2015,,Southeast,7.0,"5,205",Producer Milk Components,AMS_3462,3462,Dairy FMMOS,DY-NA,Washington,DC,"Washington, DC",Washington,DC,FMMOS,FMMOS - non-mars,03/30/2021 14:12:00,2015,2015-NOV,411,component,lmprs,
Dec,2015,,Pacific Northwest,124.0,"6,646",Producer Milk Components,AMS_3462,3462,Dairy FMMOS,DY-NA,Washington,DC,"Washington, DC",Washington,DC,FMMOS,FMMOS - non-mars,03/30/2021 14:12:00,2015,2015-NOV,712,component,lmprs,
Dec,2015,,Mideast,33.0,"18,376",Producer Milk Components,AMS_3462,3462,Dairy FMMOS,DY-NA,Washington,DC,"Washington, DC",Washington,DC,FMMOS,FMMOS - non-mars,03/30/2021 14:12:00,2015,2015-NOV,"1,492",component,lmprs,
Dec,2015,,Northeast,1.0,"26,039",Producer Milk Components,AMS_3462,3462,Dairy FMMOS,DY-NA,Washington,DC,"Washington, DC",Washington,DC,FMMOS,FMMOS - non-mars,03/30/2021 14:12:00,2015,2015-NOV,"2,082",component,lmprs,
Dec,2015,,Florida,6.0,"2,741",Producer Milk Components,AMS_3462,3462,Dairy FMMOS,DY-NA,Washington,DC,"Washington, DC",Washington,DC,FMMOS,FMMOS - non-mars,03/30/2021 14:12:00,2015,2015-NOV,231,component,lmprs,
Dec,2015,,Central,32.0,"14,476",Producer Milk Components,AMS_3462,3462,Dairy FMMOS,DY-NA,Washington,DC,"Washington, DC",Washington,DC,FMMOS,FMMOS - non-mars,03/30/2021 14:12:00,2015,2015-NOV,"1,247",component,lmprs,
Dec,2015,,Arizona,131.0,"4,788",Producer Milk Components,AMS_3462,3462,Dairy FMMOS,DY-NA,Washington,DC,"Washington, DC",Washington,DC,FMMOS,FMMOS - non-mars,03/30/2021 14:12:00,2015,2015-NOV,381,component,lmprs,
Dec,2015,,All Markets Combined,,"126,126",Producer Milk Components,AMS_3462,3462,Dairy FMMOS,DY-NA,Washington,DC,"Washington, DC",Washington,DC,FMMOS,FMMOS - non-mars,03/30/2021 14:12:00,2015,2015-NOV,"10,936",component,lmprs,
Dec,2015,,Appalachian,5.0,"5,646",Producer Milk Components,AMS_3462,3462,Dairy FMMOS,DY-NA,Washington,DC,"Washington, DC",Washington,DC,FMMOS,FMMOS - non-mars,03/30/2021 14:12:00,2015,2015-NOV,458,component,lmprs,
Dec,2016,,Appalachian,5.0,"5,595",Producer Milk Components,AMS_3462,3462,Dairy FMMOS,DY-NA,Washington,DC,"Washington, DC",Washington,DC,FMMOS,FMMOS - non-mars,03/30/2021 14:12:00,2016,2016-NOV,435,component,lmprs,
Dec,2016,,All Markets Combined,,"133,846",Producer Milk Components,AMS_3462,3462,Dairy FMMOS,DY-NA,Washington,DC,"Washington, DC",Washington,DC,FMMOS,FMMOS - non-mars,03/30/2021 14:12:00,2016,2016-NOV,"9,024",component,lmprs,
Dec,2016,,Arizona,131.0,"4,979",Producer Milk Components,AMS_3462,3462,Dairy FMMOS,DY-NA,Washington,DC,"Washington, DC",Washington,DC,FMMOS,FMMOS - non-mars,03/30/2021 14:12:00,2016,2016-NOV,378,component,lmprs,
Dec,2016,,Central,32.0,"15,088",Producer Milk Components,AMS_3462,3462,Dairy FMMOS,DY-NA,Washington,DC,"Washington, DC",Washington,DC,FMMOS,FMMOS - non-mars,03/30/2021 14:12:00,2016,2016-NOV,955,component,lmprs,
Dec,2016,,Florida,6.0,"2,714",Producer Milk Components,AMS_3462,3462,Dairy FMMOS,DY-NA,Washington,DC,"Washington, DC",Washington,DC,FMMOS,FMMOS - non-mars,03/30/2021 14:12:00,2016,2016-NOV,226,component,lmprs,
Dec,2016,,Northeast,1.0,"27,007",Producer Milk Components,AMS_3462,3462,Dairy FMMOS,DY-NA,Washington,DC,"Washington, DC",Washington,DC,FMMOS,FMMOS - non-mars,03/30/2021 14:12:00,2016,2016-NOV,"2,175",component,lmprs,
Dec,2016,,Mideast,33.0,"19,655",Producer Milk Components,AMS_3462,3462,Dairy FMMOS,DY-NA,Washington,DC,"Washington, DC",Washington,DC,FMMOS,FMMOS - non-mars,03/30/2021 14:12:00,2016,2016-NOV,"1,444",component,lmprs,
Dec,2016,,Pacific Northwest,124.0,"7,883",Producer Milk Components,AMS_3462,3462,Dairy FMMOS,DY-NA,Washington,DC,"Washington, DC",Washington,DC,FMMOS,FMMOS - non-mars,03/30/2021 14:12:00,2016,2016-NOV,556,component,lmprs,
Dec,2016,,Southeast,7.0,"5,390",Producer Milk Components,AMS_3462,3462,Dairy FMMOS,DY-NA,Washington,DC,"Washington, DC",Washington,DC,FMMOS,FMMOS - non-mars,03/30/2021 14:12:00,2016,2016-NOV,414,component,lmprs,
Dec,2016,,Upper Midwest,30.0,"32,817",Producer Milk Components,AMS_3462,3462,Dairy FMMOS,DY-NA,Washington,DC,"Washington, DC",Washington,DC,FMMOS,FMMOS - non-mars,03/30/2021 14:12:00,2016,2016-NOV,"1,862",component,lmprs,
Dec,2016,,Southwest,126.0,"12,717",Producer Milk Components,AMS_3462,3462,Dairy FMMOS,DY-NA,Washington,DC,"Washington, DC",Washington,DC,FMMOS,FMMOS - non-mars,03/30/2021 14:12:00,2016,2016-NOV,580,component,lmprs,
Dec,2017,,Southwest,126.0,"13,092",Producer Milk Components,AMS_3462,3462,Dairy FMMOS,DY-NA,Washington,DC,"Washington, DC",Washington,DC,FMMOS,FMMOS - non-mars,03/30/2021 14:11:00,2017,2017-NOV,695,component,lmprs,
Dec,2017,,Upper Midwest,30.0,"32,312",Producer Milk Components,AMS_3462,3462,Dairy FMMOS,DY-NA,Washington,DC,"Washington, DC",Washington,DC,FMMOS,FMMOS - non-mars,03/30/2021 14:11:00,2017,2017-NOV,"2,099",component,lmprs,
Dec,2017,,Southeast,7.0,"5,452",Producer Milk Components,AMS_3462,3462,Dairy FMMOS,DY-NA,Washington,DC,"Washington, DC",Washington,DC,FMMOS,FMMOS - non-mars,03/30/2021 14:11:00,2017,2017-NOV,423,component,lmprs,
Dec,2017,,Pacific Northwest,124.0,"7,661",Producer Milk Components,AMS_3462,3462,Dairy FMMOS,DY-NA,Washington,DC,"Washington, DC",Washington,DC,FMMOS,FMMOS - non-mars,03/30/2021 14:11:00,2017,2017-NOV,582,component,lmprs,
Dec,2017,,Mideast,33.0,"20,241",Producer Milk Components,AMS_3462,3462,Dairy FMMOS,DY-NA,Washington,DC,"Washington, DC",Washington,DC,FMMOS,FMMOS - non-mars,03/30/2021 14:11:00,2017,2017-NOV,"1,486",component,lmprs,
Dec,2017,,Northeast,1.0,"27,397",Producer Milk Components,AMS_3462,3462,Dairy FMMOS,DY-NA,Washington,DC,"Washington, DC",Washington,DC,FMMOS,FMMOS - non-mars,03/30/2021 14:11:00,2017,2017-NOV,"2,181",component,lmprs,
Dec,2017,,Florida,6.0,"2,602",Producer Milk Components,AMS_3462,3462,Dairy FMMOS,DY-NA,Washington,DC,"Washington, DC",Washington,DC,FMMOS,FMMOS - non-mars,03/30/2021 14:11:00,2017,2017-NOV,218,component,lmprs,
Dec,2017,,Central,32.0,"15,879",Producer Milk Components,AMS_3462,3462,Dairy FMMOS,DY-NA,Washington,DC,"Washington, DC",Washington,DC,FMMOS,FMMOS - non-mars,03/30/2021 14:11:00,2017,2017-NOV,"1,016",component,lmprs,
Dec,2017,,Arizona,131.0,"5,065",Producer Milk Components,AMS_3462,3462,Dairy FMMOS,DY-NA,Washington,DC,"Washington, DC",Washington,DC,FMMOS,FMMOS - non-mars,03/30/2021 14:11:00,2017,2017-NOV,385,component,lmprs,
Dec,2017,,All Markets Combined,,"135,502",Producer Milk Components,AMS_3462,3462,Dairy FMMOS,DY-NA,Washington,DC,"Washington, DC",Washington,DC,FMMOS,FMMOS - non-mars,03/30/2021 14:11:00,2017,2017-NOV,"9,564",component,lmprs,
Dec,2017,,Appalachian,5.0,"5,801",Producer Milk Components,AMS_3462,3462,Dairy FMMOS,DY-NA,Washington,DC,"Washington, DC",Washington,DC,FMMOS,FMMOS - non-mars,03/30/2021 14:11:00,2017,2017-NOV,479,component,lmprs,
Dec,2018,,Appalachian,5.0,"5,734",Producer Milk Components,AMS_3462,3462,Dairy FMMOS,DY-NA,Washington,DC,"Washington, DC",Washington,DC,FMMOS,FMMOS - non-mars,03/30/2021 14:09:00,2018,2018-NOV,472,component,lmprs,
Dec,2018,,All Markets Combined,,"141,684",Producer Milk Components,AMS_3462,3462,Dairy FMMOS,DY-NA,Washington,DC,"Washington, DC",Washington,DC,FMMOS,FMMOS - non-mars,03/30/2021 14:09:00,2018,2018-NOV,"13,358",component,lmprs,
Dec,2018,,Arizona,131.0,"5,133",Producer Milk Components,AMS_3462,3462,Dairy FMMOS,DY-NA,Washington,DC,"Washington, DC",Washington,DC,FMMOS,FMMOS - non-mars,03/30/2021 14:09:00,2018,2018-NOV,414,component,lmprs,
Dec,2018,,Central,32.0,"16,604",Producer Milk Components,AMS_3462,3462,Dairy FMMOS,DY-NA,Washington,DC,"Washington, DC",Washington,DC,FMMOS,FMMOS - non-mars,03/30/2021 14:09:00,2018,2018-NOV,"1,422",component,lmprs,
Dec,2018,,California,51.0,"4,117",Producer Milk Components,AMS_3462,3462,Dairy FMMOS,DY-NA,Washington,DC,"Washington, DC",Washington,DC,FMMOS,FMMOS - non-mars,03/30/2021 14:09:00,2018,2018-NOV,"2,080",component,lmprs,
Dec,2018,,Florida,6.0,"2,565",Producer Milk Components,AMS_3462,3462,Dairy FMMOS,DY-NA,Washington,DC,"Washington, DC",Washington,DC,FMMOS,FMMOS - non-mars,03/30/2021 14:09:00,2018,2018-NOV,218,component,lmprs,
Dec,2018,,Northeast,1.0,"27,109",Producer Milk Components,AMS_3462,3462,Dairy FMMOS,DY-NA,Washington,DC,"Washington, DC",Washington,DC,FMMOS,FMMOS - non-mars,03/30/2021 14:09:00,2018,2018-NOV,"2,118",component,lmprs,
Dec,2018,,Mideast,33.0,"19,603",Producer Milk Components,AMS_3462,3462,Dairy FMMOS,DY-NA,Washington,DC,"Washington, DC",Washington,DC,FMMOS,FMMOS - non-mars,03/30/2021 14:09:00,2018,2018-NOV,"1,555",component,lmprs,
Dec,2018,,Pacific Northwest,124.0,"8,558",Producer Milk Components,AMS_3462,3462,Dairy FMMOS,DY-NA,Washington,DC,"Washington, DC",Washington,DC,FMMOS,FMMOS - non-mars,03/30/2021 14:09:00,2018,2018-NOV,724,component,lmprs,
Dec,2018,,Southeast,7.0,"5,209",Producer Milk Components,AMS_3462,3462,Dairy FMMOS,DY-NA,Washington,DC,"Washington, DC",Washington,DC,FMMOS,FMMOS - non-mars,03/30/2021 14:09:00,2018,2018-NOV,407,component,lmprs,
Dec,2018,,Upper Midwest,30.0,"33,323",Producer Milk Components,AMS_3462,3462,Dairy FMMOS,DY-NA,Washington,DC,"Washington, DC",Washington,DC,FMMOS,FMMOS - non-mars,03/30/2021 14:09:00,2018,2018-NOV,"2,699",component,lmprs,
Dec,2018,,Southwest,126.0,"13,727",Producer Milk Components,AMS_3462,3462,Dairy FMMOS,DY-NA,Washington,DC,"Washington, DC",Washington,DC,FMMOS,FMMOS - non-mars,03/30/2021 14:09:00,2018,2018-NOV,"1,250",component,lmprs,
Dec,2019,,Upper Midwest,30.0,"32,310",Producer Milk Components,AMS_3462,3462,Dairy FMMOS,DY-NA,Washington,DC,"Washington, DC",Washington,DC,FMMOS,FMMOS - non-mars,03/30/2021 14:09:00,2019,2019-NOV,"1,617",component,lmprs,
Dec,2019,,Southeast,7.0,"4,903",Producer Milk Components,AMS_3462,3462,Dairy FMMOS,DY-NA,Washington,DC,"Washington, DC",Washington,DC,FMMOS,FMMOS - non-mars,03/30/2021 14:09:00,2019,2019-NOV,337,component,lmprs,
Dec,2019,,Southwest,126.0,"12,900",Producer Milk Components,AMS_3462,3462,Dairy FMMOS,DY-NA,Washington,DC,"Washington, DC",Washington,DC,FMMOS,FMMOS - non-mars,03/30/2021 14:09:00,2019,2019-NOV,757,component,lmprs,
Dec,2019,,Pacific Northwest,124.0,"8,496",Producer Milk Components,AMS_3462,3462,Dairy FMMOS,DY-NA,Washington,DC,"Washington, DC",Washington,DC,FMMOS,FMMOS - non-mars,03/30/2021 14:09:00,2019,2019-NOV,602,component,lmprs,
Dec,2019,,Northeast,1.0,"26,752",Producer Milk Components,AMS_3462,3462,Dairy FMMOS,DY-NA,Washington,DC,"Washington, DC",Washington,DC,FMMOS,FMMOS - non-mars,03/30/2021 14:09:00,2019,2019-NOV,"2,075",component,lmprs,
Dec,2019,,Florida,6.0,"2,510",Producer Milk Components,AMS_3462,3462,Dairy FMMOS,DY-NA,Washington,DC,"Washington, DC",Washington,DC,FMMOS,FMMOS - non-mars,03/30/2021 14:09:00,2019,2019-NOV,180,component,lmprs,
Dec,2019,,Mideast,33.0,"18,942",Producer Milk Components,AMS_3462,3462,Dairy FMMOS,DY-NA,Washington,DC,"Washington, DC",Washington,DC,FMMOS,FMMOS - non-mars,03/30/2021 14:09:00,2019,2019-NOV,"1,323",component,lmprs,
Dec,2019,,California,51.0,"24,272",Producer Milk Components,AMS_3462,3462,Dairy FMMOS,DY-NA,Washington,DC,"Washington, DC",Washington,DC,FMMOS,FMMOS - non-mars,03/30/2021 14:09:00,2019,2019-NOV,"1,656",component,lmprs,
Dec,2019,,Central,32.0,"15,260",Producer Milk Components,AMS_3462,3462,Dairy FMMOS,DY-NA,Washington,DC,"Washington, DC",Washington,DC,FMMOS,FMMOS - non-mars,03/30/2021 14:09:00,2019,2019-NOV,852,component,lmprs,
Dec,2019,,Arizona,131.0,"4,840",Producer Milk Components,AMS_3462,3462,Dairy FMMOS,DY-NA,Washington,DC,"Washington, DC",Washington,DC,FMMOS,FMMOS - non-mars,03/30/2021 14:09:00,2019,2019-NOV,369,component,lmprs,
Dec,2019,,All Markets Combined,,"156,510",Producer Milk Components,AMS_3462,3462,Dairy FMMOS,DY-NA,Washington,DC,"Washington, DC",Washington,DC,FMMOS,FMMOS - non-mars,03/30/2021 14:09:00,2019,2019-NOV,"10,154",component,lmprs,
Dec,2019,,Appalachian,5.0,"5,327",Producer Milk Components,AMS_3462,3462,Dairy FMMOS,DY-NA,Washington,DC,"Washington, DC",Washington,DC,FMMOS,FMMOS - non-mars,03/30/2021 14:09:00,2019,2019-NOV,386,component,lmprs,
Dec,2020,,Appalachian,5.0,"5,322",Producer Milk Components,AMS_3462,3462,Dairy FMMOS,DY-NA,Washington,DC,"Washington, DC",Washington,DC,FMMOS,FMMOS - non-mars,02/23/2021 09:39:00,2020,2020-NOV,436,component,lmprs,
Dec,2020,,All Markets Combined,,"137,818",Producer Milk Components,AMS_3462,3462,Dairy FMMOS,DY-NA,Washington,DC,"Washington, DC",Washington,DC,FMMOS,FMMOS - non-mars,02/23/2021 09:39:00,2020,2020-NOV,"9,894",component,lmprs,
Dec,2020,,Arizona,131.0,"4,497",Producer Milk Components,AMS_3462,3462,Dairy FMMOS,DY-NA,Washington,DC,"Washington, DC",Washington,DC,FMMOS,FMMOS - non-mars,02/23/2021 09:39:00,2020,2020-NOV,316,component,lmprs,
Dec,2020,,Central,32.0,"13,315",Producer Milk Components,AMS_3462,3462,Dairy FMMOS,DY-NA,Washington,DC,"Washington, DC",Washington,DC,FMMOS,FMMOS - non-mars,02/23/2021 09:39:00,2020,2020-NOV,881,component,lmprs,
Dec,2020,,California,51.0,"23,004",Producer Milk Components,AMS_3462,3462,Dairy FMMOS,DY-NA,Washington,DC,"Washington, DC",Washington,DC,FMMOS,FMMOS - non-mars,02/23/2021 09:39:00,2020,2020-NOV,"1,843",component,lmprs,
Dec,2020,,Mideast,33.0,"17,982",Producer Milk Components,AMS_3462,3462,Dairy FMMOS,DY-NA,Washington,DC,"Washington, DC",Washington,DC,FMMOS,FMMOS - non-mars,02/23/2021 09:39:00,2020,2020-NOV,"1,249",component,lmprs,
Dec,2020,,Florida,6.0,"2,509",Producer Milk Components,AMS_3462,3462,Dairy FMMOS,DY-NA,Washington,DC,"Washington, DC",Washington,DC,FMMOS,FMMOS - non-mars,02/23/2021 09:39:00,2020,2020-NOV,214,component,lmprs,
Dec,2020,,Northeast,1.0,"26,824",Producer Milk Components,AMS_3462,3462,Dairy FMMOS,DY-NA,Washington,DC,"Washington, DC",Washington,DC,FMMOS,FMMOS - non-mars,02/23/2021 09:39:00,2020,2020-NOV,"2,188",component,lmprs,
Dec,2020,,Pacific Northwest,124.0,"7,682",Producer Milk Components,AMS_3462,3462,Dairy FMMOS,DY-NA,Washington,DC,"Washington, DC",Washington,DC,FMMOS,FMMOS - non-mars,02/23/2021 09:39:00,2020,2020-NOV,586,component,lmprs,
Dec,2020,,Southwest,126.0,"11,692",Producer Milk Components,AMS_3462,3462,Dairy FMMOS,DY-NA,Washington,DC,"Washington, DC",Washington,DC,FMMOS,FMMOS - non-mars,02/23/2021 09:39:00,2020,2020-NOV,910,component,lmprs,
Dec,2020,,Southeast,7.0,"4,700",Producer Milk Components,AMS_3462,3462,Dairy FMMOS,DY-NA,Washington,DC,"Washington, DC",Washington,DC,FMMOS,FMMOS - non-mars,02/23/2021 09:39:00,2020,2020-NOV,375,component,lmprs,
Dec,2020,,Upper Midwest,30.0,"20,290",Producer Milk Components,AMS_3462,3462,Dairy FMMOS,DY-NA,Washington,DC,"Washington, DC",Washington,DC,FMMOS,FMMOS - non-mars,02/23/2021 09:39:00,2020,2020-NOV,896,component,lmprs,
Dec,2021,,Southwest,126.0,"12,286",Producer Milk Components,AMS_3462,3462,Dairy FMMOS,DY-NA,Washington,DC,"Washington, DC",Washington,DC,FMMOS,FMMOS - non-mars,01/31/2022 07:17:00,2021,2021-NOV,"1,087",component,lmprs,
Dec,2021,,Pacific Northwest,124.0,"7,387",Producer Milk Components,AMS_3462,3462,Dairy FMMOS,DY-NA,Washington,DC,"Washington, DC",Washington,DC,FMMOS,FMMOS - non-mars,01/31/2022 07:17:00,2021,2021-NOV,549,component,lmprs,
Dec,2021,,Southeast,7.0,"4,581",Producer Milk Components,AMS_3462,3462,Dairy FMMOS,DY-NA,Washington,DC,"Washington, DC",Washington,DC,FMMOS,FMMOS - non-mars,01/31/2022 07:17:00,2021,2021-NOV,376,component,lmprs,
Dec,2021,,Northeast,1.0,"27,045",Producer Milk Components,AMS_3462,3462,Dairy FMMOS,DY-NA,Washington,DC,"Washington, DC",Washington,DC,FMMOS,FMMOS - non-mars,01/31/2022 07:17:00,2021,2021-NOV,"2,159",component,lmprs,
Dec,2021,,Mideast,33.0,"18,606",Producer Milk Components,AMS_3462,3462,Dairy FMMOS,DY-NA,Washington,DC,"Washington, DC",Washington,DC,FMMOS,FMMOS - non-mars,01/31/2022 07:17:00,2021,2021-NOV,"1,669",component,lmprs,
Dec,2021,,Central,32.0,"12,992",Producer Milk Components,AMS_3462,3462,Dairy FMMOS,DY-NA,Washington,DC,"Washington, DC",Washington,DC,FMMOS,FMMOS - non-mars,01/31/2022 07:17:00,2021,2021-NOV,"1,141",component,lmprs,
Dec,2021,,Florida,6.0,"2,444",Producer Milk Components,AMS_3462,3462,Dairy FMMOS,DY-NA,Washington,DC,"Washington, DC",Washington,DC,FMMOS,FMMOS - non-mars,01/31/2022 07:17:00,2021,2021-NOV,207,component,lmprs,
Dec,2021,,California,51.0,"23,803",Producer Milk Components,AMS_3462,3462,Dairy FMMOS,DY-NA,Washington,DC,"Washington, DC",Washington,DC,FMMOS,FMMOS - non-mars,01/31/2022 07:17:00,2021,2021-NOV,"2,076",component,lmprs,
Dec,2021,,Arizona,131.0,"4,461",Producer Milk Components,AMS_3462,3462,Dairy FMMOS,DY-NA,Washington,DC,"Washington, DC",Washington,DC,FMMOS,FMMOS - non-mars,01/31/2022 07:17:00,2021,2021-NOV,402,component,lmprs,
Dec,2021,,Appalachian,5.0,"5,289",Producer Milk Components,AMS_3462,3462,Dairy FMMOS,DY-NA,Washington,DC,"Washington, DC",Washington,DC,FMMOS,FMMOS - non-mars,01/31/2022 07:17:00,2021,2021-NOV,426,component,lmprs,
Dec,2021,,All Markets Combined,,"136,836",Producer Milk Components,AMS_3462,3462,Dairy FMMOS,DY-NA,Washington,DC,"Washington, DC",Washington,DC,FMMOS,FMMOS - non-mars,01/31/2022 07:17:00,2021,2021-NOV,"12,015",component,lmprs,
Dec,2021,,Upper Midwest,30.0,"17,940",Producer Milk Components,AMS_3462,3462,Dairy FMMOS,DY-NA,Washington,DC,"Washington, DC",Washington,DC,FMMOS,FMMOS - non-mars,01/31/2022 07:17:00,2021,2021-NOV,"1,923",component,lmprs,
Dec,2022,,Upper Midwest,30.0,"31,837",Producer Milk Components,AMS_3462,3462,Dairy FMMOS,DY-NA,Washington,DC,"Washington, DC",Washington,DC,FMMOS,FMMOS - non-mars,01/30/2023 07:36:00,2022,2022-NOV,"2,977",component,lmprs,
Dec,2022,,All Markets Combined,,"151,614",Producer Milk Components,AMS_3462,3462,Dairy FMMOS,DY-NA,Washington,DC,"Washington, DC",Washington,DC,FMMOS,FMMOS - non-mars,01/30/2023 07:36:00,2022,2022-NOV,"12,823",component,lmprs,
Dec,2022,,Appalachian,5.0,"5,420",Producer Milk Components,AMS_3462,3462,Dairy FMMOS,DY-NA,Washington,DC,"Washington, DC",Washington,DC,FMMOS,FMMOS - non-mars,01/30/2023 07:36:00,2022,2022-NOV,442,component,lmprs,
Dec,2022,,Arizona,131.0,"4,910",Producer Milk Components,AMS_3462,3462,Dairy FMMOS,DY-NA,Washington,DC,"Washington, DC",Washington,DC,FMMOS,FMMOS - non-mars,01/30/2023 07:36:00,2022,2022-NOV,417,component,lmprs,
Dec,2022,,California,51.0,"22,439",Producer Milk Components,AMS_3462,3462,Dairy FMMOS,DY-NA,Washington,DC,"Washington, DC",Washington,DC,FMMOS,FMMOS - non-mars,01/30/2023 07:36:00,2022,2022-NOV,"1,989",component,lmprs,
Dec,2022,,Florida,6.0,"2,483",Producer Milk Components,AMS_3462,3462,Dairy FMMOS,DY-NA,Washington,DC,"Washington, DC",Washington,DC,FMMOS,FMMOS - non-mars,01/30/2023 07:36:00,2022,2022-NOV,207,component,lmprs,
Dec,2022,,Central,32.0,"15,638",Producer Milk Components,AMS_3462,3462,Dairy FMMOS,DY-NA,Washington,DC,"Washington, DC",Washington,DC,FMMOS,FMMOS - non-mars,01/30/2023 07:36:00,2022,2022-NOV,"1,289",component,lmprs,
Dec,2022,,Mideast,33.0,"16,796",Producer Milk Components,AMS_3462,3462,Dairy FMMOS,DY-NA,Washington,DC,"Washington, DC",Washington,DC,FMMOS,FMMOS - non-mars,01/30/2023 07:36:00,2022,2022-NOV,"1,318",component,lmprs,
Dec,2022,,Northeast,1.0,"26,882",Producer Milk Components,AMS_3462,3462,Dairy FMMOS,DY-NA,Washington,DC,"Washington, DC",Washington,DC,FMMOS,FMMOS - non-mars,01/30/2023 07:36:00,2022,2022-NOV,"2,179",component,lmprs,
Dec,2022,,Southeast,7.0,"3,913",Producer Milk Components,AMS_3462,3462,Dairy FMMOS,DY-NA,Washington,DC,"Washington, DC",Washington,DC,FMMOS,FMMOS - non-mars,01/30/2023 07:36:00,2022,2022-NOV,307,component,lmprs,
Dec,2022,,Pacific Northwest,124.0,"7,583",Producer Milk Components,AMS_3462,3462,Dairy FMMOS,DY-NA,Washington,DC,"Washington, DC",Washington,DC,FMMOS,FMMOS - non-mars,01/30/2023 07:36:00,2022,2022-NOV,585,component,lmprs,
Dec,2022,,Southwest,126.0,"13,714",Producer Milk Components,AMS_3462,3462,Dairy FMMOS,DY-NA,Washington,DC,"Washington, DC",Washington,DC,FMMOS,FMMOS - non-mars,01/30/2023 07:36:00,2022,2022-NOV,"1,112",component,lmprs,
Dec,2023,,Southwest,126.0,"13,640",Producer Milk Components,AMS_3462,3462,Dairy FMMOS,DY-NA,Washington,DC,"Washington, DC",Washington,DC,FMMOS,FMMOS - non-mars,01/30/2024 09:42:00,2023,2023-NOV,"1,025",component,lmprs,
Dec,2023,,Pacific Northwest,124.0,"7,650",Producer Milk Components,AMS_3462,3462,Dairy FMMOS,DY-NA,Washington,DC,"Washington, DC",Washington,DC,FMMOS,FMMOS - non-mars,01/30/2024 09:42:00,2023,2023-NOV,583,component,lmprs,
Dec,2023,,Southeast,7.0,"3,538",Producer Milk Components,AMS_3462,3462,Dairy FMMOS,DY-NA,Washington,DC,"Washington, DC",Washington,DC,FMMOS,FMMOS - non-mars,01/30/2024 09:42:00,2023,2023-NOV,268,component,lmprs,
Dec,2023,,Northeast,1.0,"27,260",Producer Milk Components,AMS_3462,3462,Dairy FMMOS,DY-NA,Washington,DC,"Washington, DC",Washington,DC,FMMOS,FMMOS - non-mars,01/30/2024 09:42:00,2023,2023-NOV,"2,163",component,lmprs,
Dec,2023,,Mideast,33.0,"17,761",Producer Milk Components,AMS_3462,3462,Dairy FMMOS,DY-NA,Washington,DC,"Washington, DC",Washington,DC,FMMOS,FMMOS - non-mars,01/30/2024 09:42:00,2023,2023-NOV,"1,485",component,lmprs,
Dec,2023,,Central,32.0,"16,053",Producer Milk Components,AMS_3462,3462,Dairy FMMOS,DY-NA,Washington,DC,"Washington, DC",Washington,DC,FMMOS,FMMOS - non-mars,01/30/2024 09:42:00,2023,2023-NOV,"1,226",component,lmprs,
Dec,2023,,Florida,6.0,"2,506",Producer Milk Components,AMS_3462,3462,Dairy FMMOS,DY-NA,Washington,DC,"Washington, DC",Washington,DC,FMMOS,FMMOS - non-mars,01/30/2024 09:42:00,2023,2023-NOV,212,component,lmprs,
Dec,2023,,California,51.0,"26,418",Producer Milk Components,AMS_3462,3462,Dairy FMMOS,DY-NA,Washington,DC,"Washington, DC",Washington,DC,FMMOS,FMMOS - non-mars,01/30/2024 09:42:00,2023,2023-NOV,"1,954",component,lmprs,
Dec,2023,,Arizona,131.0,"5,149",Producer Milk Components,AMS_3462,3462,Dairy FMMOS,DY-NA,Washington,DC,"Washington, DC",Washington,DC,FMMOS,FMMOS - non-mars,01/30/2024 09:42:00,2023,2023-NOV,424,component,lmprs,
Dec,2023,,Appalachian,5.0,"5,428",Producer Milk Components,AMS_3462,3462,Dairy FMMOS,DY-NA,Washington,DC,"Washington, DC",Washington,DC,FMMOS,FMMOS - non-mars,01/30/2024 09:42:00,2023,2023-NOV,451,component,lmprs,
Dec,2023,,All Markets Combined,,"158,448",Producer Milk Components,AMS_3462,3462,Dairy FMMOS,DY-NA,Washington,DC,"Washington, DC",Washington,DC,FMMOS,FMMOS - non-mars,01/30/2024 09:42:00,2023,2023-NOV,"12,386",component,lmprs,
Dec,2023,,Upper Midwest,30.0,"33,045",Producer Milk Components,AMS_3462,3462,Dairy FMMOS,DY-NA,Washington,DC,"Washington, DC",Washington,DC,FMMOS,FMMOS - non-mars,01/30/2024 09:42:00,2023,2023-NOV,"2,595",component,lmprs,
Dec,2024,,Upper Midwest,30.0,"28,285",Producer Milk Components,AMS_3462,3462,Dairy FMMOS,DY-NA,Washington,DC,"Washington, DC",Washington,DC,FMMOS,FMMOS - non-mars,01/23/2025 09:07:00,2024,2024-NOV,"1,818",component,lmprs,
Dec,2024,,All Markets Combined,,"146,628",Producer Milk Components,AMS_3462,3462,Dairy FMMOS,DY-NA,Washington,DC,"Washington, DC",Washington,DC,FMMOS,FMMOS - non-mars,01/23/2025 09:07:00,2024,2024-NOV,"11,754",component,lmprs,
Dec,2024,,Appalachian,5.0,"5,301",Producer Milk Components,AMS_3462,3462,Dairy FMMOS,DY-NA,Washington,DC,"Washington, DC",Washington,DC,FMMOS,FMMOS - non-mars,01/23/2025 09:07:00,2024,2024-NOV,435,component,lmprs,
Dec,2024,,Arizona,131.0,"4,186",Producer Milk Components,AMS_3462,3462,Dairy FMMOS,DY-NA,Washington,DC,"Washington, DC",Washington,DC,FMMOS,FMMOS - non-mars,01/23/2025 09:07:00,2024,2024-NOV,319,component,lmprs,
Dec,2024,,California,51.0,"23,224",Producer Milk Components,AMS_3462,3462,Dairy FMMOS,DY-NA,Washington,DC,"Washington, DC",Washington,DC,FMMOS,FMMOS - non-mars,01/23/2025 09:07:00,2024,2024-NOV,"1,743",component,lmprs,
Dec,2024,,Florida,6.0,"2,524",Producer Milk Components,AMS_3462,3462,Dairy FMMOS,DY-NA,Washington,DC,"Washington, DC",Washington,DC,FMMOS,FMMOS - non-mars,01/23/2025 09:07:00,2024,2024-NOV,213,component,lmprs,
Dec,2024,,Central,32.0,"14,608",Producer Milk Components,AMS_3462,3462,Dairy FMMOS,DY-NA,Washington,DC,"Washington, DC",Washington,DC,FMMOS,FMMOS - non-mars,01/23/2025 09:07:00,2024,2024-NOV,"1,238",component,lmprs,
Dec,2024,,Mideast,33.0,"18,182",Producer Milk Components,AMS_3462,3462,Dairy FMMOS,DY-NA,Washington,DC,"Washington, DC",Washington,DC,FMMOS,FMMOS - non-mars,01/23/2025 09:07:00,2024,2024-NOV,"1,762",component,lmprs,
Dec,2024,,Northeast,1.0,"26,949",Producer Milk Components,AMS_3462,3462,Dairy FMMOS,DY-NA,Washington,DC,"Washington, DC",Washington,DC,FMMOS,FMMOS - non-mars,01/23/2025 09:07:00,2024,2024-NOV,"2,179",component,lmprs,
Dec,2024,,Southeast,7.0,"3,497",Producer Milk Components,AMS_3462,3462,Dairy FMMOS,DY-NA,Washington,DC,"Washington, DC",Washington,DC,FMMOS,FMMOS - non-mars,01/23/2025 09:07:00,2024,2024-NOV,278,component,lmprs,
Dec,2024,,Pacific Northwest,124.0,"7,231",Producer Milk Components,AMS_3462,3462,Dairy FMMOS,DY-NA,Washington,DC,"Washington, DC",Washington,DC,FMMOS,FMMOS - non-mars,01/23/2025 09:07:00,2024,2024-NOV,644,component,lmprs,
Dec,2024,,Southwest,126.0,"12,641",Producer Milk Components,AMS_3462,3462,Dairy FMMOS,DY-NA,Washington,DC,"Washington, DC",Washington,DC,FMMOS,FMMOS - non-mars,01/23/2025 09:07:00,2024,2024-NOV,"1,127",component,lmprs,
Dec,2025,,Southwest,126.0,"12,960",Producer Milk Components,AMS_3462,3462,Dairy FMMOS,DY-NA,Washington,DC,"Washington, DC",Washington,DC,FMMOS,FMMOS - non-mars,01/21/2026 11:39:00,2025,2025-NOV,816,component,lmprs,
Dec,2025,,Pacific Northwest,124.0,"6,760",Producer Milk Components,AMS_3462,3462,Dairy FMMOS,DY-NA,Washington,DC,"Washington, DC",Washington,DC,FMMOS,FMMOS - non-mars,01/21/2026 11:39:00,2025,2025-NOV,504,component,lmprs,
Dec,2025,,Southeast,7.0,"3,435",Producer Milk Components,AMS_3462,3462,Dairy FMMOS,DY-NA,Washington,DC,"Washington, DC",Washington,DC,FMMOS,FMMOS - non-mars,01/21/2026 11:39:00,2025,2025-NOV,274,component,lmprs,
Dec,2025,,Northeast,1.0,"27,624",Producer Milk Components,AMS_3462,3462,Dairy FMMOS,DY-NA,Washington,DC,"Washington, DC",Washington,DC,FMMOS,FMMOS - non-mars,01/21/2026 11:39:00,2025,2025-NOV,"2,215",component,lmprs,
Dec,2025,,Mideast,33.0,"20,705",Producer Milk Components,AMS_3462,3462,Dairy FMMOS,DY-NA,Washington,DC,"Washington, DC",Washington,DC,FMMOS,FMMOS - non-mars,01/21/2026 11:39:00,2025,2025-NOV,"1,505",component,lmprs,
Dec,2025,,Central,32.0,"13,960",Producer Milk Components,AMS_3462,3462,Dairy FMMOS,DY-NA,Washington,DC,"Washington, DC",Washington,DC,FMMOS,FMMOS - non-mars,01/21/2026 11:39:00,2025,2025-NOV,812,component,lmprs,
Dec,2025,,Florida,6.0,"2,511",Producer Milk Components,AMS_3462,3462,Dairy FMMOS,DY-NA,Washington,DC,"Washington, DC",Washington,DC,FMMOS,FMMOS - non-mars,01/21/2026 11:39:00,2025,2025-NOV,212,component,lmprs,
Dec,2025,,California,51.0,"26,675",Producer Milk Components,AMS_3462,3462,Dairy FMMOS,DY-NA,Washington,DC,"Washington, DC",Washington,DC,FMMOS,FMMOS - non-mars,01/21/2026 11:39:00,2025,2025-NOV,"1,794",component,lmprs,
Dec,2025,,Arizona,131.0,"4,224",Producer Milk Components,AMS_3462,3462,Dairy FMMOS,DY-NA,Washington,DC,"Washington, DC",Washington,DC,FMMOS,FMMOS - non-mars,01/21/2026 11:39:00,2025,2025-NOV,334,component,lmprs,
Dec,2025,,Appalachian,5.0,"5,088",Producer Milk Components,AMS_3462,3462,Dairy FMMOS,DY-NA,Washington,DC,"Washington, DC",Washington,DC,FMMOS,FMMOS - non-mars,01/21/2026 11:39:00,2025,2025-NOV,417,component,lmprs,
Dec,2025,,All Markets Combined,,"148,750",Producer Milk Components,AMS_3462,3462,Dairy FMMOS,DY-NA,Washington,DC,"Washington, DC",Washington,DC,FMMOS,FMMOS - non-mars,01/21/2026 11:39:00,2025,2025-NOV,"10,120",component,lmprs,
Dec,2025,,Upper Midwest,30.0,"24,808",Producer Milk Components,AMS_3462,3462,Dairy FMMOS,DY-NA,Washington,DC,"Washington, DC",Washington,DC,FMMOS,FMMOS - non-mars,01/21/2026 11:39:00,2025,2025-NOV,"1,236",component,lmprs,
Mar,2026,,Upper Midwest,30.0,"5,226",Producer Milk Components,AMS_3462,3462,Dairy FMMOS,DY-NA,Washington,DC,"Washington, DC",Washington,DC,FMMOS,FMMOS - non-mars,04/21/2026 05:48:00,2026,2026-NOV,,component,lmprs,
Mar,2026,,All Markets Combined,,"35,299",Producer Milk Components,AMS_3462,3462,Dairy FMMOS,DY-NA,Washington,DC,"Washington, DC",Washington,DC,FMMOS,FMMOS - non-mars,04/21/2026 05:48:00,2026,2026-NOV,,component,lmprs,
Mar,2026,,Appalachian,5.0,"1,271",Producer Milk Components,AMS_3462,3462,Dairy FMMOS,DY-NA,Washington,DC,"Washington, DC",Washington,DC,FMMOS,FMMOS - non-mars,04/21/2026 05:48:00,2026,2026-NOV,,component,lmprs,
Mar,2026,,Arizona,131.0,"1,072",Producer Milk Components,AMS_3462,3462,Dairy FMMOS,DY-NA,Washington,DC,"Washington, DC",Washington,DC,FMMOS,FMMOS - non-mars,04/21/2026 05:48:00,2026,2026-NOV,,component,lmprs,
Mar,2026,,California,51.0,"5,543",Producer Milk Components,AMS_3462,3462,Dairy FMMOS,DY-NA,Washington,DC,"Washington, DC",Washington,DC,FMMOS,FMMOS - non-mars,04/21/2026 05:48:00,2026,2026-NOV,,component,lmprs,
Mar,2026,,Florida,6.0,674,Producer Milk Components,AMS_3462,3462,Dairy FMMOS,DY-NA,Washington,DC,"Washington, DC",Washington,DC,FMMOS,FMMOS - non-mars,04/21/2026 05:48:00,2026,2026-NOV,,component,lmprs,
Mar,2026,,Central,32.0,"3,511",Producer Milk Components,AMS_3462,3462,Dairy FMMOS,DY-NA,Washington,DC,"Washington, DC",Washington,DC,FMMOS,FMMOS - non-mars,04/21/2026 05:48:00,2026,2026-NOV,,component,lmprs,
Mar,2026,,Mideast,33.0,"5,415",Producer Milk Components,AMS_3462,3462,Dairy FMMOS,DY-NA,Washington,DC,"Washington, DC",Washington,DC,FMMOS,FMMOS - non-mars,04/21/2026 05:48:00,2026,2026-NOV,,component,lmprs,
Mar,2026,,Northeast,1.0,"6,894",Producer Milk Components,AMS_3462,3462,Dairy FMMOS,DY-NA,Washington,DC,"Washington, DC",Washington,DC,FMMOS,FMMOS - non-mars,04/21/2026 05:48:00,2026,2026-NOV,,component,lmprs,
Mar,2026,,Southeast,7.0,823,Producer Milk Components,AMS_3462,3462,Dairy FMMOS,DY-NA,Washington,DC,"Washington, DC",Washington,DC,FMMOS,FMMOS - non-mars,04/21/2026 05:48:00,2026,2026-NOV,,component,lmprs,
Mar,2026,,Pacific Northwest,124.0,"1,132",Producer Milk Components,AMS_3462,3462,Dairy FMMOS,DY-NA,Washington,DC,"Washington, DC",Washington,DC,FMMOS,FMMOS - non-mars,04/21/2026 05:48:00,2026,2026-NOV,,component,lmprs,
Mar,2026,,Southwest,126.0,"3,738",Producer Milk Components,AMS_3462,3462,Dairy FMMOS,DY-NA,Washington,DC,"Washington, DC",Washington,DC,FMMOS,FMMOS - non-mars,04/21/2026 05:48:00,2026,2026-NOV,,component,lmprs,
Dec,2000,,All Markets Combined,,"116,923",Producer Milk Components,AMS_3462,3462,Dairy FMMOS,DY-NA,Washington,DC,"Washington, DC",Washington,DC,FMMOS,FMMOS - non-mars,04/09/2021 07:48:00,2000,2000-DEC,"9,437",component,lmprs,
Dec,2000,,Appalachian,5.0,"6,318",Producer Milk Components,AMS_3462,3462,Dairy FMMOS,DY-NA,Washington,DC,"Washington, DC",Washington,DC,FMMOS,FMMOS - non-mars,04/09/2021 07:48:00,2000,2000-DEC,558,component,lmprs,
Dec,2000,,Arizona,131.0,"3,110",Producer Milk Components,AMS_3462,3462,Dairy FMMOS,DY-NA,Washington,DC,"Washington, DC",Washington,DC,FMMOS,FMMOS - non-mars,04/09/2021 07:48:00,2000,2000-DEC,251,component,lmprs,
Dec,2000,,Central,32.0,"16,036",Producer Milk Components,AMS_3462,3462,Dairy FMMOS,DY-NA,Washington,DC,"Washington, DC",Washington,DC,FMMOS,FMMOS - non-mars,04/09/2021 07:48:00,2000,2000-DEC,"1,403",component,lmprs,
Dec,2000,,Florida,6.0,"2,867",Producer Milk Components,AMS_3462,3462,Dairy FMMOS,DY-NA,Washington,DC,"Washington, DC",Washington,DC,FMMOS,FMMOS - non-mars,04/09/2021 07:48:00,2000,2000-DEC,253,component,lmprs,
Dec,2000,,Mideast,33.0,"14,181",Producer Milk Components,AMS_3462,3462,Dairy FMMOS,DY-NA,Washington,DC,"Washington, DC",Washington,DC,FMMOS,FMMOS - non-mars,04/09/2021 07:48:00,2000,2000-DEC,"1,246",component,lmprs,
Dec,2000,,Northeast,1.0,"23,972",Producer Milk Components,AMS_3462,3462,Dairy FMMOS,DY-NA,Washington,DC,"Washington, DC",Washington,DC,FMMOS,FMMOS - non-mars,04/09/2021 07:48:00,2000,2000-DEC,"1,954",component,lmprs,
Dec,2000,,Pacific Northwest,124.0,"6,776",Producer Milk Components,AMS_3462,3462,Dairy FMMOS,DY-NA,Washington,DC,"Washington, DC",Washington,DC,FMMOS,FMMOS - non-mars,04/09/2021 07:48:00,2000,2000-DEC,532,component,lmprs,
Dec,2000,,Southeast,7.0,"7,487",Producer Milk Components,AMS_3462,3462,Dairy FMMOS,DY-NA,Washington,DC,"Washington, DC",Washington,DC,FMMOS,FMMOS - non-mars,04/09/2021 07:48:00,2000,2000-DEC,619,component,lmprs,
Dec,2000,,Southwest,126.0,"8,713",Producer Milk Components,AMS_3462,3462,Dairy FMMOS,DY-NA,Washington,DC,"Washington, DC",Washington,DC,FMMOS,FMMOS - non-mars,04/09/2021 07:48:00,2000,2000-DEC,662,component,lmprs,
Dec,2000,,Upper Midwest,30.0,"23,415",Producer Milk Components,AMS_3462,3462,Dairy FMMOS,DY-NA,Washington,DC,"Washington, DC",Washington,DC,FMMOS,FMMOS - non-mars,04/09/2021 07:48:00,2000,2000-DEC,"1,657",component,lmprs,
Dec,2000,,Western,135.0,"4,048",Producer Milk Components,AMS_3462,3462,Dairy FMMOS,DY-NA,Washington,DC,"Washington, DC",Washington,DC,FMMOS,FMMOS - non-mars,04/09/2021 07:48:00,2000,2000-DEC,301,component,lmprs,
Dec,2001,,Western,135.0,"4,677",Producer Milk Components,AMS_3462,3462,Dairy FMMOS,DY-NA,Washington,DC,"Washington, DC",Washington,DC,FMMOS,FMMOS - non-mars,04/09/2021 07:46:00,2001,2001-DEC,461,component,lmprs,
Dec,2001,,Upper Midwest,30.0,"20,062",Producer Milk Components,AMS_3462,3462,Dairy FMMOS,DY-NA,Washington,DC,"Washington, DC",Washington,DC,FMMOS,FMMOS - non-mars,04/09/2021 07:46:00,2001,2001-DEC,"1,834",component,lmprs,
Dec,2001,,Southwest,126.0,"8,604",Producer Milk Components,AMS_3462,3462,Dairy FMMOS,DY-NA,Washington,DC,"Washington, DC",Washington,DC,FMMOS,FMMOS - non-mars,04/09/2021 07:46:00,2001,2001-DEC,767,component,lmprs,
Dec,2001,,Southeast,7.0,"7,769",Producer Milk Components,AMS_3462,3462,Dairy FMMOS,DY-NA,Washington,DC,"Washington, DC",Washington,DC,FMMOS,FMMOS - non-mars,04/09/2021 07:46:00,2001,2001-DEC,699,component,lmprs,
Dec,2001,,Pacific Northwest,124.0,"7,088",Producer Milk Components,AMS_3462,3462,Dairy FMMOS,DY-NA,Washington,DC,"Washington, DC",Washington,DC,FMMOS,FMMOS - non-mars,04/09/2021 07:46:00,2001,2001-DEC,620,component,lmprs,
Dec,2001,,Northeast,1.0,"24,557",Producer Milk Components,AMS_3462,3462,Dairy FMMOS,DY-NA,Washington,DC,"Washington, DC",Washington,DC,FMMOS,FMMOS - non-mars,04/09/2021 07:46:00,2001,2001-DEC,"2,078",component,lmprs,
Dec,2001,,Mideast,33.0,"17,229",Producer Milk Components,AMS_3462,3462,Dairy FMMOS,DY-NA,Washington,DC,"Washington, DC",Washington,DC,FMMOS,FMMOS - non-mars,04/09/2021 07:46:00,2001,2001-DEC,"1,559",component,lmprs,
Dec,2001,,Florida,6.0,"2,772",Producer Milk Components,AMS_3462,3462,Dairy FMMOS,DY-NA,Washington,DC,"Washington, DC",Washington,DC,FMMOS,FMMOS - non-mars,04/09/2021 07:46:00,2001,2001-DEC,230,component,lmprs,
Dec,2001,,Central,32.0,"17,836",Producer Milk Components,AMS_3462,3462,Dairy FMMOS,DY-NA,Washington,DC,"Washington, DC",Washington,DC,FMMOS,FMMOS - non-mars,04/09/2021 07:46:00,2001,2001-DEC,"1,523",component,lmprs,
Dec,2001,,Arizona,131.0,"2,956",Producer Milk Components,AMS_3462,3462,Dairy FMMOS,DY-NA,Washington,DC,"Washington, DC",Washington,DC,FMMOS,FMMOS - non-mars,04/09/2021 07:46:00,2001,2001-DEC,245,component,lmprs,
Dec,2001,,Appalachian,5.0,"6,673",Producer Milk Components,AMS_3462,3462,Dairy FMMOS,DY-NA,Washington,DC,"Washington, DC",Washington,DC,FMMOS,FMMOS - non-mars,04/09/2021 07:46:00,2001,2001-DEC,558,component,lmprs,
Dec,2001,,All Markets Combined,,"120,223",Producer Milk Components,AMS_3462,3462,Dairy FMMOS,DY-NA,Washington,DC,"Washington, DC",Washington,DC,FMMOS,FMMOS - non-mars,04/09/2021 07:46:00,2001,2001-DEC,"10,573",component,lmprs,
Dec,2002,,All Markets Combined,,"125,546",Producer Milk Components,AMS_3462,3462,Dairy FMMOS,DY-NA,Washington,DC,"Washington, DC",Washington,DC,FMMOS,FMMOS - non-mars,04/09/2021 07:46:00,2002,2002-DEC,"10,479",component,lmprs,
Dec,2002,,Appalachian,5.0,"6,706",Producer Milk Components,AMS_3462,3462,Dairy FMMOS,DY-NA,Washington,DC,"Washington, DC",Washington,DC,FMMOS,FMMOS - non-mars,04/09/2021 07:46:00,2002,2002-DEC,558,component,lmprs,
Dec,2002,,Arizona,131.0,"3,027",Producer Milk Components,AMS_3462,3462,Dairy FMMOS,DY-NA,Washington,DC,"Washington, DC",Washington,DC,FMMOS,FMMOS - non-mars,04/09/2021 07:46:00,2002,2002-DEC,257,component,lmprs,
Dec,2002,,Central,32.0,"18,700",Producer Milk Components,AMS_3462,3462,Dairy FMMOS,DY-NA,Washington,DC,"Washington, DC",Washington,DC,FMMOS,FMMOS - non-mars,04/09/2021 07:46:00,2002,2002-DEC,"1,637",component,lmprs,
Dec,2002,,Florida,6.0,"2,693",Producer Milk Components,AMS_3462,3462,Dairy FMMOS,DY-NA,Washington,DC,"Washington, DC",Washington,DC,FMMOS,FMMOS - non-mars,04/09/2021 07:46:00,2002,2002-DEC,245,component,lmprs,
Dec,2002,,Mideast,33.0,"17,739",Producer Milk Components,AMS_3462,3462,Dairy FMMOS,DY-NA,Washington,DC,"Washington, DC",Washington,DC,FMMOS,FMMOS - non-mars,04/09/2021 07:46:00,2002,2002-DEC,"1,364",component,lmprs,
Dec,2002,,Northeast,1.0,"25,358",Producer Milk Components,AMS_3462,3462,Dairy FMMOS,DY-NA,Washington,DC,"Washington, DC",Washington,DC,FMMOS,FMMOS - non-mars,04/09/2021 07:46:00,2002,2002-DEC,"2,092",component,lmprs,
Dec,2002,,Pacific Northwest,124.0,"7,824",Producer Milk Components,AMS_3462,3462,Dairy FMMOS,DY-NA,Washington,DC,"Washington, DC",Washington,DC,FMMOS,FMMOS - non-mars,04/09/2021 07:46:00,2002,2002-DEC,654,component,lmprs,
Dec,2002,,Southeast,7.0,"7,927",Producer Milk Components,AMS_3462,3462,Dairy FMMOS,DY-NA,Washington,DC,"Washington, DC",Washington,DC,FMMOS,FMMOS - non-mars,04/09/2021 07:46:00,2002,2002-DEC,605,component,lmprs,
Dec,2002,,Southwest,126.0,"9,714",Producer Milk Components,AMS_3462,3462,Dairy FMMOS,DY-NA,Washington,DC,"Washington, DC",Washington,DC,FMMOS,FMMOS - non-mars,04/09/2021 07:46:00,2002,2002-DEC,794,component,lmprs,
Dec,2002,,Upper Midwest,30.0,"20,307",Producer Milk Components,AMS_3462,3462,Dairy FMMOS,DY-NA,Washington,DC,"Washington, DC",Washington,DC,FMMOS,FMMOS - non-mars,04/09/2021 07:46:00,2002,2002-DEC,"1,825",component,lmprs,
Dec,2002,,Western,135.0,"5,552",Producer Milk Components,AMS_3462,3462,Dairy FMMOS,DY-NA,Washington,DC,"Washington, DC",Washington,DC,FMMOS,FMMOS - non-mars,04/09/2021 07:46:00,2002,2002-DEC,448,component,lmprs,
Dec,2003,,Western,135.0,"4,573",Producer Milk Components,AMS_3462,3462,Dairy FMMOS,DY-NA,Washington,DC,"Washington, DC",Washington,DC,FMMOS,FMMOS - non-mars,04/09/2021 07:46:00,2003,2003-DEC,436,component,lmprs,
Dec,2003,,Upper Midwest,30.0,"17,018",Producer Milk Components,AMS_3462,3462,Dairy FMMOS,DY-NA,Washington,DC,"Washington, DC",Washington,DC,FMMOS,FMMOS - non-mars,04/09/2021 07:46:00,2003,2003-DEC,"2,128",component,lmprs,
Dec,2003,,Southwest,126.0,"9,174",Producer Milk Components,AMS_3462,3462,Dairy FMMOS,DY-NA,Washington,DC,"Washington, DC",Washington,DC,FMMOS,FMMOS - non-mars,04/09/2021 07:46:00,2003,2003-DEC,820,component,lmprs,
Dec,2003,,Southeast,7.0,"7,071",Producer Milk Components,AMS_3462,3462,Dairy FMMOS,DY-NA,Washington,DC,"Washington, DC",Washington,DC,FMMOS,FMMOS - non-mars,04/09/2021 07:46:00,2003,2003-DEC,620,component,lmprs,
Dec,2003,,Northeast,1.0,"24,038",Producer Milk Components,AMS_3462,3462,Dairy FMMOS,DY-NA,Washington,DC,"Washington, DC",Washington,DC,FMMOS,FMMOS - non-mars,04/09/2021 07:46:00,2003,2003-DEC,"2,015",component,lmprs,
Dec,2003,,Pacific Northwest,124.0,"6,336",Producer Milk Components,AMS_3462,3462,Dairy FMMOS,DY-NA,Washington,DC,"Washington, DC",Washington,DC,FMMOS,FMMOS - non-mars,04/09/2021 07:46:00,2003,2003-DEC,615,component,lmprs,
Dec,2003,,Mideast,33.0,"15,750",Producer Milk Components,AMS_3462,3462,Dairy FMMOS,DY-NA,Washington,DC,"Washington, DC",Washington,DC,FMMOS,FMMOS - non-mars,04/09/2021 07:46:00,2003,2003-DEC,"1,456",component,lmprs,
Dec,2003,,Florida,6.0,"2,833",Producer Milk Components,AMS_3462,3462,Dairy FMMOS,DY-NA,Washington,DC,"Washington, DC",Washington,DC,FMMOS,FMMOS - non-mars,04/09/2021 07:46:00,2003,2003-DEC,251,component,lmprs,
Dec,2003,,Arizona,131.0,"3,061",Producer Milk Components,AMS_3462,3462,Dairy FMMOS,DY-NA,Washington,DC,"Washington, DC",Washington,DC,FMMOS,FMMOS - non-mars,04/09/2021 07:46:00,2003,2003-DEC,260,component,lmprs,
Dec,2003,,Central,32.0,"14,411",Producer Milk Components,AMS_3462,3462,Dairy FMMOS,DY-NA,Washington,DC,"Washington, DC",Washington,DC,FMMOS,FMMOS - non-mars,04/09/2021 07:46:00,2003,2003-DEC,"1,240",component,lmprs,
Dec,2003,,Appalachian,5.0,"6,315",Producer Milk Components,AMS_3462,3462,Dairy FMMOS,DY-NA,Washington,DC,"Washington, DC",Washington,DC,FMMOS,FMMOS - non-mars,04/09/2021 07:46:00,2003,2003-DEC,552,component,lmprs,
Dec,2003,,All Markets Combined,,"110,581",Producer Milk Components,AMS_3462,3462,Dairy FMMOS,DY-NA,Washington,DC,"Washington, DC",Washington,DC,FMMOS,FMMOS - non-mars,04/09/2021 07:46:00,2003,2003-DEC,"10,394",component,lmprs,
Dec,2004,,All Markets Combined,,"103,047",Producer Milk Components,AMS_3462,3462,Dairy FMMOS,DY-NA,Washington,DC,"Washington, DC",Washington,DC,FMMOS,FMMOS - non-mars,04/09/2021 07:44:00,2004,2004-DEC,"6,893",component,lmprs,
Dec,2004,,Appalachian,5.0,"6,203",Producer Milk Components,AMS_3462,3462,Dairy FMMOS,DY-NA,Washington,DC,"Washington, DC",Washington,DC,FMMOS,FMMOS - non-mars,04/09/2021 07:44:00,2004,2004-DEC,488,component,lmprs,
Dec,2004,,Central,32.0,"11,589",Producer Milk Components,AMS_3462,3462,Dairy FMMOS,DY-NA,Washington,DC,"Washington, DC",Washington,DC,FMMOS,FMMOS - non-mars,04/09/2021 07:44:00,2004,2004-DEC,713,component,lmprs,
Dec,2004,,Arizona,131.0,"2,901",Producer Milk Components,AMS_3462,3462,Dairy FMMOS,DY-NA,Washington,DC,"Washington, DC",Washington,DC,FMMOS,FMMOS - non-mars,04/09/2021 07:44:00,2004,2004-DEC,247,component,lmprs,
Dec,2004,,Florida,6.0,"2,873",Producer Milk Components,AMS_3462,3462,Dairy FMMOS,DY-NA,Washington,DC,"Washington, DC",Washington,DC,FMMOS,FMMOS - non-mars,04/09/2021 07:44:00,2004,2004-DEC,260,component,lmprs,
Dec,2004,,Mideast,33.0,"15,940",Producer Milk Components,AMS_3462,3462,Dairy FMMOS,DY-NA,Washington,DC,"Washington, DC",Washington,DC,FMMOS,FMMOS - non-mars,04/09/2021 07:44:00,2004,2004-DEC,984,component,lmprs,
Dec,2004,,Pacific Northwest,124.0,"6,518",Producer Milk Components,AMS_3462,3462,Dairy FMMOS,DY-NA,Washington,DC,"Washington, DC",Washington,DC,FMMOS,FMMOS - non-mars,04/09/2021 07:44:00,2004,2004-DEC,442,component,lmprs,
Dec,2004,,Northeast,1.0,"22,670",Producer Milk Components,AMS_3462,3462,Dairy FMMOS,DY-NA,Washington,DC,"Washington, DC",Washington,DC,FMMOS,FMMOS - non-mars,04/09/2021 07:44:00,2004,2004-DEC,"1,894",component,lmprs,
Dec,2004,,Southeast,7.0,"7,164",Producer Milk Components,AMS_3462,3462,Dairy FMMOS,DY-NA,Washington,DC,"Washington, DC",Washington,DC,FMMOS,FMMOS - non-mars,04/09/2021 07:44:00,2004,2004-DEC,565,component,lmprs,
Dec,2004,,Southwest,126.0,"8,790",Producer Milk Components,AMS_3462,3462,Dairy FMMOS,DY-NA,Washington,DC,"Washington, DC",Washington,DC,FMMOS,FMMOS - non-mars,04/09/2021 07:44:00,2004,2004-DEC,632,component,lmprs,
Dec,2004,,Upper Midwest,30.0,"17,302",Producer Milk Components,AMS_3462,3462,Dairy FMMOS,DY-NA,Washington,DC,"Washington, DC",Washington,DC,FMMOS,FMMOS - non-mars,04/09/2021 07:44:00,2004,2004-DEC,667,component,lmprs,
Dec,2004,,Western,135.0,"1,096",Producer Milk Components,AMS_3462,3462,Dairy FMMOS,DY-NA,Washington,DC,"Washington, DC",Washington,DC,FMMOS,FMMOS - non-mars,04/09/2021 07:44:00,2004,2004-DEC,,component,lmprs,
Dec,2005,,Upper Midwest,30.0,"22,450",Producer Milk Components,AMS_3462,3462,Dairy FMMOS,DY-NA,Washington,DC,"Washington, DC",Washington,DC,FMMOS,FMMOS - non-mars,03/30/2021 14:16:00,2005,2005-DEC,"2,181",component,lmprs,
Dec,2005,,Southwest,126.0,"9,579",Producer Milk Components,AMS_3462,3462,Dairy FMMOS,DY-NA,Washington,DC,"Washington, DC",Washington,DC,FMMOS,FMMOS - non-mars,03/30/2021 14:16:00,2005,2005-DEC,870,component,lmprs,
Dec,2005,,Southeast,7.0,"7,544",Producer Milk Components,AMS_3462,3462,Dairy FMMOS,DY-NA,Washington,DC,"Washington, DC",Washington,DC,FMMOS,FMMOS - non-mars,03/30/2021 14:16:00,2005,2005-DEC,627,component,lmprs,
Dec,2005,,Northeast,1.0,"23,565",Producer Milk Components,AMS_3462,3462,Dairy FMMOS,DY-NA,Washington,DC,"Washington, DC",Washington,DC,FMMOS,FMMOS - non-mars,03/30/2021 14:16:00,2005,2005-DEC,"1,953",component,lmprs,
Dec,2005,,Pacific Northwest,124.0,"7,046",Producer Milk Components,AMS_3462,3462,Dairy FMMOS,DY-NA,Washington,DC,"Washington, DC",Washington,DC,FMMOS,FMMOS - non-mars,03/30/2021 14:16:00,2005,2005-DEC,619,component,lmprs,
Dec,2005,,Mideast,33.0,"18,060",Producer Milk Components,AMS_3462,3462,Dairy FMMOS,DY-NA,Washington,DC,"Washington, DC",Washington,DC,FMMOS,FMMOS - non-mars,03/30/2021 14:16:00,2005,2005-DEC,"1,445",component,lmprs,
Dec,2005,,Florida,6.0,"3,125",Producer Milk Components,AMS_3462,3462,Dairy FMMOS,DY-NA,Washington,DC,"Washington, DC",Washington,DC,FMMOS,FMMOS - non-mars,03/30/2021 14:16:00,2005,2005-DEC,262,component,lmprs,
Dec,2005,,Central,32.0,"13,966",Producer Milk Components,AMS_3462,3462,Dairy FMMOS,DY-NA,Washington,DC,"Washington, DC",Washington,DC,FMMOS,FMMOS - non-mars,03/30/2021 14:16:00,2005,2005-DEC,"1,317",component,lmprs,
Dec,2005,,Appalachian,5.0,"6,400",Producer Milk Components,AMS_3462,3462,Dairy FMMOS,DY-NA,Washington,DC,"Washington, DC",Washington,DC,FMMOS,FMMOS - non-mars,03/30/2021 14:16:00,2005,2005-DEC,530,component,lmprs,
Dec,2005,,Arizona,131.0,"2,948",Producer Milk Components,AMS_3462,3462,Dairy FMMOS,DY-NA,Washington,DC,"Washington, DC",Washington,DC,FMMOS,FMMOS - non-mars,03/30/2021 14:16:00,2005,2005-DEC,257,component,lmprs,
Dec,2005,,All Markets Combined,,"114,682",Producer Milk Components,AMS_3462,3462,Dairy FMMOS,DY-NA,Washington,DC,"Washington, DC",Washington,DC,FMMOS,FMMOS - non-mars,03/30/2021 14:16:00,2005,2005-DEC,"10,061",component,lmprs,
Dec,2006,,All Markets Combined,,"120,618",Producer Milk Components,AMS_3462,3462,Dairy FMMOS,DY-NA,Washington,DC,"Washington, DC",Washington,DC,FMMOS,FMMOS - non-mars,03/30/2021 14:16:00,2006,2006-DEC,"9,630",component,lmprs,
Dec,2006,,Arizona,131.0,"3,383",Producer Milk Components,AMS_3462,3462,Dairy FMMOS,DY-NA,Washington,DC,"Washington, DC",Washington,DC,FMMOS,FMMOS - non-mars,03/30/2021 14:16:00,2006,2006-DEC,302,component,lmprs,
Dec,2006,,Appalachian,5.0,"6,243",Producer Milk Components,AMS_3462,3462,Dairy FMMOS,DY-NA,Washington,DC,"Washington, DC",Washington,DC,FMMOS,FMMOS - non-mars,03/30/2021 14:16:00,2006,2006-DEC,523,component,lmprs,
Dec,2006,,Central,32.0,"13,917",Producer Milk Components,AMS_3462,3462,Dairy FMMOS,DY-NA,Washington,DC,"Washington, DC",Washington,DC,FMMOS,FMMOS - non-mars,03/30/2021 14:16:00,2006,2006-DEC,903,component,lmprs,
Dec,2006,,Florida,6.0,"3,126",Producer Milk Components,AMS_3462,3462,Dairy FMMOS,DY-NA,Washington,DC,"Washington, DC",Washington,DC,FMMOS,FMMOS - non-mars,03/30/2021 14:16:00,2006,2006-DEC,265,component,lmprs,
Dec,2006,,Mideast,33.0,"17,189",Producer Milk Components,AMS_3462,3462,Dairy FMMOS,DY-NA,Washington,DC,"Washington, DC",Washington,DC,FMMOS,FMMOS - non-mars,03/30/2021 14:16:00,2006,2006-DEC,"1,374",component,lmprs,
Dec,2006,,Pacific Northwest,124.0,"7,570",Producer Milk Components,AMS_3462,3462,Dairy FMMOS,DY-NA,Washington,DC,"Washington, DC",Washington,DC,FMMOS,FMMOS - non-mars,03/30/2021 14:16:00,2006,2006-DEC,454,component,lmprs,
Dec,2006,,Northeast,1.0,"22,680",Producer Milk Components,AMS_3462,3462,Dairy FMMOS,DY-NA,Washington,DC,"Washington, DC",Washington,DC,FMMOS,FMMOS - non-mars,03/30/2021 14:16:00,2006,2006-DEC,"1,844",component,lmprs,
Dec,2006,,Southeast,7.0,"8,055",Producer Milk Components,AMS_3462,3462,Dairy FMMOS,DY-NA,Washington,DC,"Washington, DC",Washington,DC,FMMOS,FMMOS - non-mars,03/30/2021 14:16:00,2006,2006-DEC,610,component,lmprs,
Dec,2006,,Southwest,126.0,"11,600",Producer Milk Components,AMS_3462,3462,Dairy FMMOS,DY-NA,Washington,DC,"Washington, DC",Washington,DC,FMMOS,FMMOS - non-mars,03/30/2021 14:16:00,2006,2006-DEC,"1,077",component,lmprs,
Dec,2006,,Upper Midwest,30.0,"26,855",Producer Milk Components,AMS_3462,3462,Dairy FMMOS,DY-NA,Washington,DC,"Washington, DC",Washington,DC,FMMOS,FMMOS - non-mars,03/30/2021 14:16:00,2006,2006-DEC,"2,277",component,lmprs,
Dec,2007,,Upper Midwest,30.0,"26,490",Producer Milk Components,AMS_3462,3462,Dairy FMMOS,DY-NA,Washington,DC,"Washington, DC",Washington,DC,FMMOS,FMMOS - non-mars,03/30/2021 14:16:00,2007,2007-DEC,"2,427",component,lmprs,
Dec,2007,,Southwest,126.0,"9,990",Producer Milk Components,AMS_3462,3462,Dairy FMMOS,DY-NA,Washington,DC,"Washington, DC",Washington,DC,FMMOS,FMMOS - non-mars,03/30/2021 14:16:00,2007,2007-DEC,639,component,lmprs,
Dec,2007,,Southeast,7.0,"7,521",Producer Milk Components,AMS_3462,3462,Dairy FMMOS,DY-NA,Washington,DC,"Washington, DC",Washington,DC,FMMOS,FMMOS - non-mars,03/30/2021 14:16:00,2007,2007-DEC,594,component,lmprs,
Dec,2007,,Northeast,1.0,"23,040",Producer Milk Components,AMS_3462,3462,Dairy FMMOS,DY-NA,Washington,DC,"Washington, DC",Washington,DC,FMMOS,FMMOS - non-mars,03/30/2021 14:16:00,2007,2007-DEC,"1,996",component,lmprs,
Dec,2007,,Pacific Northwest,124.0,"7,036",Producer Milk Components,AMS_3462,3462,Dairy FMMOS,DY-NA,Washington,DC,"Washington, DC",Washington,DC,FMMOS,FMMOS - non-mars,03/30/2021 14:16:00,2007,2007-DEC,579,component,lmprs,
Dec,2007,,Mideast,33.0,"16,268",Producer Milk Components,AMS_3462,3462,Dairy FMMOS,DY-NA,Washington,DC,"Washington, DC",Washington,DC,FMMOS,FMMOS - non-mars,03/30/2021 14:16:00,2007,2007-DEC,"1,375",component,lmprs,
Dec,2007,,Florida,6.0,"3,207",Producer Milk Components,AMS_3462,3462,Dairy FMMOS,DY-NA,Washington,DC,"Washington, DC",Washington,DC,FMMOS,FMMOS - non-mars,03/30/2021 14:16:00,2007,2007-DEC,267,component,lmprs,
Dec,2007,,Central,32.0,"11,193",Producer Milk Components,AMS_3462,3462,Dairy FMMOS,DY-NA,Washington,DC,"Washington, DC",Washington,DC,FMMOS,FMMOS - non-mars,03/30/2021 14:16:00,2007,2007-DEC,922,component,lmprs,
Dec,2007,,Appalachian,5.0,"5,865",Producer Milk Components,AMS_3462,3462,Dairy FMMOS,DY-NA,Washington,DC,"Washington, DC",Washington,DC,FMMOS,FMMOS - non-mars,03/30/2021 14:16:00,2007,2007-DEC,500,component,lmprs,
Dec,2007,,Arizona,131.0,"3,799",Producer Milk Components,AMS_3462,3462,Dairy FMMOS,DY-NA,Washington,DC,"Washington, DC",Washington,DC,FMMOS,FMMOS - non-mars,03/30/2021 14:16:00,2007,2007-DEC,321,component,lmprs,
Dec,2007,,All Markets Combined,,"114,407",Producer Milk Components,AMS_3462,3462,Dairy FMMOS,DY-NA,Washington,DC,"Washington, DC",Washington,DC,FMMOS,FMMOS - non-mars,03/30/2021 14:16:00,2007,2007-DEC,"9,619",component,lmprs,
Dec,2008,,All Markets Combined,,"115,867",Producer Milk Components,AMS_3462,3462,Dairy FMMOS,DY-NA,Washington,DC,"Washington, DC",Washington,DC,FMMOS,FMMOS - non-mars,03/30/2021 14:15:00,2008,2008-DEC,"9,278",component,lmprs,
Dec,2008,,Arizona,131.0,"4,156",Producer Milk Components,AMS_3462,3462,Dairy FMMOS,DY-NA,Washington,DC,"Washington, DC",Washington,DC,FMMOS,FMMOS - non-mars,03/30/2021 14:15:00,2008,2008-DEC,359,component,lmprs,
Dec,2008,,Appalachian,5.0,"5,882",Producer Milk Components,AMS_3462,3462,Dairy FMMOS,DY-NA,Washington,DC,"Washington, DC",Washington,DC,FMMOS,FMMOS - non-mars,03/30/2021 14:15:00,2008,2008-DEC,523,component,lmprs,
Dec,2008,,Central,32.0,"11,564",Producer Milk Components,AMS_3462,3462,Dairy FMMOS,DY-NA,Washington,DC,"Washington, DC",Washington,DC,FMMOS,FMMOS - non-mars,03/30/2021 14:15:00,2008,2008-DEC,929,component,lmprs,
Dec,2008,,Florida,6.0,"3,130",Producer Milk Components,AMS_3462,3462,Dairy FMMOS,DY-NA,Washington,DC,"Washington, DC",Washington,DC,FMMOS,FMMOS - non-mars,03/30/2021 14:15:00,2008,2008-DEC,265,component,lmprs,
Dec,2008,,Mideast,33.0,"15,707",Producer Milk Components,AMS_3462,3462,Dairy FMMOS,DY-NA,Washington,DC,"Washington, DC",Washington,DC,FMMOS,FMMOS - non-mars,03/30/2021 14:15:00,2008,2008-DEC,"1,225",component,lmprs,
Dec,2008,,Pacific Northwest,124.0,"6,882",Producer Milk Components,AMS_3462,3462,Dairy FMMOS,DY-NA,Washington,DC,"Washington, DC",Washington,DC,FMMOS,FMMOS - non-mars,03/30/2021 14:15:00,2008,2008-DEC,473,component,lmprs,
Dec,2008,,Northeast,1.0,"23,895",Producer Milk Components,AMS_3462,3462,Dairy FMMOS,DY-NA,Washington,DC,"Washington, DC",Washington,DC,FMMOS,FMMOS - non-mars,03/30/2021 14:15:00,2008,2008-DEC,"1,977",component,lmprs,
Dec,2008,,Southeast,7.0,"6,923",Producer Milk Components,AMS_3462,3462,Dairy FMMOS,DY-NA,Washington,DC,"Washington, DC",Washington,DC,FMMOS,FMMOS - non-mars,03/30/2021 14:15:00,2008,2008-DEC,606,component,lmprs,
Dec,2008,,Southwest,126.0,"9,687",Producer Milk Components,AMS_3462,3462,Dairy FMMOS,DY-NA,Washington,DC,"Washington, DC",Washington,DC,FMMOS,FMMOS - non-mars,03/30/2021 14:15:00,2008,2008-DEC,604,component,lmprs,
Dec,2008,,Upper Midwest,30.0,"28,041",Producer Milk Components,AMS_3462,3462,Dairy FMMOS,DY-NA,Washington,DC,"Washington, DC",Washington,DC,FMMOS,FMMOS - non-mars,03/30/2021 14:15:00,2008,2008-DEC,"2,318",component,lmprs,
Dec,2009,,Upper Midwest,30.0,"32,184",Producer Milk Components,AMS_3462,3462,Dairy FMMOS,DY-NA,Washington,DC,"Washington, DC",Washington,DC,FMMOS,FMMOS - non-mars,03/30/2021 14:15:00,2009,2009-DEC,"2,699",component,lmprs,
Dec,2009,,Southwest,126.0,"10,809",Producer Milk Components,AMS_3462,3462,Dairy FMMOS,DY-NA,Washington,DC,"Washington, DC",Washington,DC,FMMOS,FMMOS - non-mars,03/30/2021 14:15:00,2009,2009-DEC,901,component,lmprs,
Dec,2009,,Southeast,7.0,"7,169",Producer Milk Components,AMS_3462,3462,Dairy FMMOS,DY-NA,Washington,DC,"Washington, DC",Washington,DC,FMMOS,FMMOS - non-mars,03/30/2021 14:15:00,2009,2009-DEC,616,component,lmprs,
Dec,2009,,Northeast,1.0,"23,497",Producer Milk Components,AMS_3462,3462,Dairy FMMOS,DY-NA,Washington,DC,"Washington, DC",Washington,DC,FMMOS,FMMOS - non-mars,03/30/2021 14:15:00,2009,2009-DEC,"1,912",component,lmprs,
Dec,2009,,Pacific Northwest,124.0,"7,470",Producer Milk Components,AMS_3462,3462,Dairy FMMOS,DY-NA,Washington,DC,"Washington, DC",Washington,DC,FMMOS,FMMOS - non-mars,03/30/2021 14:15:00,2009,2009-DEC,619,component,lmprs,
Dec,2009,,Mideast,33.0,"16,596",Producer Milk Components,AMS_3462,3462,Dairy FMMOS,DY-NA,Washington,DC,"Washington, DC",Washington,DC,FMMOS,FMMOS - non-mars,03/30/2021 14:15:00,2009,2009-DEC,"1,391",component,lmprs,
Dec,2009,,Florida,6.0,"3,027",Producer Milk Components,AMS_3462,3462,Dairy FMMOS,DY-NA,Washington,DC,"Washington, DC",Washington,DC,FMMOS,FMMOS - non-mars,03/30/2021 14:15:00,2009,2009-DEC,254,component,lmprs,
Dec,2009,,Central,32.0,"12,685",Producer Milk Components,AMS_3462,3462,Dairy FMMOS,DY-NA,Washington,DC,"Washington, DC",Washington,DC,FMMOS,FMMOS - non-mars,03/30/2021 14:15:00,2009,2009-DEC,971,component,lmprs,
Dec,2009,,Appalachian,5.0,"5,950",Producer Milk Components,AMS_3462,3462,Dairy FMMOS,DY-NA,Washington,DC,"Washington, DC",Washington,DC,FMMOS,FMMOS - non-mars,03/30/2021 14:15:00,2009,2009-DEC,505,component,lmprs,
Dec,2009,,Arizona,131.0,"4,042",Producer Milk Components,AMS_3462,3462,Dairy FMMOS,DY-NA,Washington,DC,"Washington, DC",Washington,DC,FMMOS,FMMOS - non-mars,03/30/2021 14:15:00,2009,2009-DEC,346,component,lmprs,
Dec,2009,,All Markets Combined,,"123,430",Producer Milk Components,AMS_3462,3462,Dairy FMMOS,DY-NA,Washington,DC,"Washington, DC",Washington,DC,FMMOS,FMMOS - non-mars,03/30/2021 14:15:00,2009,2009-DEC,"10,213",component,lmprs,
Dec,2010,,All Markets Combined,,"126,909",Producer Milk Components,AMS_3462,3462,Dairy FMMOS,DY-NA,Washington,DC,"Washington, DC",Washington,DC,FMMOS,FMMOS - non-mars,03/30/2021 14:14:00,2010,2010-DEC,"10,749",component,lmprs,
Dec,2010,,Arizona,131.0,"4,232",Producer Milk Components,AMS_3462,3462,Dairy FMMOS,DY-NA,Washington,DC,"Washington, DC",Washington,DC,FMMOS,FMMOS - non-mars,03/30/2021 14:14:00,2010,2010-DEC,374,component,lmprs,
Dec,2010,,Appalachian,5.0,"6,042",Producer Milk Components,AMS_3462,3462,Dairy FMMOS,DY-NA,Washington,DC,"Washington, DC",Washington,DC,FMMOS,FMMOS - non-mars,03/30/2021 14:14:00,2010,2010-DEC,527,component,lmprs,
Dec,2010,,Central,32.0,"13,352",Producer Milk Components,AMS_3462,3462,Dairy FMMOS,DY-NA,Washington,DC,"Washington, DC",Washington,DC,FMMOS,FMMOS - non-mars,03/30/2021 14:14:00,2010,2010-DEC,"1,184",component,lmprs,
Dec,2010,,Florida,6.0,"2,902",Producer Milk Components,AMS_3462,3462,Dairy FMMOS,DY-NA,Washington,DC,"Washington, DC",Washington,DC,FMMOS,FMMOS - non-mars,03/30/2021 14:14:00,2010,2010-DEC,254,component,lmprs,
Dec,2010,,Mideast,33.0,"16,022",Producer Milk Components,AMS_3462,3462,Dairy FMMOS,DY-NA,Washington,DC,"Washington, DC",Washington,DC,FMMOS,FMMOS - non-mars,03/30/2021 14:14:00,2010,2010-DEC,"1,308",component,lmprs,
Dec,2010,,Pacific Northwest,124.0,"8,011",Producer Milk Components,AMS_3462,3462,Dairy FMMOS,DY-NA,Washington,DC,"Washington, DC",Washington,DC,FMMOS,FMMOS - non-mars,03/30/2021 14:14:00,2010,2010-DEC,658,component,lmprs,
Dec,2010,,Northeast,1.0,"24,335",Producer Milk Components,AMS_3462,3462,Dairy FMMOS,DY-NA,Washington,DC,"Washington, DC",Washington,DC,FMMOS,FMMOS - non-mars,03/30/2021 14:14:00,2010,2010-DEC,"2,062",component,lmprs,
Dec,2010,,Southeast,7.0,"7,001",Producer Milk Components,AMS_3462,3462,Dairy FMMOS,DY-NA,Washington,DC,"Washington, DC",Washington,DC,FMMOS,FMMOS - non-mars,03/30/2021 14:14:00,2010,2010-DEC,629,component,lmprs,
Dec,2010,,Southwest,126.0,"11,210",Producer Milk Components,AMS_3462,3462,Dairy FMMOS,DY-NA,Washington,DC,"Washington, DC",Washington,DC,FMMOS,FMMOS - non-mars,03/30/2021 14:14:00,2010,2010-DEC,990,component,lmprs,
Dec,2010,,Upper Midwest,30.0,"33,803",Producer Milk Components,AMS_3462,3462,Dairy FMMOS,DY-NA,Washington,DC,"Washington, DC",Washington,DC,FMMOS,FMMOS - non-mars,03/30/2021 14:14:00,2010,2010-DEC,"2,764",component,lmprs,
Dec,2011,,Southwest,126.0,"11,233",Producer Milk Components,AMS_3462,3462,Dairy FMMOS,DY-NA,Washington,DC,"Washington, DC",Washington,DC,FMMOS,FMMOS - non-mars,03/30/2021 14:14:00,2011,2011-DEC,830,component,lmprs,
Dec,2011,,Upper Midwest,30.0,"32,766",Producer Milk Components,AMS_3462,3462,Dairy FMMOS,DY-NA,Washington,DC,"Washington, DC",Washington,DC,FMMOS,FMMOS - non-mars,03/30/2021 14:14:00,2011,2011-DEC,"2,517",component,lmprs,
Dec,2011,,Southeast,7.0,"7,057",Producer Milk Components,AMS_3462,3462,Dairy FMMOS,DY-NA,Washington,DC,"Washington, DC",Washington,DC,FMMOS,FMMOS - non-mars,03/30/2021 14:14:00,2011,2011-DEC,589,component,lmprs,
Dec,2011,,Pacific Northwest,124.0,"8,023",Producer Milk Components,AMS_3462,3462,Dairy FMMOS,DY-NA,Washington,DC,"Washington, DC",Washington,DC,FMMOS,FMMOS - non-mars,03/30/2021 14:14:00,2011,2011-DEC,581,component,lmprs,
Dec,2011,,Mideast,33.0,"15,939",Producer Milk Components,AMS_3462,3462,Dairy FMMOS,DY-NA,Washington,DC,"Washington, DC",Washington,DC,FMMOS,FMMOS - non-mars,03/30/2021 14:14:00,2011,2011-DEC,"1,365",component,lmprs,
Dec,2011,,Northeast,1.0,"24,358",Producer Milk Components,AMS_3462,3462,Dairy FMMOS,DY-NA,Washington,DC,"Washington, DC",Washington,DC,FMMOS,FMMOS - non-mars,03/30/2021 14:14:00,2011,2011-DEC,"2,018",component,lmprs,
Dec,2011,,Florida,6.0,"2,919",Producer Milk Components,AMS_3462,3462,Dairy FMMOS,DY-NA,Washington,DC,"Washington, DC",Washington,DC,FMMOS,FMMOS - non-mars,03/30/2021 14:14:00,2011,2011-DEC,248,component,lmprs,
Dec,2011,,Central,32.0,"13,938",Producer Milk Components,AMS_3462,3462,Dairy FMMOS,DY-NA,Washington,DC,"Washington, DC",Washington,DC,FMMOS,FMMOS - non-mars,03/30/2021 14:14:00,2011,2011-DEC,"1,013",component,lmprs,
Dec,2011,,Appalachian,5.0,"6,128",Producer Milk Components,AMS_3462,3462,Dairy FMMOS,DY-NA,Washington,DC,"Washington, DC",Washington,DC,FMMOS,FMMOS - non-mars,03/30/2021 14:14:00,2011,2011-DEC,536,component,lmprs,
Dec,2011,,Arizona,131.0,"4,518",Producer Milk Components,AMS_3462,3462,Dairy FMMOS,DY-NA,Washington,DC,"Washington, DC",Washington,DC,FMMOS,FMMOS - non-mars,03/30/2021 14:14:00,2011,2011-DEC,386,component,lmprs,
Dec,2011,,All Markets Combined,,"126,879",Producer Milk Components,AMS_3462,3462,Dairy FMMOS,DY-NA,Washington,DC,"Washington, DC",Washington,DC,FMMOS,FMMOS - non-mars,03/30/2021 14:14:00,2011,2011-DEC,"10,084",component,lmprs,
Dec,2012,,All Markets Combined,,"122,388",Producer Milk Components,AMS_3462,3462,Dairy FMMOS,DY-NA,Washington,DC,"Washington, DC",Washington,DC,FMMOS,FMMOS - non-mars,03/30/2021 14:13:00,2012,2012-DEC,"11,043",component,lmprs,
Dec,2012,,Arizona,131.0,"4,556",Producer Milk Components,AMS_3462,3462,Dairy FMMOS,DY-NA,Washington,DC,"Washington, DC",Washington,DC,FMMOS,FMMOS - non-mars,03/30/2021 14:13:00,2012,2012-DEC,383,component,lmprs,
Dec,2012,,Appalachian,5.0,"5,863",Producer Milk Components,AMS_3462,3462,Dairy FMMOS,DY-NA,Washington,DC,"Washington, DC",Washington,DC,FMMOS,FMMOS - non-mars,03/30/2021 14:13:00,2012,2012-DEC,498,component,lmprs,
Dec,2012,,Central,32.0,"13,389",Producer Milk Components,AMS_3462,3462,Dairy FMMOS,DY-NA,Washington,DC,"Washington, DC",Washington,DC,FMMOS,FMMOS - non-mars,03/30/2021 14:13:00,2012,2012-DEC,"1,085",component,lmprs,
Dec,2012,,Florida,6.0,"2,890",Producer Milk Components,AMS_3462,3462,Dairy FMMOS,DY-NA,Washington,DC,"Washington, DC",Washington,DC,FMMOS,FMMOS - non-mars,03/30/2021 14:13:00,2012,2012-DEC,252,component,lmprs,
Dec,2012,,Northeast,1.0,"24,695",Producer Milk Components,AMS_3462,3462,Dairy FMMOS,DY-NA,Washington,DC,"Washington, DC",Washington,DC,FMMOS,FMMOS - non-mars,03/30/2021 14:13:00,2012,2012-DEC,"2,157",component,lmprs,
Dec,2012,,Mideast,33.0,"16,806",Producer Milk Components,AMS_3462,3462,Dairy FMMOS,DY-NA,Washington,DC,"Washington, DC",Washington,DC,FMMOS,FMMOS - non-mars,03/30/2021 14:13:00,2012,2012-DEC,"1,444",component,lmprs,
Dec,2012,,Pacific Northwest,124.0,"6,719",Producer Milk Components,AMS_3462,3462,Dairy FMMOS,DY-NA,Washington,DC,"Washington, DC",Washington,DC,FMMOS,FMMOS - non-mars,03/30/2021 14:13:00,2012,2012-DEC,691,component,lmprs,
Dec,2012,,Southeast,7.0,"6,794",Producer Milk Components,AMS_3462,3462,Dairy FMMOS,DY-NA,Washington,DC,"Washington, DC",Washington,DC,FMMOS,FMMOS - non-mars,03/30/2021 14:13:00,2012,2012-DEC,572,component,lmprs,
Dec,2012,,Upper Midwest,30.0,"30,684",Producer Milk Components,AMS_3462,3462,Dairy FMMOS,DY-NA,Washington,DC,"Washington, DC",Washington,DC,FMMOS,FMMOS - non-mars,03/30/2021 14:13:00,2012,2012-DEC,"2,782",component,lmprs,
Dec,2012,,Southwest,126.0,"9,994",Producer Milk Components,AMS_3462,3462,Dairy FMMOS,DY-NA,Washington,DC,"Washington, DC",Washington,DC,FMMOS,FMMOS - non-mars,03/30/2021 14:13:00,2012,2012-DEC,"1,177",component,lmprs,
Dec,2013,,Southwest,126.0,"12,901",Producer Milk Components,AMS_3462,3462,Dairy FMMOS,DY-NA,Washington,DC,"Washington, DC",Washington,DC,FMMOS,FMMOS - non-mars,03/30/2021 14:13:00,2013,2013-DEC,"1,003",component,lmprs,
Dec,2013,,Upper Midwest,30.0,"34,315",Producer Milk Components,AMS_3462,3462,Dairy FMMOS,DY-NA,Washington,DC,"Washington, DC",Washington,DC,FMMOS,FMMOS - non-mars,03/30/2021 14:13:00,2013,2013-DEC,"2,866",component,lmprs,
Dec,2013,,Southeast,7.0,"6,129",Producer Milk Components,AMS_3462,3462,Dairy FMMOS,DY-NA,Washington,DC,"Washington, DC",Washington,DC,FMMOS,FMMOS - non-mars,03/30/2021 14:13:00,2013,2013-DEC,487,component,lmprs,
Dec,2013,,Pacific Northwest,124.0,"8,239",Producer Milk Components,AMS_3462,3462,Dairy FMMOS,DY-NA,Washington,DC,"Washington, DC",Washington,DC,FMMOS,FMMOS - non-mars,03/30/2021 14:13:00,2013,2013-DEC,698,component,lmprs,
Dec,2013,,Mideast,33.0,"16,719",Producer Milk Components,AMS_3462,3462,Dairy FMMOS,DY-NA,Washington,DC,"Washington, DC",Washington,DC,FMMOS,FMMOS - non-mars,03/30/2021 14:13:00,2013,2013-DEC,"1,284",component,lmprs,
Dec,2013,,Northeast,1.0,"25,420",Producer Milk Components,AMS_3462,3462,Dairy FMMOS,DY-NA,Washington,DC,"Washington, DC",Washington,DC,FMMOS,FMMOS - non-mars,03/30/2021 14:13:00,2013,2013-DEC,"2,134",component,lmprs,
Dec,2013,,Florida,6.0,"2,833",Producer Milk Components,AMS_3462,3462,Dairy FMMOS,DY-NA,Washington,DC,"Washington, DC",Washington,DC,FMMOS,FMMOS - non-mars,03/30/2021 14:13:00,2013,2013-DEC,244,component,lmprs,
Dec,2013,,Central,32.0,"15,199",Producer Milk Components,AMS_3462,3462,Dairy FMMOS,DY-NA,Washington,DC,"Washington, DC",Washington,DC,FMMOS,FMMOS - non-mars,03/30/2021 14:13:00,2013,2013-DEC,"1,298",component,lmprs,
Dec,2013,,Arizona,131.0,"4,615",Producer Milk Components,AMS_3462,3462,Dairy FMMOS,DY-NA,Washington,DC,"Washington, DC",Washington,DC,FMMOS,FMMOS - non-mars,03/30/2021 14:13:00,2013,2013-DEC,394,component,lmprs,
Dec,2013,,All Markets Combined,,"132,100",Producer Milk Components,AMS_3462,3462,Dairy FMMOS,DY-NA,Washington,DC,"Washington, DC",Washington,DC,FMMOS,FMMOS - non-mars,03/30/2021 14:13:00,2013,2013-DEC,"10,878",component,lmprs,
Dec,2013,,Appalachian,5.0,"5,729",Producer Milk Components,AMS_3462,3462,Dairy FMMOS,DY-NA,Washington,DC,"Washington, DC",Washington,DC,FMMOS,FMMOS - non-mars,03/30/2021 14:13:00,2013,2013-DEC,469,component,lmprs,
Dec,2014,,Appalachian,5.0,"5,594",Producer Milk Components,AMS_3462,3462,Dairy FMMOS,DY-NA,Washington,DC,"Washington, DC",Washington,DC,FMMOS,FMMOS - non-mars,03/30/2021 14:13:00,2014,2014-DEC,484,component,lmprs,
Dec,2014,,All Markets Combined,,"129,420",Producer Milk Components,AMS_3462,3462,Dairy FMMOS,DY-NA,Washington,DC,"Washington, DC",Washington,DC,FMMOS,FMMOS - non-mars,03/30/2021 14:13:00,2014,2014-DEC,"11,609",component,lmprs,
Dec,2014,,Arizona,131.0,"4,800",Producer Milk Components,AMS_3462,3462,Dairy FMMOS,DY-NA,Washington,DC,"Washington, DC",Washington,DC,FMMOS,FMMOS - non-mars,03/30/2021 14:13:00,2014,2014-DEC,409,component,lmprs,
Dec,2014,,Central,32.0,"15,063",Producer Milk Components,AMS_3462,3462,Dairy FMMOS,DY-NA,Washington,DC,"Washington, DC",Washington,DC,FMMOS,FMMOS - non-mars,03/30/2021 14:13:00,2014,2014-DEC,"1,348",component,lmprs,
Dec,2014,,Florida,6.0,"2,771",Producer Milk Components,AMS_3462,3462,Dairy FMMOS,DY-NA,Washington,DC,"Washington, DC",Washington,DC,FMMOS,FMMOS - non-mars,03/30/2021 14:13:00,2014,2014-DEC,237,component,lmprs,
Dec,2014,,Northeast,1.0,"25,793",Producer Milk Components,AMS_3462,3462,Dairy FMMOS,DY-NA,Washington,DC,"Washington, DC",Washington,DC,FMMOS,FMMOS - non-mars,03/30/2021 14:13:00,2014,2014-DEC,"2,182",component,lmprs,
Dec,2014,,Mideast,33.0,"17,297",Producer Milk Components,AMS_3462,3462,Dairy FMMOS,DY-NA,Washington,DC,"Washington, DC",Washington,DC,FMMOS,FMMOS - non-mars,03/30/2021 14:13:00,2014,2014-DEC,"1,669",component,lmprs,
Dec,2014,,Pacific Northwest,124.0,"7,892",Producer Milk Components,AMS_3462,3462,Dairy FMMOS,DY-NA,Washington,DC,"Washington, DC",Washington,DC,FMMOS,FMMOS - non-mars,03/30/2021 14:13:00,2014,2014-DEC,725,component,lmprs,
Dec,2014,,Southeast,7.0,"5,289",Producer Milk Components,AMS_3462,3462,Dairy FMMOS,DY-NA,Washington,DC,"Washington, DC",Washington,DC,FMMOS,FMMOS - non-mars,03/30/2021 14:13:00,2014,2014-DEC,436,component,lmprs,
Dec,2014,,Upper Midwest,30.0,"32,785",Producer Milk Components,AMS_3462,3462,Dairy FMMOS,DY-NA,Washington,DC,"Washington, DC",Washington,DC,FMMOS,FMMOS - non-mars,03/30/2021 14:13:00,2014,2014-DEC,"2,866",component,lmprs,
Dec,2014,,Southwest,126.0,"12,137",Producer Milk Components,AMS_3462,3462,Dairy FMMOS,DY-NA,Washington,DC,"Washington, DC",Washington,DC,FMMOS,FMMOS - non-mars,03/30/2021 14:13:00,2014,2014-DEC,"1,251",component,lmprs,
Dec,2015,,Southwest,126.0,"11,891",Producer Milk Components,AMS_3462,3462,Dairy FMMOS,DY-NA,Washington,DC,"Washington, DC",Washington,DC,FMMOS,FMMOS - non-mars,03/30/2021 14:12:00,2015,2015-DEC,"1,192",component,lmprs,
Dec,2015,,Upper Midwest,30.0,"30,318",Producer Milk Components,AMS_3462,3462,Dairy FMMOS,DY-NA,Washington,DC,"Washington, DC",Washington,DC,FMMOS,FMMOS - non-mars,03/30/2021 14:12:00,2015,2015-DEC,"3,079",component,lmprs,
Dec,2015,,Southeast,7.0,"5,205",Producer Milk Components,AMS_3462,3462,Dairy FMMOS,DY-NA,Washington,DC,"Washington, DC",Washington,DC,FMMOS,FMMOS - non-mars,03/30/2021 14:12:00,2015,2015-DEC,457,component,lmprs,
Dec,2015,,Pacific Northwest,124.0,"6,646",Producer Milk Components,AMS_3462,3462,Dairy FMMOS,DY-NA,Washington,DC,"Washington, DC",Washington,DC,FMMOS,FMMOS - non-mars,03/30/2021 14:12:00,2015,2015-DEC,739,component,lmprs,
Dec,2015,,Mideast,33.0,"18,376",Producer Milk Components,AMS_3462,3462,Dairy FMMOS,DY-NA,Washington,DC,"Washington, DC",Washington,DC,FMMOS,FMMOS - non-mars,03/30/2021 14:12:00,2015,2015-DEC,"1,575",component,lmprs,
Dec,2015,,Northeast,1.0,"26,039",Producer Milk Components,AMS_3462,3462,Dairy FMMOS,DY-NA,Washington,DC,"Washington, DC",Washington,DC,FMMOS,FMMOS - non-mars,03/30/2021 14:12:00,2015,2015-DEC,"2,192",component,lmprs,
Dec,2015,,Florida,6.0,"2,741",Producer Milk Components,AMS_3462,3462,Dairy FMMOS,DY-NA,Washington,DC,"Washington, DC",Washington,DC,FMMOS,FMMOS - non-mars,03/30/2021 14:12:00,2015,2015-DEC,238,component,lmprs,
Dec,2015,,Central,32.0,"14,476",Producer Milk Components,AMS_3462,3462,Dairy FMMOS,DY-NA,Washington,DC,"Washington, DC",Washington,DC,FMMOS,FMMOS - non-mars,03/30/2021 14:12:00,2015,2015-DEC,"1,329",component,lmprs,
Dec,2015,,Arizona,131.0,"4,788",Producer Milk Components,AMS_3462,3462,Dairy FMMOS,DY-NA,Washington,DC,"Washington, DC",Washington,DC,FMMOS,FMMOS - non-mars,03/30/2021 14:12:00,2015,2015-DEC,425,component,lmprs,
Dec,2015,,All Markets Combined,,"126,126",Producer Milk Components,AMS_3462,3462,Dairy FMMOS,DY-NA,Washington,DC,"Washington, DC",Washington,DC,FMMOS,FMMOS - non-mars,03/30/2021 14:12:00,2015,2015-DEC,"11,729",component,lmprs,
Dec,2015,,Appalachian,5.0,"5,646",Producer Milk Components,AMS_3462,3462,Dairy FMMOS,DY-NA,Washington,DC,"Washington, DC",Washington,DC,FMMOS,FMMOS - non-mars,03/30/2021 14:12:00,2015,2015-DEC,503,component,lmprs,
Dec,2016,,Appalachian,5.0,"5,595",Producer Milk Components,AMS_3462,3462,Dairy FMMOS,DY-NA,Washington,DC,"Washington, DC",Washington,DC,FMMOS,FMMOS - non-mars,03/30/2021 14:12:00,2016,2016-DEC,484,component,lmprs,
Dec,2016,,All Markets Combined,,"133,846",Producer Milk Components,AMS_3462,3462,Dairy FMMOS,DY-NA,Washington,DC,"Washington, DC",Washington,DC,FMMOS,FMMOS - non-mars,03/30/2021 14:12:00,2016,2016-DEC,"9,750",component,lmprs,
Dec,2016,,Arizona,131.0,"4,979",Producer Milk Components,AMS_3462,3462,Dairy FMMOS,DY-NA,Washington,DC,"Washington, DC",Washington,DC,FMMOS,FMMOS - non-mars,03/30/2021 14:12:00,2016,2016-DEC,408,component,lmprs,
Dec,2016,,Central,32.0,"15,088",Producer Milk Components,AMS_3462,3462,Dairy FMMOS,DY-NA,Washington,DC,"Washington, DC",Washington,DC,FMMOS,FMMOS - non-mars,03/30/2021 14:12:00,2016,2016-DEC,"1,052",component,lmprs,
Dec,2016,,Florida,6.0,"2,714",Producer Milk Components,AMS_3462,3462,Dairy FMMOS,DY-NA,Washington,DC,"Washington, DC",Washington,DC,FMMOS,FMMOS - non-mars,03/30/2021 14:12:00,2016,2016-DEC,235,component,lmprs,
Dec,2016,,Northeast,1.0,"27,007",Producer Milk Components,AMS_3462,3462,Dairy FMMOS,DY-NA,Washington,DC,"Washington, DC",Washington,DC,FMMOS,FMMOS - non-mars,03/30/2021 14:12:00,2016,2016-DEC,"2,268",component,lmprs,
Dec,2016,,Mideast,33.0,"19,655",Producer Milk Components,AMS_3462,3462,Dairy FMMOS,DY-NA,Washington,DC,"Washington, DC",Washington,DC,FMMOS,FMMOS - non-mars,03/30/2021 14:12:00,2016,2016-DEC,"1,540",component,lmprs,
Dec,2016,,Pacific Northwest,124.0,"7,883",Producer Milk Components,AMS_3462,3462,Dairy FMMOS,DY-NA,Washington,DC,"Washington, DC",Washington,DC,FMMOS,FMMOS - non-mars,03/30/2021 14:12:00,2016,2016-DEC,580,component,lmprs,
Dec,2016,,Southeast,7.0,"5,390",Producer Milk Components,AMS_3462,3462,Dairy FMMOS,DY-NA,Washington,DC,"Washington, DC",Washington,DC,FMMOS,FMMOS - non-mars,03/30/2021 14:12:00,2016,2016-DEC,467,component,lmprs,
Dec,2016,,Upper Midwest,30.0,"32,817",Producer Milk Components,AMS_3462,3462,Dairy FMMOS,DY-NA,Washington,DC,"Washington, DC",Washington,DC,FMMOS,FMMOS - non-mars,03/30/2021 14:12:00,2016,2016-DEC,"2,109",component,lmprs,
Dec,2016,,Southwest,126.0,"12,717",Producer Milk Components,AMS_3462,3462,Dairy FMMOS,DY-NA,Washington,DC,"Washington, DC",Washington,DC,FMMOS,FMMOS - non-mars,03/30/2021 14:12:00,2016,2016-DEC,607,component,lmprs,
Dec,2017,,Southwest,126.0,"13,092",Producer Milk Components,AMS_3462,3462,Dairy FMMOS,DY-NA,Washington,DC,"Washington, DC",Washington,DC,FMMOS,FMMOS - non-mars,03/30/2021 14:11:00,2017,2017-DEC,"1,312",component,lmprs,
Dec,2017,,Upper Midwest,30.0,"32,312",Producer Milk Components,AMS_3462,3462,Dairy FMMOS,DY-NA,Washington,DC,"Washington, DC",Washington,DC,FMMOS,FMMOS - non-mars,03/30/2021 14:11:00,2017,2017-DEC,"2,582",component,lmprs,
Dec,2017,,Southeast,7.0,"5,452",Producer Milk Components,AMS_3462,3462,Dairy FMMOS,DY-NA,Washington,DC,"Washington, DC",Washington,DC,FMMOS,FMMOS - non-mars,03/30/2021 14:11:00,2017,2017-DEC,453,component,lmprs,
Dec,2017,,Pacific Northwest,124.0,"7,661",Producer Milk Components,AMS_3462,3462,Dairy FMMOS,DY-NA,Washington,DC,"Washington, DC",Washington,DC,FMMOS,FMMOS - non-mars,03/30/2021 14:11:00,2017,2017-DEC,610,component,lmprs,
Dec,2017,,Mideast,33.0,"20,241",Producer Milk Components,AMS_3462,3462,Dairy FMMOS,DY-NA,Washington,DC,"Washington, DC",Washington,DC,FMMOS,FMMOS - non-mars,03/30/2021 14:11:00,2017,2017-DEC,"1,661",component,lmprs,
Dec,2017,,Northeast,1.0,"27,397",Producer Milk Components,AMS_3462,3462,Dairy FMMOS,DY-NA,Washington,DC,"Washington, DC",Washington,DC,FMMOS,FMMOS - non-mars,03/30/2021 14:11:00,2017,2017-DEC,"2,260",component,lmprs,
Dec,2017,,Florida,6.0,"2,602",Producer Milk Components,AMS_3462,3462,Dairy FMMOS,DY-NA,Washington,DC,"Washington, DC",Washington,DC,FMMOS,FMMOS - non-mars,03/30/2021 14:11:00,2017,2017-DEC,227,component,lmprs,
Dec,2017,,Central,32.0,"15,879",Producer Milk Components,AMS_3462,3462,Dairy FMMOS,DY-NA,Washington,DC,"Washington, DC",Washington,DC,FMMOS,FMMOS - non-mars,03/30/2021 14:11:00,2017,2017-DEC,"1,217",component,lmprs,
Dec,2017,,Arizona,131.0,"5,065",Producer Milk Components,AMS_3462,3462,Dairy FMMOS,DY-NA,Washington,DC,"Washington, DC",Washington,DC,FMMOS,FMMOS - non-mars,03/30/2021 14:11:00,2017,2017-DEC,423,component,lmprs,
Dec,2017,,All Markets Combined,,"135,502",Producer Milk Components,AMS_3462,3462,Dairy FMMOS,DY-NA,Washington,DC,"Washington, DC",Washington,DC,FMMOS,FMMOS - non-mars,03/30/2021 14:11:00,2017,2017-DEC,"11,266",component,lmprs,
Dec,2017,,Appalachian,5.0,"5,801",Producer Milk Components,AMS_3462,3462,Dairy FMMOS,DY-NA,Washington,DC,"Washington, DC",Washington,DC,FMMOS,FMMOS - non-mars,03/30/2021 14:11:00,2017,2017-DEC,521,component,lmprs,
Dec,2018,,Appalachian,5.0,"5,734",Producer Milk Components,AMS_3462,3462,Dairy FMMOS,DY-NA,Washington,DC,"Washington, DC",Washington,DC,FMMOS,FMMOS - non-mars,03/30/2021 14:09:00,2018,2018-DEC,498,component,lmprs,
Dec,2018,,All Markets Combined,,"141,684",Producer Milk Components,AMS_3462,3462,Dairy FMMOS,DY-NA,Washington,DC,"Washington, DC",Washington,DC,FMMOS,FMMOS - non-mars,03/30/2021 14:09:00,2018,2018-DEC,"13,798",component,lmprs,
Dec,2018,,Arizona,131.0,"5,133",Producer Milk Components,AMS_3462,3462,Dairy FMMOS,DY-NA,Washington,DC,"Washington, DC",Washington,DC,FMMOS,FMMOS - non-mars,03/30/2021 14:09:00,2018,2018-DEC,445,component,lmprs,
Dec,2018,,Central,32.0,"16,604",Producer Milk Components,AMS_3462,3462,Dairy FMMOS,DY-NA,Washington,DC,"Washington, DC",Washington,DC,FMMOS,FMMOS - non-mars,03/30/2021 14:09:00,2018,2018-DEC,"1,394",component,lmprs,
Dec,2018,,California,51.0,"4,117",Producer Milk Components,AMS_3462,3462,Dairy FMMOS,DY-NA,Washington,DC,"Washington, DC",Washington,DC,FMMOS,FMMOS - non-mars,03/30/2021 14:09:00,2018,2018-DEC,"2,038",component,lmprs,
Dec,2018,,Florida,6.0,"2,565",Producer Milk Components,AMS_3462,3462,Dairy FMMOS,DY-NA,Washington,DC,"Washington, DC",Washington,DC,FMMOS,FMMOS - non-mars,03/30/2021 14:09:00,2018,2018-DEC,228,component,lmprs,
Dec,2018,,Northeast,1.0,"27,109",Producer Milk Components,AMS_3462,3462,Dairy FMMOS,DY-NA,Washington,DC,"Washington, DC",Washington,DC,FMMOS,FMMOS - non-mars,03/30/2021 14:09:00,2018,2018-DEC,"2,219",component,lmprs,
Dec,2018,,Mideast,33.0,"19,603",Producer Milk Components,AMS_3462,3462,Dairy FMMOS,DY-NA,Washington,DC,"Washington, DC",Washington,DC,FMMOS,FMMOS - non-mars,03/30/2021 14:09:00,2018,2018-DEC,"1,575",component,lmprs,
Dec,2018,,Pacific Northwest,124.0,"8,558",Producer Milk Components,AMS_3462,3462,Dairy FMMOS,DY-NA,Washington,DC,"Washington, DC",Washington,DC,FMMOS,FMMOS - non-mars,03/30/2021 14:09:00,2018,2018-DEC,807,component,lmprs,
Dec,2018,,Southeast,7.0,"5,209",Producer Milk Components,AMS_3462,3462,Dairy FMMOS,DY-NA,Washington,DC,"Washington, DC",Washington,DC,FMMOS,FMMOS - non-mars,03/30/2021 14:09:00,2018,2018-DEC,426,component,lmprs,
Dec,2018,,Upper Midwest,30.0,"33,323",Producer Milk Components,AMS_3462,3462,Dairy FMMOS,DY-NA,Washington,DC,"Washington, DC",Washington,DC,FMMOS,FMMOS - non-mars,03/30/2021 14:09:00,2018,2018-DEC,"2,947",component,lmprs,
Dec,2018,,Southwest,126.0,"13,727",Producer Milk Components,AMS_3462,3462,Dairy FMMOS,DY-NA,Washington,DC,"Washington, DC",Washington,DC,FMMOS,FMMOS - non-mars,03/30/2021 14:09:00,2018,2018-DEC,"1,223",component,lmprs,
Dec,2019,,Upper Midwest,30.0,"32,310",Producer Milk Components,AMS_3462,3462,Dairy FMMOS,DY-NA,Washington,DC,"Washington, DC",Washington,DC,FMMOS,FMMOS - non-mars,03/30/2021 14:09:00,2019,2019-DEC,"1,798",component,lmprs,
Dec,2019,,Southeast,7.0,"4,903",Producer Milk Components,AMS_3462,3462,Dairy FMMOS,DY-NA,Washington,DC,"Washington, DC",Washington,DC,FMMOS,FMMOS - non-mars,03/30/2021 14:09:00,2019,2019-DEC,392,component,lmprs,
Dec,2019,,Southwest,126.0,"12,900",Producer Milk Components,AMS_3462,3462,Dairy FMMOS,DY-NA,Washington,DC,"Washington, DC",Washington,DC,FMMOS,FMMOS - non-mars,03/30/2021 14:09:00,2019,2019-DEC,871,component,lmprs,
Dec,2019,,Pacific Northwest,124.0,"8,496",Producer Milk Components,AMS_3462,3462,Dairy FMMOS,DY-NA,Washington,DC,"Washington, DC",Washington,DC,FMMOS,FMMOS - non-mars,03/30/2021 14:09:00,2019,2019-DEC,626,component,lmprs,
Dec,2019,,Northeast,1.0,"26,752",Producer Milk Components,AMS_3462,3462,Dairy FMMOS,DY-NA,Washington,DC,"Washington, DC",Washington,DC,FMMOS,FMMOS - non-mars,03/30/2021 14:09:00,2019,2019-DEC,"2,250",component,lmprs,
Dec,2019,,Florida,6.0,"2,510",Producer Milk Components,AMS_3462,3462,Dairy FMMOS,DY-NA,Washington,DC,"Washington, DC",Washington,DC,FMMOS,FMMOS - non-mars,03/30/2021 14:09:00,2019,2019-DEC,220,component,lmprs,
Dec,2019,,Mideast,33.0,"18,942",Producer Milk Components,AMS_3462,3462,Dairy FMMOS,DY-NA,Washington,DC,"Washington, DC",Washington,DC,FMMOS,FMMOS - non-mars,03/30/2021 14:09:00,2019,2019-DEC,"1,529",component,lmprs,
Dec,2019,,California,51.0,"24,272",Producer Milk Components,AMS_3462,3462,Dairy FMMOS,DY-NA,Washington,DC,"Washington, DC",Washington,DC,FMMOS,FMMOS - non-mars,03/30/2021 14:09:00,2019,2019-DEC,"1,880",component,lmprs,
Dec,2019,,Central,32.0,"15,260",Producer Milk Components,AMS_3462,3462,Dairy FMMOS,DY-NA,Washington,DC,"Washington, DC",Washington,DC,FMMOS,FMMOS - non-mars,03/30/2021 14:09:00,2019,2019-DEC,"1,046",component,lmprs,
Dec,2019,,Arizona,131.0,"4,840",Producer Milk Components,AMS_3462,3462,Dairy FMMOS,DY-NA,Washington,DC,"Washington, DC",Washington,DC,FMMOS,FMMOS - non-mars,03/30/2021 14:09:00,2019,2019-DEC,385,component,lmprs,
Dec,2019,,All Markets Combined,,"156,510",Producer Milk Components,AMS_3462,3462,Dairy FMMOS,DY-NA,Washington,DC,"Washington, DC",Washington,DC,FMMOS,FMMOS - non-mars,03/30/2021 14:09:00,2019,2019-DEC,"11,457",component,lmprs,
Dec,2019,,Appalachian,5.0,"5,327",Producer Milk Components,AMS_3462,3462,Dairy FMMOS,DY-NA,Washington,DC,"Washington, DC",Washington,DC,FMMOS,FMMOS - non-mars,03/30/2021 14:09:00,2019,2019-DEC,459,component,lmprs,
Dec,2020,,Appalachian,5.0,"5,322",Producer Milk Components,AMS_3462,3462,Dairy FMMOS,DY-NA,Washington,DC,"Washington, DC",Washington,DC,FMMOS,FMMOS - non-mars,02/23/2021 09:39:00,2020,2020-DEC,510,component,lmprs,
Dec,2020,,All Markets Combined,,"137,818",Producer Milk Components,AMS_3462,3462,Dairy FMMOS,DY-NA,Washington,DC,"Washington, DC",Washington,DC,FMMOS,FMMOS - non-mars,02/23/2021 09:39:00,2020,2020-DEC,"11,747",component,lmprs,
Dec,2020,,Arizona,131.0,"4,497",Producer Milk Components,AMS_3462,3462,Dairy FMMOS,DY-NA,Washington,DC,"Washington, DC",Washington,DC,FMMOS,FMMOS - non-mars,02/23/2021 09:39:00,2020,2020-DEC,438,component,lmprs,
Dec,2020,,Central,32.0,"13,315",Producer Milk Components,AMS_3462,3462,Dairy FMMOS,DY-NA,Washington,DC,"Washington, DC",Washington,DC,FMMOS,FMMOS - non-mars,02/23/2021 09:39:00,2020,2020-DEC,"1,086",component,lmprs,
Dec,2020,,California,51.0,"23,004",Producer Milk Components,AMS_3462,3462,Dairy FMMOS,DY-NA,Washington,DC,"Washington, DC",Washington,DC,FMMOS,FMMOS - non-mars,02/23/2021 09:39:00,2020,2020-DEC,"2,001",component,lmprs,
Dec,2020,,Mideast,33.0,"17,982",Producer Milk Components,AMS_3462,3462,Dairy FMMOS,DY-NA,Washington,DC,"Washington, DC",Washington,DC,FMMOS,FMMOS - non-mars,02/23/2021 09:39:00,2020,2020-DEC,"1,421",component,lmprs,
Dec,2020,,Florida,6.0,"2,509",Producer Milk Components,AMS_3462,3462,Dairy FMMOS,DY-NA,Washington,DC,"Washington, DC",Washington,DC,FMMOS,FMMOS - non-mars,02/23/2021 09:39:00,2020,2020-DEC,216,component,lmprs,
Dec,2020,,Northeast,1.0,"26,824",Producer Milk Components,AMS_3462,3462,Dairy FMMOS,DY-NA,Washington,DC,"Washington, DC",Washington,DC,FMMOS,FMMOS - non-mars,02/23/2021 09:39:00,2020,2020-DEC,"2,282",component,lmprs,
Dec,2020,,Pacific Northwest,124.0,"7,682",Producer Milk Components,AMS_3462,3462,Dairy FMMOS,DY-NA,Washington,DC,"Washington, DC",Washington,DC,FMMOS,FMMOS - non-mars,02/23/2021 09:39:00,2020,2020-DEC,611,component,lmprs,
Dec,2020,,Southwest,126.0,"11,692",Producer Milk Components,AMS_3462,3462,Dairy FMMOS,DY-NA,Washington,DC,"Washington, DC",Washington,DC,FMMOS,FMMOS - non-mars,02/23/2021 09:39:00,2020,2020-DEC,"1,057",component,lmprs,
Dec,2020,,Southeast,7.0,"4,700",Producer Milk Components,AMS_3462,3462,Dairy FMMOS,DY-NA,Washington,DC,"Washington, DC",Washington,DC,FMMOS,FMMOS - non-mars,02/23/2021 09:39:00,2020,2020-DEC,410,component,lmprs,
Dec,2020,,Upper Midwest,30.0,"20,290",Producer Milk Components,AMS_3462,3462,Dairy FMMOS,DY-NA,Washington,DC,"Washington, DC",Washington,DC,FMMOS,FMMOS - non-mars,02/23/2021 09:39:00,2020,2020-DEC,"1,716",component,lmprs,
Dec,2021,,Southwest,126.0,"12,286",Producer Milk Components,AMS_3462,3462,Dairy FMMOS,DY-NA,Washington,DC,"Washington, DC",Washington,DC,FMMOS,FMMOS - non-mars,01/31/2022 07:17:00,2021,2021-DEC,"1,140",component,lmprs,
Dec,2021,,Pacific Northwest,124.0,"7,387",Producer Milk Components,AMS_3462,3462,Dairy FMMOS,DY-NA,Washington,DC,"Washington, DC",Washington,DC,FMMOS,FMMOS - non-mars,01/31/2022 07:17:00,2021,2021-DEC,706,component,lmprs,
Dec,2021,,Southeast,7.0,"4,581",Producer Milk Components,AMS_3462,3462,Dairy FMMOS,DY-NA,Washington,DC,"Washington, DC",Washington,DC,FMMOS,FMMOS - non-mars,01/31/2022 07:17:00,2021,2021-DEC,382,component,lmprs,
Dec,2021,,Northeast,1.0,"27,045",Producer Milk Components,AMS_3462,3462,Dairy FMMOS,DY-NA,Washington,DC,"Washington, DC",Washington,DC,FMMOS,FMMOS - non-mars,01/31/2022 07:17:00,2021,2021-DEC,"2,253",component,lmprs,
Dec,2021,,Mideast,33.0,"18,606",Producer Milk Components,AMS_3462,3462,Dairy FMMOS,DY-NA,Washington,DC,"Washington, DC",Washington,DC,FMMOS,FMMOS - non-mars,01/31/2022 07:17:00,2021,2021-DEC,"1,642",component,lmprs,
Dec,2021,,Central,32.0,"12,992",Producer Milk Components,AMS_3462,3462,Dairy FMMOS,DY-NA,Washington,DC,"Washington, DC",Washington,DC,FMMOS,FMMOS - non-mars,01/31/2022 07:17:00,2021,2021-DEC,"1,224",component,lmprs,
Dec,2021,,Florida,6.0,"2,444",Producer Milk Components,AMS_3462,3462,Dairy FMMOS,DY-NA,Washington,DC,"Washington, DC",Washington,DC,FMMOS,FMMOS - non-mars,01/31/2022 07:17:00,2021,2021-DEC,215,component,lmprs,
Dec,2021,,California,51.0,"23,803",Producer Milk Components,AMS_3462,3462,Dairy FMMOS,DY-NA,Washington,DC,"Washington, DC",Washington,DC,FMMOS,FMMOS - non-mars,01/31/2022 07:17:00,2021,2021-DEC,"1,787",component,lmprs,
Dec,2021,,Arizona,131.0,"4,461",Producer Milk Components,AMS_3462,3462,Dairy FMMOS,DY-NA,Washington,DC,"Washington, DC",Washington,DC,FMMOS,FMMOS - non-mars,01/31/2022 07:17:00,2021,2021-DEC,427,component,lmprs,
Dec,2021,,Appalachian,5.0,"5,289",Producer Milk Components,AMS_3462,3462,Dairy FMMOS,DY-NA,Washington,DC,"Washington, DC",Washington,DC,FMMOS,FMMOS - non-mars,01/31/2022 07:17:00,2021,2021-DEC,452,component,lmprs,
Dec,2021,,All Markets Combined,,"136,836",Producer Milk Components,AMS_3462,3462,Dairy FMMOS,DY-NA,Washington,DC,"Washington, DC",Washington,DC,FMMOS,FMMOS - non-mars,01/31/2022 07:17:00,2021,2021-DEC,"12,492",component,lmprs,
Dec,2021,,Upper Midwest,30.0,"17,940",Producer Milk Components,AMS_3462,3462,Dairy FMMOS,DY-NA,Washington,DC,"Washington, DC",Washington,DC,FMMOS,FMMOS - non-mars,01/31/2022 07:17:00,2021,2021-DEC,"2,263",component,lmprs,
Dec,2022,,Upper Midwest,30.0,"31,837",Producer Milk Components,AMS_3462,3462,Dairy FMMOS,DY-NA,Washington,DC,"Washington, DC",Washington,DC,FMMOS,FMMOS - non-mars,01/30/2023 07:36:00,2022,2022-DEC,"3,175",component,lmprs,
Dec,2022,,All Markets Combined,,"151,614",Producer Milk Components,AMS_3462,3462,Dairy FMMOS,DY-NA,Washington,DC,"Washington, DC",Washington,DC,FMMOS,FMMOS - non-mars,01/30/2023 07:36:00,2022,2022-DEC,"13,361",component,lmprs,
Dec,2022,,Appalachian,5.0,"5,420",Producer Milk Components,AMS_3462,3462,Dairy FMMOS,DY-NA,Washington,DC,"Washington, DC",Washington,DC,FMMOS,FMMOS - non-mars,01/30/2023 07:36:00,2022,2022-DEC,469,component,lmprs,
Dec,2022,,Arizona,131.0,"4,910",Producer Milk Components,AMS_3462,3462,Dairy FMMOS,DY-NA,Washington,DC,"Washington, DC",Washington,DC,FMMOS,FMMOS - non-mars,01/30/2023 07:36:00,2022,2022-DEC,444,component,lmprs,
Dec,2022,,California,51.0,"22,439",Producer Milk Components,AMS_3462,3462,Dairy FMMOS,DY-NA,Washington,DC,"Washington, DC",Washington,DC,FMMOS,FMMOS - non-mars,01/30/2023 07:36:00,2022,2022-DEC,"2,021",component,lmprs,
Dec,2022,,Florida,6.0,"2,483",Producer Milk Components,AMS_3462,3462,Dairy FMMOS,DY-NA,Washington,DC,"Washington, DC",Washington,DC,FMMOS,FMMOS - non-mars,01/30/2023 07:36:00,2022,2022-DEC,217,component,lmprs,
Dec,2022,,Central,32.0,"15,638",Producer Milk Components,AMS_3462,3462,Dairy FMMOS,DY-NA,Washington,DC,"Washington, DC",Washington,DC,FMMOS,FMMOS - non-mars,01/30/2023 07:36:00,2022,2022-DEC,"1,319",component,lmprs,
Dec,2022,,Mideast,33.0,"16,796",Producer Milk Components,AMS_3462,3462,Dairy FMMOS,DY-NA,Washington,DC,"Washington, DC",Washington,DC,FMMOS,FMMOS - non-mars,01/30/2023 07:36:00,2022,2022-DEC,"1,385",component,lmprs,
Dec,2022,,Northeast,1.0,"26,882",Producer Milk Components,AMS_3462,3462,Dairy FMMOS,DY-NA,Washington,DC,"Washington, DC",Washington,DC,FMMOS,FMMOS - non-mars,01/30/2023 07:36:00,2022,2022-DEC,"2,255",component,lmprs,
Dec,2022,,Southeast,7.0,"3,913",Producer Milk Components,AMS_3462,3462,Dairy FMMOS,DY-NA,Washington,DC,"Washington, DC",Washington,DC,FMMOS,FMMOS - non-mars,01/30/2023 07:36:00,2022,2022-DEC,319,component,lmprs,
Dec,2022,,Pacific Northwest,124.0,"7,583",Producer Milk Components,AMS_3462,3462,Dairy FMMOS,DY-NA,Washington,DC,"Washington, DC",Washington,DC,FMMOS,FMMOS - non-mars,01/30/2023 07:36:00,2022,2022-DEC,600,component,lmprs,
Dec,2022,,Southwest,126.0,"13,714",Producer Milk Components,AMS_3462,3462,Dairy FMMOS,DY-NA,Washington,DC,"Washington, DC",Washington,DC,FMMOS,FMMOS - non-mars,01/30/2023 07:36:00,2022,2022-DEC,"1,158",component,lmprs,
Dec,2023,,Southwest,126.0,"13,640",Producer Milk Components,AMS_3462,3462,Dairy FMMOS,DY-NA,Washington,DC,"Washington, DC",Washington,DC,FMMOS,FMMOS - non-mars,01/30/2024 09:42:00,2023,2023-DEC,"1,045",component,lmprs,
Dec,2023,,Pacific Northwest,124.0,"7,650",Producer Milk Components,AMS_3462,3462,Dairy FMMOS,DY-NA,Washington,DC,"Washington, DC",Washington,DC,FMMOS,FMMOS - non-mars,01/30/2024 09:42:00,2023,2023-DEC,607,component,lmprs,
Dec,2023,,Southeast,7.0,"3,538",Producer Milk Components,AMS_3462,3462,Dairy FMMOS,DY-NA,Washington,DC,"Washington, DC",Washington,DC,FMMOS,FMMOS - non-mars,01/30/2024 09:42:00,2023,2023-DEC,309,component,lmprs,
Dec,2023,,Northeast,1.0,"27,260",Producer Milk Components,AMS_3462,3462,Dairy FMMOS,DY-NA,Washington,DC,"Washington, DC",Washington,DC,FMMOS,FMMOS - non-mars,01/30/2024 09:42:00,2023,2023-DEC,"2,255",component,lmprs,
Dec,2023,,Mideast,33.0,"17,761",Producer Milk Components,AMS_3462,3462,Dairy FMMOS,DY-NA,Washington,DC,"Washington, DC",Washington,DC,FMMOS,FMMOS - non-mars,01/30/2024 09:42:00,2023,2023-DEC,"1,357",component,lmprs,
Dec,2023,,Central,32.0,"16,053",Producer Milk Components,AMS_3462,3462,Dairy FMMOS,DY-NA,Washington,DC,"Washington, DC",Washington,DC,FMMOS,FMMOS - non-mars,01/30/2024 09:42:00,2023,2023-DEC,"1,278",component,lmprs,
Dec,2023,,Florida,6.0,"2,506",Producer Milk Components,AMS_3462,3462,Dairy FMMOS,DY-NA,Washington,DC,"Washington, DC",Washington,DC,FMMOS,FMMOS - non-mars,01/30/2024 09:42:00,2023,2023-DEC,213,component,lmprs,
Dec,2023,,California,51.0,"26,418",Producer Milk Components,AMS_3462,3462,Dairy FMMOS,DY-NA,Washington,DC,"Washington, DC",Washington,DC,FMMOS,FMMOS - non-mars,01/30/2024 09:42:00,2023,2023-DEC,"1,991",component,lmprs,
Dec,2023,,Arizona,131.0,"5,149",Producer Milk Components,AMS_3462,3462,Dairy FMMOS,DY-NA,Washington,DC,"Washington, DC",Washington,DC,FMMOS,FMMOS - non-mars,01/30/2024 09:42:00,2023,2023-DEC,448,component,lmprs,
Dec,2023,,Appalachian,5.0,"5,428",Producer Milk Components,AMS_3462,3462,Dairy FMMOS,DY-NA,Washington,DC,"Washington, DC",Washington,DC,FMMOS,FMMOS - non-mars,01/30/2024 09:42:00,2023,2023-DEC,466,component,lmprs,
Dec,2023,,All Markets Combined,,"158,448",Producer Milk Components,AMS_3462,3462,Dairy FMMOS,DY-NA,Washington,DC,"Washington, DC",Washington,DC,FMMOS,FMMOS - non-mars,01/30/2024 09:42:00,2023,2023-DEC,"12,656",component,lmprs,
Dec,2023,,Upper Midwest,30.0,"33,045",Producer Milk Components,AMS_3462,3462,Dairy FMMOS,DY-NA,Washington,DC,"Washington, DC",Washington,DC,FMMOS,FMMOS - non-mars,01/30/2024 09:42:00,2023,2023-DEC,"2,688",component,lmprs,
Dec,2024,,Upper Midwest,30.0,"28,285",Producer Milk Components,AMS_3462,3462,Dairy FMMOS,DY-NA,Washington,DC,"Washington, DC",Washington,DC,FMMOS,FMMOS - non-mars,01/23/2025 09:07:00,2024,2024-DEC,"2,078",component,lmprs,
Dec,2024,,All Markets Combined,,"146,628",Producer Milk Components,AMS_3462,3462,Dairy FMMOS,DY-NA,Washington,DC,"Washington, DC",Washington,DC,FMMOS,FMMOS - non-mars,01/23/2025 09:07:00,2024,2024-DEC,"11,840",component,lmprs,
Dec,2024,,Appalachian,5.0,"5,301",Producer Milk Components,AMS_3462,3462,Dairy FMMOS,DY-NA,Washington,DC,"Washington, DC",Washington,DC,FMMOS,FMMOS - non-mars,01/23/2025 09:07:00,2024,2024-DEC,463,component,lmprs,
Dec,2024,,Arizona,131.0,"4,186",Producer Milk Components,AMS_3462,3462,Dairy FMMOS,DY-NA,Washington,DC,"Washington, DC",Washington,DC,FMMOS,FMMOS - non-mars,01/23/2025 09:07:00,2024,2024-DEC,334,component,lmprs,
Dec,2024,,California,51.0,"23,224",Producer Milk Components,AMS_3462,3462,Dairy FMMOS,DY-NA,Washington,DC,"Washington, DC",Washington,DC,FMMOS,FMMOS - non-mars,01/23/2025 09:07:00,2024,2024-DEC,"1,777",component,lmprs,
Dec,2024,,Florida,6.0,"2,524",Producer Milk Components,AMS_3462,3462,Dairy FMMOS,DY-NA,Washington,DC,"Washington, DC",Washington,DC,FMMOS,FMMOS - non-mars,01/23/2025 09:07:00,2024,2024-DEC,217,component,lmprs,
Dec,2024,,Central,32.0,"14,608",Producer Milk Components,AMS_3462,3462,Dairy FMMOS,DY-NA,Washington,DC,"Washington, DC",Washington,DC,FMMOS,FMMOS - non-mars,01/23/2025 09:07:00,2024,2024-DEC,"1,170",component,lmprs,
Dec,2024,,Mideast,33.0,"18,182",Producer Milk Components,AMS_3462,3462,Dairy FMMOS,DY-NA,Washington,DC,"Washington, DC",Washington,DC,FMMOS,FMMOS - non-mars,01/23/2025 09:07:00,2024,2024-DEC,"1,533",component,lmprs,
Dec,2024,,Northeast,1.0,"26,949",Producer Milk Components,AMS_3462,3462,Dairy FMMOS,DY-NA,Washington,DC,"Washington, DC",Washington,DC,FMMOS,FMMOS - non-mars,01/23/2025 09:07:00,2024,2024-DEC,"2,274",component,lmprs,
Dec,2024,,Southeast,7.0,"3,497",Producer Milk Components,AMS_3462,3462,Dairy FMMOS,DY-NA,Washington,DC,"Washington, DC",Washington,DC,FMMOS,FMMOS - non-mars,01/23/2025 09:07:00,2024,2024-DEC,298,component,lmprs,
Dec,2024,,Pacific Northwest,124.0,"7,231",Producer Milk Components,AMS_3462,3462,Dairy FMMOS,DY-NA,Washington,DC,"Washington, DC",Washington,DC,FMMOS,FMMOS - non-mars,01/23/2025 09:07:00,2024,2024-DEC,581,component,lmprs,
Dec,2024,,Southwest,126.0,"12,641",Producer Milk Components,AMS_3462,3462,Dairy FMMOS,DY-NA,Washington,DC,"Washington, DC",Washington,DC,FMMOS,FMMOS - non-mars,01/23/2025 09:07:00,2024,2024-DEC,"1,116",component,lmprs,
Dec,2025,,Southwest,126.0,"12,960",Producer Milk Components,AMS_3462,3462,Dairy FMMOS,DY-NA,Washington,DC,"Washington, DC",Washington,DC,FMMOS,FMMOS - non-mars,01/21/2026 11:39:00,2025,2025-DEC,863,component,lmprs,
Dec,2025,,Pacific Northwest,124.0,"6,760",Producer Milk Components,AMS_3462,3462,Dairy FMMOS,DY-NA,Washington,DC,"Washington, DC",Washington,DC,FMMOS,FMMOS - non-mars,01/21/2026 11:39:00,2025,2025-DEC,517,component,lmprs,
Dec,2025,,Southeast,7.0,"3,435",Producer Milk Components,AMS_3462,3462,Dairy FMMOS,DY-NA,Washington,DC,"Washington, DC",Washington,DC,FMMOS,FMMOS - non-mars,01/21/2026 11:39:00,2025,2025-DEC,294,component,lmprs,
Dec,2025,,Northeast,1.0,"27,624",Producer Milk Components,AMS_3462,3462,Dairy FMMOS,DY-NA,Washington,DC,"Washington, DC",Washington,DC,FMMOS,FMMOS - non-mars,01/21/2026 11:39:00,2025,2025-DEC,"2,293",component,lmprs,
Dec,2025,,Mideast,33.0,"20,705",Producer Milk Components,AMS_3462,3462,Dairy FMMOS,DY-NA,Washington,DC,"Washington, DC",Washington,DC,FMMOS,FMMOS - non-mars,01/21/2026 11:39:00,2025,2025-DEC,"1,697",component,lmprs,
Dec,2025,,Central,32.0,"13,960",Producer Milk Components,AMS_3462,3462,Dairy FMMOS,DY-NA,Washington,DC,"Washington, DC",Washington,DC,FMMOS,FMMOS - non-mars,01/21/2026 11:39:00,2025,2025-DEC,986,component,lmprs,
Dec,2025,,Florida,6.0,"2,511",Producer Milk Components,AMS_3462,3462,Dairy FMMOS,DY-NA,Washington,DC,"Washington, DC",Washington,DC,FMMOS,FMMOS - non-mars,01/21/2026 11:39:00,2025,2025-DEC,218,component,lmprs,
Dec,2025,,California,51.0,"26,675",Producer Milk Components,AMS_3462,3462,Dairy FMMOS,DY-NA,Washington,DC,"Washington, DC",Washington,DC,FMMOS,FMMOS - non-mars,01/21/2026 11:39:00,2025,2025-DEC,"1,909",component,lmprs,
Dec,2025,,Arizona,131.0,"4,224",Producer Milk Components,AMS_3462,3462,Dairy FMMOS,DY-NA,Washington,DC,"Washington, DC",Washington,DC,FMMOS,FMMOS - non-mars,01/21/2026 11:39:00,2025,2025-DEC,363,component,lmprs,
Dec,2025,,Appalachian,5.0,"5,088",Producer Milk Components,AMS_3462,3462,Dairy FMMOS,DY-NA,Washington,DC,"Washington, DC",Washington,DC,FMMOS,FMMOS - non-mars,01/21/2026 11:39:00,2025,2025-DEC,438,component,lmprs,
Dec,2025,,All Markets Combined,,"148,750",Producer Milk Components,AMS_3462,3462,Dairy FMMOS,DY-NA,Washington,DC,"Washington, DC",Washington,DC,FMMOS,FMMOS - non-mars,01/21/2026 11:39:00,2025,2025-DEC,"10,777",component,lmprs,
Dec,2025,,Upper Midwest,30.0,"24,808",Producer Milk Components,AMS_3462,3462,Dairy FMMOS,DY-NA,Washington,DC,"Washington, DC",Washington,DC,FMMOS,FMMOS - non-mars,01/21/2026 11:39:00,2025,2025-DEC,"1,201",component,lmprs,
Mar,2026,,Upper Midwest,30.0,"5,226",Producer Milk Components,AMS_3462,3462,Dairy FMMOS,DY-NA,Washington,DC,"Washington, DC",Washington,DC,FMMOS,FMMOS - non-mars,04/21/2026 05:48:00,2026,2026-DEC,,component,lmprs,
Mar,2026,,All Markets Combined,,"35,299",Producer Milk Components,AMS_3462,3462,Dairy FMMOS,DY-NA,Washington,DC,"Washington, DC",Washington,DC,FMMOS,FMMOS - non-mars,04/21/2026 05:48:00,2026,2026-DEC,,component,lmprs,
Mar,2026,,Appalachian,5.0,"1,271",Producer Milk Components,AMS_3462,3462,Dairy FMMOS,DY-NA,Washington,DC,"Washington, DC",Washington,DC,FMMOS,FMMOS - non-mars,04/21/2026 05:48:00,2026,2026-DEC,,component,lmprs,
Mar,2026,,Arizona,131.0,"1,072",Producer Milk Components,AMS_3462,3462,Dairy FMMOS,DY-NA,Washington,DC,"Washington, DC",Washington,DC,FMMOS,FMMOS - non-mars,04/21/2026 05:48:00,2026,2026-DEC,,component,lmprs,
Mar,2026,,California,51.0,"5,543",Producer Milk Components,AMS_3462,3462,Dairy FMMOS,DY-NA,Washington,DC,"Washington, DC",Washington,DC,FMMOS,FMMOS - non-mars,04/21/2026 05:48:00,2026,2026-DEC,,component,lmprs,
Mar,2026,,Florida,6.0,674,Producer Milk Components,AMS_3462,3462,Dairy FMMOS,DY-NA,Washington,DC,"Washington, DC",Washington,DC,FMMOS,FMMOS - non-mars,04/21/2026 05:48:00,2026,2026-DEC,,component,lmprs,
Mar,2026,,Central,32.0,"3,511",Producer Milk Components,AMS_3462,3462,Dairy FMMOS,DY-NA,Washington,DC,"Washington, DC",Washington,DC,FMMOS,FMMOS - non-mars,04/21/2026 05:48:00,2026,2026-DEC,,component,lmprs,
Mar,2026,,Mideast,33.0,"5,415",Producer Milk Components,AMS_3462,3462,Dairy FMMOS,DY-NA,Washington,DC,"Washington, DC",Washington,DC,FMMOS,FMMOS - non-mars,04/21/2026 05:48:00,2026,2026-DEC,,component,lmprs,
Mar,2026,,Northeast,1.0,"6,894",Producer Milk Components,AMS_3462,3462,Dairy FMMOS,DY-NA,Washington,DC,"Washington, DC",Washington,DC,FMMOS,FMMOS - non-mars,04/21/2026 05:48:00,2026,2026-DEC,,component,lmprs,
Mar,2026,,Southeast,7.0,823,Producer Milk Components,AMS_3462,3462,Dairy FMMOS,DY-NA,Washington,DC,"Washington, DC",Washington,DC,FMMOS,FMMOS - non-mars,04/21/2026 05:48:00,2026,2026-DEC,,component,lmprs,
Mar,2026,,Pacific Northwest,124.0,"1,132",Producer Milk Components,AMS_3462,3462,Dairy FMMOS,DY-NA,Washington,DC,"Washington, DC",Washington,DC,FMMOS,FMMOS - non-mars,04/21/2026 05:48:00,2026,2026-DEC,,component,lmprs,
Mar,2026,,Southwest,126.0,"3,738",Producer Milk Components,AMS_3462,3462,Dairy FMMOS,DY-NA,Washington,DC,"Washington, DC",Washington,DC,FMMOS,FMMOS - non-mars,04/21/2026 05:48:00,2026,2026-DEC,,component,lmprs,
