report_month,report_year,narrative,Pool_Order_Name,Pool_order_No,total,report_title,slug_name,slug_id,office_name,office_code,office_city,office_state,market_location_name,market_location_city,market_location_state,market_type,market_type_category,published_date,year,period,value,data_item,category,unit
Dec,2000,,All Markets Combined,,5.69,Producer Milk Components,AMS_3462,3462,Dairy FMMOS,DY-NA,Washington,DC,"Washington, DC",Washington,DC,FMMOS,FMMOS - non-mars,04/09/2021 07:48:00,2000,2000-JAN,5.65,component,lmprs,
Dec,2000,,Central,32.0,5.70,Producer Milk Components,AMS_3462,3462,Dairy FMMOS,DY-NA,Washington,DC,"Washington, DC",Washington,DC,FMMOS,FMMOS - non-mars,04/09/2021 07:48:00,2000,2000-JAN,5.67,component,lmprs,
Dec,2000,,Mideast,33.0,5.69,Producer Milk Components,AMS_3462,3462,Dairy FMMOS,DY-NA,Washington,DC,"Washington, DC",Washington,DC,FMMOS,FMMOS - non-mars,04/09/2021 07:48:00,2000,2000-JAN,5.65,component,lmprs,
Dec,2000,,Northeast,1.0,5.67,Producer Milk Components,AMS_3462,3462,Dairy FMMOS,DY-NA,Washington,DC,"Washington, DC",Washington,DC,FMMOS,FMMOS - non-mars,04/09/2021 07:48:00,2000,2000-JAN,5.59,component,lmprs,
Dec,2000,,Pacific Northwest,124.0,5.71,Producer Milk Components,AMS_3462,3462,Dairy FMMOS,DY-NA,Washington,DC,"Washington, DC",Washington,DC,FMMOS,FMMOS - non-mars,04/09/2021 07:48:00,2000,2000-JAN,5.69,component,lmprs,
Dec,2000,,Southwest,126.0,5.67,Producer Milk Components,AMS_3462,3462,Dairy FMMOS,DY-NA,Washington,DC,"Washington, DC",Washington,DC,FMMOS,FMMOS - non-mars,04/09/2021 07:48:00,2000,2000-JAN,5.69,component,lmprs,
Dec,2000,,Upper Midwest,30.0,5.70,Producer Milk Components,AMS_3462,3462,Dairy FMMOS,DY-NA,Washington,DC,"Washington, DC",Washington,DC,FMMOS,FMMOS - non-mars,04/09/2021 07:48:00,2000,2000-JAN,5.66,component,lmprs,
Dec,2000,,Western,135.0,5.75,Producer Milk Components,AMS_3462,3462,Dairy FMMOS,DY-NA,Washington,DC,"Washington, DC",Washington,DC,FMMOS,FMMOS - non-mars,04/09/2021 07:48:00,2000,2000-JAN,5.68,component,lmprs,
Dec,2001,,Western,135.0,5.71,Producer Milk Components,AMS_3462,3462,Dairy FMMOS,DY-NA,Washington,DC,"Washington, DC",Washington,DC,FMMOS,FMMOS - non-mars,04/09/2021 07:46:00,2001,2001-JAN,5.71,component,lmprs,
Dec,2001,,Upper Midwest,30.0,5.70,Producer Milk Components,AMS_3462,3462,Dairy FMMOS,DY-NA,Washington,DC,"Washington, DC",Washington,DC,FMMOS,FMMOS - non-mars,04/09/2021 07:46:00,2001,2001-JAN,5.67,component,lmprs,
Dec,2001,,Southwest,126.0,5.67,Producer Milk Components,AMS_3462,3462,Dairy FMMOS,DY-NA,Washington,DC,"Washington, DC",Washington,DC,FMMOS,FMMOS - non-mars,04/09/2021 07:46:00,2001,2001-JAN,5.68,component,lmprs,
Dec,2001,,Pacific Northwest,124.0,5.70,Producer Milk Components,AMS_3462,3462,Dairy FMMOS,DY-NA,Washington,DC,"Washington, DC",Washington,DC,FMMOS,FMMOS - non-mars,04/09/2021 07:46:00,2001,2001-JAN,5.71,component,lmprs,
Dec,2001,,Northeast,1.0,5.69,Producer Milk Components,AMS_3462,3462,Dairy FMMOS,DY-NA,Washington,DC,"Washington, DC",Washington,DC,FMMOS,FMMOS - non-mars,04/09/2021 07:46:00,2001,2001-JAN,5.69,component,lmprs,
Dec,2001,,Mideast,33.0,5.70,Producer Milk Components,AMS_3462,3462,Dairy FMMOS,DY-NA,Washington,DC,"Washington, DC",Washington,DC,FMMOS,FMMOS - non-mars,04/09/2021 07:46:00,2001,2001-JAN,5.68,component,lmprs,
Dec,2001,,Central,32.0,5.70,Producer Milk Components,AMS_3462,3462,Dairy FMMOS,DY-NA,Washington,DC,"Washington, DC",Washington,DC,FMMOS,FMMOS - non-mars,04/09/2021 07:46:00,2001,2001-JAN,5.69,component,lmprs,
Dec,2001,,All Markets Combined,,5.70,Producer Milk Components,AMS_3462,3462,Dairy FMMOS,DY-NA,Washington,DC,"Washington, DC",Washington,DC,FMMOS,FMMOS - non-mars,04/09/2021 07:46:00,2001,2001-JAN,5.69,component,lmprs,
Dec,2002,,All Markets Combined,,5.71,Producer Milk Components,AMS_3462,3462,Dairy FMMOS,DY-NA,Washington,DC,"Washington, DC",Washington,DC,FMMOS,FMMOS - non-mars,04/09/2021 07:46:00,2002,2002-JAN,5.70,component,lmprs,
Dec,2002,,Central,32.0,5.71,Producer Milk Components,AMS_3462,3462,Dairy FMMOS,DY-NA,Washington,DC,"Washington, DC",Washington,DC,FMMOS,FMMOS - non-mars,04/09/2021 07:46:00,2002,2002-JAN,5.70,component,lmprs,
Dec,2002,,Mideast,33.0,5.71,Producer Milk Components,AMS_3462,3462,Dairy FMMOS,DY-NA,Washington,DC,"Washington, DC",Washington,DC,FMMOS,FMMOS - non-mars,04/09/2021 07:46:00,2002,2002-JAN,5.66,component,lmprs,
Dec,2002,,Northeast,1.0,5.71,Producer Milk Components,AMS_3462,3462,Dairy FMMOS,DY-NA,Washington,DC,"Washington, DC",Washington,DC,FMMOS,FMMOS - non-mars,04/09/2021 07:46:00,2002,2002-JAN,5.72,component,lmprs,
Dec,2002,,Pacific Northwest,124.0,5.71,Producer Milk Components,AMS_3462,3462,Dairy FMMOS,DY-NA,Washington,DC,"Washington, DC",Washington,DC,FMMOS,FMMOS - non-mars,04/09/2021 07:46:00,2002,2002-JAN,5.70,component,lmprs,
Dec,2002,,Southwest,126.0,5.69,Producer Milk Components,AMS_3462,3462,Dairy FMMOS,DY-NA,Washington,DC,"Washington, DC",Washington,DC,FMMOS,FMMOS - non-mars,04/09/2021 07:46:00,2002,2002-JAN,5.69,component,lmprs,
Dec,2002,,Upper Midwest,30.0,5.71,Producer Milk Components,AMS_3462,3462,Dairy FMMOS,DY-NA,Washington,DC,"Washington, DC",Washington,DC,FMMOS,FMMOS - non-mars,04/09/2021 07:46:00,2002,2002-JAN,5.70,component,lmprs,
Dec,2002,,Western,135.0,5.72,Producer Milk Components,AMS_3462,3462,Dairy FMMOS,DY-NA,Washington,DC,"Washington, DC",Washington,DC,FMMOS,FMMOS - non-mars,04/09/2021 07:46:00,2002,2002-JAN,5.70,component,lmprs,
Dec,2003,,Western,135.0,5.70,Producer Milk Components,AMS_3462,3462,Dairy FMMOS,DY-NA,Washington,DC,"Washington, DC",Washington,DC,FMMOS,FMMOS - non-mars,04/09/2021 07:46:00,2003,2003-JAN,5.68,component,lmprs,
Dec,2003,,Upper Midwest,30.0,5.72,Producer Milk Components,AMS_3462,3462,Dairy FMMOS,DY-NA,Washington,DC,"Washington, DC",Washington,DC,FMMOS,FMMOS - non-mars,04/09/2021 07:46:00,2003,2003-JAN,5.71,component,lmprs,
Dec,2003,,Southwest,126.0,5.72,Producer Milk Components,AMS_3462,3462,Dairy FMMOS,DY-NA,Washington,DC,"Washington, DC",Washington,DC,FMMOS,FMMOS - non-mars,04/09/2021 07:46:00,2003,2003-JAN,5.69,component,lmprs,
Dec,2003,,Pacific Northwest,124.0,5.69,Producer Milk Components,AMS_3462,3462,Dairy FMMOS,DY-NA,Washington,DC,"Washington, DC",Washington,DC,FMMOS,FMMOS - non-mars,04/09/2021 07:46:00,2003,2003-JAN,5.68,component,lmprs,
Dec,2003,,Mideast,33.0,5.71,Producer Milk Components,AMS_3462,3462,Dairy FMMOS,DY-NA,Washington,DC,"Washington, DC",Washington,DC,FMMOS,FMMOS - non-mars,04/09/2021 07:46:00,2003,2003-JAN,5.71,component,lmprs,
Dec,2003,,Northeast,1.0,5.69,Producer Milk Components,AMS_3462,3462,Dairy FMMOS,DY-NA,Washington,DC,"Washington, DC",Washington,DC,FMMOS,FMMOS - non-mars,04/09/2021 07:46:00,2003,2003-JAN,5.70,component,lmprs,
Dec,2003,,Central,32.0,5.73,Producer Milk Components,AMS_3462,3462,Dairy FMMOS,DY-NA,Washington,DC,"Washington, DC",Washington,DC,FMMOS,FMMOS - non-mars,04/09/2021 07:46:00,2003,2003-JAN,5.71,component,lmprs,
Dec,2003,,All Markets Combined,,5.71,Producer Milk Components,AMS_3462,3462,Dairy FMMOS,DY-NA,Washington,DC,"Washington, DC",Washington,DC,FMMOS,FMMOS - non-mars,04/09/2021 07:46:00,2003,2003-JAN,5.70,component,lmprs,
Dec,2004,,All Markets Combined,,5.70,Producer Milk Components,AMS_3462,3462,Dairy FMMOS,DY-NA,Washington,DC,"Washington, DC",Washington,DC,FMMOS,FMMOS - non-mars,04/09/2021 07:44:00,2004,2004-JAN,5.70,component,lmprs,
Dec,2004,,Central,32.0,5.72,Producer Milk Components,AMS_3462,3462,Dairy FMMOS,DY-NA,Washington,DC,"Washington, DC",Washington,DC,FMMOS,FMMOS - non-mars,04/09/2021 07:44:00,2004,2004-JAN,5.73,component,lmprs,
Dec,2004,,Northeast,1.0,5.67,Producer Milk Components,AMS_3462,3462,Dairy FMMOS,DY-NA,Washington,DC,"Washington, DC",Washington,DC,FMMOS,FMMOS - non-mars,04/09/2021 07:44:00,2004,2004-JAN,5.68,component,lmprs,
Dec,2004,,Mideast,33.0,5.70,Producer Milk Components,AMS_3462,3462,Dairy FMMOS,DY-NA,Washington,DC,"Washington, DC",Washington,DC,FMMOS,FMMOS - non-mars,04/09/2021 07:44:00,2004,2004-JAN,5.71,component,lmprs,
Dec,2004,,Pacific Northwest,124.0,5.69,Producer Milk Components,AMS_3462,3462,Dairy FMMOS,DY-NA,Washington,DC,"Washington, DC",Washington,DC,FMMOS,FMMOS - non-mars,04/09/2021 07:44:00,2004,2004-JAN,5.68,component,lmprs,
Dec,2004,,Southwest,126.0,5.72,Producer Milk Components,AMS_3462,3462,Dairy FMMOS,DY-NA,Washington,DC,"Washington, DC",Washington,DC,FMMOS,FMMOS - non-mars,04/09/2021 07:44:00,2004,2004-JAN,5.72,component,lmprs,
Dec,2004,,Upper Midwest,30.0,5.70,Producer Milk Components,AMS_3462,3462,Dairy FMMOS,DY-NA,Washington,DC,"Washington, DC",Washington,DC,FMMOS,FMMOS - non-mars,04/09/2021 07:44:00,2004,2004-JAN,5.71,component,lmprs,
Dec,2004,,Western,135.0,5.70,Producer Milk Components,AMS_3462,3462,Dairy FMMOS,DY-NA,Washington,DC,"Washington, DC",Washington,DC,FMMOS,FMMOS - non-mars,04/09/2021 07:44:00,2004,2004-JAN,5.70,component,lmprs,
Dec,2005,,Upper Midwest,30.0,5.71,Producer Milk Components,AMS_3462,3462,Dairy FMMOS,DY-NA,Washington,DC,"Washington, DC",Washington,DC,FMMOS,FMMOS - non-mars,03/30/2021 14:16:00,2005,2005-JAN,5.69,component,lmprs,
Dec,2005,,Southwest,126.0,5.72,Producer Milk Components,AMS_3462,3462,Dairy FMMOS,DY-NA,Washington,DC,"Washington, DC",Washington,DC,FMMOS,FMMOS - non-mars,03/30/2021 14:16:00,2005,2005-JAN,5.69,component,lmprs,
Dec,2005,,Pacific Northwest,124.0,5.71,Producer Milk Components,AMS_3462,3462,Dairy FMMOS,DY-NA,Washington,DC,"Washington, DC",Washington,DC,FMMOS,FMMOS - non-mars,03/30/2021 14:16:00,2005,2005-JAN,5.69,component,lmprs,
Dec,2005,,Mideast,33.0,5.71,Producer Milk Components,AMS_3462,3462,Dairy FMMOS,DY-NA,Washington,DC,"Washington, DC",Washington,DC,FMMOS,FMMOS - non-mars,03/30/2021 14:16:00,2005,2005-JAN,5.70,component,lmprs,
Dec,2005,,Northeast,1.0,5.69,Producer Milk Components,AMS_3462,3462,Dairy FMMOS,DY-NA,Washington,DC,"Washington, DC",Washington,DC,FMMOS,FMMOS - non-mars,03/30/2021 14:16:00,2005,2005-JAN,5.68,component,lmprs,
Dec,2005,,Central,32.0,5.73,Producer Milk Components,AMS_3462,3462,Dairy FMMOS,DY-NA,Washington,DC,"Washington, DC",Washington,DC,FMMOS,FMMOS - non-mars,03/30/2021 14:16:00,2005,2005-JAN,5.70,component,lmprs,
Dec,2005,,All Markets Combined,,5.71,Producer Milk Components,AMS_3462,3462,Dairy FMMOS,DY-NA,Washington,DC,"Washington, DC",Washington,DC,FMMOS,FMMOS - non-mars,03/30/2021 14:16:00,2005,2005-JAN,5.69,component,lmprs,
Dec,2006,,All Markets Combined,,5.71,Producer Milk Components,AMS_3462,3462,Dairy FMMOS,DY-NA,Washington,DC,"Washington, DC",Washington,DC,FMMOS,FMMOS - non-mars,03/30/2021 14:16:00,2006,2006-JAN,5.72,component,lmprs,
Dec,2006,,Central,32.0,5.73,Producer Milk Components,AMS_3462,3462,Dairy FMMOS,DY-NA,Washington,DC,"Washington, DC",Washington,DC,FMMOS,FMMOS - non-mars,03/30/2021 14:16:00,2006,2006-JAN,5.73,component,lmprs,
Dec,2006,,Northeast,1.0,5.70,Producer Milk Components,AMS_3462,3462,Dairy FMMOS,DY-NA,Washington,DC,"Washington, DC",Washington,DC,FMMOS,FMMOS - non-mars,03/30/2021 14:16:00,2006,2006-JAN,5.71,component,lmprs,
Dec,2006,,Mideast,33.0,5.71,Producer Milk Components,AMS_3462,3462,Dairy FMMOS,DY-NA,Washington,DC,"Washington, DC",Washington,DC,FMMOS,FMMOS - non-mars,03/30/2021 14:16:00,2006,2006-JAN,5.73,component,lmprs,
Dec,2006,,Pacific Northwest,124.0,5.70,Producer Milk Components,AMS_3462,3462,Dairy FMMOS,DY-NA,Washington,DC,"Washington, DC",Washington,DC,FMMOS,FMMOS - non-mars,03/30/2021 14:16:00,2006,2006-JAN,5.70,component,lmprs,
Dec,2006,,Southwest,126.0,5.70,Producer Milk Components,AMS_3462,3462,Dairy FMMOS,DY-NA,Washington,DC,"Washington, DC",Washington,DC,FMMOS,FMMOS - non-mars,03/30/2021 14:16:00,2006,2006-JAN,5.71,component,lmprs,
Dec,2006,,Upper Midwest,30.0,5.72,Producer Milk Components,AMS_3462,3462,Dairy FMMOS,DY-NA,Washington,DC,"Washington, DC",Washington,DC,FMMOS,FMMOS - non-mars,03/30/2021 14:16:00,2006,2006-JAN,5.71,component,lmprs,
Dec,2007,,Upper Midwest,30.0,5.71,Producer Milk Components,AMS_3462,3462,Dairy FMMOS,DY-NA,Washington,DC,"Washington, DC",Washington,DC,FMMOS,FMMOS - non-mars,03/30/2021 14:16:00,2007,2007-JAN,5.73,component,lmprs,
Dec,2007,,Southwest,126.0,5.69,Producer Milk Components,AMS_3462,3462,Dairy FMMOS,DY-NA,Washington,DC,"Washington, DC",Washington,DC,FMMOS,FMMOS - non-mars,03/30/2021 14:16:00,2007,2007-JAN,5.68,component,lmprs,
Dec,2007,,Pacific Northwest,124.0,5.71,Producer Milk Components,AMS_3462,3462,Dairy FMMOS,DY-NA,Washington,DC,"Washington, DC",Washington,DC,FMMOS,FMMOS - non-mars,03/30/2021 14:16:00,2007,2007-JAN,5.66,component,lmprs,
Dec,2007,,Mideast,33.0,5.71,Producer Milk Components,AMS_3462,3462,Dairy FMMOS,DY-NA,Washington,DC,"Washington, DC",Washington,DC,FMMOS,FMMOS - non-mars,03/30/2021 14:16:00,2007,2007-JAN,5.70,component,lmprs,
Dec,2007,,Northeast,1.0,5.71,Producer Milk Components,AMS_3462,3462,Dairy FMMOS,DY-NA,Washington,DC,"Washington, DC",Washington,DC,FMMOS,FMMOS - non-mars,03/30/2021 14:16:00,2007,2007-JAN,5.72,component,lmprs,
Dec,2007,,Central,32.0,5.71,Producer Milk Components,AMS_3462,3462,Dairy FMMOS,DY-NA,Washington,DC,"Washington, DC",Washington,DC,FMMOS,FMMOS - non-mars,03/30/2021 14:16:00,2007,2007-JAN,5.73,component,lmprs,
Dec,2007,,All Markets Combined,,5.71,Producer Milk Components,AMS_3462,3462,Dairy FMMOS,DY-NA,Washington,DC,"Washington, DC",Washington,DC,FMMOS,FMMOS - non-mars,03/30/2021 14:16:00,2007,2007-JAN,5.71,component,lmprs,
Dec,2008,,All Markets Combined,,5.71,Producer Milk Components,AMS_3462,3462,Dairy FMMOS,DY-NA,Washington,DC,"Washington, DC",Washington,DC,FMMOS,FMMOS - non-mars,03/30/2021 14:15:00,2008,2008-JAN,5.71,component,lmprs,
Dec,2008,,Central,32.0,5.72,Producer Milk Components,AMS_3462,3462,Dairy FMMOS,DY-NA,Washington,DC,"Washington, DC",Washington,DC,FMMOS,FMMOS - non-mars,03/30/2021 14:15:00,2008,2008-JAN,5.70,component,lmprs,
Dec,2008,,Northeast,1.0,5.71,Producer Milk Components,AMS_3462,3462,Dairy FMMOS,DY-NA,Washington,DC,"Washington, DC",Washington,DC,FMMOS,FMMOS - non-mars,03/30/2021 14:15:00,2008,2008-JAN,5.73,component,lmprs,
Dec,2008,,Mideast,33.0,5.70,Producer Milk Components,AMS_3462,3462,Dairy FMMOS,DY-NA,Washington,DC,"Washington, DC",Washington,DC,FMMOS,FMMOS - non-mars,03/30/2021 14:15:00,2008,2008-JAN,5.70,component,lmprs,
Dec,2008,,Pacific Northwest,124.0,5.70,Producer Milk Components,AMS_3462,3462,Dairy FMMOS,DY-NA,Washington,DC,"Washington, DC",Washington,DC,FMMOS,FMMOS - non-mars,03/30/2021 14:15:00,2008,2008-JAN,5.73,component,lmprs,
Dec,2008,,Southwest,126.0,5.73,Producer Milk Components,AMS_3462,3462,Dairy FMMOS,DY-NA,Washington,DC,"Washington, DC",Washington,DC,FMMOS,FMMOS - non-mars,03/30/2021 14:15:00,2008,2008-JAN,5.71,component,lmprs,
Dec,2008,,Upper Midwest,30.0,5.71,Producer Milk Components,AMS_3462,3462,Dairy FMMOS,DY-NA,Washington,DC,"Washington, DC",Washington,DC,FMMOS,FMMOS - non-mars,03/30/2021 14:15:00,2008,2008-JAN,5.69,component,lmprs,
Dec,2009,,Upper Midwest,30.0,5.73,Producer Milk Components,AMS_3462,3462,Dairy FMMOS,DY-NA,Washington,DC,"Washington, DC",Washington,DC,FMMOS,FMMOS - non-mars,03/30/2021 14:15:00,2009,2009-JAN,5.71,component,lmprs,
Dec,2009,,Southwest,126.0,5.74,Producer Milk Components,AMS_3462,3462,Dairy FMMOS,DY-NA,Washington,DC,"Washington, DC",Washington,DC,FMMOS,FMMOS - non-mars,03/30/2021 14:15:00,2009,2009-JAN,5.71,component,lmprs,
Dec,2009,,Pacific Northwest,124.0,5.69,Producer Milk Components,AMS_3462,3462,Dairy FMMOS,DY-NA,Washington,DC,"Washington, DC",Washington,DC,FMMOS,FMMOS - non-mars,03/30/2021 14:15:00,2009,2009-JAN,5.68,component,lmprs,
Dec,2009,,Mideast,33.0,5.69,Producer Milk Components,AMS_3462,3462,Dairy FMMOS,DY-NA,Washington,DC,"Washington, DC",Washington,DC,FMMOS,FMMOS - non-mars,03/30/2021 14:15:00,2009,2009-JAN,5.69,component,lmprs,
Dec,2009,,Northeast,1.0,5.69,Producer Milk Components,AMS_3462,3462,Dairy FMMOS,DY-NA,Washington,DC,"Washington, DC",Washington,DC,FMMOS,FMMOS - non-mars,03/30/2021 14:15:00,2009,2009-JAN,5.70,component,lmprs,
Dec,2009,,Central,32.0,5.74,Producer Milk Components,AMS_3462,3462,Dairy FMMOS,DY-NA,Washington,DC,"Washington, DC",Washington,DC,FMMOS,FMMOS - non-mars,03/30/2021 14:15:00,2009,2009-JAN,5.73,component,lmprs,
Dec,2009,,All Markets Combined,,5.71,Producer Milk Components,AMS_3462,3462,Dairy FMMOS,DY-NA,Washington,DC,"Washington, DC",Washington,DC,FMMOS,FMMOS - non-mars,03/30/2021 14:15:00,2009,2009-JAN,5.70,component,lmprs,
Dec,2010,,All Markets Combined,,5.74,Producer Milk Components,AMS_3462,3462,Dairy FMMOS,DY-NA,Washington,DC,"Washington, DC",Washington,DC,FMMOS,FMMOS - non-mars,03/30/2021 14:14:00,2010,2010-JAN,5.73,component,lmprs,
Dec,2010,,Central,32.0,5.74,Producer Milk Components,AMS_3462,3462,Dairy FMMOS,DY-NA,Washington,DC,"Washington, DC",Washington,DC,FMMOS,FMMOS - non-mars,03/30/2021 14:14:00,2010,2010-JAN,5.74,component,lmprs,
Dec,2010,,Northeast,1.0,5.72,Producer Milk Components,AMS_3462,3462,Dairy FMMOS,DY-NA,Washington,DC,"Washington, DC",Washington,DC,FMMOS,FMMOS - non-mars,03/30/2021 14:14:00,2010,2010-JAN,5.71,component,lmprs,
Dec,2010,,Mideast,33.0,5.71,Producer Milk Components,AMS_3462,3462,Dairy FMMOS,DY-NA,Washington,DC,"Washington, DC",Washington,DC,FMMOS,FMMOS - non-mars,03/30/2021 14:14:00,2010,2010-JAN,5.70,component,lmprs,
Dec,2010,,Pacific Northwest,124.0,5.71,Producer Milk Components,AMS_3462,3462,Dairy FMMOS,DY-NA,Washington,DC,"Washington, DC",Washington,DC,FMMOS,FMMOS - non-mars,03/30/2021 14:14:00,2010,2010-JAN,5.69,component,lmprs,
Dec,2010,,Southwest,126.0,5.76,Producer Milk Components,AMS_3462,3462,Dairy FMMOS,DY-NA,Washington,DC,"Washington, DC",Washington,DC,FMMOS,FMMOS - non-mars,03/30/2021 14:14:00,2010,2010-JAN,5.75,component,lmprs,
Dec,2010,,Upper Midwest,30.0,5.76,Producer Milk Components,AMS_3462,3462,Dairy FMMOS,DY-NA,Washington,DC,"Washington, DC",Washington,DC,FMMOS,FMMOS - non-mars,03/30/2021 14:14:00,2010,2010-JAN,5.75,component,lmprs,
Dec,2011,,Southwest,126.0,5.75,Producer Milk Components,AMS_3462,3462,Dairy FMMOS,DY-NA,Washington,DC,"Washington, DC",Washington,DC,FMMOS,FMMOS - non-mars,03/30/2021 14:14:00,2011,2011-JAN,5.76,component,lmprs,
Dec,2011,,Upper Midwest,30.0,5.74,Producer Milk Components,AMS_3462,3462,Dairy FMMOS,DY-NA,Washington,DC,"Washington, DC",Washington,DC,FMMOS,FMMOS - non-mars,03/30/2021 14:14:00,2011,2011-JAN,5.75,component,lmprs,
Dec,2011,,Pacific Northwest,124.0,5.73,Producer Milk Components,AMS_3462,3462,Dairy FMMOS,DY-NA,Washington,DC,"Washington, DC",Washington,DC,FMMOS,FMMOS - non-mars,03/30/2021 14:14:00,2011,2011-JAN,5.72,component,lmprs,
Dec,2011,,Northeast,1.0,5.73,Producer Milk Components,AMS_3462,3462,Dairy FMMOS,DY-NA,Washington,DC,"Washington, DC",Washington,DC,FMMOS,FMMOS - non-mars,03/30/2021 14:14:00,2011,2011-JAN,5.74,component,lmprs,
Dec,2011,,Central,32.0,5.73,Producer Milk Components,AMS_3462,3462,Dairy FMMOS,DY-NA,Washington,DC,"Washington, DC",Washington,DC,FMMOS,FMMOS - non-mars,03/30/2021 14:14:00,2011,2011-JAN,5.73,component,lmprs,
Dec,2011,,Mideast,33.0,5.71,Producer Milk Components,AMS_3462,3462,Dairy FMMOS,DY-NA,Washington,DC,"Washington, DC",Washington,DC,FMMOS,FMMOS - non-mars,03/30/2021 14:14:00,2011,2011-JAN,5.71,component,lmprs,
Dec,2011,,All Markets Combined,,5.73,Producer Milk Components,AMS_3462,3462,Dairy FMMOS,DY-NA,Washington,DC,"Washington, DC",Washington,DC,FMMOS,FMMOS - non-mars,03/30/2021 14:14:00,2011,2011-JAN,5.74,component,lmprs,
Dec,2012,,All Markets Combined,,5.75,Producer Milk Components,AMS_3462,3462,Dairy FMMOS,DY-NA,Washington,DC,"Washington, DC",Washington,DC,FMMOS,FMMOS - non-mars,03/30/2021 14:13:00,2012,2012-JAN,5.75,component,lmprs,
Dec,2012,,Mideast,33.0,5.74,Producer Milk Components,AMS_3462,3462,Dairy FMMOS,DY-NA,Washington,DC,"Washington, DC",Washington,DC,FMMOS,FMMOS - non-mars,03/30/2021 14:13:00,2012,2012-JAN,5.73,component,lmprs,
Dec,2012,,Central,32.0,5.75,Producer Milk Components,AMS_3462,3462,Dairy FMMOS,DY-NA,Washington,DC,"Washington, DC",Washington,DC,FMMOS,FMMOS - non-mars,03/30/2021 14:13:00,2012,2012-JAN,5.73,component,lmprs,
Dec,2012,,Northeast,1.0,5.75,Producer Milk Components,AMS_3462,3462,Dairy FMMOS,DY-NA,Washington,DC,"Washington, DC",Washington,DC,FMMOS,FMMOS - non-mars,03/30/2021 14:13:00,2012,2012-JAN,5.76,component,lmprs,
Dec,2012,,Pacific Northwest,124.0,5.74,Producer Milk Components,AMS_3462,3462,Dairy FMMOS,DY-NA,Washington,DC,"Washington, DC",Washington,DC,FMMOS,FMMOS - non-mars,03/30/2021 14:13:00,2012,2012-JAN,5.73,component,lmprs,
Dec,2012,,Upper Midwest,30.0,5.75,Producer Milk Components,AMS_3462,3462,Dairy FMMOS,DY-NA,Washington,DC,"Washington, DC",Washington,DC,FMMOS,FMMOS - non-mars,03/30/2021 14:13:00,2012,2012-JAN,5.76,component,lmprs,
Dec,2012,,Southwest,126.0,5.77,Producer Milk Components,AMS_3462,3462,Dairy FMMOS,DY-NA,Washington,DC,"Washington, DC",Washington,DC,FMMOS,FMMOS - non-mars,03/30/2021 14:13:00,2012,2012-JAN,5.74,component,lmprs,
Dec,2013,,Southwest,126.0,5.77,Producer Milk Components,AMS_3462,3462,Dairy FMMOS,DY-NA,Washington,DC,"Washington, DC",Washington,DC,FMMOS,FMMOS - non-mars,03/30/2021 14:13:00,2013,2013-JAN,5.79,component,lmprs,
Dec,2013,,Upper Midwest,30.0,5.74,Producer Milk Components,AMS_3462,3462,Dairy FMMOS,DY-NA,Washington,DC,"Washington, DC",Washington,DC,FMMOS,FMMOS - non-mars,03/30/2021 14:13:00,2013,2013-JAN,5.74,component,lmprs,
Dec,2013,,Pacific Northwest,124.0,5.73,Producer Milk Components,AMS_3462,3462,Dairy FMMOS,DY-NA,Washington,DC,"Washington, DC",Washington,DC,FMMOS,FMMOS - non-mars,03/30/2021 14:13:00,2013,2013-JAN,5.73,component,lmprs,
Dec,2013,,Northeast,1.0,5.73,Producer Milk Components,AMS_3462,3462,Dairy FMMOS,DY-NA,Washington,DC,"Washington, DC",Washington,DC,FMMOS,FMMOS - non-mars,03/30/2021 14:13:00,2013,2013-JAN,5.74,component,lmprs,
Dec,2013,,Central,32.0,5.75,Producer Milk Components,AMS_3462,3462,Dairy FMMOS,DY-NA,Washington,DC,"Washington, DC",Washington,DC,FMMOS,FMMOS - non-mars,03/30/2021 14:13:00,2013,2013-JAN,5.76,component,lmprs,
Dec,2013,,Mideast,33.0,5.74,Producer Milk Components,AMS_3462,3462,Dairy FMMOS,DY-NA,Washington,DC,"Washington, DC",Washington,DC,FMMOS,FMMOS - non-mars,03/30/2021 14:13:00,2013,2013-JAN,5.75,component,lmprs,
Dec,2013,,All Markets Combined,,5.74,Producer Milk Components,AMS_3462,3462,Dairy FMMOS,DY-NA,Washington,DC,"Washington, DC",Washington,DC,FMMOS,FMMOS - non-mars,03/30/2021 14:13:00,2013,2013-JAN,5.75,component,lmprs,
Dec,2014,,All Markets Combined,,5.74,Producer Milk Components,AMS_3462,3462,Dairy FMMOS,DY-NA,Washington,DC,"Washington, DC",Washington,DC,FMMOS,FMMOS - non-mars,03/30/2021 14:13:00,2014,2014-JAN,5.72,component,lmprs,
Dec,2014,,Mideast,33.0,5.72,Producer Milk Components,AMS_3462,3462,Dairy FMMOS,DY-NA,Washington,DC,"Washington, DC",Washington,DC,FMMOS,FMMOS - non-mars,03/30/2021 14:13:00,2014,2014-JAN,5.71,component,lmprs,
Dec,2014,,Central,32.0,5.74,Producer Milk Components,AMS_3462,3462,Dairy FMMOS,DY-NA,Washington,DC,"Washington, DC",Washington,DC,FMMOS,FMMOS - non-mars,03/30/2021 14:13:00,2014,2014-JAN,5.74,component,lmprs,
Dec,2014,,Northeast,1.0,5.73,Producer Milk Components,AMS_3462,3462,Dairy FMMOS,DY-NA,Washington,DC,"Washington, DC",Washington,DC,FMMOS,FMMOS - non-mars,03/30/2021 14:13:00,2014,2014-JAN,5.72,component,lmprs,
Dec,2014,,Pacific Northwest,124.0,5.72,Producer Milk Components,AMS_3462,3462,Dairy FMMOS,DY-NA,Washington,DC,"Washington, DC",Washington,DC,FMMOS,FMMOS - non-mars,03/30/2021 14:13:00,2014,2014-JAN,5.71,component,lmprs,
Dec,2014,,Upper Midwest,30.0,5.73,Producer Milk Components,AMS_3462,3462,Dairy FMMOS,DY-NA,Washington,DC,"Washington, DC",Washington,DC,FMMOS,FMMOS - non-mars,03/30/2021 14:13:00,2014,2014-JAN,5.71,component,lmprs,
Dec,2014,,Southwest,126.0,5.76,Producer Milk Components,AMS_3462,3462,Dairy FMMOS,DY-NA,Washington,DC,"Washington, DC",Washington,DC,FMMOS,FMMOS - non-mars,03/30/2021 14:13:00,2014,2014-JAN,5.76,component,lmprs,
Dec,2015,,Southwest,126.0,5.74,Producer Milk Components,AMS_3462,3462,Dairy FMMOS,DY-NA,Washington,DC,"Washington, DC",Washington,DC,FMMOS,FMMOS - non-mars,03/30/2021 14:12:00,2015,2015-JAN,5.75,component,lmprs,
Dec,2015,,Upper Midwest,30.0,5.74,Producer Milk Components,AMS_3462,3462,Dairy FMMOS,DY-NA,Washington,DC,"Washington, DC",Washington,DC,FMMOS,FMMOS - non-mars,03/30/2021 14:12:00,2015,2015-JAN,5.74,component,lmprs,
Dec,2015,,Pacific Northwest,124.0,5.73,Producer Milk Components,AMS_3462,3462,Dairy FMMOS,DY-NA,Washington,DC,"Washington, DC",Washington,DC,FMMOS,FMMOS - non-mars,03/30/2021 14:12:00,2015,2015-JAN,5.75,component,lmprs,
Dec,2015,,Northeast,1.0,5.75,Producer Milk Components,AMS_3462,3462,Dairy FMMOS,DY-NA,Washington,DC,"Washington, DC",Washington,DC,FMMOS,FMMOS - non-mars,03/30/2021 14:12:00,2015,2015-JAN,5.73,component,lmprs,
Dec,2015,,Central,32.0,5.76,Producer Milk Components,AMS_3462,3462,Dairy FMMOS,DY-NA,Washington,DC,"Washington, DC",Washington,DC,FMMOS,FMMOS - non-mars,03/30/2021 14:12:00,2015,2015-JAN,5.75,component,lmprs,
Dec,2015,,Mideast,33.0,5.74,Producer Milk Components,AMS_3462,3462,Dairy FMMOS,DY-NA,Washington,DC,"Washington, DC",Washington,DC,FMMOS,FMMOS - non-mars,03/30/2021 14:12:00,2015,2015-JAN,5.74,component,lmprs,
Dec,2015,,All Markets Combined,,5.74,Producer Milk Components,AMS_3462,3462,Dairy FMMOS,DY-NA,Washington,DC,"Washington, DC",Washington,DC,FMMOS,FMMOS - non-mars,03/30/2021 14:12:00,2015,2015-JAN,5.74,component,lmprs,
Dec,2016,,All Markets Combined,,5.75,Producer Milk Components,AMS_3462,3462,Dairy FMMOS,DY-NA,Washington,DC,"Washington, DC",Washington,DC,FMMOS,FMMOS - non-mars,03/30/2021 14:12:00,2016,2016-JAN,5.73,component,lmprs,
Dec,2016,,Mideast,33.0,5.78,Producer Milk Components,AMS_3462,3462,Dairy FMMOS,DY-NA,Washington,DC,"Washington, DC",Washington,DC,FMMOS,FMMOS - non-mars,03/30/2021 14:12:00,2016,2016-JAN,5.74,component,lmprs,
Dec,2016,,Central,32.0,5.76,Producer Milk Components,AMS_3462,3462,Dairy FMMOS,DY-NA,Washington,DC,"Washington, DC",Washington,DC,FMMOS,FMMOS - non-mars,03/30/2021 14:12:00,2016,2016-JAN,5.75,component,lmprs,
Dec,2016,,Northeast,1.0,5.74,Producer Milk Components,AMS_3462,3462,Dairy FMMOS,DY-NA,Washington,DC,"Washington, DC",Washington,DC,FMMOS,FMMOS - non-mars,03/30/2021 14:12:00,2016,2016-JAN,5.74,component,lmprs,
Dec,2016,,Pacific Northwest,124.0,5.73,Producer Milk Components,AMS_3462,3462,Dairy FMMOS,DY-NA,Washington,DC,"Washington, DC",Washington,DC,FMMOS,FMMOS - non-mars,03/30/2021 14:12:00,2016,2016-JAN,5.73,component,lmprs,
Dec,2016,,Upper Midwest,30.0,5.74,Producer Milk Components,AMS_3462,3462,Dairy FMMOS,DY-NA,Washington,DC,"Washington, DC",Washington,DC,FMMOS,FMMOS - non-mars,03/30/2021 14:12:00,2016,2016-JAN,5.69,component,lmprs,
Dec,2016,,Southwest,126.0,5.74,Producer Milk Components,AMS_3462,3462,Dairy FMMOS,DY-NA,Washington,DC,"Washington, DC",Washington,DC,FMMOS,FMMOS - non-mars,03/30/2021 14:12:00,2016,2016-JAN,5.73,component,lmprs,
Dec,2017,,Southwest,126.0,5.74,Producer Milk Components,AMS_3462,3462,Dairy FMMOS,DY-NA,Washington,DC,"Washington, DC",Washington,DC,FMMOS,FMMOS - non-mars,03/30/2021 14:11:00,2017,2017-JAN,5.74,component,lmprs,
Dec,2017,,Upper Midwest,30.0,5.76,Producer Milk Components,AMS_3462,3462,Dairy FMMOS,DY-NA,Washington,DC,"Washington, DC",Washington,DC,FMMOS,FMMOS - non-mars,03/30/2021 14:11:00,2017,2017-JAN,5.75,component,lmprs,
Dec,2017,,Pacific Northwest,124.0,5.74,Producer Milk Components,AMS_3462,3462,Dairy FMMOS,DY-NA,Washington,DC,"Washington, DC",Washington,DC,FMMOS,FMMOS - non-mars,03/30/2021 14:11:00,2017,2017-JAN,5.73,component,lmprs,
Dec,2017,,Northeast,1.0,5.75,Producer Milk Components,AMS_3462,3462,Dairy FMMOS,DY-NA,Washington,DC,"Washington, DC",Washington,DC,FMMOS,FMMOS - non-mars,03/30/2021 14:11:00,2017,2017-JAN,5.75,component,lmprs,
Dec,2017,,Central,32.0,5.75,Producer Milk Components,AMS_3462,3462,Dairy FMMOS,DY-NA,Washington,DC,"Washington, DC",Washington,DC,FMMOS,FMMOS - non-mars,03/30/2021 14:11:00,2017,2017-JAN,5.78,component,lmprs,
Dec,2017,,Mideast,33.0,5.75,Producer Milk Components,AMS_3462,3462,Dairy FMMOS,DY-NA,Washington,DC,"Washington, DC",Washington,DC,FMMOS,FMMOS - non-mars,03/30/2021 14:11:00,2017,2017-JAN,5.74,component,lmprs,
Dec,2017,,All Markets Combined,,5.75,Producer Milk Components,AMS_3462,3462,Dairy FMMOS,DY-NA,Washington,DC,"Washington, DC",Washington,DC,FMMOS,FMMOS - non-mars,03/30/2021 14:11:00,2017,2017-JAN,5.75,component,lmprs,
Dec,2018,,All Markets Combined,,5.76,Producer Milk Components,AMS_3462,3462,Dairy FMMOS,DY-NA,Washington,DC,"Washington, DC",Washington,DC,FMMOS,FMMOS - non-mars,03/30/2021 14:09:00,2018,2018-JAN,5.74,component,lmprs,
Dec,2018,,California,51.0,5.73,Producer Milk Components,AMS_3462,3462,Dairy FMMOS,DY-NA,Washington,DC,"Washington, DC",Washington,DC,FMMOS,FMMOS - non-mars,03/30/2021 14:09:00,2018,2018-JAN,,component,lmprs,
Dec,2018,,Mideast,33.0,5.77,Producer Milk Components,AMS_3462,3462,Dairy FMMOS,DY-NA,Washington,DC,"Washington, DC",Washington,DC,FMMOS,FMMOS - non-mars,03/30/2021 14:09:00,2018,2018-JAN,5.76,component,lmprs,
Dec,2018,,Central,32.0,5.77,Producer Milk Components,AMS_3462,3462,Dairy FMMOS,DY-NA,Washington,DC,"Washington, DC",Washington,DC,FMMOS,FMMOS - non-mars,03/30/2021 14:09:00,2018,2018-JAN,5.75,component,lmprs,
Dec,2018,,Northeast,1.0,5.75,Producer Milk Components,AMS_3462,3462,Dairy FMMOS,DY-NA,Washington,DC,"Washington, DC",Washington,DC,FMMOS,FMMOS - non-mars,03/30/2021 14:09:00,2018,2018-JAN,5.73,component,lmprs,
Dec,2018,,Pacific Northwest,124.0,5.75,Producer Milk Components,AMS_3462,3462,Dairy FMMOS,DY-NA,Washington,DC,"Washington, DC",Washington,DC,FMMOS,FMMOS - non-mars,03/30/2021 14:09:00,2018,2018-JAN,5.75,component,lmprs,
Dec,2018,,Upper Midwest,30.0,5.77,Producer Milk Components,AMS_3462,3462,Dairy FMMOS,DY-NA,Washington,DC,"Washington, DC",Washington,DC,FMMOS,FMMOS - non-mars,03/30/2021 14:09:00,2018,2018-JAN,5.73,component,lmprs,
Dec,2018,,Southwest,126.0,5.76,Producer Milk Components,AMS_3462,3462,Dairy FMMOS,DY-NA,Washington,DC,"Washington, DC",Washington,DC,FMMOS,FMMOS - non-mars,03/30/2021 14:09:00,2018,2018-JAN,5.73,component,lmprs,
Dec,2019,,Upper Midwest,30.0,5.77,Producer Milk Components,AMS_3462,3462,Dairy FMMOS,DY-NA,Washington,DC,"Washington, DC",Washington,DC,FMMOS,FMMOS - non-mars,03/30/2021 14:09:00,2019,2019-JAN,5.76,component,lmprs,
Dec,2019,,Pacific Northwest,124.0,5.76,Producer Milk Components,AMS_3462,3462,Dairy FMMOS,DY-NA,Washington,DC,"Washington, DC",Washington,DC,FMMOS,FMMOS - non-mars,03/30/2021 14:09:00,2019,2019-JAN,5.74,component,lmprs,
Dec,2019,,Southwest,126.0,5.77,Producer Milk Components,AMS_3462,3462,Dairy FMMOS,DY-NA,Washington,DC,"Washington, DC",Washington,DC,FMMOS,FMMOS - non-mars,03/30/2021 14:09:00,2019,2019-JAN,5.76,component,lmprs,
Dec,2019,,Northeast,1.0,5.75,Producer Milk Components,AMS_3462,3462,Dairy FMMOS,DY-NA,Washington,DC,"Washington, DC",Washington,DC,FMMOS,FMMOS - non-mars,03/30/2021 14:09:00,2019,2019-JAN,5.74,component,lmprs,
Dec,2019,,Mideast,33.0,5.76,Producer Milk Components,AMS_3462,3462,Dairy FMMOS,DY-NA,Washington,DC,"Washington, DC",Washington,DC,FMMOS,FMMOS - non-mars,03/30/2021 14:09:00,2019,2019-JAN,5.77,component,lmprs,
Dec,2019,,California,51.0,5.75,Producer Milk Components,AMS_3462,3462,Dairy FMMOS,DY-NA,Washington,DC,"Washington, DC",Washington,DC,FMMOS,FMMOS - non-mars,03/30/2021 14:09:00,2019,2019-JAN,5.74,component,lmprs,
Dec,2019,,Central,32.0,5.78,Producer Milk Components,AMS_3462,3462,Dairy FMMOS,DY-NA,Washington,DC,"Washington, DC",Washington,DC,FMMOS,FMMOS - non-mars,03/30/2021 14:09:00,2019,2019-JAN,5.78,component,lmprs,
Dec,2019,,All Markets Combined,,5.76,Producer Milk Components,AMS_3462,3462,Dairy FMMOS,DY-NA,Washington,DC,"Washington, DC",Washington,DC,FMMOS,FMMOS - non-mars,03/30/2021 14:09:00,2019,2019-JAN,5.76,component,lmprs,
Dec,2020,,All Markets Combined,,5.77,Producer Milk Components,AMS_3462,3462,Dairy FMMOS,DY-NA,Washington,DC,"Washington, DC",Washington,DC,FMMOS,FMMOS - non-mars,02/23/2021 09:39:00,2020,2020-JAN,5.76,component,lmprs,
Dec,2020,,Central,32.0,5.79,Producer Milk Components,AMS_3462,3462,Dairy FMMOS,DY-NA,Washington,DC,"Washington, DC",Washington,DC,FMMOS,FMMOS - non-mars,02/23/2021 09:39:00,2020,2020-JAN,5.77,component,lmprs,
Dec,2020,,California,51.0,5.75,Producer Milk Components,AMS_3462,3462,Dairy FMMOS,DY-NA,Washington,DC,"Washington, DC",Washington,DC,FMMOS,FMMOS - non-mars,02/23/2021 09:39:00,2020,2020-JAN,5.75,component,lmprs,
Dec,2020,,Mideast,33.0,5.78,Producer Milk Components,AMS_3462,3462,Dairy FMMOS,DY-NA,Washington,DC,"Washington, DC",Washington,DC,FMMOS,FMMOS - non-mars,02/23/2021 09:39:00,2020,2020-JAN,5.77,component,lmprs,
Dec,2020,,Northeast,1.0,5.77,Producer Milk Components,AMS_3462,3462,Dairy FMMOS,DY-NA,Washington,DC,"Washington, DC",Washington,DC,FMMOS,FMMOS - non-mars,02/23/2021 09:39:00,2020,2020-JAN,5.77,component,lmprs,
Dec,2020,,Southwest,126.0,5.78,Producer Milk Components,AMS_3462,3462,Dairy FMMOS,DY-NA,Washington,DC,"Washington, DC",Washington,DC,FMMOS,FMMOS - non-mars,02/23/2021 09:39:00,2020,2020-JAN,5.78,component,lmprs,
Dec,2020,,Pacific Northwest,124.0,5.77,Producer Milk Components,AMS_3462,3462,Dairy FMMOS,DY-NA,Washington,DC,"Washington, DC",Washington,DC,FMMOS,FMMOS - non-mars,02/23/2021 09:39:00,2020,2020-JAN,5.75,component,lmprs,
Dec,2020,,Upper Midwest,30.0,5.77,Producer Milk Components,AMS_3462,3462,Dairy FMMOS,DY-NA,Washington,DC,"Washington, DC",Washington,DC,FMMOS,FMMOS - non-mars,02/23/2021 09:39:00,2020,2020-JAN,5.74,component,lmprs,
Dec,2021,,Southwest,126.0,5.78,Producer Milk Components,AMS_3462,3462,Dairy FMMOS,DY-NA,Washington,DC,"Washington, DC",Washington,DC,FMMOS,FMMOS - non-mars,01/31/2022 07:17:00,2021,2021-JAN,5.77,component,lmprs,
Dec,2021,,Upper Midwest,30.0,5.80,Producer Milk Components,AMS_3462,3462,Dairy FMMOS,DY-NA,Washington,DC,"Washington, DC",Washington,DC,FMMOS,FMMOS - non-mars,01/31/2022 07:17:00,2021,2021-JAN,5.78,component,lmprs,
Dec,2021,,Northeast,1.0,5.77,Producer Milk Components,AMS_3462,3462,Dairy FMMOS,DY-NA,Washington,DC,"Washington, DC",Washington,DC,FMMOS,FMMOS - non-mars,01/31/2022 07:17:00,2021,2021-JAN,5.76,component,lmprs,
Dec,2021,,Pacific Northwest,124.0,5.77,Producer Milk Components,AMS_3462,3462,Dairy FMMOS,DY-NA,Washington,DC,"Washington, DC",Washington,DC,FMMOS,FMMOS - non-mars,01/31/2022 07:17:00,2021,2021-JAN,5.77,component,lmprs,
Dec,2021,,Mideast,33.0,5.77,Producer Milk Components,AMS_3462,3462,Dairy FMMOS,DY-NA,Washington,DC,"Washington, DC",Washington,DC,FMMOS,FMMOS - non-mars,01/31/2022 07:17:00,2021,2021-JAN,5.78,component,lmprs,
Dec,2021,,Central,32.0,5.78,Producer Milk Components,AMS_3462,3462,Dairy FMMOS,DY-NA,Washington,DC,"Washington, DC",Washington,DC,FMMOS,FMMOS - non-mars,01/31/2022 07:17:00,2021,2021-JAN,5.79,component,lmprs,
Dec,2021,,California,51.0,5.75,Producer Milk Components,AMS_3462,3462,Dairy FMMOS,DY-NA,Washington,DC,"Washington, DC",Washington,DC,FMMOS,FMMOS - non-mars,01/31/2022 07:17:00,2021,2021-JAN,5.75,component,lmprs,
Dec,2021,,All Markets Combined,,5.77,Producer Milk Components,AMS_3462,3462,Dairy FMMOS,DY-NA,Washington,DC,"Washington, DC",Washington,DC,FMMOS,FMMOS - non-mars,01/31/2022 07:17:00,2021,2021-JAN,5.77,component,lmprs,
Dec,2022,,All Markets Combined,,5.78,Producer Milk Components,AMS_3462,3462,Dairy FMMOS,DY-NA,Washington,DC,"Washington, DC",Washington,DC,FMMOS,FMMOS - non-mars,01/30/2023 07:36:00,2022,2022-JAN,5.78,component,lmprs,
Dec,2022,,California,51.0,5.75,Producer Milk Components,AMS_3462,3462,Dairy FMMOS,DY-NA,Washington,DC,"Washington, DC",Washington,DC,FMMOS,FMMOS - non-mars,01/30/2023 07:36:00,2022,2022-JAN,5.75,component,lmprs,
Dec,2022,,Central,32.0,5.79,Producer Milk Components,AMS_3462,3462,Dairy FMMOS,DY-NA,Washington,DC,"Washington, DC",Washington,DC,FMMOS,FMMOS - non-mars,01/30/2023 07:36:00,2022,2022-JAN,5.79,component,lmprs,
Dec,2022,,Mideast,33.0,5.78,Producer Milk Components,AMS_3462,3462,Dairy FMMOS,DY-NA,Washington,DC,"Washington, DC",Washington,DC,FMMOS,FMMOS - non-mars,01/30/2023 07:36:00,2022,2022-JAN,5.78,component,lmprs,
Dec,2022,,Pacific Northwest,124.0,5.78,Producer Milk Components,AMS_3462,3462,Dairy FMMOS,DY-NA,Washington,DC,"Washington, DC",Washington,DC,FMMOS,FMMOS - non-mars,01/30/2023 07:36:00,2022,2022-JAN,5.77,component,lmprs,
Dec,2022,,Northeast,1.0,5.78,Producer Milk Components,AMS_3462,3462,Dairy FMMOS,DY-NA,Washington,DC,"Washington, DC",Washington,DC,FMMOS,FMMOS - non-mars,01/30/2023 07:36:00,2022,2022-JAN,5.79,component,lmprs,
Dec,2022,,Upper Midwest,30.0,5.79,Producer Milk Components,AMS_3462,3462,Dairy FMMOS,DY-NA,Washington,DC,"Washington, DC",Washington,DC,FMMOS,FMMOS - non-mars,01/30/2023 07:36:00,2022,2022-JAN,5.79,component,lmprs,
Dec,2022,,Southwest,126.0,5.79,Producer Milk Components,AMS_3462,3462,Dairy FMMOS,DY-NA,Washington,DC,"Washington, DC",Washington,DC,FMMOS,FMMOS - non-mars,01/30/2023 07:36:00,2022,2022-JAN,5.79,component,lmprs,
Dec,2023,,Southwest,126.0,5.79,Producer Milk Components,AMS_3462,3462,Dairy FMMOS,DY-NA,Washington,DC,"Washington, DC",Washington,DC,FMMOS,FMMOS - non-mars,01/30/2024 09:42:00,2023,2023-JAN,5.79,component,lmprs,
Dec,2023,,Upper Midwest,30.0,5.78,Producer Milk Components,AMS_3462,3462,Dairy FMMOS,DY-NA,Washington,DC,"Washington, DC",Washington,DC,FMMOS,FMMOS - non-mars,01/30/2024 09:42:00,2023,2023-JAN,5.76,component,lmprs,
Dec,2023,,Northeast,1.0,5.77,Producer Milk Components,AMS_3462,3462,Dairy FMMOS,DY-NA,Washington,DC,"Washington, DC",Washington,DC,FMMOS,FMMOS - non-mars,01/30/2024 09:42:00,2023,2023-JAN,5.76,component,lmprs,
Dec,2023,,Pacific Northwest,124.0,5.78,Producer Milk Components,AMS_3462,3462,Dairy FMMOS,DY-NA,Washington,DC,"Washington, DC",Washington,DC,FMMOS,FMMOS - non-mars,01/30/2024 09:42:00,2023,2023-JAN,5.77,component,lmprs,
Dec,2023,,Mideast,33.0,5.79,Producer Milk Components,AMS_3462,3462,Dairy FMMOS,DY-NA,Washington,DC,"Washington, DC",Washington,DC,FMMOS,FMMOS - non-mars,01/30/2024 09:42:00,2023,2023-JAN,5.78,component,lmprs,
Dec,2023,,Central,32.0,5.79,Producer Milk Components,AMS_3462,3462,Dairy FMMOS,DY-NA,Washington,DC,"Washington, DC",Washington,DC,FMMOS,FMMOS - non-mars,01/30/2024 09:42:00,2023,2023-JAN,5.78,component,lmprs,
Dec,2023,,California,51.0,5.75,Producer Milk Components,AMS_3462,3462,Dairy FMMOS,DY-NA,Washington,DC,"Washington, DC",Washington,DC,FMMOS,FMMOS - non-mars,01/30/2024 09:42:00,2023,2023-JAN,5.75,component,lmprs,
Dec,2023,,All Markets Combined,,5.78,Producer Milk Components,AMS_3462,3462,Dairy FMMOS,DY-NA,Washington,DC,"Washington, DC",Washington,DC,FMMOS,FMMOS - non-mars,01/30/2024 09:42:00,2023,2023-JAN,5.77,component,lmprs,
Dec,2024,,All Markets Combined,,5.78,Producer Milk Components,AMS_3462,3462,Dairy FMMOS,DY-NA,Washington,DC,"Washington, DC",Washington,DC,FMMOS,FMMOS - non-mars,01/23/2025 09:07:00,2024,2024-JAN,5.78,component,lmprs,
Dec,2024,,California,51.0,5.77,Producer Milk Components,AMS_3462,3462,Dairy FMMOS,DY-NA,Washington,DC,"Washington, DC",Washington,DC,FMMOS,FMMOS - non-mars,01/23/2025 09:07:00,2024,2024-JAN,5.76,component,lmprs,
Dec,2024,,Central,32.0,5.80,Producer Milk Components,AMS_3462,3462,Dairy FMMOS,DY-NA,Washington,DC,"Washington, DC",Washington,DC,FMMOS,FMMOS - non-mars,01/23/2025 09:07:00,2024,2024-JAN,5.78,component,lmprs,
Dec,2024,,Mideast,33.0,5.77,Producer Milk Components,AMS_3462,3462,Dairy FMMOS,DY-NA,Washington,DC,"Washington, DC",Washington,DC,FMMOS,FMMOS - non-mars,01/23/2025 09:07:00,2024,2024-JAN,5.78,component,lmprs,
Dec,2024,,Pacific Northwest,124.0,5.78,Producer Milk Components,AMS_3462,3462,Dairy FMMOS,DY-NA,Washington,DC,"Washington, DC",Washington,DC,FMMOS,FMMOS - non-mars,01/23/2025 09:07:00,2024,2024-JAN,5.79,component,lmprs,
Dec,2024,,Northeast,1.0,5.78,Producer Milk Components,AMS_3462,3462,Dairy FMMOS,DY-NA,Washington,DC,"Washington, DC",Washington,DC,FMMOS,FMMOS - non-mars,01/23/2025 09:07:00,2024,2024-JAN,5.78,component,lmprs,
Dec,2024,,Upper Midwest,30.0,5.79,Producer Milk Components,AMS_3462,3462,Dairy FMMOS,DY-NA,Washington,DC,"Washington, DC",Washington,DC,FMMOS,FMMOS - non-mars,01/23/2025 09:07:00,2024,2024-JAN,5.80,component,lmprs,
Dec,2024,,Southwest,126.0,5.80,Producer Milk Components,AMS_3462,3462,Dairy FMMOS,DY-NA,Washington,DC,"Washington, DC",Washington,DC,FMMOS,FMMOS - non-mars,01/23/2025 09:07:00,2024,2024-JAN,5.78,component,lmprs,
Dec,2025,,Southwest,126.0,5.78,Producer Milk Components,AMS_3462,3462,Dairy FMMOS,DY-NA,Washington,DC,"Washington, DC",Washington,DC,FMMOS,FMMOS - non-mars,01/21/2026 11:39:00,2025,2025-JAN,5.81,component,lmprs,
Dec,2025,,Upper Midwest,30.0,5.79,Producer Milk Components,AMS_3462,3462,Dairy FMMOS,DY-NA,Washington,DC,"Washington, DC",Washington,DC,FMMOS,FMMOS - non-mars,01/21/2026 11:39:00,2025,2025-JAN,5.79,component,lmprs,
Dec,2025,,Northeast,1.0,5.78,Producer Milk Components,AMS_3462,3462,Dairy FMMOS,DY-NA,Washington,DC,"Washington, DC",Washington,DC,FMMOS,FMMOS - non-mars,01/21/2026 11:39:00,2025,2025-JAN,5.78,component,lmprs,
Dec,2025,,Pacific Northwest,124.0,5.78,Producer Milk Components,AMS_3462,3462,Dairy FMMOS,DY-NA,Washington,DC,"Washington, DC",Washington,DC,FMMOS,FMMOS - non-mars,01/21/2026 11:39:00,2025,2025-JAN,5.81,component,lmprs,
Dec,2025,,Mideast,33.0,5.78,Producer Milk Components,AMS_3462,3462,Dairy FMMOS,DY-NA,Washington,DC,"Washington, DC",Washington,DC,FMMOS,FMMOS - non-mars,01/21/2026 11:39:00,2025,2025-JAN,5.79,component,lmprs,
Dec,2025,,Central,32.0,5.80,Producer Milk Components,AMS_3462,3462,Dairy FMMOS,DY-NA,Washington,DC,"Washington, DC",Washington,DC,FMMOS,FMMOS - non-mars,01/21/2026 11:39:00,2025,2025-JAN,5.81,component,lmprs,
Dec,2025,,California,51.0,5.78,Producer Milk Components,AMS_3462,3462,Dairy FMMOS,DY-NA,Washington,DC,"Washington, DC",Washington,DC,FMMOS,FMMOS - non-mars,01/21/2026 11:39:00,2025,2025-JAN,5.79,component,lmprs,
Dec,2025,,All Markets Combined,,5.78,Producer Milk Components,AMS_3462,3462,Dairy FMMOS,DY-NA,Washington,DC,"Washington, DC",Washington,DC,FMMOS,FMMOS - non-mars,01/21/2026 11:39:00,2025,2025-JAN,5.79,component,lmprs,
Mar,2026,,All Markets Combined,,5.77,Producer Milk Components,AMS_3462,3462,Dairy FMMOS,DY-NA,Washington,DC,"Washington, DC",Washington,DC,FMMOS,FMMOS - non-mars,04/21/2026 05:48:00,2026,2026-JAN,5.77,component,lmprs,
Mar,2026,,California,51.0,5.76,Producer Milk Components,AMS_3462,3462,Dairy FMMOS,DY-NA,Washington,DC,"Washington, DC",Washington,DC,FMMOS,FMMOS - non-mars,04/21/2026 05:48:00,2026,2026-JAN,5.76,component,lmprs,
Mar,2026,,Central,32.0,5.79,Producer Milk Components,AMS_3462,3462,Dairy FMMOS,DY-NA,Washington,DC,"Washington, DC",Washington,DC,FMMOS,FMMOS - non-mars,04/21/2026 05:48:00,2026,2026-JAN,5.80,component,lmprs,
Mar,2026,,Mideast,33.0,5.78,Producer Milk Components,AMS_3462,3462,Dairy FMMOS,DY-NA,Washington,DC,"Washington, DC",Washington,DC,FMMOS,FMMOS - non-mars,04/21/2026 05:48:00,2026,2026-JAN,5.78,component,lmprs,
Mar,2026,,Pacific Northwest,124.0,5.76,Producer Milk Components,AMS_3462,3462,Dairy FMMOS,DY-NA,Washington,DC,"Washington, DC",Washington,DC,FMMOS,FMMOS - non-mars,04/21/2026 05:48:00,2026,2026-JAN,5.77,component,lmprs,
Mar,2026,,Northeast,1.0,5.76,Producer Milk Components,AMS_3462,3462,Dairy FMMOS,DY-NA,Washington,DC,"Washington, DC",Washington,DC,FMMOS,FMMOS - non-mars,04/21/2026 05:48:00,2026,2026-JAN,5.76,component,lmprs,
Mar,2026,,Upper Midwest,30.0,5.78,Producer Milk Components,AMS_3462,3462,Dairy FMMOS,DY-NA,Washington,DC,"Washington, DC",Washington,DC,FMMOS,FMMOS - non-mars,04/21/2026 05:48:00,2026,2026-JAN,5.78,component,lmprs,
Mar,2026,,Southwest,126.0,5.77,Producer Milk Components,AMS_3462,3462,Dairy FMMOS,DY-NA,Washington,DC,"Washington, DC",Washington,DC,FMMOS,FMMOS - non-mars,04/21/2026 05:48:00,2026,2026-JAN,5.77,component,lmprs,
Dec,2000,,All Markets Combined,,5.69,Producer Milk Components,AMS_3462,3462,Dairy FMMOS,DY-NA,Washington,DC,"Washington, DC",Washington,DC,FMMOS,FMMOS - non-mars,04/09/2021 07:48:00,2000,2000-FEB,5.68,component,lmprs,
Dec,2000,,Central,32.0,5.70,Producer Milk Components,AMS_3462,3462,Dairy FMMOS,DY-NA,Washington,DC,"Washington, DC",Washington,DC,FMMOS,FMMOS - non-mars,04/09/2021 07:48:00,2000,2000-FEB,5.69,component,lmprs,
Dec,2000,,Mideast,33.0,5.69,Producer Milk Components,AMS_3462,3462,Dairy FMMOS,DY-NA,Washington,DC,"Washington, DC",Washington,DC,FMMOS,FMMOS - non-mars,04/09/2021 07:48:00,2000,2000-FEB,5.69,component,lmprs,
Dec,2000,,Northeast,1.0,5.67,Producer Milk Components,AMS_3462,3462,Dairy FMMOS,DY-NA,Washington,DC,"Washington, DC",Washington,DC,FMMOS,FMMOS - non-mars,04/09/2021 07:48:00,2000,2000-FEB,5.66,component,lmprs,
Dec,2000,,Pacific Northwest,124.0,5.71,Producer Milk Components,AMS_3462,3462,Dairy FMMOS,DY-NA,Washington,DC,"Washington, DC",Washington,DC,FMMOS,FMMOS - non-mars,04/09/2021 07:48:00,2000,2000-FEB,5.72,component,lmprs,
Dec,2000,,Southwest,126.0,5.67,Producer Milk Components,AMS_3462,3462,Dairy FMMOS,DY-NA,Washington,DC,"Washington, DC",Washington,DC,FMMOS,FMMOS - non-mars,04/09/2021 07:48:00,2000,2000-FEB,5.70,component,lmprs,
Dec,2000,,Upper Midwest,30.0,5.70,Producer Milk Components,AMS_3462,3462,Dairy FMMOS,DY-NA,Washington,DC,"Washington, DC",Washington,DC,FMMOS,FMMOS - non-mars,04/09/2021 07:48:00,2000,2000-FEB,5.68,component,lmprs,
Dec,2000,,Western,135.0,5.75,Producer Milk Components,AMS_3462,3462,Dairy FMMOS,DY-NA,Washington,DC,"Washington, DC",Washington,DC,FMMOS,FMMOS - non-mars,04/09/2021 07:48:00,2000,2000-FEB,5.70,component,lmprs,
Dec,2001,,Western,135.0,5.71,Producer Milk Components,AMS_3462,3462,Dairy FMMOS,DY-NA,Washington,DC,"Washington, DC",Washington,DC,FMMOS,FMMOS - non-mars,04/09/2021 07:46:00,2001,2001-FEB,5.72,component,lmprs,
Dec,2001,,Upper Midwest,30.0,5.70,Producer Milk Components,AMS_3462,3462,Dairy FMMOS,DY-NA,Washington,DC,"Washington, DC",Washington,DC,FMMOS,FMMOS - non-mars,04/09/2021 07:46:00,2001,2001-FEB,5.70,component,lmprs,
Dec,2001,,Southwest,126.0,5.67,Producer Milk Components,AMS_3462,3462,Dairy FMMOS,DY-NA,Washington,DC,"Washington, DC",Washington,DC,FMMOS,FMMOS - non-mars,04/09/2021 07:46:00,2001,2001-FEB,5.69,component,lmprs,
Dec,2001,,Pacific Northwest,124.0,5.70,Producer Milk Components,AMS_3462,3462,Dairy FMMOS,DY-NA,Washington,DC,"Washington, DC",Washington,DC,FMMOS,FMMOS - non-mars,04/09/2021 07:46:00,2001,2001-FEB,5.70,component,lmprs,
Dec,2001,,Northeast,1.0,5.69,Producer Milk Components,AMS_3462,3462,Dairy FMMOS,DY-NA,Washington,DC,"Washington, DC",Washington,DC,FMMOS,FMMOS - non-mars,04/09/2021 07:46:00,2001,2001-FEB,5.70,component,lmprs,
Dec,2001,,Mideast,33.0,5.70,Producer Milk Components,AMS_3462,3462,Dairy FMMOS,DY-NA,Washington,DC,"Washington, DC",Washington,DC,FMMOS,FMMOS - non-mars,04/09/2021 07:46:00,2001,2001-FEB,5.69,component,lmprs,
Dec,2001,,Central,32.0,5.70,Producer Milk Components,AMS_3462,3462,Dairy FMMOS,DY-NA,Washington,DC,"Washington, DC",Washington,DC,FMMOS,FMMOS - non-mars,04/09/2021 07:46:00,2001,2001-FEB,5.71,component,lmprs,
Dec,2001,,All Markets Combined,,5.70,Producer Milk Components,AMS_3462,3462,Dairy FMMOS,DY-NA,Washington,DC,"Washington, DC",Washington,DC,FMMOS,FMMOS - non-mars,04/09/2021 07:46:00,2001,2001-FEB,5.70,component,lmprs,
Dec,2002,,All Markets Combined,,5.71,Producer Milk Components,AMS_3462,3462,Dairy FMMOS,DY-NA,Washington,DC,"Washington, DC",Washington,DC,FMMOS,FMMOS - non-mars,04/09/2021 07:46:00,2002,2002-FEB,5.71,component,lmprs,
Dec,2002,,Central,32.0,5.71,Producer Milk Components,AMS_3462,3462,Dairy FMMOS,DY-NA,Washington,DC,"Washington, DC",Washington,DC,FMMOS,FMMOS - non-mars,04/09/2021 07:46:00,2002,2002-FEB,5.71,component,lmprs,
Dec,2002,,Mideast,33.0,5.71,Producer Milk Components,AMS_3462,3462,Dairy FMMOS,DY-NA,Washington,DC,"Washington, DC",Washington,DC,FMMOS,FMMOS - non-mars,04/09/2021 07:46:00,2002,2002-FEB,5.71,component,lmprs,
Dec,2002,,Northeast,1.0,5.71,Producer Milk Components,AMS_3462,3462,Dairy FMMOS,DY-NA,Washington,DC,"Washington, DC",Washington,DC,FMMOS,FMMOS - non-mars,04/09/2021 07:46:00,2002,2002-FEB,5.72,component,lmprs,
Dec,2002,,Pacific Northwest,124.0,5.71,Producer Milk Components,AMS_3462,3462,Dairy FMMOS,DY-NA,Washington,DC,"Washington, DC",Washington,DC,FMMOS,FMMOS - non-mars,04/09/2021 07:46:00,2002,2002-FEB,5.71,component,lmprs,
Dec,2002,,Southwest,126.0,5.69,Producer Milk Components,AMS_3462,3462,Dairy FMMOS,DY-NA,Washington,DC,"Washington, DC",Washington,DC,FMMOS,FMMOS - non-mars,04/09/2021 07:46:00,2002,2002-FEB,5.69,component,lmprs,
Dec,2002,,Upper Midwest,30.0,5.71,Producer Milk Components,AMS_3462,3462,Dairy FMMOS,DY-NA,Washington,DC,"Washington, DC",Washington,DC,FMMOS,FMMOS - non-mars,04/09/2021 07:46:00,2002,2002-FEB,5.70,component,lmprs,
Dec,2002,,Western,135.0,5.72,Producer Milk Components,AMS_3462,3462,Dairy FMMOS,DY-NA,Washington,DC,"Washington, DC",Washington,DC,FMMOS,FMMOS - non-mars,04/09/2021 07:46:00,2002,2002-FEB,5.72,component,lmprs,
Dec,2003,,Western,135.0,5.70,Producer Milk Components,AMS_3462,3462,Dairy FMMOS,DY-NA,Washington,DC,"Washington, DC",Washington,DC,FMMOS,FMMOS - non-mars,04/09/2021 07:46:00,2003,2003-FEB,5.68,component,lmprs,
Dec,2003,,Upper Midwest,30.0,5.72,Producer Milk Components,AMS_3462,3462,Dairy FMMOS,DY-NA,Washington,DC,"Washington, DC",Washington,DC,FMMOS,FMMOS - non-mars,04/09/2021 07:46:00,2003,2003-FEB,5.71,component,lmprs,
Dec,2003,,Southwest,126.0,5.72,Producer Milk Components,AMS_3462,3462,Dairy FMMOS,DY-NA,Washington,DC,"Washington, DC",Washington,DC,FMMOS,FMMOS - non-mars,04/09/2021 07:46:00,2003,2003-FEB,5.70,component,lmprs,
Dec,2003,,Pacific Northwest,124.0,5.69,Producer Milk Components,AMS_3462,3462,Dairy FMMOS,DY-NA,Washington,DC,"Washington, DC",Washington,DC,FMMOS,FMMOS - non-mars,04/09/2021 07:46:00,2003,2003-FEB,5.69,component,lmprs,
Dec,2003,,Mideast,33.0,5.71,Producer Milk Components,AMS_3462,3462,Dairy FMMOS,DY-NA,Washington,DC,"Washington, DC",Washington,DC,FMMOS,FMMOS - non-mars,04/09/2021 07:46:00,2003,2003-FEB,5.71,component,lmprs,
Dec,2003,,Northeast,1.0,5.69,Producer Milk Components,AMS_3462,3462,Dairy FMMOS,DY-NA,Washington,DC,"Washington, DC",Washington,DC,FMMOS,FMMOS - non-mars,04/09/2021 07:46:00,2003,2003-FEB,5.70,component,lmprs,
Dec,2003,,Central,32.0,5.73,Producer Milk Components,AMS_3462,3462,Dairy FMMOS,DY-NA,Washington,DC,"Washington, DC",Washington,DC,FMMOS,FMMOS - non-mars,04/09/2021 07:46:00,2003,2003-FEB,5.71,component,lmprs,
Dec,2003,,All Markets Combined,,5.71,Producer Milk Components,AMS_3462,3462,Dairy FMMOS,DY-NA,Washington,DC,"Washington, DC",Washington,DC,FMMOS,FMMOS - non-mars,04/09/2021 07:46:00,2003,2003-FEB,5.70,component,lmprs,
Dec,2004,,All Markets Combined,,5.70,Producer Milk Components,AMS_3462,3462,Dairy FMMOS,DY-NA,Washington,DC,"Washington, DC",Washington,DC,FMMOS,FMMOS - non-mars,04/09/2021 07:44:00,2004,2004-FEB,5.69,component,lmprs,
Dec,2004,,Central,32.0,5.72,Producer Milk Components,AMS_3462,3462,Dairy FMMOS,DY-NA,Washington,DC,"Washington, DC",Washington,DC,FMMOS,FMMOS - non-mars,04/09/2021 07:44:00,2004,2004-FEB,5.71,component,lmprs,
Dec,2004,,Northeast,1.0,5.67,Producer Milk Components,AMS_3462,3462,Dairy FMMOS,DY-NA,Washington,DC,"Washington, DC",Washington,DC,FMMOS,FMMOS - non-mars,04/09/2021 07:44:00,2004,2004-FEB,5.66,component,lmprs,
Dec,2004,,Mideast,33.0,5.70,Producer Milk Components,AMS_3462,3462,Dairy FMMOS,DY-NA,Washington,DC,"Washington, DC",Washington,DC,FMMOS,FMMOS - non-mars,04/09/2021 07:44:00,2004,2004-FEB,5.71,component,lmprs,
Dec,2004,,Pacific Northwest,124.0,5.69,Producer Milk Components,AMS_3462,3462,Dairy FMMOS,DY-NA,Washington,DC,"Washington, DC",Washington,DC,FMMOS,FMMOS - non-mars,04/09/2021 07:44:00,2004,2004-FEB,5.68,component,lmprs,
Dec,2004,,Southwest,126.0,5.72,Producer Milk Components,AMS_3462,3462,Dairy FMMOS,DY-NA,Washington,DC,"Washington, DC",Washington,DC,FMMOS,FMMOS - non-mars,04/09/2021 07:44:00,2004,2004-FEB,5.74,component,lmprs,
Dec,2004,,Upper Midwest,30.0,5.70,Producer Milk Components,AMS_3462,3462,Dairy FMMOS,DY-NA,Washington,DC,"Washington, DC",Washington,DC,FMMOS,FMMOS - non-mars,04/09/2021 07:44:00,2004,2004-FEB,5.69,component,lmprs,
Dec,2004,,Western,135.0,5.70,Producer Milk Components,AMS_3462,3462,Dairy FMMOS,DY-NA,Washington,DC,"Washington, DC",Washington,DC,FMMOS,FMMOS - non-mars,04/09/2021 07:44:00,2004,2004-FEB,5.69,component,lmprs,
Dec,2005,,Upper Midwest,30.0,5.71,Producer Milk Components,AMS_3462,3462,Dairy FMMOS,DY-NA,Washington,DC,"Washington, DC",Washington,DC,FMMOS,FMMOS - non-mars,03/30/2021 14:16:00,2005,2005-FEB,5.70,component,lmprs,
Dec,2005,,Southwest,126.0,5.72,Producer Milk Components,AMS_3462,3462,Dairy FMMOS,DY-NA,Washington,DC,"Washington, DC",Washington,DC,FMMOS,FMMOS - non-mars,03/30/2021 14:16:00,2005,2005-FEB,5.71,component,lmprs,
Dec,2005,,Pacific Northwest,124.0,5.71,Producer Milk Components,AMS_3462,3462,Dairy FMMOS,DY-NA,Washington,DC,"Washington, DC",Washington,DC,FMMOS,FMMOS - non-mars,03/30/2021 14:16:00,2005,2005-FEB,5.71,component,lmprs,
Dec,2005,,Mideast,33.0,5.71,Producer Milk Components,AMS_3462,3462,Dairy FMMOS,DY-NA,Washington,DC,"Washington, DC",Washington,DC,FMMOS,FMMOS - non-mars,03/30/2021 14:16:00,2005,2005-FEB,5.71,component,lmprs,
Dec,2005,,Northeast,1.0,5.69,Producer Milk Components,AMS_3462,3462,Dairy FMMOS,DY-NA,Washington,DC,"Washington, DC",Washington,DC,FMMOS,FMMOS - non-mars,03/30/2021 14:16:00,2005,2005-FEB,5.68,component,lmprs,
Dec,2005,,Central,32.0,5.73,Producer Milk Components,AMS_3462,3462,Dairy FMMOS,DY-NA,Washington,DC,"Washington, DC",Washington,DC,FMMOS,FMMOS - non-mars,03/30/2021 14:16:00,2005,2005-FEB,5.74,component,lmprs,
Dec,2005,,All Markets Combined,,5.71,Producer Milk Components,AMS_3462,3462,Dairy FMMOS,DY-NA,Washington,DC,"Washington, DC",Washington,DC,FMMOS,FMMOS - non-mars,03/30/2021 14:16:00,2005,2005-FEB,5.70,component,lmprs,
Dec,2006,,All Markets Combined,,5.71,Producer Milk Components,AMS_3462,3462,Dairy FMMOS,DY-NA,Washington,DC,"Washington, DC",Washington,DC,FMMOS,FMMOS - non-mars,03/30/2021 14:16:00,2006,2006-FEB,5.73,component,lmprs,
Dec,2006,,Central,32.0,5.73,Producer Milk Components,AMS_3462,3462,Dairy FMMOS,DY-NA,Washington,DC,"Washington, DC",Washington,DC,FMMOS,FMMOS - non-mars,03/30/2021 14:16:00,2006,2006-FEB,5.74,component,lmprs,
Dec,2006,,Northeast,1.0,5.70,Producer Milk Components,AMS_3462,3462,Dairy FMMOS,DY-NA,Washington,DC,"Washington, DC",Washington,DC,FMMOS,FMMOS - non-mars,03/30/2021 14:16:00,2006,2006-FEB,5.73,component,lmprs,
Dec,2006,,Mideast,33.0,5.71,Producer Milk Components,AMS_3462,3462,Dairy FMMOS,DY-NA,Washington,DC,"Washington, DC",Washington,DC,FMMOS,FMMOS - non-mars,03/30/2021 14:16:00,2006,2006-FEB,5.73,component,lmprs,
Dec,2006,,Pacific Northwest,124.0,5.70,Producer Milk Components,AMS_3462,3462,Dairy FMMOS,DY-NA,Washington,DC,"Washington, DC",Washington,DC,FMMOS,FMMOS - non-mars,03/30/2021 14:16:00,2006,2006-FEB,5.72,component,lmprs,
Dec,2006,,Southwest,126.0,5.70,Producer Milk Components,AMS_3462,3462,Dairy FMMOS,DY-NA,Washington,DC,"Washington, DC",Washington,DC,FMMOS,FMMOS - non-mars,03/30/2021 14:16:00,2006,2006-FEB,5.72,component,lmprs,
Dec,2006,,Upper Midwest,30.0,5.72,Producer Milk Components,AMS_3462,3462,Dairy FMMOS,DY-NA,Washington,DC,"Washington, DC",Washington,DC,FMMOS,FMMOS - non-mars,03/30/2021 14:16:00,2006,2006-FEB,5.73,component,lmprs,
Dec,2007,,Upper Midwest,30.0,5.71,Producer Milk Components,AMS_3462,3462,Dairy FMMOS,DY-NA,Washington,DC,"Washington, DC",Washington,DC,FMMOS,FMMOS - non-mars,03/30/2021 14:16:00,2007,2007-FEB,5.70,component,lmprs,
Dec,2007,,Southwest,126.0,5.69,Producer Milk Components,AMS_3462,3462,Dairy FMMOS,DY-NA,Washington,DC,"Washington, DC",Washington,DC,FMMOS,FMMOS - non-mars,03/30/2021 14:16:00,2007,2007-FEB,5.69,component,lmprs,
Dec,2007,,Pacific Northwest,124.0,5.71,Producer Milk Components,AMS_3462,3462,Dairy FMMOS,DY-NA,Washington,DC,"Washington, DC",Washington,DC,FMMOS,FMMOS - non-mars,03/30/2021 14:16:00,2007,2007-FEB,5.65,component,lmprs,
Dec,2007,,Mideast,33.0,5.71,Producer Milk Components,AMS_3462,3462,Dairy FMMOS,DY-NA,Washington,DC,"Washington, DC",Washington,DC,FMMOS,FMMOS - non-mars,03/30/2021 14:16:00,2007,2007-FEB,5.70,component,lmprs,
Dec,2007,,Northeast,1.0,5.71,Producer Milk Components,AMS_3462,3462,Dairy FMMOS,DY-NA,Washington,DC,"Washington, DC",Washington,DC,FMMOS,FMMOS - non-mars,03/30/2021 14:16:00,2007,2007-FEB,5.71,component,lmprs,
Dec,2007,,Central,32.0,5.71,Producer Milk Components,AMS_3462,3462,Dairy FMMOS,DY-NA,Washington,DC,"Washington, DC",Washington,DC,FMMOS,FMMOS - non-mars,03/30/2021 14:16:00,2007,2007-FEB,5.69,component,lmprs,
Dec,2007,,All Markets Combined,,5.71,Producer Milk Components,AMS_3462,3462,Dairy FMMOS,DY-NA,Washington,DC,"Washington, DC",Washington,DC,FMMOS,FMMOS - non-mars,03/30/2021 14:16:00,2007,2007-FEB,5.70,component,lmprs,
Dec,2008,,All Markets Combined,,5.71,Producer Milk Components,AMS_3462,3462,Dairy FMMOS,DY-NA,Washington,DC,"Washington, DC",Washington,DC,FMMOS,FMMOS - non-mars,03/30/2021 14:15:00,2008,2008-FEB,5.72,component,lmprs,
Dec,2008,,Central,32.0,5.72,Producer Milk Components,AMS_3462,3462,Dairy FMMOS,DY-NA,Washington,DC,"Washington, DC",Washington,DC,FMMOS,FMMOS - non-mars,03/30/2021 14:15:00,2008,2008-FEB,5.70,component,lmprs,
Dec,2008,,Northeast,1.0,5.71,Producer Milk Components,AMS_3462,3462,Dairy FMMOS,DY-NA,Washington,DC,"Washington, DC",Washington,DC,FMMOS,FMMOS - non-mars,03/30/2021 14:15:00,2008,2008-FEB,5.78,component,lmprs,
Dec,2008,,Mideast,33.0,5.70,Producer Milk Components,AMS_3462,3462,Dairy FMMOS,DY-NA,Washington,DC,"Washington, DC",Washington,DC,FMMOS,FMMOS - non-mars,03/30/2021 14:15:00,2008,2008-FEB,5.70,component,lmprs,
Dec,2008,,Pacific Northwest,124.0,5.70,Producer Milk Components,AMS_3462,3462,Dairy FMMOS,DY-NA,Washington,DC,"Washington, DC",Washington,DC,FMMOS,FMMOS - non-mars,03/30/2021 14:15:00,2008,2008-FEB,5.69,component,lmprs,
Dec,2008,,Southwest,126.0,5.73,Producer Milk Components,AMS_3462,3462,Dairy FMMOS,DY-NA,Washington,DC,"Washington, DC",Washington,DC,FMMOS,FMMOS - non-mars,03/30/2021 14:15:00,2008,2008-FEB,5.71,component,lmprs,
Dec,2008,,Upper Midwest,30.0,5.71,Producer Milk Components,AMS_3462,3462,Dairy FMMOS,DY-NA,Washington,DC,"Washington, DC",Washington,DC,FMMOS,FMMOS - non-mars,03/30/2021 14:15:00,2008,2008-FEB,5.70,component,lmprs,
Dec,2009,,Upper Midwest,30.0,5.73,Producer Milk Components,AMS_3462,3462,Dairy FMMOS,DY-NA,Washington,DC,"Washington, DC",Washington,DC,FMMOS,FMMOS - non-mars,03/30/2021 14:15:00,2009,2009-FEB,5.73,component,lmprs,
Dec,2009,,Southwest,126.0,5.74,Producer Milk Components,AMS_3462,3462,Dairy FMMOS,DY-NA,Washington,DC,"Washington, DC",Washington,DC,FMMOS,FMMOS - non-mars,03/30/2021 14:15:00,2009,2009-FEB,5.74,component,lmprs,
Dec,2009,,Pacific Northwest,124.0,5.69,Producer Milk Components,AMS_3462,3462,Dairy FMMOS,DY-NA,Washington,DC,"Washington, DC",Washington,DC,FMMOS,FMMOS - non-mars,03/30/2021 14:15:00,2009,2009-FEB,5.67,component,lmprs,
Dec,2009,,Mideast,33.0,5.69,Producer Milk Components,AMS_3462,3462,Dairy FMMOS,DY-NA,Washington,DC,"Washington, DC",Washington,DC,FMMOS,FMMOS - non-mars,03/30/2021 14:15:00,2009,2009-FEB,5.69,component,lmprs,
Dec,2009,,Northeast,1.0,5.69,Producer Milk Components,AMS_3462,3462,Dairy FMMOS,DY-NA,Washington,DC,"Washington, DC",Washington,DC,FMMOS,FMMOS - non-mars,03/30/2021 14:15:00,2009,2009-FEB,5.70,component,lmprs,
Dec,2009,,Central,32.0,5.74,Producer Milk Components,AMS_3462,3462,Dairy FMMOS,DY-NA,Washington,DC,"Washington, DC",Washington,DC,FMMOS,FMMOS - non-mars,03/30/2021 14:15:00,2009,2009-FEB,5.73,component,lmprs,
Dec,2009,,All Markets Combined,,5.71,Producer Milk Components,AMS_3462,3462,Dairy FMMOS,DY-NA,Washington,DC,"Washington, DC",Washington,DC,FMMOS,FMMOS - non-mars,03/30/2021 14:15:00,2009,2009-FEB,5.71,component,lmprs,
Dec,2010,,All Markets Combined,,5.74,Producer Milk Components,AMS_3462,3462,Dairy FMMOS,DY-NA,Washington,DC,"Washington, DC",Washington,DC,FMMOS,FMMOS - non-mars,03/30/2021 14:14:00,2010,2010-FEB,5.73,component,lmprs,
Dec,2010,,Central,32.0,5.74,Producer Milk Components,AMS_3462,3462,Dairy FMMOS,DY-NA,Washington,DC,"Washington, DC",Washington,DC,FMMOS,FMMOS - non-mars,03/30/2021 14:14:00,2010,2010-FEB,5.74,component,lmprs,
Dec,2010,,Northeast,1.0,5.72,Producer Milk Components,AMS_3462,3462,Dairy FMMOS,DY-NA,Washington,DC,"Washington, DC",Washington,DC,FMMOS,FMMOS - non-mars,03/30/2021 14:14:00,2010,2010-FEB,5.73,component,lmprs,
Dec,2010,,Mideast,33.0,5.71,Producer Milk Components,AMS_3462,3462,Dairy FMMOS,DY-NA,Washington,DC,"Washington, DC",Washington,DC,FMMOS,FMMOS - non-mars,03/30/2021 14:14:00,2010,2010-FEB,5.70,component,lmprs,
Dec,2010,,Pacific Northwest,124.0,5.71,Producer Milk Components,AMS_3462,3462,Dairy FMMOS,DY-NA,Washington,DC,"Washington, DC",Washington,DC,FMMOS,FMMOS - non-mars,03/30/2021 14:14:00,2010,2010-FEB,5.68,component,lmprs,
Dec,2010,,Southwest,126.0,5.76,Producer Milk Components,AMS_3462,3462,Dairy FMMOS,DY-NA,Washington,DC,"Washington, DC",Washington,DC,FMMOS,FMMOS - non-mars,03/30/2021 14:14:00,2010,2010-FEB,5.74,component,lmprs,
Dec,2010,,Upper Midwest,30.0,5.76,Producer Milk Components,AMS_3462,3462,Dairy FMMOS,DY-NA,Washington,DC,"Washington, DC",Washington,DC,FMMOS,FMMOS - non-mars,03/30/2021 14:14:00,2010,2010-FEB,5.75,component,lmprs,
Dec,2011,,Southwest,126.0,5.75,Producer Milk Components,AMS_3462,3462,Dairy FMMOS,DY-NA,Washington,DC,"Washington, DC",Washington,DC,FMMOS,FMMOS - non-mars,03/30/2021 14:14:00,2011,2011-FEB,5.77,component,lmprs,
Dec,2011,,Upper Midwest,30.0,5.74,Producer Milk Components,AMS_3462,3462,Dairy FMMOS,DY-NA,Washington,DC,"Washington, DC",Washington,DC,FMMOS,FMMOS - non-mars,03/30/2021 14:14:00,2011,2011-FEB,5.74,component,lmprs,
Dec,2011,,Pacific Northwest,124.0,5.73,Producer Milk Components,AMS_3462,3462,Dairy FMMOS,DY-NA,Washington,DC,"Washington, DC",Washington,DC,FMMOS,FMMOS - non-mars,03/30/2021 14:14:00,2011,2011-FEB,5.72,component,lmprs,
Dec,2011,,Northeast,1.0,5.73,Producer Milk Components,AMS_3462,3462,Dairy FMMOS,DY-NA,Washington,DC,"Washington, DC",Washington,DC,FMMOS,FMMOS - non-mars,03/30/2021 14:14:00,2011,2011-FEB,5.73,component,lmprs,
Dec,2011,,Central,32.0,5.73,Producer Milk Components,AMS_3462,3462,Dairy FMMOS,DY-NA,Washington,DC,"Washington, DC",Washington,DC,FMMOS,FMMOS - non-mars,03/30/2021 14:14:00,2011,2011-FEB,5.73,component,lmprs,
Dec,2011,,Mideast,33.0,5.71,Producer Milk Components,AMS_3462,3462,Dairy FMMOS,DY-NA,Washington,DC,"Washington, DC",Washington,DC,FMMOS,FMMOS - non-mars,03/30/2021 14:14:00,2011,2011-FEB,5.72,component,lmprs,
Dec,2011,,All Markets Combined,,5.73,Producer Milk Components,AMS_3462,3462,Dairy FMMOS,DY-NA,Washington,DC,"Washington, DC",Washington,DC,FMMOS,FMMOS - non-mars,03/30/2021 14:14:00,2011,2011-FEB,5.73,component,lmprs,
Dec,2012,,All Markets Combined,,5.75,Producer Milk Components,AMS_3462,3462,Dairy FMMOS,DY-NA,Washington,DC,"Washington, DC",Washington,DC,FMMOS,FMMOS - non-mars,03/30/2021 14:13:00,2012,2012-FEB,5.76,component,lmprs,
Dec,2012,,Mideast,33.0,5.74,Producer Milk Components,AMS_3462,3462,Dairy FMMOS,DY-NA,Washington,DC,"Washington, DC",Washington,DC,FMMOS,FMMOS - non-mars,03/30/2021 14:13:00,2012,2012-FEB,5.75,component,lmprs,
Dec,2012,,Central,32.0,5.75,Producer Milk Components,AMS_3462,3462,Dairy FMMOS,DY-NA,Washington,DC,"Washington, DC",Washington,DC,FMMOS,FMMOS - non-mars,03/30/2021 14:13:00,2012,2012-FEB,5.76,component,lmprs,
Dec,2012,,Northeast,1.0,5.75,Producer Milk Components,AMS_3462,3462,Dairy FMMOS,DY-NA,Washington,DC,"Washington, DC",Washington,DC,FMMOS,FMMOS - non-mars,03/30/2021 14:13:00,2012,2012-FEB,5.75,component,lmprs,
Dec,2012,,Pacific Northwest,124.0,5.74,Producer Milk Components,AMS_3462,3462,Dairy FMMOS,DY-NA,Washington,DC,"Washington, DC",Washington,DC,FMMOS,FMMOS - non-mars,03/30/2021 14:13:00,2012,2012-FEB,5.74,component,lmprs,
Dec,2012,,Upper Midwest,30.0,5.75,Producer Milk Components,AMS_3462,3462,Dairy FMMOS,DY-NA,Washington,DC,"Washington, DC",Washington,DC,FMMOS,FMMOS - non-mars,03/30/2021 14:13:00,2012,2012-FEB,5.76,component,lmprs,
Dec,2012,,Southwest,126.0,5.77,Producer Milk Components,AMS_3462,3462,Dairy FMMOS,DY-NA,Washington,DC,"Washington, DC",Washington,DC,FMMOS,FMMOS - non-mars,03/30/2021 14:13:00,2012,2012-FEB,5.78,component,lmprs,
Dec,2013,,Southwest,126.0,5.77,Producer Milk Components,AMS_3462,3462,Dairy FMMOS,DY-NA,Washington,DC,"Washington, DC",Washington,DC,FMMOS,FMMOS - non-mars,03/30/2021 14:13:00,2013,2013-FEB,5.80,component,lmprs,
Dec,2013,,Upper Midwest,30.0,5.74,Producer Milk Components,AMS_3462,3462,Dairy FMMOS,DY-NA,Washington,DC,"Washington, DC",Washington,DC,FMMOS,FMMOS - non-mars,03/30/2021 14:13:00,2013,2013-FEB,5.75,component,lmprs,
Dec,2013,,Pacific Northwest,124.0,5.73,Producer Milk Components,AMS_3462,3462,Dairy FMMOS,DY-NA,Washington,DC,"Washington, DC",Washington,DC,FMMOS,FMMOS - non-mars,03/30/2021 14:13:00,2013,2013-FEB,5.74,component,lmprs,
Dec,2013,,Northeast,1.0,5.73,Producer Milk Components,AMS_3462,3462,Dairy FMMOS,DY-NA,Washington,DC,"Washington, DC",Washington,DC,FMMOS,FMMOS - non-mars,03/30/2021 14:13:00,2013,2013-FEB,5.75,component,lmprs,
Dec,2013,,Central,32.0,5.75,Producer Milk Components,AMS_3462,3462,Dairy FMMOS,DY-NA,Washington,DC,"Washington, DC",Washington,DC,FMMOS,FMMOS - non-mars,03/30/2021 14:13:00,2013,2013-FEB,5.76,component,lmprs,
Dec,2013,,Mideast,33.0,5.74,Producer Milk Components,AMS_3462,3462,Dairy FMMOS,DY-NA,Washington,DC,"Washington, DC",Washington,DC,FMMOS,FMMOS - non-mars,03/30/2021 14:13:00,2013,2013-FEB,5.75,component,lmprs,
Dec,2013,,All Markets Combined,,5.74,Producer Milk Components,AMS_3462,3462,Dairy FMMOS,DY-NA,Washington,DC,"Washington, DC",Washington,DC,FMMOS,FMMOS - non-mars,03/30/2021 14:13:00,2013,2013-FEB,5.76,component,lmprs,
Dec,2014,,All Markets Combined,,5.74,Producer Milk Components,AMS_3462,3462,Dairy FMMOS,DY-NA,Washington,DC,"Washington, DC",Washington,DC,FMMOS,FMMOS - non-mars,03/30/2021 14:13:00,2014,2014-FEB,5.72,component,lmprs,
Dec,2014,,Mideast,33.0,5.72,Producer Milk Components,AMS_3462,3462,Dairy FMMOS,DY-NA,Washington,DC,"Washington, DC",Washington,DC,FMMOS,FMMOS - non-mars,03/30/2021 14:13:00,2014,2014-FEB,5.71,component,lmprs,
Dec,2014,,Central,32.0,5.74,Producer Milk Components,AMS_3462,3462,Dairy FMMOS,DY-NA,Washington,DC,"Washington, DC",Washington,DC,FMMOS,FMMOS - non-mars,03/30/2021 14:13:00,2014,2014-FEB,5.73,component,lmprs,
Dec,2014,,Northeast,1.0,5.73,Producer Milk Components,AMS_3462,3462,Dairy FMMOS,DY-NA,Washington,DC,"Washington, DC",Washington,DC,FMMOS,FMMOS - non-mars,03/30/2021 14:13:00,2014,2014-FEB,5.72,component,lmprs,
Dec,2014,,Pacific Northwest,124.0,5.72,Producer Milk Components,AMS_3462,3462,Dairy FMMOS,DY-NA,Washington,DC,"Washington, DC",Washington,DC,FMMOS,FMMOS - non-mars,03/30/2021 14:13:00,2014,2014-FEB,5.73,component,lmprs,
Dec,2014,,Upper Midwest,30.0,5.73,Producer Milk Components,AMS_3462,3462,Dairy FMMOS,DY-NA,Washington,DC,"Washington, DC",Washington,DC,FMMOS,FMMOS - non-mars,03/30/2021 14:13:00,2014,2014-FEB,5.71,component,lmprs,
Dec,2014,,Southwest,126.0,5.76,Producer Milk Components,AMS_3462,3462,Dairy FMMOS,DY-NA,Washington,DC,"Washington, DC",Washington,DC,FMMOS,FMMOS - non-mars,03/30/2021 14:13:00,2014,2014-FEB,5.75,component,lmprs,
Dec,2015,,Southwest,126.0,5.74,Producer Milk Components,AMS_3462,3462,Dairy FMMOS,DY-NA,Washington,DC,"Washington, DC",Washington,DC,FMMOS,FMMOS - non-mars,03/30/2021 14:12:00,2015,2015-FEB,5.74,component,lmprs,
Dec,2015,,Upper Midwest,30.0,5.74,Producer Milk Components,AMS_3462,3462,Dairy FMMOS,DY-NA,Washington,DC,"Washington, DC",Washington,DC,FMMOS,FMMOS - non-mars,03/30/2021 14:12:00,2015,2015-FEB,5.73,component,lmprs,
Dec,2015,,Pacific Northwest,124.0,5.73,Producer Milk Components,AMS_3462,3462,Dairy FMMOS,DY-NA,Washington,DC,"Washington, DC",Washington,DC,FMMOS,FMMOS - non-mars,03/30/2021 14:12:00,2015,2015-FEB,5.74,component,lmprs,
Dec,2015,,Northeast,1.0,5.75,Producer Milk Components,AMS_3462,3462,Dairy FMMOS,DY-NA,Washington,DC,"Washington, DC",Washington,DC,FMMOS,FMMOS - non-mars,03/30/2021 14:12:00,2015,2015-FEB,5.75,component,lmprs,
Dec,2015,,Central,32.0,5.76,Producer Milk Components,AMS_3462,3462,Dairy FMMOS,DY-NA,Washington,DC,"Washington, DC",Washington,DC,FMMOS,FMMOS - non-mars,03/30/2021 14:12:00,2015,2015-FEB,5.75,component,lmprs,
Dec,2015,,Mideast,33.0,5.74,Producer Milk Components,AMS_3462,3462,Dairy FMMOS,DY-NA,Washington,DC,"Washington, DC",Washington,DC,FMMOS,FMMOS - non-mars,03/30/2021 14:12:00,2015,2015-FEB,5.74,component,lmprs,
Dec,2015,,All Markets Combined,,5.74,Producer Milk Components,AMS_3462,3462,Dairy FMMOS,DY-NA,Washington,DC,"Washington, DC",Washington,DC,FMMOS,FMMOS - non-mars,03/30/2021 14:12:00,2015,2015-FEB,5.74,component,lmprs,
Dec,2016,,All Markets Combined,,5.75,Producer Milk Components,AMS_3462,3462,Dairy FMMOS,DY-NA,Washington,DC,"Washington, DC",Washington,DC,FMMOS,FMMOS - non-mars,03/30/2021 14:12:00,2016,2016-FEB,5.74,component,lmprs,
Dec,2016,,Mideast,33.0,5.78,Producer Milk Components,AMS_3462,3462,Dairy FMMOS,DY-NA,Washington,DC,"Washington, DC",Washington,DC,FMMOS,FMMOS - non-mars,03/30/2021 14:12:00,2016,2016-FEB,5.75,component,lmprs,
Dec,2016,,Central,32.0,5.76,Producer Milk Components,AMS_3462,3462,Dairy FMMOS,DY-NA,Washington,DC,"Washington, DC",Washington,DC,FMMOS,FMMOS - non-mars,03/30/2021 14:12:00,2016,2016-FEB,5.75,component,lmprs,
Dec,2016,,Northeast,1.0,5.74,Producer Milk Components,AMS_3462,3462,Dairy FMMOS,DY-NA,Washington,DC,"Washington, DC",Washington,DC,FMMOS,FMMOS - non-mars,03/30/2021 14:12:00,2016,2016-FEB,5.75,component,lmprs,
Dec,2016,,Pacific Northwest,124.0,5.73,Producer Milk Components,AMS_3462,3462,Dairy FMMOS,DY-NA,Washington,DC,"Washington, DC",Washington,DC,FMMOS,FMMOS - non-mars,03/30/2021 14:12:00,2016,2016-FEB,5.73,component,lmprs,
Dec,2016,,Upper Midwest,30.0,5.74,Producer Milk Components,AMS_3462,3462,Dairy FMMOS,DY-NA,Washington,DC,"Washington, DC",Washington,DC,FMMOS,FMMOS - non-mars,03/30/2021 14:12:00,2016,2016-FEB,5.73,component,lmprs,
Dec,2016,,Southwest,126.0,5.74,Producer Milk Components,AMS_3462,3462,Dairy FMMOS,DY-NA,Washington,DC,"Washington, DC",Washington,DC,FMMOS,FMMOS - non-mars,03/30/2021 14:12:00,2016,2016-FEB,5.71,component,lmprs,
Dec,2017,,Southwest,126.0,5.74,Producer Milk Components,AMS_3462,3462,Dairy FMMOS,DY-NA,Washington,DC,"Washington, DC",Washington,DC,FMMOS,FMMOS - non-mars,03/30/2021 14:11:00,2017,2017-FEB,5.73,component,lmprs,
Dec,2017,,Upper Midwest,30.0,5.76,Producer Milk Components,AMS_3462,3462,Dairy FMMOS,DY-NA,Washington,DC,"Washington, DC",Washington,DC,FMMOS,FMMOS - non-mars,03/30/2021 14:11:00,2017,2017-FEB,5.75,component,lmprs,
Dec,2017,,Pacific Northwest,124.0,5.74,Producer Milk Components,AMS_3462,3462,Dairy FMMOS,DY-NA,Washington,DC,"Washington, DC",Washington,DC,FMMOS,FMMOS - non-mars,03/30/2021 14:11:00,2017,2017-FEB,5.75,component,lmprs,
Dec,2017,,Northeast,1.0,5.75,Producer Milk Components,AMS_3462,3462,Dairy FMMOS,DY-NA,Washington,DC,"Washington, DC",Washington,DC,FMMOS,FMMOS - non-mars,03/30/2021 14:11:00,2017,2017-FEB,5.76,component,lmprs,
Dec,2017,,Central,32.0,5.75,Producer Milk Components,AMS_3462,3462,Dairy FMMOS,DY-NA,Washington,DC,"Washington, DC",Washington,DC,FMMOS,FMMOS - non-mars,03/30/2021 14:11:00,2017,2017-FEB,5.76,component,lmprs,
Dec,2017,,Mideast,33.0,5.75,Producer Milk Components,AMS_3462,3462,Dairy FMMOS,DY-NA,Washington,DC,"Washington, DC",Washington,DC,FMMOS,FMMOS - non-mars,03/30/2021 14:11:00,2017,2017-FEB,5.76,component,lmprs,
Dec,2017,,All Markets Combined,,5.75,Producer Milk Components,AMS_3462,3462,Dairy FMMOS,DY-NA,Washington,DC,"Washington, DC",Washington,DC,FMMOS,FMMOS - non-mars,03/30/2021 14:11:00,2017,2017-FEB,5.75,component,lmprs,
Dec,2018,,All Markets Combined,,5.76,Producer Milk Components,AMS_3462,3462,Dairy FMMOS,DY-NA,Washington,DC,"Washington, DC",Washington,DC,FMMOS,FMMOS - non-mars,03/30/2021 14:09:00,2018,2018-FEB,5.75,component,lmprs,
Dec,2018,,California,51.0,5.73,Producer Milk Components,AMS_3462,3462,Dairy FMMOS,DY-NA,Washington,DC,"Washington, DC",Washington,DC,FMMOS,FMMOS - non-mars,03/30/2021 14:09:00,2018,2018-FEB,,component,lmprs,
Dec,2018,,Mideast,33.0,5.77,Producer Milk Components,AMS_3462,3462,Dairy FMMOS,DY-NA,Washington,DC,"Washington, DC",Washington,DC,FMMOS,FMMOS - non-mars,03/30/2021 14:09:00,2018,2018-FEB,5.78,component,lmprs,
Dec,2018,,Central,32.0,5.77,Producer Milk Components,AMS_3462,3462,Dairy FMMOS,DY-NA,Washington,DC,"Washington, DC",Washington,DC,FMMOS,FMMOS - non-mars,03/30/2021 14:09:00,2018,2018-FEB,5.77,component,lmprs,
Dec,2018,,Northeast,1.0,5.75,Producer Milk Components,AMS_3462,3462,Dairy FMMOS,DY-NA,Washington,DC,"Washington, DC",Washington,DC,FMMOS,FMMOS - non-mars,03/30/2021 14:09:00,2018,2018-FEB,5.75,component,lmprs,
Dec,2018,,Pacific Northwest,124.0,5.75,Producer Milk Components,AMS_3462,3462,Dairy FMMOS,DY-NA,Washington,DC,"Washington, DC",Washington,DC,FMMOS,FMMOS - non-mars,03/30/2021 14:09:00,2018,2018-FEB,5.74,component,lmprs,
Dec,2018,,Upper Midwest,30.0,5.77,Producer Milk Components,AMS_3462,3462,Dairy FMMOS,DY-NA,Washington,DC,"Washington, DC",Washington,DC,FMMOS,FMMOS - non-mars,03/30/2021 14:09:00,2018,2018-FEB,5.74,component,lmprs,
Dec,2018,,Southwest,126.0,5.76,Producer Milk Components,AMS_3462,3462,Dairy FMMOS,DY-NA,Washington,DC,"Washington, DC",Washington,DC,FMMOS,FMMOS - non-mars,03/30/2021 14:09:00,2018,2018-FEB,5.75,component,lmprs,
Dec,2019,,Upper Midwest,30.0,5.77,Producer Milk Components,AMS_3462,3462,Dairy FMMOS,DY-NA,Washington,DC,"Washington, DC",Washington,DC,FMMOS,FMMOS - non-mars,03/30/2021 14:09:00,2019,2019-FEB,5.74,component,lmprs,
Dec,2019,,Pacific Northwest,124.0,5.76,Producer Milk Components,AMS_3462,3462,Dairy FMMOS,DY-NA,Washington,DC,"Washington, DC",Washington,DC,FMMOS,FMMOS - non-mars,03/30/2021 14:09:00,2019,2019-FEB,5.76,component,lmprs,
Dec,2019,,Southwest,126.0,5.77,Producer Milk Components,AMS_3462,3462,Dairy FMMOS,DY-NA,Washington,DC,"Washington, DC",Washington,DC,FMMOS,FMMOS - non-mars,03/30/2021 14:09:00,2019,2019-FEB,5.76,component,lmprs,
Dec,2019,,Northeast,1.0,5.75,Producer Milk Components,AMS_3462,3462,Dairy FMMOS,DY-NA,Washington,DC,"Washington, DC",Washington,DC,FMMOS,FMMOS - non-mars,03/30/2021 14:09:00,2019,2019-FEB,5.75,component,lmprs,
Dec,2019,,Mideast,33.0,5.76,Producer Milk Components,AMS_3462,3462,Dairy FMMOS,DY-NA,Washington,DC,"Washington, DC",Washington,DC,FMMOS,FMMOS - non-mars,03/30/2021 14:09:00,2019,2019-FEB,5.77,component,lmprs,
Dec,2019,,California,51.0,5.75,Producer Milk Components,AMS_3462,3462,Dairy FMMOS,DY-NA,Washington,DC,"Washington, DC",Washington,DC,FMMOS,FMMOS - non-mars,03/30/2021 14:09:00,2019,2019-FEB,5.75,component,lmprs,
Dec,2019,,Central,32.0,5.78,Producer Milk Components,AMS_3462,3462,Dairy FMMOS,DY-NA,Washington,DC,"Washington, DC",Washington,DC,FMMOS,FMMOS - non-mars,03/30/2021 14:09:00,2019,2019-FEB,5.78,component,lmprs,
Dec,2019,,All Markets Combined,,5.76,Producer Milk Components,AMS_3462,3462,Dairy FMMOS,DY-NA,Washington,DC,"Washington, DC",Washington,DC,FMMOS,FMMOS - non-mars,03/30/2021 14:09:00,2019,2019-FEB,5.76,component,lmprs,
Dec,2020,,All Markets Combined,,5.77,Producer Milk Components,AMS_3462,3462,Dairy FMMOS,DY-NA,Washington,DC,"Washington, DC",Washington,DC,FMMOS,FMMOS - non-mars,02/23/2021 09:39:00,2020,2020-FEB,5.77,component,lmprs,
Dec,2020,,Central,32.0,5.79,Producer Milk Components,AMS_3462,3462,Dairy FMMOS,DY-NA,Washington,DC,"Washington, DC",Washington,DC,FMMOS,FMMOS - non-mars,02/23/2021 09:39:00,2020,2020-FEB,5.79,component,lmprs,
Dec,2020,,California,51.0,5.75,Producer Milk Components,AMS_3462,3462,Dairy FMMOS,DY-NA,Washington,DC,"Washington, DC",Washington,DC,FMMOS,FMMOS - non-mars,02/23/2021 09:39:00,2020,2020-FEB,5.76,component,lmprs,
Dec,2020,,Mideast,33.0,5.78,Producer Milk Components,AMS_3462,3462,Dairy FMMOS,DY-NA,Washington,DC,"Washington, DC",Washington,DC,FMMOS,FMMOS - non-mars,02/23/2021 09:39:00,2020,2020-FEB,5.78,component,lmprs,
Dec,2020,,Northeast,1.0,5.77,Producer Milk Components,AMS_3462,3462,Dairy FMMOS,DY-NA,Washington,DC,"Washington, DC",Washington,DC,FMMOS,FMMOS - non-mars,02/23/2021 09:39:00,2020,2020-FEB,5.78,component,lmprs,
Dec,2020,,Southwest,126.0,5.78,Producer Milk Components,AMS_3462,3462,Dairy FMMOS,DY-NA,Washington,DC,"Washington, DC",Washington,DC,FMMOS,FMMOS - non-mars,02/23/2021 09:39:00,2020,2020-FEB,5.78,component,lmprs,
Dec,2020,,Pacific Northwest,124.0,5.77,Producer Milk Components,AMS_3462,3462,Dairy FMMOS,DY-NA,Washington,DC,"Washington, DC",Washington,DC,FMMOS,FMMOS - non-mars,02/23/2021 09:39:00,2020,2020-FEB,5.78,component,lmprs,
Dec,2020,,Upper Midwest,30.0,5.77,Producer Milk Components,AMS_3462,3462,Dairy FMMOS,DY-NA,Washington,DC,"Washington, DC",Washington,DC,FMMOS,FMMOS - non-mars,02/23/2021 09:39:00,2020,2020-FEB,5.75,component,lmprs,
Dec,2021,,Southwest,126.0,5.78,Producer Milk Components,AMS_3462,3462,Dairy FMMOS,DY-NA,Washington,DC,"Washington, DC",Washington,DC,FMMOS,FMMOS - non-mars,01/31/2022 07:17:00,2021,2021-FEB,5.79,component,lmprs,
Dec,2021,,Upper Midwest,30.0,5.80,Producer Milk Components,AMS_3462,3462,Dairy FMMOS,DY-NA,Washington,DC,"Washington, DC",Washington,DC,FMMOS,FMMOS - non-mars,01/31/2022 07:17:00,2021,2021-FEB,5.78,component,lmprs,
Dec,2021,,Northeast,1.0,5.77,Producer Milk Components,AMS_3462,3462,Dairy FMMOS,DY-NA,Washington,DC,"Washington, DC",Washington,DC,FMMOS,FMMOS - non-mars,01/31/2022 07:17:00,2021,2021-FEB,5.79,component,lmprs,
Dec,2021,,Pacific Northwest,124.0,5.77,Producer Milk Components,AMS_3462,3462,Dairy FMMOS,DY-NA,Washington,DC,"Washington, DC",Washington,DC,FMMOS,FMMOS - non-mars,01/31/2022 07:17:00,2021,2021-FEB,5.81,component,lmprs,
Dec,2021,,Mideast,33.0,5.77,Producer Milk Components,AMS_3462,3462,Dairy FMMOS,DY-NA,Washington,DC,"Washington, DC",Washington,DC,FMMOS,FMMOS - non-mars,01/31/2022 07:17:00,2021,2021-FEB,5.79,component,lmprs,
Dec,2021,,Central,32.0,5.78,Producer Milk Components,AMS_3462,3462,Dairy FMMOS,DY-NA,Washington,DC,"Washington, DC",Washington,DC,FMMOS,FMMOS - non-mars,01/31/2022 07:17:00,2021,2021-FEB,5.80,component,lmprs,
Dec,2021,,California,51.0,5.75,Producer Milk Components,AMS_3462,3462,Dairy FMMOS,DY-NA,Washington,DC,"Washington, DC",Washington,DC,FMMOS,FMMOS - non-mars,01/31/2022 07:17:00,2021,2021-FEB,5.75,component,lmprs,
Dec,2021,,All Markets Combined,,5.77,Producer Milk Components,AMS_3462,3462,Dairy FMMOS,DY-NA,Washington,DC,"Washington, DC",Washington,DC,FMMOS,FMMOS - non-mars,01/31/2022 07:17:00,2021,2021-FEB,5.78,component,lmprs,
Dec,2022,,All Markets Combined,,5.78,Producer Milk Components,AMS_3462,3462,Dairy FMMOS,DY-NA,Washington,DC,"Washington, DC",Washington,DC,FMMOS,FMMOS - non-mars,01/30/2023 07:36:00,2022,2022-FEB,5.78,component,lmprs,
Dec,2022,,California,51.0,5.75,Producer Milk Components,AMS_3462,3462,Dairy FMMOS,DY-NA,Washington,DC,"Washington, DC",Washington,DC,FMMOS,FMMOS - non-mars,01/30/2023 07:36:00,2022,2022-FEB,5.75,component,lmprs,
Dec,2022,,Central,32.0,5.79,Producer Milk Components,AMS_3462,3462,Dairy FMMOS,DY-NA,Washington,DC,"Washington, DC",Washington,DC,FMMOS,FMMOS - non-mars,01/30/2023 07:36:00,2022,2022-FEB,5.79,component,lmprs,
Dec,2022,,Mideast,33.0,5.78,Producer Milk Components,AMS_3462,3462,Dairy FMMOS,DY-NA,Washington,DC,"Washington, DC",Washington,DC,FMMOS,FMMOS - non-mars,01/30/2023 07:36:00,2022,2022-FEB,5.77,component,lmprs,
Dec,2022,,Pacific Northwest,124.0,5.78,Producer Milk Components,AMS_3462,3462,Dairy FMMOS,DY-NA,Washington,DC,"Washington, DC",Washington,DC,FMMOS,FMMOS - non-mars,01/30/2023 07:36:00,2022,2022-FEB,5.77,component,lmprs,
Dec,2022,,Northeast,1.0,5.78,Producer Milk Components,AMS_3462,3462,Dairy FMMOS,DY-NA,Washington,DC,"Washington, DC",Washington,DC,FMMOS,FMMOS - non-mars,01/30/2023 07:36:00,2022,2022-FEB,5.79,component,lmprs,
Dec,2022,,Upper Midwest,30.0,5.79,Producer Milk Components,AMS_3462,3462,Dairy FMMOS,DY-NA,Washington,DC,"Washington, DC",Washington,DC,FMMOS,FMMOS - non-mars,01/30/2023 07:36:00,2022,2022-FEB,5.79,component,lmprs,
Dec,2022,,Southwest,126.0,5.79,Producer Milk Components,AMS_3462,3462,Dairy FMMOS,DY-NA,Washington,DC,"Washington, DC",Washington,DC,FMMOS,FMMOS - non-mars,01/30/2023 07:36:00,2022,2022-FEB,5.79,component,lmprs,
Dec,2023,,Southwest,126.0,5.79,Producer Milk Components,AMS_3462,3462,Dairy FMMOS,DY-NA,Washington,DC,"Washington, DC",Washington,DC,FMMOS,FMMOS - non-mars,01/30/2024 09:42:00,2023,2023-FEB,5.79,component,lmprs,
Dec,2023,,Upper Midwest,30.0,5.78,Producer Milk Components,AMS_3462,3462,Dairy FMMOS,DY-NA,Washington,DC,"Washington, DC",Washington,DC,FMMOS,FMMOS - non-mars,01/30/2024 09:42:00,2023,2023-FEB,5.76,component,lmprs,
Dec,2023,,Northeast,1.0,5.77,Producer Milk Components,AMS_3462,3462,Dairy FMMOS,DY-NA,Washington,DC,"Washington, DC",Washington,DC,FMMOS,FMMOS - non-mars,01/30/2024 09:42:00,2023,2023-FEB,5.78,component,lmprs,
Dec,2023,,Pacific Northwest,124.0,5.78,Producer Milk Components,AMS_3462,3462,Dairy FMMOS,DY-NA,Washington,DC,"Washington, DC",Washington,DC,FMMOS,FMMOS - non-mars,01/30/2024 09:42:00,2023,2023-FEB,5.78,component,lmprs,
Dec,2023,,Mideast,33.0,5.79,Producer Milk Components,AMS_3462,3462,Dairy FMMOS,DY-NA,Washington,DC,"Washington, DC",Washington,DC,FMMOS,FMMOS - non-mars,01/30/2024 09:42:00,2023,2023-FEB,5.78,component,lmprs,
Dec,2023,,Central,32.0,5.79,Producer Milk Components,AMS_3462,3462,Dairy FMMOS,DY-NA,Washington,DC,"Washington, DC",Washington,DC,FMMOS,FMMOS - non-mars,01/30/2024 09:42:00,2023,2023-FEB,5.79,component,lmprs,
Dec,2023,,California,51.0,5.75,Producer Milk Components,AMS_3462,3462,Dairy FMMOS,DY-NA,Washington,DC,"Washington, DC",Washington,DC,FMMOS,FMMOS - non-mars,01/30/2024 09:42:00,2023,2023-FEB,5.75,component,lmprs,
Dec,2023,,All Markets Combined,,5.78,Producer Milk Components,AMS_3462,3462,Dairy FMMOS,DY-NA,Washington,DC,"Washington, DC",Washington,DC,FMMOS,FMMOS - non-mars,01/30/2024 09:42:00,2023,2023-FEB,5.77,component,lmprs,
Dec,2024,,All Markets Combined,,5.78,Producer Milk Components,AMS_3462,3462,Dairy FMMOS,DY-NA,Washington,DC,"Washington, DC",Washington,DC,FMMOS,FMMOS - non-mars,01/23/2025 09:07:00,2024,2024-FEB,5.78,component,lmprs,
Dec,2024,,California,51.0,5.77,Producer Milk Components,AMS_3462,3462,Dairy FMMOS,DY-NA,Washington,DC,"Washington, DC",Washington,DC,FMMOS,FMMOS - non-mars,01/23/2025 09:07:00,2024,2024-FEB,5.77,component,lmprs,
Dec,2024,,Central,32.0,5.80,Producer Milk Components,AMS_3462,3462,Dairy FMMOS,DY-NA,Washington,DC,"Washington, DC",Washington,DC,FMMOS,FMMOS - non-mars,01/23/2025 09:07:00,2024,2024-FEB,5.79,component,lmprs,
Dec,2024,,Mideast,33.0,5.77,Producer Milk Components,AMS_3462,3462,Dairy FMMOS,DY-NA,Washington,DC,"Washington, DC",Washington,DC,FMMOS,FMMOS - non-mars,01/23/2025 09:07:00,2024,2024-FEB,5.79,component,lmprs,
Dec,2024,,Pacific Northwest,124.0,5.78,Producer Milk Components,AMS_3462,3462,Dairy FMMOS,DY-NA,Washington,DC,"Washington, DC",Washington,DC,FMMOS,FMMOS - non-mars,01/23/2025 09:07:00,2024,2024-FEB,5.76,component,lmprs,
Dec,2024,,Northeast,1.0,5.78,Producer Milk Components,AMS_3462,3462,Dairy FMMOS,DY-NA,Washington,DC,"Washington, DC",Washington,DC,FMMOS,FMMOS - non-mars,01/23/2025 09:07:00,2024,2024-FEB,5.77,component,lmprs,
Dec,2024,,Upper Midwest,30.0,5.79,Producer Milk Components,AMS_3462,3462,Dairy FMMOS,DY-NA,Washington,DC,"Washington, DC",Washington,DC,FMMOS,FMMOS - non-mars,01/23/2025 09:07:00,2024,2024-FEB,5.79,component,lmprs,
Dec,2024,,Southwest,126.0,5.80,Producer Milk Components,AMS_3462,3462,Dairy FMMOS,DY-NA,Washington,DC,"Washington, DC",Washington,DC,FMMOS,FMMOS - non-mars,01/23/2025 09:07:00,2024,2024-FEB,5.79,component,lmprs,
Dec,2025,,Southwest,126.0,5.78,Producer Milk Components,AMS_3462,3462,Dairy FMMOS,DY-NA,Washington,DC,"Washington, DC",Washington,DC,FMMOS,FMMOS - non-mars,01/21/2026 11:39:00,2025,2025-FEB,5.78,component,lmprs,
Dec,2025,,Upper Midwest,30.0,5.79,Producer Milk Components,AMS_3462,3462,Dairy FMMOS,DY-NA,Washington,DC,"Washington, DC",Washington,DC,FMMOS,FMMOS - non-mars,01/21/2026 11:39:00,2025,2025-FEB,5.80,component,lmprs,
Dec,2025,,Northeast,1.0,5.78,Producer Milk Components,AMS_3462,3462,Dairy FMMOS,DY-NA,Washington,DC,"Washington, DC",Washington,DC,FMMOS,FMMOS - non-mars,01/21/2026 11:39:00,2025,2025-FEB,5.80,component,lmprs,
Dec,2025,,Pacific Northwest,124.0,5.78,Producer Milk Components,AMS_3462,3462,Dairy FMMOS,DY-NA,Washington,DC,"Washington, DC",Washington,DC,FMMOS,FMMOS - non-mars,01/21/2026 11:39:00,2025,2025-FEB,5.78,component,lmprs,
Dec,2025,,Mideast,33.0,5.78,Producer Milk Components,AMS_3462,3462,Dairy FMMOS,DY-NA,Washington,DC,"Washington, DC",Washington,DC,FMMOS,FMMOS - non-mars,01/21/2026 11:39:00,2025,2025-FEB,5.79,component,lmprs,
Dec,2025,,Central,32.0,5.80,Producer Milk Components,AMS_3462,3462,Dairy FMMOS,DY-NA,Washington,DC,"Washington, DC",Washington,DC,FMMOS,FMMOS - non-mars,01/21/2026 11:39:00,2025,2025-FEB,5.79,component,lmprs,
Dec,2025,,California,51.0,5.78,Producer Milk Components,AMS_3462,3462,Dairy FMMOS,DY-NA,Washington,DC,"Washington, DC",Washington,DC,FMMOS,FMMOS - non-mars,01/21/2026 11:39:00,2025,2025-FEB,5.78,component,lmprs,
Dec,2025,,All Markets Combined,,5.78,Producer Milk Components,AMS_3462,3462,Dairy FMMOS,DY-NA,Washington,DC,"Washington, DC",Washington,DC,FMMOS,FMMOS - non-mars,01/21/2026 11:39:00,2025,2025-FEB,5.79,component,lmprs,
Mar,2026,,All Markets Combined,,5.77,Producer Milk Components,AMS_3462,3462,Dairy FMMOS,DY-NA,Washington,DC,"Washington, DC",Washington,DC,FMMOS,FMMOS - non-mars,04/21/2026 05:48:00,2026,2026-FEB,5.77,component,lmprs,
Mar,2026,,California,51.0,5.76,Producer Milk Components,AMS_3462,3462,Dairy FMMOS,DY-NA,Washington,DC,"Washington, DC",Washington,DC,FMMOS,FMMOS - non-mars,04/21/2026 05:48:00,2026,2026-FEB,5.75,component,lmprs,
Mar,2026,,Central,32.0,5.79,Producer Milk Components,AMS_3462,3462,Dairy FMMOS,DY-NA,Washington,DC,"Washington, DC",Washington,DC,FMMOS,FMMOS - non-mars,04/21/2026 05:48:00,2026,2026-FEB,5.79,component,lmprs,
Mar,2026,,Mideast,33.0,5.78,Producer Milk Components,AMS_3462,3462,Dairy FMMOS,DY-NA,Washington,DC,"Washington, DC",Washington,DC,FMMOS,FMMOS - non-mars,04/21/2026 05:48:00,2026,2026-FEB,5.78,component,lmprs,
Mar,2026,,Pacific Northwest,124.0,5.76,Producer Milk Components,AMS_3462,3462,Dairy FMMOS,DY-NA,Washington,DC,"Washington, DC",Washington,DC,FMMOS,FMMOS - non-mars,04/21/2026 05:48:00,2026,2026-FEB,5.77,component,lmprs,
Mar,2026,,Northeast,1.0,5.76,Producer Milk Components,AMS_3462,3462,Dairy FMMOS,DY-NA,Washington,DC,"Washington, DC",Washington,DC,FMMOS,FMMOS - non-mars,04/21/2026 05:48:00,2026,2026-FEB,5.75,component,lmprs,
Mar,2026,,Upper Midwest,30.0,5.78,Producer Milk Components,AMS_3462,3462,Dairy FMMOS,DY-NA,Washington,DC,"Washington, DC",Washington,DC,FMMOS,FMMOS - non-mars,04/21/2026 05:48:00,2026,2026-FEB,5.79,component,lmprs,
Mar,2026,,Southwest,126.0,5.77,Producer Milk Components,AMS_3462,3462,Dairy FMMOS,DY-NA,Washington,DC,"Washington, DC",Washington,DC,FMMOS,FMMOS - non-mars,04/21/2026 05:48:00,2026,2026-FEB,5.78,component,lmprs,
Dec,2000,,All Markets Combined,,5.69,Producer Milk Components,AMS_3462,3462,Dairy FMMOS,DY-NA,Washington,DC,"Washington, DC",Washington,DC,FMMOS,FMMOS - non-mars,04/09/2021 07:48:00,2000,2000-MAR,5.71,component,lmprs,
Dec,2000,,Central,32.0,5.70,Producer Milk Components,AMS_3462,3462,Dairy FMMOS,DY-NA,Washington,DC,"Washington, DC",Washington,DC,FMMOS,FMMOS - non-mars,04/09/2021 07:48:00,2000,2000-MAR,5.71,component,lmprs,
Dec,2000,,Mideast,33.0,5.69,Producer Milk Components,AMS_3462,3462,Dairy FMMOS,DY-NA,Washington,DC,"Washington, DC",Washington,DC,FMMOS,FMMOS - non-mars,04/09/2021 07:48:00,2000,2000-MAR,5.68,component,lmprs,
Dec,2000,,Northeast,1.0,5.67,Producer Milk Components,AMS_3462,3462,Dairy FMMOS,DY-NA,Washington,DC,"Washington, DC",Washington,DC,FMMOS,FMMOS - non-mars,04/09/2021 07:48:00,2000,2000-MAR,5.71,component,lmprs,
Dec,2000,,Pacific Northwest,124.0,5.71,Producer Milk Components,AMS_3462,3462,Dairy FMMOS,DY-NA,Washington,DC,"Washington, DC",Washington,DC,FMMOS,FMMOS - non-mars,04/09/2021 07:48:00,2000,2000-MAR,5.71,component,lmprs,
Dec,2000,,Southwest,126.0,5.67,Producer Milk Components,AMS_3462,3462,Dairy FMMOS,DY-NA,Washington,DC,"Washington, DC",Washington,DC,FMMOS,FMMOS - non-mars,04/09/2021 07:48:00,2000,2000-MAR,5.70,component,lmprs,
Dec,2000,,Upper Midwest,30.0,5.70,Producer Milk Components,AMS_3462,3462,Dairy FMMOS,DY-NA,Washington,DC,"Washington, DC",Washington,DC,FMMOS,FMMOS - non-mars,04/09/2021 07:48:00,2000,2000-MAR,5.72,component,lmprs,
Dec,2000,,Western,135.0,5.75,Producer Milk Components,AMS_3462,3462,Dairy FMMOS,DY-NA,Washington,DC,"Washington, DC",Washington,DC,FMMOS,FMMOS - non-mars,04/09/2021 07:48:00,2000,2000-MAR,5.70,component,lmprs,
Dec,2001,,Western,135.0,5.71,Producer Milk Components,AMS_3462,3462,Dairy FMMOS,DY-NA,Washington,DC,"Washington, DC",Washington,DC,FMMOS,FMMOS - non-mars,04/09/2021 07:46:00,2001,2001-MAR,5.72,component,lmprs,
Dec,2001,,Upper Midwest,30.0,5.70,Producer Milk Components,AMS_3462,3462,Dairy FMMOS,DY-NA,Washington,DC,"Washington, DC",Washington,DC,FMMOS,FMMOS - non-mars,04/09/2021 07:46:00,2001,2001-MAR,5.69,component,lmprs,
Dec,2001,,Southwest,126.0,5.67,Producer Milk Components,AMS_3462,3462,Dairy FMMOS,DY-NA,Washington,DC,"Washington, DC",Washington,DC,FMMOS,FMMOS - non-mars,04/09/2021 07:46:00,2001,2001-MAR,5.70,component,lmprs,
Dec,2001,,Pacific Northwest,124.0,5.70,Producer Milk Components,AMS_3462,3462,Dairy FMMOS,DY-NA,Washington,DC,"Washington, DC",Washington,DC,FMMOS,FMMOS - non-mars,04/09/2021 07:46:00,2001,2001-MAR,5.70,component,lmprs,
Dec,2001,,Northeast,1.0,5.69,Producer Milk Components,AMS_3462,3462,Dairy FMMOS,DY-NA,Washington,DC,"Washington, DC",Washington,DC,FMMOS,FMMOS - non-mars,04/09/2021 07:46:00,2001,2001-MAR,5.70,component,lmprs,
Dec,2001,,Mideast,33.0,5.70,Producer Milk Components,AMS_3462,3462,Dairy FMMOS,DY-NA,Washington,DC,"Washington, DC",Washington,DC,FMMOS,FMMOS - non-mars,04/09/2021 07:46:00,2001,2001-MAR,5.70,component,lmprs,
Dec,2001,,Central,32.0,5.70,Producer Milk Components,AMS_3462,3462,Dairy FMMOS,DY-NA,Washington,DC,"Washington, DC",Washington,DC,FMMOS,FMMOS - non-mars,04/09/2021 07:46:00,2001,2001-MAR,5.71,component,lmprs,
Dec,2001,,All Markets Combined,,5.70,Producer Milk Components,AMS_3462,3462,Dairy FMMOS,DY-NA,Washington,DC,"Washington, DC",Washington,DC,FMMOS,FMMOS - non-mars,04/09/2021 07:46:00,2001,2001-MAR,5.70,component,lmprs,
Dec,2002,,All Markets Combined,,5.71,Producer Milk Components,AMS_3462,3462,Dairy FMMOS,DY-NA,Washington,DC,"Washington, DC",Washington,DC,FMMOS,FMMOS - non-mars,04/09/2021 07:46:00,2002,2002-MAR,5.72,component,lmprs,
Dec,2002,,Central,32.0,5.71,Producer Milk Components,AMS_3462,3462,Dairy FMMOS,DY-NA,Washington,DC,"Washington, DC",Washington,DC,FMMOS,FMMOS - non-mars,04/09/2021 07:46:00,2002,2002-MAR,5.73,component,lmprs,
Dec,2002,,Mideast,33.0,5.71,Producer Milk Components,AMS_3462,3462,Dairy FMMOS,DY-NA,Washington,DC,"Washington, DC",Washington,DC,FMMOS,FMMOS - non-mars,04/09/2021 07:46:00,2002,2002-MAR,5.72,component,lmprs,
Dec,2002,,Northeast,1.0,5.71,Producer Milk Components,AMS_3462,3462,Dairy FMMOS,DY-NA,Washington,DC,"Washington, DC",Washington,DC,FMMOS,FMMOS - non-mars,04/09/2021 07:46:00,2002,2002-MAR,5.74,component,lmprs,
Dec,2002,,Pacific Northwest,124.0,5.71,Producer Milk Components,AMS_3462,3462,Dairy FMMOS,DY-NA,Washington,DC,"Washington, DC",Washington,DC,FMMOS,FMMOS - non-mars,04/09/2021 07:46:00,2002,2002-MAR,5.71,component,lmprs,
Dec,2002,,Southwest,126.0,5.69,Producer Milk Components,AMS_3462,3462,Dairy FMMOS,DY-NA,Washington,DC,"Washington, DC",Washington,DC,FMMOS,FMMOS - non-mars,04/09/2021 07:46:00,2002,2002-MAR,5.70,component,lmprs,
Dec,2002,,Upper Midwest,30.0,5.71,Producer Milk Components,AMS_3462,3462,Dairy FMMOS,DY-NA,Washington,DC,"Washington, DC",Washington,DC,FMMOS,FMMOS - non-mars,04/09/2021 07:46:00,2002,2002-MAR,5.71,component,lmprs,
Dec,2002,,Western,135.0,5.72,Producer Milk Components,AMS_3462,3462,Dairy FMMOS,DY-NA,Washington,DC,"Washington, DC",Washington,DC,FMMOS,FMMOS - non-mars,04/09/2021 07:46:00,2002,2002-MAR,5.77,component,lmprs,
Dec,2003,,Western,135.0,5.70,Producer Milk Components,AMS_3462,3462,Dairy FMMOS,DY-NA,Washington,DC,"Washington, DC",Washington,DC,FMMOS,FMMOS - non-mars,04/09/2021 07:46:00,2003,2003-MAR,5.71,component,lmprs,
Dec,2003,,Upper Midwest,30.0,5.72,Producer Milk Components,AMS_3462,3462,Dairy FMMOS,DY-NA,Washington,DC,"Washington, DC",Washington,DC,FMMOS,FMMOS - non-mars,04/09/2021 07:46:00,2003,2003-MAR,5.73,component,lmprs,
Dec,2003,,Southwest,126.0,5.72,Producer Milk Components,AMS_3462,3462,Dairy FMMOS,DY-NA,Washington,DC,"Washington, DC",Washington,DC,FMMOS,FMMOS - non-mars,04/09/2021 07:46:00,2003,2003-MAR,5.72,component,lmprs,
Dec,2003,,Pacific Northwest,124.0,5.69,Producer Milk Components,AMS_3462,3462,Dairy FMMOS,DY-NA,Washington,DC,"Washington, DC",Washington,DC,FMMOS,FMMOS - non-mars,04/09/2021 07:46:00,2003,2003-MAR,5.69,component,lmprs,
Dec,2003,,Mideast,33.0,5.71,Producer Milk Components,AMS_3462,3462,Dairy FMMOS,DY-NA,Washington,DC,"Washington, DC",Washington,DC,FMMOS,FMMOS - non-mars,04/09/2021 07:46:00,2003,2003-MAR,5.71,component,lmprs,
Dec,2003,,Northeast,1.0,5.69,Producer Milk Components,AMS_3462,3462,Dairy FMMOS,DY-NA,Washington,DC,"Washington, DC",Washington,DC,FMMOS,FMMOS - non-mars,04/09/2021 07:46:00,2003,2003-MAR,5.70,component,lmprs,
Dec,2003,,Central,32.0,5.73,Producer Milk Components,AMS_3462,3462,Dairy FMMOS,DY-NA,Washington,DC,"Washington, DC",Washington,DC,FMMOS,FMMOS - non-mars,04/09/2021 07:46:00,2003,2003-MAR,5.74,component,lmprs,
Dec,2003,,All Markets Combined,,5.71,Producer Milk Components,AMS_3462,3462,Dairy FMMOS,DY-NA,Washington,DC,"Washington, DC",Washington,DC,FMMOS,FMMOS - non-mars,04/09/2021 07:46:00,2003,2003-MAR,5.72,component,lmprs,
Dec,2004,,All Markets Combined,,5.70,Producer Milk Components,AMS_3462,3462,Dairy FMMOS,DY-NA,Washington,DC,"Washington, DC",Washington,DC,FMMOS,FMMOS - non-mars,04/09/2021 07:44:00,2004,2004-MAR,5.70,component,lmprs,
Dec,2004,,Central,32.0,5.72,Producer Milk Components,AMS_3462,3462,Dairy FMMOS,DY-NA,Washington,DC,"Washington, DC",Washington,DC,FMMOS,FMMOS - non-mars,04/09/2021 07:44:00,2004,2004-MAR,5.74,component,lmprs,
Dec,2004,,Northeast,1.0,5.67,Producer Milk Components,AMS_3462,3462,Dairy FMMOS,DY-NA,Washington,DC,"Washington, DC",Washington,DC,FMMOS,FMMOS - non-mars,04/09/2021 07:44:00,2004,2004-MAR,5.68,component,lmprs,
Dec,2004,,Mideast,33.0,5.70,Producer Milk Components,AMS_3462,3462,Dairy FMMOS,DY-NA,Washington,DC,"Washington, DC",Washington,DC,FMMOS,FMMOS - non-mars,04/09/2021 07:44:00,2004,2004-MAR,5.70,component,lmprs,
Dec,2004,,Pacific Northwest,124.0,5.69,Producer Milk Components,AMS_3462,3462,Dairy FMMOS,DY-NA,Washington,DC,"Washington, DC",Washington,DC,FMMOS,FMMOS - non-mars,04/09/2021 07:44:00,2004,2004-MAR,5.67,component,lmprs,
Dec,2004,,Southwest,126.0,5.72,Producer Milk Components,AMS_3462,3462,Dairy FMMOS,DY-NA,Washington,DC,"Washington, DC",Washington,DC,FMMOS,FMMOS - non-mars,04/09/2021 07:44:00,2004,2004-MAR,5.72,component,lmprs,
Dec,2004,,Upper Midwest,30.0,5.70,Producer Milk Components,AMS_3462,3462,Dairy FMMOS,DY-NA,Washington,DC,"Washington, DC",Washington,DC,FMMOS,FMMOS - non-mars,04/09/2021 07:44:00,2004,2004-MAR,5.71,component,lmprs,
Dec,2004,,Western,135.0,5.70,Producer Milk Components,AMS_3462,3462,Dairy FMMOS,DY-NA,Washington,DC,"Washington, DC",Washington,DC,FMMOS,FMMOS - non-mars,04/09/2021 07:44:00,2004,2004-MAR,5.71,component,lmprs,
Dec,2005,,Upper Midwest,30.0,5.71,Producer Milk Components,AMS_3462,3462,Dairy FMMOS,DY-NA,Washington,DC,"Washington, DC",Washington,DC,FMMOS,FMMOS - non-mars,03/30/2021 14:16:00,2005,2005-MAR,5.72,component,lmprs,
Dec,2005,,Southwest,126.0,5.72,Producer Milk Components,AMS_3462,3462,Dairy FMMOS,DY-NA,Washington,DC,"Washington, DC",Washington,DC,FMMOS,FMMOS - non-mars,03/30/2021 14:16:00,2005,2005-MAR,5.73,component,lmprs,
Dec,2005,,Pacific Northwest,124.0,5.71,Producer Milk Components,AMS_3462,3462,Dairy FMMOS,DY-NA,Washington,DC,"Washington, DC",Washington,DC,FMMOS,FMMOS - non-mars,03/30/2021 14:16:00,2005,2005-MAR,5.71,component,lmprs,
Dec,2005,,Mideast,33.0,5.71,Producer Milk Components,AMS_3462,3462,Dairy FMMOS,DY-NA,Washington,DC,"Washington, DC",Washington,DC,FMMOS,FMMOS - non-mars,03/30/2021 14:16:00,2005,2005-MAR,5.73,component,lmprs,
Dec,2005,,Northeast,1.0,5.69,Producer Milk Components,AMS_3462,3462,Dairy FMMOS,DY-NA,Washington,DC,"Washington, DC",Washington,DC,FMMOS,FMMOS - non-mars,03/30/2021 14:16:00,2005,2005-MAR,5.69,component,lmprs,
Dec,2005,,Central,32.0,5.73,Producer Milk Components,AMS_3462,3462,Dairy FMMOS,DY-NA,Washington,DC,"Washington, DC",Washington,DC,FMMOS,FMMOS - non-mars,03/30/2021 14:16:00,2005,2005-MAR,5.75,component,lmprs,
Dec,2005,,All Markets Combined,,5.71,Producer Milk Components,AMS_3462,3462,Dairy FMMOS,DY-NA,Washington,DC,"Washington, DC",Washington,DC,FMMOS,FMMOS - non-mars,03/30/2021 14:16:00,2005,2005-MAR,5.72,component,lmprs,
Dec,2006,,All Markets Combined,,5.71,Producer Milk Components,AMS_3462,3462,Dairy FMMOS,DY-NA,Washington,DC,"Washington, DC",Washington,DC,FMMOS,FMMOS - non-mars,03/30/2021 14:16:00,2006,2006-MAR,5.73,component,lmprs,
Dec,2006,,Central,32.0,5.73,Producer Milk Components,AMS_3462,3462,Dairy FMMOS,DY-NA,Washington,DC,"Washington, DC",Washington,DC,FMMOS,FMMOS - non-mars,03/30/2021 14:16:00,2006,2006-MAR,5.73,component,lmprs,
Dec,2006,,Northeast,1.0,5.70,Producer Milk Components,AMS_3462,3462,Dairy FMMOS,DY-NA,Washington,DC,"Washington, DC",Washington,DC,FMMOS,FMMOS - non-mars,03/30/2021 14:16:00,2006,2006-MAR,5.73,component,lmprs,
Dec,2006,,Mideast,33.0,5.71,Producer Milk Components,AMS_3462,3462,Dairy FMMOS,DY-NA,Washington,DC,"Washington, DC",Washington,DC,FMMOS,FMMOS - non-mars,03/30/2021 14:16:00,2006,2006-MAR,5.74,component,lmprs,
Dec,2006,,Pacific Northwest,124.0,5.70,Producer Milk Components,AMS_3462,3462,Dairy FMMOS,DY-NA,Washington,DC,"Washington, DC",Washington,DC,FMMOS,FMMOS - non-mars,03/30/2021 14:16:00,2006,2006-MAR,5.74,component,lmprs,
Dec,2006,,Southwest,126.0,5.70,Producer Milk Components,AMS_3462,3462,Dairy FMMOS,DY-NA,Washington,DC,"Washington, DC",Washington,DC,FMMOS,FMMOS - non-mars,03/30/2021 14:16:00,2006,2006-MAR,5.71,component,lmprs,
Dec,2006,,Upper Midwest,30.0,5.72,Producer Milk Components,AMS_3462,3462,Dairy FMMOS,DY-NA,Washington,DC,"Washington, DC",Washington,DC,FMMOS,FMMOS - non-mars,03/30/2021 14:16:00,2006,2006-MAR,5.73,component,lmprs,
Dec,2007,,Upper Midwest,30.0,5.71,Producer Milk Components,AMS_3462,3462,Dairy FMMOS,DY-NA,Washington,DC,"Washington, DC",Washington,DC,FMMOS,FMMOS - non-mars,03/30/2021 14:16:00,2007,2007-MAR,5.70,component,lmprs,
Dec,2007,,Southwest,126.0,5.69,Producer Milk Components,AMS_3462,3462,Dairy FMMOS,DY-NA,Washington,DC,"Washington, DC",Washington,DC,FMMOS,FMMOS - non-mars,03/30/2021 14:16:00,2007,2007-MAR,5.68,component,lmprs,
Dec,2007,,Pacific Northwest,124.0,5.71,Producer Milk Components,AMS_3462,3462,Dairy FMMOS,DY-NA,Washington,DC,"Washington, DC",Washington,DC,FMMOS,FMMOS - non-mars,03/30/2021 14:16:00,2007,2007-MAR,5.69,component,lmprs,
Dec,2007,,Mideast,33.0,5.71,Producer Milk Components,AMS_3462,3462,Dairy FMMOS,DY-NA,Washington,DC,"Washington, DC",Washington,DC,FMMOS,FMMOS - non-mars,03/30/2021 14:16:00,2007,2007-MAR,5.71,component,lmprs,
Dec,2007,,Northeast,1.0,5.71,Producer Milk Components,AMS_3462,3462,Dairy FMMOS,DY-NA,Washington,DC,"Washington, DC",Washington,DC,FMMOS,FMMOS - non-mars,03/30/2021 14:16:00,2007,2007-MAR,5.72,component,lmprs,
Dec,2007,,Central,32.0,5.71,Producer Milk Components,AMS_3462,3462,Dairy FMMOS,DY-NA,Washington,DC,"Washington, DC",Washington,DC,FMMOS,FMMOS - non-mars,03/30/2021 14:16:00,2007,2007-MAR,5.70,component,lmprs,
Dec,2007,,All Markets Combined,,5.71,Producer Milk Components,AMS_3462,3462,Dairy FMMOS,DY-NA,Washington,DC,"Washington, DC",Washington,DC,FMMOS,FMMOS - non-mars,03/30/2021 14:16:00,2007,2007-MAR,5.70,component,lmprs,
Dec,2008,,All Markets Combined,,5.71,Producer Milk Components,AMS_3462,3462,Dairy FMMOS,DY-NA,Washington,DC,"Washington, DC",Washington,DC,FMMOS,FMMOS - non-mars,03/30/2021 14:15:00,2008,2008-MAR,5.71,component,lmprs,
Dec,2008,,Central,32.0,5.72,Producer Milk Components,AMS_3462,3462,Dairy FMMOS,DY-NA,Washington,DC,"Washington, DC",Washington,DC,FMMOS,FMMOS - non-mars,03/30/2021 14:15:00,2008,2008-MAR,5.70,component,lmprs,
Dec,2008,,Northeast,1.0,5.71,Producer Milk Components,AMS_3462,3462,Dairy FMMOS,DY-NA,Washington,DC,"Washington, DC",Washington,DC,FMMOS,FMMOS - non-mars,03/30/2021 14:15:00,2008,2008-MAR,5.73,component,lmprs,
Dec,2008,,Mideast,33.0,5.70,Producer Milk Components,AMS_3462,3462,Dairy FMMOS,DY-NA,Washington,DC,"Washington, DC",Washington,DC,FMMOS,FMMOS - non-mars,03/30/2021 14:15:00,2008,2008-MAR,5.69,component,lmprs,
Dec,2008,,Pacific Northwest,124.0,5.70,Producer Milk Components,AMS_3462,3462,Dairy FMMOS,DY-NA,Washington,DC,"Washington, DC",Washington,DC,FMMOS,FMMOS - non-mars,03/30/2021 14:15:00,2008,2008-MAR,5.67,component,lmprs,
Dec,2008,,Southwest,126.0,5.73,Producer Milk Components,AMS_3462,3462,Dairy FMMOS,DY-NA,Washington,DC,"Washington, DC",Washington,DC,FMMOS,FMMOS - non-mars,03/30/2021 14:15:00,2008,2008-MAR,5.72,component,lmprs,
Dec,2008,,Upper Midwest,30.0,5.71,Producer Milk Components,AMS_3462,3462,Dairy FMMOS,DY-NA,Washington,DC,"Washington, DC",Washington,DC,FMMOS,FMMOS - non-mars,03/30/2021 14:15:00,2008,2008-MAR,5.70,component,lmprs,
Dec,2009,,Upper Midwest,30.0,5.73,Producer Milk Components,AMS_3462,3462,Dairy FMMOS,DY-NA,Washington,DC,"Washington, DC",Washington,DC,FMMOS,FMMOS - non-mars,03/30/2021 14:15:00,2009,2009-MAR,5.73,component,lmprs,
Dec,2009,,Southwest,126.0,5.74,Producer Milk Components,AMS_3462,3462,Dairy FMMOS,DY-NA,Washington,DC,"Washington, DC",Washington,DC,FMMOS,FMMOS - non-mars,03/30/2021 14:15:00,2009,2009-MAR,5.76,component,lmprs,
Dec,2009,,Pacific Northwest,124.0,5.69,Producer Milk Components,AMS_3462,3462,Dairy FMMOS,DY-NA,Washington,DC,"Washington, DC",Washington,DC,FMMOS,FMMOS - non-mars,03/30/2021 14:15:00,2009,2009-MAR,5.70,component,lmprs,
Dec,2009,,Mideast,33.0,5.69,Producer Milk Components,AMS_3462,3462,Dairy FMMOS,DY-NA,Washington,DC,"Washington, DC",Washington,DC,FMMOS,FMMOS - non-mars,03/30/2021 14:15:00,2009,2009-MAR,5.69,component,lmprs,
Dec,2009,,Northeast,1.0,5.69,Producer Milk Components,AMS_3462,3462,Dairy FMMOS,DY-NA,Washington,DC,"Washington, DC",Washington,DC,FMMOS,FMMOS - non-mars,03/30/2021 14:15:00,2009,2009-MAR,5.71,component,lmprs,
Dec,2009,,Central,32.0,5.74,Producer Milk Components,AMS_3462,3462,Dairy FMMOS,DY-NA,Washington,DC,"Washington, DC",Washington,DC,FMMOS,FMMOS - non-mars,03/30/2021 14:15:00,2009,2009-MAR,5.75,component,lmprs,
Dec,2009,,All Markets Combined,,5.71,Producer Milk Components,AMS_3462,3462,Dairy FMMOS,DY-NA,Washington,DC,"Washington, DC",Washington,DC,FMMOS,FMMOS - non-mars,03/30/2021 14:15:00,2009,2009-MAR,5.72,component,lmprs,
Dec,2010,,All Markets Combined,,5.74,Producer Milk Components,AMS_3462,3462,Dairy FMMOS,DY-NA,Washington,DC,"Washington, DC",Washington,DC,FMMOS,FMMOS - non-mars,03/30/2021 14:14:00,2010,2010-MAR,5.74,component,lmprs,
Dec,2010,,Central,32.0,5.74,Producer Milk Components,AMS_3462,3462,Dairy FMMOS,DY-NA,Washington,DC,"Washington, DC",Washington,DC,FMMOS,FMMOS - non-mars,03/30/2021 14:14:00,2010,2010-MAR,5.76,component,lmprs,
Dec,2010,,Northeast,1.0,5.72,Producer Milk Components,AMS_3462,3462,Dairy FMMOS,DY-NA,Washington,DC,"Washington, DC",Washington,DC,FMMOS,FMMOS - non-mars,03/30/2021 14:14:00,2010,2010-MAR,5.73,component,lmprs,
Dec,2010,,Mideast,33.0,5.71,Producer Milk Components,AMS_3462,3462,Dairy FMMOS,DY-NA,Washington,DC,"Washington, DC",Washington,DC,FMMOS,FMMOS - non-mars,03/30/2021 14:14:00,2010,2010-MAR,5.71,component,lmprs,
Dec,2010,,Pacific Northwest,124.0,5.71,Producer Milk Components,AMS_3462,3462,Dairy FMMOS,DY-NA,Washington,DC,"Washington, DC",Washington,DC,FMMOS,FMMOS - non-mars,03/30/2021 14:14:00,2010,2010-MAR,5.69,component,lmprs,
Dec,2010,,Southwest,126.0,5.76,Producer Milk Components,AMS_3462,3462,Dairy FMMOS,DY-NA,Washington,DC,"Washington, DC",Washington,DC,FMMOS,FMMOS - non-mars,03/30/2021 14:14:00,2010,2010-MAR,5.75,component,lmprs,
Dec,2010,,Upper Midwest,30.0,5.76,Producer Milk Components,AMS_3462,3462,Dairy FMMOS,DY-NA,Washington,DC,"Washington, DC",Washington,DC,FMMOS,FMMOS - non-mars,03/30/2021 14:14:00,2010,2010-MAR,5.77,component,lmprs,
Dec,2011,,Southwest,126.0,5.75,Producer Milk Components,AMS_3462,3462,Dairy FMMOS,DY-NA,Washington,DC,"Washington, DC",Washington,DC,FMMOS,FMMOS - non-mars,03/30/2021 14:14:00,2011,2011-MAR,5.77,component,lmprs,
Dec,2011,,Upper Midwest,30.0,5.74,Producer Milk Components,AMS_3462,3462,Dairy FMMOS,DY-NA,Washington,DC,"Washington, DC",Washington,DC,FMMOS,FMMOS - non-mars,03/30/2021 14:14:00,2011,2011-MAR,5.75,component,lmprs,
Dec,2011,,Pacific Northwest,124.0,5.73,Producer Milk Components,AMS_3462,3462,Dairy FMMOS,DY-NA,Washington,DC,"Washington, DC",Washington,DC,FMMOS,FMMOS - non-mars,03/30/2021 14:14:00,2011,2011-MAR,5.73,component,lmprs,
Dec,2011,,Northeast,1.0,5.73,Producer Milk Components,AMS_3462,3462,Dairy FMMOS,DY-NA,Washington,DC,"Washington, DC",Washington,DC,FMMOS,FMMOS - non-mars,03/30/2021 14:14:00,2011,2011-MAR,5.75,component,lmprs,
Dec,2011,,Central,32.0,5.73,Producer Milk Components,AMS_3462,3462,Dairy FMMOS,DY-NA,Washington,DC,"Washington, DC",Washington,DC,FMMOS,FMMOS - non-mars,03/30/2021 14:14:00,2011,2011-MAR,5.74,component,lmprs,
Dec,2011,,Mideast,33.0,5.71,Producer Milk Components,AMS_3462,3462,Dairy FMMOS,DY-NA,Washington,DC,"Washington, DC",Washington,DC,FMMOS,FMMOS - non-mars,03/30/2021 14:14:00,2011,2011-MAR,5.72,component,lmprs,
Dec,2011,,All Markets Combined,,5.73,Producer Milk Components,AMS_3462,3462,Dairy FMMOS,DY-NA,Washington,DC,"Washington, DC",Washington,DC,FMMOS,FMMOS - non-mars,03/30/2021 14:14:00,2011,2011-MAR,5.74,component,lmprs,
Dec,2012,,All Markets Combined,,5.75,Producer Milk Components,AMS_3462,3462,Dairy FMMOS,DY-NA,Washington,DC,"Washington, DC",Washington,DC,FMMOS,FMMOS - non-mars,03/30/2021 14:13:00,2012,2012-MAR,5.76,component,lmprs,
Dec,2012,,Mideast,33.0,5.74,Producer Milk Components,AMS_3462,3462,Dairy FMMOS,DY-NA,Washington,DC,"Washington, DC",Washington,DC,FMMOS,FMMOS - non-mars,03/30/2021 14:13:00,2012,2012-MAR,5.74,component,lmprs,
Dec,2012,,Central,32.0,5.75,Producer Milk Components,AMS_3462,3462,Dairy FMMOS,DY-NA,Washington,DC,"Washington, DC",Washington,DC,FMMOS,FMMOS - non-mars,03/30/2021 14:13:00,2012,2012-MAR,5.77,component,lmprs,
Dec,2012,,Northeast,1.0,5.75,Producer Milk Components,AMS_3462,3462,Dairy FMMOS,DY-NA,Washington,DC,"Washington, DC",Washington,DC,FMMOS,FMMOS - non-mars,03/30/2021 14:13:00,2012,2012-MAR,5.76,component,lmprs,
Dec,2012,,Pacific Northwest,124.0,5.74,Producer Milk Components,AMS_3462,3462,Dairy FMMOS,DY-NA,Washington,DC,"Washington, DC",Washington,DC,FMMOS,FMMOS - non-mars,03/30/2021 14:13:00,2012,2012-MAR,5.73,component,lmprs,
Dec,2012,,Upper Midwest,30.0,5.75,Producer Milk Components,AMS_3462,3462,Dairy FMMOS,DY-NA,Washington,DC,"Washington, DC",Washington,DC,FMMOS,FMMOS - non-mars,03/30/2021 14:13:00,2012,2012-MAR,5.76,component,lmprs,
Dec,2012,,Southwest,126.0,5.77,Producer Milk Components,AMS_3462,3462,Dairy FMMOS,DY-NA,Washington,DC,"Washington, DC",Washington,DC,FMMOS,FMMOS - non-mars,03/30/2021 14:13:00,2012,2012-MAR,5.81,component,lmprs,
Dec,2013,,Southwest,126.0,5.77,Producer Milk Components,AMS_3462,3462,Dairy FMMOS,DY-NA,Washington,DC,"Washington, DC",Washington,DC,FMMOS,FMMOS - non-mars,03/30/2021 14:13:00,2013,2013-MAR,5.79,component,lmprs,
Dec,2013,,Upper Midwest,30.0,5.74,Producer Milk Components,AMS_3462,3462,Dairy FMMOS,DY-NA,Washington,DC,"Washington, DC",Washington,DC,FMMOS,FMMOS - non-mars,03/30/2021 14:13:00,2013,2013-MAR,5.74,component,lmprs,
Dec,2013,,Pacific Northwest,124.0,5.73,Producer Milk Components,AMS_3462,3462,Dairy FMMOS,DY-NA,Washington,DC,"Washington, DC",Washington,DC,FMMOS,FMMOS - non-mars,03/30/2021 14:13:00,2013,2013-MAR,5.74,component,lmprs,
Dec,2013,,Northeast,1.0,5.73,Producer Milk Components,AMS_3462,3462,Dairy FMMOS,DY-NA,Washington,DC,"Washington, DC",Washington,DC,FMMOS,FMMOS - non-mars,03/30/2021 14:13:00,2013,2013-MAR,5.75,component,lmprs,
Dec,2013,,Central,32.0,5.75,Producer Milk Components,AMS_3462,3462,Dairy FMMOS,DY-NA,Washington,DC,"Washington, DC",Washington,DC,FMMOS,FMMOS - non-mars,03/30/2021 14:13:00,2013,2013-MAR,5.76,component,lmprs,
Dec,2013,,Mideast,33.0,5.74,Producer Milk Components,AMS_3462,3462,Dairy FMMOS,DY-NA,Washington,DC,"Washington, DC",Washington,DC,FMMOS,FMMOS - non-mars,03/30/2021 14:13:00,2013,2013-MAR,5.75,component,lmprs,
Dec,2013,,All Markets Combined,,5.74,Producer Milk Components,AMS_3462,3462,Dairy FMMOS,DY-NA,Washington,DC,"Washington, DC",Washington,DC,FMMOS,FMMOS - non-mars,03/30/2021 14:13:00,2013,2013-MAR,5.75,component,lmprs,
Dec,2014,,All Markets Combined,,5.74,Producer Milk Components,AMS_3462,3462,Dairy FMMOS,DY-NA,Washington,DC,"Washington, DC",Washington,DC,FMMOS,FMMOS - non-mars,03/30/2021 14:13:00,2014,2014-MAR,5.72,component,lmprs,
Dec,2014,,Mideast,33.0,5.72,Producer Milk Components,AMS_3462,3462,Dairy FMMOS,DY-NA,Washington,DC,"Washington, DC",Washington,DC,FMMOS,FMMOS - non-mars,03/30/2021 14:13:00,2014,2014-MAR,5.72,component,lmprs,
Dec,2014,,Central,32.0,5.74,Producer Milk Components,AMS_3462,3462,Dairy FMMOS,DY-NA,Washington,DC,"Washington, DC",Washington,DC,FMMOS,FMMOS - non-mars,03/30/2021 14:13:00,2014,2014-MAR,5.73,component,lmprs,
Dec,2014,,Northeast,1.0,5.73,Producer Milk Components,AMS_3462,3462,Dairy FMMOS,DY-NA,Washington,DC,"Washington, DC",Washington,DC,FMMOS,FMMOS - non-mars,03/30/2021 14:13:00,2014,2014-MAR,5.73,component,lmprs,
Dec,2014,,Pacific Northwest,124.0,5.72,Producer Milk Components,AMS_3462,3462,Dairy FMMOS,DY-NA,Washington,DC,"Washington, DC",Washington,DC,FMMOS,FMMOS - non-mars,03/30/2021 14:13:00,2014,2014-MAR,5.73,component,lmprs,
Dec,2014,,Upper Midwest,30.0,5.73,Producer Milk Components,AMS_3462,3462,Dairy FMMOS,DY-NA,Washington,DC,"Washington, DC",Washington,DC,FMMOS,FMMOS - non-mars,03/30/2021 14:13:00,2014,2014-MAR,5.70,component,lmprs,
Dec,2014,,Southwest,126.0,5.76,Producer Milk Components,AMS_3462,3462,Dairy FMMOS,DY-NA,Washington,DC,"Washington, DC",Washington,DC,FMMOS,FMMOS - non-mars,03/30/2021 14:13:00,2014,2014-MAR,5.77,component,lmprs,
Dec,2015,,Southwest,126.0,5.74,Producer Milk Components,AMS_3462,3462,Dairy FMMOS,DY-NA,Washington,DC,"Washington, DC",Washington,DC,FMMOS,FMMOS - non-mars,03/30/2021 14:12:00,2015,2015-MAR,5.73,component,lmprs,
Dec,2015,,Upper Midwest,30.0,5.74,Producer Milk Components,AMS_3462,3462,Dairy FMMOS,DY-NA,Washington,DC,"Washington, DC",Washington,DC,FMMOS,FMMOS - non-mars,03/30/2021 14:12:00,2015,2015-MAR,5.72,component,lmprs,
Dec,2015,,Pacific Northwest,124.0,5.73,Producer Milk Components,AMS_3462,3462,Dairy FMMOS,DY-NA,Washington,DC,"Washington, DC",Washington,DC,FMMOS,FMMOS - non-mars,03/30/2021 14:12:00,2015,2015-MAR,5.73,component,lmprs,
Dec,2015,,Northeast,1.0,5.75,Producer Milk Components,AMS_3462,3462,Dairy FMMOS,DY-NA,Washington,DC,"Washington, DC",Washington,DC,FMMOS,FMMOS - non-mars,03/30/2021 14:12:00,2015,2015-MAR,5.74,component,lmprs,
Dec,2015,,Central,32.0,5.76,Producer Milk Components,AMS_3462,3462,Dairy FMMOS,DY-NA,Washington,DC,"Washington, DC",Washington,DC,FMMOS,FMMOS - non-mars,03/30/2021 14:12:00,2015,2015-MAR,5.74,component,lmprs,
Dec,2015,,Mideast,33.0,5.74,Producer Milk Components,AMS_3462,3462,Dairy FMMOS,DY-NA,Washington,DC,"Washington, DC",Washington,DC,FMMOS,FMMOS - non-mars,03/30/2021 14:12:00,2015,2015-MAR,5.73,component,lmprs,
Dec,2015,,All Markets Combined,,5.74,Producer Milk Components,AMS_3462,3462,Dairy FMMOS,DY-NA,Washington,DC,"Washington, DC",Washington,DC,FMMOS,FMMOS - non-mars,03/30/2021 14:12:00,2015,2015-MAR,5.73,component,lmprs,
Dec,2016,,All Markets Combined,,5.75,Producer Milk Components,AMS_3462,3462,Dairy FMMOS,DY-NA,Washington,DC,"Washington, DC",Washington,DC,FMMOS,FMMOS - non-mars,03/30/2021 14:12:00,2016,2016-MAR,5.75,component,lmprs,
Dec,2016,,Mideast,33.0,5.78,Producer Milk Components,AMS_3462,3462,Dairy FMMOS,DY-NA,Washington,DC,"Washington, DC",Washington,DC,FMMOS,FMMOS - non-mars,03/30/2021 14:12:00,2016,2016-MAR,5.76,component,lmprs,
Dec,2016,,Central,32.0,5.76,Producer Milk Components,AMS_3462,3462,Dairy FMMOS,DY-NA,Washington,DC,"Washington, DC",Washington,DC,FMMOS,FMMOS - non-mars,03/30/2021 14:12:00,2016,2016-MAR,5.76,component,lmprs,
Dec,2016,,Northeast,1.0,5.74,Producer Milk Components,AMS_3462,3462,Dairy FMMOS,DY-NA,Washington,DC,"Washington, DC",Washington,DC,FMMOS,FMMOS - non-mars,03/30/2021 14:12:00,2016,2016-MAR,5.76,component,lmprs,
Dec,2016,,Pacific Northwest,124.0,5.73,Producer Milk Components,AMS_3462,3462,Dairy FMMOS,DY-NA,Washington,DC,"Washington, DC",Washington,DC,FMMOS,FMMOS - non-mars,03/30/2021 14:12:00,2016,2016-MAR,5.74,component,lmprs,
Dec,2016,,Upper Midwest,30.0,5.74,Producer Milk Components,AMS_3462,3462,Dairy FMMOS,DY-NA,Washington,DC,"Washington, DC",Washington,DC,FMMOS,FMMOS - non-mars,03/30/2021 14:12:00,2016,2016-MAR,5.75,component,lmprs,
Dec,2016,,Southwest,126.0,5.74,Producer Milk Components,AMS_3462,3462,Dairy FMMOS,DY-NA,Washington,DC,"Washington, DC",Washington,DC,FMMOS,FMMOS - non-mars,03/30/2021 14:12:00,2016,2016-MAR,5.73,component,lmprs,
Dec,2017,,Southwest,126.0,5.74,Producer Milk Components,AMS_3462,3462,Dairy FMMOS,DY-NA,Washington,DC,"Washington, DC",Washington,DC,FMMOS,FMMOS - non-mars,03/30/2021 14:11:00,2017,2017-MAR,5.75,component,lmprs,
Dec,2017,,Upper Midwest,30.0,5.76,Producer Milk Components,AMS_3462,3462,Dairy FMMOS,DY-NA,Washington,DC,"Washington, DC",Washington,DC,FMMOS,FMMOS - non-mars,03/30/2021 14:11:00,2017,2017-MAR,5.75,component,lmprs,
Dec,2017,,Pacific Northwest,124.0,5.74,Producer Milk Components,AMS_3462,3462,Dairy FMMOS,DY-NA,Washington,DC,"Washington, DC",Washington,DC,FMMOS,FMMOS - non-mars,03/30/2021 14:11:00,2017,2017-MAR,5.75,component,lmprs,
Dec,2017,,Northeast,1.0,5.75,Producer Milk Components,AMS_3462,3462,Dairy FMMOS,DY-NA,Washington,DC,"Washington, DC",Washington,DC,FMMOS,FMMOS - non-mars,03/30/2021 14:11:00,2017,2017-MAR,5.75,component,lmprs,
Dec,2017,,Central,32.0,5.75,Producer Milk Components,AMS_3462,3462,Dairy FMMOS,DY-NA,Washington,DC,"Washington, DC",Washington,DC,FMMOS,FMMOS - non-mars,03/30/2021 14:11:00,2017,2017-MAR,5.77,component,lmprs,
Dec,2017,,Mideast,33.0,5.75,Producer Milk Components,AMS_3462,3462,Dairy FMMOS,DY-NA,Washington,DC,"Washington, DC",Washington,DC,FMMOS,FMMOS - non-mars,03/30/2021 14:11:00,2017,2017-MAR,5.75,component,lmprs,
Dec,2017,,All Markets Combined,,5.75,Producer Milk Components,AMS_3462,3462,Dairy FMMOS,DY-NA,Washington,DC,"Washington, DC",Washington,DC,FMMOS,FMMOS - non-mars,03/30/2021 14:11:00,2017,2017-MAR,5.75,component,lmprs,
Dec,2018,,All Markets Combined,,5.76,Producer Milk Components,AMS_3462,3462,Dairy FMMOS,DY-NA,Washington,DC,"Washington, DC",Washington,DC,FMMOS,FMMOS - non-mars,03/30/2021 14:09:00,2018,2018-MAR,5.76,component,lmprs,
Dec,2018,,California,51.0,5.73,Producer Milk Components,AMS_3462,3462,Dairy FMMOS,DY-NA,Washington,DC,"Washington, DC",Washington,DC,FMMOS,FMMOS - non-mars,03/30/2021 14:09:00,2018,2018-MAR,,component,lmprs,
Dec,2018,,Mideast,33.0,5.77,Producer Milk Components,AMS_3462,3462,Dairy FMMOS,DY-NA,Washington,DC,"Washington, DC",Washington,DC,FMMOS,FMMOS - non-mars,03/30/2021 14:09:00,2018,2018-MAR,5.79,component,lmprs,
Dec,2018,,Central,32.0,5.77,Producer Milk Components,AMS_3462,3462,Dairy FMMOS,DY-NA,Washington,DC,"Washington, DC",Washington,DC,FMMOS,FMMOS - non-mars,03/30/2021 14:09:00,2018,2018-MAR,5.77,component,lmprs,
Dec,2018,,Northeast,1.0,5.75,Producer Milk Components,AMS_3462,3462,Dairy FMMOS,DY-NA,Washington,DC,"Washington, DC",Washington,DC,FMMOS,FMMOS - non-mars,03/30/2021 14:09:00,2018,2018-MAR,5.76,component,lmprs,
Dec,2018,,Pacific Northwest,124.0,5.75,Producer Milk Components,AMS_3462,3462,Dairy FMMOS,DY-NA,Washington,DC,"Washington, DC",Washington,DC,FMMOS,FMMOS - non-mars,03/30/2021 14:09:00,2018,2018-MAR,5.76,component,lmprs,
Dec,2018,,Upper Midwest,30.0,5.77,Producer Milk Components,AMS_3462,3462,Dairy FMMOS,DY-NA,Washington,DC,"Washington, DC",Washington,DC,FMMOS,FMMOS - non-mars,03/30/2021 14:09:00,2018,2018-MAR,5.75,component,lmprs,
Dec,2018,,Southwest,126.0,5.76,Producer Milk Components,AMS_3462,3462,Dairy FMMOS,DY-NA,Washington,DC,"Washington, DC",Washington,DC,FMMOS,FMMOS - non-mars,03/30/2021 14:09:00,2018,2018-MAR,5.75,component,lmprs,
Dec,2019,,Upper Midwest,30.0,5.77,Producer Milk Components,AMS_3462,3462,Dairy FMMOS,DY-NA,Washington,DC,"Washington, DC",Washington,DC,FMMOS,FMMOS - non-mars,03/30/2021 14:09:00,2019,2019-MAR,5.74,component,lmprs,
Dec,2019,,Pacific Northwest,124.0,5.76,Producer Milk Components,AMS_3462,3462,Dairy FMMOS,DY-NA,Washington,DC,"Washington, DC",Washington,DC,FMMOS,FMMOS - non-mars,03/30/2021 14:09:00,2019,2019-MAR,5.77,component,lmprs,
Dec,2019,,Southwest,126.0,5.77,Producer Milk Components,AMS_3462,3462,Dairy FMMOS,DY-NA,Washington,DC,"Washington, DC",Washington,DC,FMMOS,FMMOS - non-mars,03/30/2021 14:09:00,2019,2019-MAR,5.78,component,lmprs,
Dec,2019,,Northeast,1.0,5.75,Producer Milk Components,AMS_3462,3462,Dairy FMMOS,DY-NA,Washington,DC,"Washington, DC",Washington,DC,FMMOS,FMMOS - non-mars,03/30/2021 14:09:00,2019,2019-MAR,5.75,component,lmprs,
Dec,2019,,Mideast,33.0,5.76,Producer Milk Components,AMS_3462,3462,Dairy FMMOS,DY-NA,Washington,DC,"Washington, DC",Washington,DC,FMMOS,FMMOS - non-mars,03/30/2021 14:09:00,2019,2019-MAR,5.78,component,lmprs,
Dec,2019,,California,51.0,5.75,Producer Milk Components,AMS_3462,3462,Dairy FMMOS,DY-NA,Washington,DC,"Washington, DC",Washington,DC,FMMOS,FMMOS - non-mars,03/30/2021 14:09:00,2019,2019-MAR,5.76,component,lmprs,
Dec,2019,,Central,32.0,5.78,Producer Milk Components,AMS_3462,3462,Dairy FMMOS,DY-NA,Washington,DC,"Washington, DC",Washington,DC,FMMOS,FMMOS - non-mars,03/30/2021 14:09:00,2019,2019-MAR,5.77,component,lmprs,
Dec,2019,,All Markets Combined,,5.76,Producer Milk Components,AMS_3462,3462,Dairy FMMOS,DY-NA,Washington,DC,"Washington, DC",Washington,DC,FMMOS,FMMOS - non-mars,03/30/2021 14:09:00,2019,2019-MAR,5.76,component,lmprs,
Dec,2020,,All Markets Combined,,5.77,Producer Milk Components,AMS_3462,3462,Dairy FMMOS,DY-NA,Washington,DC,"Washington, DC",Washington,DC,FMMOS,FMMOS - non-mars,02/23/2021 09:39:00,2020,2020-MAR,5.78,component,lmprs,
Dec,2020,,Central,32.0,5.79,Producer Milk Components,AMS_3462,3462,Dairy FMMOS,DY-NA,Washington,DC,"Washington, DC",Washington,DC,FMMOS,FMMOS - non-mars,02/23/2021 09:39:00,2020,2020-MAR,5.79,component,lmprs,
Dec,2020,,California,51.0,5.75,Producer Milk Components,AMS_3462,3462,Dairy FMMOS,DY-NA,Washington,DC,"Washington, DC",Washington,DC,FMMOS,FMMOS - non-mars,02/23/2021 09:39:00,2020,2020-MAR,5.77,component,lmprs,
Dec,2020,,Mideast,33.0,5.78,Producer Milk Components,AMS_3462,3462,Dairy FMMOS,DY-NA,Washington,DC,"Washington, DC",Washington,DC,FMMOS,FMMOS - non-mars,02/23/2021 09:39:00,2020,2020-MAR,5.78,component,lmprs,
Dec,2020,,Northeast,1.0,5.77,Producer Milk Components,AMS_3462,3462,Dairy FMMOS,DY-NA,Washington,DC,"Washington, DC",Washington,DC,FMMOS,FMMOS - non-mars,02/23/2021 09:39:00,2020,2020-MAR,5.78,component,lmprs,
Dec,2020,,Southwest,126.0,5.78,Producer Milk Components,AMS_3462,3462,Dairy FMMOS,DY-NA,Washington,DC,"Washington, DC",Washington,DC,FMMOS,FMMOS - non-mars,02/23/2021 09:39:00,2020,2020-MAR,5.79,component,lmprs,
Dec,2020,,Pacific Northwest,124.0,5.77,Producer Milk Components,AMS_3462,3462,Dairy FMMOS,DY-NA,Washington,DC,"Washington, DC",Washington,DC,FMMOS,FMMOS - non-mars,02/23/2021 09:39:00,2020,2020-MAR,5.78,component,lmprs,
Dec,2020,,Upper Midwest,30.0,5.77,Producer Milk Components,AMS_3462,3462,Dairy FMMOS,DY-NA,Washington,DC,"Washington, DC",Washington,DC,FMMOS,FMMOS - non-mars,02/23/2021 09:39:00,2020,2020-MAR,5.76,component,lmprs,
Dec,2021,,Southwest,126.0,5.78,Producer Milk Components,AMS_3462,3462,Dairy FMMOS,DY-NA,Washington,DC,"Washington, DC",Washington,DC,FMMOS,FMMOS - non-mars,01/31/2022 07:17:00,2021,2021-MAR,5.76,component,lmprs,
Dec,2021,,Upper Midwest,30.0,5.80,Producer Milk Components,AMS_3462,3462,Dairy FMMOS,DY-NA,Washington,DC,"Washington, DC",Washington,DC,FMMOS,FMMOS - non-mars,01/31/2022 07:17:00,2021,2021-MAR,5.79,component,lmprs,
Dec,2021,,Northeast,1.0,5.77,Producer Milk Components,AMS_3462,3462,Dairy FMMOS,DY-NA,Washington,DC,"Washington, DC",Washington,DC,FMMOS,FMMOS - non-mars,01/31/2022 07:17:00,2021,2021-MAR,5.77,component,lmprs,
Dec,2021,,Pacific Northwest,124.0,5.77,Producer Milk Components,AMS_3462,3462,Dairy FMMOS,DY-NA,Washington,DC,"Washington, DC",Washington,DC,FMMOS,FMMOS - non-mars,01/31/2022 07:17:00,2021,2021-MAR,5.78,component,lmprs,
Dec,2021,,Mideast,33.0,5.77,Producer Milk Components,AMS_3462,3462,Dairy FMMOS,DY-NA,Washington,DC,"Washington, DC",Washington,DC,FMMOS,FMMOS - non-mars,01/31/2022 07:17:00,2021,2021-MAR,5.78,component,lmprs,
Dec,2021,,Central,32.0,5.78,Producer Milk Components,AMS_3462,3462,Dairy FMMOS,DY-NA,Washington,DC,"Washington, DC",Washington,DC,FMMOS,FMMOS - non-mars,01/31/2022 07:17:00,2021,2021-MAR,5.78,component,lmprs,
Dec,2021,,California,51.0,5.75,Producer Milk Components,AMS_3462,3462,Dairy FMMOS,DY-NA,Washington,DC,"Washington, DC",Washington,DC,FMMOS,FMMOS - non-mars,01/31/2022 07:17:00,2021,2021-MAR,5.75,component,lmprs,
Dec,2021,,All Markets Combined,,5.77,Producer Milk Components,AMS_3462,3462,Dairy FMMOS,DY-NA,Washington,DC,"Washington, DC",Washington,DC,FMMOS,FMMOS - non-mars,01/31/2022 07:17:00,2021,2021-MAR,5.77,component,lmprs,
Dec,2022,,All Markets Combined,,5.78,Producer Milk Components,AMS_3462,3462,Dairy FMMOS,DY-NA,Washington,DC,"Washington, DC",Washington,DC,FMMOS,FMMOS - non-mars,01/30/2023 07:36:00,2022,2022-MAR,5.78,component,lmprs,
Dec,2022,,California,51.0,5.75,Producer Milk Components,AMS_3462,3462,Dairy FMMOS,DY-NA,Washington,DC,"Washington, DC",Washington,DC,FMMOS,FMMOS - non-mars,01/30/2023 07:36:00,2022,2022-MAR,5.76,component,lmprs,
Dec,2022,,Central,32.0,5.79,Producer Milk Components,AMS_3462,3462,Dairy FMMOS,DY-NA,Washington,DC,"Washington, DC",Washington,DC,FMMOS,FMMOS - non-mars,01/30/2023 07:36:00,2022,2022-MAR,5.79,component,lmprs,
Dec,2022,,Mideast,33.0,5.78,Producer Milk Components,AMS_3462,3462,Dairy FMMOS,DY-NA,Washington,DC,"Washington, DC",Washington,DC,FMMOS,FMMOS - non-mars,01/30/2023 07:36:00,2022,2022-MAR,5.78,component,lmprs,
Dec,2022,,Pacific Northwest,124.0,5.78,Producer Milk Components,AMS_3462,3462,Dairy FMMOS,DY-NA,Washington,DC,"Washington, DC",Washington,DC,FMMOS,FMMOS - non-mars,01/30/2023 07:36:00,2022,2022-MAR,5.78,component,lmprs,
Dec,2022,,Northeast,1.0,5.78,Producer Milk Components,AMS_3462,3462,Dairy FMMOS,DY-NA,Washington,DC,"Washington, DC",Washington,DC,FMMOS,FMMOS - non-mars,01/30/2023 07:36:00,2022,2022-MAR,5.78,component,lmprs,
Dec,2022,,Upper Midwest,30.0,5.79,Producer Milk Components,AMS_3462,3462,Dairy FMMOS,DY-NA,Washington,DC,"Washington, DC",Washington,DC,FMMOS,FMMOS - non-mars,01/30/2023 07:36:00,2022,2022-MAR,5.79,component,lmprs,
Dec,2022,,Southwest,126.0,5.79,Producer Milk Components,AMS_3462,3462,Dairy FMMOS,DY-NA,Washington,DC,"Washington, DC",Washington,DC,FMMOS,FMMOS - non-mars,01/30/2023 07:36:00,2022,2022-MAR,5.79,component,lmprs,
Dec,2023,,Southwest,126.0,5.79,Producer Milk Components,AMS_3462,3462,Dairy FMMOS,DY-NA,Washington,DC,"Washington, DC",Washington,DC,FMMOS,FMMOS - non-mars,01/30/2024 09:42:00,2023,2023-MAR,5.80,component,lmprs,
Dec,2023,,Upper Midwest,30.0,5.78,Producer Milk Components,AMS_3462,3462,Dairy FMMOS,DY-NA,Washington,DC,"Washington, DC",Washington,DC,FMMOS,FMMOS - non-mars,01/30/2024 09:42:00,2023,2023-MAR,5.79,component,lmprs,
Dec,2023,,Northeast,1.0,5.77,Producer Milk Components,AMS_3462,3462,Dairy FMMOS,DY-NA,Washington,DC,"Washington, DC",Washington,DC,FMMOS,FMMOS - non-mars,01/30/2024 09:42:00,2023,2023-MAR,5.77,component,lmprs,
Dec,2023,,Pacific Northwest,124.0,5.78,Producer Milk Components,AMS_3462,3462,Dairy FMMOS,DY-NA,Washington,DC,"Washington, DC",Washington,DC,FMMOS,FMMOS - non-mars,01/30/2024 09:42:00,2023,2023-MAR,5.76,component,lmprs,
Dec,2023,,Mideast,33.0,5.79,Producer Milk Components,AMS_3462,3462,Dairy FMMOS,DY-NA,Washington,DC,"Washington, DC",Washington,DC,FMMOS,FMMOS - non-mars,01/30/2024 09:42:00,2023,2023-MAR,5.78,component,lmprs,
Dec,2023,,Central,32.0,5.79,Producer Milk Components,AMS_3462,3462,Dairy FMMOS,DY-NA,Washington,DC,"Washington, DC",Washington,DC,FMMOS,FMMOS - non-mars,01/30/2024 09:42:00,2023,2023-MAR,5.80,component,lmprs,
Dec,2023,,California,51.0,5.75,Producer Milk Components,AMS_3462,3462,Dairy FMMOS,DY-NA,Washington,DC,"Washington, DC",Washington,DC,FMMOS,FMMOS - non-mars,01/30/2024 09:42:00,2023,2023-MAR,5.76,component,lmprs,
Dec,2023,,All Markets Combined,,5.78,Producer Milk Components,AMS_3462,3462,Dairy FMMOS,DY-NA,Washington,DC,"Washington, DC",Washington,DC,FMMOS,FMMOS - non-mars,01/30/2024 09:42:00,2023,2023-MAR,5.78,component,lmprs,
Dec,2024,,All Markets Combined,,5.78,Producer Milk Components,AMS_3462,3462,Dairy FMMOS,DY-NA,Washington,DC,"Washington, DC",Washington,DC,FMMOS,FMMOS - non-mars,01/23/2025 09:07:00,2024,2024-MAR,5.78,component,lmprs,
Dec,2024,,California,51.0,5.77,Producer Milk Components,AMS_3462,3462,Dairy FMMOS,DY-NA,Washington,DC,"Washington, DC",Washington,DC,FMMOS,FMMOS - non-mars,01/23/2025 09:07:00,2024,2024-MAR,5.78,component,lmprs,
Dec,2024,,Central,32.0,5.80,Producer Milk Components,AMS_3462,3462,Dairy FMMOS,DY-NA,Washington,DC,"Washington, DC",Washington,DC,FMMOS,FMMOS - non-mars,01/23/2025 09:07:00,2024,2024-MAR,5.78,component,lmprs,
Dec,2024,,Mideast,33.0,5.77,Producer Milk Components,AMS_3462,3462,Dairy FMMOS,DY-NA,Washington,DC,"Washington, DC",Washington,DC,FMMOS,FMMOS - non-mars,01/23/2025 09:07:00,2024,2024-MAR,5.78,component,lmprs,
Dec,2024,,Pacific Northwest,124.0,5.78,Producer Milk Components,AMS_3462,3462,Dairy FMMOS,DY-NA,Washington,DC,"Washington, DC",Washington,DC,FMMOS,FMMOS - non-mars,01/23/2025 09:07:00,2024,2024-MAR,5.78,component,lmprs,
Dec,2024,,Northeast,1.0,5.78,Producer Milk Components,AMS_3462,3462,Dairy FMMOS,DY-NA,Washington,DC,"Washington, DC",Washington,DC,FMMOS,FMMOS - non-mars,01/23/2025 09:07:00,2024,2024-MAR,5.77,component,lmprs,
Dec,2024,,Upper Midwest,30.0,5.79,Producer Milk Components,AMS_3462,3462,Dairy FMMOS,DY-NA,Washington,DC,"Washington, DC",Washington,DC,FMMOS,FMMOS - non-mars,01/23/2025 09:07:00,2024,2024-MAR,5.78,component,lmprs,
Dec,2024,,Southwest,126.0,5.80,Producer Milk Components,AMS_3462,3462,Dairy FMMOS,DY-NA,Washington,DC,"Washington, DC",Washington,DC,FMMOS,FMMOS - non-mars,01/23/2025 09:07:00,2024,2024-MAR,5.79,component,lmprs,
Dec,2025,,Southwest,126.0,5.78,Producer Milk Components,AMS_3462,3462,Dairy FMMOS,DY-NA,Washington,DC,"Washington, DC",Washington,DC,FMMOS,FMMOS - non-mars,01/21/2026 11:39:00,2025,2025-MAR,5.78,component,lmprs,
Dec,2025,,Upper Midwest,30.0,5.79,Producer Milk Components,AMS_3462,3462,Dairy FMMOS,DY-NA,Washington,DC,"Washington, DC",Washington,DC,FMMOS,FMMOS - non-mars,01/21/2026 11:39:00,2025,2025-MAR,5.80,component,lmprs,
Dec,2025,,Northeast,1.0,5.78,Producer Milk Components,AMS_3462,3462,Dairy FMMOS,DY-NA,Washington,DC,"Washington, DC",Washington,DC,FMMOS,FMMOS - non-mars,01/21/2026 11:39:00,2025,2025-MAR,5.81,component,lmprs,
Dec,2025,,Pacific Northwest,124.0,5.78,Producer Milk Components,AMS_3462,3462,Dairy FMMOS,DY-NA,Washington,DC,"Washington, DC",Washington,DC,FMMOS,FMMOS - non-mars,01/21/2026 11:39:00,2025,2025-MAR,5.80,component,lmprs,
Dec,2025,,Mideast,33.0,5.78,Producer Milk Components,AMS_3462,3462,Dairy FMMOS,DY-NA,Washington,DC,"Washington, DC",Washington,DC,FMMOS,FMMOS - non-mars,01/21/2026 11:39:00,2025,2025-MAR,5.77,component,lmprs,
Dec,2025,,Central,32.0,5.80,Producer Milk Components,AMS_3462,3462,Dairy FMMOS,DY-NA,Washington,DC,"Washington, DC",Washington,DC,FMMOS,FMMOS - non-mars,01/21/2026 11:39:00,2025,2025-MAR,5.81,component,lmprs,
Dec,2025,,California,51.0,5.78,Producer Milk Components,AMS_3462,3462,Dairy FMMOS,DY-NA,Washington,DC,"Washington, DC",Washington,DC,FMMOS,FMMOS - non-mars,01/21/2026 11:39:00,2025,2025-MAR,5.79,component,lmprs,
Dec,2025,,All Markets Combined,,5.78,Producer Milk Components,AMS_3462,3462,Dairy FMMOS,DY-NA,Washington,DC,"Washington, DC",Washington,DC,FMMOS,FMMOS - non-mars,01/21/2026 11:39:00,2025,2025-MAR,5.79,component,lmprs,
Mar,2026,,All Markets Combined,,5.77,Producer Milk Components,AMS_3462,3462,Dairy FMMOS,DY-NA,Washington,DC,"Washington, DC",Washington,DC,FMMOS,FMMOS - non-mars,04/21/2026 05:48:00,2026,2026-MAR,5.76,component,lmprs,
Mar,2026,,California,51.0,5.76,Producer Milk Components,AMS_3462,3462,Dairy FMMOS,DY-NA,Washington,DC,"Washington, DC",Washington,DC,FMMOS,FMMOS - non-mars,04/21/2026 05:48:00,2026,2026-MAR,5.75,component,lmprs,
Mar,2026,,Central,32.0,5.79,Producer Milk Components,AMS_3462,3462,Dairy FMMOS,DY-NA,Washington,DC,"Washington, DC",Washington,DC,FMMOS,FMMOS - non-mars,04/21/2026 05:48:00,2026,2026-MAR,5.78,component,lmprs,
Mar,2026,,Mideast,33.0,5.78,Producer Milk Components,AMS_3462,3462,Dairy FMMOS,DY-NA,Washington,DC,"Washington, DC",Washington,DC,FMMOS,FMMOS - non-mars,04/21/2026 05:48:00,2026,2026-MAR,5.78,component,lmprs,
Mar,2026,,Pacific Northwest,124.0,5.76,Producer Milk Components,AMS_3462,3462,Dairy FMMOS,DY-NA,Washington,DC,"Washington, DC",Washington,DC,FMMOS,FMMOS - non-mars,04/21/2026 05:48:00,2026,2026-MAR,5.74,component,lmprs,
Mar,2026,,Northeast,1.0,5.76,Producer Milk Components,AMS_3462,3462,Dairy FMMOS,DY-NA,Washington,DC,"Washington, DC",Washington,DC,FMMOS,FMMOS - non-mars,04/21/2026 05:48:00,2026,2026-MAR,5.76,component,lmprs,
Mar,2026,,Upper Midwest,30.0,5.78,Producer Milk Components,AMS_3462,3462,Dairy FMMOS,DY-NA,Washington,DC,"Washington, DC",Washington,DC,FMMOS,FMMOS - non-mars,04/21/2026 05:48:00,2026,2026-MAR,5.77,component,lmprs,
Mar,2026,,Southwest,126.0,5.77,Producer Milk Components,AMS_3462,3462,Dairy FMMOS,DY-NA,Washington,DC,"Washington, DC",Washington,DC,FMMOS,FMMOS - non-mars,04/21/2026 05:48:00,2026,2026-MAR,5.77,component,lmprs,
Dec,2000,,All Markets Combined,,5.69,Producer Milk Components,AMS_3462,3462,Dairy FMMOS,DY-NA,Washington,DC,"Washington, DC",Washington,DC,FMMOS,FMMOS - non-mars,04/09/2021 07:48:00,2000,2000-APR,5.72,component,lmprs,
Dec,2000,,Central,32.0,5.70,Producer Milk Components,AMS_3462,3462,Dairy FMMOS,DY-NA,Washington,DC,"Washington, DC",Washington,DC,FMMOS,FMMOS - non-mars,04/09/2021 07:48:00,2000,2000-APR,5.71,component,lmprs,
Dec,2000,,Mideast,33.0,5.69,Producer Milk Components,AMS_3462,3462,Dairy FMMOS,DY-NA,Washington,DC,"Washington, DC",Washington,DC,FMMOS,FMMOS - non-mars,04/09/2021 07:48:00,2000,2000-APR,5.70,component,lmprs,
Dec,2000,,Northeast,1.0,5.67,Producer Milk Components,AMS_3462,3462,Dairy FMMOS,DY-NA,Washington,DC,"Washington, DC",Washington,DC,FMMOS,FMMOS - non-mars,04/09/2021 07:48:00,2000,2000-APR,5.72,component,lmprs,
Dec,2000,,Pacific Northwest,124.0,5.71,Producer Milk Components,AMS_3462,3462,Dairy FMMOS,DY-NA,Washington,DC,"Washington, DC",Washington,DC,FMMOS,FMMOS - non-mars,04/09/2021 07:48:00,2000,2000-APR,5.71,component,lmprs,
Dec,2000,,Southwest,126.0,5.67,Producer Milk Components,AMS_3462,3462,Dairy FMMOS,DY-NA,Washington,DC,"Washington, DC",Washington,DC,FMMOS,FMMOS - non-mars,04/09/2021 07:48:00,2000,2000-APR,5.70,component,lmprs,
Dec,2000,,Upper Midwest,30.0,5.70,Producer Milk Components,AMS_3462,3462,Dairy FMMOS,DY-NA,Washington,DC,"Washington, DC",Washington,DC,FMMOS,FMMOS - non-mars,04/09/2021 07:48:00,2000,2000-APR,5.72,component,lmprs,
Dec,2000,,Western,135.0,5.75,Producer Milk Components,AMS_3462,3462,Dairy FMMOS,DY-NA,Washington,DC,"Washington, DC",Washington,DC,FMMOS,FMMOS - non-mars,04/09/2021 07:48:00,2000,2000-APR,5.90,component,lmprs,
Dec,2001,,Western,135.0,5.71,Producer Milk Components,AMS_3462,3462,Dairy FMMOS,DY-NA,Washington,DC,"Washington, DC",Washington,DC,FMMOS,FMMOS - non-mars,04/09/2021 07:46:00,2001,2001-APR,5.73,component,lmprs,
Dec,2001,,Upper Midwest,30.0,5.70,Producer Milk Components,AMS_3462,3462,Dairy FMMOS,DY-NA,Washington,DC,"Washington, DC",Washington,DC,FMMOS,FMMOS - non-mars,04/09/2021 07:46:00,2001,2001-APR,5.72,component,lmprs,
Dec,2001,,Southwest,126.0,5.67,Producer Milk Components,AMS_3462,3462,Dairy FMMOS,DY-NA,Washington,DC,"Washington, DC",Washington,DC,FMMOS,FMMOS - non-mars,04/09/2021 07:46:00,2001,2001-APR,5.68,component,lmprs,
Dec,2001,,Pacific Northwest,124.0,5.70,Producer Milk Components,AMS_3462,3462,Dairy FMMOS,DY-NA,Washington,DC,"Washington, DC",Washington,DC,FMMOS,FMMOS - non-mars,04/09/2021 07:46:00,2001,2001-APR,5.72,component,lmprs,
Dec,2001,,Northeast,1.0,5.69,Producer Milk Components,AMS_3462,3462,Dairy FMMOS,DY-NA,Washington,DC,"Washington, DC",Washington,DC,FMMOS,FMMOS - non-mars,04/09/2021 07:46:00,2001,2001-APR,5.69,component,lmprs,
Dec,2001,,Mideast,33.0,5.70,Producer Milk Components,AMS_3462,3462,Dairy FMMOS,DY-NA,Washington,DC,"Washington, DC",Washington,DC,FMMOS,FMMOS - non-mars,04/09/2021 07:46:00,2001,2001-APR,5.71,component,lmprs,
Dec,2001,,Central,32.0,5.70,Producer Milk Components,AMS_3462,3462,Dairy FMMOS,DY-NA,Washington,DC,"Washington, DC",Washington,DC,FMMOS,FMMOS - non-mars,04/09/2021 07:46:00,2001,2001-APR,5.73,component,lmprs,
Dec,2001,,All Markets Combined,,5.70,Producer Milk Components,AMS_3462,3462,Dairy FMMOS,DY-NA,Washington,DC,"Washington, DC",Washington,DC,FMMOS,FMMOS - non-mars,04/09/2021 07:46:00,2001,2001-APR,5.71,component,lmprs,
Dec,2002,,All Markets Combined,,5.71,Producer Milk Components,AMS_3462,3462,Dairy FMMOS,DY-NA,Washington,DC,"Washington, DC",Washington,DC,FMMOS,FMMOS - non-mars,04/09/2021 07:46:00,2002,2002-APR,5.74,component,lmprs,
Dec,2002,,Central,32.0,5.71,Producer Milk Components,AMS_3462,3462,Dairy FMMOS,DY-NA,Washington,DC,"Washington, DC",Washington,DC,FMMOS,FMMOS - non-mars,04/09/2021 07:46:00,2002,2002-APR,5.73,component,lmprs,
Dec,2002,,Mideast,33.0,5.71,Producer Milk Components,AMS_3462,3462,Dairy FMMOS,DY-NA,Washington,DC,"Washington, DC",Washington,DC,FMMOS,FMMOS - non-mars,04/09/2021 07:46:00,2002,2002-APR,5.75,component,lmprs,
Dec,2002,,Northeast,1.0,5.71,Producer Milk Components,AMS_3462,3462,Dairy FMMOS,DY-NA,Washington,DC,"Washington, DC",Washington,DC,FMMOS,FMMOS - non-mars,04/09/2021 07:46:00,2002,2002-APR,5.74,component,lmprs,
Dec,2002,,Pacific Northwest,124.0,5.71,Producer Milk Components,AMS_3462,3462,Dairy FMMOS,DY-NA,Washington,DC,"Washington, DC",Washington,DC,FMMOS,FMMOS - non-mars,04/09/2021 07:46:00,2002,2002-APR,5.74,component,lmprs,
Dec,2002,,Southwest,126.0,5.69,Producer Milk Components,AMS_3462,3462,Dairy FMMOS,DY-NA,Washington,DC,"Washington, DC",Washington,DC,FMMOS,FMMOS - non-mars,04/09/2021 07:46:00,2002,2002-APR,5.70,component,lmprs,
Dec,2002,,Upper Midwest,30.0,5.71,Producer Milk Components,AMS_3462,3462,Dairy FMMOS,DY-NA,Washington,DC,"Washington, DC",Washington,DC,FMMOS,FMMOS - non-mars,04/09/2021 07:46:00,2002,2002-APR,5.73,component,lmprs,
Dec,2002,,Western,135.0,5.72,Producer Milk Components,AMS_3462,3462,Dairy FMMOS,DY-NA,Washington,DC,"Washington, DC",Washington,DC,FMMOS,FMMOS - non-mars,04/09/2021 07:46:00,2002,2002-APR,5.74,component,lmprs,
Dec,2003,,Western,135.0,5.70,Producer Milk Components,AMS_3462,3462,Dairy FMMOS,DY-NA,Washington,DC,"Washington, DC",Washington,DC,FMMOS,FMMOS - non-mars,04/09/2021 07:46:00,2003,2003-APR,5.70,component,lmprs,
Dec,2003,,Upper Midwest,30.0,5.72,Producer Milk Components,AMS_3462,3462,Dairy FMMOS,DY-NA,Washington,DC,"Washington, DC",Washington,DC,FMMOS,FMMOS - non-mars,04/09/2021 07:46:00,2003,2003-APR,5.75,component,lmprs,
Dec,2003,,Southwest,126.0,5.72,Producer Milk Components,AMS_3462,3462,Dairy FMMOS,DY-NA,Washington,DC,"Washington, DC",Washington,DC,FMMOS,FMMOS - non-mars,04/09/2021 07:46:00,2003,2003-APR,5.74,component,lmprs,
Dec,2003,,Pacific Northwest,124.0,5.69,Producer Milk Components,AMS_3462,3462,Dairy FMMOS,DY-NA,Washington,DC,"Washington, DC",Washington,DC,FMMOS,FMMOS - non-mars,04/09/2021 07:46:00,2003,2003-APR,5.70,component,lmprs,
Dec,2003,,Mideast,33.0,5.71,Producer Milk Components,AMS_3462,3462,Dairy FMMOS,DY-NA,Washington,DC,"Washington, DC",Washington,DC,FMMOS,FMMOS - non-mars,04/09/2021 07:46:00,2003,2003-APR,5.72,component,lmprs,
Dec,2003,,Northeast,1.0,5.69,Producer Milk Components,AMS_3462,3462,Dairy FMMOS,DY-NA,Washington,DC,"Washington, DC",Washington,DC,FMMOS,FMMOS - non-mars,04/09/2021 07:46:00,2003,2003-APR,5.72,component,lmprs,
Dec,2003,,Central,32.0,5.73,Producer Milk Components,AMS_3462,3462,Dairy FMMOS,DY-NA,Washington,DC,"Washington, DC",Washington,DC,FMMOS,FMMOS - non-mars,04/09/2021 07:46:00,2003,2003-APR,5.75,component,lmprs,
Dec,2003,,All Markets Combined,,5.71,Producer Milk Components,AMS_3462,3462,Dairy FMMOS,DY-NA,Washington,DC,"Washington, DC",Washington,DC,FMMOS,FMMOS - non-mars,04/09/2021 07:46:00,2003,2003-APR,5.73,component,lmprs,
Dec,2004,,All Markets Combined,,5.70,Producer Milk Components,AMS_3462,3462,Dairy FMMOS,DY-NA,Washington,DC,"Washington, DC",Washington,DC,FMMOS,FMMOS - non-mars,04/09/2021 07:44:00,2004,2004-APR,5.71,component,lmprs,
Dec,2004,,Central,32.0,5.72,Producer Milk Components,AMS_3462,3462,Dairy FMMOS,DY-NA,Washington,DC,"Washington, DC",Washington,DC,FMMOS,FMMOS - non-mars,04/09/2021 07:44:00,2004,2004-APR,5.74,component,lmprs,
Dec,2004,,Northeast,1.0,5.67,Producer Milk Components,AMS_3462,3462,Dairy FMMOS,DY-NA,Washington,DC,"Washington, DC",Washington,DC,FMMOS,FMMOS - non-mars,04/09/2021 07:44:00,2004,2004-APR,5.69,component,lmprs,
Dec,2004,,Mideast,33.0,5.70,Producer Milk Components,AMS_3462,3462,Dairy FMMOS,DY-NA,Washington,DC,"Washington, DC",Washington,DC,FMMOS,FMMOS - non-mars,04/09/2021 07:44:00,2004,2004-APR,5.71,component,lmprs,
Dec,2004,,Pacific Northwest,124.0,5.69,Producer Milk Components,AMS_3462,3462,Dairy FMMOS,DY-NA,Washington,DC,"Washington, DC",Washington,DC,FMMOS,FMMOS - non-mars,04/09/2021 07:44:00,2004,2004-APR,5.68,component,lmprs,
Dec,2004,,Southwest,126.0,5.72,Producer Milk Components,AMS_3462,3462,Dairy FMMOS,DY-NA,Washington,DC,"Washington, DC",Washington,DC,FMMOS,FMMOS - non-mars,04/09/2021 07:44:00,2004,2004-APR,5.74,component,lmprs,
Dec,2004,,Upper Midwest,30.0,5.70,Producer Milk Components,AMS_3462,3462,Dairy FMMOS,DY-NA,Washington,DC,"Washington, DC",Washington,DC,FMMOS,FMMOS - non-mars,04/09/2021 07:44:00,2004,2004-APR,5.71,component,lmprs,
Dec,2004,,Western,135.0,5.70,Producer Milk Components,AMS_3462,3462,Dairy FMMOS,DY-NA,Washington,DC,"Washington, DC",Washington,DC,FMMOS,FMMOS - non-mars,04/09/2021 07:44:00,2004,2004-APR,,component,lmprs,
Dec,2005,,Upper Midwest,30.0,5.71,Producer Milk Components,AMS_3462,3462,Dairy FMMOS,DY-NA,Washington,DC,"Washington, DC",Washington,DC,FMMOS,FMMOS - non-mars,03/30/2021 14:16:00,2005,2005-APR,5.74,component,lmprs,
Dec,2005,,Southwest,126.0,5.72,Producer Milk Components,AMS_3462,3462,Dairy FMMOS,DY-NA,Washington,DC,"Washington, DC",Washington,DC,FMMOS,FMMOS - non-mars,03/30/2021 14:16:00,2005,2005-APR,5.71,component,lmprs,
Dec,2005,,Pacific Northwest,124.0,5.71,Producer Milk Components,AMS_3462,3462,Dairy FMMOS,DY-NA,Washington,DC,"Washington, DC",Washington,DC,FMMOS,FMMOS - non-mars,03/30/2021 14:16:00,2005,2005-APR,5.71,component,lmprs,
Dec,2005,,Mideast,33.0,5.71,Producer Milk Components,AMS_3462,3462,Dairy FMMOS,DY-NA,Washington,DC,"Washington, DC",Washington,DC,FMMOS,FMMOS - non-mars,03/30/2021 14:16:00,2005,2005-APR,5.72,component,lmprs,
Dec,2005,,Northeast,1.0,5.69,Producer Milk Components,AMS_3462,3462,Dairy FMMOS,DY-NA,Washington,DC,"Washington, DC",Washington,DC,FMMOS,FMMOS - non-mars,03/30/2021 14:16:00,2005,2005-APR,5.70,component,lmprs,
Dec,2005,,Central,32.0,5.73,Producer Milk Components,AMS_3462,3462,Dairy FMMOS,DY-NA,Washington,DC,"Washington, DC",Washington,DC,FMMOS,FMMOS - non-mars,03/30/2021 14:16:00,2005,2005-APR,5.77,component,lmprs,
Dec,2005,,All Markets Combined,,5.71,Producer Milk Components,AMS_3462,3462,Dairy FMMOS,DY-NA,Washington,DC,"Washington, DC",Washington,DC,FMMOS,FMMOS - non-mars,03/30/2021 14:16:00,2005,2005-APR,5.72,component,lmprs,
Dec,2006,,All Markets Combined,,5.71,Producer Milk Components,AMS_3462,3462,Dairy FMMOS,DY-NA,Washington,DC,"Washington, DC",Washington,DC,FMMOS,FMMOS - non-mars,03/30/2021 14:16:00,2006,2006-APR,5.72,component,lmprs,
Dec,2006,,Central,32.0,5.73,Producer Milk Components,AMS_3462,3462,Dairy FMMOS,DY-NA,Washington,DC,"Washington, DC",Washington,DC,FMMOS,FMMOS - non-mars,03/30/2021 14:16:00,2006,2006-APR,5.72,component,lmprs,
Dec,2006,,Northeast,1.0,5.70,Producer Milk Components,AMS_3462,3462,Dairy FMMOS,DY-NA,Washington,DC,"Washington, DC",Washington,DC,FMMOS,FMMOS - non-mars,03/30/2021 14:16:00,2006,2006-APR,5.73,component,lmprs,
Dec,2006,,Mideast,33.0,5.71,Producer Milk Components,AMS_3462,3462,Dairy FMMOS,DY-NA,Washington,DC,"Washington, DC",Washington,DC,FMMOS,FMMOS - non-mars,03/30/2021 14:16:00,2006,2006-APR,5.73,component,lmprs,
Dec,2006,,Pacific Northwest,124.0,5.70,Producer Milk Components,AMS_3462,3462,Dairy FMMOS,DY-NA,Washington,DC,"Washington, DC",Washington,DC,FMMOS,FMMOS - non-mars,03/30/2021 14:16:00,2006,2006-APR,5.75,component,lmprs,
Dec,2006,,Southwest,126.0,5.70,Producer Milk Components,AMS_3462,3462,Dairy FMMOS,DY-NA,Washington,DC,"Washington, DC",Washington,DC,FMMOS,FMMOS - non-mars,03/30/2021 14:16:00,2006,2006-APR,5.70,component,lmprs,
Dec,2006,,Upper Midwest,30.0,5.72,Producer Milk Components,AMS_3462,3462,Dairy FMMOS,DY-NA,Washington,DC,"Washington, DC",Washington,DC,FMMOS,FMMOS - non-mars,03/30/2021 14:16:00,2006,2006-APR,5.72,component,lmprs,
Dec,2007,,Upper Midwest,30.0,5.71,Producer Milk Components,AMS_3462,3462,Dairy FMMOS,DY-NA,Washington,DC,"Washington, DC",Washington,DC,FMMOS,FMMOS - non-mars,03/30/2021 14:16:00,2007,2007-APR,5.72,component,lmprs,
Dec,2007,,Southwest,126.0,5.69,Producer Milk Components,AMS_3462,3462,Dairy FMMOS,DY-NA,Washington,DC,"Washington, DC",Washington,DC,FMMOS,FMMOS - non-mars,03/30/2021 14:16:00,2007,2007-APR,5.71,component,lmprs,
Dec,2007,,Pacific Northwest,124.0,5.71,Producer Milk Components,AMS_3462,3462,Dairy FMMOS,DY-NA,Washington,DC,"Washington, DC",Washington,DC,FMMOS,FMMOS - non-mars,03/30/2021 14:16:00,2007,2007-APR,5.71,component,lmprs,
Dec,2007,,Mideast,33.0,5.71,Producer Milk Components,AMS_3462,3462,Dairy FMMOS,DY-NA,Washington,DC,"Washington, DC",Washington,DC,FMMOS,FMMOS - non-mars,03/30/2021 14:16:00,2007,2007-APR,5.71,component,lmprs,
Dec,2007,,Northeast,1.0,5.71,Producer Milk Components,AMS_3462,3462,Dairy FMMOS,DY-NA,Washington,DC,"Washington, DC",Washington,DC,FMMOS,FMMOS - non-mars,03/30/2021 14:16:00,2007,2007-APR,5.73,component,lmprs,
Dec,2007,,Central,32.0,5.71,Producer Milk Components,AMS_3462,3462,Dairy FMMOS,DY-NA,Washington,DC,"Washington, DC",Washington,DC,FMMOS,FMMOS - non-mars,03/30/2021 14:16:00,2007,2007-APR,5.73,component,lmprs,
Dec,2007,,All Markets Combined,,5.71,Producer Milk Components,AMS_3462,3462,Dairy FMMOS,DY-NA,Washington,DC,"Washington, DC",Washington,DC,FMMOS,FMMOS - non-mars,03/30/2021 14:16:00,2007,2007-APR,5.72,component,lmprs,
Dec,2008,,All Markets Combined,,5.71,Producer Milk Components,AMS_3462,3462,Dairy FMMOS,DY-NA,Washington,DC,"Washington, DC",Washington,DC,FMMOS,FMMOS - non-mars,03/30/2021 14:15:00,2008,2008-APR,5.71,component,lmprs,
Dec,2008,,Central,32.0,5.72,Producer Milk Components,AMS_3462,3462,Dairy FMMOS,DY-NA,Washington,DC,"Washington, DC",Washington,DC,FMMOS,FMMOS - non-mars,03/30/2021 14:15:00,2008,2008-APR,5.71,component,lmprs,
Dec,2008,,Northeast,1.0,5.71,Producer Milk Components,AMS_3462,3462,Dairy FMMOS,DY-NA,Washington,DC,"Washington, DC",Washington,DC,FMMOS,FMMOS - non-mars,03/30/2021 14:15:00,2008,2008-APR,5.72,component,lmprs,
Dec,2008,,Mideast,33.0,5.70,Producer Milk Components,AMS_3462,3462,Dairy FMMOS,DY-NA,Washington,DC,"Washington, DC",Washington,DC,FMMOS,FMMOS - non-mars,03/30/2021 14:15:00,2008,2008-APR,5.70,component,lmprs,
Dec,2008,,Pacific Northwest,124.0,5.70,Producer Milk Components,AMS_3462,3462,Dairy FMMOS,DY-NA,Washington,DC,"Washington, DC",Washington,DC,FMMOS,FMMOS - non-mars,03/30/2021 14:15:00,2008,2008-APR,5.71,component,lmprs,
Dec,2008,,Southwest,126.0,5.73,Producer Milk Components,AMS_3462,3462,Dairy FMMOS,DY-NA,Washington,DC,"Washington, DC",Washington,DC,FMMOS,FMMOS - non-mars,03/30/2021 14:15:00,2008,2008-APR,5.73,component,lmprs,
Dec,2008,,Upper Midwest,30.0,5.71,Producer Milk Components,AMS_3462,3462,Dairy FMMOS,DY-NA,Washington,DC,"Washington, DC",Washington,DC,FMMOS,FMMOS - non-mars,03/30/2021 14:15:00,2008,2008-APR,5.70,component,lmprs,
Dec,2009,,Upper Midwest,30.0,5.73,Producer Milk Components,AMS_3462,3462,Dairy FMMOS,DY-NA,Washington,DC,"Washington, DC",Washington,DC,FMMOS,FMMOS - non-mars,03/30/2021 14:15:00,2009,2009-APR,5.72,component,lmprs,
Dec,2009,,Southwest,126.0,5.74,Producer Milk Components,AMS_3462,3462,Dairy FMMOS,DY-NA,Washington,DC,"Washington, DC",Washington,DC,FMMOS,FMMOS - non-mars,03/30/2021 14:15:00,2009,2009-APR,5.74,component,lmprs,
Dec,2009,,Pacific Northwest,124.0,5.69,Producer Milk Components,AMS_3462,3462,Dairy FMMOS,DY-NA,Washington,DC,"Washington, DC",Washington,DC,FMMOS,FMMOS - non-mars,03/30/2021 14:15:00,2009,2009-APR,5.68,component,lmprs,
Dec,2009,,Mideast,33.0,5.69,Producer Milk Components,AMS_3462,3462,Dairy FMMOS,DY-NA,Washington,DC,"Washington, DC",Washington,DC,FMMOS,FMMOS - non-mars,03/30/2021 14:15:00,2009,2009-APR,5.69,component,lmprs,
Dec,2009,,Northeast,1.0,5.69,Producer Milk Components,AMS_3462,3462,Dairy FMMOS,DY-NA,Washington,DC,"Washington, DC",Washington,DC,FMMOS,FMMOS - non-mars,03/30/2021 14:15:00,2009,2009-APR,5.70,component,lmprs,
Dec,2009,,Central,32.0,5.74,Producer Milk Components,AMS_3462,3462,Dairy FMMOS,DY-NA,Washington,DC,"Washington, DC",Washington,DC,FMMOS,FMMOS - non-mars,03/30/2021 14:15:00,2009,2009-APR,5.74,component,lmprs,
Dec,2009,,All Markets Combined,,5.71,Producer Milk Components,AMS_3462,3462,Dairy FMMOS,DY-NA,Washington,DC,"Washington, DC",Washington,DC,FMMOS,FMMOS - non-mars,03/30/2021 14:15:00,2009,2009-APR,5.71,component,lmprs,
Dec,2010,,All Markets Combined,,5.74,Producer Milk Components,AMS_3462,3462,Dairy FMMOS,DY-NA,Washington,DC,"Washington, DC",Washington,DC,FMMOS,FMMOS - non-mars,03/30/2021 14:14:00,2010,2010-APR,5.75,component,lmprs,
Dec,2010,,Central,32.0,5.74,Producer Milk Components,AMS_3462,3462,Dairy FMMOS,DY-NA,Washington,DC,"Washington, DC",Washington,DC,FMMOS,FMMOS - non-mars,03/30/2021 14:14:00,2010,2010-APR,5.76,component,lmprs,
Dec,2010,,Northeast,1.0,5.72,Producer Milk Components,AMS_3462,3462,Dairy FMMOS,DY-NA,Washington,DC,"Washington, DC",Washington,DC,FMMOS,FMMOS - non-mars,03/30/2021 14:14:00,2010,2010-APR,5.74,component,lmprs,
Dec,2010,,Mideast,33.0,5.71,Producer Milk Components,AMS_3462,3462,Dairy FMMOS,DY-NA,Washington,DC,"Washington, DC",Washington,DC,FMMOS,FMMOS - non-mars,03/30/2021 14:14:00,2010,2010-APR,5.72,component,lmprs,
Dec,2010,,Pacific Northwest,124.0,5.71,Producer Milk Components,AMS_3462,3462,Dairy FMMOS,DY-NA,Washington,DC,"Washington, DC",Washington,DC,FMMOS,FMMOS - non-mars,03/30/2021 14:14:00,2010,2010-APR,5.71,component,lmprs,
Dec,2010,,Southwest,126.0,5.76,Producer Milk Components,AMS_3462,3462,Dairy FMMOS,DY-NA,Washington,DC,"Washington, DC",Washington,DC,FMMOS,FMMOS - non-mars,03/30/2021 14:14:00,2010,2010-APR,5.76,component,lmprs,
Dec,2010,,Upper Midwest,30.0,5.76,Producer Milk Components,AMS_3462,3462,Dairy FMMOS,DY-NA,Washington,DC,"Washington, DC",Washington,DC,FMMOS,FMMOS - non-mars,03/30/2021 14:14:00,2010,2010-APR,5.77,component,lmprs,
Dec,2011,,Southwest,126.0,5.75,Producer Milk Components,AMS_3462,3462,Dairy FMMOS,DY-NA,Washington,DC,"Washington, DC",Washington,DC,FMMOS,FMMOS - non-mars,03/30/2021 14:14:00,2011,2011-APR,5.78,component,lmprs,
Dec,2011,,Upper Midwest,30.0,5.74,Producer Milk Components,AMS_3462,3462,Dairy FMMOS,DY-NA,Washington,DC,"Washington, DC",Washington,DC,FMMOS,FMMOS - non-mars,03/30/2021 14:14:00,2011,2011-APR,5.76,component,lmprs,
Dec,2011,,Pacific Northwest,124.0,5.73,Producer Milk Components,AMS_3462,3462,Dairy FMMOS,DY-NA,Washington,DC,"Washington, DC",Washington,DC,FMMOS,FMMOS - non-mars,03/30/2021 14:14:00,2011,2011-APR,5.73,component,lmprs,
Dec,2011,,Northeast,1.0,5.73,Producer Milk Components,AMS_3462,3462,Dairy FMMOS,DY-NA,Washington,DC,"Washington, DC",Washington,DC,FMMOS,FMMOS - non-mars,03/30/2021 14:14:00,2011,2011-APR,5.76,component,lmprs,
Dec,2011,,Central,32.0,5.73,Producer Milk Components,AMS_3462,3462,Dairy FMMOS,DY-NA,Washington,DC,"Washington, DC",Washington,DC,FMMOS,FMMOS - non-mars,03/30/2021 14:14:00,2011,2011-APR,5.76,component,lmprs,
Dec,2011,,Mideast,33.0,5.71,Producer Milk Components,AMS_3462,3462,Dairy FMMOS,DY-NA,Washington,DC,"Washington, DC",Washington,DC,FMMOS,FMMOS - non-mars,03/30/2021 14:14:00,2011,2011-APR,5.73,component,lmprs,
Dec,2011,,All Markets Combined,,5.73,Producer Milk Components,AMS_3462,3462,Dairy FMMOS,DY-NA,Washington,DC,"Washington, DC",Washington,DC,FMMOS,FMMOS - non-mars,03/30/2021 14:14:00,2011,2011-APR,5.75,component,lmprs,
Dec,2012,,All Markets Combined,,5.75,Producer Milk Components,AMS_3462,3462,Dairy FMMOS,DY-NA,Washington,DC,"Washington, DC",Washington,DC,FMMOS,FMMOS - non-mars,03/30/2021 14:13:00,2012,2012-APR,5.77,component,lmprs,
Dec,2012,,Mideast,33.0,5.74,Producer Milk Components,AMS_3462,3462,Dairy FMMOS,DY-NA,Washington,DC,"Washington, DC",Washington,DC,FMMOS,FMMOS - non-mars,03/30/2021 14:13:00,2012,2012-APR,5.76,component,lmprs,
Dec,2012,,Central,32.0,5.75,Producer Milk Components,AMS_3462,3462,Dairy FMMOS,DY-NA,Washington,DC,"Washington, DC",Washington,DC,FMMOS,FMMOS - non-mars,03/30/2021 14:13:00,2012,2012-APR,5.77,component,lmprs,
Dec,2012,,Northeast,1.0,5.75,Producer Milk Components,AMS_3462,3462,Dairy FMMOS,DY-NA,Washington,DC,"Washington, DC",Washington,DC,FMMOS,FMMOS - non-mars,03/30/2021 14:13:00,2012,2012-APR,5.77,component,lmprs,
Dec,2012,,Pacific Northwest,124.0,5.74,Producer Milk Components,AMS_3462,3462,Dairy FMMOS,DY-NA,Washington,DC,"Washington, DC",Washington,DC,FMMOS,FMMOS - non-mars,03/30/2021 14:13:00,2012,2012-APR,5.75,component,lmprs,
Dec,2012,,Upper Midwest,30.0,5.75,Producer Milk Components,AMS_3462,3462,Dairy FMMOS,DY-NA,Washington,DC,"Washington, DC",Washington,DC,FMMOS,FMMOS - non-mars,03/30/2021 14:13:00,2012,2012-APR,5.78,component,lmprs,
Dec,2012,,Southwest,126.0,5.77,Producer Milk Components,AMS_3462,3462,Dairy FMMOS,DY-NA,Washington,DC,"Washington, DC",Washington,DC,FMMOS,FMMOS - non-mars,03/30/2021 14:13:00,2012,2012-APR,5.78,component,lmprs,
Dec,2013,,Southwest,126.0,5.77,Producer Milk Components,AMS_3462,3462,Dairy FMMOS,DY-NA,Washington,DC,"Washington, DC",Washington,DC,FMMOS,FMMOS - non-mars,03/30/2021 14:13:00,2013,2013-APR,5.78,component,lmprs,
Dec,2013,,Upper Midwest,30.0,5.74,Producer Milk Components,AMS_3462,3462,Dairy FMMOS,DY-NA,Washington,DC,"Washington, DC",Washington,DC,FMMOS,FMMOS - non-mars,03/30/2021 14:13:00,2013,2013-APR,5.74,component,lmprs,
Dec,2013,,Pacific Northwest,124.0,5.73,Producer Milk Components,AMS_3462,3462,Dairy FMMOS,DY-NA,Washington,DC,"Washington, DC",Washington,DC,FMMOS,FMMOS - non-mars,03/30/2021 14:13:00,2013,2013-APR,5.74,component,lmprs,
Dec,2013,,Northeast,1.0,5.73,Producer Milk Components,AMS_3462,3462,Dairy FMMOS,DY-NA,Washington,DC,"Washington, DC",Washington,DC,FMMOS,FMMOS - non-mars,03/30/2021 14:13:00,2013,2013-APR,5.76,component,lmprs,
Dec,2013,,Central,32.0,5.75,Producer Milk Components,AMS_3462,3462,Dairy FMMOS,DY-NA,Washington,DC,"Washington, DC",Washington,DC,FMMOS,FMMOS - non-mars,03/30/2021 14:13:00,2013,2013-APR,5.75,component,lmprs,
Dec,2013,,Mideast,33.0,5.74,Producer Milk Components,AMS_3462,3462,Dairy FMMOS,DY-NA,Washington,DC,"Washington, DC",Washington,DC,FMMOS,FMMOS - non-mars,03/30/2021 14:13:00,2013,2013-APR,5.74,component,lmprs,
Dec,2013,,All Markets Combined,,5.74,Producer Milk Components,AMS_3462,3462,Dairy FMMOS,DY-NA,Washington,DC,"Washington, DC",Washington,DC,FMMOS,FMMOS - non-mars,03/30/2021 14:13:00,2013,2013-APR,5.75,component,lmprs,
Dec,2014,,All Markets Combined,,5.74,Producer Milk Components,AMS_3462,3462,Dairy FMMOS,DY-NA,Washington,DC,"Washington, DC",Washington,DC,FMMOS,FMMOS - non-mars,03/30/2021 14:13:00,2014,2014-APR,5.73,component,lmprs,
Dec,2014,,Mideast,33.0,5.72,Producer Milk Components,AMS_3462,3462,Dairy FMMOS,DY-NA,Washington,DC,"Washington, DC",Washington,DC,FMMOS,FMMOS - non-mars,03/30/2021 14:13:00,2014,2014-APR,5.72,component,lmprs,
Dec,2014,,Central,32.0,5.74,Producer Milk Components,AMS_3462,3462,Dairy FMMOS,DY-NA,Washington,DC,"Washington, DC",Washington,DC,FMMOS,FMMOS - non-mars,03/30/2021 14:13:00,2014,2014-APR,5.74,component,lmprs,
Dec,2014,,Northeast,1.0,5.73,Producer Milk Components,AMS_3462,3462,Dairy FMMOS,DY-NA,Washington,DC,"Washington, DC",Washington,DC,FMMOS,FMMOS - non-mars,03/30/2021 14:13:00,2014,2014-APR,5.74,component,lmprs,
Dec,2014,,Pacific Northwest,124.0,5.72,Producer Milk Components,AMS_3462,3462,Dairy FMMOS,DY-NA,Washington,DC,"Washington, DC",Washington,DC,FMMOS,FMMOS - non-mars,03/30/2021 14:13:00,2014,2014-APR,5.73,component,lmprs,
Dec,2014,,Upper Midwest,30.0,5.73,Producer Milk Components,AMS_3462,3462,Dairy FMMOS,DY-NA,Washington,DC,"Washington, DC",Washington,DC,FMMOS,FMMOS - non-mars,03/30/2021 14:13:00,2014,2014-APR,5.71,component,lmprs,
Dec,2014,,Southwest,126.0,5.76,Producer Milk Components,AMS_3462,3462,Dairy FMMOS,DY-NA,Washington,DC,"Washington, DC",Washington,DC,FMMOS,FMMOS - non-mars,03/30/2021 14:13:00,2014,2014-APR,5.81,component,lmprs,
Dec,2015,,Southwest,126.0,5.74,Producer Milk Components,AMS_3462,3462,Dairy FMMOS,DY-NA,Washington,DC,"Washington, DC",Washington,DC,FMMOS,FMMOS - non-mars,03/30/2021 14:12:00,2015,2015-APR,5.76,component,lmprs,
Dec,2015,,Upper Midwest,30.0,5.74,Producer Milk Components,AMS_3462,3462,Dairy FMMOS,DY-NA,Washington,DC,"Washington, DC",Washington,DC,FMMOS,FMMOS - non-mars,03/30/2021 14:12:00,2015,2015-APR,5.72,component,lmprs,
Dec,2015,,Pacific Northwest,124.0,5.73,Producer Milk Components,AMS_3462,3462,Dairy FMMOS,DY-NA,Washington,DC,"Washington, DC",Washington,DC,FMMOS,FMMOS - non-mars,03/30/2021 14:12:00,2015,2015-APR,5.73,component,lmprs,
Dec,2015,,Northeast,1.0,5.75,Producer Milk Components,AMS_3462,3462,Dairy FMMOS,DY-NA,Washington,DC,"Washington, DC",Washington,DC,FMMOS,FMMOS - non-mars,03/30/2021 14:12:00,2015,2015-APR,5.75,component,lmprs,
Dec,2015,,Central,32.0,5.76,Producer Milk Components,AMS_3462,3462,Dairy FMMOS,DY-NA,Washington,DC,"Washington, DC",Washington,DC,FMMOS,FMMOS - non-mars,03/30/2021 14:12:00,2015,2015-APR,5.78,component,lmprs,
Dec,2015,,Mideast,33.0,5.74,Producer Milk Components,AMS_3462,3462,Dairy FMMOS,DY-NA,Washington,DC,"Washington, DC",Washington,DC,FMMOS,FMMOS - non-mars,03/30/2021 14:12:00,2015,2015-APR,5.73,component,lmprs,
Dec,2015,,All Markets Combined,,5.74,Producer Milk Components,AMS_3462,3462,Dairy FMMOS,DY-NA,Washington,DC,"Washington, DC",Washington,DC,FMMOS,FMMOS - non-mars,03/30/2021 14:12:00,2015,2015-APR,5.74,component,lmprs,
Dec,2016,,All Markets Combined,,5.75,Producer Milk Components,AMS_3462,3462,Dairy FMMOS,DY-NA,Washington,DC,"Washington, DC",Washington,DC,FMMOS,FMMOS - non-mars,03/30/2021 14:12:00,2016,2016-APR,5.75,component,lmprs,
Dec,2016,,Mideast,33.0,5.78,Producer Milk Components,AMS_3462,3462,Dairy FMMOS,DY-NA,Washington,DC,"Washington, DC",Washington,DC,FMMOS,FMMOS - non-mars,03/30/2021 14:12:00,2016,2016-APR,5.77,component,lmprs,
Dec,2016,,Central,32.0,5.76,Producer Milk Components,AMS_3462,3462,Dairy FMMOS,DY-NA,Washington,DC,"Washington, DC",Washington,DC,FMMOS,FMMOS - non-mars,03/30/2021 14:12:00,2016,2016-APR,5.77,component,lmprs,
Dec,2016,,Northeast,1.0,5.74,Producer Milk Components,AMS_3462,3462,Dairy FMMOS,DY-NA,Washington,DC,"Washington, DC",Washington,DC,FMMOS,FMMOS - non-mars,03/30/2021 14:12:00,2016,2016-APR,5.75,component,lmprs,
Dec,2016,,Pacific Northwest,124.0,5.73,Producer Milk Components,AMS_3462,3462,Dairy FMMOS,DY-NA,Washington,DC,"Washington, DC",Washington,DC,FMMOS,FMMOS - non-mars,03/30/2021 14:12:00,2016,2016-APR,5.75,component,lmprs,
Dec,2016,,Upper Midwest,30.0,5.74,Producer Milk Components,AMS_3462,3462,Dairy FMMOS,DY-NA,Washington,DC,"Washington, DC",Washington,DC,FMMOS,FMMOS - non-mars,03/30/2021 14:12:00,2016,2016-APR,5.74,component,lmprs,
Dec,2016,,Southwest,126.0,5.74,Producer Milk Components,AMS_3462,3462,Dairy FMMOS,DY-NA,Washington,DC,"Washington, DC",Washington,DC,FMMOS,FMMOS - non-mars,03/30/2021 14:12:00,2016,2016-APR,5.76,component,lmprs,
Dec,2017,,Southwest,126.0,5.74,Producer Milk Components,AMS_3462,3462,Dairy FMMOS,DY-NA,Washington,DC,"Washington, DC",Washington,DC,FMMOS,FMMOS - non-mars,03/30/2021 14:11:00,2017,2017-APR,5.77,component,lmprs,
Dec,2017,,Upper Midwest,30.0,5.76,Producer Milk Components,AMS_3462,3462,Dairy FMMOS,DY-NA,Washington,DC,"Washington, DC",Washington,DC,FMMOS,FMMOS - non-mars,03/30/2021 14:11:00,2017,2017-APR,5.76,component,lmprs,
Dec,2017,,Pacific Northwest,124.0,5.74,Producer Milk Components,AMS_3462,3462,Dairy FMMOS,DY-NA,Washington,DC,"Washington, DC",Washington,DC,FMMOS,FMMOS - non-mars,03/30/2021 14:11:00,2017,2017-APR,5.75,component,lmprs,
Dec,2017,,Northeast,1.0,5.75,Producer Milk Components,AMS_3462,3462,Dairy FMMOS,DY-NA,Washington,DC,"Washington, DC",Washington,DC,FMMOS,FMMOS - non-mars,03/30/2021 14:11:00,2017,2017-APR,5.75,component,lmprs,
Dec,2017,,Central,32.0,5.75,Producer Milk Components,AMS_3462,3462,Dairy FMMOS,DY-NA,Washington,DC,"Washington, DC",Washington,DC,FMMOS,FMMOS - non-mars,03/30/2021 14:11:00,2017,2017-APR,5.77,component,lmprs,
Dec,2017,,Mideast,33.0,5.75,Producer Milk Components,AMS_3462,3462,Dairy FMMOS,DY-NA,Washington,DC,"Washington, DC",Washington,DC,FMMOS,FMMOS - non-mars,03/30/2021 14:11:00,2017,2017-APR,5.75,component,lmprs,
Dec,2017,,All Markets Combined,,5.75,Producer Milk Components,AMS_3462,3462,Dairy FMMOS,DY-NA,Washington,DC,"Washington, DC",Washington,DC,FMMOS,FMMOS - non-mars,03/30/2021 14:11:00,2017,2017-APR,5.76,component,lmprs,
Dec,2018,,All Markets Combined,,5.76,Producer Milk Components,AMS_3462,3462,Dairy FMMOS,DY-NA,Washington,DC,"Washington, DC",Washington,DC,FMMOS,FMMOS - non-mars,03/30/2021 14:09:00,2018,2018-APR,5.76,component,lmprs,
Dec,2018,,California,51.0,5.73,Producer Milk Components,AMS_3462,3462,Dairy FMMOS,DY-NA,Washington,DC,"Washington, DC",Washington,DC,FMMOS,FMMOS - non-mars,03/30/2021 14:09:00,2018,2018-APR,,component,lmprs,
Dec,2018,,Mideast,33.0,5.77,Producer Milk Components,AMS_3462,3462,Dairy FMMOS,DY-NA,Washington,DC,"Washington, DC",Washington,DC,FMMOS,FMMOS - non-mars,03/30/2021 14:09:00,2018,2018-APR,5.78,component,lmprs,
Dec,2018,,Central,32.0,5.77,Producer Milk Components,AMS_3462,3462,Dairy FMMOS,DY-NA,Washington,DC,"Washington, DC",Washington,DC,FMMOS,FMMOS - non-mars,03/30/2021 14:09:00,2018,2018-APR,5.77,component,lmprs,
Dec,2018,,Northeast,1.0,5.75,Producer Milk Components,AMS_3462,3462,Dairy FMMOS,DY-NA,Washington,DC,"Washington, DC",Washington,DC,FMMOS,FMMOS - non-mars,03/30/2021 14:09:00,2018,2018-APR,5.77,component,lmprs,
Dec,2018,,Pacific Northwest,124.0,5.75,Producer Milk Components,AMS_3462,3462,Dairy FMMOS,DY-NA,Washington,DC,"Washington, DC",Washington,DC,FMMOS,FMMOS - non-mars,03/30/2021 14:09:00,2018,2018-APR,5.75,component,lmprs,
Dec,2018,,Upper Midwest,30.0,5.77,Producer Milk Components,AMS_3462,3462,Dairy FMMOS,DY-NA,Washington,DC,"Washington, DC",Washington,DC,FMMOS,FMMOS - non-mars,03/30/2021 14:09:00,2018,2018-APR,5.75,component,lmprs,
Dec,2018,,Southwest,126.0,5.76,Producer Milk Components,AMS_3462,3462,Dairy FMMOS,DY-NA,Washington,DC,"Washington, DC",Washington,DC,FMMOS,FMMOS - non-mars,03/30/2021 14:09:00,2018,2018-APR,5.76,component,lmprs,
Dec,2019,,Upper Midwest,30.0,5.77,Producer Milk Components,AMS_3462,3462,Dairy FMMOS,DY-NA,Washington,DC,"Washington, DC",Washington,DC,FMMOS,FMMOS - non-mars,03/30/2021 14:09:00,2019,2019-APR,5.77,component,lmprs,
Dec,2019,,Pacific Northwest,124.0,5.76,Producer Milk Components,AMS_3462,3462,Dairy FMMOS,DY-NA,Washington,DC,"Washington, DC",Washington,DC,FMMOS,FMMOS - non-mars,03/30/2021 14:09:00,2019,2019-APR,5.78,component,lmprs,
Dec,2019,,Southwest,126.0,5.77,Producer Milk Components,AMS_3462,3462,Dairy FMMOS,DY-NA,Washington,DC,"Washington, DC",Washington,DC,FMMOS,FMMOS - non-mars,03/30/2021 14:09:00,2019,2019-APR,5.78,component,lmprs,
Dec,2019,,Northeast,1.0,5.75,Producer Milk Components,AMS_3462,3462,Dairy FMMOS,DY-NA,Washington,DC,"Washington, DC",Washington,DC,FMMOS,FMMOS - non-mars,03/30/2021 14:09:00,2019,2019-APR,5.76,component,lmprs,
Dec,2019,,Mideast,33.0,5.76,Producer Milk Components,AMS_3462,3462,Dairy FMMOS,DY-NA,Washington,DC,"Washington, DC",Washington,DC,FMMOS,FMMOS - non-mars,03/30/2021 14:09:00,2019,2019-APR,5.78,component,lmprs,
Dec,2019,,California,51.0,5.75,Producer Milk Components,AMS_3462,3462,Dairy FMMOS,DY-NA,Washington,DC,"Washington, DC",Washington,DC,FMMOS,FMMOS - non-mars,03/30/2021 14:09:00,2019,2019-APR,5.77,component,lmprs,
Dec,2019,,Central,32.0,5.78,Producer Milk Components,AMS_3462,3462,Dairy FMMOS,DY-NA,Washington,DC,"Washington, DC",Washington,DC,FMMOS,FMMOS - non-mars,03/30/2021 14:09:00,2019,2019-APR,5.80,component,lmprs,
Dec,2019,,All Markets Combined,,5.76,Producer Milk Components,AMS_3462,3462,Dairy FMMOS,DY-NA,Washington,DC,"Washington, DC",Washington,DC,FMMOS,FMMOS - non-mars,03/30/2021 14:09:00,2019,2019-APR,5.78,component,lmprs,
Dec,2020,,All Markets Combined,,5.77,Producer Milk Components,AMS_3462,3462,Dairy FMMOS,DY-NA,Washington,DC,"Washington, DC",Washington,DC,FMMOS,FMMOS - non-mars,02/23/2021 09:39:00,2020,2020-APR,5.78,component,lmprs,
Dec,2020,,Central,32.0,5.79,Producer Milk Components,AMS_3462,3462,Dairy FMMOS,DY-NA,Washington,DC,"Washington, DC",Washington,DC,FMMOS,FMMOS - non-mars,02/23/2021 09:39:00,2020,2020-APR,5.79,component,lmprs,
Dec,2020,,California,51.0,5.75,Producer Milk Components,AMS_3462,3462,Dairy FMMOS,DY-NA,Washington,DC,"Washington, DC",Washington,DC,FMMOS,FMMOS - non-mars,02/23/2021 09:39:00,2020,2020-APR,5.76,component,lmprs,
Dec,2020,,Mideast,33.0,5.78,Producer Milk Components,AMS_3462,3462,Dairy FMMOS,DY-NA,Washington,DC,"Washington, DC",Washington,DC,FMMOS,FMMOS - non-mars,02/23/2021 09:39:00,2020,2020-APR,5.79,component,lmprs,
Dec,2020,,Northeast,1.0,5.77,Producer Milk Components,AMS_3462,3462,Dairy FMMOS,DY-NA,Washington,DC,"Washington, DC",Washington,DC,FMMOS,FMMOS - non-mars,02/23/2021 09:39:00,2020,2020-APR,5.78,component,lmprs,
Dec,2020,,Southwest,126.0,5.78,Producer Milk Components,AMS_3462,3462,Dairy FMMOS,DY-NA,Washington,DC,"Washington, DC",Washington,DC,FMMOS,FMMOS - non-mars,02/23/2021 09:39:00,2020,2020-APR,5.78,component,lmprs,
Dec,2020,,Pacific Northwest,124.0,5.77,Producer Milk Components,AMS_3462,3462,Dairy FMMOS,DY-NA,Washington,DC,"Washington, DC",Washington,DC,FMMOS,FMMOS - non-mars,02/23/2021 09:39:00,2020,2020-APR,5.77,component,lmprs,
Dec,2020,,Upper Midwest,30.0,5.77,Producer Milk Components,AMS_3462,3462,Dairy FMMOS,DY-NA,Washington,DC,"Washington, DC",Washington,DC,FMMOS,FMMOS - non-mars,02/23/2021 09:39:00,2020,2020-APR,5.77,component,lmprs,
Dec,2021,,Southwest,126.0,5.78,Producer Milk Components,AMS_3462,3462,Dairy FMMOS,DY-NA,Washington,DC,"Washington, DC",Washington,DC,FMMOS,FMMOS - non-mars,01/31/2022 07:17:00,2021,2021-APR,5.78,component,lmprs,
Dec,2021,,Upper Midwest,30.0,5.80,Producer Milk Components,AMS_3462,3462,Dairy FMMOS,DY-NA,Washington,DC,"Washington, DC",Washington,DC,FMMOS,FMMOS - non-mars,01/31/2022 07:17:00,2021,2021-APR,5.80,component,lmprs,
Dec,2021,,Northeast,1.0,5.77,Producer Milk Components,AMS_3462,3462,Dairy FMMOS,DY-NA,Washington,DC,"Washington, DC",Washington,DC,FMMOS,FMMOS - non-mars,01/31/2022 07:17:00,2021,2021-APR,5.78,component,lmprs,
Dec,2021,,Pacific Northwest,124.0,5.77,Producer Milk Components,AMS_3462,3462,Dairy FMMOS,DY-NA,Washington,DC,"Washington, DC",Washington,DC,FMMOS,FMMOS - non-mars,01/31/2022 07:17:00,2021,2021-APR,5.79,component,lmprs,
Dec,2021,,Mideast,33.0,5.77,Producer Milk Components,AMS_3462,3462,Dairy FMMOS,DY-NA,Washington,DC,"Washington, DC",Washington,DC,FMMOS,FMMOS - non-mars,01/31/2022 07:17:00,2021,2021-APR,5.78,component,lmprs,
Dec,2021,,Central,32.0,5.78,Producer Milk Components,AMS_3462,3462,Dairy FMMOS,DY-NA,Washington,DC,"Washington, DC",Washington,DC,FMMOS,FMMOS - non-mars,01/31/2022 07:17:00,2021,2021-APR,5.79,component,lmprs,
Dec,2021,,California,51.0,5.75,Producer Milk Components,AMS_3462,3462,Dairy FMMOS,DY-NA,Washington,DC,"Washington, DC",Washington,DC,FMMOS,FMMOS - non-mars,01/31/2022 07:17:00,2021,2021-APR,5.76,component,lmprs,
Dec,2021,,All Markets Combined,,5.77,Producer Milk Components,AMS_3462,3462,Dairy FMMOS,DY-NA,Washington,DC,"Washington, DC",Washington,DC,FMMOS,FMMOS - non-mars,01/31/2022 07:17:00,2021,2021-APR,5.78,component,lmprs,
Dec,2022,,All Markets Combined,,5.78,Producer Milk Components,AMS_3462,3462,Dairy FMMOS,DY-NA,Washington,DC,"Washington, DC",Washington,DC,FMMOS,FMMOS - non-mars,01/30/2023 07:36:00,2022,2022-APR,5.78,component,lmprs,
Dec,2022,,California,51.0,5.75,Producer Milk Components,AMS_3462,3462,Dairy FMMOS,DY-NA,Washington,DC,"Washington, DC",Washington,DC,FMMOS,FMMOS - non-mars,01/30/2023 07:36:00,2022,2022-APR,5.76,component,lmprs,
Dec,2022,,Central,32.0,5.79,Producer Milk Components,AMS_3462,3462,Dairy FMMOS,DY-NA,Washington,DC,"Washington, DC",Washington,DC,FMMOS,FMMOS - non-mars,01/30/2023 07:36:00,2022,2022-APR,5.79,component,lmprs,
Dec,2022,,Mideast,33.0,5.78,Producer Milk Components,AMS_3462,3462,Dairy FMMOS,DY-NA,Washington,DC,"Washington, DC",Washington,DC,FMMOS,FMMOS - non-mars,01/30/2023 07:36:00,2022,2022-APR,5.79,component,lmprs,
Dec,2022,,Pacific Northwest,124.0,5.78,Producer Milk Components,AMS_3462,3462,Dairy FMMOS,DY-NA,Washington,DC,"Washington, DC",Washington,DC,FMMOS,FMMOS - non-mars,01/30/2023 07:36:00,2022,2022-APR,5.79,component,lmprs,
Dec,2022,,Northeast,1.0,5.78,Producer Milk Components,AMS_3462,3462,Dairy FMMOS,DY-NA,Washington,DC,"Washington, DC",Washington,DC,FMMOS,FMMOS - non-mars,01/30/2023 07:36:00,2022,2022-APR,5.77,component,lmprs,
Dec,2022,,Upper Midwest,30.0,5.79,Producer Milk Components,AMS_3462,3462,Dairy FMMOS,DY-NA,Washington,DC,"Washington, DC",Washington,DC,FMMOS,FMMOS - non-mars,01/30/2023 07:36:00,2022,2022-APR,5.78,component,lmprs,
Dec,2022,,Southwest,126.0,5.79,Producer Milk Components,AMS_3462,3462,Dairy FMMOS,DY-NA,Washington,DC,"Washington, DC",Washington,DC,FMMOS,FMMOS - non-mars,01/30/2023 07:36:00,2022,2022-APR,5.79,component,lmprs,
Dec,2023,,Southwest,126.0,5.79,Producer Milk Components,AMS_3462,3462,Dairy FMMOS,DY-NA,Washington,DC,"Washington, DC",Washington,DC,FMMOS,FMMOS - non-mars,01/30/2024 09:42:00,2023,2023-APR,5.78,component,lmprs,
Dec,2023,,Upper Midwest,30.0,5.78,Producer Milk Components,AMS_3462,3462,Dairy FMMOS,DY-NA,Washington,DC,"Washington, DC",Washington,DC,FMMOS,FMMOS - non-mars,01/30/2024 09:42:00,2023,2023-APR,5.80,component,lmprs,
Dec,2023,,Northeast,1.0,5.77,Producer Milk Components,AMS_3462,3462,Dairy FMMOS,DY-NA,Washington,DC,"Washington, DC",Washington,DC,FMMOS,FMMOS - non-mars,01/30/2024 09:42:00,2023,2023-APR,5.75,component,lmprs,
Dec,2023,,Pacific Northwest,124.0,5.78,Producer Milk Components,AMS_3462,3462,Dairy FMMOS,DY-NA,Washington,DC,"Washington, DC",Washington,DC,FMMOS,FMMOS - non-mars,01/30/2024 09:42:00,2023,2023-APR,5.80,component,lmprs,
Dec,2023,,Mideast,33.0,5.79,Producer Milk Components,AMS_3462,3462,Dairy FMMOS,DY-NA,Washington,DC,"Washington, DC",Washington,DC,FMMOS,FMMOS - non-mars,01/30/2024 09:42:00,2023,2023-APR,5.79,component,lmprs,
Dec,2023,,Central,32.0,5.79,Producer Milk Components,AMS_3462,3462,Dairy FMMOS,DY-NA,Washington,DC,"Washington, DC",Washington,DC,FMMOS,FMMOS - non-mars,01/30/2024 09:42:00,2023,2023-APR,5.80,component,lmprs,
Dec,2023,,California,51.0,5.75,Producer Milk Components,AMS_3462,3462,Dairy FMMOS,DY-NA,Washington,DC,"Washington, DC",Washington,DC,FMMOS,FMMOS - non-mars,01/30/2024 09:42:00,2023,2023-APR,5.76,component,lmprs,
Dec,2023,,All Markets Combined,,5.78,Producer Milk Components,AMS_3462,3462,Dairy FMMOS,DY-NA,Washington,DC,"Washington, DC",Washington,DC,FMMOS,FMMOS - non-mars,01/30/2024 09:42:00,2023,2023-APR,5.78,component,lmprs,
Dec,2024,,All Markets Combined,,5.78,Producer Milk Components,AMS_3462,3462,Dairy FMMOS,DY-NA,Washington,DC,"Washington, DC",Washington,DC,FMMOS,FMMOS - non-mars,01/23/2025 09:07:00,2024,2024-APR,5.78,component,lmprs,
Dec,2024,,California,51.0,5.77,Producer Milk Components,AMS_3462,3462,Dairy FMMOS,DY-NA,Washington,DC,"Washington, DC",Washington,DC,FMMOS,FMMOS - non-mars,01/23/2025 09:07:00,2024,2024-APR,5.77,component,lmprs,
Dec,2024,,Central,32.0,5.80,Producer Milk Components,AMS_3462,3462,Dairy FMMOS,DY-NA,Washington,DC,"Washington, DC",Washington,DC,FMMOS,FMMOS - non-mars,01/23/2025 09:07:00,2024,2024-APR,5.79,component,lmprs,
Dec,2024,,Mideast,33.0,5.77,Producer Milk Components,AMS_3462,3462,Dairy FMMOS,DY-NA,Washington,DC,"Washington, DC",Washington,DC,FMMOS,FMMOS - non-mars,01/23/2025 09:07:00,2024,2024-APR,5.78,component,lmprs,
Dec,2024,,Pacific Northwest,124.0,5.78,Producer Milk Components,AMS_3462,3462,Dairy FMMOS,DY-NA,Washington,DC,"Washington, DC",Washington,DC,FMMOS,FMMOS - non-mars,01/23/2025 09:07:00,2024,2024-APR,5.78,component,lmprs,
Dec,2024,,Northeast,1.0,5.78,Producer Milk Components,AMS_3462,3462,Dairy FMMOS,DY-NA,Washington,DC,"Washington, DC",Washington,DC,FMMOS,FMMOS - non-mars,01/23/2025 09:07:00,2024,2024-APR,5.78,component,lmprs,
Dec,2024,,Upper Midwest,30.0,5.79,Producer Milk Components,AMS_3462,3462,Dairy FMMOS,DY-NA,Washington,DC,"Washington, DC",Washington,DC,FMMOS,FMMOS - non-mars,01/23/2025 09:07:00,2024,2024-APR,5.77,component,lmprs,
Dec,2024,,Southwest,126.0,5.80,Producer Milk Components,AMS_3462,3462,Dairy FMMOS,DY-NA,Washington,DC,"Washington, DC",Washington,DC,FMMOS,FMMOS - non-mars,01/23/2025 09:07:00,2024,2024-APR,5.80,component,lmprs,
Dec,2025,,Southwest,126.0,5.78,Producer Milk Components,AMS_3462,3462,Dairy FMMOS,DY-NA,Washington,DC,"Washington, DC",Washington,DC,FMMOS,FMMOS - non-mars,01/21/2026 11:39:00,2025,2025-APR,5.79,component,lmprs,
Dec,2025,,Upper Midwest,30.0,5.79,Producer Milk Components,AMS_3462,3462,Dairy FMMOS,DY-NA,Washington,DC,"Washington, DC",Washington,DC,FMMOS,FMMOS - non-mars,01/21/2026 11:39:00,2025,2025-APR,5.79,component,lmprs,
Dec,2025,,Northeast,1.0,5.78,Producer Milk Components,AMS_3462,3462,Dairy FMMOS,DY-NA,Washington,DC,"Washington, DC",Washington,DC,FMMOS,FMMOS - non-mars,01/21/2026 11:39:00,2025,2025-APR,5.80,component,lmprs,
Dec,2025,,Pacific Northwest,124.0,5.78,Producer Milk Components,AMS_3462,3462,Dairy FMMOS,DY-NA,Washington,DC,"Washington, DC",Washington,DC,FMMOS,FMMOS - non-mars,01/21/2026 11:39:00,2025,2025-APR,5.78,component,lmprs,
Dec,2025,,Mideast,33.0,5.78,Producer Milk Components,AMS_3462,3462,Dairy FMMOS,DY-NA,Washington,DC,"Washington, DC",Washington,DC,FMMOS,FMMOS - non-mars,01/21/2026 11:39:00,2025,2025-APR,5.79,component,lmprs,
Dec,2025,,Central,32.0,5.80,Producer Milk Components,AMS_3462,3462,Dairy FMMOS,DY-NA,Washington,DC,"Washington, DC",Washington,DC,FMMOS,FMMOS - non-mars,01/21/2026 11:39:00,2025,2025-APR,5.81,component,lmprs,
Dec,2025,,California,51.0,5.78,Producer Milk Components,AMS_3462,3462,Dairy FMMOS,DY-NA,Washington,DC,"Washington, DC",Washington,DC,FMMOS,FMMOS - non-mars,01/21/2026 11:39:00,2025,2025-APR,5.79,component,lmprs,
Dec,2025,,All Markets Combined,,5.78,Producer Milk Components,AMS_3462,3462,Dairy FMMOS,DY-NA,Washington,DC,"Washington, DC",Washington,DC,FMMOS,FMMOS - non-mars,01/21/2026 11:39:00,2025,2025-APR,5.80,component,lmprs,
Mar,2026,,All Markets Combined,,5.77,Producer Milk Components,AMS_3462,3462,Dairy FMMOS,DY-NA,Washington,DC,"Washington, DC",Washington,DC,FMMOS,FMMOS - non-mars,04/21/2026 05:48:00,2026,2026-APR,,component,lmprs,
Mar,2026,,California,51.0,5.76,Producer Milk Components,AMS_3462,3462,Dairy FMMOS,DY-NA,Washington,DC,"Washington, DC",Washington,DC,FMMOS,FMMOS - non-mars,04/21/2026 05:48:00,2026,2026-APR,,component,lmprs,
Mar,2026,,Central,32.0,5.79,Producer Milk Components,AMS_3462,3462,Dairy FMMOS,DY-NA,Washington,DC,"Washington, DC",Washington,DC,FMMOS,FMMOS - non-mars,04/21/2026 05:48:00,2026,2026-APR,,component,lmprs,
Mar,2026,,Mideast,33.0,5.78,Producer Milk Components,AMS_3462,3462,Dairy FMMOS,DY-NA,Washington,DC,"Washington, DC",Washington,DC,FMMOS,FMMOS - non-mars,04/21/2026 05:48:00,2026,2026-APR,,component,lmprs,
Mar,2026,,Pacific Northwest,124.0,5.76,Producer Milk Components,AMS_3462,3462,Dairy FMMOS,DY-NA,Washington,DC,"Washington, DC",Washington,DC,FMMOS,FMMOS - non-mars,04/21/2026 05:48:00,2026,2026-APR,,component,lmprs,
Mar,2026,,Northeast,1.0,5.76,Producer Milk Components,AMS_3462,3462,Dairy FMMOS,DY-NA,Washington,DC,"Washington, DC",Washington,DC,FMMOS,FMMOS - non-mars,04/21/2026 05:48:00,2026,2026-APR,,component,lmprs,
Mar,2026,,Upper Midwest,30.0,5.78,Producer Milk Components,AMS_3462,3462,Dairy FMMOS,DY-NA,Washington,DC,"Washington, DC",Washington,DC,FMMOS,FMMOS - non-mars,04/21/2026 05:48:00,2026,2026-APR,,component,lmprs,
Mar,2026,,Southwest,126.0,5.77,Producer Milk Components,AMS_3462,3462,Dairy FMMOS,DY-NA,Washington,DC,"Washington, DC",Washington,DC,FMMOS,FMMOS - non-mars,04/21/2026 05:48:00,2026,2026-APR,,component,lmprs,
Dec,2000,,All Markets Combined,,5.69,Producer Milk Components,AMS_3462,3462,Dairy FMMOS,DY-NA,Washington,DC,"Washington, DC",Washington,DC,FMMOS,FMMOS - non-mars,04/09/2021 07:48:00,2000,2000-MAY,5.70,component,lmprs,
Dec,2000,,Central,32.0,5.70,Producer Milk Components,AMS_3462,3462,Dairy FMMOS,DY-NA,Washington,DC,"Washington, DC",Washington,DC,FMMOS,FMMOS - non-mars,04/09/2021 07:48:00,2000,2000-MAY,5.73,component,lmprs,
Dec,2000,,Mideast,33.0,5.69,Producer Milk Components,AMS_3462,3462,Dairy FMMOS,DY-NA,Washington,DC,"Washington, DC",Washington,DC,FMMOS,FMMOS - non-mars,04/09/2021 07:48:00,2000,2000-MAY,5.72,component,lmprs,
Dec,2000,,Northeast,1.0,5.67,Producer Milk Components,AMS_3462,3462,Dairy FMMOS,DY-NA,Washington,DC,"Washington, DC",Washington,DC,FMMOS,FMMOS - non-mars,04/09/2021 07:48:00,2000,2000-MAY,5.63,component,lmprs,
Dec,2000,,Pacific Northwest,124.0,5.71,Producer Milk Components,AMS_3462,3462,Dairy FMMOS,DY-NA,Washington,DC,"Washington, DC",Washington,DC,FMMOS,FMMOS - non-mars,04/09/2021 07:48:00,2000,2000-MAY,5.73,component,lmprs,
Dec,2000,,Southwest,126.0,5.67,Producer Milk Components,AMS_3462,3462,Dairy FMMOS,DY-NA,Washington,DC,"Washington, DC",Washington,DC,FMMOS,FMMOS - non-mars,04/09/2021 07:48:00,2000,2000-MAY,5.70,component,lmprs,
Dec,2000,,Upper Midwest,30.0,5.70,Producer Milk Components,AMS_3462,3462,Dairy FMMOS,DY-NA,Washington,DC,"Washington, DC",Washington,DC,FMMOS,FMMOS - non-mars,04/09/2021 07:48:00,2000,2000-MAY,5.74,component,lmprs,
Dec,2000,,Western,135.0,5.75,Producer Milk Components,AMS_3462,3462,Dairy FMMOS,DY-NA,Washington,DC,"Washington, DC",Washington,DC,FMMOS,FMMOS - non-mars,04/09/2021 07:48:00,2000,2000-MAY,5.73,component,lmprs,
Dec,2001,,Western,135.0,5.71,Producer Milk Components,AMS_3462,3462,Dairy FMMOS,DY-NA,Washington,DC,"Washington, DC",Washington,DC,FMMOS,FMMOS - non-mars,04/09/2021 07:46:00,2001,2001-MAY,5.72,component,lmprs,
Dec,2001,,Upper Midwest,30.0,5.70,Producer Milk Components,AMS_3462,3462,Dairy FMMOS,DY-NA,Washington,DC,"Washington, DC",Washington,DC,FMMOS,FMMOS - non-mars,04/09/2021 07:46:00,2001,2001-MAY,5.75,component,lmprs,
Dec,2001,,Southwest,126.0,5.67,Producer Milk Components,AMS_3462,3462,Dairy FMMOS,DY-NA,Washington,DC,"Washington, DC",Washington,DC,FMMOS,FMMOS - non-mars,04/09/2021 07:46:00,2001,2001-MAY,5.68,component,lmprs,
Dec,2001,,Pacific Northwest,124.0,5.70,Producer Milk Components,AMS_3462,3462,Dairy FMMOS,DY-NA,Washington,DC,"Washington, DC",Washington,DC,FMMOS,FMMOS - non-mars,04/09/2021 07:46:00,2001,2001-MAY,5.72,component,lmprs,
Dec,2001,,Northeast,1.0,5.69,Producer Milk Components,AMS_3462,3462,Dairy FMMOS,DY-NA,Washington,DC,"Washington, DC",Washington,DC,FMMOS,FMMOS - non-mars,04/09/2021 07:46:00,2001,2001-MAY,5.71,component,lmprs,
Dec,2001,,Mideast,33.0,5.70,Producer Milk Components,AMS_3462,3462,Dairy FMMOS,DY-NA,Washington,DC,"Washington, DC",Washington,DC,FMMOS,FMMOS - non-mars,04/09/2021 07:46:00,2001,2001-MAY,5.73,component,lmprs,
Dec,2001,,Central,32.0,5.70,Producer Milk Components,AMS_3462,3462,Dairy FMMOS,DY-NA,Washington,DC,"Washington, DC",Washington,DC,FMMOS,FMMOS - non-mars,04/09/2021 07:46:00,2001,2001-MAY,5.73,component,lmprs,
Dec,2001,,All Markets Combined,,5.70,Producer Milk Components,AMS_3462,3462,Dairy FMMOS,DY-NA,Washington,DC,"Washington, DC",Washington,DC,FMMOS,FMMOS - non-mars,04/09/2021 07:46:00,2001,2001-MAY,5.72,component,lmprs,
Dec,2002,,All Markets Combined,,5.71,Producer Milk Components,AMS_3462,3462,Dairy FMMOS,DY-NA,Washington,DC,"Washington, DC",Washington,DC,FMMOS,FMMOS - non-mars,04/09/2021 07:46:00,2002,2002-MAY,5.73,component,lmprs,
Dec,2002,,Central,32.0,5.71,Producer Milk Components,AMS_3462,3462,Dairy FMMOS,DY-NA,Washington,DC,"Washington, DC",Washington,DC,FMMOS,FMMOS - non-mars,04/09/2021 07:46:00,2002,2002-MAY,5.72,component,lmprs,
Dec,2002,,Mideast,33.0,5.71,Producer Milk Components,AMS_3462,3462,Dairy FMMOS,DY-NA,Washington,DC,"Washington, DC",Washington,DC,FMMOS,FMMOS - non-mars,04/09/2021 07:46:00,2002,2002-MAY,5.74,component,lmprs,
Dec,2002,,Northeast,1.0,5.71,Producer Milk Components,AMS_3462,3462,Dairy FMMOS,DY-NA,Washington,DC,"Washington, DC",Washington,DC,FMMOS,FMMOS - non-mars,04/09/2021 07:46:00,2002,2002-MAY,5.75,component,lmprs,
Dec,2002,,Pacific Northwest,124.0,5.71,Producer Milk Components,AMS_3462,3462,Dairy FMMOS,DY-NA,Washington,DC,"Washington, DC",Washington,DC,FMMOS,FMMOS - non-mars,04/09/2021 07:46:00,2002,2002-MAY,5.74,component,lmprs,
Dec,2002,,Southwest,126.0,5.69,Producer Milk Components,AMS_3462,3462,Dairy FMMOS,DY-NA,Washington,DC,"Washington, DC",Washington,DC,FMMOS,FMMOS - non-mars,04/09/2021 07:46:00,2002,2002-MAY,5.68,component,lmprs,
Dec,2002,,Upper Midwest,30.0,5.71,Producer Milk Components,AMS_3462,3462,Dairy FMMOS,DY-NA,Washington,DC,"Washington, DC",Washington,DC,FMMOS,FMMOS - non-mars,04/09/2021 07:46:00,2002,2002-MAY,5.72,component,lmprs,
Dec,2002,,Western,135.0,5.72,Producer Milk Components,AMS_3462,3462,Dairy FMMOS,DY-NA,Washington,DC,"Washington, DC",Washington,DC,FMMOS,FMMOS - non-mars,04/09/2021 07:46:00,2002,2002-MAY,5.74,component,lmprs,
Dec,2003,,Western,135.0,5.70,Producer Milk Components,AMS_3462,3462,Dairy FMMOS,DY-NA,Washington,DC,"Washington, DC",Washington,DC,FMMOS,FMMOS - non-mars,04/09/2021 07:46:00,2003,2003-MAY,5.71,component,lmprs,
Dec,2003,,Upper Midwest,30.0,5.72,Producer Milk Components,AMS_3462,3462,Dairy FMMOS,DY-NA,Washington,DC,"Washington, DC",Washington,DC,FMMOS,FMMOS - non-mars,04/09/2021 07:46:00,2003,2003-MAY,5.74,component,lmprs,
Dec,2003,,Southwest,126.0,5.72,Producer Milk Components,AMS_3462,3462,Dairy FMMOS,DY-NA,Washington,DC,"Washington, DC",Washington,DC,FMMOS,FMMOS - non-mars,04/09/2021 07:46:00,2003,2003-MAY,5.74,component,lmprs,
Dec,2003,,Pacific Northwest,124.0,5.69,Producer Milk Components,AMS_3462,3462,Dairy FMMOS,DY-NA,Washington,DC,"Washington, DC",Washington,DC,FMMOS,FMMOS - non-mars,04/09/2021 07:46:00,2003,2003-MAY,5.71,component,lmprs,
Dec,2003,,Mideast,33.0,5.71,Producer Milk Components,AMS_3462,3462,Dairy FMMOS,DY-NA,Washington,DC,"Washington, DC",Washington,DC,FMMOS,FMMOS - non-mars,04/09/2021 07:46:00,2003,2003-MAY,5.74,component,lmprs,
Dec,2003,,Northeast,1.0,5.69,Producer Milk Components,AMS_3462,3462,Dairy FMMOS,DY-NA,Washington,DC,"Washington, DC",Washington,DC,FMMOS,FMMOS - non-mars,04/09/2021 07:46:00,2003,2003-MAY,5.72,component,lmprs,
Dec,2003,,Central,32.0,5.73,Producer Milk Components,AMS_3462,3462,Dairy FMMOS,DY-NA,Washington,DC,"Washington, DC",Washington,DC,FMMOS,FMMOS - non-mars,04/09/2021 07:46:00,2003,2003-MAY,5.76,component,lmprs,
Dec,2003,,All Markets Combined,,5.71,Producer Milk Components,AMS_3462,3462,Dairy FMMOS,DY-NA,Washington,DC,"Washington, DC",Washington,DC,FMMOS,FMMOS - non-mars,04/09/2021 07:46:00,2003,2003-MAY,5.73,component,lmprs,
Dec,2004,,All Markets Combined,,5.70,Producer Milk Components,AMS_3462,3462,Dairy FMMOS,DY-NA,Washington,DC,"Washington, DC",Washington,DC,FMMOS,FMMOS - non-mars,04/09/2021 07:44:00,2004,2004-MAY,5.71,component,lmprs,
Dec,2004,,Central,32.0,5.72,Producer Milk Components,AMS_3462,3462,Dairy FMMOS,DY-NA,Washington,DC,"Washington, DC",Washington,DC,FMMOS,FMMOS - non-mars,04/09/2021 07:44:00,2004,2004-MAY,5.73,component,lmprs,
Dec,2004,,Northeast,1.0,5.67,Producer Milk Components,AMS_3462,3462,Dairy FMMOS,DY-NA,Washington,DC,"Washington, DC",Washington,DC,FMMOS,FMMOS - non-mars,04/09/2021 07:44:00,2004,2004-MAY,5.70,component,lmprs,
Dec,2004,,Mideast,33.0,5.70,Producer Milk Components,AMS_3462,3462,Dairy FMMOS,DY-NA,Washington,DC,"Washington, DC",Washington,DC,FMMOS,FMMOS - non-mars,04/09/2021 07:44:00,2004,2004-MAY,5.72,component,lmprs,
Dec,2004,,Pacific Northwest,124.0,5.69,Producer Milk Components,AMS_3462,3462,Dairy FMMOS,DY-NA,Washington,DC,"Washington, DC",Washington,DC,FMMOS,FMMOS - non-mars,04/09/2021 07:44:00,2004,2004-MAY,5.70,component,lmprs,
Dec,2004,,Southwest,126.0,5.72,Producer Milk Components,AMS_3462,3462,Dairy FMMOS,DY-NA,Washington,DC,"Washington, DC",Washington,DC,FMMOS,FMMOS - non-mars,04/09/2021 07:44:00,2004,2004-MAY,5.71,component,lmprs,
Dec,2004,,Upper Midwest,30.0,5.70,Producer Milk Components,AMS_3462,3462,Dairy FMMOS,DY-NA,Washington,DC,"Washington, DC",Washington,DC,FMMOS,FMMOS - non-mars,04/09/2021 07:44:00,2004,2004-MAY,5.72,component,lmprs,
Dec,2004,,Western,135.0,5.70,Producer Milk Components,AMS_3462,3462,Dairy FMMOS,DY-NA,Washington,DC,"Washington, DC",Washington,DC,FMMOS,FMMOS - non-mars,04/09/2021 07:44:00,2004,2004-MAY,,component,lmprs,
Dec,2005,,Upper Midwest,30.0,5.71,Producer Milk Components,AMS_3462,3462,Dairy FMMOS,DY-NA,Washington,DC,"Washington, DC",Washington,DC,FMMOS,FMMOS - non-mars,03/30/2021 14:16:00,2005,2005-MAY,5.73,component,lmprs,
Dec,2005,,Southwest,126.0,5.72,Producer Milk Components,AMS_3462,3462,Dairy FMMOS,DY-NA,Washington,DC,"Washington, DC",Washington,DC,FMMOS,FMMOS - non-mars,03/30/2021 14:16:00,2005,2005-MAY,5.73,component,lmprs,
Dec,2005,,Pacific Northwest,124.0,5.71,Producer Milk Components,AMS_3462,3462,Dairy FMMOS,DY-NA,Washington,DC,"Washington, DC",Washington,DC,FMMOS,FMMOS - non-mars,03/30/2021 14:16:00,2005,2005-MAY,5.71,component,lmprs,
Dec,2005,,Mideast,33.0,5.71,Producer Milk Components,AMS_3462,3462,Dairy FMMOS,DY-NA,Washington,DC,"Washington, DC",Washington,DC,FMMOS,FMMOS - non-mars,03/30/2021 14:16:00,2005,2005-MAY,5.73,component,lmprs,
Dec,2005,,Northeast,1.0,5.69,Producer Milk Components,AMS_3462,3462,Dairy FMMOS,DY-NA,Washington,DC,"Washington, DC",Washington,DC,FMMOS,FMMOS - non-mars,03/30/2021 14:16:00,2005,2005-MAY,5.72,component,lmprs,
Dec,2005,,Central,32.0,5.73,Producer Milk Components,AMS_3462,3462,Dairy FMMOS,DY-NA,Washington,DC,"Washington, DC",Washington,DC,FMMOS,FMMOS - non-mars,03/30/2021 14:16:00,2005,2005-MAY,5.74,component,lmprs,
Dec,2005,,All Markets Combined,,5.71,Producer Milk Components,AMS_3462,3462,Dairy FMMOS,DY-NA,Washington,DC,"Washington, DC",Washington,DC,FMMOS,FMMOS - non-mars,03/30/2021 14:16:00,2005,2005-MAY,5.73,component,lmprs,
Dec,2006,,All Markets Combined,,5.71,Producer Milk Components,AMS_3462,3462,Dairy FMMOS,DY-NA,Washington,DC,"Washington, DC",Washington,DC,FMMOS,FMMOS - non-mars,03/30/2021 14:16:00,2006,2006-MAY,5.74,component,lmprs,
Dec,2006,,Central,32.0,5.73,Producer Milk Components,AMS_3462,3462,Dairy FMMOS,DY-NA,Washington,DC,"Washington, DC",Washington,DC,FMMOS,FMMOS - non-mars,03/30/2021 14:16:00,2006,2006-MAY,5.75,component,lmprs,
Dec,2006,,Northeast,1.0,5.70,Producer Milk Components,AMS_3462,3462,Dairy FMMOS,DY-NA,Washington,DC,"Washington, DC",Washington,DC,FMMOS,FMMOS - non-mars,03/30/2021 14:16:00,2006,2006-MAY,5.74,component,lmprs,
Dec,2006,,Mideast,33.0,5.71,Producer Milk Components,AMS_3462,3462,Dairy FMMOS,DY-NA,Washington,DC,"Washington, DC",Washington,DC,FMMOS,FMMOS - non-mars,03/30/2021 14:16:00,2006,2006-MAY,5.73,component,lmprs,
Dec,2006,,Pacific Northwest,124.0,5.70,Producer Milk Components,AMS_3462,3462,Dairy FMMOS,DY-NA,Washington,DC,"Washington, DC",Washington,DC,FMMOS,FMMOS - non-mars,03/30/2021 14:16:00,2006,2006-MAY,5.72,component,lmprs,
Dec,2006,,Southwest,126.0,5.70,Producer Milk Components,AMS_3462,3462,Dairy FMMOS,DY-NA,Washington,DC,"Washington, DC",Washington,DC,FMMOS,FMMOS - non-mars,03/30/2021 14:16:00,2006,2006-MAY,5.74,component,lmprs,
Dec,2006,,Upper Midwest,30.0,5.72,Producer Milk Components,AMS_3462,3462,Dairy FMMOS,DY-NA,Washington,DC,"Washington, DC",Washington,DC,FMMOS,FMMOS - non-mars,03/30/2021 14:16:00,2006,2006-MAY,5.74,component,lmprs,
Dec,2007,,Upper Midwest,30.0,5.71,Producer Milk Components,AMS_3462,3462,Dairy FMMOS,DY-NA,Washington,DC,"Washington, DC",Washington,DC,FMMOS,FMMOS - non-mars,03/30/2021 14:16:00,2007,2007-MAY,5.72,component,lmprs,
Dec,2007,,Southwest,126.0,5.69,Producer Milk Components,AMS_3462,3462,Dairy FMMOS,DY-NA,Washington,DC,"Washington, DC",Washington,DC,FMMOS,FMMOS - non-mars,03/30/2021 14:16:00,2007,2007-MAY,5.69,component,lmprs,
Dec,2007,,Pacific Northwest,124.0,5.71,Producer Milk Components,AMS_3462,3462,Dairy FMMOS,DY-NA,Washington,DC,"Washington, DC",Washington,DC,FMMOS,FMMOS - non-mars,03/30/2021 14:16:00,2007,2007-MAY,5.72,component,lmprs,
Dec,2007,,Mideast,33.0,5.71,Producer Milk Components,AMS_3462,3462,Dairy FMMOS,DY-NA,Washington,DC,"Washington, DC",Washington,DC,FMMOS,FMMOS - non-mars,03/30/2021 14:16:00,2007,2007-MAY,5.70,component,lmprs,
Dec,2007,,Northeast,1.0,5.71,Producer Milk Components,AMS_3462,3462,Dairy FMMOS,DY-NA,Washington,DC,"Washington, DC",Washington,DC,FMMOS,FMMOS - non-mars,03/30/2021 14:16:00,2007,2007-MAY,5.71,component,lmprs,
Dec,2007,,Central,32.0,5.71,Producer Milk Components,AMS_3462,3462,Dairy FMMOS,DY-NA,Washington,DC,"Washington, DC",Washington,DC,FMMOS,FMMOS - non-mars,03/30/2021 14:16:00,2007,2007-MAY,5.73,component,lmprs,
Dec,2007,,All Markets Combined,,5.71,Producer Milk Components,AMS_3462,3462,Dairy FMMOS,DY-NA,Washington,DC,"Washington, DC",Washington,DC,FMMOS,FMMOS - non-mars,03/30/2021 14:16:00,2007,2007-MAY,5.71,component,lmprs,
Dec,2008,,All Markets Combined,,5.71,Producer Milk Components,AMS_3462,3462,Dairy FMMOS,DY-NA,Washington,DC,"Washington, DC",Washington,DC,FMMOS,FMMOS - non-mars,03/30/2021 14:15:00,2008,2008-MAY,5.72,component,lmprs,
Dec,2008,,Central,32.0,5.72,Producer Milk Components,AMS_3462,3462,Dairy FMMOS,DY-NA,Washington,DC,"Washington, DC",Washington,DC,FMMOS,FMMOS - non-mars,03/30/2021 14:15:00,2008,2008-MAY,5.73,component,lmprs,
Dec,2008,,Northeast,1.0,5.71,Producer Milk Components,AMS_3462,3462,Dairy FMMOS,DY-NA,Washington,DC,"Washington, DC",Washington,DC,FMMOS,FMMOS - non-mars,03/30/2021 14:15:00,2008,2008-MAY,5.73,component,lmprs,
Dec,2008,,Mideast,33.0,5.70,Producer Milk Components,AMS_3462,3462,Dairy FMMOS,DY-NA,Washington,DC,"Washington, DC",Washington,DC,FMMOS,FMMOS - non-mars,03/30/2021 14:15:00,2008,2008-MAY,5.72,component,lmprs,
Dec,2008,,Pacific Northwest,124.0,5.70,Producer Milk Components,AMS_3462,3462,Dairy FMMOS,DY-NA,Washington,DC,"Washington, DC",Washington,DC,FMMOS,FMMOS - non-mars,03/30/2021 14:15:00,2008,2008-MAY,5.72,component,lmprs,
Dec,2008,,Southwest,126.0,5.73,Producer Milk Components,AMS_3462,3462,Dairy FMMOS,DY-NA,Washington,DC,"Washington, DC",Washington,DC,FMMOS,FMMOS - non-mars,03/30/2021 14:15:00,2008,2008-MAY,5.74,component,lmprs,
Dec,2008,,Upper Midwest,30.0,5.71,Producer Milk Components,AMS_3462,3462,Dairy FMMOS,DY-NA,Washington,DC,"Washington, DC",Washington,DC,FMMOS,FMMOS - non-mars,03/30/2021 14:15:00,2008,2008-MAY,5.70,component,lmprs,
Dec,2009,,Upper Midwest,30.0,5.73,Producer Milk Components,AMS_3462,3462,Dairy FMMOS,DY-NA,Washington,DC,"Washington, DC",Washington,DC,FMMOS,FMMOS - non-mars,03/30/2021 14:15:00,2009,2009-MAY,5.72,component,lmprs,
Dec,2009,,Southwest,126.0,5.74,Producer Milk Components,AMS_3462,3462,Dairy FMMOS,DY-NA,Washington,DC,"Washington, DC",Washington,DC,FMMOS,FMMOS - non-mars,03/30/2021 14:15:00,2009,2009-MAY,5.76,component,lmprs,
Dec,2009,,Pacific Northwest,124.0,5.69,Producer Milk Components,AMS_3462,3462,Dairy FMMOS,DY-NA,Washington,DC,"Washington, DC",Washington,DC,FMMOS,FMMOS - non-mars,03/30/2021 14:15:00,2009,2009-MAY,5.70,component,lmprs,
Dec,2009,,Mideast,33.0,5.69,Producer Milk Components,AMS_3462,3462,Dairy FMMOS,DY-NA,Washington,DC,"Washington, DC",Washington,DC,FMMOS,FMMOS - non-mars,03/30/2021 14:15:00,2009,2009-MAY,5.70,component,lmprs,
Dec,2009,,Northeast,1.0,5.69,Producer Milk Components,AMS_3462,3462,Dairy FMMOS,DY-NA,Washington,DC,"Washington, DC",Washington,DC,FMMOS,FMMOS - non-mars,03/30/2021 14:15:00,2009,2009-MAY,5.70,component,lmprs,
Dec,2009,,Central,32.0,5.74,Producer Milk Components,AMS_3462,3462,Dairy FMMOS,DY-NA,Washington,DC,"Washington, DC",Washington,DC,FMMOS,FMMOS - non-mars,03/30/2021 14:15:00,2009,2009-MAY,5.75,component,lmprs,
Dec,2009,,All Markets Combined,,5.71,Producer Milk Components,AMS_3462,3462,Dairy FMMOS,DY-NA,Washington,DC,"Washington, DC",Washington,DC,FMMOS,FMMOS - non-mars,03/30/2021 14:15:00,2009,2009-MAY,5.72,component,lmprs,
Dec,2010,,All Markets Combined,,5.74,Producer Milk Components,AMS_3462,3462,Dairy FMMOS,DY-NA,Washington,DC,"Washington, DC",Washington,DC,FMMOS,FMMOS - non-mars,03/30/2021 14:14:00,2010,2010-MAY,5.75,component,lmprs,
Dec,2010,,Central,32.0,5.74,Producer Milk Components,AMS_3462,3462,Dairy FMMOS,DY-NA,Washington,DC,"Washington, DC",Washington,DC,FMMOS,FMMOS - non-mars,03/30/2021 14:14:00,2010,2010-MAY,5.76,component,lmprs,
Dec,2010,,Northeast,1.0,5.72,Producer Milk Components,AMS_3462,3462,Dairy FMMOS,DY-NA,Washington,DC,"Washington, DC",Washington,DC,FMMOS,FMMOS - non-mars,03/30/2021 14:14:00,2010,2010-MAY,5.73,component,lmprs,
Dec,2010,,Mideast,33.0,5.71,Producer Milk Components,AMS_3462,3462,Dairy FMMOS,DY-NA,Washington,DC,"Washington, DC",Washington,DC,FMMOS,FMMOS - non-mars,03/30/2021 14:14:00,2010,2010-MAY,5.73,component,lmprs,
Dec,2010,,Pacific Northwest,124.0,5.71,Producer Milk Components,AMS_3462,3462,Dairy FMMOS,DY-NA,Washington,DC,"Washington, DC",Washington,DC,FMMOS,FMMOS - non-mars,03/30/2021 14:14:00,2010,2010-MAY,5.73,component,lmprs,
Dec,2010,,Southwest,126.0,5.76,Producer Milk Components,AMS_3462,3462,Dairy FMMOS,DY-NA,Washington,DC,"Washington, DC",Washington,DC,FMMOS,FMMOS - non-mars,03/30/2021 14:14:00,2010,2010-MAY,5.76,component,lmprs,
Dec,2010,,Upper Midwest,30.0,5.76,Producer Milk Components,AMS_3462,3462,Dairy FMMOS,DY-NA,Washington,DC,"Washington, DC",Washington,DC,FMMOS,FMMOS - non-mars,03/30/2021 14:14:00,2010,2010-MAY,5.76,component,lmprs,
Dec,2011,,Southwest,126.0,5.75,Producer Milk Components,AMS_3462,3462,Dairy FMMOS,DY-NA,Washington,DC,"Washington, DC",Washington,DC,FMMOS,FMMOS - non-mars,03/30/2021 14:14:00,2011,2011-MAY,5.76,component,lmprs,
Dec,2011,,Upper Midwest,30.0,5.74,Producer Milk Components,AMS_3462,3462,Dairy FMMOS,DY-NA,Washington,DC,"Washington, DC",Washington,DC,FMMOS,FMMOS - non-mars,03/30/2021 14:14:00,2011,2011-MAY,5.74,component,lmprs,
Dec,2011,,Pacific Northwest,124.0,5.73,Producer Milk Components,AMS_3462,3462,Dairy FMMOS,DY-NA,Washington,DC,"Washington, DC",Washington,DC,FMMOS,FMMOS - non-mars,03/30/2021 14:14:00,2011,2011-MAY,5.75,component,lmprs,
Dec,2011,,Northeast,1.0,5.73,Producer Milk Components,AMS_3462,3462,Dairy FMMOS,DY-NA,Washington,DC,"Washington, DC",Washington,DC,FMMOS,FMMOS - non-mars,03/30/2021 14:14:00,2011,2011-MAY,5.76,component,lmprs,
Dec,2011,,Central,32.0,5.73,Producer Milk Components,AMS_3462,3462,Dairy FMMOS,DY-NA,Washington,DC,"Washington, DC",Washington,DC,FMMOS,FMMOS - non-mars,03/30/2021 14:14:00,2011,2011-MAY,5.74,component,lmprs,
Dec,2011,,Mideast,33.0,5.71,Producer Milk Components,AMS_3462,3462,Dairy FMMOS,DY-NA,Washington,DC,"Washington, DC",Washington,DC,FMMOS,FMMOS - non-mars,03/30/2021 14:14:00,2011,2011-MAY,5.74,component,lmprs,
Dec,2011,,All Markets Combined,,5.73,Producer Milk Components,AMS_3462,3462,Dairy FMMOS,DY-NA,Washington,DC,"Washington, DC",Washington,DC,FMMOS,FMMOS - non-mars,03/30/2021 14:14:00,2011,2011-MAY,5.75,component,lmprs,
Dec,2012,,All Markets Combined,,5.75,Producer Milk Components,AMS_3462,3462,Dairy FMMOS,DY-NA,Washington,DC,"Washington, DC",Washington,DC,FMMOS,FMMOS - non-mars,03/30/2021 14:13:00,2012,2012-MAY,5.77,component,lmprs,
Dec,2012,,Mideast,33.0,5.74,Producer Milk Components,AMS_3462,3462,Dairy FMMOS,DY-NA,Washington,DC,"Washington, DC",Washington,DC,FMMOS,FMMOS - non-mars,03/30/2021 14:13:00,2012,2012-MAY,5.76,component,lmprs,
Dec,2012,,Central,32.0,5.75,Producer Milk Components,AMS_3462,3462,Dairy FMMOS,DY-NA,Washington,DC,"Washington, DC",Washington,DC,FMMOS,FMMOS - non-mars,03/30/2021 14:13:00,2012,2012-MAY,5.77,component,lmprs,
Dec,2012,,Northeast,1.0,5.75,Producer Milk Components,AMS_3462,3462,Dairy FMMOS,DY-NA,Washington,DC,"Washington, DC",Washington,DC,FMMOS,FMMOS - non-mars,03/30/2021 14:13:00,2012,2012-MAY,5.77,component,lmprs,
Dec,2012,,Pacific Northwest,124.0,5.74,Producer Milk Components,AMS_3462,3462,Dairy FMMOS,DY-NA,Washington,DC,"Washington, DC",Washington,DC,FMMOS,FMMOS - non-mars,03/30/2021 14:13:00,2012,2012-MAY,5.75,component,lmprs,
Dec,2012,,Upper Midwest,30.0,5.75,Producer Milk Components,AMS_3462,3462,Dairy FMMOS,DY-NA,Washington,DC,"Washington, DC",Washington,DC,FMMOS,FMMOS - non-mars,03/30/2021 14:13:00,2012,2012-MAY,5.76,component,lmprs,
Dec,2012,,Southwest,126.0,5.77,Producer Milk Components,AMS_3462,3462,Dairy FMMOS,DY-NA,Washington,DC,"Washington, DC",Washington,DC,FMMOS,FMMOS - non-mars,03/30/2021 14:13:00,2012,2012-MAY,5.78,component,lmprs,
Dec,2013,,Southwest,126.0,5.77,Producer Milk Components,AMS_3462,3462,Dairy FMMOS,DY-NA,Washington,DC,"Washington, DC",Washington,DC,FMMOS,FMMOS - non-mars,03/30/2021 14:13:00,2013,2013-MAY,5.77,component,lmprs,
Dec,2013,,Upper Midwest,30.0,5.74,Producer Milk Components,AMS_3462,3462,Dairy FMMOS,DY-NA,Washington,DC,"Washington, DC",Washington,DC,FMMOS,FMMOS - non-mars,03/30/2021 14:13:00,2013,2013-MAY,5.76,component,lmprs,
Dec,2013,,Pacific Northwest,124.0,5.73,Producer Milk Components,AMS_3462,3462,Dairy FMMOS,DY-NA,Washington,DC,"Washington, DC",Washington,DC,FMMOS,FMMOS - non-mars,03/30/2021 14:13:00,2013,2013-MAY,5.77,component,lmprs,
Dec,2013,,Northeast,1.0,5.73,Producer Milk Components,AMS_3462,3462,Dairy FMMOS,DY-NA,Washington,DC,"Washington, DC",Washington,DC,FMMOS,FMMOS - non-mars,03/30/2021 14:13:00,2013,2013-MAY,5.77,component,lmprs,
Dec,2013,,Central,32.0,5.75,Producer Milk Components,AMS_3462,3462,Dairy FMMOS,DY-NA,Washington,DC,"Washington, DC",Washington,DC,FMMOS,FMMOS - non-mars,03/30/2021 14:13:00,2013,2013-MAY,5.77,component,lmprs,
Dec,2013,,Mideast,33.0,5.74,Producer Milk Components,AMS_3462,3462,Dairy FMMOS,DY-NA,Washington,DC,"Washington, DC",Washington,DC,FMMOS,FMMOS - non-mars,03/30/2021 14:13:00,2013,2013-MAY,5.75,component,lmprs,
Dec,2013,,All Markets Combined,,5.74,Producer Milk Components,AMS_3462,3462,Dairy FMMOS,DY-NA,Washington,DC,"Washington, DC",Washington,DC,FMMOS,FMMOS - non-mars,03/30/2021 14:13:00,2013,2013-MAY,5.76,component,lmprs,
Dec,2014,,All Markets Combined,,5.74,Producer Milk Components,AMS_3462,3462,Dairy FMMOS,DY-NA,Washington,DC,"Washington, DC",Washington,DC,FMMOS,FMMOS - non-mars,03/30/2021 14:13:00,2014,2014-MAY,5.74,component,lmprs,
Dec,2014,,Mideast,33.0,5.72,Producer Milk Components,AMS_3462,3462,Dairy FMMOS,DY-NA,Washington,DC,"Washington, DC",Washington,DC,FMMOS,FMMOS - non-mars,03/30/2021 14:13:00,2014,2014-MAY,5.73,component,lmprs,
Dec,2014,,Central,32.0,5.74,Producer Milk Components,AMS_3462,3462,Dairy FMMOS,DY-NA,Washington,DC,"Washington, DC",Washington,DC,FMMOS,FMMOS - non-mars,03/30/2021 14:13:00,2014,2014-MAY,5.76,component,lmprs,
Dec,2014,,Northeast,1.0,5.73,Producer Milk Components,AMS_3462,3462,Dairy FMMOS,DY-NA,Washington,DC,"Washington, DC",Washington,DC,FMMOS,FMMOS - non-mars,03/30/2021 14:13:00,2014,2014-MAY,5.74,component,lmprs,
Dec,2014,,Pacific Northwest,124.0,5.72,Producer Milk Components,AMS_3462,3462,Dairy FMMOS,DY-NA,Washington,DC,"Washington, DC",Washington,DC,FMMOS,FMMOS - non-mars,03/30/2021 14:13:00,2014,2014-MAY,5.73,component,lmprs,
Dec,2014,,Upper Midwest,30.0,5.73,Producer Milk Components,AMS_3462,3462,Dairy FMMOS,DY-NA,Washington,DC,"Washington, DC",Washington,DC,FMMOS,FMMOS - non-mars,03/30/2021 14:13:00,2014,2014-MAY,5.72,component,lmprs,
Dec,2014,,Southwest,126.0,5.76,Producer Milk Components,AMS_3462,3462,Dairy FMMOS,DY-NA,Washington,DC,"Washington, DC",Washington,DC,FMMOS,FMMOS - non-mars,03/30/2021 14:13:00,2014,2014-MAY,5.78,component,lmprs,
Dec,2015,,Southwest,126.0,5.74,Producer Milk Components,AMS_3462,3462,Dairy FMMOS,DY-NA,Washington,DC,"Washington, DC",Washington,DC,FMMOS,FMMOS - non-mars,03/30/2021 14:12:00,2015,2015-MAY,5.76,component,lmprs,
Dec,2015,,Upper Midwest,30.0,5.74,Producer Milk Components,AMS_3462,3462,Dairy FMMOS,DY-NA,Washington,DC,"Washington, DC",Washington,DC,FMMOS,FMMOS - non-mars,03/30/2021 14:12:00,2015,2015-MAY,5.74,component,lmprs,
Dec,2015,,Pacific Northwest,124.0,5.73,Producer Milk Components,AMS_3462,3462,Dairy FMMOS,DY-NA,Washington,DC,"Washington, DC",Washington,DC,FMMOS,FMMOS - non-mars,03/30/2021 14:12:00,2015,2015-MAY,5.74,component,lmprs,
Dec,2015,,Northeast,1.0,5.75,Producer Milk Components,AMS_3462,3462,Dairy FMMOS,DY-NA,Washington,DC,"Washington, DC",Washington,DC,FMMOS,FMMOS - non-mars,03/30/2021 14:12:00,2015,2015-MAY,5.77,component,lmprs,
Dec,2015,,Central,32.0,5.76,Producer Milk Components,AMS_3462,3462,Dairy FMMOS,DY-NA,Washington,DC,"Washington, DC",Washington,DC,FMMOS,FMMOS - non-mars,03/30/2021 14:12:00,2015,2015-MAY,5.79,component,lmprs,
Dec,2015,,Mideast,33.0,5.74,Producer Milk Components,AMS_3462,3462,Dairy FMMOS,DY-NA,Washington,DC,"Washington, DC",Washington,DC,FMMOS,FMMOS - non-mars,03/30/2021 14:12:00,2015,2015-MAY,5.74,component,lmprs,
Dec,2015,,All Markets Combined,,5.74,Producer Milk Components,AMS_3462,3462,Dairy FMMOS,DY-NA,Washington,DC,"Washington, DC",Washington,DC,FMMOS,FMMOS - non-mars,03/30/2021 14:12:00,2015,2015-MAY,5.76,component,lmprs,
Dec,2016,,All Markets Combined,,5.75,Producer Milk Components,AMS_3462,3462,Dairy FMMOS,DY-NA,Washington,DC,"Washington, DC",Washington,DC,FMMOS,FMMOS - non-mars,03/30/2021 14:12:00,2016,2016-MAY,5.76,component,lmprs,
Dec,2016,,Mideast,33.0,5.78,Producer Milk Components,AMS_3462,3462,Dairy FMMOS,DY-NA,Washington,DC,"Washington, DC",Washington,DC,FMMOS,FMMOS - non-mars,03/30/2021 14:12:00,2016,2016-MAY,5.77,component,lmprs,
Dec,2016,,Central,32.0,5.76,Producer Milk Components,AMS_3462,3462,Dairy FMMOS,DY-NA,Washington,DC,"Washington, DC",Washington,DC,FMMOS,FMMOS - non-mars,03/30/2021 14:12:00,2016,2016-MAY,5.79,component,lmprs,
Dec,2016,,Northeast,1.0,5.74,Producer Milk Components,AMS_3462,3462,Dairy FMMOS,DY-NA,Washington,DC,"Washington, DC",Washington,DC,FMMOS,FMMOS - non-mars,03/30/2021 14:12:00,2016,2016-MAY,5.75,component,lmprs,
Dec,2016,,Pacific Northwest,124.0,5.73,Producer Milk Components,AMS_3462,3462,Dairy FMMOS,DY-NA,Washington,DC,"Washington, DC",Washington,DC,FMMOS,FMMOS - non-mars,03/30/2021 14:12:00,2016,2016-MAY,5.74,component,lmprs,
Dec,2016,,Upper Midwest,30.0,5.74,Producer Milk Components,AMS_3462,3462,Dairy FMMOS,DY-NA,Washington,DC,"Washington, DC",Washington,DC,FMMOS,FMMOS - non-mars,03/30/2021 14:12:00,2016,2016-MAY,5.76,component,lmprs,
Dec,2016,,Southwest,126.0,5.74,Producer Milk Components,AMS_3462,3462,Dairy FMMOS,DY-NA,Washington,DC,"Washington, DC",Washington,DC,FMMOS,FMMOS - non-mars,03/30/2021 14:12:00,2016,2016-MAY,5.76,component,lmprs,
Dec,2017,,Southwest,126.0,5.74,Producer Milk Components,AMS_3462,3462,Dairy FMMOS,DY-NA,Washington,DC,"Washington, DC",Washington,DC,FMMOS,FMMOS - non-mars,03/30/2021 14:11:00,2017,2017-MAY,5.78,component,lmprs,
Dec,2017,,Upper Midwest,30.0,5.76,Producer Milk Components,AMS_3462,3462,Dairy FMMOS,DY-NA,Washington,DC,"Washington, DC",Washington,DC,FMMOS,FMMOS - non-mars,03/30/2021 14:11:00,2017,2017-MAY,5.76,component,lmprs,
Dec,2017,,Pacific Northwest,124.0,5.74,Producer Milk Components,AMS_3462,3462,Dairy FMMOS,DY-NA,Washington,DC,"Washington, DC",Washington,DC,FMMOS,FMMOS - non-mars,03/30/2021 14:11:00,2017,2017-MAY,5.75,component,lmprs,
Dec,2017,,Northeast,1.0,5.75,Producer Milk Components,AMS_3462,3462,Dairy FMMOS,DY-NA,Washington,DC,"Washington, DC",Washington,DC,FMMOS,FMMOS - non-mars,03/30/2021 14:11:00,2017,2017-MAY,5.77,component,lmprs,
Dec,2017,,Central,32.0,5.75,Producer Milk Components,AMS_3462,3462,Dairy FMMOS,DY-NA,Washington,DC,"Washington, DC",Washington,DC,FMMOS,FMMOS - non-mars,03/30/2021 14:11:00,2017,2017-MAY,5.77,component,lmprs,
Dec,2017,,Mideast,33.0,5.75,Producer Milk Components,AMS_3462,3462,Dairy FMMOS,DY-NA,Washington,DC,"Washington, DC",Washington,DC,FMMOS,FMMOS - non-mars,03/30/2021 14:11:00,2017,2017-MAY,5.76,component,lmprs,
Dec,2017,,All Markets Combined,,5.75,Producer Milk Components,AMS_3462,3462,Dairy FMMOS,DY-NA,Washington,DC,"Washington, DC",Washington,DC,FMMOS,FMMOS - non-mars,03/30/2021 14:11:00,2017,2017-MAY,5.76,component,lmprs,
Dec,2018,,All Markets Combined,,5.76,Producer Milk Components,AMS_3462,3462,Dairy FMMOS,DY-NA,Washington,DC,"Washington, DC",Washington,DC,FMMOS,FMMOS - non-mars,03/30/2021 14:09:00,2018,2018-MAY,5.78,component,lmprs,
Dec,2018,,California,51.0,5.73,Producer Milk Components,AMS_3462,3462,Dairy FMMOS,DY-NA,Washington,DC,"Washington, DC",Washington,DC,FMMOS,FMMOS - non-mars,03/30/2021 14:09:00,2018,2018-MAY,,component,lmprs,
Dec,2018,,Mideast,33.0,5.77,Producer Milk Components,AMS_3462,3462,Dairy FMMOS,DY-NA,Washington,DC,"Washington, DC",Washington,DC,FMMOS,FMMOS - non-mars,03/30/2021 14:09:00,2018,2018-MAY,5.79,component,lmprs,
Dec,2018,,Central,32.0,5.77,Producer Milk Components,AMS_3462,3462,Dairy FMMOS,DY-NA,Washington,DC,"Washington, DC",Washington,DC,FMMOS,FMMOS - non-mars,03/30/2021 14:09:00,2018,2018-MAY,5.78,component,lmprs,
Dec,2018,,Northeast,1.0,5.75,Producer Milk Components,AMS_3462,3462,Dairy FMMOS,DY-NA,Washington,DC,"Washington, DC",Washington,DC,FMMOS,FMMOS - non-mars,03/30/2021 14:09:00,2018,2018-MAY,5.77,component,lmprs,
Dec,2018,,Pacific Northwest,124.0,5.75,Producer Milk Components,AMS_3462,3462,Dairy FMMOS,DY-NA,Washington,DC,"Washington, DC",Washington,DC,FMMOS,FMMOS - non-mars,03/30/2021 14:09:00,2018,2018-MAY,5.76,component,lmprs,
Dec,2018,,Upper Midwest,30.0,5.77,Producer Milk Components,AMS_3462,3462,Dairy FMMOS,DY-NA,Washington,DC,"Washington, DC",Washington,DC,FMMOS,FMMOS - non-mars,03/30/2021 14:09:00,2018,2018-MAY,5.77,component,lmprs,
Dec,2018,,Southwest,126.0,5.76,Producer Milk Components,AMS_3462,3462,Dairy FMMOS,DY-NA,Washington,DC,"Washington, DC",Washington,DC,FMMOS,FMMOS - non-mars,03/30/2021 14:09:00,2018,2018-MAY,5.78,component,lmprs,
Dec,2019,,Upper Midwest,30.0,5.77,Producer Milk Components,AMS_3462,3462,Dairy FMMOS,DY-NA,Washington,DC,"Washington, DC",Washington,DC,FMMOS,FMMOS - non-mars,03/30/2021 14:09:00,2019,2019-MAY,5.80,component,lmprs,
Dec,2019,,Pacific Northwest,124.0,5.76,Producer Milk Components,AMS_3462,3462,Dairy FMMOS,DY-NA,Washington,DC,"Washington, DC",Washington,DC,FMMOS,FMMOS - non-mars,03/30/2021 14:09:00,2019,2019-MAY,5.77,component,lmprs,
Dec,2019,,Southwest,126.0,5.77,Producer Milk Components,AMS_3462,3462,Dairy FMMOS,DY-NA,Washington,DC,"Washington, DC",Washington,DC,FMMOS,FMMOS - non-mars,03/30/2021 14:09:00,2019,2019-MAY,5.78,component,lmprs,
Dec,2019,,Northeast,1.0,5.75,Producer Milk Components,AMS_3462,3462,Dairy FMMOS,DY-NA,Washington,DC,"Washington, DC",Washington,DC,FMMOS,FMMOS - non-mars,03/30/2021 14:09:00,2019,2019-MAY,5.76,component,lmprs,
Dec,2019,,Mideast,33.0,5.76,Producer Milk Components,AMS_3462,3462,Dairy FMMOS,DY-NA,Washington,DC,"Washington, DC",Washington,DC,FMMOS,FMMOS - non-mars,03/30/2021 14:09:00,2019,2019-MAY,5.78,component,lmprs,
Dec,2019,,California,51.0,5.75,Producer Milk Components,AMS_3462,3462,Dairy FMMOS,DY-NA,Washington,DC,"Washington, DC",Washington,DC,FMMOS,FMMOS - non-mars,03/30/2021 14:09:00,2019,2019-MAY,5.78,component,lmprs,
Dec,2019,,Central,32.0,5.78,Producer Milk Components,AMS_3462,3462,Dairy FMMOS,DY-NA,Washington,DC,"Washington, DC",Washington,DC,FMMOS,FMMOS - non-mars,03/30/2021 14:09:00,2019,2019-MAY,5.80,component,lmprs,
Dec,2019,,All Markets Combined,,5.76,Producer Milk Components,AMS_3462,3462,Dairy FMMOS,DY-NA,Washington,DC,"Washington, DC",Washington,DC,FMMOS,FMMOS - non-mars,03/30/2021 14:09:00,2019,2019-MAY,5.78,component,lmprs,
Dec,2020,,All Markets Combined,,5.77,Producer Milk Components,AMS_3462,3462,Dairy FMMOS,DY-NA,Washington,DC,"Washington, DC",Washington,DC,FMMOS,FMMOS - non-mars,02/23/2021 09:39:00,2020,2020-MAY,5.78,component,lmprs,
Dec,2020,,Central,32.0,5.79,Producer Milk Components,AMS_3462,3462,Dairy FMMOS,DY-NA,Washington,DC,"Washington, DC",Washington,DC,FMMOS,FMMOS - non-mars,02/23/2021 09:39:00,2020,2020-MAY,5.79,component,lmprs,
Dec,2020,,California,51.0,5.75,Producer Milk Components,AMS_3462,3462,Dairy FMMOS,DY-NA,Washington,DC,"Washington, DC",Washington,DC,FMMOS,FMMOS - non-mars,02/23/2021 09:39:00,2020,2020-MAY,5.76,component,lmprs,
Dec,2020,,Mideast,33.0,5.78,Producer Milk Components,AMS_3462,3462,Dairy FMMOS,DY-NA,Washington,DC,"Washington, DC",Washington,DC,FMMOS,FMMOS - non-mars,02/23/2021 09:39:00,2020,2020-MAY,5.79,component,lmprs,
Dec,2020,,Northeast,1.0,5.77,Producer Milk Components,AMS_3462,3462,Dairy FMMOS,DY-NA,Washington,DC,"Washington, DC",Washington,DC,FMMOS,FMMOS - non-mars,02/23/2021 09:39:00,2020,2020-MAY,5.79,component,lmprs,
Dec,2020,,Southwest,126.0,5.78,Producer Milk Components,AMS_3462,3462,Dairy FMMOS,DY-NA,Washington,DC,"Washington, DC",Washington,DC,FMMOS,FMMOS - non-mars,02/23/2021 09:39:00,2020,2020-MAY,5.78,component,lmprs,
Dec,2020,,Pacific Northwest,124.0,5.77,Producer Milk Components,AMS_3462,3462,Dairy FMMOS,DY-NA,Washington,DC,"Washington, DC",Washington,DC,FMMOS,FMMOS - non-mars,02/23/2021 09:39:00,2020,2020-MAY,5.78,component,lmprs,
Dec,2020,,Upper Midwest,30.0,5.77,Producer Milk Components,AMS_3462,3462,Dairy FMMOS,DY-NA,Washington,DC,"Washington, DC",Washington,DC,FMMOS,FMMOS - non-mars,02/23/2021 09:39:00,2020,2020-MAY,5.78,component,lmprs,
Dec,2021,,Southwest,126.0,5.78,Producer Milk Components,AMS_3462,3462,Dairy FMMOS,DY-NA,Washington,DC,"Washington, DC",Washington,DC,FMMOS,FMMOS - non-mars,01/31/2022 07:17:00,2021,2021-MAY,5.79,component,lmprs,
Dec,2021,,Upper Midwest,30.0,5.80,Producer Milk Components,AMS_3462,3462,Dairy FMMOS,DY-NA,Washington,DC,"Washington, DC",Washington,DC,FMMOS,FMMOS - non-mars,01/31/2022 07:17:00,2021,2021-MAY,5.79,component,lmprs,
Dec,2021,,Northeast,1.0,5.77,Producer Milk Components,AMS_3462,3462,Dairy FMMOS,DY-NA,Washington,DC,"Washington, DC",Washington,DC,FMMOS,FMMOS - non-mars,01/31/2022 07:17:00,2021,2021-MAY,5.78,component,lmprs,
Dec,2021,,Pacific Northwest,124.0,5.77,Producer Milk Components,AMS_3462,3462,Dairy FMMOS,DY-NA,Washington,DC,"Washington, DC",Washington,DC,FMMOS,FMMOS - non-mars,01/31/2022 07:17:00,2021,2021-MAY,5.79,component,lmprs,
Dec,2021,,Mideast,33.0,5.77,Producer Milk Components,AMS_3462,3462,Dairy FMMOS,DY-NA,Washington,DC,"Washington, DC",Washington,DC,FMMOS,FMMOS - non-mars,01/31/2022 07:17:00,2021,2021-MAY,5.79,component,lmprs,
Dec,2021,,Central,32.0,5.78,Producer Milk Components,AMS_3462,3462,Dairy FMMOS,DY-NA,Washington,DC,"Washington, DC",Washington,DC,FMMOS,FMMOS - non-mars,01/31/2022 07:17:00,2021,2021-MAY,5.80,component,lmprs,
Dec,2021,,California,51.0,5.75,Producer Milk Components,AMS_3462,3462,Dairy FMMOS,DY-NA,Washington,DC,"Washington, DC",Washington,DC,FMMOS,FMMOS - non-mars,01/31/2022 07:17:00,2021,2021-MAY,5.77,component,lmprs,
Dec,2021,,All Markets Combined,,5.77,Producer Milk Components,AMS_3462,3462,Dairy FMMOS,DY-NA,Washington,DC,"Washington, DC",Washington,DC,FMMOS,FMMOS - non-mars,01/31/2022 07:17:00,2021,2021-MAY,5.78,component,lmprs,
Dec,2022,,All Markets Combined,,5.78,Producer Milk Components,AMS_3462,3462,Dairy FMMOS,DY-NA,Washington,DC,"Washington, DC",Washington,DC,FMMOS,FMMOS - non-mars,01/30/2023 07:36:00,2022,2022-MAY,5.79,component,lmprs,
Dec,2022,,California,51.0,5.75,Producer Milk Components,AMS_3462,3462,Dairy FMMOS,DY-NA,Washington,DC,"Washington, DC",Washington,DC,FMMOS,FMMOS - non-mars,01/30/2023 07:36:00,2022,2022-MAY,5.76,component,lmprs,
Dec,2022,,Central,32.0,5.79,Producer Milk Components,AMS_3462,3462,Dairy FMMOS,DY-NA,Washington,DC,"Washington, DC",Washington,DC,FMMOS,FMMOS - non-mars,01/30/2023 07:36:00,2022,2022-MAY,5.81,component,lmprs,
Dec,2022,,Mideast,33.0,5.78,Producer Milk Components,AMS_3462,3462,Dairy FMMOS,DY-NA,Washington,DC,"Washington, DC",Washington,DC,FMMOS,FMMOS - non-mars,01/30/2023 07:36:00,2022,2022-MAY,5.79,component,lmprs,
Dec,2022,,Pacific Northwest,124.0,5.78,Producer Milk Components,AMS_3462,3462,Dairy FMMOS,DY-NA,Washington,DC,"Washington, DC",Washington,DC,FMMOS,FMMOS - non-mars,01/30/2023 07:36:00,2022,2022-MAY,5.79,component,lmprs,
Dec,2022,,Northeast,1.0,5.78,Producer Milk Components,AMS_3462,3462,Dairy FMMOS,DY-NA,Washington,DC,"Washington, DC",Washington,DC,FMMOS,FMMOS - non-mars,01/30/2023 07:36:00,2022,2022-MAY,5.78,component,lmprs,
Dec,2022,,Upper Midwest,30.0,5.79,Producer Milk Components,AMS_3462,3462,Dairy FMMOS,DY-NA,Washington,DC,"Washington, DC",Washington,DC,FMMOS,FMMOS - non-mars,01/30/2023 07:36:00,2022,2022-MAY,5.80,component,lmprs,
Dec,2022,,Southwest,126.0,5.79,Producer Milk Components,AMS_3462,3462,Dairy FMMOS,DY-NA,Washington,DC,"Washington, DC",Washington,DC,FMMOS,FMMOS - non-mars,01/30/2023 07:36:00,2022,2022-MAY,5.80,component,lmprs,
Dec,2023,,Southwest,126.0,5.79,Producer Milk Components,AMS_3462,3462,Dairy FMMOS,DY-NA,Washington,DC,"Washington, DC",Washington,DC,FMMOS,FMMOS - non-mars,01/30/2024 09:42:00,2023,2023-MAY,5.78,component,lmprs,
Dec,2023,,Upper Midwest,30.0,5.78,Producer Milk Components,AMS_3462,3462,Dairy FMMOS,DY-NA,Washington,DC,"Washington, DC",Washington,DC,FMMOS,FMMOS - non-mars,01/30/2024 09:42:00,2023,2023-MAY,5.77,component,lmprs,
Dec,2023,,Northeast,1.0,5.77,Producer Milk Components,AMS_3462,3462,Dairy FMMOS,DY-NA,Washington,DC,"Washington, DC",Washington,DC,FMMOS,FMMOS - non-mars,01/30/2024 09:42:00,2023,2023-MAY,5.76,component,lmprs,
Dec,2023,,Pacific Northwest,124.0,5.78,Producer Milk Components,AMS_3462,3462,Dairy FMMOS,DY-NA,Washington,DC,"Washington, DC",Washington,DC,FMMOS,FMMOS - non-mars,01/30/2024 09:42:00,2023,2023-MAY,5.78,component,lmprs,
Dec,2023,,Mideast,33.0,5.79,Producer Milk Components,AMS_3462,3462,Dairy FMMOS,DY-NA,Washington,DC,"Washington, DC",Washington,DC,FMMOS,FMMOS - non-mars,01/30/2024 09:42:00,2023,2023-MAY,5.79,component,lmprs,
Dec,2023,,Central,32.0,5.79,Producer Milk Components,AMS_3462,3462,Dairy FMMOS,DY-NA,Washington,DC,"Washington, DC",Washington,DC,FMMOS,FMMOS - non-mars,01/30/2024 09:42:00,2023,2023-MAY,5.80,component,lmprs,
Dec,2023,,California,51.0,5.75,Producer Milk Components,AMS_3462,3462,Dairy FMMOS,DY-NA,Washington,DC,"Washington, DC",Washington,DC,FMMOS,FMMOS - non-mars,01/30/2024 09:42:00,2023,2023-MAY,5.74,component,lmprs,
Dec,2023,,All Markets Combined,,5.78,Producer Milk Components,AMS_3462,3462,Dairy FMMOS,DY-NA,Washington,DC,"Washington, DC",Washington,DC,FMMOS,FMMOS - non-mars,01/30/2024 09:42:00,2023,2023-MAY,5.77,component,lmprs,
Dec,2024,,All Markets Combined,,5.78,Producer Milk Components,AMS_3462,3462,Dairy FMMOS,DY-NA,Washington,DC,"Washington, DC",Washington,DC,FMMOS,FMMOS - non-mars,01/23/2025 09:07:00,2024,2024-MAY,5.78,component,lmprs,
Dec,2024,,California,51.0,5.77,Producer Milk Components,AMS_3462,3462,Dairy FMMOS,DY-NA,Washington,DC,"Washington, DC",Washington,DC,FMMOS,FMMOS - non-mars,01/23/2025 09:07:00,2024,2024-MAY,5.76,component,lmprs,
Dec,2024,,Central,32.0,5.80,Producer Milk Components,AMS_3462,3462,Dairy FMMOS,DY-NA,Washington,DC,"Washington, DC",Washington,DC,FMMOS,FMMOS - non-mars,01/23/2025 09:07:00,2024,2024-MAY,5.80,component,lmprs,
Dec,2024,,Mideast,33.0,5.77,Producer Milk Components,AMS_3462,3462,Dairy FMMOS,DY-NA,Washington,DC,"Washington, DC",Washington,DC,FMMOS,FMMOS - non-mars,01/23/2025 09:07:00,2024,2024-MAY,5.77,component,lmprs,
Dec,2024,,Pacific Northwest,124.0,5.78,Producer Milk Components,AMS_3462,3462,Dairy FMMOS,DY-NA,Washington,DC,"Washington, DC",Washington,DC,FMMOS,FMMOS - non-mars,01/23/2025 09:07:00,2024,2024-MAY,5.78,component,lmprs,
Dec,2024,,Northeast,1.0,5.78,Producer Milk Components,AMS_3462,3462,Dairy FMMOS,DY-NA,Washington,DC,"Washington, DC",Washington,DC,FMMOS,FMMOS - non-mars,01/23/2025 09:07:00,2024,2024-MAY,5.77,component,lmprs,
Dec,2024,,Upper Midwest,30.0,5.79,Producer Milk Components,AMS_3462,3462,Dairy FMMOS,DY-NA,Washington,DC,"Washington, DC",Washington,DC,FMMOS,FMMOS - non-mars,01/23/2025 09:07:00,2024,2024-MAY,5.80,component,lmprs,
Dec,2024,,Southwest,126.0,5.80,Producer Milk Components,AMS_3462,3462,Dairy FMMOS,DY-NA,Washington,DC,"Washington, DC",Washington,DC,FMMOS,FMMOS - non-mars,01/23/2025 09:07:00,2024,2024-MAY,5.80,component,lmprs,
Dec,2025,,Southwest,126.0,5.78,Producer Milk Components,AMS_3462,3462,Dairy FMMOS,DY-NA,Washington,DC,"Washington, DC",Washington,DC,FMMOS,FMMOS - non-mars,01/21/2026 11:39:00,2025,2025-MAY,5.77,component,lmprs,
Dec,2025,,Upper Midwest,30.0,5.79,Producer Milk Components,AMS_3462,3462,Dairy FMMOS,DY-NA,Washington,DC,"Washington, DC",Washington,DC,FMMOS,FMMOS - non-mars,01/21/2026 11:39:00,2025,2025-MAY,5.81,component,lmprs,
Dec,2025,,Northeast,1.0,5.78,Producer Milk Components,AMS_3462,3462,Dairy FMMOS,DY-NA,Washington,DC,"Washington, DC",Washington,DC,FMMOS,FMMOS - non-mars,01/21/2026 11:39:00,2025,2025-MAY,5.80,component,lmprs,
Dec,2025,,Pacific Northwest,124.0,5.78,Producer Milk Components,AMS_3462,3462,Dairy FMMOS,DY-NA,Washington,DC,"Washington, DC",Washington,DC,FMMOS,FMMOS - non-mars,01/21/2026 11:39:00,2025,2025-MAY,5.80,component,lmprs,
Dec,2025,,Mideast,33.0,5.78,Producer Milk Components,AMS_3462,3462,Dairy FMMOS,DY-NA,Washington,DC,"Washington, DC",Washington,DC,FMMOS,FMMOS - non-mars,01/21/2026 11:39:00,2025,2025-MAY,5.79,component,lmprs,
Dec,2025,,Central,32.0,5.80,Producer Milk Components,AMS_3462,3462,Dairy FMMOS,DY-NA,Washington,DC,"Washington, DC",Washington,DC,FMMOS,FMMOS - non-mars,01/21/2026 11:39:00,2025,2025-MAY,5.80,component,lmprs,
Dec,2025,,California,51.0,5.78,Producer Milk Components,AMS_3462,3462,Dairy FMMOS,DY-NA,Washington,DC,"Washington, DC",Washington,DC,FMMOS,FMMOS - non-mars,01/21/2026 11:39:00,2025,2025-MAY,5.79,component,lmprs,
Dec,2025,,All Markets Combined,,5.78,Producer Milk Components,AMS_3462,3462,Dairy FMMOS,DY-NA,Washington,DC,"Washington, DC",Washington,DC,FMMOS,FMMOS - non-mars,01/21/2026 11:39:00,2025,2025-MAY,5.80,component,lmprs,
Mar,2026,,All Markets Combined,,5.77,Producer Milk Components,AMS_3462,3462,Dairy FMMOS,DY-NA,Washington,DC,"Washington, DC",Washington,DC,FMMOS,FMMOS - non-mars,04/21/2026 05:48:00,2026,2026-MAY,,component,lmprs,
Mar,2026,,California,51.0,5.76,Producer Milk Components,AMS_3462,3462,Dairy FMMOS,DY-NA,Washington,DC,"Washington, DC",Washington,DC,FMMOS,FMMOS - non-mars,04/21/2026 05:48:00,2026,2026-MAY,,component,lmprs,
Mar,2026,,Central,32.0,5.79,Producer Milk Components,AMS_3462,3462,Dairy FMMOS,DY-NA,Washington,DC,"Washington, DC",Washington,DC,FMMOS,FMMOS - non-mars,04/21/2026 05:48:00,2026,2026-MAY,,component,lmprs,
Mar,2026,,Mideast,33.0,5.78,Producer Milk Components,AMS_3462,3462,Dairy FMMOS,DY-NA,Washington,DC,"Washington, DC",Washington,DC,FMMOS,FMMOS - non-mars,04/21/2026 05:48:00,2026,2026-MAY,,component,lmprs,
Mar,2026,,Pacific Northwest,124.0,5.76,Producer Milk Components,AMS_3462,3462,Dairy FMMOS,DY-NA,Washington,DC,"Washington, DC",Washington,DC,FMMOS,FMMOS - non-mars,04/21/2026 05:48:00,2026,2026-MAY,,component,lmprs,
Mar,2026,,Northeast,1.0,5.76,Producer Milk Components,AMS_3462,3462,Dairy FMMOS,DY-NA,Washington,DC,"Washington, DC",Washington,DC,FMMOS,FMMOS - non-mars,04/21/2026 05:48:00,2026,2026-MAY,,component,lmprs,
Mar,2026,,Upper Midwest,30.0,5.78,Producer Milk Components,AMS_3462,3462,Dairy FMMOS,DY-NA,Washington,DC,"Washington, DC",Washington,DC,FMMOS,FMMOS - non-mars,04/21/2026 05:48:00,2026,2026-MAY,,component,lmprs,
Mar,2026,,Southwest,126.0,5.77,Producer Milk Components,AMS_3462,3462,Dairy FMMOS,DY-NA,Washington,DC,"Washington, DC",Washington,DC,FMMOS,FMMOS - non-mars,04/21/2026 05:48:00,2026,2026-MAY,,component,lmprs,
Dec,2000,,All Markets Combined,,5.69,Producer Milk Components,AMS_3462,3462,Dairy FMMOS,DY-NA,Washington,DC,"Washington, DC",Washington,DC,FMMOS,FMMOS - non-mars,04/09/2021 07:48:00,2000,2000-JUN,5.74,component,lmprs,
Dec,2000,,Central,32.0,5.70,Producer Milk Components,AMS_3462,3462,Dairy FMMOS,DY-NA,Washington,DC,"Washington, DC",Washington,DC,FMMOS,FMMOS - non-mars,04/09/2021 07:48:00,2000,2000-JUN,5.71,component,lmprs,
Dec,2000,,Mideast,33.0,5.69,Producer Milk Components,AMS_3462,3462,Dairy FMMOS,DY-NA,Washington,DC,"Washington, DC",Washington,DC,FMMOS,FMMOS - non-mars,04/09/2021 07:48:00,2000,2000-JUN,5.71,component,lmprs,
Dec,2000,,Northeast,1.0,5.67,Producer Milk Components,AMS_3462,3462,Dairy FMMOS,DY-NA,Washington,DC,"Washington, DC",Washington,DC,FMMOS,FMMOS - non-mars,04/09/2021 07:48:00,2000,2000-JUN,5.78,component,lmprs,
Dec,2000,,Pacific Northwest,124.0,5.71,Producer Milk Components,AMS_3462,3462,Dairy FMMOS,DY-NA,Washington,DC,"Washington, DC",Washington,DC,FMMOS,FMMOS - non-mars,04/09/2021 07:48:00,2000,2000-JUN,5.73,component,lmprs,
Dec,2000,,Southwest,126.0,5.67,Producer Milk Components,AMS_3462,3462,Dairy FMMOS,DY-NA,Washington,DC,"Washington, DC",Washington,DC,FMMOS,FMMOS - non-mars,04/09/2021 07:48:00,2000,2000-JUN,5.67,component,lmprs,
Dec,2000,,Upper Midwest,30.0,5.70,Producer Milk Components,AMS_3462,3462,Dairy FMMOS,DY-NA,Washington,DC,"Washington, DC",Washington,DC,FMMOS,FMMOS - non-mars,04/09/2021 07:48:00,2000,2000-JUN,5.74,component,lmprs,
Dec,2000,,Western,135.0,5.75,Producer Milk Components,AMS_3462,3462,Dairy FMMOS,DY-NA,Washington,DC,"Washington, DC",Washington,DC,FMMOS,FMMOS - non-mars,04/09/2021 07:48:00,2000,2000-JUN,5.76,component,lmprs,
Dec,2001,,Western,135.0,5.71,Producer Milk Components,AMS_3462,3462,Dairy FMMOS,DY-NA,Washington,DC,"Washington, DC",Washington,DC,FMMOS,FMMOS - non-mars,04/09/2021 07:46:00,2001,2001-JUN,5.71,component,lmprs,
Dec,2001,,Upper Midwest,30.0,5.70,Producer Milk Components,AMS_3462,3462,Dairy FMMOS,DY-NA,Washington,DC,"Washington, DC",Washington,DC,FMMOS,FMMOS - non-mars,04/09/2021 07:46:00,2001,2001-JUN,5.71,component,lmprs,
Dec,2001,,Southwest,126.0,5.67,Producer Milk Components,AMS_3462,3462,Dairy FMMOS,DY-NA,Washington,DC,"Washington, DC",Washington,DC,FMMOS,FMMOS - non-mars,04/09/2021 07:46:00,2001,2001-JUN,5.69,component,lmprs,
Dec,2001,,Pacific Northwest,124.0,5.70,Producer Milk Components,AMS_3462,3462,Dairy FMMOS,DY-NA,Washington,DC,"Washington, DC",Washington,DC,FMMOS,FMMOS - non-mars,04/09/2021 07:46:00,2001,2001-JUN,5.69,component,lmprs,
Dec,2001,,Northeast,1.0,5.69,Producer Milk Components,AMS_3462,3462,Dairy FMMOS,DY-NA,Washington,DC,"Washington, DC",Washington,DC,FMMOS,FMMOS - non-mars,04/09/2021 07:46:00,2001,2001-JUN,5.70,component,lmprs,
Dec,2001,,Mideast,33.0,5.70,Producer Milk Components,AMS_3462,3462,Dairy FMMOS,DY-NA,Washington,DC,"Washington, DC",Washington,DC,FMMOS,FMMOS - non-mars,04/09/2021 07:46:00,2001,2001-JUN,5.72,component,lmprs,
Dec,2001,,Central,32.0,5.70,Producer Milk Components,AMS_3462,3462,Dairy FMMOS,DY-NA,Washington,DC,"Washington, DC",Washington,DC,FMMOS,FMMOS - non-mars,04/09/2021 07:46:00,2001,2001-JUN,5.71,component,lmprs,
Dec,2001,,All Markets Combined,,5.70,Producer Milk Components,AMS_3462,3462,Dairy FMMOS,DY-NA,Washington,DC,"Washington, DC",Washington,DC,FMMOS,FMMOS - non-mars,04/09/2021 07:46:00,2001,2001-JUN,5.71,component,lmprs,
Dec,2002,,All Markets Combined,,5.71,Producer Milk Components,AMS_3462,3462,Dairy FMMOS,DY-NA,Washington,DC,"Washington, DC",Washington,DC,FMMOS,FMMOS - non-mars,04/09/2021 07:46:00,2002,2002-JUN,5.73,component,lmprs,
Dec,2002,,Central,32.0,5.71,Producer Milk Components,AMS_3462,3462,Dairy FMMOS,DY-NA,Washington,DC,"Washington, DC",Washington,DC,FMMOS,FMMOS - non-mars,04/09/2021 07:46:00,2002,2002-JUN,5.73,component,lmprs,
Dec,2002,,Mideast,33.0,5.71,Producer Milk Components,AMS_3462,3462,Dairy FMMOS,DY-NA,Washington,DC,"Washington, DC",Washington,DC,FMMOS,FMMOS - non-mars,04/09/2021 07:46:00,2002,2002-JUN,5.74,component,lmprs,
Dec,2002,,Northeast,1.0,5.71,Producer Milk Components,AMS_3462,3462,Dairy FMMOS,DY-NA,Washington,DC,"Washington, DC",Washington,DC,FMMOS,FMMOS - non-mars,04/09/2021 07:46:00,2002,2002-JUN,5.72,component,lmprs,
Dec,2002,,Pacific Northwest,124.0,5.71,Producer Milk Components,AMS_3462,3462,Dairy FMMOS,DY-NA,Washington,DC,"Washington, DC",Washington,DC,FMMOS,FMMOS - non-mars,04/09/2021 07:46:00,2002,2002-JUN,5.73,component,lmprs,
Dec,2002,,Southwest,126.0,5.69,Producer Milk Components,AMS_3462,3462,Dairy FMMOS,DY-NA,Washington,DC,"Washington, DC",Washington,DC,FMMOS,FMMOS - non-mars,04/09/2021 07:46:00,2002,2002-JUN,5.69,component,lmprs,
Dec,2002,,Upper Midwest,30.0,5.71,Producer Milk Components,AMS_3462,3462,Dairy FMMOS,DY-NA,Washington,DC,"Washington, DC",Washington,DC,FMMOS,FMMOS - non-mars,04/09/2021 07:46:00,2002,2002-JUN,5.74,component,lmprs,
Dec,2002,,Western,135.0,5.72,Producer Milk Components,AMS_3462,3462,Dairy FMMOS,DY-NA,Washington,DC,"Washington, DC",Washington,DC,FMMOS,FMMOS - non-mars,04/09/2021 07:46:00,2002,2002-JUN,5.74,component,lmprs,
Dec,2003,,Western,135.0,5.70,Producer Milk Components,AMS_3462,3462,Dairy FMMOS,DY-NA,Washington,DC,"Washington, DC",Washington,DC,FMMOS,FMMOS - non-mars,04/09/2021 07:46:00,2003,2003-JUN,5.71,component,lmprs,
Dec,2003,,Upper Midwest,30.0,5.72,Producer Milk Components,AMS_3462,3462,Dairy FMMOS,DY-NA,Washington,DC,"Washington, DC",Washington,DC,FMMOS,FMMOS - non-mars,04/09/2021 07:46:00,2003,2003-JUN,5.74,component,lmprs,
Dec,2003,,Southwest,126.0,5.72,Producer Milk Components,AMS_3462,3462,Dairy FMMOS,DY-NA,Washington,DC,"Washington, DC",Washington,DC,FMMOS,FMMOS - non-mars,04/09/2021 07:46:00,2003,2003-JUN,5.73,component,lmprs,
Dec,2003,,Pacific Northwest,124.0,5.69,Producer Milk Components,AMS_3462,3462,Dairy FMMOS,DY-NA,Washington,DC,"Washington, DC",Washington,DC,FMMOS,FMMOS - non-mars,04/09/2021 07:46:00,2003,2003-JUN,5.71,component,lmprs,
Dec,2003,,Mideast,33.0,5.71,Producer Milk Components,AMS_3462,3462,Dairy FMMOS,DY-NA,Washington,DC,"Washington, DC",Washington,DC,FMMOS,FMMOS - non-mars,04/09/2021 07:46:00,2003,2003-JUN,5.73,component,lmprs,
Dec,2003,,Northeast,1.0,5.69,Producer Milk Components,AMS_3462,3462,Dairy FMMOS,DY-NA,Washington,DC,"Washington, DC",Washington,DC,FMMOS,FMMOS - non-mars,04/09/2021 07:46:00,2003,2003-JUN,5.71,component,lmprs,
Dec,2003,,Central,32.0,5.73,Producer Milk Components,AMS_3462,3462,Dairy FMMOS,DY-NA,Washington,DC,"Washington, DC",Washington,DC,FMMOS,FMMOS - non-mars,04/09/2021 07:46:00,2003,2003-JUN,5.75,component,lmprs,
Dec,2003,,All Markets Combined,,5.71,Producer Milk Components,AMS_3462,3462,Dairy FMMOS,DY-NA,Washington,DC,"Washington, DC",Washington,DC,FMMOS,FMMOS - non-mars,04/09/2021 07:46:00,2003,2003-JUN,5.73,component,lmprs,
Dec,2004,,All Markets Combined,,5.70,Producer Milk Components,AMS_3462,3462,Dairy FMMOS,DY-NA,Washington,DC,"Washington, DC",Washington,DC,FMMOS,FMMOS - non-mars,04/09/2021 07:44:00,2004,2004-JUN,5.71,component,lmprs,
Dec,2004,,Central,32.0,5.72,Producer Milk Components,AMS_3462,3462,Dairy FMMOS,DY-NA,Washington,DC,"Washington, DC",Washington,DC,FMMOS,FMMOS - non-mars,04/09/2021 07:44:00,2004,2004-JUN,5.72,component,lmprs,
Dec,2004,,Northeast,1.0,5.67,Producer Milk Components,AMS_3462,3462,Dairy FMMOS,DY-NA,Washington,DC,"Washington, DC",Washington,DC,FMMOS,FMMOS - non-mars,04/09/2021 07:44:00,2004,2004-JUN,5.69,component,lmprs,
Dec,2004,,Mideast,33.0,5.70,Producer Milk Components,AMS_3462,3462,Dairy FMMOS,DY-NA,Washington,DC,"Washington, DC",Washington,DC,FMMOS,FMMOS - non-mars,04/09/2021 07:44:00,2004,2004-JUN,5.71,component,lmprs,
Dec,2004,,Pacific Northwest,124.0,5.69,Producer Milk Components,AMS_3462,3462,Dairy FMMOS,DY-NA,Washington,DC,"Washington, DC",Washington,DC,FMMOS,FMMOS - non-mars,04/09/2021 07:44:00,2004,2004-JUN,5.69,component,lmprs,
Dec,2004,,Southwest,126.0,5.72,Producer Milk Components,AMS_3462,3462,Dairy FMMOS,DY-NA,Washington,DC,"Washington, DC",Washington,DC,FMMOS,FMMOS - non-mars,04/09/2021 07:44:00,2004,2004-JUN,5.71,component,lmprs,
Dec,2004,,Upper Midwest,30.0,5.70,Producer Milk Components,AMS_3462,3462,Dairy FMMOS,DY-NA,Washington,DC,"Washington, DC",Washington,DC,FMMOS,FMMOS - non-mars,04/09/2021 07:44:00,2004,2004-JUN,5.73,component,lmprs,
Dec,2004,,Western,135.0,5.70,Producer Milk Components,AMS_3462,3462,Dairy FMMOS,DY-NA,Washington,DC,"Washington, DC",Washington,DC,FMMOS,FMMOS - non-mars,04/09/2021 07:44:00,2004,2004-JUN,,component,lmprs,
Dec,2005,,Upper Midwest,30.0,5.71,Producer Milk Components,AMS_3462,3462,Dairy FMMOS,DY-NA,Washington,DC,"Washington, DC",Washington,DC,FMMOS,FMMOS - non-mars,03/30/2021 14:16:00,2005,2005-JUN,5.74,component,lmprs,
Dec,2005,,Southwest,126.0,5.72,Producer Milk Components,AMS_3462,3462,Dairy FMMOS,DY-NA,Washington,DC,"Washington, DC",Washington,DC,FMMOS,FMMOS - non-mars,03/30/2021 14:16:00,2005,2005-JUN,5.74,component,lmprs,
Dec,2005,,Pacific Northwest,124.0,5.71,Producer Milk Components,AMS_3462,3462,Dairy FMMOS,DY-NA,Washington,DC,"Washington, DC",Washington,DC,FMMOS,FMMOS - non-mars,03/30/2021 14:16:00,2005,2005-JUN,5.73,component,lmprs,
Dec,2005,,Mideast,33.0,5.71,Producer Milk Components,AMS_3462,3462,Dairy FMMOS,DY-NA,Washington,DC,"Washington, DC",Washington,DC,FMMOS,FMMOS - non-mars,03/30/2021 14:16:00,2005,2005-JUN,5.74,component,lmprs,
Dec,2005,,Northeast,1.0,5.69,Producer Milk Components,AMS_3462,3462,Dairy FMMOS,DY-NA,Washington,DC,"Washington, DC",Washington,DC,FMMOS,FMMOS - non-mars,03/30/2021 14:16:00,2005,2005-JUN,5.70,component,lmprs,
Dec,2005,,Central,32.0,5.73,Producer Milk Components,AMS_3462,3462,Dairy FMMOS,DY-NA,Washington,DC,"Washington, DC",Washington,DC,FMMOS,FMMOS - non-mars,03/30/2021 14:16:00,2005,2005-JUN,5.74,component,lmprs,
Dec,2005,,All Markets Combined,,5.71,Producer Milk Components,AMS_3462,3462,Dairy FMMOS,DY-NA,Washington,DC,"Washington, DC",Washington,DC,FMMOS,FMMOS - non-mars,03/30/2021 14:16:00,2005,2005-JUN,5.73,component,lmprs,
Dec,2006,,All Markets Combined,,5.71,Producer Milk Components,AMS_3462,3462,Dairy FMMOS,DY-NA,Washington,DC,"Washington, DC",Washington,DC,FMMOS,FMMOS - non-mars,03/30/2021 14:16:00,2006,2006-JUN,5.71,component,lmprs,
Dec,2006,,Central,32.0,5.73,Producer Milk Components,AMS_3462,3462,Dairy FMMOS,DY-NA,Washington,DC,"Washington, DC",Washington,DC,FMMOS,FMMOS - non-mars,03/30/2021 14:16:00,2006,2006-JUN,5.73,component,lmprs,
Dec,2006,,Northeast,1.0,5.70,Producer Milk Components,AMS_3462,3462,Dairy FMMOS,DY-NA,Washington,DC,"Washington, DC",Washington,DC,FMMOS,FMMOS - non-mars,03/30/2021 14:16:00,2006,2006-JUN,5.71,component,lmprs,
Dec,2006,,Mideast,33.0,5.71,Producer Milk Components,AMS_3462,3462,Dairy FMMOS,DY-NA,Washington,DC,"Washington, DC",Washington,DC,FMMOS,FMMOS - non-mars,03/30/2021 14:16:00,2006,2006-JUN,5.71,component,lmprs,
Dec,2006,,Pacific Northwest,124.0,5.70,Producer Milk Components,AMS_3462,3462,Dairy FMMOS,DY-NA,Washington,DC,"Washington, DC",Washington,DC,FMMOS,FMMOS - non-mars,03/30/2021 14:16:00,2006,2006-JUN,5.68,component,lmprs,
Dec,2006,,Southwest,126.0,5.70,Producer Milk Components,AMS_3462,3462,Dairy FMMOS,DY-NA,Washington,DC,"Washington, DC",Washington,DC,FMMOS,FMMOS - non-mars,03/30/2021 14:16:00,2006,2006-JUN,5.73,component,lmprs,
Dec,2006,,Upper Midwest,30.0,5.72,Producer Milk Components,AMS_3462,3462,Dairy FMMOS,DY-NA,Washington,DC,"Washington, DC",Washington,DC,FMMOS,FMMOS - non-mars,03/30/2021 14:16:00,2006,2006-JUN,5.72,component,lmprs,
Dec,2007,,Upper Midwest,30.0,5.71,Producer Milk Components,AMS_3462,3462,Dairy FMMOS,DY-NA,Washington,DC,"Washington, DC",Washington,DC,FMMOS,FMMOS - non-mars,03/30/2021 14:16:00,2007,2007-JUN,5.72,component,lmprs,
Dec,2007,,Southwest,126.0,5.69,Producer Milk Components,AMS_3462,3462,Dairy FMMOS,DY-NA,Washington,DC,"Washington, DC",Washington,DC,FMMOS,FMMOS - non-mars,03/30/2021 14:16:00,2007,2007-JUN,5.68,component,lmprs,
Dec,2007,,Pacific Northwest,124.0,5.71,Producer Milk Components,AMS_3462,3462,Dairy FMMOS,DY-NA,Washington,DC,"Washington, DC",Washington,DC,FMMOS,FMMOS - non-mars,03/30/2021 14:16:00,2007,2007-JUN,5.73,component,lmprs,
Dec,2007,,Mideast,33.0,5.71,Producer Milk Components,AMS_3462,3462,Dairy FMMOS,DY-NA,Washington,DC,"Washington, DC",Washington,DC,FMMOS,FMMOS - non-mars,03/30/2021 14:16:00,2007,2007-JUN,5.71,component,lmprs,
Dec,2007,,Northeast,1.0,5.71,Producer Milk Components,AMS_3462,3462,Dairy FMMOS,DY-NA,Washington,DC,"Washington, DC",Washington,DC,FMMOS,FMMOS - non-mars,03/30/2021 14:16:00,2007,2007-JUN,5.71,component,lmprs,
Dec,2007,,Central,32.0,5.71,Producer Milk Components,AMS_3462,3462,Dairy FMMOS,DY-NA,Washington,DC,"Washington, DC",Washington,DC,FMMOS,FMMOS - non-mars,03/30/2021 14:16:00,2007,2007-JUN,5.73,component,lmprs,
Dec,2007,,All Markets Combined,,5.71,Producer Milk Components,AMS_3462,3462,Dairy FMMOS,DY-NA,Washington,DC,"Washington, DC",Washington,DC,FMMOS,FMMOS - non-mars,03/30/2021 14:16:00,2007,2007-JUN,5.71,component,lmprs,
Dec,2008,,All Markets Combined,,5.71,Producer Milk Components,AMS_3462,3462,Dairy FMMOS,DY-NA,Washington,DC,"Washington, DC",Washington,DC,FMMOS,FMMOS - non-mars,03/30/2021 14:15:00,2008,2008-JUN,5.72,component,lmprs,
Dec,2008,,Central,32.0,5.72,Producer Milk Components,AMS_3462,3462,Dairy FMMOS,DY-NA,Washington,DC,"Washington, DC",Washington,DC,FMMOS,FMMOS - non-mars,03/30/2021 14:15:00,2008,2008-JUN,5.72,component,lmprs,
Dec,2008,,Northeast,1.0,5.71,Producer Milk Components,AMS_3462,3462,Dairy FMMOS,DY-NA,Washington,DC,"Washington, DC",Washington,DC,FMMOS,FMMOS - non-mars,03/30/2021 14:15:00,2008,2008-JUN,5.71,component,lmprs,
Dec,2008,,Mideast,33.0,5.70,Producer Milk Components,AMS_3462,3462,Dairy FMMOS,DY-NA,Washington,DC,"Washington, DC",Washington,DC,FMMOS,FMMOS - non-mars,03/30/2021 14:15:00,2008,2008-JUN,5.72,component,lmprs,
Dec,2008,,Pacific Northwest,124.0,5.70,Producer Milk Components,AMS_3462,3462,Dairy FMMOS,DY-NA,Washington,DC,"Washington, DC",Washington,DC,FMMOS,FMMOS - non-mars,03/30/2021 14:15:00,2008,2008-JUN,5.71,component,lmprs,
Dec,2008,,Southwest,126.0,5.73,Producer Milk Components,AMS_3462,3462,Dairy FMMOS,DY-NA,Washington,DC,"Washington, DC",Washington,DC,FMMOS,FMMOS - non-mars,03/30/2021 14:15:00,2008,2008-JUN,5.74,component,lmprs,
Dec,2008,,Upper Midwest,30.0,5.71,Producer Milk Components,AMS_3462,3462,Dairy FMMOS,DY-NA,Washington,DC,"Washington, DC",Washington,DC,FMMOS,FMMOS - non-mars,03/30/2021 14:15:00,2008,2008-JUN,5.73,component,lmprs,
Dec,2009,,Upper Midwest,30.0,5.73,Producer Milk Components,AMS_3462,3462,Dairy FMMOS,DY-NA,Washington,DC,"Washington, DC",Washington,DC,FMMOS,FMMOS - non-mars,03/30/2021 14:15:00,2009,2009-JUN,5.75,component,lmprs,
Dec,2009,,Southwest,126.0,5.74,Producer Milk Components,AMS_3462,3462,Dairy FMMOS,DY-NA,Washington,DC,"Washington, DC",Washington,DC,FMMOS,FMMOS - non-mars,03/30/2021 14:15:00,2009,2009-JUN,5.75,component,lmprs,
Dec,2009,,Pacific Northwest,124.0,5.69,Producer Milk Components,AMS_3462,3462,Dairy FMMOS,DY-NA,Washington,DC,"Washington, DC",Washington,DC,FMMOS,FMMOS - non-mars,03/30/2021 14:15:00,2009,2009-JUN,5.70,component,lmprs,
Dec,2009,,Mideast,33.0,5.69,Producer Milk Components,AMS_3462,3462,Dairy FMMOS,DY-NA,Washington,DC,"Washington, DC",Washington,DC,FMMOS,FMMOS - non-mars,03/30/2021 14:15:00,2009,2009-JUN,5.71,component,lmprs,
Dec,2009,,Northeast,1.0,5.69,Producer Milk Components,AMS_3462,3462,Dairy FMMOS,DY-NA,Washington,DC,"Washington, DC",Washington,DC,FMMOS,FMMOS - non-mars,03/30/2021 14:15:00,2009,2009-JUN,5.68,component,lmprs,
Dec,2009,,Central,32.0,5.74,Producer Milk Components,AMS_3462,3462,Dairy FMMOS,DY-NA,Washington,DC,"Washington, DC",Washington,DC,FMMOS,FMMOS - non-mars,03/30/2021 14:15:00,2009,2009-JUN,5.74,component,lmprs,
Dec,2009,,All Markets Combined,,5.71,Producer Milk Components,AMS_3462,3462,Dairy FMMOS,DY-NA,Washington,DC,"Washington, DC",Washington,DC,FMMOS,FMMOS - non-mars,03/30/2021 14:15:00,2009,2009-JUN,5.72,component,lmprs,
Dec,2010,,All Markets Combined,,5.74,Producer Milk Components,AMS_3462,3462,Dairy FMMOS,DY-NA,Washington,DC,"Washington, DC",Washington,DC,FMMOS,FMMOS - non-mars,03/30/2021 14:14:00,2010,2010-JUN,5.75,component,lmprs,
Dec,2010,,Central,32.0,5.74,Producer Milk Components,AMS_3462,3462,Dairy FMMOS,DY-NA,Washington,DC,"Washington, DC",Washington,DC,FMMOS,FMMOS - non-mars,03/30/2021 14:14:00,2010,2010-JUN,5.75,component,lmprs,
Dec,2010,,Northeast,1.0,5.72,Producer Milk Components,AMS_3462,3462,Dairy FMMOS,DY-NA,Washington,DC,"Washington, DC",Washington,DC,FMMOS,FMMOS - non-mars,03/30/2021 14:14:00,2010,2010-JUN,5.73,component,lmprs,
Dec,2010,,Mideast,33.0,5.71,Producer Milk Components,AMS_3462,3462,Dairy FMMOS,DY-NA,Washington,DC,"Washington, DC",Washington,DC,FMMOS,FMMOS - non-mars,03/30/2021 14:14:00,2010,2010-JUN,5.72,component,lmprs,
Dec,2010,,Pacific Northwest,124.0,5.71,Producer Milk Components,AMS_3462,3462,Dairy FMMOS,DY-NA,Washington,DC,"Washington, DC",Washington,DC,FMMOS,FMMOS - non-mars,03/30/2021 14:14:00,2010,2010-JUN,5.72,component,lmprs,
Dec,2010,,Southwest,126.0,5.76,Producer Milk Components,AMS_3462,3462,Dairy FMMOS,DY-NA,Washington,DC,"Washington, DC",Washington,DC,FMMOS,FMMOS - non-mars,03/30/2021 14:14:00,2010,2010-JUN,5.76,component,lmprs,
Dec,2010,,Upper Midwest,30.0,5.76,Producer Milk Components,AMS_3462,3462,Dairy FMMOS,DY-NA,Washington,DC,"Washington, DC",Washington,DC,FMMOS,FMMOS - non-mars,03/30/2021 14:14:00,2010,2010-JUN,5.78,component,lmprs,
Dec,2011,,Southwest,126.0,5.75,Producer Milk Components,AMS_3462,3462,Dairy FMMOS,DY-NA,Washington,DC,"Washington, DC",Washington,DC,FMMOS,FMMOS - non-mars,03/30/2021 14:14:00,2011,2011-JUN,5.74,component,lmprs,
Dec,2011,,Upper Midwest,30.0,5.74,Producer Milk Components,AMS_3462,3462,Dairy FMMOS,DY-NA,Washington,DC,"Washington, DC",Washington,DC,FMMOS,FMMOS - non-mars,03/30/2021 14:14:00,2011,2011-JUN,5.76,component,lmprs,
Dec,2011,,Pacific Northwest,124.0,5.73,Producer Milk Components,AMS_3462,3462,Dairy FMMOS,DY-NA,Washington,DC,"Washington, DC",Washington,DC,FMMOS,FMMOS - non-mars,03/30/2021 14:14:00,2011,2011-JUN,5.75,component,lmprs,
Dec,2011,,Northeast,1.0,5.73,Producer Milk Components,AMS_3462,3462,Dairy FMMOS,DY-NA,Washington,DC,"Washington, DC",Washington,DC,FMMOS,FMMOS - non-mars,03/30/2021 14:14:00,2011,2011-JUN,5.73,component,lmprs,
Dec,2011,,Central,32.0,5.73,Producer Milk Components,AMS_3462,3462,Dairy FMMOS,DY-NA,Washington,DC,"Washington, DC",Washington,DC,FMMOS,FMMOS - non-mars,03/30/2021 14:14:00,2011,2011-JUN,5.74,component,lmprs,
Dec,2011,,Mideast,33.0,5.71,Producer Milk Components,AMS_3462,3462,Dairy FMMOS,DY-NA,Washington,DC,"Washington, DC",Washington,DC,FMMOS,FMMOS - non-mars,03/30/2021 14:14:00,2011,2011-JUN,5.73,component,lmprs,
Dec,2011,,All Markets Combined,,5.73,Producer Milk Components,AMS_3462,3462,Dairy FMMOS,DY-NA,Washington,DC,"Washington, DC",Washington,DC,FMMOS,FMMOS - non-mars,03/30/2021 14:14:00,2011,2011-JUN,5.74,component,lmprs,
Dec,2012,,All Markets Combined,,5.75,Producer Milk Components,AMS_3462,3462,Dairy FMMOS,DY-NA,Washington,DC,"Washington, DC",Washington,DC,FMMOS,FMMOS - non-mars,03/30/2021 14:13:00,2012,2012-JUN,5.76,component,lmprs,
Dec,2012,,Mideast,33.0,5.74,Producer Milk Components,AMS_3462,3462,Dairy FMMOS,DY-NA,Washington,DC,"Washington, DC",Washington,DC,FMMOS,FMMOS - non-mars,03/30/2021 14:13:00,2012,2012-JUN,5.75,component,lmprs,
Dec,2012,,Central,32.0,5.75,Producer Milk Components,AMS_3462,3462,Dairy FMMOS,DY-NA,Washington,DC,"Washington, DC",Washington,DC,FMMOS,FMMOS - non-mars,03/30/2021 14:13:00,2012,2012-JUN,5.76,component,lmprs,
Dec,2012,,Northeast,1.0,5.75,Producer Milk Components,AMS_3462,3462,Dairy FMMOS,DY-NA,Washington,DC,"Washington, DC",Washington,DC,FMMOS,FMMOS - non-mars,03/30/2021 14:13:00,2012,2012-JUN,5.77,component,lmprs,
Dec,2012,,Pacific Northwest,124.0,5.74,Producer Milk Components,AMS_3462,3462,Dairy FMMOS,DY-NA,Washington,DC,"Washington, DC",Washington,DC,FMMOS,FMMOS - non-mars,03/30/2021 14:13:00,2012,2012-JUN,5.73,component,lmprs,
Dec,2012,,Upper Midwest,30.0,5.75,Producer Milk Components,AMS_3462,3462,Dairy FMMOS,DY-NA,Washington,DC,"Washington, DC",Washington,DC,FMMOS,FMMOS - non-mars,03/30/2021 14:13:00,2012,2012-JUN,5.76,component,lmprs,
Dec,2012,,Southwest,126.0,5.77,Producer Milk Components,AMS_3462,3462,Dairy FMMOS,DY-NA,Washington,DC,"Washington, DC",Washington,DC,FMMOS,FMMOS - non-mars,03/30/2021 14:13:00,2012,2012-JUN,5.77,component,lmprs,
Dec,2013,,Southwest,126.0,5.77,Producer Milk Components,AMS_3462,3462,Dairy FMMOS,DY-NA,Washington,DC,"Washington, DC",Washington,DC,FMMOS,FMMOS - non-mars,03/30/2021 14:13:00,2013,2013-JUN,5.78,component,lmprs,
Dec,2013,,Upper Midwest,30.0,5.74,Producer Milk Components,AMS_3462,3462,Dairy FMMOS,DY-NA,Washington,DC,"Washington, DC",Washington,DC,FMMOS,FMMOS - non-mars,03/30/2021 14:13:00,2013,2013-JUN,5.76,component,lmprs,
Dec,2013,,Pacific Northwest,124.0,5.73,Producer Milk Components,AMS_3462,3462,Dairy FMMOS,DY-NA,Washington,DC,"Washington, DC",Washington,DC,FMMOS,FMMOS - non-mars,03/30/2021 14:13:00,2013,2013-JUN,5.75,component,lmprs,
Dec,2013,,Northeast,1.0,5.73,Producer Milk Components,AMS_3462,3462,Dairy FMMOS,DY-NA,Washington,DC,"Washington, DC",Washington,DC,FMMOS,FMMOS - non-mars,03/30/2021 14:13:00,2013,2013-JUN,5.74,component,lmprs,
Dec,2013,,Central,32.0,5.75,Producer Milk Components,AMS_3462,3462,Dairy FMMOS,DY-NA,Washington,DC,"Washington, DC",Washington,DC,FMMOS,FMMOS - non-mars,03/30/2021 14:13:00,2013,2013-JUN,5.76,component,lmprs,
Dec,2013,,Mideast,33.0,5.74,Producer Milk Components,AMS_3462,3462,Dairy FMMOS,DY-NA,Washington,DC,"Washington, DC",Washington,DC,FMMOS,FMMOS - non-mars,03/30/2021 14:13:00,2013,2013-JUN,5.75,component,lmprs,
Dec,2013,,All Markets Combined,,5.74,Producer Milk Components,AMS_3462,3462,Dairy FMMOS,DY-NA,Washington,DC,"Washington, DC",Washington,DC,FMMOS,FMMOS - non-mars,03/30/2021 14:13:00,2013,2013-JUN,5.75,component,lmprs,
Dec,2014,,All Markets Combined,,5.74,Producer Milk Components,AMS_3462,3462,Dairy FMMOS,DY-NA,Washington,DC,"Washington, DC",Washington,DC,FMMOS,FMMOS - non-mars,03/30/2021 14:13:00,2014,2014-JUN,5.75,component,lmprs,
Dec,2014,,Mideast,33.0,5.72,Producer Milk Components,AMS_3462,3462,Dairy FMMOS,DY-NA,Washington,DC,"Washington, DC",Washington,DC,FMMOS,FMMOS - non-mars,03/30/2021 14:13:00,2014,2014-JUN,5.73,component,lmprs,
Dec,2014,,Central,32.0,5.74,Producer Milk Components,AMS_3462,3462,Dairy FMMOS,DY-NA,Washington,DC,"Washington, DC",Washington,DC,FMMOS,FMMOS - non-mars,03/30/2021 14:13:00,2014,2014-JUN,5.76,component,lmprs,
Dec,2014,,Northeast,1.0,5.73,Producer Milk Components,AMS_3462,3462,Dairy FMMOS,DY-NA,Washington,DC,"Washington, DC",Washington,DC,FMMOS,FMMOS - non-mars,03/30/2021 14:13:00,2014,2014-JUN,5.74,component,lmprs,
Dec,2014,,Pacific Northwest,124.0,5.72,Producer Milk Components,AMS_3462,3462,Dairy FMMOS,DY-NA,Washington,DC,"Washington, DC",Washington,DC,FMMOS,FMMOS - non-mars,03/30/2021 14:13:00,2014,2014-JUN,5.73,component,lmprs,
Dec,2014,,Upper Midwest,30.0,5.73,Producer Milk Components,AMS_3462,3462,Dairy FMMOS,DY-NA,Washington,DC,"Washington, DC",Washington,DC,FMMOS,FMMOS - non-mars,03/30/2021 14:13:00,2014,2014-JUN,5.76,component,lmprs,
Dec,2014,,Southwest,126.0,5.76,Producer Milk Components,AMS_3462,3462,Dairy FMMOS,DY-NA,Washington,DC,"Washington, DC",Washington,DC,FMMOS,FMMOS - non-mars,03/30/2021 14:13:00,2014,2014-JUN,5.79,component,lmprs,
Dec,2015,,Southwest,126.0,5.74,Producer Milk Components,AMS_3462,3462,Dairy FMMOS,DY-NA,Washington,DC,"Washington, DC",Washington,DC,FMMOS,FMMOS - non-mars,03/30/2021 14:12:00,2015,2015-JUN,5.73,component,lmprs,
Dec,2015,,Upper Midwest,30.0,5.74,Producer Milk Components,AMS_3462,3462,Dairy FMMOS,DY-NA,Washington,DC,"Washington, DC",Washington,DC,FMMOS,FMMOS - non-mars,03/30/2021 14:12:00,2015,2015-JUN,5.75,component,lmprs,
Dec,2015,,Pacific Northwest,124.0,5.73,Producer Milk Components,AMS_3462,3462,Dairy FMMOS,DY-NA,Washington,DC,"Washington, DC",Washington,DC,FMMOS,FMMOS - non-mars,03/30/2021 14:12:00,2015,2015-JUN,5.76,component,lmprs,
Dec,2015,,Northeast,1.0,5.75,Producer Milk Components,AMS_3462,3462,Dairy FMMOS,DY-NA,Washington,DC,"Washington, DC",Washington,DC,FMMOS,FMMOS - non-mars,03/30/2021 14:12:00,2015,2015-JUN,5.76,component,lmprs,
Dec,2015,,Central,32.0,5.76,Producer Milk Components,AMS_3462,3462,Dairy FMMOS,DY-NA,Washington,DC,"Washington, DC",Washington,DC,FMMOS,FMMOS - non-mars,03/30/2021 14:12:00,2015,2015-JUN,5.78,component,lmprs,
Dec,2015,,Mideast,33.0,5.74,Producer Milk Components,AMS_3462,3462,Dairy FMMOS,DY-NA,Washington,DC,"Washington, DC",Washington,DC,FMMOS,FMMOS - non-mars,03/30/2021 14:12:00,2015,2015-JUN,5.76,component,lmprs,
Dec,2015,,All Markets Combined,,5.74,Producer Milk Components,AMS_3462,3462,Dairy FMMOS,DY-NA,Washington,DC,"Washington, DC",Washington,DC,FMMOS,FMMOS - non-mars,03/30/2021 14:12:00,2015,2015-JUN,5.76,component,lmprs,
Dec,2016,,All Markets Combined,,5.75,Producer Milk Components,AMS_3462,3462,Dairy FMMOS,DY-NA,Washington,DC,"Washington, DC",Washington,DC,FMMOS,FMMOS - non-mars,03/30/2021 14:12:00,2016,2016-JUN,5.81,component,lmprs,
Dec,2016,,Mideast,33.0,5.78,Producer Milk Components,AMS_3462,3462,Dairy FMMOS,DY-NA,Washington,DC,"Washington, DC",Washington,DC,FMMOS,FMMOS - non-mars,03/30/2021 14:12:00,2016,2016-JUN,6.05,component,lmprs,
Dec,2016,,Central,32.0,5.76,Producer Milk Components,AMS_3462,3462,Dairy FMMOS,DY-NA,Washington,DC,"Washington, DC",Washington,DC,FMMOS,FMMOS - non-mars,03/30/2021 14:12:00,2016,2016-JUN,5.78,component,lmprs,
Dec,2016,,Northeast,1.0,5.74,Producer Milk Components,AMS_3462,3462,Dairy FMMOS,DY-NA,Washington,DC,"Washington, DC",Washington,DC,FMMOS,FMMOS - non-mars,03/30/2021 14:12:00,2016,2016-JUN,5.76,component,lmprs,
Dec,2016,,Pacific Northwest,124.0,5.73,Producer Milk Components,AMS_3462,3462,Dairy FMMOS,DY-NA,Washington,DC,"Washington, DC",Washington,DC,FMMOS,FMMOS - non-mars,03/30/2021 14:12:00,2016,2016-JUN,5.74,component,lmprs,
Dec,2016,,Upper Midwest,30.0,5.74,Producer Milk Components,AMS_3462,3462,Dairy FMMOS,DY-NA,Washington,DC,"Washington, DC",Washington,DC,FMMOS,FMMOS - non-mars,03/30/2021 14:12:00,2016,2016-JUN,5.77,component,lmprs,
Dec,2016,,Southwest,126.0,5.74,Producer Milk Components,AMS_3462,3462,Dairy FMMOS,DY-NA,Washington,DC,"Washington, DC",Washington,DC,FMMOS,FMMOS - non-mars,03/30/2021 14:12:00,2016,2016-JUN,5.76,component,lmprs,
Dec,2017,,Southwest,126.0,5.74,Producer Milk Components,AMS_3462,3462,Dairy FMMOS,DY-NA,Washington,DC,"Washington, DC",Washington,DC,FMMOS,FMMOS - non-mars,03/30/2021 14:11:00,2017,2017-JUN,5.78,component,lmprs,
Dec,2017,,Upper Midwest,30.0,5.76,Producer Milk Components,AMS_3462,3462,Dairy FMMOS,DY-NA,Washington,DC,"Washington, DC",Washington,DC,FMMOS,FMMOS - non-mars,03/30/2021 14:11:00,2017,2017-JUN,5.77,component,lmprs,
Dec,2017,,Pacific Northwest,124.0,5.74,Producer Milk Components,AMS_3462,3462,Dairy FMMOS,DY-NA,Washington,DC,"Washington, DC",Washington,DC,FMMOS,FMMOS - non-mars,03/30/2021 14:11:00,2017,2017-JUN,5.75,component,lmprs,
Dec,2017,,Northeast,1.0,5.75,Producer Milk Components,AMS_3462,3462,Dairy FMMOS,DY-NA,Washington,DC,"Washington, DC",Washington,DC,FMMOS,FMMOS - non-mars,03/30/2021 14:11:00,2017,2017-JUN,5.74,component,lmprs,
Dec,2017,,Central,32.0,5.75,Producer Milk Components,AMS_3462,3462,Dairy FMMOS,DY-NA,Washington,DC,"Washington, DC",Washington,DC,FMMOS,FMMOS - non-mars,03/30/2021 14:11:00,2017,2017-JUN,5.77,component,lmprs,
Dec,2017,,Mideast,33.0,5.75,Producer Milk Components,AMS_3462,3462,Dairy FMMOS,DY-NA,Washington,DC,"Washington, DC",Washington,DC,FMMOS,FMMOS - non-mars,03/30/2021 14:11:00,2017,2017-JUN,5.75,component,lmprs,
Dec,2017,,All Markets Combined,,5.75,Producer Milk Components,AMS_3462,3462,Dairy FMMOS,DY-NA,Washington,DC,"Washington, DC",Washington,DC,FMMOS,FMMOS - non-mars,03/30/2021 14:11:00,2017,2017-JUN,5.76,component,lmprs,
Dec,2018,,All Markets Combined,,5.76,Producer Milk Components,AMS_3462,3462,Dairy FMMOS,DY-NA,Washington,DC,"Washington, DC",Washington,DC,FMMOS,FMMOS - non-mars,03/30/2021 14:09:00,2018,2018-JUN,5.78,component,lmprs,
Dec,2018,,California,51.0,5.73,Producer Milk Components,AMS_3462,3462,Dairy FMMOS,DY-NA,Washington,DC,"Washington, DC",Washington,DC,FMMOS,FMMOS - non-mars,03/30/2021 14:09:00,2018,2018-JUN,,component,lmprs,
Dec,2018,,Mideast,33.0,5.77,Producer Milk Components,AMS_3462,3462,Dairy FMMOS,DY-NA,Washington,DC,"Washington, DC",Washington,DC,FMMOS,FMMOS - non-mars,03/30/2021 14:09:00,2018,2018-JUN,5.78,component,lmprs,
Dec,2018,,Central,32.0,5.77,Producer Milk Components,AMS_3462,3462,Dairy FMMOS,DY-NA,Washington,DC,"Washington, DC",Washington,DC,FMMOS,FMMOS - non-mars,03/30/2021 14:09:00,2018,2018-JUN,5.78,component,lmprs,
Dec,2018,,Northeast,1.0,5.75,Producer Milk Components,AMS_3462,3462,Dairy FMMOS,DY-NA,Washington,DC,"Washington, DC",Washington,DC,FMMOS,FMMOS - non-mars,03/30/2021 14:09:00,2018,2018-JUN,5.77,component,lmprs,
Dec,2018,,Pacific Northwest,124.0,5.75,Producer Milk Components,AMS_3462,3462,Dairy FMMOS,DY-NA,Washington,DC,"Washington, DC",Washington,DC,FMMOS,FMMOS - non-mars,03/30/2021 14:09:00,2018,2018-JUN,5.76,component,lmprs,
Dec,2018,,Upper Midwest,30.0,5.77,Producer Milk Components,AMS_3462,3462,Dairy FMMOS,DY-NA,Washington,DC,"Washington, DC",Washington,DC,FMMOS,FMMOS - non-mars,03/30/2021 14:09:00,2018,2018-JUN,5.79,component,lmprs,
Dec,2018,,Southwest,126.0,5.76,Producer Milk Components,AMS_3462,3462,Dairy FMMOS,DY-NA,Washington,DC,"Washington, DC",Washington,DC,FMMOS,FMMOS - non-mars,03/30/2021 14:09:00,2018,2018-JUN,5.78,component,lmprs,
Dec,2019,,Upper Midwest,30.0,5.77,Producer Milk Components,AMS_3462,3462,Dairy FMMOS,DY-NA,Washington,DC,"Washington, DC",Washington,DC,FMMOS,FMMOS - non-mars,03/30/2021 14:09:00,2019,2019-JUN,5.80,component,lmprs,
Dec,2019,,Pacific Northwest,124.0,5.76,Producer Milk Components,AMS_3462,3462,Dairy FMMOS,DY-NA,Washington,DC,"Washington, DC",Washington,DC,FMMOS,FMMOS - non-mars,03/30/2021 14:09:00,2019,2019-JUN,5.78,component,lmprs,
Dec,2019,,Southwest,126.0,5.77,Producer Milk Components,AMS_3462,3462,Dairy FMMOS,DY-NA,Washington,DC,"Washington, DC",Washington,DC,FMMOS,FMMOS - non-mars,03/30/2021 14:09:00,2019,2019-JUN,5.80,component,lmprs,
Dec,2019,,Northeast,1.0,5.75,Producer Milk Components,AMS_3462,3462,Dairy FMMOS,DY-NA,Washington,DC,"Washington, DC",Washington,DC,FMMOS,FMMOS - non-mars,03/30/2021 14:09:00,2019,2019-JUN,5.78,component,lmprs,
Dec,2019,,Mideast,33.0,5.76,Producer Milk Components,AMS_3462,3462,Dairy FMMOS,DY-NA,Washington,DC,"Washington, DC",Washington,DC,FMMOS,FMMOS - non-mars,03/30/2021 14:09:00,2019,2019-JUN,5.79,component,lmprs,
Dec,2019,,California,51.0,5.75,Producer Milk Components,AMS_3462,3462,Dairy FMMOS,DY-NA,Washington,DC,"Washington, DC",Washington,DC,FMMOS,FMMOS - non-mars,03/30/2021 14:09:00,2019,2019-JUN,5.77,component,lmprs,
Dec,2019,,Central,32.0,5.78,Producer Milk Components,AMS_3462,3462,Dairy FMMOS,DY-NA,Washington,DC,"Washington, DC",Washington,DC,FMMOS,FMMOS - non-mars,03/30/2021 14:09:00,2019,2019-JUN,5.81,component,lmprs,
Dec,2019,,All Markets Combined,,5.76,Producer Milk Components,AMS_3462,3462,Dairy FMMOS,DY-NA,Washington,DC,"Washington, DC",Washington,DC,FMMOS,FMMOS - non-mars,03/30/2021 14:09:00,2019,2019-JUN,5.79,component,lmprs,
Dec,2020,,All Markets Combined,,5.77,Producer Milk Components,AMS_3462,3462,Dairy FMMOS,DY-NA,Washington,DC,"Washington, DC",Washington,DC,FMMOS,FMMOS - non-mars,02/23/2021 09:39:00,2020,2020-JUN,5.79,component,lmprs,
Dec,2020,,Central,32.0,5.79,Producer Milk Components,AMS_3462,3462,Dairy FMMOS,DY-NA,Washington,DC,"Washington, DC",Washington,DC,FMMOS,FMMOS - non-mars,02/23/2021 09:39:00,2020,2020-JUN,5.81,component,lmprs,
Dec,2020,,California,51.0,5.75,Producer Milk Components,AMS_3462,3462,Dairy FMMOS,DY-NA,Washington,DC,"Washington, DC",Washington,DC,FMMOS,FMMOS - non-mars,02/23/2021 09:39:00,2020,2020-JUN,5.78,component,lmprs,
Dec,2020,,Mideast,33.0,5.78,Producer Milk Components,AMS_3462,3462,Dairy FMMOS,DY-NA,Washington,DC,"Washington, DC",Washington,DC,FMMOS,FMMOS - non-mars,02/23/2021 09:39:00,2020,2020-JUN,5.78,component,lmprs,
Dec,2020,,Northeast,1.0,5.77,Producer Milk Components,AMS_3462,3462,Dairy FMMOS,DY-NA,Washington,DC,"Washington, DC",Washington,DC,FMMOS,FMMOS - non-mars,02/23/2021 09:39:00,2020,2020-JUN,5.78,component,lmprs,
Dec,2020,,Southwest,126.0,5.78,Producer Milk Components,AMS_3462,3462,Dairy FMMOS,DY-NA,Washington,DC,"Washington, DC",Washington,DC,FMMOS,FMMOS - non-mars,02/23/2021 09:39:00,2020,2020-JUN,5.80,component,lmprs,
Dec,2020,,Pacific Northwest,124.0,5.77,Producer Milk Components,AMS_3462,3462,Dairy FMMOS,DY-NA,Washington,DC,"Washington, DC",Washington,DC,FMMOS,FMMOS - non-mars,02/23/2021 09:39:00,2020,2020-JUN,5.80,component,lmprs,
Dec,2020,,Upper Midwest,30.0,5.77,Producer Milk Components,AMS_3462,3462,Dairy FMMOS,DY-NA,Washington,DC,"Washington, DC",Washington,DC,FMMOS,FMMOS - non-mars,02/23/2021 09:39:00,2020,2020-JUN,5.79,component,lmprs,
Dec,2021,,Southwest,126.0,5.78,Producer Milk Components,AMS_3462,3462,Dairy FMMOS,DY-NA,Washington,DC,"Washington, DC",Washington,DC,FMMOS,FMMOS - non-mars,01/31/2022 07:17:00,2021,2021-JUN,5.80,component,lmprs,
Dec,2021,,Upper Midwest,30.0,5.80,Producer Milk Components,AMS_3462,3462,Dairy FMMOS,DY-NA,Washington,DC,"Washington, DC",Washington,DC,FMMOS,FMMOS - non-mars,01/31/2022 07:17:00,2021,2021-JUN,5.79,component,lmprs,
Dec,2021,,Northeast,1.0,5.77,Producer Milk Components,AMS_3462,3462,Dairy FMMOS,DY-NA,Washington,DC,"Washington, DC",Washington,DC,FMMOS,FMMOS - non-mars,01/31/2022 07:17:00,2021,2021-JUN,5.77,component,lmprs,
Dec,2021,,Pacific Northwest,124.0,5.77,Producer Milk Components,AMS_3462,3462,Dairy FMMOS,DY-NA,Washington,DC,"Washington, DC",Washington,DC,FMMOS,FMMOS - non-mars,01/31/2022 07:17:00,2021,2021-JUN,5.79,component,lmprs,
Dec,2021,,Mideast,33.0,5.77,Producer Milk Components,AMS_3462,3462,Dairy FMMOS,DY-NA,Washington,DC,"Washington, DC",Washington,DC,FMMOS,FMMOS - non-mars,01/31/2022 07:17:00,2021,2021-JUN,5.79,component,lmprs,
Dec,2021,,Central,32.0,5.78,Producer Milk Components,AMS_3462,3462,Dairy FMMOS,DY-NA,Washington,DC,"Washington, DC",Washington,DC,FMMOS,FMMOS - non-mars,01/31/2022 07:17:00,2021,2021-JUN,5.80,component,lmprs,
Dec,2021,,California,51.0,5.75,Producer Milk Components,AMS_3462,3462,Dairy FMMOS,DY-NA,Washington,DC,"Washington, DC",Washington,DC,FMMOS,FMMOS - non-mars,01/31/2022 07:17:00,2021,2021-JUN,5.76,component,lmprs,
Dec,2021,,All Markets Combined,,5.77,Producer Milk Components,AMS_3462,3462,Dairy FMMOS,DY-NA,Washington,DC,"Washington, DC",Washington,DC,FMMOS,FMMOS - non-mars,01/31/2022 07:17:00,2021,2021-JUN,5.78,component,lmprs,
Dec,2022,,All Markets Combined,,5.78,Producer Milk Components,AMS_3462,3462,Dairy FMMOS,DY-NA,Washington,DC,"Washington, DC",Washington,DC,FMMOS,FMMOS - non-mars,01/30/2023 07:36:00,2022,2022-JUN,5.80,component,lmprs,
Dec,2022,,California,51.0,5.75,Producer Milk Components,AMS_3462,3462,Dairy FMMOS,DY-NA,Washington,DC,"Washington, DC",Washington,DC,FMMOS,FMMOS - non-mars,01/30/2023 07:36:00,2022,2022-JUN,5.77,component,lmprs,
Dec,2022,,Central,32.0,5.79,Producer Milk Components,AMS_3462,3462,Dairy FMMOS,DY-NA,Washington,DC,"Washington, DC",Washington,DC,FMMOS,FMMOS - non-mars,01/30/2023 07:36:00,2022,2022-JUN,5.81,component,lmprs,
Dec,2022,,Mideast,33.0,5.78,Producer Milk Components,AMS_3462,3462,Dairy FMMOS,DY-NA,Washington,DC,"Washington, DC",Washington,DC,FMMOS,FMMOS - non-mars,01/30/2023 07:36:00,2022,2022-JUN,5.79,component,lmprs,
Dec,2022,,Pacific Northwest,124.0,5.78,Producer Milk Components,AMS_3462,3462,Dairy FMMOS,DY-NA,Washington,DC,"Washington, DC",Washington,DC,FMMOS,FMMOS - non-mars,01/30/2023 07:36:00,2022,2022-JUN,5.80,component,lmprs,
Dec,2022,,Northeast,1.0,5.78,Producer Milk Components,AMS_3462,3462,Dairy FMMOS,DY-NA,Washington,DC,"Washington, DC",Washington,DC,FMMOS,FMMOS - non-mars,01/30/2023 07:36:00,2022,2022-JUN,5.79,component,lmprs,
Dec,2022,,Upper Midwest,30.0,5.79,Producer Milk Components,AMS_3462,3462,Dairy FMMOS,DY-NA,Washington,DC,"Washington, DC",Washington,DC,FMMOS,FMMOS - non-mars,01/30/2023 07:36:00,2022,2022-JUN,5.80,component,lmprs,
Dec,2022,,Southwest,126.0,5.79,Producer Milk Components,AMS_3462,3462,Dairy FMMOS,DY-NA,Washington,DC,"Washington, DC",Washington,DC,FMMOS,FMMOS - non-mars,01/30/2023 07:36:00,2022,2022-JUN,5.81,component,lmprs,
Dec,2023,,Southwest,126.0,5.79,Producer Milk Components,AMS_3462,3462,Dairy FMMOS,DY-NA,Washington,DC,"Washington, DC",Washington,DC,FMMOS,FMMOS - non-mars,01/30/2024 09:42:00,2023,2023-JUN,5.81,component,lmprs,
Dec,2023,,Upper Midwest,30.0,5.78,Producer Milk Components,AMS_3462,3462,Dairy FMMOS,DY-NA,Washington,DC,"Washington, DC",Washington,DC,FMMOS,FMMOS - non-mars,01/30/2024 09:42:00,2023,2023-JUN,5.80,component,lmprs,
Dec,2023,,Northeast,1.0,5.77,Producer Milk Components,AMS_3462,3462,Dairy FMMOS,DY-NA,Washington,DC,"Washington, DC",Washington,DC,FMMOS,FMMOS - non-mars,01/30/2024 09:42:00,2023,2023-JUN,5.79,component,lmprs,
Dec,2023,,Pacific Northwest,124.0,5.78,Producer Milk Components,AMS_3462,3462,Dairy FMMOS,DY-NA,Washington,DC,"Washington, DC",Washington,DC,FMMOS,FMMOS - non-mars,01/30/2024 09:42:00,2023,2023-JUN,5.80,component,lmprs,
Dec,2023,,Mideast,33.0,5.79,Producer Milk Components,AMS_3462,3462,Dairy FMMOS,DY-NA,Washington,DC,"Washington, DC",Washington,DC,FMMOS,FMMOS - non-mars,01/30/2024 09:42:00,2023,2023-JUN,5.80,component,lmprs,
Dec,2023,,Central,32.0,5.79,Producer Milk Components,AMS_3462,3462,Dairy FMMOS,DY-NA,Washington,DC,"Washington, DC",Washington,DC,FMMOS,FMMOS - non-mars,01/30/2024 09:42:00,2023,2023-JUN,5.81,component,lmprs,
Dec,2023,,California,51.0,5.75,Producer Milk Components,AMS_3462,3462,Dairy FMMOS,DY-NA,Washington,DC,"Washington, DC",Washington,DC,FMMOS,FMMOS - non-mars,01/30/2024 09:42:00,2023,2023-JUN,5.76,component,lmprs,
Dec,2023,,All Markets Combined,,5.78,Producer Milk Components,AMS_3462,3462,Dairy FMMOS,DY-NA,Washington,DC,"Washington, DC",Washington,DC,FMMOS,FMMOS - non-mars,01/30/2024 09:42:00,2023,2023-JUN,5.79,component,lmprs,
Dec,2024,,All Markets Combined,,5.78,Producer Milk Components,AMS_3462,3462,Dairy FMMOS,DY-NA,Washington,DC,"Washington, DC",Washington,DC,FMMOS,FMMOS - non-mars,01/23/2025 09:07:00,2024,2024-JUN,5.79,component,lmprs,
Dec,2024,,California,51.0,5.77,Producer Milk Components,AMS_3462,3462,Dairy FMMOS,DY-NA,Washington,DC,"Washington, DC",Washington,DC,FMMOS,FMMOS - non-mars,01/23/2025 09:07:00,2024,2024-JUN,5.79,component,lmprs,
Dec,2024,,Central,32.0,5.80,Producer Milk Components,AMS_3462,3462,Dairy FMMOS,DY-NA,Washington,DC,"Washington, DC",Washington,DC,FMMOS,FMMOS - non-mars,01/23/2025 09:07:00,2024,2024-JUN,5.82,component,lmprs,
Dec,2024,,Mideast,33.0,5.77,Producer Milk Components,AMS_3462,3462,Dairy FMMOS,DY-NA,Washington,DC,"Washington, DC",Washington,DC,FMMOS,FMMOS - non-mars,01/23/2025 09:07:00,2024,2024-JUN,5.78,component,lmprs,
Dec,2024,,Pacific Northwest,124.0,5.78,Producer Milk Components,AMS_3462,3462,Dairy FMMOS,DY-NA,Washington,DC,"Washington, DC",Washington,DC,FMMOS,FMMOS - non-mars,01/23/2025 09:07:00,2024,2024-JUN,5.79,component,lmprs,
Dec,2024,,Northeast,1.0,5.78,Producer Milk Components,AMS_3462,3462,Dairy FMMOS,DY-NA,Washington,DC,"Washington, DC",Washington,DC,FMMOS,FMMOS - non-mars,01/23/2025 09:07:00,2024,2024-JUN,5.78,component,lmprs,
Dec,2024,,Upper Midwest,30.0,5.79,Producer Milk Components,AMS_3462,3462,Dairy FMMOS,DY-NA,Washington,DC,"Washington, DC",Washington,DC,FMMOS,FMMOS - non-mars,01/23/2025 09:07:00,2024,2024-JUN,5.80,component,lmprs,
Dec,2024,,Southwest,126.0,5.80,Producer Milk Components,AMS_3462,3462,Dairy FMMOS,DY-NA,Washington,DC,"Washington, DC",Washington,DC,FMMOS,FMMOS - non-mars,01/23/2025 09:07:00,2024,2024-JUN,5.82,component,lmprs,
Dec,2025,,Southwest,126.0,5.78,Producer Milk Components,AMS_3462,3462,Dairy FMMOS,DY-NA,Washington,DC,"Washington, DC",Washington,DC,FMMOS,FMMOS - non-mars,01/21/2026 11:39:00,2025,2025-JUN,5.79,component,lmprs,
Dec,2025,,Upper Midwest,30.0,5.79,Producer Milk Components,AMS_3462,3462,Dairy FMMOS,DY-NA,Washington,DC,"Washington, DC",Washington,DC,FMMOS,FMMOS - non-mars,01/21/2026 11:39:00,2025,2025-JUN,5.79,component,lmprs,
Dec,2025,,Northeast,1.0,5.78,Producer Milk Components,AMS_3462,3462,Dairy FMMOS,DY-NA,Washington,DC,"Washington, DC",Washington,DC,FMMOS,FMMOS - non-mars,01/21/2026 11:39:00,2025,2025-JUN,5.79,component,lmprs,
Dec,2025,,Pacific Northwest,124.0,5.78,Producer Milk Components,AMS_3462,3462,Dairy FMMOS,DY-NA,Washington,DC,"Washington, DC",Washington,DC,FMMOS,FMMOS - non-mars,01/21/2026 11:39:00,2025,2025-JUN,5.80,component,lmprs,
Dec,2025,,Mideast,33.0,5.78,Producer Milk Components,AMS_3462,3462,Dairy FMMOS,DY-NA,Washington,DC,"Washington, DC",Washington,DC,FMMOS,FMMOS - non-mars,01/21/2026 11:39:00,2025,2025-JUN,5.79,component,lmprs,
Dec,2025,,Central,32.0,5.80,Producer Milk Components,AMS_3462,3462,Dairy FMMOS,DY-NA,Washington,DC,"Washington, DC",Washington,DC,FMMOS,FMMOS - non-mars,01/21/2026 11:39:00,2025,2025-JUN,5.80,component,lmprs,
Dec,2025,,California,51.0,5.78,Producer Milk Components,AMS_3462,3462,Dairy FMMOS,DY-NA,Washington,DC,"Washington, DC",Washington,DC,FMMOS,FMMOS - non-mars,01/21/2026 11:39:00,2025,2025-JUN,5.79,component,lmprs,
Dec,2025,,All Markets Combined,,5.78,Producer Milk Components,AMS_3462,3462,Dairy FMMOS,DY-NA,Washington,DC,"Washington, DC",Washington,DC,FMMOS,FMMOS - non-mars,01/21/2026 11:39:00,2025,2025-JUN,5.79,component,lmprs,
Mar,2026,,All Markets Combined,,5.77,Producer Milk Components,AMS_3462,3462,Dairy FMMOS,DY-NA,Washington,DC,"Washington, DC",Washington,DC,FMMOS,FMMOS - non-mars,04/21/2026 05:48:00,2026,2026-JUN,,component,lmprs,
Mar,2026,,California,51.0,5.76,Producer Milk Components,AMS_3462,3462,Dairy FMMOS,DY-NA,Washington,DC,"Washington, DC",Washington,DC,FMMOS,FMMOS - non-mars,04/21/2026 05:48:00,2026,2026-JUN,,component,lmprs,
Mar,2026,,Central,32.0,5.79,Producer Milk Components,AMS_3462,3462,Dairy FMMOS,DY-NA,Washington,DC,"Washington, DC",Washington,DC,FMMOS,FMMOS - non-mars,04/21/2026 05:48:00,2026,2026-JUN,,component,lmprs,
Mar,2026,,Mideast,33.0,5.78,Producer Milk Components,AMS_3462,3462,Dairy FMMOS,DY-NA,Washington,DC,"Washington, DC",Washington,DC,FMMOS,FMMOS - non-mars,04/21/2026 05:48:00,2026,2026-JUN,,component,lmprs,
Mar,2026,,Pacific Northwest,124.0,5.76,Producer Milk Components,AMS_3462,3462,Dairy FMMOS,DY-NA,Washington,DC,"Washington, DC",Washington,DC,FMMOS,FMMOS - non-mars,04/21/2026 05:48:00,2026,2026-JUN,,component,lmprs,
Mar,2026,,Northeast,1.0,5.76,Producer Milk Components,AMS_3462,3462,Dairy FMMOS,DY-NA,Washington,DC,"Washington, DC",Washington,DC,FMMOS,FMMOS - non-mars,04/21/2026 05:48:00,2026,2026-JUN,,component,lmprs,
Mar,2026,,Upper Midwest,30.0,5.78,Producer Milk Components,AMS_3462,3462,Dairy FMMOS,DY-NA,Washington,DC,"Washington, DC",Washington,DC,FMMOS,FMMOS - non-mars,04/21/2026 05:48:00,2026,2026-JUN,,component,lmprs,
Mar,2026,,Southwest,126.0,5.77,Producer Milk Components,AMS_3462,3462,Dairy FMMOS,DY-NA,Washington,DC,"Washington, DC",Washington,DC,FMMOS,FMMOS - non-mars,04/21/2026 05:48:00,2026,2026-JUN,,component,lmprs,
Dec,2000,,All Markets Combined,,5.69,Producer Milk Components,AMS_3462,3462,Dairy FMMOS,DY-NA,Washington,DC,"Washington, DC",Washington,DC,FMMOS,FMMOS - non-mars,04/09/2021 07:48:00,2000,2000-JUL,5.70,component,lmprs,
Dec,2000,,Central,32.0,5.70,Producer Milk Components,AMS_3462,3462,Dairy FMMOS,DY-NA,Washington,DC,"Washington, DC",Washington,DC,FMMOS,FMMOS - non-mars,04/09/2021 07:48:00,2000,2000-JUL,5.71,component,lmprs,
Dec,2000,,Mideast,33.0,5.69,Producer Milk Components,AMS_3462,3462,Dairy FMMOS,DY-NA,Washington,DC,"Washington, DC",Washington,DC,FMMOS,FMMOS - non-mars,04/09/2021 07:48:00,2000,2000-JUL,5.70,component,lmprs,
Dec,2000,,Northeast,1.0,5.67,Producer Milk Components,AMS_3462,3462,Dairy FMMOS,DY-NA,Washington,DC,"Washington, DC",Washington,DC,FMMOS,FMMOS - non-mars,04/09/2021 07:48:00,2000,2000-JUL,5.69,component,lmprs,
Dec,2000,,Pacific Northwest,124.0,5.71,Producer Milk Components,AMS_3462,3462,Dairy FMMOS,DY-NA,Washington,DC,"Washington, DC",Washington,DC,FMMOS,FMMOS - non-mars,04/09/2021 07:48:00,2000,2000-JUL,5.72,component,lmprs,
Dec,2000,,Southwest,126.0,5.67,Producer Milk Components,AMS_3462,3462,Dairy FMMOS,DY-NA,Washington,DC,"Washington, DC",Washington,DC,FMMOS,FMMOS - non-mars,04/09/2021 07:48:00,2000,2000-JUL,5.63,component,lmprs,
Dec,2000,,Upper Midwest,30.0,5.70,Producer Milk Components,AMS_3462,3462,Dairy FMMOS,DY-NA,Washington,DC,"Washington, DC",Washington,DC,FMMOS,FMMOS - non-mars,04/09/2021 07:48:00,2000,2000-JUL,5.72,component,lmprs,
Dec,2000,,Western,135.0,5.75,Producer Milk Components,AMS_3462,3462,Dairy FMMOS,DY-NA,Washington,DC,"Washington, DC",Washington,DC,FMMOS,FMMOS - non-mars,04/09/2021 07:48:00,2000,2000-JUL,5.80,component,lmprs,
Dec,2001,,Western,135.0,5.71,Producer Milk Components,AMS_3462,3462,Dairy FMMOS,DY-NA,Washington,DC,"Washington, DC",Washington,DC,FMMOS,FMMOS - non-mars,04/09/2021 07:46:00,2001,2001-JUL,5.73,component,lmprs,
Dec,2001,,Upper Midwest,30.0,5.70,Producer Milk Components,AMS_3462,3462,Dairy FMMOS,DY-NA,Washington,DC,"Washington, DC",Washington,DC,FMMOS,FMMOS - non-mars,04/09/2021 07:46:00,2001,2001-JUL,5.70,component,lmprs,
Dec,2001,,Southwest,126.0,5.67,Producer Milk Components,AMS_3462,3462,Dairy FMMOS,DY-NA,Washington,DC,"Washington, DC",Washington,DC,FMMOS,FMMOS - non-mars,04/09/2021 07:46:00,2001,2001-JUL,5.64,component,lmprs,
Dec,2001,,Pacific Northwest,124.0,5.70,Producer Milk Components,AMS_3462,3462,Dairy FMMOS,DY-NA,Washington,DC,"Washington, DC",Washington,DC,FMMOS,FMMOS - non-mars,04/09/2021 07:46:00,2001,2001-JUL,5.71,component,lmprs,
Dec,2001,,Northeast,1.0,5.69,Producer Milk Components,AMS_3462,3462,Dairy FMMOS,DY-NA,Washington,DC,"Washington, DC",Washington,DC,FMMOS,FMMOS - non-mars,04/09/2021 07:46:00,2001,2001-JUL,5.69,component,lmprs,
Dec,2001,,Mideast,33.0,5.70,Producer Milk Components,AMS_3462,3462,Dairy FMMOS,DY-NA,Washington,DC,"Washington, DC",Washington,DC,FMMOS,FMMOS - non-mars,04/09/2021 07:46:00,2001,2001-JUL,5.73,component,lmprs,
Dec,2001,,Central,32.0,5.70,Producer Milk Components,AMS_3462,3462,Dairy FMMOS,DY-NA,Washington,DC,"Washington, DC",Washington,DC,FMMOS,FMMOS - non-mars,04/09/2021 07:46:00,2001,2001-JUL,5.71,component,lmprs,
Dec,2001,,All Markets Combined,,5.70,Producer Milk Components,AMS_3462,3462,Dairy FMMOS,DY-NA,Washington,DC,"Washington, DC",Washington,DC,FMMOS,FMMOS - non-mars,04/09/2021 07:46:00,2001,2001-JUL,5.70,component,lmprs,
Dec,2002,,All Markets Combined,,5.71,Producer Milk Components,AMS_3462,3462,Dairy FMMOS,DY-NA,Washington,DC,"Washington, DC",Washington,DC,FMMOS,FMMOS - non-mars,04/09/2021 07:46:00,2002,2002-JUL,5.71,component,lmprs,
Dec,2002,,Central,32.0,5.71,Producer Milk Components,AMS_3462,3462,Dairy FMMOS,DY-NA,Washington,DC,"Washington, DC",Washington,DC,FMMOS,FMMOS - non-mars,04/09/2021 07:46:00,2002,2002-JUL,5.71,component,lmprs,
Dec,2002,,Mideast,33.0,5.71,Producer Milk Components,AMS_3462,3462,Dairy FMMOS,DY-NA,Washington,DC,"Washington, DC",Washington,DC,FMMOS,FMMOS - non-mars,04/09/2021 07:46:00,2002,2002-JUL,5.72,component,lmprs,
Dec,2002,,Northeast,1.0,5.71,Producer Milk Components,AMS_3462,3462,Dairy FMMOS,DY-NA,Washington,DC,"Washington, DC",Washington,DC,FMMOS,FMMOS - non-mars,04/09/2021 07:46:00,2002,2002-JUL,5.70,component,lmprs,
Dec,2002,,Pacific Northwest,124.0,5.71,Producer Milk Components,AMS_3462,3462,Dairy FMMOS,DY-NA,Washington,DC,"Washington, DC",Washington,DC,FMMOS,FMMOS - non-mars,04/09/2021 07:46:00,2002,2002-JUL,5.71,component,lmprs,
Dec,2002,,Southwest,126.0,5.69,Producer Milk Components,AMS_3462,3462,Dairy FMMOS,DY-NA,Washington,DC,"Washington, DC",Washington,DC,FMMOS,FMMOS - non-mars,04/09/2021 07:46:00,2002,2002-JUL,5.69,component,lmprs,
Dec,2002,,Upper Midwest,30.0,5.71,Producer Milk Components,AMS_3462,3462,Dairy FMMOS,DY-NA,Washington,DC,"Washington, DC",Washington,DC,FMMOS,FMMOS - non-mars,04/09/2021 07:46:00,2002,2002-JUL,5.70,component,lmprs,
Dec,2002,,Western,135.0,5.72,Producer Milk Components,AMS_3462,3462,Dairy FMMOS,DY-NA,Washington,DC,"Washington, DC",Washington,DC,FMMOS,FMMOS - non-mars,04/09/2021 07:46:00,2002,2002-JUL,5.74,component,lmprs,
Dec,2003,,Western,135.0,5.70,Producer Milk Components,AMS_3462,3462,Dairy FMMOS,DY-NA,Washington,DC,"Washington, DC",Washington,DC,FMMOS,FMMOS - non-mars,04/09/2021 07:46:00,2003,2003-JUL,5.72,component,lmprs,
Dec,2003,,Upper Midwest,30.0,5.72,Producer Milk Components,AMS_3462,3462,Dairy FMMOS,DY-NA,Washington,DC,"Washington, DC",Washington,DC,FMMOS,FMMOS - non-mars,04/09/2021 07:46:00,2003,2003-JUL,5.70,component,lmprs,
Dec,2003,,Southwest,126.0,5.72,Producer Milk Components,AMS_3462,3462,Dairy FMMOS,DY-NA,Washington,DC,"Washington, DC",Washington,DC,FMMOS,FMMOS - non-mars,04/09/2021 07:46:00,2003,2003-JUL,5.72,component,lmprs,
Dec,2003,,Pacific Northwest,124.0,5.69,Producer Milk Components,AMS_3462,3462,Dairy FMMOS,DY-NA,Washington,DC,"Washington, DC",Washington,DC,FMMOS,FMMOS - non-mars,04/09/2021 07:46:00,2003,2003-JUL,5.71,component,lmprs,
Dec,2003,,Mideast,33.0,5.71,Producer Milk Components,AMS_3462,3462,Dairy FMMOS,DY-NA,Washington,DC,"Washington, DC",Washington,DC,FMMOS,FMMOS - non-mars,04/09/2021 07:46:00,2003,2003-JUL,5.70,component,lmprs,
Dec,2003,,Northeast,1.0,5.69,Producer Milk Components,AMS_3462,3462,Dairy FMMOS,DY-NA,Washington,DC,"Washington, DC",Washington,DC,FMMOS,FMMOS - non-mars,04/09/2021 07:46:00,2003,2003-JUL,5.67,component,lmprs,
Dec,2003,,Central,32.0,5.73,Producer Milk Components,AMS_3462,3462,Dairy FMMOS,DY-NA,Washington,DC,"Washington, DC",Washington,DC,FMMOS,FMMOS - non-mars,04/09/2021 07:46:00,2003,2003-JUL,5.71,component,lmprs,
Dec,2003,,All Markets Combined,,5.71,Producer Milk Components,AMS_3462,3462,Dairy FMMOS,DY-NA,Washington,DC,"Washington, DC",Washington,DC,FMMOS,FMMOS - non-mars,04/09/2021 07:46:00,2003,2003-JUL,5.69,component,lmprs,
Dec,2004,,All Markets Combined,,5.70,Producer Milk Components,AMS_3462,3462,Dairy FMMOS,DY-NA,Washington,DC,"Washington, DC",Washington,DC,FMMOS,FMMOS - non-mars,04/09/2021 07:44:00,2004,2004-JUL,5.70,component,lmprs,
Dec,2004,,Central,32.0,5.72,Producer Milk Components,AMS_3462,3462,Dairy FMMOS,DY-NA,Washington,DC,"Washington, DC",Washington,DC,FMMOS,FMMOS - non-mars,04/09/2021 07:44:00,2004,2004-JUL,5.72,component,lmprs,
Dec,2004,,Northeast,1.0,5.67,Producer Milk Components,AMS_3462,3462,Dairy FMMOS,DY-NA,Washington,DC,"Washington, DC",Washington,DC,FMMOS,FMMOS - non-mars,04/09/2021 07:44:00,2004,2004-JUL,5.67,component,lmprs,
Dec,2004,,Mideast,33.0,5.70,Producer Milk Components,AMS_3462,3462,Dairy FMMOS,DY-NA,Washington,DC,"Washington, DC",Washington,DC,FMMOS,FMMOS - non-mars,04/09/2021 07:44:00,2004,2004-JUL,5.71,component,lmprs,
Dec,2004,,Pacific Northwest,124.0,5.69,Producer Milk Components,AMS_3462,3462,Dairy FMMOS,DY-NA,Washington,DC,"Washington, DC",Washington,DC,FMMOS,FMMOS - non-mars,04/09/2021 07:44:00,2004,2004-JUL,5.71,component,lmprs,
Dec,2004,,Southwest,126.0,5.72,Producer Milk Components,AMS_3462,3462,Dairy FMMOS,DY-NA,Washington,DC,"Washington, DC",Washington,DC,FMMOS,FMMOS - non-mars,04/09/2021 07:44:00,2004,2004-JUL,5.72,component,lmprs,
Dec,2004,,Upper Midwest,30.0,5.70,Producer Milk Components,AMS_3462,3462,Dairy FMMOS,DY-NA,Washington,DC,"Washington, DC",Washington,DC,FMMOS,FMMOS - non-mars,04/09/2021 07:44:00,2004,2004-JUL,5.71,component,lmprs,
Dec,2004,,Western,135.0,5.70,Producer Milk Components,AMS_3462,3462,Dairy FMMOS,DY-NA,Washington,DC,"Washington, DC",Washington,DC,FMMOS,FMMOS - non-mars,04/09/2021 07:44:00,2004,2004-JUL,,component,lmprs,
Dec,2005,,Upper Midwest,30.0,5.71,Producer Milk Components,AMS_3462,3462,Dairy FMMOS,DY-NA,Washington,DC,"Washington, DC",Washington,DC,FMMOS,FMMOS - non-mars,03/30/2021 14:16:00,2005,2005-JUL,5.74,component,lmprs,
Dec,2005,,Southwest,126.0,5.72,Producer Milk Components,AMS_3462,3462,Dairy FMMOS,DY-NA,Washington,DC,"Washington, DC",Washington,DC,FMMOS,FMMOS - non-mars,03/30/2021 14:16:00,2005,2005-JUL,5.73,component,lmprs,
Dec,2005,,Pacific Northwest,124.0,5.71,Producer Milk Components,AMS_3462,3462,Dairy FMMOS,DY-NA,Washington,DC,"Washington, DC",Washington,DC,FMMOS,FMMOS - non-mars,03/30/2021 14:16:00,2005,2005-JUL,5.73,component,lmprs,
Dec,2005,,Mideast,33.0,5.71,Producer Milk Components,AMS_3462,3462,Dairy FMMOS,DY-NA,Washington,DC,"Washington, DC",Washington,DC,FMMOS,FMMOS - non-mars,03/30/2021 14:16:00,2005,2005-JUL,5.73,component,lmprs,
Dec,2005,,Northeast,1.0,5.69,Producer Milk Components,AMS_3462,3462,Dairy FMMOS,DY-NA,Washington,DC,"Washington, DC",Washington,DC,FMMOS,FMMOS - non-mars,03/30/2021 14:16:00,2005,2005-JUL,5.68,component,lmprs,
Dec,2005,,Central,32.0,5.73,Producer Milk Components,AMS_3462,3462,Dairy FMMOS,DY-NA,Washington,DC,"Washington, DC",Washington,DC,FMMOS,FMMOS - non-mars,03/30/2021 14:16:00,2005,2005-JUL,5.75,component,lmprs,
Dec,2005,,All Markets Combined,,5.71,Producer Milk Components,AMS_3462,3462,Dairy FMMOS,DY-NA,Washington,DC,"Washington, DC",Washington,DC,FMMOS,FMMOS - non-mars,03/30/2021 14:16:00,2005,2005-JUL,5.72,component,lmprs,
Dec,2006,,All Markets Combined,,5.71,Producer Milk Components,AMS_3462,3462,Dairy FMMOS,DY-NA,Washington,DC,"Washington, DC",Washington,DC,FMMOS,FMMOS - non-mars,03/30/2021 14:16:00,2006,2006-JUL,5.71,component,lmprs,
Dec,2006,,Central,32.0,5.73,Producer Milk Components,AMS_3462,3462,Dairy FMMOS,DY-NA,Washington,DC,"Washington, DC",Washington,DC,FMMOS,FMMOS - non-mars,03/30/2021 14:16:00,2006,2006-JUL,5.74,component,lmprs,
Dec,2006,,Northeast,1.0,5.70,Producer Milk Components,AMS_3462,3462,Dairy FMMOS,DY-NA,Washington,DC,"Washington, DC",Washington,DC,FMMOS,FMMOS - non-mars,03/30/2021 14:16:00,2006,2006-JUL,5.68,component,lmprs,
Dec,2006,,Mideast,33.0,5.71,Producer Milk Components,AMS_3462,3462,Dairy FMMOS,DY-NA,Washington,DC,"Washington, DC",Washington,DC,FMMOS,FMMOS - non-mars,03/30/2021 14:16:00,2006,2006-JUL,5.70,component,lmprs,
Dec,2006,,Pacific Northwest,124.0,5.70,Producer Milk Components,AMS_3462,3462,Dairy FMMOS,DY-NA,Washington,DC,"Washington, DC",Washington,DC,FMMOS,FMMOS - non-mars,03/30/2021 14:16:00,2006,2006-JUL,5.69,component,lmprs,
Dec,2006,,Southwest,126.0,5.70,Producer Milk Components,AMS_3462,3462,Dairy FMMOS,DY-NA,Washington,DC,"Washington, DC",Washington,DC,FMMOS,FMMOS - non-mars,03/30/2021 14:16:00,2006,2006-JUL,5.70,component,lmprs,
Dec,2006,,Upper Midwest,30.0,5.72,Producer Milk Components,AMS_3462,3462,Dairy FMMOS,DY-NA,Washington,DC,"Washington, DC",Washington,DC,FMMOS,FMMOS - non-mars,03/30/2021 14:16:00,2006,2006-JUL,5.73,component,lmprs,
Dec,2007,,Upper Midwest,30.0,5.71,Producer Milk Components,AMS_3462,3462,Dairy FMMOS,DY-NA,Washington,DC,"Washington, DC",Washington,DC,FMMOS,FMMOS - non-mars,03/30/2021 14:16:00,2007,2007-JUL,5.72,component,lmprs,
Dec,2007,,Southwest,126.0,5.69,Producer Milk Components,AMS_3462,3462,Dairy FMMOS,DY-NA,Washington,DC,"Washington, DC",Washington,DC,FMMOS,FMMOS - non-mars,03/30/2021 14:16:00,2007,2007-JUL,5.70,component,lmprs,
Dec,2007,,Pacific Northwest,124.0,5.71,Producer Milk Components,AMS_3462,3462,Dairy FMMOS,DY-NA,Washington,DC,"Washington, DC",Washington,DC,FMMOS,FMMOS - non-mars,03/30/2021 14:16:00,2007,2007-JUL,5.73,component,lmprs,
Dec,2007,,Mideast,33.0,5.71,Producer Milk Components,AMS_3462,3462,Dairy FMMOS,DY-NA,Washington,DC,"Washington, DC",Washington,DC,FMMOS,FMMOS - non-mars,03/30/2021 14:16:00,2007,2007-JUL,5.72,component,lmprs,
Dec,2007,,Northeast,1.0,5.71,Producer Milk Components,AMS_3462,3462,Dairy FMMOS,DY-NA,Washington,DC,"Washington, DC",Washington,DC,FMMOS,FMMOS - non-mars,03/30/2021 14:16:00,2007,2007-JUL,5.71,component,lmprs,
Dec,2007,,Central,32.0,5.71,Producer Milk Components,AMS_3462,3462,Dairy FMMOS,DY-NA,Washington,DC,"Washington, DC",Washington,DC,FMMOS,FMMOS - non-mars,03/30/2021 14:16:00,2007,2007-JUL,5.72,component,lmprs,
Dec,2007,,All Markets Combined,,5.71,Producer Milk Components,AMS_3462,3462,Dairy FMMOS,DY-NA,Washington,DC,"Washington, DC",Washington,DC,FMMOS,FMMOS - non-mars,03/30/2021 14:16:00,2007,2007-JUL,5.72,component,lmprs,
Dec,2008,,All Markets Combined,,5.71,Producer Milk Components,AMS_3462,3462,Dairy FMMOS,DY-NA,Washington,DC,"Washington, DC",Washington,DC,FMMOS,FMMOS - non-mars,03/30/2021 14:15:00,2008,2008-JUL,5.72,component,lmprs,
Dec,2008,,Central,32.0,5.72,Producer Milk Components,AMS_3462,3462,Dairy FMMOS,DY-NA,Washington,DC,"Washington, DC",Washington,DC,FMMOS,FMMOS - non-mars,03/30/2021 14:15:00,2008,2008-JUL,5.72,component,lmprs,
Dec,2008,,Northeast,1.0,5.71,Producer Milk Components,AMS_3462,3462,Dairy FMMOS,DY-NA,Washington,DC,"Washington, DC",Washington,DC,FMMOS,FMMOS - non-mars,03/30/2021 14:15:00,2008,2008-JUL,5.70,component,lmprs,
Dec,2008,,Mideast,33.0,5.70,Producer Milk Components,AMS_3462,3462,Dairy FMMOS,DY-NA,Washington,DC,"Washington, DC",Washington,DC,FMMOS,FMMOS - non-mars,03/30/2021 14:15:00,2008,2008-JUL,5.72,component,lmprs,
Dec,2008,,Pacific Northwest,124.0,5.70,Producer Milk Components,AMS_3462,3462,Dairy FMMOS,DY-NA,Washington,DC,"Washington, DC",Washington,DC,FMMOS,FMMOS - non-mars,03/30/2021 14:15:00,2008,2008-JUL,5.72,component,lmprs,
Dec,2008,,Southwest,126.0,5.73,Producer Milk Components,AMS_3462,3462,Dairy FMMOS,DY-NA,Washington,DC,"Washington, DC",Washington,DC,FMMOS,FMMOS - non-mars,03/30/2021 14:15:00,2008,2008-JUL,5.73,component,lmprs,
Dec,2008,,Upper Midwest,30.0,5.71,Producer Milk Components,AMS_3462,3462,Dairy FMMOS,DY-NA,Washington,DC,"Washington, DC",Washington,DC,FMMOS,FMMOS - non-mars,03/30/2021 14:15:00,2008,2008-JUL,5.72,component,lmprs,
Dec,2009,,Upper Midwest,30.0,5.73,Producer Milk Components,AMS_3462,3462,Dairy FMMOS,DY-NA,Washington,DC,"Washington, DC",Washington,DC,FMMOS,FMMOS - non-mars,03/30/2021 14:15:00,2009,2009-JUL,5.75,component,lmprs,
Dec,2009,,Southwest,126.0,5.74,Producer Milk Components,AMS_3462,3462,Dairy FMMOS,DY-NA,Washington,DC,"Washington, DC",Washington,DC,FMMOS,FMMOS - non-mars,03/30/2021 14:15:00,2009,2009-JUL,5.74,component,lmprs,
Dec,2009,,Pacific Northwest,124.0,5.69,Producer Milk Components,AMS_3462,3462,Dairy FMMOS,DY-NA,Washington,DC,"Washington, DC",Washington,DC,FMMOS,FMMOS - non-mars,03/30/2021 14:15:00,2009,2009-JUL,5.71,component,lmprs,
Dec,2009,,Mideast,33.0,5.69,Producer Milk Components,AMS_3462,3462,Dairy FMMOS,DY-NA,Washington,DC,"Washington, DC",Washington,DC,FMMOS,FMMOS - non-mars,03/30/2021 14:15:00,2009,2009-JUL,5.69,component,lmprs,
Dec,2009,,Northeast,1.0,5.69,Producer Milk Components,AMS_3462,3462,Dairy FMMOS,DY-NA,Washington,DC,"Washington, DC",Washington,DC,FMMOS,FMMOS - non-mars,03/30/2021 14:15:00,2009,2009-JUL,5.69,component,lmprs,
Dec,2009,,Central,32.0,5.74,Producer Milk Components,AMS_3462,3462,Dairy FMMOS,DY-NA,Washington,DC,"Washington, DC",Washington,DC,FMMOS,FMMOS - non-mars,03/30/2021 14:15:00,2009,2009-JUL,5.73,component,lmprs,
Dec,2009,,All Markets Combined,,5.71,Producer Milk Components,AMS_3462,3462,Dairy FMMOS,DY-NA,Washington,DC,"Washington, DC",Washington,DC,FMMOS,FMMOS - non-mars,03/30/2021 14:15:00,2009,2009-JUL,5.72,component,lmprs,
Dec,2010,,All Markets Combined,,5.74,Producer Milk Components,AMS_3462,3462,Dairy FMMOS,DY-NA,Washington,DC,"Washington, DC",Washington,DC,FMMOS,FMMOS - non-mars,03/30/2021 14:14:00,2010,2010-JUL,5.73,component,lmprs,
Dec,2010,,Central,32.0,5.74,Producer Milk Components,AMS_3462,3462,Dairy FMMOS,DY-NA,Washington,DC,"Washington, DC",Washington,DC,FMMOS,FMMOS - non-mars,03/30/2021 14:14:00,2010,2010-JUL,5.74,component,lmprs,
Dec,2010,,Northeast,1.0,5.72,Producer Milk Components,AMS_3462,3462,Dairy FMMOS,DY-NA,Washington,DC,"Washington, DC",Washington,DC,FMMOS,FMMOS - non-mars,03/30/2021 14:14:00,2010,2010-JUL,5.70,component,lmprs,
Dec,2010,,Mideast,33.0,5.71,Producer Milk Components,AMS_3462,3462,Dairy FMMOS,DY-NA,Washington,DC,"Washington, DC",Washington,DC,FMMOS,FMMOS - non-mars,03/30/2021 14:14:00,2010,2010-JUL,5.71,component,lmprs,
Dec,2010,,Pacific Northwest,124.0,5.71,Producer Milk Components,AMS_3462,3462,Dairy FMMOS,DY-NA,Washington,DC,"Washington, DC",Washington,DC,FMMOS,FMMOS - non-mars,03/30/2021 14:14:00,2010,2010-JUL,5.73,component,lmprs,
Dec,2010,,Southwest,126.0,5.76,Producer Milk Components,AMS_3462,3462,Dairy FMMOS,DY-NA,Washington,DC,"Washington, DC",Washington,DC,FMMOS,FMMOS - non-mars,03/30/2021 14:14:00,2010,2010-JUL,5.76,component,lmprs,
Dec,2010,,Upper Midwest,30.0,5.76,Producer Milk Components,AMS_3462,3462,Dairy FMMOS,DY-NA,Washington,DC,"Washington, DC",Washington,DC,FMMOS,FMMOS - non-mars,03/30/2021 14:14:00,2010,2010-JUL,5.76,component,lmprs,
Dec,2011,,Southwest,126.0,5.75,Producer Milk Components,AMS_3462,3462,Dairy FMMOS,DY-NA,Washington,DC,"Washington, DC",Washington,DC,FMMOS,FMMOS - non-mars,03/30/2021 14:14:00,2011,2011-JUL,5.71,component,lmprs,
Dec,2011,,Upper Midwest,30.0,5.74,Producer Milk Components,AMS_3462,3462,Dairy FMMOS,DY-NA,Washington,DC,"Washington, DC",Washington,DC,FMMOS,FMMOS - non-mars,03/30/2021 14:14:00,2011,2011-JUL,5.74,component,lmprs,
Dec,2011,,Pacific Northwest,124.0,5.73,Producer Milk Components,AMS_3462,3462,Dairy FMMOS,DY-NA,Washington,DC,"Washington, DC",Washington,DC,FMMOS,FMMOS - non-mars,03/30/2021 14:14:00,2011,2011-JUL,5.74,component,lmprs,
Dec,2011,,Northeast,1.0,5.73,Producer Milk Components,AMS_3462,3462,Dairy FMMOS,DY-NA,Washington,DC,"Washington, DC",Washington,DC,FMMOS,FMMOS - non-mars,03/30/2021 14:14:00,2011,2011-JUL,5.71,component,lmprs,
Dec,2011,,Central,32.0,5.73,Producer Milk Components,AMS_3462,3462,Dairy FMMOS,DY-NA,Washington,DC,"Washington, DC",Washington,DC,FMMOS,FMMOS - non-mars,03/30/2021 14:14:00,2011,2011-JUL,5.71,component,lmprs,
Dec,2011,,Mideast,33.0,5.71,Producer Milk Components,AMS_3462,3462,Dairy FMMOS,DY-NA,Washington,DC,"Washington, DC",Washington,DC,FMMOS,FMMOS - non-mars,03/30/2021 14:14:00,2011,2011-JUL,5.71,component,lmprs,
Dec,2011,,All Markets Combined,,5.73,Producer Milk Components,AMS_3462,3462,Dairy FMMOS,DY-NA,Washington,DC,"Washington, DC",Washington,DC,FMMOS,FMMOS - non-mars,03/30/2021 14:14:00,2011,2011-JUL,5.72,component,lmprs,
Dec,2012,,All Markets Combined,,5.75,Producer Milk Components,AMS_3462,3462,Dairy FMMOS,DY-NA,Washington,DC,"Washington, DC",Washington,DC,FMMOS,FMMOS - non-mars,03/30/2021 14:13:00,2012,2012-JUL,5.75,component,lmprs,
Dec,2012,,Mideast,33.0,5.74,Producer Milk Components,AMS_3462,3462,Dairy FMMOS,DY-NA,Washington,DC,"Washington, DC",Washington,DC,FMMOS,FMMOS - non-mars,03/30/2021 14:13:00,2012,2012-JUL,5.75,component,lmprs,
Dec,2012,,Central,32.0,5.75,Producer Milk Components,AMS_3462,3462,Dairy FMMOS,DY-NA,Washington,DC,"Washington, DC",Washington,DC,FMMOS,FMMOS - non-mars,03/30/2021 14:13:00,2012,2012-JUL,5.73,component,lmprs,
Dec,2012,,Northeast,1.0,5.75,Producer Milk Components,AMS_3462,3462,Dairy FMMOS,DY-NA,Washington,DC,"Washington, DC",Washington,DC,FMMOS,FMMOS - non-mars,03/30/2021 14:13:00,2012,2012-JUL,5.76,component,lmprs,
Dec,2012,,Pacific Northwest,124.0,5.74,Producer Milk Components,AMS_3462,3462,Dairy FMMOS,DY-NA,Washington,DC,"Washington, DC",Washington,DC,FMMOS,FMMOS - non-mars,03/30/2021 14:13:00,2012,2012-JUL,5.77,component,lmprs,
Dec,2012,,Upper Midwest,30.0,5.75,Producer Milk Components,AMS_3462,3462,Dairy FMMOS,DY-NA,Washington,DC,"Washington, DC",Washington,DC,FMMOS,FMMOS - non-mars,03/30/2021 14:13:00,2012,2012-JUL,5.74,component,lmprs,
Dec,2012,,Southwest,126.0,5.77,Producer Milk Components,AMS_3462,3462,Dairy FMMOS,DY-NA,Washington,DC,"Washington, DC",Washington,DC,FMMOS,FMMOS - non-mars,03/30/2021 14:13:00,2012,2012-JUL,5.75,component,lmprs,
Dec,2013,,Southwest,126.0,5.77,Producer Milk Components,AMS_3462,3462,Dairy FMMOS,DY-NA,Washington,DC,"Washington, DC",Washington,DC,FMMOS,FMMOS - non-mars,03/30/2021 14:13:00,2013,2013-JUL,5.78,component,lmprs,
Dec,2013,,Upper Midwest,30.0,5.74,Producer Milk Components,AMS_3462,3462,Dairy FMMOS,DY-NA,Washington,DC,"Washington, DC",Washington,DC,FMMOS,FMMOS - non-mars,03/30/2021 14:13:00,2013,2013-JUL,5.75,component,lmprs,
Dec,2013,,Pacific Northwest,124.0,5.73,Producer Milk Components,AMS_3462,3462,Dairy FMMOS,DY-NA,Washington,DC,"Washington, DC",Washington,DC,FMMOS,FMMOS - non-mars,03/30/2021 14:13:00,2013,2013-JUL,5.77,component,lmprs,
Dec,2013,,Northeast,1.0,5.73,Producer Milk Components,AMS_3462,3462,Dairy FMMOS,DY-NA,Washington,DC,"Washington, DC",Washington,DC,FMMOS,FMMOS - non-mars,03/30/2021 14:13:00,2013,2013-JUL,5.72,component,lmprs,
Dec,2013,,Central,32.0,5.75,Producer Milk Components,AMS_3462,3462,Dairy FMMOS,DY-NA,Washington,DC,"Washington, DC",Washington,DC,FMMOS,FMMOS - non-mars,03/30/2021 14:13:00,2013,2013-JUL,5.75,component,lmprs,
Dec,2013,,Mideast,33.0,5.74,Producer Milk Components,AMS_3462,3462,Dairy FMMOS,DY-NA,Washington,DC,"Washington, DC",Washington,DC,FMMOS,FMMOS - non-mars,03/30/2021 14:13:00,2013,2013-JUL,5.74,component,lmprs,
Dec,2013,,All Markets Combined,,5.74,Producer Milk Components,AMS_3462,3462,Dairy FMMOS,DY-NA,Washington,DC,"Washington, DC",Washington,DC,FMMOS,FMMOS - non-mars,03/30/2021 14:13:00,2013,2013-JUL,5.75,component,lmprs,
Dec,2014,,All Markets Combined,,5.74,Producer Milk Components,AMS_3462,3462,Dairy FMMOS,DY-NA,Washington,DC,"Washington, DC",Washington,DC,FMMOS,FMMOS - non-mars,03/30/2021 14:13:00,2014,2014-JUL,5.75,component,lmprs,
Dec,2014,,Mideast,33.0,5.72,Producer Milk Components,AMS_3462,3462,Dairy FMMOS,DY-NA,Washington,DC,"Washington, DC",Washington,DC,FMMOS,FMMOS - non-mars,03/30/2021 14:13:00,2014,2014-JUL,5.73,component,lmprs,
Dec,2014,,Central,32.0,5.74,Producer Milk Components,AMS_3462,3462,Dairy FMMOS,DY-NA,Washington,DC,"Washington, DC",Washington,DC,FMMOS,FMMOS - non-mars,03/30/2021 14:13:00,2014,2014-JUL,5.74,component,lmprs,
Dec,2014,,Northeast,1.0,5.73,Producer Milk Components,AMS_3462,3462,Dairy FMMOS,DY-NA,Washington,DC,"Washington, DC",Washington,DC,FMMOS,FMMOS - non-mars,03/30/2021 14:13:00,2014,2014-JUL,5.75,component,lmprs,
Dec,2014,,Pacific Northwest,124.0,5.72,Producer Milk Components,AMS_3462,3462,Dairy FMMOS,DY-NA,Washington,DC,"Washington, DC",Washington,DC,FMMOS,FMMOS - non-mars,03/30/2021 14:13:00,2014,2014-JUL,5.73,component,lmprs,
Dec,2014,,Upper Midwest,30.0,5.73,Producer Milk Components,AMS_3462,3462,Dairy FMMOS,DY-NA,Washington,DC,"Washington, DC",Washington,DC,FMMOS,FMMOS - non-mars,03/30/2021 14:13:00,2014,2014-JUL,5.75,component,lmprs,
Dec,2014,,Southwest,126.0,5.76,Producer Milk Components,AMS_3462,3462,Dairy FMMOS,DY-NA,Washington,DC,"Washington, DC",Washington,DC,FMMOS,FMMOS - non-mars,03/30/2021 14:13:00,2014,2014-JUL,5.77,component,lmprs,
Dec,2015,,Southwest,126.0,5.74,Producer Milk Components,AMS_3462,3462,Dairy FMMOS,DY-NA,Washington,DC,"Washington, DC",Washington,DC,FMMOS,FMMOS - non-mars,03/30/2021 14:12:00,2015,2015-JUL,5.73,component,lmprs,
Dec,2015,,Upper Midwest,30.0,5.74,Producer Milk Components,AMS_3462,3462,Dairy FMMOS,DY-NA,Washington,DC,"Washington, DC",Washington,DC,FMMOS,FMMOS - non-mars,03/30/2021 14:12:00,2015,2015-JUL,5.75,component,lmprs,
Dec,2015,,Pacific Northwest,124.0,5.73,Producer Milk Components,AMS_3462,3462,Dairy FMMOS,DY-NA,Washington,DC,"Washington, DC",Washington,DC,FMMOS,FMMOS - non-mars,03/30/2021 14:12:00,2015,2015-JUL,5.75,component,lmprs,
Dec,2015,,Northeast,1.0,5.75,Producer Milk Components,AMS_3462,3462,Dairy FMMOS,DY-NA,Washington,DC,"Washington, DC",Washington,DC,FMMOS,FMMOS - non-mars,03/30/2021 14:12:00,2015,2015-JUL,5.76,component,lmprs,
Dec,2015,,Central,32.0,5.76,Producer Milk Components,AMS_3462,3462,Dairy FMMOS,DY-NA,Washington,DC,"Washington, DC",Washington,DC,FMMOS,FMMOS - non-mars,03/30/2021 14:12:00,2015,2015-JUL,5.77,component,lmprs,
Dec,2015,,Mideast,33.0,5.74,Producer Milk Components,AMS_3462,3462,Dairy FMMOS,DY-NA,Washington,DC,"Washington, DC",Washington,DC,FMMOS,FMMOS - non-mars,03/30/2021 14:12:00,2015,2015-JUL,5.75,component,lmprs,
Dec,2015,,All Markets Combined,,5.74,Producer Milk Components,AMS_3462,3462,Dairy FMMOS,DY-NA,Washington,DC,"Washington, DC",Washington,DC,FMMOS,FMMOS - non-mars,03/30/2021 14:12:00,2015,2015-JUL,5.75,component,lmprs,
Dec,2016,,All Markets Combined,,5.75,Producer Milk Components,AMS_3462,3462,Dairy FMMOS,DY-NA,Washington,DC,"Washington, DC",Washington,DC,FMMOS,FMMOS - non-mars,03/30/2021 14:12:00,2016,2016-JUL,5.76,component,lmprs,
Dec,2016,,Mideast,33.0,5.78,Producer Milk Components,AMS_3462,3462,Dairy FMMOS,DY-NA,Washington,DC,"Washington, DC",Washington,DC,FMMOS,FMMOS - non-mars,03/30/2021 14:12:00,2016,2016-JUL,5.77,component,lmprs,
Dec,2016,,Central,32.0,5.76,Producer Milk Components,AMS_3462,3462,Dairy FMMOS,DY-NA,Washington,DC,"Washington, DC",Washington,DC,FMMOS,FMMOS - non-mars,03/30/2021 14:12:00,2016,2016-JUL,5.77,component,lmprs,
Dec,2016,,Northeast,1.0,5.74,Producer Milk Components,AMS_3462,3462,Dairy FMMOS,DY-NA,Washington,DC,"Washington, DC",Washington,DC,FMMOS,FMMOS - non-mars,03/30/2021 14:12:00,2016,2016-JUL,5.76,component,lmprs,
Dec,2016,,Pacific Northwest,124.0,5.73,Producer Milk Components,AMS_3462,3462,Dairy FMMOS,DY-NA,Washington,DC,"Washington, DC",Washington,DC,FMMOS,FMMOS - non-mars,03/30/2021 14:12:00,2016,2016-JUL,5.75,component,lmprs,
Dec,2016,,Upper Midwest,30.0,5.74,Producer Milk Components,AMS_3462,3462,Dairy FMMOS,DY-NA,Washington,DC,"Washington, DC",Washington,DC,FMMOS,FMMOS - non-mars,03/30/2021 14:12:00,2016,2016-JUL,5.77,component,lmprs,
Dec,2016,,Southwest,126.0,5.74,Producer Milk Components,AMS_3462,3462,Dairy FMMOS,DY-NA,Washington,DC,"Washington, DC",Washington,DC,FMMOS,FMMOS - non-mars,03/30/2021 14:12:00,2016,2016-JUL,5.73,component,lmprs,
Dec,2017,,Southwest,126.0,5.74,Producer Milk Components,AMS_3462,3462,Dairy FMMOS,DY-NA,Washington,DC,"Washington, DC",Washington,DC,FMMOS,FMMOS - non-mars,03/30/2021 14:11:00,2017,2017-JUL,5.73,component,lmprs,
Dec,2017,,Upper Midwest,30.0,5.76,Producer Milk Components,AMS_3462,3462,Dairy FMMOS,DY-NA,Washington,DC,"Washington, DC",Washington,DC,FMMOS,FMMOS - non-mars,03/30/2021 14:11:00,2017,2017-JUL,5.76,component,lmprs,
Dec,2017,,Pacific Northwest,124.0,5.74,Producer Milk Components,AMS_3462,3462,Dairy FMMOS,DY-NA,Washington,DC,"Washington, DC",Washington,DC,FMMOS,FMMOS - non-mars,03/30/2021 14:11:00,2017,2017-JUL,5.73,component,lmprs,
Dec,2017,,Northeast,1.0,5.75,Producer Milk Components,AMS_3462,3462,Dairy FMMOS,DY-NA,Washington,DC,"Washington, DC",Washington,DC,FMMOS,FMMOS - non-mars,03/30/2021 14:11:00,2017,2017-JUL,5.75,component,lmprs,
Dec,2017,,Central,32.0,5.75,Producer Milk Components,AMS_3462,3462,Dairy FMMOS,DY-NA,Washington,DC,"Washington, DC",Washington,DC,FMMOS,FMMOS - non-mars,03/30/2021 14:11:00,2017,2017-JUL,5.75,component,lmprs,
Dec,2017,,Mideast,33.0,5.75,Producer Milk Components,AMS_3462,3462,Dairy FMMOS,DY-NA,Washington,DC,"Washington, DC",Washington,DC,FMMOS,FMMOS - non-mars,03/30/2021 14:11:00,2017,2017-JUL,5.75,component,lmprs,
Dec,2017,,All Markets Combined,,5.75,Producer Milk Components,AMS_3462,3462,Dairy FMMOS,DY-NA,Washington,DC,"Washington, DC",Washington,DC,FMMOS,FMMOS - non-mars,03/30/2021 14:11:00,2017,2017-JUL,5.75,component,lmprs,
Dec,2018,,All Markets Combined,,5.76,Producer Milk Components,AMS_3462,3462,Dairy FMMOS,DY-NA,Washington,DC,"Washington, DC",Washington,DC,FMMOS,FMMOS - non-mars,03/30/2021 14:09:00,2018,2018-JUL,5.78,component,lmprs,
Dec,2018,,California,51.0,5.73,Producer Milk Components,AMS_3462,3462,Dairy FMMOS,DY-NA,Washington,DC,"Washington, DC",Washington,DC,FMMOS,FMMOS - non-mars,03/30/2021 14:09:00,2018,2018-JUL,,component,lmprs,
Dec,2018,,Mideast,33.0,5.77,Producer Milk Components,AMS_3462,3462,Dairy FMMOS,DY-NA,Washington,DC,"Washington, DC",Washington,DC,FMMOS,FMMOS - non-mars,03/30/2021 14:09:00,2018,2018-JUL,5.77,component,lmprs,
Dec,2018,,Central,32.0,5.77,Producer Milk Components,AMS_3462,3462,Dairy FMMOS,DY-NA,Washington,DC,"Washington, DC",Washington,DC,FMMOS,FMMOS - non-mars,03/30/2021 14:09:00,2018,2018-JUL,5.78,component,lmprs,
Dec,2018,,Northeast,1.0,5.75,Producer Milk Components,AMS_3462,3462,Dairy FMMOS,DY-NA,Washington,DC,"Washington, DC",Washington,DC,FMMOS,FMMOS - non-mars,03/30/2021 14:09:00,2018,2018-JUL,5.75,component,lmprs,
Dec,2018,,Pacific Northwest,124.0,5.75,Producer Milk Components,AMS_3462,3462,Dairy FMMOS,DY-NA,Washington,DC,"Washington, DC",Washington,DC,FMMOS,FMMOS - non-mars,03/30/2021 14:09:00,2018,2018-JUL,5.77,component,lmprs,
Dec,2018,,Upper Midwest,30.0,5.77,Producer Milk Components,AMS_3462,3462,Dairy FMMOS,DY-NA,Washington,DC,"Washington, DC",Washington,DC,FMMOS,FMMOS - non-mars,03/30/2021 14:09:00,2018,2018-JUL,5.79,component,lmprs,
Dec,2018,,Southwest,126.0,5.76,Producer Milk Components,AMS_3462,3462,Dairy FMMOS,DY-NA,Washington,DC,"Washington, DC",Washington,DC,FMMOS,FMMOS - non-mars,03/30/2021 14:09:00,2018,2018-JUL,5.78,component,lmprs,
Dec,2019,,Upper Midwest,30.0,5.77,Producer Milk Components,AMS_3462,3462,Dairy FMMOS,DY-NA,Washington,DC,"Washington, DC",Washington,DC,FMMOS,FMMOS - non-mars,03/30/2021 14:09:00,2019,2019-JUL,5.79,component,lmprs,
Dec,2019,,Pacific Northwest,124.0,5.76,Producer Milk Components,AMS_3462,3462,Dairy FMMOS,DY-NA,Washington,DC,"Washington, DC",Washington,DC,FMMOS,FMMOS - non-mars,03/30/2021 14:09:00,2019,2019-JUL,5.78,component,lmprs,
Dec,2019,,Southwest,126.0,5.77,Producer Milk Components,AMS_3462,3462,Dairy FMMOS,DY-NA,Washington,DC,"Washington, DC",Washington,DC,FMMOS,FMMOS - non-mars,03/30/2021 14:09:00,2019,2019-JUL,5.78,component,lmprs,
Dec,2019,,Northeast,1.0,5.75,Producer Milk Components,AMS_3462,3462,Dairy FMMOS,DY-NA,Washington,DC,"Washington, DC",Washington,DC,FMMOS,FMMOS - non-mars,03/30/2021 14:09:00,2019,2019-JUL,5.76,component,lmprs,
Dec,2019,,Mideast,33.0,5.76,Producer Milk Components,AMS_3462,3462,Dairy FMMOS,DY-NA,Washington,DC,"Washington, DC",Washington,DC,FMMOS,FMMOS - non-mars,03/30/2021 14:09:00,2019,2019-JUL,5.71,component,lmprs,
Dec,2019,,California,51.0,5.75,Producer Milk Components,AMS_3462,3462,Dairy FMMOS,DY-NA,Washington,DC,"Washington, DC",Washington,DC,FMMOS,FMMOS - non-mars,03/30/2021 14:09:00,2019,2019-JUL,5.76,component,lmprs,
Dec,2019,,Central,32.0,5.78,Producer Milk Components,AMS_3462,3462,Dairy FMMOS,DY-NA,Washington,DC,"Washington, DC",Washington,DC,FMMOS,FMMOS - non-mars,03/30/2021 14:09:00,2019,2019-JUL,5.79,component,lmprs,
Dec,2019,,All Markets Combined,,5.76,Producer Milk Components,AMS_3462,3462,Dairy FMMOS,DY-NA,Washington,DC,"Washington, DC",Washington,DC,FMMOS,FMMOS - non-mars,03/30/2021 14:09:00,2019,2019-JUL,5.77,component,lmprs,
Dec,2020,,All Markets Combined,,5.77,Producer Milk Components,AMS_3462,3462,Dairy FMMOS,DY-NA,Washington,DC,"Washington, DC",Washington,DC,FMMOS,FMMOS - non-mars,02/23/2021 09:39:00,2020,2020-JUL,5.77,component,lmprs,
Dec,2020,,Central,32.0,5.79,Producer Milk Components,AMS_3462,3462,Dairy FMMOS,DY-NA,Washington,DC,"Washington, DC",Washington,DC,FMMOS,FMMOS - non-mars,02/23/2021 09:39:00,2020,2020-JUL,5.79,component,lmprs,
Dec,2020,,California,51.0,5.75,Producer Milk Components,AMS_3462,3462,Dairy FMMOS,DY-NA,Washington,DC,"Washington, DC",Washington,DC,FMMOS,FMMOS - non-mars,02/23/2021 09:39:00,2020,2020-JUL,5.76,component,lmprs,
Dec,2020,,Mideast,33.0,5.78,Producer Milk Components,AMS_3462,3462,Dairy FMMOS,DY-NA,Washington,DC,"Washington, DC",Washington,DC,FMMOS,FMMOS - non-mars,02/23/2021 09:39:00,2020,2020-JUL,5.78,component,lmprs,
Dec,2020,,Northeast,1.0,5.77,Producer Milk Components,AMS_3462,3462,Dairy FMMOS,DY-NA,Washington,DC,"Washington, DC",Washington,DC,FMMOS,FMMOS - non-mars,02/23/2021 09:39:00,2020,2020-JUL,5.76,component,lmprs,
Dec,2020,,Southwest,126.0,5.78,Producer Milk Components,AMS_3462,3462,Dairy FMMOS,DY-NA,Washington,DC,"Washington, DC",Washington,DC,FMMOS,FMMOS - non-mars,02/23/2021 09:39:00,2020,2020-JUL,5.78,component,lmprs,
Dec,2020,,Pacific Northwest,124.0,5.77,Producer Milk Components,AMS_3462,3462,Dairy FMMOS,DY-NA,Washington,DC,"Washington, DC",Washington,DC,FMMOS,FMMOS - non-mars,02/23/2021 09:39:00,2020,2020-JUL,5.77,component,lmprs,
Dec,2020,,Upper Midwest,30.0,5.77,Producer Milk Components,AMS_3462,3462,Dairy FMMOS,DY-NA,Washington,DC,"Washington, DC",Washington,DC,FMMOS,FMMOS - non-mars,02/23/2021 09:39:00,2020,2020-JUL,5.78,component,lmprs,
Dec,2021,,Southwest,126.0,5.78,Producer Milk Components,AMS_3462,3462,Dairy FMMOS,DY-NA,Washington,DC,"Washington, DC",Washington,DC,FMMOS,FMMOS - non-mars,01/31/2022 07:17:00,2021,2021-JUL,5.79,component,lmprs,
Dec,2021,,Upper Midwest,30.0,5.80,Producer Milk Components,AMS_3462,3462,Dairy FMMOS,DY-NA,Washington,DC,"Washington, DC",Washington,DC,FMMOS,FMMOS - non-mars,01/31/2022 07:17:00,2021,2021-JUL,5.79,component,lmprs,
Dec,2021,,Northeast,1.0,5.77,Producer Milk Components,AMS_3462,3462,Dairy FMMOS,DY-NA,Washington,DC,"Washington, DC",Washington,DC,FMMOS,FMMOS - non-mars,01/31/2022 07:17:00,2021,2021-JUL,5.77,component,lmprs,
Dec,2021,,Pacific Northwest,124.0,5.77,Producer Milk Components,AMS_3462,3462,Dairy FMMOS,DY-NA,Washington,DC,"Washington, DC",Washington,DC,FMMOS,FMMOS - non-mars,01/31/2022 07:17:00,2021,2021-JUL,5.77,component,lmprs,
Dec,2021,,Mideast,33.0,5.77,Producer Milk Components,AMS_3462,3462,Dairy FMMOS,DY-NA,Washington,DC,"Washington, DC",Washington,DC,FMMOS,FMMOS - non-mars,01/31/2022 07:17:00,2021,2021-JUL,5.78,component,lmprs,
Dec,2021,,Central,32.0,5.78,Producer Milk Components,AMS_3462,3462,Dairy FMMOS,DY-NA,Washington,DC,"Washington, DC",Washington,DC,FMMOS,FMMOS - non-mars,01/31/2022 07:17:00,2021,2021-JUL,5.78,component,lmprs,
Dec,2021,,California,51.0,5.75,Producer Milk Components,AMS_3462,3462,Dairy FMMOS,DY-NA,Washington,DC,"Washington, DC",Washington,DC,FMMOS,FMMOS - non-mars,01/31/2022 07:17:00,2021,2021-JUL,5.76,component,lmprs,
Dec,2021,,All Markets Combined,,5.77,Producer Milk Components,AMS_3462,3462,Dairy FMMOS,DY-NA,Washington,DC,"Washington, DC",Washington,DC,FMMOS,FMMOS - non-mars,01/31/2022 07:17:00,2021,2021-JUL,5.78,component,lmprs,
Dec,2022,,All Markets Combined,,5.78,Producer Milk Components,AMS_3462,3462,Dairy FMMOS,DY-NA,Washington,DC,"Washington, DC",Washington,DC,FMMOS,FMMOS - non-mars,01/30/2023 07:36:00,2022,2022-JUL,5.78,component,lmprs,
Dec,2022,,California,51.0,5.75,Producer Milk Components,AMS_3462,3462,Dairy FMMOS,DY-NA,Washington,DC,"Washington, DC",Washington,DC,FMMOS,FMMOS - non-mars,01/30/2023 07:36:00,2022,2022-JUL,5.77,component,lmprs,
Dec,2022,,Central,32.0,5.79,Producer Milk Components,AMS_3462,3462,Dairy FMMOS,DY-NA,Washington,DC,"Washington, DC",Washington,DC,FMMOS,FMMOS - non-mars,01/30/2023 07:36:00,2022,2022-JUL,5.79,component,lmprs,
Dec,2022,,Mideast,33.0,5.78,Producer Milk Components,AMS_3462,3462,Dairy FMMOS,DY-NA,Washington,DC,"Washington, DC",Washington,DC,FMMOS,FMMOS - non-mars,01/30/2023 07:36:00,2022,2022-JUL,5.78,component,lmprs,
Dec,2022,,Pacific Northwest,124.0,5.78,Producer Milk Components,AMS_3462,3462,Dairy FMMOS,DY-NA,Washington,DC,"Washington, DC",Washington,DC,FMMOS,FMMOS - non-mars,01/30/2023 07:36:00,2022,2022-JUL,5.78,component,lmprs,
Dec,2022,,Northeast,1.0,5.78,Producer Milk Components,AMS_3462,3462,Dairy FMMOS,DY-NA,Washington,DC,"Washington, DC",Washington,DC,FMMOS,FMMOS - non-mars,01/30/2023 07:36:00,2022,2022-JUL,5.77,component,lmprs,
Dec,2022,,Upper Midwest,30.0,5.79,Producer Milk Components,AMS_3462,3462,Dairy FMMOS,DY-NA,Washington,DC,"Washington, DC",Washington,DC,FMMOS,FMMOS - non-mars,01/30/2023 07:36:00,2022,2022-JUL,5.78,component,lmprs,
Dec,2022,,Southwest,126.0,5.79,Producer Milk Components,AMS_3462,3462,Dairy FMMOS,DY-NA,Washington,DC,"Washington, DC",Washington,DC,FMMOS,FMMOS - non-mars,01/30/2023 07:36:00,2022,2022-JUL,5.79,component,lmprs,
Dec,2023,,Southwest,126.0,5.79,Producer Milk Components,AMS_3462,3462,Dairy FMMOS,DY-NA,Washington,DC,"Washington, DC",Washington,DC,FMMOS,FMMOS - non-mars,01/30/2024 09:42:00,2023,2023-JUL,5.78,component,lmprs,
Dec,2023,,Upper Midwest,30.0,5.78,Producer Milk Components,AMS_3462,3462,Dairy FMMOS,DY-NA,Washington,DC,"Washington, DC",Washington,DC,FMMOS,FMMOS - non-mars,01/30/2024 09:42:00,2023,2023-JUL,5.81,component,lmprs,
Dec,2023,,Northeast,1.0,5.77,Producer Milk Components,AMS_3462,3462,Dairy FMMOS,DY-NA,Washington,DC,"Washington, DC",Washington,DC,FMMOS,FMMOS - non-mars,01/30/2024 09:42:00,2023,2023-JUL,5.76,component,lmprs,
Dec,2023,,Pacific Northwest,124.0,5.78,Producer Milk Components,AMS_3462,3462,Dairy FMMOS,DY-NA,Washington,DC,"Washington, DC",Washington,DC,FMMOS,FMMOS - non-mars,01/30/2024 09:42:00,2023,2023-JUL,5.78,component,lmprs,
Dec,2023,,Mideast,33.0,5.79,Producer Milk Components,AMS_3462,3462,Dairy FMMOS,DY-NA,Washington,DC,"Washington, DC",Washington,DC,FMMOS,FMMOS - non-mars,01/30/2024 09:42:00,2023,2023-JUL,5.85,component,lmprs,
Dec,2023,,Central,32.0,5.79,Producer Milk Components,AMS_3462,3462,Dairy FMMOS,DY-NA,Washington,DC,"Washington, DC",Washington,DC,FMMOS,FMMOS - non-mars,01/30/2024 09:42:00,2023,2023-JUL,5.81,component,lmprs,
Dec,2023,,California,51.0,5.75,Producer Milk Components,AMS_3462,3462,Dairy FMMOS,DY-NA,Washington,DC,"Washington, DC",Washington,DC,FMMOS,FMMOS - non-mars,01/30/2024 09:42:00,2023,2023-JUL,5.75,component,lmprs,
Dec,2023,,All Markets Combined,,5.78,Producer Milk Components,AMS_3462,3462,Dairy FMMOS,DY-NA,Washington,DC,"Washington, DC",Washington,DC,FMMOS,FMMOS - non-mars,01/30/2024 09:42:00,2023,2023-JUL,5.79,component,lmprs,
Dec,2024,,All Markets Combined,,5.78,Producer Milk Components,AMS_3462,3462,Dairy FMMOS,DY-NA,Washington,DC,"Washington, DC",Washington,DC,FMMOS,FMMOS - non-mars,01/23/2025 09:07:00,2024,2024-JUL,5.78,component,lmprs,
Dec,2024,,California,51.0,5.77,Producer Milk Components,AMS_3462,3462,Dairy FMMOS,DY-NA,Washington,DC,"Washington, DC",Washington,DC,FMMOS,FMMOS - non-mars,01/23/2025 09:07:00,2024,2024-JUL,5.76,component,lmprs,
Dec,2024,,Central,32.0,5.80,Producer Milk Components,AMS_3462,3462,Dairy FMMOS,DY-NA,Washington,DC,"Washington, DC",Washington,DC,FMMOS,FMMOS - non-mars,01/23/2025 09:07:00,2024,2024-JUL,5.80,component,lmprs,
Dec,2024,,Mideast,33.0,5.77,Producer Milk Components,AMS_3462,3462,Dairy FMMOS,DY-NA,Washington,DC,"Washington, DC",Washington,DC,FMMOS,FMMOS - non-mars,01/23/2025 09:07:00,2024,2024-JUL,5.76,component,lmprs,
Dec,2024,,Pacific Northwest,124.0,5.78,Producer Milk Components,AMS_3462,3462,Dairy FMMOS,DY-NA,Washington,DC,"Washington, DC",Washington,DC,FMMOS,FMMOS - non-mars,01/23/2025 09:07:00,2024,2024-JUL,5.79,component,lmprs,
Dec,2024,,Northeast,1.0,5.78,Producer Milk Components,AMS_3462,3462,Dairy FMMOS,DY-NA,Washington,DC,"Washington, DC",Washington,DC,FMMOS,FMMOS - non-mars,01/23/2025 09:07:00,2024,2024-JUL,5.76,component,lmprs,
Dec,2024,,Upper Midwest,30.0,5.79,Producer Milk Components,AMS_3462,3462,Dairy FMMOS,DY-NA,Washington,DC,"Washington, DC",Washington,DC,FMMOS,FMMOS - non-mars,01/23/2025 09:07:00,2024,2024-JUL,5.80,component,lmprs,
Dec,2024,,Southwest,126.0,5.80,Producer Milk Components,AMS_3462,3462,Dairy FMMOS,DY-NA,Washington,DC,"Washington, DC",Washington,DC,FMMOS,FMMOS - non-mars,01/23/2025 09:07:00,2024,2024-JUL,5.80,component,lmprs,
Dec,2025,,Southwest,126.0,5.78,Producer Milk Components,AMS_3462,3462,Dairy FMMOS,DY-NA,Washington,DC,"Washington, DC",Washington,DC,FMMOS,FMMOS - non-mars,01/21/2026 11:39:00,2025,2025-JUL,5.79,component,lmprs,
Dec,2025,,Upper Midwest,30.0,5.79,Producer Milk Components,AMS_3462,3462,Dairy FMMOS,DY-NA,Washington,DC,"Washington, DC",Washington,DC,FMMOS,FMMOS - non-mars,01/21/2026 11:39:00,2025,2025-JUL,5.80,component,lmprs,
Dec,2025,,Northeast,1.0,5.78,Producer Milk Components,AMS_3462,3462,Dairy FMMOS,DY-NA,Washington,DC,"Washington, DC",Washington,DC,FMMOS,FMMOS - non-mars,01/21/2026 11:39:00,2025,2025-JUL,5.76,component,lmprs,
Dec,2025,,Pacific Northwest,124.0,5.78,Producer Milk Components,AMS_3462,3462,Dairy FMMOS,DY-NA,Washington,DC,"Washington, DC",Washington,DC,FMMOS,FMMOS - non-mars,01/21/2026 11:39:00,2025,2025-JUL,5.78,component,lmprs,
Dec,2025,,Mideast,33.0,5.78,Producer Milk Components,AMS_3462,3462,Dairy FMMOS,DY-NA,Washington,DC,"Washington, DC",Washington,DC,FMMOS,FMMOS - non-mars,01/21/2026 11:39:00,2025,2025-JUL,5.77,component,lmprs,
Dec,2025,,Central,32.0,5.80,Producer Milk Components,AMS_3462,3462,Dairy FMMOS,DY-NA,Washington,DC,"Washington, DC",Washington,DC,FMMOS,FMMOS - non-mars,01/21/2026 11:39:00,2025,2025-JUL,5.79,component,lmprs,
Dec,2025,,California,51.0,5.78,Producer Milk Components,AMS_3462,3462,Dairy FMMOS,DY-NA,Washington,DC,"Washington, DC",Washington,DC,FMMOS,FMMOS - non-mars,01/21/2026 11:39:00,2025,2025-JUL,5.78,component,lmprs,
Dec,2025,,All Markets Combined,,5.78,Producer Milk Components,AMS_3462,3462,Dairy FMMOS,DY-NA,Washington,DC,"Washington, DC",Washington,DC,FMMOS,FMMOS - non-mars,01/21/2026 11:39:00,2025,2025-JUL,5.78,component,lmprs,
Mar,2026,,All Markets Combined,,5.77,Producer Milk Components,AMS_3462,3462,Dairy FMMOS,DY-NA,Washington,DC,"Washington, DC",Washington,DC,FMMOS,FMMOS - non-mars,04/21/2026 05:48:00,2026,2026-JUL,,component,lmprs,
Mar,2026,,California,51.0,5.76,Producer Milk Components,AMS_3462,3462,Dairy FMMOS,DY-NA,Washington,DC,"Washington, DC",Washington,DC,FMMOS,FMMOS - non-mars,04/21/2026 05:48:00,2026,2026-JUL,,component,lmprs,
Mar,2026,,Central,32.0,5.79,Producer Milk Components,AMS_3462,3462,Dairy FMMOS,DY-NA,Washington,DC,"Washington, DC",Washington,DC,FMMOS,FMMOS - non-mars,04/21/2026 05:48:00,2026,2026-JUL,,component,lmprs,
Mar,2026,,Mideast,33.0,5.78,Producer Milk Components,AMS_3462,3462,Dairy FMMOS,DY-NA,Washington,DC,"Washington, DC",Washington,DC,FMMOS,FMMOS - non-mars,04/21/2026 05:48:00,2026,2026-JUL,,component,lmprs,
Mar,2026,,Pacific Northwest,124.0,5.76,Producer Milk Components,AMS_3462,3462,Dairy FMMOS,DY-NA,Washington,DC,"Washington, DC",Washington,DC,FMMOS,FMMOS - non-mars,04/21/2026 05:48:00,2026,2026-JUL,,component,lmprs,
Mar,2026,,Northeast,1.0,5.76,Producer Milk Components,AMS_3462,3462,Dairy FMMOS,DY-NA,Washington,DC,"Washington, DC",Washington,DC,FMMOS,FMMOS - non-mars,04/21/2026 05:48:00,2026,2026-JUL,,component,lmprs,
Mar,2026,,Upper Midwest,30.0,5.78,Producer Milk Components,AMS_3462,3462,Dairy FMMOS,DY-NA,Washington,DC,"Washington, DC",Washington,DC,FMMOS,FMMOS - non-mars,04/21/2026 05:48:00,2026,2026-JUL,,component,lmprs,
Mar,2026,,Southwest,126.0,5.77,Producer Milk Components,AMS_3462,3462,Dairy FMMOS,DY-NA,Washington,DC,"Washington, DC",Washington,DC,FMMOS,FMMOS - non-mars,04/21/2026 05:48:00,2026,2026-JUL,,component,lmprs,
Dec,2000,,All Markets Combined,,5.69,Producer Milk Components,AMS_3462,3462,Dairy FMMOS,DY-NA,Washington,DC,"Washington, DC",Washington,DC,FMMOS,FMMOS - non-mars,04/09/2021 07:48:00,2000,2000-AUG,5.68,component,lmprs,
Dec,2000,,Central,32.0,5.70,Producer Milk Components,AMS_3462,3462,Dairy FMMOS,DY-NA,Washington,DC,"Washington, DC",Washington,DC,FMMOS,FMMOS - non-mars,04/09/2021 07:48:00,2000,2000-AUG,5.68,component,lmprs,
Dec,2000,,Mideast,33.0,5.69,Producer Milk Components,AMS_3462,3462,Dairy FMMOS,DY-NA,Washington,DC,"Washington, DC",Washington,DC,FMMOS,FMMOS - non-mars,04/09/2021 07:48:00,2000,2000-AUG,5.69,component,lmprs,
Dec,2000,,Northeast,1.0,5.67,Producer Milk Components,AMS_3462,3462,Dairy FMMOS,DY-NA,Washington,DC,"Washington, DC",Washington,DC,FMMOS,FMMOS - non-mars,04/09/2021 07:48:00,2000,2000-AUG,5.67,component,lmprs,
Dec,2000,,Pacific Northwest,124.0,5.71,Producer Milk Components,AMS_3462,3462,Dairy FMMOS,DY-NA,Washington,DC,"Washington, DC",Washington,DC,FMMOS,FMMOS - non-mars,04/09/2021 07:48:00,2000,2000-AUG,5.71,component,lmprs,
Dec,2000,,Southwest,126.0,5.67,Producer Milk Components,AMS_3462,3462,Dairy FMMOS,DY-NA,Washington,DC,"Washington, DC",Washington,DC,FMMOS,FMMOS - non-mars,04/09/2021 07:48:00,2000,2000-AUG,5.61,component,lmprs,
Dec,2000,,Upper Midwest,30.0,5.70,Producer Milk Components,AMS_3462,3462,Dairy FMMOS,DY-NA,Washington,DC,"Washington, DC",Washington,DC,FMMOS,FMMOS - non-mars,04/09/2021 07:48:00,2000,2000-AUG,5.70,component,lmprs,
Dec,2000,,Western,135.0,5.75,Producer Milk Components,AMS_3462,3462,Dairy FMMOS,DY-NA,Washington,DC,"Washington, DC",Washington,DC,FMMOS,FMMOS - non-mars,04/09/2021 07:48:00,2000,2000-AUG,5.76,component,lmprs,
Dec,2001,,Western,135.0,5.71,Producer Milk Components,AMS_3462,3462,Dairy FMMOS,DY-NA,Washington,DC,"Washington, DC",Washington,DC,FMMOS,FMMOS - non-mars,04/09/2021 07:46:00,2001,2001-AUG,5.72,component,lmprs,
Dec,2001,,Upper Midwest,30.0,5.70,Producer Milk Components,AMS_3462,3462,Dairy FMMOS,DY-NA,Washington,DC,"Washington, DC",Washington,DC,FMMOS,FMMOS - non-mars,04/09/2021 07:46:00,2001,2001-AUG,5.69,component,lmprs,
Dec,2001,,Southwest,126.0,5.67,Producer Milk Components,AMS_3462,3462,Dairy FMMOS,DY-NA,Washington,DC,"Washington, DC",Washington,DC,FMMOS,FMMOS - non-mars,04/09/2021 07:46:00,2001,2001-AUG,5.62,component,lmprs,
Dec,2001,,Pacific Northwest,124.0,5.70,Producer Milk Components,AMS_3462,3462,Dairy FMMOS,DY-NA,Washington,DC,"Washington, DC",Washington,DC,FMMOS,FMMOS - non-mars,04/09/2021 07:46:00,2001,2001-AUG,5.72,component,lmprs,
Dec,2001,,Northeast,1.0,5.69,Producer Milk Components,AMS_3462,3462,Dairy FMMOS,DY-NA,Washington,DC,"Washington, DC",Washington,DC,FMMOS,FMMOS - non-mars,04/09/2021 07:46:00,2001,2001-AUG,5.66,component,lmprs,
Dec,2001,,Mideast,33.0,5.70,Producer Milk Components,AMS_3462,3462,Dairy FMMOS,DY-NA,Washington,DC,"Washington, DC",Washington,DC,FMMOS,FMMOS - non-mars,04/09/2021 07:46:00,2001,2001-AUG,5.69,component,lmprs,
Dec,2001,,Central,32.0,5.70,Producer Milk Components,AMS_3462,3462,Dairy FMMOS,DY-NA,Washington,DC,"Washington, DC",Washington,DC,FMMOS,FMMOS - non-mars,04/09/2021 07:46:00,2001,2001-AUG,5.64,component,lmprs,
Dec,2001,,All Markets Combined,,5.70,Producer Milk Components,AMS_3462,3462,Dairy FMMOS,DY-NA,Washington,DC,"Washington, DC",Washington,DC,FMMOS,FMMOS - non-mars,04/09/2021 07:46:00,2001,2001-AUG,5.67,component,lmprs,
Dec,2002,,All Markets Combined,,5.71,Producer Milk Components,AMS_3462,3462,Dairy FMMOS,DY-NA,Washington,DC,"Washington, DC",Washington,DC,FMMOS,FMMOS - non-mars,04/09/2021 07:46:00,2002,2002-AUG,5.69,component,lmprs,
Dec,2002,,Central,32.0,5.71,Producer Milk Components,AMS_3462,3462,Dairy FMMOS,DY-NA,Washington,DC,"Washington, DC",Washington,DC,FMMOS,FMMOS - non-mars,04/09/2021 07:46:00,2002,2002-AUG,5.70,component,lmprs,
Dec,2002,,Mideast,33.0,5.71,Producer Milk Components,AMS_3462,3462,Dairy FMMOS,DY-NA,Washington,DC,"Washington, DC",Washington,DC,FMMOS,FMMOS - non-mars,04/09/2021 07:46:00,2002,2002-AUG,5.70,component,lmprs,
Dec,2002,,Northeast,1.0,5.71,Producer Milk Components,AMS_3462,3462,Dairy FMMOS,DY-NA,Washington,DC,"Washington, DC",Washington,DC,FMMOS,FMMOS - non-mars,04/09/2021 07:46:00,2002,2002-AUG,5.68,component,lmprs,
Dec,2002,,Pacific Northwest,124.0,5.71,Producer Milk Components,AMS_3462,3462,Dairy FMMOS,DY-NA,Washington,DC,"Washington, DC",Washington,DC,FMMOS,FMMOS - non-mars,04/09/2021 07:46:00,2002,2002-AUG,5.70,component,lmprs,
Dec,2002,,Southwest,126.0,5.69,Producer Milk Components,AMS_3462,3462,Dairy FMMOS,DY-NA,Washington,DC,"Washington, DC",Washington,DC,FMMOS,FMMOS - non-mars,04/09/2021 07:46:00,2002,2002-AUG,5.67,component,lmprs,
Dec,2002,,Upper Midwest,30.0,5.71,Producer Milk Components,AMS_3462,3462,Dairy FMMOS,DY-NA,Washington,DC,"Washington, DC",Washington,DC,FMMOS,FMMOS - non-mars,04/09/2021 07:46:00,2002,2002-AUG,5.70,component,lmprs,
Dec,2002,,Western,135.0,5.72,Producer Milk Components,AMS_3462,3462,Dairy FMMOS,DY-NA,Washington,DC,"Washington, DC",Washington,DC,FMMOS,FMMOS - non-mars,04/09/2021 07:46:00,2002,2002-AUG,5.73,component,lmprs,
Dec,2003,,Western,135.0,5.70,Producer Milk Components,AMS_3462,3462,Dairy FMMOS,DY-NA,Washington,DC,"Washington, DC",Washington,DC,FMMOS,FMMOS - non-mars,04/09/2021 07:46:00,2003,2003-AUG,5.70,component,lmprs,
Dec,2003,,Upper Midwest,30.0,5.72,Producer Milk Components,AMS_3462,3462,Dairy FMMOS,DY-NA,Washington,DC,"Washington, DC",Washington,DC,FMMOS,FMMOS - non-mars,04/09/2021 07:46:00,2003,2003-AUG,5.69,component,lmprs,
Dec,2003,,Southwest,126.0,5.72,Producer Milk Components,AMS_3462,3462,Dairy FMMOS,DY-NA,Washington,DC,"Washington, DC",Washington,DC,FMMOS,FMMOS - non-mars,04/09/2021 07:46:00,2003,2003-AUG,5.69,component,lmprs,
Dec,2003,,Pacific Northwest,124.0,5.69,Producer Milk Components,AMS_3462,3462,Dairy FMMOS,DY-NA,Washington,DC,"Washington, DC",Washington,DC,FMMOS,FMMOS - non-mars,04/09/2021 07:46:00,2003,2003-AUG,5.69,component,lmprs,
Dec,2003,,Mideast,33.0,5.71,Producer Milk Components,AMS_3462,3462,Dairy FMMOS,DY-NA,Washington,DC,"Washington, DC",Washington,DC,FMMOS,FMMOS - non-mars,04/09/2021 07:46:00,2003,2003-AUG,5.69,component,lmprs,
Dec,2003,,Northeast,1.0,5.69,Producer Milk Components,AMS_3462,3462,Dairy FMMOS,DY-NA,Washington,DC,"Washington, DC",Washington,DC,FMMOS,FMMOS - non-mars,04/09/2021 07:46:00,2003,2003-AUG,5.66,component,lmprs,
Dec,2003,,Central,32.0,5.73,Producer Milk Components,AMS_3462,3462,Dairy FMMOS,DY-NA,Washington,DC,"Washington, DC",Washington,DC,FMMOS,FMMOS - non-mars,04/09/2021 07:46:00,2003,2003-AUG,5.69,component,lmprs,
Dec,2003,,All Markets Combined,,5.71,Producer Milk Components,AMS_3462,3462,Dairy FMMOS,DY-NA,Washington,DC,"Washington, DC",Washington,DC,FMMOS,FMMOS - non-mars,04/09/2021 07:46:00,2003,2003-AUG,5.68,component,lmprs,
Dec,2004,,All Markets Combined,,5.70,Producer Milk Components,AMS_3462,3462,Dairy FMMOS,DY-NA,Washington,DC,"Washington, DC",Washington,DC,FMMOS,FMMOS - non-mars,04/09/2021 07:44:00,2004,2004-AUG,5.70,component,lmprs,
Dec,2004,,Central,32.0,5.72,Producer Milk Components,AMS_3462,3462,Dairy FMMOS,DY-NA,Washington,DC,"Washington, DC",Washington,DC,FMMOS,FMMOS - non-mars,04/09/2021 07:44:00,2004,2004-AUG,5.71,component,lmprs,
Dec,2004,,Northeast,1.0,5.67,Producer Milk Components,AMS_3462,3462,Dairy FMMOS,DY-NA,Washington,DC,"Washington, DC",Washington,DC,FMMOS,FMMOS - non-mars,04/09/2021 07:44:00,2004,2004-AUG,5.67,component,lmprs,
Dec,2004,,Mideast,33.0,5.70,Producer Milk Components,AMS_3462,3462,Dairy FMMOS,DY-NA,Washington,DC,"Washington, DC",Washington,DC,FMMOS,FMMOS - non-mars,04/09/2021 07:44:00,2004,2004-AUG,5.71,component,lmprs,
Dec,2004,,Pacific Northwest,124.0,5.69,Producer Milk Components,AMS_3462,3462,Dairy FMMOS,DY-NA,Washington,DC,"Washington, DC",Washington,DC,FMMOS,FMMOS - non-mars,04/09/2021 07:44:00,2004,2004-AUG,5.70,component,lmprs,
Dec,2004,,Southwest,126.0,5.72,Producer Milk Components,AMS_3462,3462,Dairy FMMOS,DY-NA,Washington,DC,"Washington, DC",Washington,DC,FMMOS,FMMOS - non-mars,04/09/2021 07:44:00,2004,2004-AUG,5.70,component,lmprs,
Dec,2004,,Upper Midwest,30.0,5.70,Producer Milk Components,AMS_3462,3462,Dairy FMMOS,DY-NA,Washington,DC,"Washington, DC",Washington,DC,FMMOS,FMMOS - non-mars,04/09/2021 07:44:00,2004,2004-AUG,5.71,component,lmprs,
Dec,2004,,Western,135.0,5.70,Producer Milk Components,AMS_3462,3462,Dairy FMMOS,DY-NA,Washington,DC,"Washington, DC",Washington,DC,FMMOS,FMMOS - non-mars,04/09/2021 07:44:00,2004,2004-AUG,,component,lmprs,
Dec,2005,,Upper Midwest,30.0,5.71,Producer Milk Components,AMS_3462,3462,Dairy FMMOS,DY-NA,Washington,DC,"Washington, DC",Washington,DC,FMMOS,FMMOS - non-mars,03/30/2021 14:16:00,2005,2005-AUG,5.71,component,lmprs,
Dec,2005,,Southwest,126.0,5.72,Producer Milk Components,AMS_3462,3462,Dairy FMMOS,DY-NA,Washington,DC,"Washington, DC",Washington,DC,FMMOS,FMMOS - non-mars,03/30/2021 14:16:00,2005,2005-AUG,5.74,component,lmprs,
Dec,2005,,Pacific Northwest,124.0,5.71,Producer Milk Components,AMS_3462,3462,Dairy FMMOS,DY-NA,Washington,DC,"Washington, DC",Washington,DC,FMMOS,FMMOS - non-mars,03/30/2021 14:16:00,2005,2005-AUG,5.72,component,lmprs,
Dec,2005,,Mideast,33.0,5.71,Producer Milk Components,AMS_3462,3462,Dairy FMMOS,DY-NA,Washington,DC,"Washington, DC",Washington,DC,FMMOS,FMMOS - non-mars,03/30/2021 14:16:00,2005,2005-AUG,5.71,component,lmprs,
Dec,2005,,Northeast,1.0,5.69,Producer Milk Components,AMS_3462,3462,Dairy FMMOS,DY-NA,Washington,DC,"Washington, DC",Washington,DC,FMMOS,FMMOS - non-mars,03/30/2021 14:16:00,2005,2005-AUG,5.66,component,lmprs,
Dec,2005,,Central,32.0,5.73,Producer Milk Components,AMS_3462,3462,Dairy FMMOS,DY-NA,Washington,DC,"Washington, DC",Washington,DC,FMMOS,FMMOS - non-mars,03/30/2021 14:16:00,2005,2005-AUG,5.72,component,lmprs,
Dec,2005,,All Markets Combined,,5.71,Producer Milk Components,AMS_3462,3462,Dairy FMMOS,DY-NA,Washington,DC,"Washington, DC",Washington,DC,FMMOS,FMMOS - non-mars,03/30/2021 14:16:00,2005,2005-AUG,5.70,component,lmprs,
Dec,2006,,All Markets Combined,,5.71,Producer Milk Components,AMS_3462,3462,Dairy FMMOS,DY-NA,Washington,DC,"Washington, DC",Washington,DC,FMMOS,FMMOS - non-mars,03/30/2021 14:16:00,2006,2006-AUG,5.70,component,lmprs,
Dec,2006,,Central,32.0,5.73,Producer Milk Components,AMS_3462,3462,Dairy FMMOS,DY-NA,Washington,DC,"Washington, DC",Washington,DC,FMMOS,FMMOS - non-mars,03/30/2021 14:16:00,2006,2006-AUG,5.73,component,lmprs,
Dec,2006,,Northeast,1.0,5.70,Producer Milk Components,AMS_3462,3462,Dairy FMMOS,DY-NA,Washington,DC,"Washington, DC",Washington,DC,FMMOS,FMMOS - non-mars,03/30/2021 14:16:00,2006,2006-AUG,5.66,component,lmprs,
Dec,2006,,Mideast,33.0,5.71,Producer Milk Components,AMS_3462,3462,Dairy FMMOS,DY-NA,Washington,DC,"Washington, DC",Washington,DC,FMMOS,FMMOS - non-mars,03/30/2021 14:16:00,2006,2006-AUG,5.69,component,lmprs,
Dec,2006,,Pacific Northwest,124.0,5.70,Producer Milk Components,AMS_3462,3462,Dairy FMMOS,DY-NA,Washington,DC,"Washington, DC",Washington,DC,FMMOS,FMMOS - non-mars,03/30/2021 14:16:00,2006,2006-AUG,5.68,component,lmprs,
Dec,2006,,Southwest,126.0,5.70,Producer Milk Components,AMS_3462,3462,Dairy FMMOS,DY-NA,Washington,DC,"Washington, DC",Washington,DC,FMMOS,FMMOS - non-mars,03/30/2021 14:16:00,2006,2006-AUG,5.70,component,lmprs,
Dec,2006,,Upper Midwest,30.0,5.72,Producer Milk Components,AMS_3462,3462,Dairy FMMOS,DY-NA,Washington,DC,"Washington, DC",Washington,DC,FMMOS,FMMOS - non-mars,03/30/2021 14:16:00,2006,2006-AUG,5.73,component,lmprs,
Dec,2007,,Upper Midwest,30.0,5.71,Producer Milk Components,AMS_3462,3462,Dairy FMMOS,DY-NA,Washington,DC,"Washington, DC",Washington,DC,FMMOS,FMMOS - non-mars,03/30/2021 14:16:00,2007,2007-AUG,5.72,component,lmprs,
Dec,2007,,Southwest,126.0,5.69,Producer Milk Components,AMS_3462,3462,Dairy FMMOS,DY-NA,Washington,DC,"Washington, DC",Washington,DC,FMMOS,FMMOS - non-mars,03/30/2021 14:16:00,2007,2007-AUG,5.69,component,lmprs,
Dec,2007,,Pacific Northwest,124.0,5.71,Producer Milk Components,AMS_3462,3462,Dairy FMMOS,DY-NA,Washington,DC,"Washington, DC",Washington,DC,FMMOS,FMMOS - non-mars,03/30/2021 14:16:00,2007,2007-AUG,5.74,component,lmprs,
Dec,2007,,Mideast,33.0,5.71,Producer Milk Components,AMS_3462,3462,Dairy FMMOS,DY-NA,Washington,DC,"Washington, DC",Washington,DC,FMMOS,FMMOS - non-mars,03/30/2021 14:16:00,2007,2007-AUG,5.72,component,lmprs,
Dec,2007,,Northeast,1.0,5.71,Producer Milk Components,AMS_3462,3462,Dairy FMMOS,DY-NA,Washington,DC,"Washington, DC",Washington,DC,FMMOS,FMMOS - non-mars,03/30/2021 14:16:00,2007,2007-AUG,5.68,component,lmprs,
Dec,2007,,Central,32.0,5.71,Producer Milk Components,AMS_3462,3462,Dairy FMMOS,DY-NA,Washington,DC,"Washington, DC",Washington,DC,FMMOS,FMMOS - non-mars,03/30/2021 14:16:00,2007,2007-AUG,5.71,component,lmprs,
Dec,2007,,All Markets Combined,,5.71,Producer Milk Components,AMS_3462,3462,Dairy FMMOS,DY-NA,Washington,DC,"Washington, DC",Washington,DC,FMMOS,FMMOS - non-mars,03/30/2021 14:16:00,2007,2007-AUG,5.71,component,lmprs,
Dec,2008,,All Markets Combined,,5.71,Producer Milk Components,AMS_3462,3462,Dairy FMMOS,DY-NA,Washington,DC,"Washington, DC",Washington,DC,FMMOS,FMMOS - non-mars,03/30/2021 14:15:00,2008,2008-AUG,5.71,component,lmprs,
Dec,2008,,Central,32.0,5.72,Producer Milk Components,AMS_3462,3462,Dairy FMMOS,DY-NA,Washington,DC,"Washington, DC",Washington,DC,FMMOS,FMMOS - non-mars,03/30/2021 14:15:00,2008,2008-AUG,5.73,component,lmprs,
Dec,2008,,Northeast,1.0,5.71,Producer Milk Components,AMS_3462,3462,Dairy FMMOS,DY-NA,Washington,DC,"Washington, DC",Washington,DC,FMMOS,FMMOS - non-mars,03/30/2021 14:15:00,2008,2008-AUG,5.69,component,lmprs,
Dec,2008,,Mideast,33.0,5.70,Producer Milk Components,AMS_3462,3462,Dairy FMMOS,DY-NA,Washington,DC,"Washington, DC",Washington,DC,FMMOS,FMMOS - non-mars,03/30/2021 14:15:00,2008,2008-AUG,5.70,component,lmprs,
Dec,2008,,Pacific Northwest,124.0,5.70,Producer Milk Components,AMS_3462,3462,Dairy FMMOS,DY-NA,Washington,DC,"Washington, DC",Washington,DC,FMMOS,FMMOS - non-mars,03/30/2021 14:15:00,2008,2008-AUG,5.72,component,lmprs,
Dec,2008,,Southwest,126.0,5.73,Producer Milk Components,AMS_3462,3462,Dairy FMMOS,DY-NA,Washington,DC,"Washington, DC",Washington,DC,FMMOS,FMMOS - non-mars,03/30/2021 14:15:00,2008,2008-AUG,5.74,component,lmprs,
Dec,2008,,Upper Midwest,30.0,5.71,Producer Milk Components,AMS_3462,3462,Dairy FMMOS,DY-NA,Washington,DC,"Washington, DC",Washington,DC,FMMOS,FMMOS - non-mars,03/30/2021 14:15:00,2008,2008-AUG,5.71,component,lmprs,
Dec,2009,,Upper Midwest,30.0,5.73,Producer Milk Components,AMS_3462,3462,Dairy FMMOS,DY-NA,Washington,DC,"Washington, DC",Washington,DC,FMMOS,FMMOS - non-mars,03/30/2021 14:15:00,2009,2009-AUG,5.73,component,lmprs,
Dec,2009,,Southwest,126.0,5.74,Producer Milk Components,AMS_3462,3462,Dairy FMMOS,DY-NA,Washington,DC,"Washington, DC",Washington,DC,FMMOS,FMMOS - non-mars,03/30/2021 14:15:00,2009,2009-AUG,5.72,component,lmprs,
Dec,2009,,Pacific Northwest,124.0,5.69,Producer Milk Components,AMS_3462,3462,Dairy FMMOS,DY-NA,Washington,DC,"Washington, DC",Washington,DC,FMMOS,FMMOS - non-mars,03/30/2021 14:15:00,2009,2009-AUG,5.69,component,lmprs,
Dec,2009,,Mideast,33.0,5.69,Producer Milk Components,AMS_3462,3462,Dairy FMMOS,DY-NA,Washington,DC,"Washington, DC",Washington,DC,FMMOS,FMMOS - non-mars,03/30/2021 14:15:00,2009,2009-AUG,5.69,component,lmprs,
Dec,2009,,Northeast,1.0,5.69,Producer Milk Components,AMS_3462,3462,Dairy FMMOS,DY-NA,Washington,DC,"Washington, DC",Washington,DC,FMMOS,FMMOS - non-mars,03/30/2021 14:15:00,2009,2009-AUG,5.67,component,lmprs,
Dec,2009,,Central,32.0,5.74,Producer Milk Components,AMS_3462,3462,Dairy FMMOS,DY-NA,Washington,DC,"Washington, DC",Washington,DC,FMMOS,FMMOS - non-mars,03/30/2021 14:15:00,2009,2009-AUG,5.73,component,lmprs,
Dec,2009,,All Markets Combined,,5.71,Producer Milk Components,AMS_3462,3462,Dairy FMMOS,DY-NA,Washington,DC,"Washington, DC",Washington,DC,FMMOS,FMMOS - non-mars,03/30/2021 14:15:00,2009,2009-AUG,5.70,component,lmprs,
Dec,2010,,All Markets Combined,,5.74,Producer Milk Components,AMS_3462,3462,Dairy FMMOS,DY-NA,Washington,DC,"Washington, DC",Washington,DC,FMMOS,FMMOS - non-mars,03/30/2021 14:14:00,2010,2010-AUG,5.72,component,lmprs,
Dec,2010,,Central,32.0,5.74,Producer Milk Components,AMS_3462,3462,Dairy FMMOS,DY-NA,Washington,DC,"Washington, DC",Washington,DC,FMMOS,FMMOS - non-mars,03/30/2021 14:14:00,2010,2010-AUG,5.72,component,lmprs,
Dec,2010,,Northeast,1.0,5.72,Producer Milk Components,AMS_3462,3462,Dairy FMMOS,DY-NA,Washington,DC,"Washington, DC",Washington,DC,FMMOS,FMMOS - non-mars,03/30/2021 14:14:00,2010,2010-AUG,5.70,component,lmprs,
Dec,2010,,Mideast,33.0,5.71,Producer Milk Components,AMS_3462,3462,Dairy FMMOS,DY-NA,Washington,DC,"Washington, DC",Washington,DC,FMMOS,FMMOS - non-mars,03/30/2021 14:14:00,2010,2010-AUG,5.69,component,lmprs,
Dec,2010,,Pacific Northwest,124.0,5.71,Producer Milk Components,AMS_3462,3462,Dairy FMMOS,DY-NA,Washington,DC,"Washington, DC",Washington,DC,FMMOS,FMMOS - non-mars,03/30/2021 14:14:00,2010,2010-AUG,5.72,component,lmprs,
Dec,2010,,Southwest,126.0,5.76,Producer Milk Components,AMS_3462,3462,Dairy FMMOS,DY-NA,Washington,DC,"Washington, DC",Washington,DC,FMMOS,FMMOS - non-mars,03/30/2021 14:14:00,2010,2010-AUG,5.74,component,lmprs,
Dec,2010,,Upper Midwest,30.0,5.76,Producer Milk Components,AMS_3462,3462,Dairy FMMOS,DY-NA,Washington,DC,"Washington, DC",Washington,DC,FMMOS,FMMOS - non-mars,03/30/2021 14:14:00,2010,2010-AUG,5.76,component,lmprs,
Dec,2011,,Southwest,126.0,5.75,Producer Milk Components,AMS_3462,3462,Dairy FMMOS,DY-NA,Washington,DC,"Washington, DC",Washington,DC,FMMOS,FMMOS - non-mars,03/30/2021 14:14:00,2011,2011-AUG,5.73,component,lmprs,
Dec,2011,,Upper Midwest,30.0,5.74,Producer Milk Components,AMS_3462,3462,Dairy FMMOS,DY-NA,Washington,DC,"Washington, DC",Washington,DC,FMMOS,FMMOS - non-mars,03/30/2021 14:14:00,2011,2011-AUG,5.72,component,lmprs,
Dec,2011,,Pacific Northwest,124.0,5.73,Producer Milk Components,AMS_3462,3462,Dairy FMMOS,DY-NA,Washington,DC,"Washington, DC",Washington,DC,FMMOS,FMMOS - non-mars,03/30/2021 14:14:00,2011,2011-AUG,5.75,component,lmprs,
Dec,2011,,Northeast,1.0,5.73,Producer Milk Components,AMS_3462,3462,Dairy FMMOS,DY-NA,Washington,DC,"Washington, DC",Washington,DC,FMMOS,FMMOS - non-mars,03/30/2021 14:14:00,2011,2011-AUG,5.70,component,lmprs,
Dec,2011,,Central,32.0,5.73,Producer Milk Components,AMS_3462,3462,Dairy FMMOS,DY-NA,Washington,DC,"Washington, DC",Washington,DC,FMMOS,FMMOS - non-mars,03/30/2021 14:14:00,2011,2011-AUG,5.71,component,lmprs,
Dec,2011,,Mideast,33.0,5.71,Producer Milk Components,AMS_3462,3462,Dairy FMMOS,DY-NA,Washington,DC,"Washington, DC",Washington,DC,FMMOS,FMMOS - non-mars,03/30/2021 14:14:00,2011,2011-AUG,5.69,component,lmprs,
Dec,2011,,All Markets Combined,,5.73,Producer Milk Components,AMS_3462,3462,Dairy FMMOS,DY-NA,Washington,DC,"Washington, DC",Washington,DC,FMMOS,FMMOS - non-mars,03/30/2021 14:14:00,2011,2011-AUG,5.71,component,lmprs,
Dec,2012,,All Markets Combined,,5.75,Producer Milk Components,AMS_3462,3462,Dairy FMMOS,DY-NA,Washington,DC,"Washington, DC",Washington,DC,FMMOS,FMMOS - non-mars,03/30/2021 14:13:00,2012,2012-AUG,5.74,component,lmprs,
Dec,2012,,Mideast,33.0,5.74,Producer Milk Components,AMS_3462,3462,Dairy FMMOS,DY-NA,Washington,DC,"Washington, DC",Washington,DC,FMMOS,FMMOS - non-mars,03/30/2021 14:13:00,2012,2012-AUG,5.75,component,lmprs,
Dec,2012,,Central,32.0,5.75,Producer Milk Components,AMS_3462,3462,Dairy FMMOS,DY-NA,Washington,DC,"Washington, DC",Washington,DC,FMMOS,FMMOS - non-mars,03/30/2021 14:13:00,2012,2012-AUG,5.73,component,lmprs,
Dec,2012,,Northeast,1.0,5.75,Producer Milk Components,AMS_3462,3462,Dairy FMMOS,DY-NA,Washington,DC,"Washington, DC",Washington,DC,FMMOS,FMMOS - non-mars,03/30/2021 14:13:00,2012,2012-AUG,5.76,component,lmprs,
Dec,2012,,Pacific Northwest,124.0,5.74,Producer Milk Components,AMS_3462,3462,Dairy FMMOS,DY-NA,Washington,DC,"Washington, DC",Washington,DC,FMMOS,FMMOS - non-mars,03/30/2021 14:13:00,2012,2012-AUG,5.76,component,lmprs,
Dec,2012,,Upper Midwest,30.0,5.75,Producer Milk Components,AMS_3462,3462,Dairy FMMOS,DY-NA,Washington,DC,"Washington, DC",Washington,DC,FMMOS,FMMOS - non-mars,03/30/2021 14:13:00,2012,2012-AUG,5.74,component,lmprs,
Dec,2012,,Southwest,126.0,5.77,Producer Milk Components,AMS_3462,3462,Dairy FMMOS,DY-NA,Washington,DC,"Washington, DC",Washington,DC,FMMOS,FMMOS - non-mars,03/30/2021 14:13:00,2012,2012-AUG,5.72,component,lmprs,
Dec,2013,,Southwest,126.0,5.77,Producer Milk Components,AMS_3462,3462,Dairy FMMOS,DY-NA,Washington,DC,"Washington, DC",Washington,DC,FMMOS,FMMOS - non-mars,03/30/2021 14:13:00,2013,2013-AUG,5.74,component,lmprs,
Dec,2013,,Upper Midwest,30.0,5.74,Producer Milk Components,AMS_3462,3462,Dairy FMMOS,DY-NA,Washington,DC,"Washington, DC",Washington,DC,FMMOS,FMMOS - non-mars,03/30/2021 14:13:00,2013,2013-AUG,5.76,component,lmprs,
Dec,2013,,Pacific Northwest,124.0,5.73,Producer Milk Components,AMS_3462,3462,Dairy FMMOS,DY-NA,Washington,DC,"Washington, DC",Washington,DC,FMMOS,FMMOS - non-mars,03/30/2021 14:13:00,2013,2013-AUG,5.74,component,lmprs,
Dec,2013,,Northeast,1.0,5.73,Producer Milk Components,AMS_3462,3462,Dairy FMMOS,DY-NA,Washington,DC,"Washington, DC",Washington,DC,FMMOS,FMMOS - non-mars,03/30/2021 14:13:00,2013,2013-AUG,5.72,component,lmprs,
Dec,2013,,Central,32.0,5.75,Producer Milk Components,AMS_3462,3462,Dairy FMMOS,DY-NA,Washington,DC,"Washington, DC",Washington,DC,FMMOS,FMMOS - non-mars,03/30/2021 14:13:00,2013,2013-AUG,5.74,component,lmprs,
Dec,2013,,Mideast,33.0,5.74,Producer Milk Components,AMS_3462,3462,Dairy FMMOS,DY-NA,Washington,DC,"Washington, DC",Washington,DC,FMMOS,FMMOS - non-mars,03/30/2021 14:13:00,2013,2013-AUG,5.74,component,lmprs,
Dec,2013,,All Markets Combined,,5.74,Producer Milk Components,AMS_3462,3462,Dairy FMMOS,DY-NA,Washington,DC,"Washington, DC",Washington,DC,FMMOS,FMMOS - non-mars,03/30/2021 14:13:00,2013,2013-AUG,5.74,component,lmprs,
Dec,2014,,All Markets Combined,,5.74,Producer Milk Components,AMS_3462,3462,Dairy FMMOS,DY-NA,Washington,DC,"Washington, DC",Washington,DC,FMMOS,FMMOS - non-mars,03/30/2021 14:13:00,2014,2014-AUG,5.74,component,lmprs,
Dec,2014,,Mideast,33.0,5.72,Producer Milk Components,AMS_3462,3462,Dairy FMMOS,DY-NA,Washington,DC,"Washington, DC",Washington,DC,FMMOS,FMMOS - non-mars,03/30/2021 14:13:00,2014,2014-AUG,5.73,component,lmprs,
Dec,2014,,Central,32.0,5.74,Producer Milk Components,AMS_3462,3462,Dairy FMMOS,DY-NA,Washington,DC,"Washington, DC",Washington,DC,FMMOS,FMMOS - non-mars,03/30/2021 14:13:00,2014,2014-AUG,5.74,component,lmprs,
Dec,2014,,Northeast,1.0,5.73,Producer Milk Components,AMS_3462,3462,Dairy FMMOS,DY-NA,Washington,DC,"Washington, DC",Washington,DC,FMMOS,FMMOS - non-mars,03/30/2021 14:13:00,2014,2014-AUG,5.74,component,lmprs,
Dec,2014,,Pacific Northwest,124.0,5.72,Producer Milk Components,AMS_3462,3462,Dairy FMMOS,DY-NA,Washington,DC,"Washington, DC",Washington,DC,FMMOS,FMMOS - non-mars,03/30/2021 14:13:00,2014,2014-AUG,5.72,component,lmprs,
Dec,2014,,Upper Midwest,30.0,5.73,Producer Milk Components,AMS_3462,3462,Dairy FMMOS,DY-NA,Washington,DC,"Washington, DC",Washington,DC,FMMOS,FMMOS - non-mars,03/30/2021 14:13:00,2014,2014-AUG,5.75,component,lmprs,
Dec,2014,,Southwest,126.0,5.76,Producer Milk Components,AMS_3462,3462,Dairy FMMOS,DY-NA,Washington,DC,"Washington, DC",Washington,DC,FMMOS,FMMOS - non-mars,03/30/2021 14:13:00,2014,2014-AUG,5.74,component,lmprs,
Dec,2015,,Southwest,126.0,5.74,Producer Milk Components,AMS_3462,3462,Dairy FMMOS,DY-NA,Washington,DC,"Washington, DC",Washington,DC,FMMOS,FMMOS - non-mars,03/30/2021 14:12:00,2015,2015-AUG,5.71,component,lmprs,
Dec,2015,,Upper Midwest,30.0,5.74,Producer Milk Components,AMS_3462,3462,Dairy FMMOS,DY-NA,Washington,DC,"Washington, DC",Washington,DC,FMMOS,FMMOS - non-mars,03/30/2021 14:12:00,2015,2015-AUG,5.75,component,lmprs,
Dec,2015,,Pacific Northwest,124.0,5.73,Producer Milk Components,AMS_3462,3462,Dairy FMMOS,DY-NA,Washington,DC,"Washington, DC",Washington,DC,FMMOS,FMMOS - non-mars,03/30/2021 14:12:00,2015,2015-AUG,5.73,component,lmprs,
Dec,2015,,Northeast,1.0,5.75,Producer Milk Components,AMS_3462,3462,Dairy FMMOS,DY-NA,Washington,DC,"Washington, DC",Washington,DC,FMMOS,FMMOS - non-mars,03/30/2021 14:12:00,2015,2015-AUG,5.77,component,lmprs,
Dec,2015,,Central,32.0,5.76,Producer Milk Components,AMS_3462,3462,Dairy FMMOS,DY-NA,Washington,DC,"Washington, DC",Washington,DC,FMMOS,FMMOS - non-mars,03/30/2021 14:12:00,2015,2015-AUG,5.76,component,lmprs,
Dec,2015,,Mideast,33.0,5.74,Producer Milk Components,AMS_3462,3462,Dairy FMMOS,DY-NA,Washington,DC,"Washington, DC",Washington,DC,FMMOS,FMMOS - non-mars,03/30/2021 14:12:00,2015,2015-AUG,5.74,component,lmprs,
Dec,2015,,All Markets Combined,,5.74,Producer Milk Components,AMS_3462,3462,Dairy FMMOS,DY-NA,Washington,DC,"Washington, DC",Washington,DC,FMMOS,FMMOS - non-mars,03/30/2021 14:12:00,2015,2015-AUG,5.75,component,lmprs,
Dec,2016,,All Markets Combined,,5.75,Producer Milk Components,AMS_3462,3462,Dairy FMMOS,DY-NA,Washington,DC,"Washington, DC",Washington,DC,FMMOS,FMMOS - non-mars,03/30/2021 14:12:00,2016,2016-AUG,5.74,component,lmprs,
Dec,2016,,Mideast,33.0,5.78,Producer Milk Components,AMS_3462,3462,Dairy FMMOS,DY-NA,Washington,DC,"Washington, DC",Washington,DC,FMMOS,FMMOS - non-mars,03/30/2021 14:12:00,2016,2016-AUG,5.75,component,lmprs,
Dec,2016,,Central,32.0,5.76,Producer Milk Components,AMS_3462,3462,Dairy FMMOS,DY-NA,Washington,DC,"Washington, DC",Washington,DC,FMMOS,FMMOS - non-mars,03/30/2021 14:12:00,2016,2016-AUG,5.75,component,lmprs,
Dec,2016,,Northeast,1.0,5.74,Producer Milk Components,AMS_3462,3462,Dairy FMMOS,DY-NA,Washington,DC,"Washington, DC",Washington,DC,FMMOS,FMMOS - non-mars,03/30/2021 14:12:00,2016,2016-AUG,5.73,component,lmprs,
Dec,2016,,Pacific Northwest,124.0,5.73,Producer Milk Components,AMS_3462,3462,Dairy FMMOS,DY-NA,Washington,DC,"Washington, DC",Washington,DC,FMMOS,FMMOS - non-mars,03/30/2021 14:12:00,2016,2016-AUG,5.73,component,lmprs,
Dec,2016,,Upper Midwest,30.0,5.74,Producer Milk Components,AMS_3462,3462,Dairy FMMOS,DY-NA,Washington,DC,"Washington, DC",Washington,DC,FMMOS,FMMOS - non-mars,03/30/2021 14:12:00,2016,2016-AUG,5.75,component,lmprs,
Dec,2016,,Southwest,126.0,5.74,Producer Milk Components,AMS_3462,3462,Dairy FMMOS,DY-NA,Washington,DC,"Washington, DC",Washington,DC,FMMOS,FMMOS - non-mars,03/30/2021 14:12:00,2016,2016-AUG,5.73,component,lmprs,
Dec,2017,,Southwest,126.0,5.74,Producer Milk Components,AMS_3462,3462,Dairy FMMOS,DY-NA,Washington,DC,"Washington, DC",Washington,DC,FMMOS,FMMOS - non-mars,03/30/2021 14:11:00,2017,2017-AUG,5.72,component,lmprs,
Dec,2017,,Upper Midwest,30.0,5.76,Producer Milk Components,AMS_3462,3462,Dairy FMMOS,DY-NA,Washington,DC,"Washington, DC",Washington,DC,FMMOS,FMMOS - non-mars,03/30/2021 14:11:00,2017,2017-AUG,5.78,component,lmprs,
Dec,2017,,Pacific Northwest,124.0,5.74,Producer Milk Components,AMS_3462,3462,Dairy FMMOS,DY-NA,Washington,DC,"Washington, DC",Washington,DC,FMMOS,FMMOS - non-mars,03/30/2021 14:11:00,2017,2017-AUG,5.73,component,lmprs,
Dec,2017,,Northeast,1.0,5.75,Producer Milk Components,AMS_3462,3462,Dairy FMMOS,DY-NA,Washington,DC,"Washington, DC",Washington,DC,FMMOS,FMMOS - non-mars,03/30/2021 14:11:00,2017,2017-AUG,5.74,component,lmprs,
Dec,2017,,Central,32.0,5.75,Producer Milk Components,AMS_3462,3462,Dairy FMMOS,DY-NA,Washington,DC,"Washington, DC",Washington,DC,FMMOS,FMMOS - non-mars,03/30/2021 14:11:00,2017,2017-AUG,5.74,component,lmprs,
Dec,2017,,Mideast,33.0,5.75,Producer Milk Components,AMS_3462,3462,Dairy FMMOS,DY-NA,Washington,DC,"Washington, DC",Washington,DC,FMMOS,FMMOS - non-mars,03/30/2021 14:11:00,2017,2017-AUG,5.75,component,lmprs,
Dec,2017,,All Markets Combined,,5.75,Producer Milk Components,AMS_3462,3462,Dairy FMMOS,DY-NA,Washington,DC,"Washington, DC",Washington,DC,FMMOS,FMMOS - non-mars,03/30/2021 14:11:00,2017,2017-AUG,5.75,component,lmprs,
Dec,2018,,All Markets Combined,,5.76,Producer Milk Components,AMS_3462,3462,Dairy FMMOS,DY-NA,Washington,DC,"Washington, DC",Washington,DC,FMMOS,FMMOS - non-mars,03/30/2021 14:09:00,2018,2018-AUG,5.77,component,lmprs,
Dec,2018,,California,51.0,5.73,Producer Milk Components,AMS_3462,3462,Dairy FMMOS,DY-NA,Washington,DC,"Washington, DC",Washington,DC,FMMOS,FMMOS - non-mars,03/30/2021 14:09:00,2018,2018-AUG,,component,lmprs,
Dec,2018,,Mideast,33.0,5.77,Producer Milk Components,AMS_3462,3462,Dairy FMMOS,DY-NA,Washington,DC,"Washington, DC",Washington,DC,FMMOS,FMMOS - non-mars,03/30/2021 14:09:00,2018,2018-AUG,5.77,component,lmprs,
Dec,2018,,Central,32.0,5.77,Producer Milk Components,AMS_3462,3462,Dairy FMMOS,DY-NA,Washington,DC,"Washington, DC",Washington,DC,FMMOS,FMMOS - non-mars,03/30/2021 14:09:00,2018,2018-AUG,5.78,component,lmprs,
Dec,2018,,Northeast,1.0,5.75,Producer Milk Components,AMS_3462,3462,Dairy FMMOS,DY-NA,Washington,DC,"Washington, DC",Washington,DC,FMMOS,FMMOS - non-mars,03/30/2021 14:09:00,2018,2018-AUG,5.74,component,lmprs,
Dec,2018,,Pacific Northwest,124.0,5.75,Producer Milk Components,AMS_3462,3462,Dairy FMMOS,DY-NA,Washington,DC,"Washington, DC",Washington,DC,FMMOS,FMMOS - non-mars,03/30/2021 14:09:00,2018,2018-AUG,5.75,component,lmprs,
Dec,2018,,Upper Midwest,30.0,5.77,Producer Milk Components,AMS_3462,3462,Dairy FMMOS,DY-NA,Washington,DC,"Washington, DC",Washington,DC,FMMOS,FMMOS - non-mars,03/30/2021 14:09:00,2018,2018-AUG,5.78,component,lmprs,
Dec,2018,,Southwest,126.0,5.76,Producer Milk Components,AMS_3462,3462,Dairy FMMOS,DY-NA,Washington,DC,"Washington, DC",Washington,DC,FMMOS,FMMOS - non-mars,03/30/2021 14:09:00,2018,2018-AUG,5.78,component,lmprs,
Dec,2019,,Upper Midwest,30.0,5.77,Producer Milk Components,AMS_3462,3462,Dairy FMMOS,DY-NA,Washington,DC,"Washington, DC",Washington,DC,FMMOS,FMMOS - non-mars,03/30/2021 14:09:00,2019,2019-AUG,5.77,component,lmprs,
Dec,2019,,Pacific Northwest,124.0,5.76,Producer Milk Components,AMS_3462,3462,Dairy FMMOS,DY-NA,Washington,DC,"Washington, DC",Washington,DC,FMMOS,FMMOS - non-mars,03/30/2021 14:09:00,2019,2019-AUG,5.76,component,lmprs,
Dec,2019,,Southwest,126.0,5.77,Producer Milk Components,AMS_3462,3462,Dairy FMMOS,DY-NA,Washington,DC,"Washington, DC",Washington,DC,FMMOS,FMMOS - non-mars,03/30/2021 14:09:00,2019,2019-AUG,5.75,component,lmprs,
Dec,2019,,Northeast,1.0,5.75,Producer Milk Components,AMS_3462,3462,Dairy FMMOS,DY-NA,Washington,DC,"Washington, DC",Washington,DC,FMMOS,FMMOS - non-mars,03/30/2021 14:09:00,2019,2019-AUG,5.75,component,lmprs,
Dec,2019,,Mideast,33.0,5.76,Producer Milk Components,AMS_3462,3462,Dairy FMMOS,DY-NA,Washington,DC,"Washington, DC",Washington,DC,FMMOS,FMMOS - non-mars,03/30/2021 14:09:00,2019,2019-AUG,5.76,component,lmprs,
Dec,2019,,California,51.0,5.75,Producer Milk Components,AMS_3462,3462,Dairy FMMOS,DY-NA,Washington,DC,"Washington, DC",Washington,DC,FMMOS,FMMOS - non-mars,03/30/2021 14:09:00,2019,2019-AUG,5.74,component,lmprs,
Dec,2019,,Central,32.0,5.78,Producer Milk Components,AMS_3462,3462,Dairy FMMOS,DY-NA,Washington,DC,"Washington, DC",Washington,DC,FMMOS,FMMOS - non-mars,03/30/2021 14:09:00,2019,2019-AUG,5.77,component,lmprs,
Dec,2019,,All Markets Combined,,5.76,Producer Milk Components,AMS_3462,3462,Dairy FMMOS,DY-NA,Washington,DC,"Washington, DC",Washington,DC,FMMOS,FMMOS - non-mars,03/30/2021 14:09:00,2019,2019-AUG,5.76,component,lmprs,
Dec,2020,,All Markets Combined,,5.77,Producer Milk Components,AMS_3462,3462,Dairy FMMOS,DY-NA,Washington,DC,"Washington, DC",Washington,DC,FMMOS,FMMOS - non-mars,02/23/2021 09:39:00,2020,2020-AUG,5.76,component,lmprs,
Dec,2020,,Central,32.0,5.79,Producer Milk Components,AMS_3462,3462,Dairy FMMOS,DY-NA,Washington,DC,"Washington, DC",Washington,DC,FMMOS,FMMOS - non-mars,02/23/2021 09:39:00,2020,2020-AUG,5.78,component,lmprs,
Dec,2020,,California,51.0,5.75,Producer Milk Components,AMS_3462,3462,Dairy FMMOS,DY-NA,Washington,DC,"Washington, DC",Washington,DC,FMMOS,FMMOS - non-mars,02/23/2021 09:39:00,2020,2020-AUG,5.74,component,lmprs,
Dec,2020,,Mideast,33.0,5.78,Producer Milk Components,AMS_3462,3462,Dairy FMMOS,DY-NA,Washington,DC,"Washington, DC",Washington,DC,FMMOS,FMMOS - non-mars,02/23/2021 09:39:00,2020,2020-AUG,5.76,component,lmprs,
Dec,2020,,Northeast,1.0,5.77,Producer Milk Components,AMS_3462,3462,Dairy FMMOS,DY-NA,Washington,DC,"Washington, DC",Washington,DC,FMMOS,FMMOS - non-mars,02/23/2021 09:39:00,2020,2020-AUG,5.76,component,lmprs,
Dec,2020,,Southwest,126.0,5.78,Producer Milk Components,AMS_3462,3462,Dairy FMMOS,DY-NA,Washington,DC,"Washington, DC",Washington,DC,FMMOS,FMMOS - non-mars,02/23/2021 09:39:00,2020,2020-AUG,5.77,component,lmprs,
Dec,2020,,Pacific Northwest,124.0,5.77,Producer Milk Components,AMS_3462,3462,Dairy FMMOS,DY-NA,Washington,DC,"Washington, DC",Washington,DC,FMMOS,FMMOS - non-mars,02/23/2021 09:39:00,2020,2020-AUG,5.74,component,lmprs,
Dec,2020,,Upper Midwest,30.0,5.77,Producer Milk Components,AMS_3462,3462,Dairy FMMOS,DY-NA,Washington,DC,"Washington, DC",Washington,DC,FMMOS,FMMOS - non-mars,02/23/2021 09:39:00,2020,2020-AUG,5.78,component,lmprs,
Dec,2021,,Southwest,126.0,5.78,Producer Milk Components,AMS_3462,3462,Dairy FMMOS,DY-NA,Washington,DC,"Washington, DC",Washington,DC,FMMOS,FMMOS - non-mars,01/31/2022 07:17:00,2021,2021-AUG,5.77,component,lmprs,
Dec,2021,,Upper Midwest,30.0,5.80,Producer Milk Components,AMS_3462,3462,Dairy FMMOS,DY-NA,Washington,DC,"Washington, DC",Washington,DC,FMMOS,FMMOS - non-mars,01/31/2022 07:17:00,2021,2021-AUG,5.80,component,lmprs,
Dec,2021,,Northeast,1.0,5.77,Producer Milk Components,AMS_3462,3462,Dairy FMMOS,DY-NA,Washington,DC,"Washington, DC",Washington,DC,FMMOS,FMMOS - non-mars,01/31/2022 07:17:00,2021,2021-AUG,5.75,component,lmprs,
Dec,2021,,Pacific Northwest,124.0,5.77,Producer Milk Components,AMS_3462,3462,Dairy FMMOS,DY-NA,Washington,DC,"Washington, DC",Washington,DC,FMMOS,FMMOS - non-mars,01/31/2022 07:17:00,2021,2021-AUG,5.76,component,lmprs,
Dec,2021,,Mideast,33.0,5.77,Producer Milk Components,AMS_3462,3462,Dairy FMMOS,DY-NA,Washington,DC,"Washington, DC",Washington,DC,FMMOS,FMMOS - non-mars,01/31/2022 07:17:00,2021,2021-AUG,5.76,component,lmprs,
Dec,2021,,Central,32.0,5.78,Producer Milk Components,AMS_3462,3462,Dairy FMMOS,DY-NA,Washington,DC,"Washington, DC",Washington,DC,FMMOS,FMMOS - non-mars,01/31/2022 07:17:00,2021,2021-AUG,5.77,component,lmprs,
Dec,2021,,California,51.0,5.75,Producer Milk Components,AMS_3462,3462,Dairy FMMOS,DY-NA,Washington,DC,"Washington, DC",Washington,DC,FMMOS,FMMOS - non-mars,01/31/2022 07:17:00,2021,2021-AUG,5.74,component,lmprs,
Dec,2021,,All Markets Combined,,5.77,Producer Milk Components,AMS_3462,3462,Dairy FMMOS,DY-NA,Washington,DC,"Washington, DC",Washington,DC,FMMOS,FMMOS - non-mars,01/31/2022 07:17:00,2021,2021-AUG,5.76,component,lmprs,
Dec,2022,,All Markets Combined,,5.78,Producer Milk Components,AMS_3462,3462,Dairy FMMOS,DY-NA,Washington,DC,"Washington, DC",Washington,DC,FMMOS,FMMOS - non-mars,01/30/2023 07:36:00,2022,2022-AUG,5.78,component,lmprs,
Dec,2022,,California,51.0,5.75,Producer Milk Components,AMS_3462,3462,Dairy FMMOS,DY-NA,Washington,DC,"Washington, DC",Washington,DC,FMMOS,FMMOS - non-mars,01/30/2023 07:36:00,2022,2022-AUG,5.75,component,lmprs,
Dec,2022,,Central,32.0,5.79,Producer Milk Components,AMS_3462,3462,Dairy FMMOS,DY-NA,Washington,DC,"Washington, DC",Washington,DC,FMMOS,FMMOS - non-mars,01/30/2023 07:36:00,2022,2022-AUG,5.79,component,lmprs,
Dec,2022,,Mideast,33.0,5.78,Producer Milk Components,AMS_3462,3462,Dairy FMMOS,DY-NA,Washington,DC,"Washington, DC",Washington,DC,FMMOS,FMMOS - non-mars,01/30/2023 07:36:00,2022,2022-AUG,5.77,component,lmprs,
Dec,2022,,Pacific Northwest,124.0,5.78,Producer Milk Components,AMS_3462,3462,Dairy FMMOS,DY-NA,Washington,DC,"Washington, DC",Washington,DC,FMMOS,FMMOS - non-mars,01/30/2023 07:36:00,2022,2022-AUG,5.76,component,lmprs,
Dec,2022,,Northeast,1.0,5.78,Producer Milk Components,AMS_3462,3462,Dairy FMMOS,DY-NA,Washington,DC,"Washington, DC",Washington,DC,FMMOS,FMMOS - non-mars,01/30/2023 07:36:00,2022,2022-AUG,5.77,component,lmprs,
Dec,2022,,Upper Midwest,30.0,5.79,Producer Milk Components,AMS_3462,3462,Dairy FMMOS,DY-NA,Washington,DC,"Washington, DC",Washington,DC,FMMOS,FMMOS - non-mars,01/30/2023 07:36:00,2022,2022-AUG,5.80,component,lmprs,
Dec,2022,,Southwest,126.0,5.79,Producer Milk Components,AMS_3462,3462,Dairy FMMOS,DY-NA,Washington,DC,"Washington, DC",Washington,DC,FMMOS,FMMOS - non-mars,01/30/2023 07:36:00,2022,2022-AUG,5.78,component,lmprs,
Dec,2023,,Southwest,126.0,5.79,Producer Milk Components,AMS_3462,3462,Dairy FMMOS,DY-NA,Washington,DC,"Washington, DC",Washington,DC,FMMOS,FMMOS - non-mars,01/30/2024 09:42:00,2023,2023-AUG,5.79,component,lmprs,
Dec,2023,,Upper Midwest,30.0,5.78,Producer Milk Components,AMS_3462,3462,Dairy FMMOS,DY-NA,Washington,DC,"Washington, DC",Washington,DC,FMMOS,FMMOS - non-mars,01/30/2024 09:42:00,2023,2023-AUG,5.80,component,lmprs,
Dec,2023,,Northeast,1.0,5.77,Producer Milk Components,AMS_3462,3462,Dairy FMMOS,DY-NA,Washington,DC,"Washington, DC",Washington,DC,FMMOS,FMMOS - non-mars,01/30/2024 09:42:00,2023,2023-AUG,5.77,component,lmprs,
Dec,2023,,Pacific Northwest,124.0,5.78,Producer Milk Components,AMS_3462,3462,Dairy FMMOS,DY-NA,Washington,DC,"Washington, DC",Washington,DC,FMMOS,FMMOS - non-mars,01/30/2024 09:42:00,2023,2023-AUG,5.77,component,lmprs,
Dec,2023,,Mideast,33.0,5.79,Producer Milk Components,AMS_3462,3462,Dairy FMMOS,DY-NA,Washington,DC,"Washington, DC",Washington,DC,FMMOS,FMMOS - non-mars,01/30/2024 09:42:00,2023,2023-AUG,5.78,component,lmprs,
Dec,2023,,Central,32.0,5.79,Producer Milk Components,AMS_3462,3462,Dairy FMMOS,DY-NA,Washington,DC,"Washington, DC",Washington,DC,FMMOS,FMMOS - non-mars,01/30/2024 09:42:00,2023,2023-AUG,5.80,component,lmprs,
Dec,2023,,California,51.0,5.75,Producer Milk Components,AMS_3462,3462,Dairy FMMOS,DY-NA,Washington,DC,"Washington, DC",Washington,DC,FMMOS,FMMOS - non-mars,01/30/2024 09:42:00,2023,2023-AUG,5.75,component,lmprs,
Dec,2023,,All Markets Combined,,5.78,Producer Milk Components,AMS_3462,3462,Dairy FMMOS,DY-NA,Washington,DC,"Washington, DC",Washington,DC,FMMOS,FMMOS - non-mars,01/30/2024 09:42:00,2023,2023-AUG,5.78,component,lmprs,
Dec,2024,,All Markets Combined,,5.78,Producer Milk Components,AMS_3462,3462,Dairy FMMOS,DY-NA,Washington,DC,"Washington, DC",Washington,DC,FMMOS,FMMOS - non-mars,01/23/2025 09:07:00,2024,2024-AUG,5.78,component,lmprs,
Dec,2024,,California,51.0,5.77,Producer Milk Components,AMS_3462,3462,Dairy FMMOS,DY-NA,Washington,DC,"Washington, DC",Washington,DC,FMMOS,FMMOS - non-mars,01/23/2025 09:07:00,2024,2024-AUG,5.78,component,lmprs,
Dec,2024,,Central,32.0,5.80,Producer Milk Components,AMS_3462,3462,Dairy FMMOS,DY-NA,Washington,DC,"Washington, DC",Washington,DC,FMMOS,FMMOS - non-mars,01/23/2025 09:07:00,2024,2024-AUG,5.81,component,lmprs,
Dec,2024,,Mideast,33.0,5.77,Producer Milk Components,AMS_3462,3462,Dairy FMMOS,DY-NA,Washington,DC,"Washington, DC",Washington,DC,FMMOS,FMMOS - non-mars,01/23/2025 09:07:00,2024,2024-AUG,5.76,component,lmprs,
Dec,2024,,Pacific Northwest,124.0,5.78,Producer Milk Components,AMS_3462,3462,Dairy FMMOS,DY-NA,Washington,DC,"Washington, DC",Washington,DC,FMMOS,FMMOS - non-mars,01/23/2025 09:07:00,2024,2024-AUG,5.79,component,lmprs,
Dec,2024,,Northeast,1.0,5.78,Producer Milk Components,AMS_3462,3462,Dairy FMMOS,DY-NA,Washington,DC,"Washington, DC",Washington,DC,FMMOS,FMMOS - non-mars,01/23/2025 09:07:00,2024,2024-AUG,5.78,component,lmprs,
Dec,2024,,Upper Midwest,30.0,5.79,Producer Milk Components,AMS_3462,3462,Dairy FMMOS,DY-NA,Washington,DC,"Washington, DC",Washington,DC,FMMOS,FMMOS - non-mars,01/23/2025 09:07:00,2024,2024-AUG,5.79,component,lmprs,
Dec,2024,,Southwest,126.0,5.80,Producer Milk Components,AMS_3462,3462,Dairy FMMOS,DY-NA,Washington,DC,"Washington, DC",Washington,DC,FMMOS,FMMOS - non-mars,01/23/2025 09:07:00,2024,2024-AUG,5.80,component,lmprs,
Dec,2025,,Southwest,126.0,5.78,Producer Milk Components,AMS_3462,3462,Dairy FMMOS,DY-NA,Washington,DC,"Washington, DC",Washington,DC,FMMOS,FMMOS - non-mars,01/21/2026 11:39:00,2025,2025-AUG,5.78,component,lmprs,
Dec,2025,,Upper Midwest,30.0,5.79,Producer Milk Components,AMS_3462,3462,Dairy FMMOS,DY-NA,Washington,DC,"Washington, DC",Washington,DC,FMMOS,FMMOS - non-mars,01/21/2026 11:39:00,2025,2025-AUG,5.79,component,lmprs,
Dec,2025,,Northeast,1.0,5.78,Producer Milk Components,AMS_3462,3462,Dairy FMMOS,DY-NA,Washington,DC,"Washington, DC",Washington,DC,FMMOS,FMMOS - non-mars,01/21/2026 11:39:00,2025,2025-AUG,5.77,component,lmprs,
Dec,2025,,Pacific Northwest,124.0,5.78,Producer Milk Components,AMS_3462,3462,Dairy FMMOS,DY-NA,Washington,DC,"Washington, DC",Washington,DC,FMMOS,FMMOS - non-mars,01/21/2026 11:39:00,2025,2025-AUG,5.76,component,lmprs,
Dec,2025,,Mideast,33.0,5.78,Producer Milk Components,AMS_3462,3462,Dairy FMMOS,DY-NA,Washington,DC,"Washington, DC",Washington,DC,FMMOS,FMMOS - non-mars,01/21/2026 11:39:00,2025,2025-AUG,5.76,component,lmprs,
Dec,2025,,Central,32.0,5.80,Producer Milk Components,AMS_3462,3462,Dairy FMMOS,DY-NA,Washington,DC,"Washington, DC",Washington,DC,FMMOS,FMMOS - non-mars,01/21/2026 11:39:00,2025,2025-AUG,5.78,component,lmprs,
Dec,2025,,California,51.0,5.78,Producer Milk Components,AMS_3462,3462,Dairy FMMOS,DY-NA,Washington,DC,"Washington, DC",Washington,DC,FMMOS,FMMOS - non-mars,01/21/2026 11:39:00,2025,2025-AUG,5.76,component,lmprs,
Dec,2025,,All Markets Combined,,5.78,Producer Milk Components,AMS_3462,3462,Dairy FMMOS,DY-NA,Washington,DC,"Washington, DC",Washington,DC,FMMOS,FMMOS - non-mars,01/21/2026 11:39:00,2025,2025-AUG,5.77,component,lmprs,
Mar,2026,,All Markets Combined,,5.77,Producer Milk Components,AMS_3462,3462,Dairy FMMOS,DY-NA,Washington,DC,"Washington, DC",Washington,DC,FMMOS,FMMOS - non-mars,04/21/2026 05:48:00,2026,2026-AUG,,component,lmprs,
Mar,2026,,California,51.0,5.76,Producer Milk Components,AMS_3462,3462,Dairy FMMOS,DY-NA,Washington,DC,"Washington, DC",Washington,DC,FMMOS,FMMOS - non-mars,04/21/2026 05:48:00,2026,2026-AUG,,component,lmprs,
Mar,2026,,Central,32.0,5.79,Producer Milk Components,AMS_3462,3462,Dairy FMMOS,DY-NA,Washington,DC,"Washington, DC",Washington,DC,FMMOS,FMMOS - non-mars,04/21/2026 05:48:00,2026,2026-AUG,,component,lmprs,
Mar,2026,,Mideast,33.0,5.78,Producer Milk Components,AMS_3462,3462,Dairy FMMOS,DY-NA,Washington,DC,"Washington, DC",Washington,DC,FMMOS,FMMOS - non-mars,04/21/2026 05:48:00,2026,2026-AUG,,component,lmprs,
Mar,2026,,Pacific Northwest,124.0,5.76,Producer Milk Components,AMS_3462,3462,Dairy FMMOS,DY-NA,Washington,DC,"Washington, DC",Washington,DC,FMMOS,FMMOS - non-mars,04/21/2026 05:48:00,2026,2026-AUG,,component,lmprs,
Mar,2026,,Northeast,1.0,5.76,Producer Milk Components,AMS_3462,3462,Dairy FMMOS,DY-NA,Washington,DC,"Washington, DC",Washington,DC,FMMOS,FMMOS - non-mars,04/21/2026 05:48:00,2026,2026-AUG,,component,lmprs,
Mar,2026,,Upper Midwest,30.0,5.78,Producer Milk Components,AMS_3462,3462,Dairy FMMOS,DY-NA,Washington,DC,"Washington, DC",Washington,DC,FMMOS,FMMOS - non-mars,04/21/2026 05:48:00,2026,2026-AUG,,component,lmprs,
Mar,2026,,Southwest,126.0,5.77,Producer Milk Components,AMS_3462,3462,Dairy FMMOS,DY-NA,Washington,DC,"Washington, DC",Washington,DC,FMMOS,FMMOS - non-mars,04/21/2026 05:48:00,2026,2026-AUG,,component,lmprs,
Dec,2000,,All Markets Combined,,5.69,Producer Milk Components,AMS_3462,3462,Dairy FMMOS,DY-NA,Washington,DC,"Washington, DC",Washington,DC,FMMOS,FMMOS - non-mars,04/09/2021 07:48:00,2000,2000-SEP,5.67,component,lmprs,
Dec,2000,,Central,32.0,5.70,Producer Milk Components,AMS_3462,3462,Dairy FMMOS,DY-NA,Washington,DC,"Washington, DC",Washington,DC,FMMOS,FMMOS - non-mars,04/09/2021 07:48:00,2000,2000-SEP,5.69,component,lmprs,
Dec,2000,,Mideast,33.0,5.69,Producer Milk Components,AMS_3462,3462,Dairy FMMOS,DY-NA,Washington,DC,"Washington, DC",Washington,DC,FMMOS,FMMOS - non-mars,04/09/2021 07:48:00,2000,2000-SEP,5.66,component,lmprs,
Dec,2000,,Northeast,1.0,5.67,Producer Milk Components,AMS_3462,3462,Dairy FMMOS,DY-NA,Washington,DC,"Washington, DC",Washington,DC,FMMOS,FMMOS - non-mars,04/09/2021 07:48:00,2000,2000-SEP,5.64,component,lmprs,
Dec,2000,,Pacific Northwest,124.0,5.71,Producer Milk Components,AMS_3462,3462,Dairy FMMOS,DY-NA,Washington,DC,"Washington, DC",Washington,DC,FMMOS,FMMOS - non-mars,04/09/2021 07:48:00,2000,2000-SEP,5.71,component,lmprs,
Dec,2000,,Southwest,126.0,5.67,Producer Milk Components,AMS_3462,3462,Dairy FMMOS,DY-NA,Washington,DC,"Washington, DC",Washington,DC,FMMOS,FMMOS - non-mars,04/09/2021 07:48:00,2000,2000-SEP,5.61,component,lmprs,
Dec,2000,,Upper Midwest,30.0,5.70,Producer Milk Components,AMS_3462,3462,Dairy FMMOS,DY-NA,Washington,DC,"Washington, DC",Washington,DC,FMMOS,FMMOS - non-mars,04/09/2021 07:48:00,2000,2000-SEP,5.69,component,lmprs,
Dec,2000,,Western,135.0,5.75,Producer Milk Components,AMS_3462,3462,Dairy FMMOS,DY-NA,Washington,DC,"Washington, DC",Washington,DC,FMMOS,FMMOS - non-mars,04/09/2021 07:48:00,2000,2000-SEP,5.75,component,lmprs,
Dec,2001,,Western,135.0,5.71,Producer Milk Components,AMS_3462,3462,Dairy FMMOS,DY-NA,Washington,DC,"Washington, DC",Washington,DC,FMMOS,FMMOS - non-mars,04/09/2021 07:46:00,2001,2001-SEP,5.72,component,lmprs,
Dec,2001,,Upper Midwest,30.0,5.70,Producer Milk Components,AMS_3462,3462,Dairy FMMOS,DY-NA,Washington,DC,"Washington, DC",Washington,DC,FMMOS,FMMOS - non-mars,04/09/2021 07:46:00,2001,2001-SEP,5.70,component,lmprs,
Dec,2001,,Southwest,126.0,5.67,Producer Milk Components,AMS_3462,3462,Dairy FMMOS,DY-NA,Washington,DC,"Washington, DC",Washington,DC,FMMOS,FMMOS - non-mars,04/09/2021 07:46:00,2001,2001-SEP,5.65,component,lmprs,
Dec,2001,,Pacific Northwest,124.0,5.70,Producer Milk Components,AMS_3462,3462,Dairy FMMOS,DY-NA,Washington,DC,"Washington, DC",Washington,DC,FMMOS,FMMOS - non-mars,04/09/2021 07:46:00,2001,2001-SEP,5.70,component,lmprs,
Dec,2001,,Northeast,1.0,5.69,Producer Milk Components,AMS_3462,3462,Dairy FMMOS,DY-NA,Washington,DC,"Washington, DC",Washington,DC,FMMOS,FMMOS - non-mars,04/09/2021 07:46:00,2001,2001-SEP,5.67,component,lmprs,
Dec,2001,,Mideast,33.0,5.70,Producer Milk Components,AMS_3462,3462,Dairy FMMOS,DY-NA,Washington,DC,"Washington, DC",Washington,DC,FMMOS,FMMOS - non-mars,04/09/2021 07:46:00,2001,2001-SEP,5.69,component,lmprs,
Dec,2001,,Central,32.0,5.70,Producer Milk Components,AMS_3462,3462,Dairy FMMOS,DY-NA,Washington,DC,"Washington, DC",Washington,DC,FMMOS,FMMOS - non-mars,04/09/2021 07:46:00,2001,2001-SEP,5.69,component,lmprs,
Dec,2001,,All Markets Combined,,5.70,Producer Milk Components,AMS_3462,3462,Dairy FMMOS,DY-NA,Washington,DC,"Washington, DC",Washington,DC,FMMOS,FMMOS - non-mars,04/09/2021 07:46:00,2001,2001-SEP,5.68,component,lmprs,
Dec,2002,,All Markets Combined,,5.71,Producer Milk Components,AMS_3462,3462,Dairy FMMOS,DY-NA,Washington,DC,"Washington, DC",Washington,DC,FMMOS,FMMOS - non-mars,04/09/2021 07:46:00,2002,2002-SEP,5.68,component,lmprs,
Dec,2002,,Central,32.0,5.71,Producer Milk Components,AMS_3462,3462,Dairy FMMOS,DY-NA,Washington,DC,"Washington, DC",Washington,DC,FMMOS,FMMOS - non-mars,04/09/2021 07:46:00,2002,2002-SEP,5.68,component,lmprs,
Dec,2002,,Mideast,33.0,5.71,Producer Milk Components,AMS_3462,3462,Dairy FMMOS,DY-NA,Washington,DC,"Washington, DC",Washington,DC,FMMOS,FMMOS - non-mars,04/09/2021 07:46:00,2002,2002-SEP,5.70,component,lmprs,
Dec,2002,,Northeast,1.0,5.71,Producer Milk Components,AMS_3462,3462,Dairy FMMOS,DY-NA,Washington,DC,"Washington, DC",Washington,DC,FMMOS,FMMOS - non-mars,04/09/2021 07:46:00,2002,2002-SEP,5.67,component,lmprs,
Dec,2002,,Pacific Northwest,124.0,5.71,Producer Milk Components,AMS_3462,3462,Dairy FMMOS,DY-NA,Washington,DC,"Washington, DC",Washington,DC,FMMOS,FMMOS - non-mars,04/09/2021 07:46:00,2002,2002-SEP,5.68,component,lmprs,
Dec,2002,,Southwest,126.0,5.69,Producer Milk Components,AMS_3462,3462,Dairy FMMOS,DY-NA,Washington,DC,"Washington, DC",Washington,DC,FMMOS,FMMOS - non-mars,04/09/2021 07:46:00,2002,2002-SEP,5.66,component,lmprs,
Dec,2002,,Upper Midwest,30.0,5.71,Producer Milk Components,AMS_3462,3462,Dairy FMMOS,DY-NA,Washington,DC,"Washington, DC",Washington,DC,FMMOS,FMMOS - non-mars,04/09/2021 07:46:00,2002,2002-SEP,5.69,component,lmprs,
Dec,2002,,Western,135.0,5.72,Producer Milk Components,AMS_3462,3462,Dairy FMMOS,DY-NA,Washington,DC,"Washington, DC",Washington,DC,FMMOS,FMMOS - non-mars,04/09/2021 07:46:00,2002,2002-SEP,5.72,component,lmprs,
Dec,2003,,Western,135.0,5.70,Producer Milk Components,AMS_3462,3462,Dairy FMMOS,DY-NA,Washington,DC,"Washington, DC",Washington,DC,FMMOS,FMMOS - non-mars,04/09/2021 07:46:00,2003,2003-SEP,5.69,component,lmprs,
Dec,2003,,Upper Midwest,30.0,5.72,Producer Milk Components,AMS_3462,3462,Dairy FMMOS,DY-NA,Washington,DC,"Washington, DC",Washington,DC,FMMOS,FMMOS - non-mars,04/09/2021 07:46:00,2003,2003-SEP,5.68,component,lmprs,
Dec,2003,,Southwest,126.0,5.72,Producer Milk Components,AMS_3462,3462,Dairy FMMOS,DY-NA,Washington,DC,"Washington, DC",Washington,DC,FMMOS,FMMOS - non-mars,04/09/2021 07:46:00,2003,2003-SEP,5.71,component,lmprs,
Dec,2003,,Pacific Northwest,124.0,5.69,Producer Milk Components,AMS_3462,3462,Dairy FMMOS,DY-NA,Washington,DC,"Washington, DC",Washington,DC,FMMOS,FMMOS - non-mars,04/09/2021 07:46:00,2003,2003-SEP,5.68,component,lmprs,
Dec,2003,,Mideast,33.0,5.71,Producer Milk Components,AMS_3462,3462,Dairy FMMOS,DY-NA,Washington,DC,"Washington, DC",Washington,DC,FMMOS,FMMOS - non-mars,04/09/2021 07:46:00,2003,2003-SEP,5.69,component,lmprs,
Dec,2003,,Northeast,1.0,5.69,Producer Milk Components,AMS_3462,3462,Dairy FMMOS,DY-NA,Washington,DC,"Washington, DC",Washington,DC,FMMOS,FMMOS - non-mars,04/09/2021 07:46:00,2003,2003-SEP,5.67,component,lmprs,
Dec,2003,,Central,32.0,5.73,Producer Milk Components,AMS_3462,3462,Dairy FMMOS,DY-NA,Washington,DC,"Washington, DC",Washington,DC,FMMOS,FMMOS - non-mars,04/09/2021 07:46:00,2003,2003-SEP,5.69,component,lmprs,
Dec,2003,,All Markets Combined,,5.71,Producer Milk Components,AMS_3462,3462,Dairy FMMOS,DY-NA,Washington,DC,"Washington, DC",Washington,DC,FMMOS,FMMOS - non-mars,04/09/2021 07:46:00,2003,2003-SEP,5.68,component,lmprs,
Dec,2004,,All Markets Combined,,5.70,Producer Milk Components,AMS_3462,3462,Dairy FMMOS,DY-NA,Washington,DC,"Washington, DC",Washington,DC,FMMOS,FMMOS - non-mars,04/09/2021 07:44:00,2004,2004-SEP,5.68,component,lmprs,
Dec,2004,,Central,32.0,5.72,Producer Milk Components,AMS_3462,3462,Dairy FMMOS,DY-NA,Washington,DC,"Washington, DC",Washington,DC,FMMOS,FMMOS - non-mars,04/09/2021 07:44:00,2004,2004-SEP,5.70,component,lmprs,
Dec,2004,,Northeast,1.0,5.67,Producer Milk Components,AMS_3462,3462,Dairy FMMOS,DY-NA,Washington,DC,"Washington, DC",Washington,DC,FMMOS,FMMOS - non-mars,04/09/2021 07:44:00,2004,2004-SEP,5.65,component,lmprs,
Dec,2004,,Mideast,33.0,5.70,Producer Milk Components,AMS_3462,3462,Dairy FMMOS,DY-NA,Washington,DC,"Washington, DC",Washington,DC,FMMOS,FMMOS - non-mars,04/09/2021 07:44:00,2004,2004-SEP,5.69,component,lmprs,
Dec,2004,,Pacific Northwest,124.0,5.69,Producer Milk Components,AMS_3462,3462,Dairy FMMOS,DY-NA,Washington,DC,"Washington, DC",Washington,DC,FMMOS,FMMOS - non-mars,04/09/2021 07:44:00,2004,2004-SEP,5.69,component,lmprs,
Dec,2004,,Southwest,126.0,5.72,Producer Milk Components,AMS_3462,3462,Dairy FMMOS,DY-NA,Washington,DC,"Washington, DC",Washington,DC,FMMOS,FMMOS - non-mars,04/09/2021 07:44:00,2004,2004-SEP,5.69,component,lmprs,
Dec,2004,,Upper Midwest,30.0,5.70,Producer Milk Components,AMS_3462,3462,Dairy FMMOS,DY-NA,Washington,DC,"Washington, DC",Washington,DC,FMMOS,FMMOS - non-mars,04/09/2021 07:44:00,2004,2004-SEP,5.69,component,lmprs,
Dec,2004,,Western,135.0,5.70,Producer Milk Components,AMS_3462,3462,Dairy FMMOS,DY-NA,Washington,DC,"Washington, DC",Washington,DC,FMMOS,FMMOS - non-mars,04/09/2021 07:44:00,2004,2004-SEP,,component,lmprs,
Dec,2005,,Upper Midwest,30.0,5.71,Producer Milk Components,AMS_3462,3462,Dairy FMMOS,DY-NA,Washington,DC,"Washington, DC",Washington,DC,FMMOS,FMMOS - non-mars,03/30/2021 14:16:00,2005,2005-SEP,5.70,component,lmprs,
Dec,2005,,Southwest,126.0,5.72,Producer Milk Components,AMS_3462,3462,Dairy FMMOS,DY-NA,Washington,DC,"Washington, DC",Washington,DC,FMMOS,FMMOS - non-mars,03/30/2021 14:16:00,2005,2005-SEP,5.70,component,lmprs,
Dec,2005,,Pacific Northwest,124.0,5.71,Producer Milk Components,AMS_3462,3462,Dairy FMMOS,DY-NA,Washington,DC,"Washington, DC",Washington,DC,FMMOS,FMMOS - non-mars,03/30/2021 14:16:00,2005,2005-SEP,5.70,component,lmprs,
Dec,2005,,Mideast,33.0,5.71,Producer Milk Components,AMS_3462,3462,Dairy FMMOS,DY-NA,Washington,DC,"Washington, DC",Washington,DC,FMMOS,FMMOS - non-mars,03/30/2021 14:16:00,2005,2005-SEP,5.69,component,lmprs,
Dec,2005,,Northeast,1.0,5.69,Producer Milk Components,AMS_3462,3462,Dairy FMMOS,DY-NA,Washington,DC,"Washington, DC",Washington,DC,FMMOS,FMMOS - non-mars,03/30/2021 14:16:00,2005,2005-SEP,5.66,component,lmprs,
Dec,2005,,Central,32.0,5.73,Producer Milk Components,AMS_3462,3462,Dairy FMMOS,DY-NA,Washington,DC,"Washington, DC",Washington,DC,FMMOS,FMMOS - non-mars,03/30/2021 14:16:00,2005,2005-SEP,5.71,component,lmprs,
Dec,2005,,All Markets Combined,,5.71,Producer Milk Components,AMS_3462,3462,Dairy FMMOS,DY-NA,Washington,DC,"Washington, DC",Washington,DC,FMMOS,FMMOS - non-mars,03/30/2021 14:16:00,2005,2005-SEP,5.69,component,lmprs,
Dec,2006,,All Markets Combined,,5.71,Producer Milk Components,AMS_3462,3462,Dairy FMMOS,DY-NA,Washington,DC,"Washington, DC",Washington,DC,FMMOS,FMMOS - non-mars,03/30/2021 14:16:00,2006,2006-SEP,5.69,component,lmprs,
Dec,2006,,Central,32.0,5.73,Producer Milk Components,AMS_3462,3462,Dairy FMMOS,DY-NA,Washington,DC,"Washington, DC",Washington,DC,FMMOS,FMMOS - non-mars,03/30/2021 14:16:00,2006,2006-SEP,5.71,component,lmprs,
Dec,2006,,Northeast,1.0,5.70,Producer Milk Components,AMS_3462,3462,Dairy FMMOS,DY-NA,Washington,DC,"Washington, DC",Washington,DC,FMMOS,FMMOS - non-mars,03/30/2021 14:16:00,2006,2006-SEP,5.66,component,lmprs,
Dec,2006,,Mideast,33.0,5.71,Producer Milk Components,AMS_3462,3462,Dairy FMMOS,DY-NA,Washington,DC,"Washington, DC",Washington,DC,FMMOS,FMMOS - non-mars,03/30/2021 14:16:00,2006,2006-SEP,5.69,component,lmprs,
Dec,2006,,Pacific Northwest,124.0,5.70,Producer Milk Components,AMS_3462,3462,Dairy FMMOS,DY-NA,Washington,DC,"Washington, DC",Washington,DC,FMMOS,FMMOS - non-mars,03/30/2021 14:16:00,2006,2006-SEP,5.68,component,lmprs,
Dec,2006,,Southwest,126.0,5.70,Producer Milk Components,AMS_3462,3462,Dairy FMMOS,DY-NA,Washington,DC,"Washington, DC",Washington,DC,FMMOS,FMMOS - non-mars,03/30/2021 14:16:00,2006,2006-SEP,5.72,component,lmprs,
Dec,2006,,Upper Midwest,30.0,5.72,Producer Milk Components,AMS_3462,3462,Dairy FMMOS,DY-NA,Washington,DC,"Washington, DC",Washington,DC,FMMOS,FMMOS - non-mars,03/30/2021 14:16:00,2006,2006-SEP,5.72,component,lmprs,
Dec,2007,,Upper Midwest,30.0,5.71,Producer Milk Components,AMS_3462,3462,Dairy FMMOS,DY-NA,Washington,DC,"Washington, DC",Washington,DC,FMMOS,FMMOS - non-mars,03/30/2021 14:16:00,2007,2007-SEP,5.73,component,lmprs,
Dec,2007,,Southwest,126.0,5.69,Producer Milk Components,AMS_3462,3462,Dairy FMMOS,DY-NA,Washington,DC,"Washington, DC",Washington,DC,FMMOS,FMMOS - non-mars,03/30/2021 14:16:00,2007,2007-SEP,5.69,component,lmprs,
Dec,2007,,Pacific Northwest,124.0,5.71,Producer Milk Components,AMS_3462,3462,Dairy FMMOS,DY-NA,Washington,DC,"Washington, DC",Washington,DC,FMMOS,FMMOS - non-mars,03/30/2021 14:16:00,2007,2007-SEP,5.74,component,lmprs,
Dec,2007,,Mideast,33.0,5.71,Producer Milk Components,AMS_3462,3462,Dairy FMMOS,DY-NA,Washington,DC,"Washington, DC",Washington,DC,FMMOS,FMMOS - non-mars,03/30/2021 14:16:00,2007,2007-SEP,5.72,component,lmprs,
Dec,2007,,Northeast,1.0,5.71,Producer Milk Components,AMS_3462,3462,Dairy FMMOS,DY-NA,Washington,DC,"Washington, DC",Washington,DC,FMMOS,FMMOS - non-mars,03/30/2021 14:16:00,2007,2007-SEP,5.68,component,lmprs,
Dec,2007,,Central,32.0,5.71,Producer Milk Components,AMS_3462,3462,Dairy FMMOS,DY-NA,Washington,DC,"Washington, DC",Washington,DC,FMMOS,FMMOS - non-mars,03/30/2021 14:16:00,2007,2007-SEP,5.72,component,lmprs,
Dec,2007,,All Markets Combined,,5.71,Producer Milk Components,AMS_3462,3462,Dairy FMMOS,DY-NA,Washington,DC,"Washington, DC",Washington,DC,FMMOS,FMMOS - non-mars,03/30/2021 14:16:00,2007,2007-SEP,5.71,component,lmprs,
Dec,2008,,All Markets Combined,,5.71,Producer Milk Components,AMS_3462,3462,Dairy FMMOS,DY-NA,Washington,DC,"Washington, DC",Washington,DC,FMMOS,FMMOS - non-mars,03/30/2021 14:15:00,2008,2008-SEP,5.71,component,lmprs,
Dec,2008,,Central,32.0,5.72,Producer Milk Components,AMS_3462,3462,Dairy FMMOS,DY-NA,Washington,DC,"Washington, DC",Washington,DC,FMMOS,FMMOS - non-mars,03/30/2021 14:15:00,2008,2008-SEP,5.73,component,lmprs,
Dec,2008,,Northeast,1.0,5.71,Producer Milk Components,AMS_3462,3462,Dairy FMMOS,DY-NA,Washington,DC,"Washington, DC",Washington,DC,FMMOS,FMMOS - non-mars,03/30/2021 14:15:00,2008,2008-SEP,5.68,component,lmprs,
Dec,2008,,Mideast,33.0,5.70,Producer Milk Components,AMS_3462,3462,Dairy FMMOS,DY-NA,Washington,DC,"Washington, DC",Washington,DC,FMMOS,FMMOS - non-mars,03/30/2021 14:15:00,2008,2008-SEP,5.69,component,lmprs,
Dec,2008,,Pacific Northwest,124.0,5.70,Producer Milk Components,AMS_3462,3462,Dairy FMMOS,DY-NA,Washington,DC,"Washington, DC",Washington,DC,FMMOS,FMMOS - non-mars,03/30/2021 14:15:00,2008,2008-SEP,5.70,component,lmprs,
Dec,2008,,Southwest,126.0,5.73,Producer Milk Components,AMS_3462,3462,Dairy FMMOS,DY-NA,Washington,DC,"Washington, DC",Washington,DC,FMMOS,FMMOS - non-mars,03/30/2021 14:15:00,2008,2008-SEP,5.73,component,lmprs,
Dec,2008,,Upper Midwest,30.0,5.71,Producer Milk Components,AMS_3462,3462,Dairy FMMOS,DY-NA,Washington,DC,"Washington, DC",Washington,DC,FMMOS,FMMOS - non-mars,03/30/2021 14:15:00,2008,2008-SEP,5.72,component,lmprs,
Dec,2009,,Upper Midwest,30.0,5.73,Producer Milk Components,AMS_3462,3462,Dairy FMMOS,DY-NA,Washington,DC,"Washington, DC",Washington,DC,FMMOS,FMMOS - non-mars,03/30/2021 14:15:00,2009,2009-SEP,5.73,component,lmprs,
Dec,2009,,Southwest,126.0,5.74,Producer Milk Components,AMS_3462,3462,Dairy FMMOS,DY-NA,Washington,DC,"Washington, DC",Washington,DC,FMMOS,FMMOS - non-mars,03/30/2021 14:15:00,2009,2009-SEP,5.75,component,lmprs,
Dec,2009,,Pacific Northwest,124.0,5.69,Producer Milk Components,AMS_3462,3462,Dairy FMMOS,DY-NA,Washington,DC,"Washington, DC",Washington,DC,FMMOS,FMMOS - non-mars,03/30/2021 14:15:00,2009,2009-SEP,5.69,component,lmprs,
Dec,2009,,Mideast,33.0,5.69,Producer Milk Components,AMS_3462,3462,Dairy FMMOS,DY-NA,Washington,DC,"Washington, DC",Washington,DC,FMMOS,FMMOS - non-mars,03/30/2021 14:15:00,2009,2009-SEP,5.68,component,lmprs,
Dec,2009,,Northeast,1.0,5.69,Producer Milk Components,AMS_3462,3462,Dairy FMMOS,DY-NA,Washington,DC,"Washington, DC",Washington,DC,FMMOS,FMMOS - non-mars,03/30/2021 14:15:00,2009,2009-SEP,5.66,component,lmprs,
Dec,2009,,Central,32.0,5.74,Producer Milk Components,AMS_3462,3462,Dairy FMMOS,DY-NA,Washington,DC,"Washington, DC",Washington,DC,FMMOS,FMMOS - non-mars,03/30/2021 14:15:00,2009,2009-SEP,5.74,component,lmprs,
Dec,2009,,All Markets Combined,,5.71,Producer Milk Components,AMS_3462,3462,Dairy FMMOS,DY-NA,Washington,DC,"Washington, DC",Washington,DC,FMMOS,FMMOS - non-mars,03/30/2021 14:15:00,2009,2009-SEP,5.71,component,lmprs,
Dec,2010,,All Markets Combined,,5.74,Producer Milk Components,AMS_3462,3462,Dairy FMMOS,DY-NA,Washington,DC,"Washington, DC",Washington,DC,FMMOS,FMMOS - non-mars,03/30/2021 14:14:00,2010,2010-SEP,5.73,component,lmprs,
Dec,2010,,Central,32.0,5.74,Producer Milk Components,AMS_3462,3462,Dairy FMMOS,DY-NA,Washington,DC,"Washington, DC",Washington,DC,FMMOS,FMMOS - non-mars,03/30/2021 14:14:00,2010,2010-SEP,5.73,component,lmprs,
Dec,2010,,Northeast,1.0,5.72,Producer Milk Components,AMS_3462,3462,Dairy FMMOS,DY-NA,Washington,DC,"Washington, DC",Washington,DC,FMMOS,FMMOS - non-mars,03/30/2021 14:14:00,2010,2010-SEP,5.70,component,lmprs,
Dec,2010,,Mideast,33.0,5.71,Producer Milk Components,AMS_3462,3462,Dairy FMMOS,DY-NA,Washington,DC,"Washington, DC",Washington,DC,FMMOS,FMMOS - non-mars,03/30/2021 14:14:00,2010,2010-SEP,5.69,component,lmprs,
Dec,2010,,Pacific Northwest,124.0,5.71,Producer Milk Components,AMS_3462,3462,Dairy FMMOS,DY-NA,Washington,DC,"Washington, DC",Washington,DC,FMMOS,FMMOS - non-mars,03/30/2021 14:14:00,2010,2010-SEP,5.71,component,lmprs,
Dec,2010,,Southwest,126.0,5.76,Producer Milk Components,AMS_3462,3462,Dairy FMMOS,DY-NA,Washington,DC,"Washington, DC",Washington,DC,FMMOS,FMMOS - non-mars,03/30/2021 14:14:00,2010,2010-SEP,5.75,component,lmprs,
Dec,2010,,Upper Midwest,30.0,5.76,Producer Milk Components,AMS_3462,3462,Dairy FMMOS,DY-NA,Washington,DC,"Washington, DC",Washington,DC,FMMOS,FMMOS - non-mars,03/30/2021 14:14:00,2010,2010-SEP,5.76,component,lmprs,
Dec,2011,,Southwest,126.0,5.75,Producer Milk Components,AMS_3462,3462,Dairy FMMOS,DY-NA,Washington,DC,"Washington, DC",Washington,DC,FMMOS,FMMOS - non-mars,03/30/2021 14:14:00,2011,2011-SEP,5.70,component,lmprs,
Dec,2011,,Upper Midwest,30.0,5.74,Producer Milk Components,AMS_3462,3462,Dairy FMMOS,DY-NA,Washington,DC,"Washington, DC",Washington,DC,FMMOS,FMMOS - non-mars,03/30/2021 14:14:00,2011,2011-SEP,5.74,component,lmprs,
Dec,2011,,Pacific Northwest,124.0,5.73,Producer Milk Components,AMS_3462,3462,Dairy FMMOS,DY-NA,Washington,DC,"Washington, DC",Washington,DC,FMMOS,FMMOS - non-mars,03/30/2021 14:14:00,2011,2011-SEP,5.73,component,lmprs,
Dec,2011,,Northeast,1.0,5.73,Producer Milk Components,AMS_3462,3462,Dairy FMMOS,DY-NA,Washington,DC,"Washington, DC",Washington,DC,FMMOS,FMMOS - non-mars,03/30/2021 14:14:00,2011,2011-SEP,5.72,component,lmprs,
Dec,2011,,Central,32.0,5.73,Producer Milk Components,AMS_3462,3462,Dairy FMMOS,DY-NA,Washington,DC,"Washington, DC",Washington,DC,FMMOS,FMMOS - non-mars,03/30/2021 14:14:00,2011,2011-SEP,5.72,component,lmprs,
Dec,2011,,Mideast,33.0,5.71,Producer Milk Components,AMS_3462,3462,Dairy FMMOS,DY-NA,Washington,DC,"Washington, DC",Washington,DC,FMMOS,FMMOS - non-mars,03/30/2021 14:14:00,2011,2011-SEP,5.70,component,lmprs,
Dec,2011,,All Markets Combined,,5.73,Producer Milk Components,AMS_3462,3462,Dairy FMMOS,DY-NA,Washington,DC,"Washington, DC",Washington,DC,FMMOS,FMMOS - non-mars,03/30/2021 14:14:00,2011,2011-SEP,5.72,component,lmprs,
Dec,2012,,All Markets Combined,,5.75,Producer Milk Components,AMS_3462,3462,Dairy FMMOS,DY-NA,Washington,DC,"Washington, DC",Washington,DC,FMMOS,FMMOS - non-mars,03/30/2021 14:13:00,2012,2012-SEP,5.73,component,lmprs,
Dec,2012,,Mideast,33.0,5.74,Producer Milk Components,AMS_3462,3462,Dairy FMMOS,DY-NA,Washington,DC,"Washington, DC",Washington,DC,FMMOS,FMMOS - non-mars,03/30/2021 14:13:00,2012,2012-SEP,5.73,component,lmprs,
Dec,2012,,Central,32.0,5.75,Producer Milk Components,AMS_3462,3462,Dairy FMMOS,DY-NA,Washington,DC,"Washington, DC",Washington,DC,FMMOS,FMMOS - non-mars,03/30/2021 14:13:00,2012,2012-SEP,5.73,component,lmprs,
Dec,2012,,Northeast,1.0,5.75,Producer Milk Components,AMS_3462,3462,Dairy FMMOS,DY-NA,Washington,DC,"Washington, DC",Washington,DC,FMMOS,FMMOS - non-mars,03/30/2021 14:13:00,2012,2012-SEP,5.73,component,lmprs,
Dec,2012,,Pacific Northwest,124.0,5.74,Producer Milk Components,AMS_3462,3462,Dairy FMMOS,DY-NA,Washington,DC,"Washington, DC",Washington,DC,FMMOS,FMMOS - non-mars,03/30/2021 14:13:00,2012,2012-SEP,5.72,component,lmprs,
Dec,2012,,Upper Midwest,30.0,5.75,Producer Milk Components,AMS_3462,3462,Dairy FMMOS,DY-NA,Washington,DC,"Washington, DC",Washington,DC,FMMOS,FMMOS - non-mars,03/30/2021 14:13:00,2012,2012-SEP,5.73,component,lmprs,
Dec,2012,,Southwest,126.0,5.77,Producer Milk Components,AMS_3462,3462,Dairy FMMOS,DY-NA,Washington,DC,"Washington, DC",Washington,DC,FMMOS,FMMOS - non-mars,03/30/2021 14:13:00,2012,2012-SEP,5.74,component,lmprs,
Dec,2013,,Southwest,126.0,5.77,Producer Milk Components,AMS_3462,3462,Dairy FMMOS,DY-NA,Washington,DC,"Washington, DC",Washington,DC,FMMOS,FMMOS - non-mars,03/30/2021 14:13:00,2013,2013-SEP,5.73,component,lmprs,
Dec,2013,,Upper Midwest,30.0,5.74,Producer Milk Components,AMS_3462,3462,Dairy FMMOS,DY-NA,Washington,DC,"Washington, DC",Washington,DC,FMMOS,FMMOS - non-mars,03/30/2021 14:13:00,2013,2013-SEP,5.73,component,lmprs,
Dec,2013,,Pacific Northwest,124.0,5.73,Producer Milk Components,AMS_3462,3462,Dairy FMMOS,DY-NA,Washington,DC,"Washington, DC",Washington,DC,FMMOS,FMMOS - non-mars,03/30/2021 14:13:00,2013,2013-SEP,5.72,component,lmprs,
Dec,2013,,Northeast,1.0,5.73,Producer Milk Components,AMS_3462,3462,Dairy FMMOS,DY-NA,Washington,DC,"Washington, DC",Washington,DC,FMMOS,FMMOS - non-mars,03/30/2021 14:13:00,2013,2013-SEP,5.71,component,lmprs,
Dec,2013,,Central,32.0,5.75,Producer Milk Components,AMS_3462,3462,Dairy FMMOS,DY-NA,Washington,DC,"Washington, DC",Washington,DC,FMMOS,FMMOS - non-mars,03/30/2021 14:13:00,2013,2013-SEP,5.73,component,lmprs,
Dec,2013,,Mideast,33.0,5.74,Producer Milk Components,AMS_3462,3462,Dairy FMMOS,DY-NA,Washington,DC,"Washington, DC",Washington,DC,FMMOS,FMMOS - non-mars,03/30/2021 14:13:00,2013,2013-SEP,5.72,component,lmprs,
Dec,2013,,All Markets Combined,,5.74,Producer Milk Components,AMS_3462,3462,Dairy FMMOS,DY-NA,Washington,DC,"Washington, DC",Washington,DC,FMMOS,FMMOS - non-mars,03/30/2021 14:13:00,2013,2013-SEP,5.73,component,lmprs,
Dec,2014,,All Markets Combined,,5.74,Producer Milk Components,AMS_3462,3462,Dairy FMMOS,DY-NA,Washington,DC,"Washington, DC",Washington,DC,FMMOS,FMMOS - non-mars,03/30/2021 14:13:00,2014,2014-SEP,5.73,component,lmprs,
Dec,2014,,Mideast,33.0,5.72,Producer Milk Components,AMS_3462,3462,Dairy FMMOS,DY-NA,Washington,DC,"Washington, DC",Washington,DC,FMMOS,FMMOS - non-mars,03/30/2021 14:13:00,2014,2014-SEP,5.72,component,lmprs,
Dec,2014,,Central,32.0,5.74,Producer Milk Components,AMS_3462,3462,Dairy FMMOS,DY-NA,Washington,DC,"Washington, DC",Washington,DC,FMMOS,FMMOS - non-mars,03/30/2021 14:13:00,2014,2014-SEP,5.74,component,lmprs,
Dec,2014,,Northeast,1.0,5.73,Producer Milk Components,AMS_3462,3462,Dairy FMMOS,DY-NA,Washington,DC,"Washington, DC",Washington,DC,FMMOS,FMMOS - non-mars,03/30/2021 14:13:00,2014,2014-SEP,5.73,component,lmprs,
Dec,2014,,Pacific Northwest,124.0,5.72,Producer Milk Components,AMS_3462,3462,Dairy FMMOS,DY-NA,Washington,DC,"Washington, DC",Washington,DC,FMMOS,FMMOS - non-mars,03/30/2021 14:13:00,2014,2014-SEP,5.72,component,lmprs,
Dec,2014,,Upper Midwest,30.0,5.73,Producer Milk Components,AMS_3462,3462,Dairy FMMOS,DY-NA,Washington,DC,"Washington, DC",Washington,DC,FMMOS,FMMOS - non-mars,03/30/2021 14:13:00,2014,2014-SEP,5.74,component,lmprs,
Dec,2014,,Southwest,126.0,5.76,Producer Milk Components,AMS_3462,3462,Dairy FMMOS,DY-NA,Washington,DC,"Washington, DC",Washington,DC,FMMOS,FMMOS - non-mars,03/30/2021 14:13:00,2014,2014-SEP,5.74,component,lmprs,
Dec,2015,,Southwest,126.0,5.74,Producer Milk Components,AMS_3462,3462,Dairy FMMOS,DY-NA,Washington,DC,"Washington, DC",Washington,DC,FMMOS,FMMOS - non-mars,03/30/2021 14:12:00,2015,2015-SEP,5.73,component,lmprs,
Dec,2015,,Upper Midwest,30.0,5.74,Producer Milk Components,AMS_3462,3462,Dairy FMMOS,DY-NA,Washington,DC,"Washington, DC",Washington,DC,FMMOS,FMMOS - non-mars,03/30/2021 14:12:00,2015,2015-SEP,5.75,component,lmprs,
Dec,2015,,Pacific Northwest,124.0,5.73,Producer Milk Components,AMS_3462,3462,Dairy FMMOS,DY-NA,Washington,DC,"Washington, DC",Washington,DC,FMMOS,FMMOS - non-mars,03/30/2021 14:12:00,2015,2015-SEP,5.73,component,lmprs,
Dec,2015,,Northeast,1.0,5.75,Producer Milk Components,AMS_3462,3462,Dairy FMMOS,DY-NA,Washington,DC,"Washington, DC",Washington,DC,FMMOS,FMMOS - non-mars,03/30/2021 14:12:00,2015,2015-SEP,5.73,component,lmprs,
Dec,2015,,Central,32.0,5.76,Producer Milk Components,AMS_3462,3462,Dairy FMMOS,DY-NA,Washington,DC,"Washington, DC",Washington,DC,FMMOS,FMMOS - non-mars,03/30/2021 14:12:00,2015,2015-SEP,5.77,component,lmprs,
Dec,2015,,Mideast,33.0,5.74,Producer Milk Components,AMS_3462,3462,Dairy FMMOS,DY-NA,Washington,DC,"Washington, DC",Washington,DC,FMMOS,FMMOS - non-mars,03/30/2021 14:12:00,2015,2015-SEP,5.73,component,lmprs,
Dec,2015,,All Markets Combined,,5.74,Producer Milk Components,AMS_3462,3462,Dairy FMMOS,DY-NA,Washington,DC,"Washington, DC",Washington,DC,FMMOS,FMMOS - non-mars,03/30/2021 14:12:00,2015,2015-SEP,5.74,component,lmprs,
Dec,2016,,All Markets Combined,,5.75,Producer Milk Components,AMS_3462,3462,Dairy FMMOS,DY-NA,Washington,DC,"Washington, DC",Washington,DC,FMMOS,FMMOS - non-mars,03/30/2021 14:12:00,2016,2016-SEP,5.74,component,lmprs,
Dec,2016,,Mideast,33.0,5.78,Producer Milk Components,AMS_3462,3462,Dairy FMMOS,DY-NA,Washington,DC,"Washington, DC",Washington,DC,FMMOS,FMMOS - non-mars,03/30/2021 14:12:00,2016,2016-SEP,5.73,component,lmprs,
Dec,2016,,Central,32.0,5.76,Producer Milk Components,AMS_3462,3462,Dairy FMMOS,DY-NA,Washington,DC,"Washington, DC",Washington,DC,FMMOS,FMMOS - non-mars,03/30/2021 14:12:00,2016,2016-SEP,5.75,component,lmprs,
Dec,2016,,Northeast,1.0,5.74,Producer Milk Components,AMS_3462,3462,Dairy FMMOS,DY-NA,Washington,DC,"Washington, DC",Washington,DC,FMMOS,FMMOS - non-mars,03/30/2021 14:12:00,2016,2016-SEP,5.71,component,lmprs,
Dec,2016,,Pacific Northwest,124.0,5.73,Producer Milk Components,AMS_3462,3462,Dairy FMMOS,DY-NA,Washington,DC,"Washington, DC",Washington,DC,FMMOS,FMMOS - non-mars,03/30/2021 14:12:00,2016,2016-SEP,5.71,component,lmprs,
Dec,2016,,Upper Midwest,30.0,5.74,Producer Milk Components,AMS_3462,3462,Dairy FMMOS,DY-NA,Washington,DC,"Washington, DC",Washington,DC,FMMOS,FMMOS - non-mars,03/30/2021 14:12:00,2016,2016-SEP,5.77,component,lmprs,
Dec,2016,,Southwest,126.0,5.74,Producer Milk Components,AMS_3462,3462,Dairy FMMOS,DY-NA,Washington,DC,"Washington, DC",Washington,DC,FMMOS,FMMOS - non-mars,03/30/2021 14:12:00,2016,2016-SEP,5.73,component,lmprs,
Dec,2017,,Southwest,126.0,5.74,Producer Milk Components,AMS_3462,3462,Dairy FMMOS,DY-NA,Washington,DC,"Washington, DC",Washington,DC,FMMOS,FMMOS - non-mars,03/30/2021 14:11:00,2017,2017-SEP,5.70,component,lmprs,
Dec,2017,,Upper Midwest,30.0,5.76,Producer Milk Components,AMS_3462,3462,Dairy FMMOS,DY-NA,Washington,DC,"Washington, DC",Washington,DC,FMMOS,FMMOS - non-mars,03/30/2021 14:11:00,2017,2017-SEP,5.79,component,lmprs,
Dec,2017,,Pacific Northwest,124.0,5.74,Producer Milk Components,AMS_3462,3462,Dairy FMMOS,DY-NA,Washington,DC,"Washington, DC",Washington,DC,FMMOS,FMMOS - non-mars,03/30/2021 14:11:00,2017,2017-SEP,5.72,component,lmprs,
Dec,2017,,Northeast,1.0,5.75,Producer Milk Components,AMS_3462,3462,Dairy FMMOS,DY-NA,Washington,DC,"Washington, DC",Washington,DC,FMMOS,FMMOS - non-mars,03/30/2021 14:11:00,2017,2017-SEP,5.74,component,lmprs,
Dec,2017,,Central,32.0,5.75,Producer Milk Components,AMS_3462,3462,Dairy FMMOS,DY-NA,Washington,DC,"Washington, DC",Washington,DC,FMMOS,FMMOS - non-mars,03/30/2021 14:11:00,2017,2017-SEP,5.74,component,lmprs,
Dec,2017,,Mideast,33.0,5.75,Producer Milk Components,AMS_3462,3462,Dairy FMMOS,DY-NA,Washington,DC,"Washington, DC",Washington,DC,FMMOS,FMMOS - non-mars,03/30/2021 14:11:00,2017,2017-SEP,5.77,component,lmprs,
Dec,2017,,All Markets Combined,,5.75,Producer Milk Components,AMS_3462,3462,Dairy FMMOS,DY-NA,Washington,DC,"Washington, DC",Washington,DC,FMMOS,FMMOS - non-mars,03/30/2021 14:11:00,2017,2017-SEP,5.75,component,lmprs,
Dec,2018,,All Markets Combined,,5.76,Producer Milk Components,AMS_3462,3462,Dairy FMMOS,DY-NA,Washington,DC,"Washington, DC",Washington,DC,FMMOS,FMMOS - non-mars,03/30/2021 14:09:00,2018,2018-SEP,5.75,component,lmprs,
Dec,2018,,California,51.0,5.73,Producer Milk Components,AMS_3462,3462,Dairy FMMOS,DY-NA,Washington,DC,"Washington, DC",Washington,DC,FMMOS,FMMOS - non-mars,03/30/2021 14:09:00,2018,2018-SEP,,component,lmprs,
Dec,2018,,Mideast,33.0,5.77,Producer Milk Components,AMS_3462,3462,Dairy FMMOS,DY-NA,Washington,DC,"Washington, DC",Washington,DC,FMMOS,FMMOS - non-mars,03/30/2021 14:09:00,2018,2018-SEP,5.74,component,lmprs,
Dec,2018,,Central,32.0,5.77,Producer Milk Components,AMS_3462,3462,Dairy FMMOS,DY-NA,Washington,DC,"Washington, DC",Washington,DC,FMMOS,FMMOS - non-mars,03/30/2021 14:09:00,2018,2018-SEP,5.77,component,lmprs,
Dec,2018,,Northeast,1.0,5.75,Producer Milk Components,AMS_3462,3462,Dairy FMMOS,DY-NA,Washington,DC,"Washington, DC",Washington,DC,FMMOS,FMMOS - non-mars,03/30/2021 14:09:00,2018,2018-SEP,5.74,component,lmprs,
Dec,2018,,Pacific Northwest,124.0,5.75,Producer Milk Components,AMS_3462,3462,Dairy FMMOS,DY-NA,Washington,DC,"Washington, DC",Washington,DC,FMMOS,FMMOS - non-mars,03/30/2021 14:09:00,2018,2018-SEP,5.73,component,lmprs,
Dec,2018,,Upper Midwest,30.0,5.77,Producer Milk Components,AMS_3462,3462,Dairy FMMOS,DY-NA,Washington,DC,"Washington, DC",Washington,DC,FMMOS,FMMOS - non-mars,03/30/2021 14:09:00,2018,2018-SEP,5.77,component,lmprs,
Dec,2018,,Southwest,126.0,5.76,Producer Milk Components,AMS_3462,3462,Dairy FMMOS,DY-NA,Washington,DC,"Washington, DC",Washington,DC,FMMOS,FMMOS - non-mars,03/30/2021 14:09:00,2018,2018-SEP,5.75,component,lmprs,
Dec,2019,,Upper Midwest,30.0,5.77,Producer Milk Components,AMS_3462,3462,Dairy FMMOS,DY-NA,Washington,DC,"Washington, DC",Washington,DC,FMMOS,FMMOS - non-mars,03/30/2021 14:09:00,2019,2019-SEP,5.77,component,lmprs,
Dec,2019,,Pacific Northwest,124.0,5.76,Producer Milk Components,AMS_3462,3462,Dairy FMMOS,DY-NA,Washington,DC,"Washington, DC",Washington,DC,FMMOS,FMMOS - non-mars,03/30/2021 14:09:00,2019,2019-SEP,5.74,component,lmprs,
Dec,2019,,Southwest,126.0,5.77,Producer Milk Components,AMS_3462,3462,Dairy FMMOS,DY-NA,Washington,DC,"Washington, DC",Washington,DC,FMMOS,FMMOS - non-mars,03/30/2021 14:09:00,2019,2019-SEP,5.75,component,lmprs,
Dec,2019,,Northeast,1.0,5.75,Producer Milk Components,AMS_3462,3462,Dairy FMMOS,DY-NA,Washington,DC,"Washington, DC",Washington,DC,FMMOS,FMMOS - non-mars,03/30/2021 14:09:00,2019,2019-SEP,5.75,component,lmprs,
Dec,2019,,Mideast,33.0,5.76,Producer Milk Components,AMS_3462,3462,Dairy FMMOS,DY-NA,Washington,DC,"Washington, DC",Washington,DC,FMMOS,FMMOS - non-mars,03/30/2021 14:09:00,2019,2019-SEP,5.75,component,lmprs,
Dec,2019,,California,51.0,5.75,Producer Milk Components,AMS_3462,3462,Dairy FMMOS,DY-NA,Washington,DC,"Washington, DC",Washington,DC,FMMOS,FMMOS - non-mars,03/30/2021 14:09:00,2019,2019-SEP,5.73,component,lmprs,
Dec,2019,,Central,32.0,5.78,Producer Milk Components,AMS_3462,3462,Dairy FMMOS,DY-NA,Washington,DC,"Washington, DC",Washington,DC,FMMOS,FMMOS - non-mars,03/30/2021 14:09:00,2019,2019-SEP,5.77,component,lmprs,
Dec,2019,,All Markets Combined,,5.76,Producer Milk Components,AMS_3462,3462,Dairy FMMOS,DY-NA,Washington,DC,"Washington, DC",Washington,DC,FMMOS,FMMOS - non-mars,03/30/2021 14:09:00,2019,2019-SEP,5.75,component,lmprs,
Dec,2020,,All Markets Combined,,5.77,Producer Milk Components,AMS_3462,3462,Dairy FMMOS,DY-NA,Washington,DC,"Washington, DC",Washington,DC,FMMOS,FMMOS - non-mars,02/23/2021 09:39:00,2020,2020-SEP,5.76,component,lmprs,
Dec,2020,,Central,32.0,5.79,Producer Milk Components,AMS_3462,3462,Dairy FMMOS,DY-NA,Washington,DC,"Washington, DC",Washington,DC,FMMOS,FMMOS - non-mars,02/23/2021 09:39:00,2020,2020-SEP,5.79,component,lmprs,
Dec,2020,,California,51.0,5.75,Producer Milk Components,AMS_3462,3462,Dairy FMMOS,DY-NA,Washington,DC,"Washington, DC",Washington,DC,FMMOS,FMMOS - non-mars,02/23/2021 09:39:00,2020,2020-SEP,5.73,component,lmprs,
Dec,2020,,Mideast,33.0,5.78,Producer Milk Components,AMS_3462,3462,Dairy FMMOS,DY-NA,Washington,DC,"Washington, DC",Washington,DC,FMMOS,FMMOS - non-mars,02/23/2021 09:39:00,2020,2020-SEP,5.76,component,lmprs,
Dec,2020,,Northeast,1.0,5.77,Producer Milk Components,AMS_3462,3462,Dairy FMMOS,DY-NA,Washington,DC,"Washington, DC",Washington,DC,FMMOS,FMMOS - non-mars,02/23/2021 09:39:00,2020,2020-SEP,5.77,component,lmprs,
Dec,2020,,Southwest,126.0,5.78,Producer Milk Components,AMS_3462,3462,Dairy FMMOS,DY-NA,Washington,DC,"Washington, DC",Washington,DC,FMMOS,FMMOS - non-mars,02/23/2021 09:39:00,2020,2020-SEP,5.78,component,lmprs,
Dec,2020,,Pacific Northwest,124.0,5.77,Producer Milk Components,AMS_3462,3462,Dairy FMMOS,DY-NA,Washington,DC,"Washington, DC",Washington,DC,FMMOS,FMMOS - non-mars,02/23/2021 09:39:00,2020,2020-SEP,5.76,component,lmprs,
Dec,2020,,Upper Midwest,30.0,5.77,Producer Milk Components,AMS_3462,3462,Dairy FMMOS,DY-NA,Washington,DC,"Washington, DC",Washington,DC,FMMOS,FMMOS - non-mars,02/23/2021 09:39:00,2020,2020-SEP,5.78,component,lmprs,
Dec,2021,,Southwest,126.0,5.78,Producer Milk Components,AMS_3462,3462,Dairy FMMOS,DY-NA,Washington,DC,"Washington, DC",Washington,DC,FMMOS,FMMOS - non-mars,01/31/2022 07:17:00,2021,2021-SEP,5.77,component,lmprs,
Dec,2021,,Upper Midwest,30.0,5.80,Producer Milk Components,AMS_3462,3462,Dairy FMMOS,DY-NA,Washington,DC,"Washington, DC",Washington,DC,FMMOS,FMMOS - non-mars,01/31/2022 07:17:00,2021,2021-SEP,5.80,component,lmprs,
Dec,2021,,Northeast,1.0,5.77,Producer Milk Components,AMS_3462,3462,Dairy FMMOS,DY-NA,Washington,DC,"Washington, DC",Washington,DC,FMMOS,FMMOS - non-mars,01/31/2022 07:17:00,2021,2021-SEP,5.75,component,lmprs,
Dec,2021,,Pacific Northwest,124.0,5.77,Producer Milk Components,AMS_3462,3462,Dairy FMMOS,DY-NA,Washington,DC,"Washington, DC",Washington,DC,FMMOS,FMMOS - non-mars,01/31/2022 07:17:00,2021,2021-SEP,5.74,component,lmprs,
Dec,2021,,Mideast,33.0,5.77,Producer Milk Components,AMS_3462,3462,Dairy FMMOS,DY-NA,Washington,DC,"Washington, DC",Washington,DC,FMMOS,FMMOS - non-mars,01/31/2022 07:17:00,2021,2021-SEP,5.75,component,lmprs,
Dec,2021,,Central,32.0,5.78,Producer Milk Components,AMS_3462,3462,Dairy FMMOS,DY-NA,Washington,DC,"Washington, DC",Washington,DC,FMMOS,FMMOS - non-mars,01/31/2022 07:17:00,2021,2021-SEP,5.77,component,lmprs,
Dec,2021,,California,51.0,5.75,Producer Milk Components,AMS_3462,3462,Dairy FMMOS,DY-NA,Washington,DC,"Washington, DC",Washington,DC,FMMOS,FMMOS - non-mars,01/31/2022 07:17:00,2021,2021-SEP,5.74,component,lmprs,
Dec,2021,,All Markets Combined,,5.77,Producer Milk Components,AMS_3462,3462,Dairy FMMOS,DY-NA,Washington,DC,"Washington, DC",Washington,DC,FMMOS,FMMOS - non-mars,01/31/2022 07:17:00,2021,2021-SEP,5.76,component,lmprs,
Dec,2022,,All Markets Combined,,5.78,Producer Milk Components,AMS_3462,3462,Dairy FMMOS,DY-NA,Washington,DC,"Washington, DC",Washington,DC,FMMOS,FMMOS - non-mars,01/30/2023 07:36:00,2022,2022-SEP,5.77,component,lmprs,
Dec,2022,,California,51.0,5.75,Producer Milk Components,AMS_3462,3462,Dairy FMMOS,DY-NA,Washington,DC,"Washington, DC",Washington,DC,FMMOS,FMMOS - non-mars,01/30/2023 07:36:00,2022,2022-SEP,5.74,component,lmprs,
Dec,2022,,Central,32.0,5.79,Producer Milk Components,AMS_3462,3462,Dairy FMMOS,DY-NA,Washington,DC,"Washington, DC",Washington,DC,FMMOS,FMMOS - non-mars,01/30/2023 07:36:00,2022,2022-SEP,5.78,component,lmprs,
Dec,2022,,Mideast,33.0,5.78,Producer Milk Components,AMS_3462,3462,Dairy FMMOS,DY-NA,Washington,DC,"Washington, DC",Washington,DC,FMMOS,FMMOS - non-mars,01/30/2023 07:36:00,2022,2022-SEP,5.76,component,lmprs,
Dec,2022,,Pacific Northwest,124.0,5.78,Producer Milk Components,AMS_3462,3462,Dairy FMMOS,DY-NA,Washington,DC,"Washington, DC",Washington,DC,FMMOS,FMMOS - non-mars,01/30/2023 07:36:00,2022,2022-SEP,5.77,component,lmprs,
Dec,2022,,Northeast,1.0,5.78,Producer Milk Components,AMS_3462,3462,Dairy FMMOS,DY-NA,Washington,DC,"Washington, DC",Washington,DC,FMMOS,FMMOS - non-mars,01/30/2023 07:36:00,2022,2022-SEP,5.76,component,lmprs,
Dec,2022,,Upper Midwest,30.0,5.79,Producer Milk Components,AMS_3462,3462,Dairy FMMOS,DY-NA,Washington,DC,"Washington, DC",Washington,DC,FMMOS,FMMOS - non-mars,01/30/2023 07:36:00,2022,2022-SEP,5.79,component,lmprs,
Dec,2022,,Southwest,126.0,5.79,Producer Milk Components,AMS_3462,3462,Dairy FMMOS,DY-NA,Washington,DC,"Washington, DC",Washington,DC,FMMOS,FMMOS - non-mars,01/30/2023 07:36:00,2022,2022-SEP,5.78,component,lmprs,
Dec,2023,,Southwest,126.0,5.79,Producer Milk Components,AMS_3462,3462,Dairy FMMOS,DY-NA,Washington,DC,"Washington, DC",Washington,DC,FMMOS,FMMOS - non-mars,01/30/2024 09:42:00,2023,2023-SEP,5.77,component,lmprs,
Dec,2023,,Upper Midwest,30.0,5.78,Producer Milk Components,AMS_3462,3462,Dairy FMMOS,DY-NA,Washington,DC,"Washington, DC",Washington,DC,FMMOS,FMMOS - non-mars,01/30/2024 09:42:00,2023,2023-SEP,5.79,component,lmprs,
Dec,2023,,Northeast,1.0,5.77,Producer Milk Components,AMS_3462,3462,Dairy FMMOS,DY-NA,Washington,DC,"Washington, DC",Washington,DC,FMMOS,FMMOS - non-mars,01/30/2024 09:42:00,2023,2023-SEP,5.77,component,lmprs,
Dec,2023,,Pacific Northwest,124.0,5.78,Producer Milk Components,AMS_3462,3462,Dairy FMMOS,DY-NA,Washington,DC,"Washington, DC",Washington,DC,FMMOS,FMMOS - non-mars,01/30/2024 09:42:00,2023,2023-SEP,5.78,component,lmprs,
Dec,2023,,Mideast,33.0,5.79,Producer Milk Components,AMS_3462,3462,Dairy FMMOS,DY-NA,Washington,DC,"Washington, DC",Washington,DC,FMMOS,FMMOS - non-mars,01/30/2024 09:42:00,2023,2023-SEP,5.78,component,lmprs,
Dec,2023,,Central,32.0,5.79,Producer Milk Components,AMS_3462,3462,Dairy FMMOS,DY-NA,Washington,DC,"Washington, DC",Washington,DC,FMMOS,FMMOS - non-mars,01/30/2024 09:42:00,2023,2023-SEP,5.79,component,lmprs,
Dec,2023,,California,51.0,5.75,Producer Milk Components,AMS_3462,3462,Dairy FMMOS,DY-NA,Washington,DC,"Washington, DC",Washington,DC,FMMOS,FMMOS - non-mars,01/30/2024 09:42:00,2023,2023-SEP,5.74,component,lmprs,
Dec,2023,,All Markets Combined,,5.78,Producer Milk Components,AMS_3462,3462,Dairy FMMOS,DY-NA,Washington,DC,"Washington, DC",Washington,DC,FMMOS,FMMOS - non-mars,01/30/2024 09:42:00,2023,2023-SEP,5.77,component,lmprs,
Dec,2024,,All Markets Combined,,5.78,Producer Milk Components,AMS_3462,3462,Dairy FMMOS,DY-NA,Washington,DC,"Washington, DC",Washington,DC,FMMOS,FMMOS - non-mars,01/23/2025 09:07:00,2024,2024-SEP,5.78,component,lmprs,
Dec,2024,,California,51.0,5.77,Producer Milk Components,AMS_3462,3462,Dairy FMMOS,DY-NA,Washington,DC,"Washington, DC",Washington,DC,FMMOS,FMMOS - non-mars,01/23/2025 09:07:00,2024,2024-SEP,5.77,component,lmprs,
Dec,2024,,Central,32.0,5.80,Producer Milk Components,AMS_3462,3462,Dairy FMMOS,DY-NA,Washington,DC,"Washington, DC",Washington,DC,FMMOS,FMMOS - non-mars,01/23/2025 09:07:00,2024,2024-SEP,5.80,component,lmprs,
Dec,2024,,Mideast,33.0,5.77,Producer Milk Components,AMS_3462,3462,Dairy FMMOS,DY-NA,Washington,DC,"Washington, DC",Washington,DC,FMMOS,FMMOS - non-mars,01/23/2025 09:07:00,2024,2024-SEP,5.77,component,lmprs,
Dec,2024,,Pacific Northwest,124.0,5.78,Producer Milk Components,AMS_3462,3462,Dairy FMMOS,DY-NA,Washington,DC,"Washington, DC",Washington,DC,FMMOS,FMMOS - non-mars,01/23/2025 09:07:00,2024,2024-SEP,5.76,component,lmprs,
Dec,2024,,Northeast,1.0,5.78,Producer Milk Components,AMS_3462,3462,Dairy FMMOS,DY-NA,Washington,DC,"Washington, DC",Washington,DC,FMMOS,FMMOS - non-mars,01/23/2025 09:07:00,2024,2024-SEP,5.78,component,lmprs,
Dec,2024,,Upper Midwest,30.0,5.79,Producer Milk Components,AMS_3462,3462,Dairy FMMOS,DY-NA,Washington,DC,"Washington, DC",Washington,DC,FMMOS,FMMOS - non-mars,01/23/2025 09:07:00,2024,2024-SEP,5.79,component,lmprs,
Dec,2024,,Southwest,126.0,5.80,Producer Milk Components,AMS_3462,3462,Dairy FMMOS,DY-NA,Washington,DC,"Washington, DC",Washington,DC,FMMOS,FMMOS - non-mars,01/23/2025 09:07:00,2024,2024-SEP,5.79,component,lmprs,
Dec,2025,,Southwest,126.0,5.78,Producer Milk Components,AMS_3462,3462,Dairy FMMOS,DY-NA,Washington,DC,"Washington, DC",Washington,DC,FMMOS,FMMOS - non-mars,01/21/2026 11:39:00,2025,2025-SEP,5.75,component,lmprs,
Dec,2025,,Upper Midwest,30.0,5.79,Producer Milk Components,AMS_3462,3462,Dairy FMMOS,DY-NA,Washington,DC,"Washington, DC",Washington,DC,FMMOS,FMMOS - non-mars,01/21/2026 11:39:00,2025,2025-SEP,5.80,component,lmprs,
Dec,2025,,Northeast,1.0,5.78,Producer Milk Components,AMS_3462,3462,Dairy FMMOS,DY-NA,Washington,DC,"Washington, DC",Washington,DC,FMMOS,FMMOS - non-mars,01/21/2026 11:39:00,2025,2025-SEP,5.78,component,lmprs,
Dec,2025,,Pacific Northwest,124.0,5.78,Producer Milk Components,AMS_3462,3462,Dairy FMMOS,DY-NA,Washington,DC,"Washington, DC",Washington,DC,FMMOS,FMMOS - non-mars,01/21/2026 11:39:00,2025,2025-SEP,5.78,component,lmprs,
Dec,2025,,Mideast,33.0,5.78,Producer Milk Components,AMS_3462,3462,Dairy FMMOS,DY-NA,Washington,DC,"Washington, DC",Washington,DC,FMMOS,FMMOS - non-mars,01/21/2026 11:39:00,2025,2025-SEP,5.76,component,lmprs,
Dec,2025,,Central,32.0,5.80,Producer Milk Components,AMS_3462,3462,Dairy FMMOS,DY-NA,Washington,DC,"Washington, DC",Washington,DC,FMMOS,FMMOS - non-mars,01/21/2026 11:39:00,2025,2025-SEP,5.79,component,lmprs,
Dec,2025,,California,51.0,5.78,Producer Milk Components,AMS_3462,3462,Dairy FMMOS,DY-NA,Washington,DC,"Washington, DC",Washington,DC,FMMOS,FMMOS - non-mars,01/21/2026 11:39:00,2025,2025-SEP,5.76,component,lmprs,
Dec,2025,,All Markets Combined,,5.78,Producer Milk Components,AMS_3462,3462,Dairy FMMOS,DY-NA,Washington,DC,"Washington, DC",Washington,DC,FMMOS,FMMOS - non-mars,01/21/2026 11:39:00,2025,2025-SEP,5.78,component,lmprs,
Mar,2026,,All Markets Combined,,5.77,Producer Milk Components,AMS_3462,3462,Dairy FMMOS,DY-NA,Washington,DC,"Washington, DC",Washington,DC,FMMOS,FMMOS - non-mars,04/21/2026 05:48:00,2026,2026-SEP,,component,lmprs,
Mar,2026,,California,51.0,5.76,Producer Milk Components,AMS_3462,3462,Dairy FMMOS,DY-NA,Washington,DC,"Washington, DC",Washington,DC,FMMOS,FMMOS - non-mars,04/21/2026 05:48:00,2026,2026-SEP,,component,lmprs,
Mar,2026,,Central,32.0,5.79,Producer Milk Components,AMS_3462,3462,Dairy FMMOS,DY-NA,Washington,DC,"Washington, DC",Washington,DC,FMMOS,FMMOS - non-mars,04/21/2026 05:48:00,2026,2026-SEP,,component,lmprs,
Mar,2026,,Mideast,33.0,5.78,Producer Milk Components,AMS_3462,3462,Dairy FMMOS,DY-NA,Washington,DC,"Washington, DC",Washington,DC,FMMOS,FMMOS - non-mars,04/21/2026 05:48:00,2026,2026-SEP,,component,lmprs,
Mar,2026,,Pacific Northwest,124.0,5.76,Producer Milk Components,AMS_3462,3462,Dairy FMMOS,DY-NA,Washington,DC,"Washington, DC",Washington,DC,FMMOS,FMMOS - non-mars,04/21/2026 05:48:00,2026,2026-SEP,,component,lmprs,
Mar,2026,,Northeast,1.0,5.76,Producer Milk Components,AMS_3462,3462,Dairy FMMOS,DY-NA,Washington,DC,"Washington, DC",Washington,DC,FMMOS,FMMOS - non-mars,04/21/2026 05:48:00,2026,2026-SEP,,component,lmprs,
Mar,2026,,Upper Midwest,30.0,5.78,Producer Milk Components,AMS_3462,3462,Dairy FMMOS,DY-NA,Washington,DC,"Washington, DC",Washington,DC,FMMOS,FMMOS - non-mars,04/21/2026 05:48:00,2026,2026-SEP,,component,lmprs,
Mar,2026,,Southwest,126.0,5.77,Producer Milk Components,AMS_3462,3462,Dairy FMMOS,DY-NA,Washington,DC,"Washington, DC",Washington,DC,FMMOS,FMMOS - non-mars,04/21/2026 05:48:00,2026,2026-SEP,,component,lmprs,
Dec,2000,,All Markets Combined,,5.69,Producer Milk Components,AMS_3462,3462,Dairy FMMOS,DY-NA,Washington,DC,"Washington, DC",Washington,DC,FMMOS,FMMOS - non-mars,04/09/2021 07:48:00,2000,2000-OCT,5.68,component,lmprs,
Dec,2000,,Central,32.0,5.70,Producer Milk Components,AMS_3462,3462,Dairy FMMOS,DY-NA,Washington,DC,"Washington, DC",Washington,DC,FMMOS,FMMOS - non-mars,04/09/2021 07:48:00,2000,2000-OCT,5.69,component,lmprs,
Dec,2000,,Mideast,33.0,5.69,Producer Milk Components,AMS_3462,3462,Dairy FMMOS,DY-NA,Washington,DC,"Washington, DC",Washington,DC,FMMOS,FMMOS - non-mars,04/09/2021 07:48:00,2000,2000-OCT,5.67,component,lmprs,
Dec,2000,,Northeast,1.0,5.67,Producer Milk Components,AMS_3462,3462,Dairy FMMOS,DY-NA,Washington,DC,"Washington, DC",Washington,DC,FMMOS,FMMOS - non-mars,04/09/2021 07:48:00,2000,2000-OCT,5.67,component,lmprs,
Dec,2000,,Pacific Northwest,124.0,5.71,Producer Milk Components,AMS_3462,3462,Dairy FMMOS,DY-NA,Washington,DC,"Washington, DC",Washington,DC,FMMOS,FMMOS - non-mars,04/09/2021 07:48:00,2000,2000-OCT,5.71,component,lmprs,
Dec,2000,,Southwest,126.0,5.67,Producer Milk Components,AMS_3462,3462,Dairy FMMOS,DY-NA,Washington,DC,"Washington, DC",Washington,DC,FMMOS,FMMOS - non-mars,04/09/2021 07:48:00,2000,2000-OCT,5.67,component,lmprs,
Dec,2000,,Upper Midwest,30.0,5.70,Producer Milk Components,AMS_3462,3462,Dairy FMMOS,DY-NA,Washington,DC,"Washington, DC",Washington,DC,FMMOS,FMMOS - non-mars,04/09/2021 07:48:00,2000,2000-OCT,5.68,component,lmprs,
Dec,2000,,Western,135.0,5.75,Producer Milk Components,AMS_3462,3462,Dairy FMMOS,DY-NA,Washington,DC,"Washington, DC",Washington,DC,FMMOS,FMMOS - non-mars,04/09/2021 07:48:00,2000,2000-OCT,5.73,component,lmprs,
Dec,2001,,Western,135.0,5.71,Producer Milk Components,AMS_3462,3462,Dairy FMMOS,DY-NA,Washington,DC,"Washington, DC",Washington,DC,FMMOS,FMMOS - non-mars,04/09/2021 07:46:00,2001,2001-OCT,5.69,component,lmprs,
Dec,2001,,Upper Midwest,30.0,5.70,Producer Milk Components,AMS_3462,3462,Dairy FMMOS,DY-NA,Washington,DC,"Washington, DC",Washington,DC,FMMOS,FMMOS - non-mars,04/09/2021 07:46:00,2001,2001-OCT,5.69,component,lmprs,
Dec,2001,,Southwest,126.0,5.67,Producer Milk Components,AMS_3462,3462,Dairy FMMOS,DY-NA,Washington,DC,"Washington, DC",Washington,DC,FMMOS,FMMOS - non-mars,04/09/2021 07:46:00,2001,2001-OCT,5.66,component,lmprs,
Dec,2001,,Pacific Northwest,124.0,5.70,Producer Milk Components,AMS_3462,3462,Dairy FMMOS,DY-NA,Washington,DC,"Washington, DC",Washington,DC,FMMOS,FMMOS - non-mars,04/09/2021 07:46:00,2001,2001-OCT,5.68,component,lmprs,
Dec,2001,,Northeast,1.0,5.69,Producer Milk Components,AMS_3462,3462,Dairy FMMOS,DY-NA,Washington,DC,"Washington, DC",Washington,DC,FMMOS,FMMOS - non-mars,04/09/2021 07:46:00,2001,2001-OCT,5.70,component,lmprs,
Dec,2001,,Mideast,33.0,5.70,Producer Milk Components,AMS_3462,3462,Dairy FMMOS,DY-NA,Washington,DC,"Washington, DC",Washington,DC,FMMOS,FMMOS - non-mars,04/09/2021 07:46:00,2001,2001-OCT,5.70,component,lmprs,
Dec,2001,,Central,32.0,5.70,Producer Milk Components,AMS_3462,3462,Dairy FMMOS,DY-NA,Washington,DC,"Washington, DC",Washington,DC,FMMOS,FMMOS - non-mars,04/09/2021 07:46:00,2001,2001-OCT,5.67,component,lmprs,
Dec,2001,,All Markets Combined,,5.70,Producer Milk Components,AMS_3462,3462,Dairy FMMOS,DY-NA,Washington,DC,"Washington, DC",Washington,DC,FMMOS,FMMOS - non-mars,04/09/2021 07:46:00,2001,2001-OCT,5.69,component,lmprs,
Dec,2002,,All Markets Combined,,5.71,Producer Milk Components,AMS_3462,3462,Dairy FMMOS,DY-NA,Washington,DC,"Washington, DC",Washington,DC,FMMOS,FMMOS - non-mars,04/09/2021 07:46:00,2002,2002-OCT,5.68,component,lmprs,
Dec,2002,,Central,32.0,5.71,Producer Milk Components,AMS_3462,3462,Dairy FMMOS,DY-NA,Washington,DC,"Washington, DC",Washington,DC,FMMOS,FMMOS - non-mars,04/09/2021 07:46:00,2002,2002-OCT,5.68,component,lmprs,
Dec,2002,,Mideast,33.0,5.71,Producer Milk Components,AMS_3462,3462,Dairy FMMOS,DY-NA,Washington,DC,"Washington, DC",Washington,DC,FMMOS,FMMOS - non-mars,04/09/2021 07:46:00,2002,2002-OCT,5.69,component,lmprs,
Dec,2002,,Northeast,1.0,5.71,Producer Milk Components,AMS_3462,3462,Dairy FMMOS,DY-NA,Washington,DC,"Washington, DC",Washington,DC,FMMOS,FMMOS - non-mars,04/09/2021 07:46:00,2002,2002-OCT,5.67,component,lmprs,
Dec,2002,,Pacific Northwest,124.0,5.71,Producer Milk Components,AMS_3462,3462,Dairy FMMOS,DY-NA,Washington,DC,"Washington, DC",Washington,DC,FMMOS,FMMOS - non-mars,04/09/2021 07:46:00,2002,2002-OCT,5.67,component,lmprs,
Dec,2002,,Southwest,126.0,5.69,Producer Milk Components,AMS_3462,3462,Dairy FMMOS,DY-NA,Washington,DC,"Washington, DC",Washington,DC,FMMOS,FMMOS - non-mars,04/09/2021 07:46:00,2002,2002-OCT,5.68,component,lmprs,
Dec,2002,,Upper Midwest,30.0,5.71,Producer Milk Components,AMS_3462,3462,Dairy FMMOS,DY-NA,Washington,DC,"Washington, DC",Washington,DC,FMMOS,FMMOS - non-mars,04/09/2021 07:46:00,2002,2002-OCT,5.70,component,lmprs,
Dec,2002,,Western,135.0,5.72,Producer Milk Components,AMS_3462,3462,Dairy FMMOS,DY-NA,Washington,DC,"Washington, DC",Washington,DC,FMMOS,FMMOS - non-mars,04/09/2021 07:46:00,2002,2002-OCT,5.68,component,lmprs,
Dec,2003,,Western,135.0,5.70,Producer Milk Components,AMS_3462,3462,Dairy FMMOS,DY-NA,Washington,DC,"Washington, DC",Washington,DC,FMMOS,FMMOS - non-mars,04/09/2021 07:46:00,2003,2003-OCT,5.69,component,lmprs,
Dec,2003,,Upper Midwest,30.0,5.72,Producer Milk Components,AMS_3462,3462,Dairy FMMOS,DY-NA,Washington,DC,"Washington, DC",Washington,DC,FMMOS,FMMOS - non-mars,04/09/2021 07:46:00,2003,2003-OCT,5.68,component,lmprs,
Dec,2003,,Southwest,126.0,5.72,Producer Milk Components,AMS_3462,3462,Dairy FMMOS,DY-NA,Washington,DC,"Washington, DC",Washington,DC,FMMOS,FMMOS - non-mars,04/09/2021 07:46:00,2003,2003-OCT,5.70,component,lmprs,
Dec,2003,,Pacific Northwest,124.0,5.69,Producer Milk Components,AMS_3462,3462,Dairy FMMOS,DY-NA,Washington,DC,"Washington, DC",Washington,DC,FMMOS,FMMOS - non-mars,04/09/2021 07:46:00,2003,2003-OCT,5.66,component,lmprs,
Dec,2003,,Mideast,33.0,5.71,Producer Milk Components,AMS_3462,3462,Dairy FMMOS,DY-NA,Washington,DC,"Washington, DC",Washington,DC,FMMOS,FMMOS - non-mars,04/09/2021 07:46:00,2003,2003-OCT,5.67,component,lmprs,
Dec,2003,,Northeast,1.0,5.69,Producer Milk Components,AMS_3462,3462,Dairy FMMOS,DY-NA,Washington,DC,"Washington, DC",Washington,DC,FMMOS,FMMOS - non-mars,04/09/2021 07:46:00,2003,2003-OCT,5.66,component,lmprs,
Dec,2003,,Central,32.0,5.73,Producer Milk Components,AMS_3462,3462,Dairy FMMOS,DY-NA,Washington,DC,"Washington, DC",Washington,DC,FMMOS,FMMOS - non-mars,04/09/2021 07:46:00,2003,2003-OCT,5.68,component,lmprs,
Dec,2003,,All Markets Combined,,5.71,Producer Milk Components,AMS_3462,3462,Dairy FMMOS,DY-NA,Washington,DC,"Washington, DC",Washington,DC,FMMOS,FMMOS - non-mars,04/09/2021 07:46:00,2003,2003-OCT,5.67,component,lmprs,
Dec,2004,,All Markets Combined,,5.70,Producer Milk Components,AMS_3462,3462,Dairy FMMOS,DY-NA,Washington,DC,"Washington, DC",Washington,DC,FMMOS,FMMOS - non-mars,04/09/2021 07:44:00,2004,2004-OCT,5.68,component,lmprs,
Dec,2004,,Central,32.0,5.72,Producer Milk Components,AMS_3462,3462,Dairy FMMOS,DY-NA,Washington,DC,"Washington, DC",Washington,DC,FMMOS,FMMOS - non-mars,04/09/2021 07:44:00,2004,2004-OCT,5.69,component,lmprs,
Dec,2004,,Northeast,1.0,5.67,Producer Milk Components,AMS_3462,3462,Dairy FMMOS,DY-NA,Washington,DC,"Washington, DC",Washington,DC,FMMOS,FMMOS - non-mars,04/09/2021 07:44:00,2004,2004-OCT,5.65,component,lmprs,
Dec,2004,,Mideast,33.0,5.70,Producer Milk Components,AMS_3462,3462,Dairy FMMOS,DY-NA,Washington,DC,"Washington, DC",Washington,DC,FMMOS,FMMOS - non-mars,04/09/2021 07:44:00,2004,2004-OCT,5.69,component,lmprs,
Dec,2004,,Pacific Northwest,124.0,5.69,Producer Milk Components,AMS_3462,3462,Dairy FMMOS,DY-NA,Washington,DC,"Washington, DC",Washington,DC,FMMOS,FMMOS - non-mars,04/09/2021 07:44:00,2004,2004-OCT,5.71,component,lmprs,
Dec,2004,,Southwest,126.0,5.72,Producer Milk Components,AMS_3462,3462,Dairy FMMOS,DY-NA,Washington,DC,"Washington, DC",Washington,DC,FMMOS,FMMOS - non-mars,04/09/2021 07:44:00,2004,2004-OCT,5.71,component,lmprs,
Dec,2004,,Upper Midwest,30.0,5.70,Producer Milk Components,AMS_3462,3462,Dairy FMMOS,DY-NA,Washington,DC,"Washington, DC",Washington,DC,FMMOS,FMMOS - non-mars,04/09/2021 07:44:00,2004,2004-OCT,5.67,component,lmprs,
Dec,2004,,Western,135.0,5.70,Producer Milk Components,AMS_3462,3462,Dairy FMMOS,DY-NA,Washington,DC,"Washington, DC",Washington,DC,FMMOS,FMMOS - non-mars,04/09/2021 07:44:00,2004,2004-OCT,,component,lmprs,
Dec,2005,,Upper Midwest,30.0,5.71,Producer Milk Components,AMS_3462,3462,Dairy FMMOS,DY-NA,Washington,DC,"Washington, DC",Washington,DC,FMMOS,FMMOS - non-mars,03/30/2021 14:16:00,2005,2005-OCT,5.68,component,lmprs,
Dec,2005,,Southwest,126.0,5.72,Producer Milk Components,AMS_3462,3462,Dairy FMMOS,DY-NA,Washington,DC,"Washington, DC",Washington,DC,FMMOS,FMMOS - non-mars,03/30/2021 14:16:00,2005,2005-OCT,5.72,component,lmprs,
Dec,2005,,Pacific Northwest,124.0,5.71,Producer Milk Components,AMS_3462,3462,Dairy FMMOS,DY-NA,Washington,DC,"Washington, DC",Washington,DC,FMMOS,FMMOS - non-mars,03/30/2021 14:16:00,2005,2005-OCT,5.69,component,lmprs,
Dec,2005,,Mideast,33.0,5.71,Producer Milk Components,AMS_3462,3462,Dairy FMMOS,DY-NA,Washington,DC,"Washington, DC",Washington,DC,FMMOS,FMMOS - non-mars,03/30/2021 14:16:00,2005,2005-OCT,5.68,component,lmprs,
Dec,2005,,Northeast,1.0,5.69,Producer Milk Components,AMS_3462,3462,Dairy FMMOS,DY-NA,Washington,DC,"Washington, DC",Washington,DC,FMMOS,FMMOS - non-mars,03/30/2021 14:16:00,2005,2005-OCT,5.67,component,lmprs,
Dec,2005,,Central,32.0,5.73,Producer Milk Components,AMS_3462,3462,Dairy FMMOS,DY-NA,Washington,DC,"Washington, DC",Washington,DC,FMMOS,FMMOS - non-mars,03/30/2021 14:16:00,2005,2005-OCT,5.71,component,lmprs,
Dec,2005,,All Markets Combined,,5.71,Producer Milk Components,AMS_3462,3462,Dairy FMMOS,DY-NA,Washington,DC,"Washington, DC",Washington,DC,FMMOS,FMMOS - non-mars,03/30/2021 14:16:00,2005,2005-OCT,5.69,component,lmprs,
Dec,2006,,All Markets Combined,,5.71,Producer Milk Components,AMS_3462,3462,Dairy FMMOS,DY-NA,Washington,DC,"Washington, DC",Washington,DC,FMMOS,FMMOS - non-mars,03/30/2021 14:16:00,2006,2006-OCT,5.70,component,lmprs,
Dec,2006,,Central,32.0,5.73,Producer Milk Components,AMS_3462,3462,Dairy FMMOS,DY-NA,Washington,DC,"Washington, DC",Washington,DC,FMMOS,FMMOS - non-mars,03/30/2021 14:16:00,2006,2006-OCT,5.71,component,lmprs,
Dec,2006,,Northeast,1.0,5.70,Producer Milk Components,AMS_3462,3462,Dairy FMMOS,DY-NA,Washington,DC,"Washington, DC",Washington,DC,FMMOS,FMMOS - non-mars,03/30/2021 14:16:00,2006,2006-OCT,5.68,component,lmprs,
Dec,2006,,Mideast,33.0,5.71,Producer Milk Components,AMS_3462,3462,Dairy FMMOS,DY-NA,Washington,DC,"Washington, DC",Washington,DC,FMMOS,FMMOS - non-mars,03/30/2021 14:16:00,2006,2006-OCT,5.70,component,lmprs,
Dec,2006,,Pacific Northwest,124.0,5.70,Producer Milk Components,AMS_3462,3462,Dairy FMMOS,DY-NA,Washington,DC,"Washington, DC",Washington,DC,FMMOS,FMMOS - non-mars,03/30/2021 14:16:00,2006,2006-OCT,5.68,component,lmprs,
Dec,2006,,Southwest,126.0,5.70,Producer Milk Components,AMS_3462,3462,Dairy FMMOS,DY-NA,Washington,DC,"Washington, DC",Washington,DC,FMMOS,FMMOS - non-mars,03/30/2021 14:16:00,2006,2006-OCT,5.67,component,lmprs,
Dec,2006,,Upper Midwest,30.0,5.72,Producer Milk Components,AMS_3462,3462,Dairy FMMOS,DY-NA,Washington,DC,"Washington, DC",Washington,DC,FMMOS,FMMOS - non-mars,03/30/2021 14:16:00,2006,2006-OCT,5.72,component,lmprs,
Dec,2007,,Upper Midwest,30.0,5.71,Producer Milk Components,AMS_3462,3462,Dairy FMMOS,DY-NA,Washington,DC,"Washington, DC",Washington,DC,FMMOS,FMMOS - non-mars,03/30/2021 14:16:00,2007,2007-OCT,5.70,component,lmprs,
Dec,2007,,Southwest,126.0,5.69,Producer Milk Components,AMS_3462,3462,Dairy FMMOS,DY-NA,Washington,DC,"Washington, DC",Washington,DC,FMMOS,FMMOS - non-mars,03/30/2021 14:16:00,2007,2007-OCT,5.70,component,lmprs,
Dec,2007,,Pacific Northwest,124.0,5.71,Producer Milk Components,AMS_3462,3462,Dairy FMMOS,DY-NA,Washington,DC,"Washington, DC",Washington,DC,FMMOS,FMMOS - non-mars,03/30/2021 14:16:00,2007,2007-OCT,5.72,component,lmprs,
Dec,2007,,Mideast,33.0,5.71,Producer Milk Components,AMS_3462,3462,Dairy FMMOS,DY-NA,Washington,DC,"Washington, DC",Washington,DC,FMMOS,FMMOS - non-mars,03/30/2021 14:16:00,2007,2007-OCT,5.70,component,lmprs,
Dec,2007,,Northeast,1.0,5.71,Producer Milk Components,AMS_3462,3462,Dairy FMMOS,DY-NA,Washington,DC,"Washington, DC",Washington,DC,FMMOS,FMMOS - non-mars,03/30/2021 14:16:00,2007,2007-OCT,5.70,component,lmprs,
Dec,2007,,Central,32.0,5.71,Producer Milk Components,AMS_3462,3462,Dairy FMMOS,DY-NA,Washington,DC,"Washington, DC",Washington,DC,FMMOS,FMMOS - non-mars,03/30/2021 14:16:00,2007,2007-OCT,5.71,component,lmprs,
Dec,2007,,All Markets Combined,,5.71,Producer Milk Components,AMS_3462,3462,Dairy FMMOS,DY-NA,Washington,DC,"Washington, DC",Washington,DC,FMMOS,FMMOS - non-mars,03/30/2021 14:16:00,2007,2007-OCT,5.70,component,lmprs,
Dec,2008,,All Markets Combined,,5.71,Producer Milk Components,AMS_3462,3462,Dairy FMMOS,DY-NA,Washington,DC,"Washington, DC",Washington,DC,FMMOS,FMMOS - non-mars,03/30/2021 14:15:00,2008,2008-OCT,5.70,component,lmprs,
Dec,2008,,Central,32.0,5.72,Producer Milk Components,AMS_3462,3462,Dairy FMMOS,DY-NA,Washington,DC,"Washington, DC",Washington,DC,FMMOS,FMMOS - non-mars,03/30/2021 14:15:00,2008,2008-OCT,5.73,component,lmprs,
Dec,2008,,Northeast,1.0,5.71,Producer Milk Components,AMS_3462,3462,Dairy FMMOS,DY-NA,Washington,DC,"Washington, DC",Washington,DC,FMMOS,FMMOS - non-mars,03/30/2021 14:15:00,2008,2008-OCT,5.69,component,lmprs,
Dec,2008,,Mideast,33.0,5.70,Producer Milk Components,AMS_3462,3462,Dairy FMMOS,DY-NA,Washington,DC,"Washington, DC",Washington,DC,FMMOS,FMMOS - non-mars,03/30/2021 14:15:00,2008,2008-OCT,5.68,component,lmprs,
Dec,2008,,Pacific Northwest,124.0,5.70,Producer Milk Components,AMS_3462,3462,Dairy FMMOS,DY-NA,Washington,DC,"Washington, DC",Washington,DC,FMMOS,FMMOS - non-mars,03/30/2021 14:15:00,2008,2008-OCT,5.67,component,lmprs,
Dec,2008,,Southwest,126.0,5.73,Producer Milk Components,AMS_3462,3462,Dairy FMMOS,DY-NA,Washington,DC,"Washington, DC",Washington,DC,FMMOS,FMMOS - non-mars,03/30/2021 14:15:00,2008,2008-OCT,5.72,component,lmprs,
Dec,2008,,Upper Midwest,30.0,5.71,Producer Milk Components,AMS_3462,3462,Dairy FMMOS,DY-NA,Washington,DC,"Washington, DC",Washington,DC,FMMOS,FMMOS - non-mars,03/30/2021 14:15:00,2008,2008-OCT,5.71,component,lmprs,
Dec,2009,,Upper Midwest,30.0,5.73,Producer Milk Components,AMS_3462,3462,Dairy FMMOS,DY-NA,Washington,DC,"Washington, DC",Washington,DC,FMMOS,FMMOS - non-mars,03/30/2021 14:15:00,2009,2009-OCT,5.74,component,lmprs,
Dec,2009,,Southwest,126.0,5.74,Producer Milk Components,AMS_3462,3462,Dairy FMMOS,DY-NA,Washington,DC,"Washington, DC",Washington,DC,FMMOS,FMMOS - non-mars,03/30/2021 14:15:00,2009,2009-OCT,5.78,component,lmprs,
Dec,2009,,Pacific Northwest,124.0,5.69,Producer Milk Components,AMS_3462,3462,Dairy FMMOS,DY-NA,Washington,DC,"Washington, DC",Washington,DC,FMMOS,FMMOS - non-mars,03/30/2021 14:15:00,2009,2009-OCT,5.69,component,lmprs,
Dec,2009,,Mideast,33.0,5.69,Producer Milk Components,AMS_3462,3462,Dairy FMMOS,DY-NA,Washington,DC,"Washington, DC",Washington,DC,FMMOS,FMMOS - non-mars,03/30/2021 14:15:00,2009,2009-OCT,5.70,component,lmprs,
Dec,2009,,Northeast,1.0,5.69,Producer Milk Components,AMS_3462,3462,Dairy FMMOS,DY-NA,Washington,DC,"Washington, DC",Washington,DC,FMMOS,FMMOS - non-mars,03/30/2021 14:15:00,2009,2009-OCT,5.67,component,lmprs,
Dec,2009,,Central,32.0,5.74,Producer Milk Components,AMS_3462,3462,Dairy FMMOS,DY-NA,Washington,DC,"Washington, DC",Washington,DC,FMMOS,FMMOS - non-mars,03/30/2021 14:15:00,2009,2009-OCT,5.74,component,lmprs,
Dec,2009,,All Markets Combined,,5.71,Producer Milk Components,AMS_3462,3462,Dairy FMMOS,DY-NA,Washington,DC,"Washington, DC",Washington,DC,FMMOS,FMMOS - non-mars,03/30/2021 14:15:00,2009,2009-OCT,5.72,component,lmprs,
Dec,2010,,All Markets Combined,,5.74,Producer Milk Components,AMS_3462,3462,Dairy FMMOS,DY-NA,Washington,DC,"Washington, DC",Washington,DC,FMMOS,FMMOS - non-mars,03/30/2021 14:14:00,2010,2010-OCT,5.73,component,lmprs,
Dec,2010,,Central,32.0,5.74,Producer Milk Components,AMS_3462,3462,Dairy FMMOS,DY-NA,Washington,DC,"Washington, DC",Washington,DC,FMMOS,FMMOS - non-mars,03/30/2021 14:14:00,2010,2010-OCT,5.73,component,lmprs,
Dec,2010,,Northeast,1.0,5.72,Producer Milk Components,AMS_3462,3462,Dairy FMMOS,DY-NA,Washington,DC,"Washington, DC",Washington,DC,FMMOS,FMMOS - non-mars,03/30/2021 14:14:00,2010,2010-OCT,5.73,component,lmprs,
Dec,2010,,Mideast,33.0,5.71,Producer Milk Components,AMS_3462,3462,Dairy FMMOS,DY-NA,Washington,DC,"Washington, DC",Washington,DC,FMMOS,FMMOS - non-mars,03/30/2021 14:14:00,2010,2010-OCT,5.69,component,lmprs,
Dec,2010,,Pacific Northwest,124.0,5.71,Producer Milk Components,AMS_3462,3462,Dairy FMMOS,DY-NA,Washington,DC,"Washington, DC",Washington,DC,FMMOS,FMMOS - non-mars,03/30/2021 14:14:00,2010,2010-OCT,5.70,component,lmprs,
Dec,2010,,Southwest,126.0,5.76,Producer Milk Components,AMS_3462,3462,Dairy FMMOS,DY-NA,Washington,DC,"Washington, DC",Washington,DC,FMMOS,FMMOS - non-mars,03/30/2021 14:14:00,2010,2010-OCT,5.77,component,lmprs,
Dec,2010,,Upper Midwest,30.0,5.76,Producer Milk Components,AMS_3462,3462,Dairy FMMOS,DY-NA,Washington,DC,"Washington, DC",Washington,DC,FMMOS,FMMOS - non-mars,03/30/2021 14:14:00,2010,2010-OCT,5.75,component,lmprs,
Dec,2011,,Southwest,126.0,5.75,Producer Milk Components,AMS_3462,3462,Dairy FMMOS,DY-NA,Washington,DC,"Washington, DC",Washington,DC,FMMOS,FMMOS - non-mars,03/30/2021 14:14:00,2011,2011-OCT,5.73,component,lmprs,
Dec,2011,,Upper Midwest,30.0,5.74,Producer Milk Components,AMS_3462,3462,Dairy FMMOS,DY-NA,Washington,DC,"Washington, DC",Washington,DC,FMMOS,FMMOS - non-mars,03/30/2021 14:14:00,2011,2011-OCT,5.74,component,lmprs,
Dec,2011,,Pacific Northwest,124.0,5.73,Producer Milk Components,AMS_3462,3462,Dairy FMMOS,DY-NA,Washington,DC,"Washington, DC",Washington,DC,FMMOS,FMMOS - non-mars,03/30/2021 14:14:00,2011,2011-OCT,5.73,component,lmprs,
Dec,2011,,Northeast,1.0,5.73,Producer Milk Components,AMS_3462,3462,Dairy FMMOS,DY-NA,Washington,DC,"Washington, DC",Washington,DC,FMMOS,FMMOS - non-mars,03/30/2021 14:14:00,2011,2011-OCT,5.71,component,lmprs,
Dec,2011,,Central,32.0,5.73,Producer Milk Components,AMS_3462,3462,Dairy FMMOS,DY-NA,Washington,DC,"Washington, DC",Washington,DC,FMMOS,FMMOS - non-mars,03/30/2021 14:14:00,2011,2011-OCT,5.74,component,lmprs,
Dec,2011,,Mideast,33.0,5.71,Producer Milk Components,AMS_3462,3462,Dairy FMMOS,DY-NA,Washington,DC,"Washington, DC",Washington,DC,FMMOS,FMMOS - non-mars,03/30/2021 14:14:00,2011,2011-OCT,5.70,component,lmprs,
Dec,2011,,All Markets Combined,,5.73,Producer Milk Components,AMS_3462,3462,Dairy FMMOS,DY-NA,Washington,DC,"Washington, DC",Washington,DC,FMMOS,FMMOS - non-mars,03/30/2021 14:14:00,2011,2011-OCT,5.73,component,lmprs,
Dec,2012,,All Markets Combined,,5.75,Producer Milk Components,AMS_3462,3462,Dairy FMMOS,DY-NA,Washington,DC,"Washington, DC",Washington,DC,FMMOS,FMMOS - non-mars,03/30/2021 14:13:00,2012,2012-OCT,5.73,component,lmprs,
Dec,2012,,Mideast,33.0,5.74,Producer Milk Components,AMS_3462,3462,Dairy FMMOS,DY-NA,Washington,DC,"Washington, DC",Washington,DC,FMMOS,FMMOS - non-mars,03/30/2021 14:13:00,2012,2012-OCT,5.73,component,lmprs,
Dec,2012,,Central,32.0,5.75,Producer Milk Components,AMS_3462,3462,Dairy FMMOS,DY-NA,Washington,DC,"Washington, DC",Washington,DC,FMMOS,FMMOS - non-mars,03/30/2021 14:13:00,2012,2012-OCT,5.73,component,lmprs,
Dec,2012,,Northeast,1.0,5.75,Producer Milk Components,AMS_3462,3462,Dairy FMMOS,DY-NA,Washington,DC,"Washington, DC",Washington,DC,FMMOS,FMMOS - non-mars,03/30/2021 14:13:00,2012,2012-OCT,5.73,component,lmprs,
Dec,2012,,Pacific Northwest,124.0,5.74,Producer Milk Components,AMS_3462,3462,Dairy FMMOS,DY-NA,Washington,DC,"Washington, DC",Washington,DC,FMMOS,FMMOS - non-mars,03/30/2021 14:13:00,2012,2012-OCT,5.71,component,lmprs,
Dec,2012,,Upper Midwest,30.0,5.75,Producer Milk Components,AMS_3462,3462,Dairy FMMOS,DY-NA,Washington,DC,"Washington, DC",Washington,DC,FMMOS,FMMOS - non-mars,03/30/2021 14:13:00,2012,2012-OCT,5.73,component,lmprs,
Dec,2012,,Southwest,126.0,5.77,Producer Milk Components,AMS_3462,3462,Dairy FMMOS,DY-NA,Washington,DC,"Washington, DC",Washington,DC,FMMOS,FMMOS - non-mars,03/30/2021 14:13:00,2012,2012-OCT,5.76,component,lmprs,
Dec,2013,,Southwest,126.0,5.77,Producer Milk Components,AMS_3462,3462,Dairy FMMOS,DY-NA,Washington,DC,"Washington, DC",Washington,DC,FMMOS,FMMOS - non-mars,03/30/2021 14:13:00,2013,2013-OCT,5.75,component,lmprs,
Dec,2013,,Upper Midwest,30.0,5.74,Producer Milk Components,AMS_3462,3462,Dairy FMMOS,DY-NA,Washington,DC,"Washington, DC",Washington,DC,FMMOS,FMMOS - non-mars,03/30/2021 14:13:00,2013,2013-OCT,5.71,component,lmprs,
Dec,2013,,Pacific Northwest,124.0,5.73,Producer Milk Components,AMS_3462,3462,Dairy FMMOS,DY-NA,Washington,DC,"Washington, DC",Washington,DC,FMMOS,FMMOS - non-mars,03/30/2021 14:13:00,2013,2013-OCT,5.71,component,lmprs,
Dec,2013,,Northeast,1.0,5.73,Producer Milk Components,AMS_3462,3462,Dairy FMMOS,DY-NA,Washington,DC,"Washington, DC",Washington,DC,FMMOS,FMMOS - non-mars,03/30/2021 14:13:00,2013,2013-OCT,5.69,component,lmprs,
Dec,2013,,Central,32.0,5.75,Producer Milk Components,AMS_3462,3462,Dairy FMMOS,DY-NA,Washington,DC,"Washington, DC",Washington,DC,FMMOS,FMMOS - non-mars,03/30/2021 14:13:00,2013,2013-OCT,5.73,component,lmprs,
Dec,2013,,Mideast,33.0,5.74,Producer Milk Components,AMS_3462,3462,Dairy FMMOS,DY-NA,Washington,DC,"Washington, DC",Washington,DC,FMMOS,FMMOS - non-mars,03/30/2021 14:13:00,2013,2013-OCT,5.72,component,lmprs,
Dec,2013,,All Markets Combined,,5.74,Producer Milk Components,AMS_3462,3462,Dairy FMMOS,DY-NA,Washington,DC,"Washington, DC",Washington,DC,FMMOS,FMMOS - non-mars,03/30/2021 14:13:00,2013,2013-OCT,5.72,component,lmprs,
Dec,2014,,All Markets Combined,,5.74,Producer Milk Components,AMS_3462,3462,Dairy FMMOS,DY-NA,Washington,DC,"Washington, DC",Washington,DC,FMMOS,FMMOS - non-mars,03/30/2021 14:13:00,2014,2014-OCT,5.73,component,lmprs,
Dec,2014,,Mideast,33.0,5.72,Producer Milk Components,AMS_3462,3462,Dairy FMMOS,DY-NA,Washington,DC,"Washington, DC",Washington,DC,FMMOS,FMMOS - non-mars,03/30/2021 14:13:00,2014,2014-OCT,5.72,component,lmprs,
Dec,2014,,Central,32.0,5.74,Producer Milk Components,AMS_3462,3462,Dairy FMMOS,DY-NA,Washington,DC,"Washington, DC",Washington,DC,FMMOS,FMMOS - non-mars,03/30/2021 14:13:00,2014,2014-OCT,5.74,component,lmprs,
Dec,2014,,Northeast,1.0,5.73,Producer Milk Components,AMS_3462,3462,Dairy FMMOS,DY-NA,Washington,DC,"Washington, DC",Washington,DC,FMMOS,FMMOS - non-mars,03/30/2021 14:13:00,2014,2014-OCT,5.73,component,lmprs,
Dec,2014,,Pacific Northwest,124.0,5.72,Producer Milk Components,AMS_3462,3462,Dairy FMMOS,DY-NA,Washington,DC,"Washington, DC",Washington,DC,FMMOS,FMMOS - non-mars,03/30/2021 14:13:00,2014,2014-OCT,5.71,component,lmprs,
Dec,2014,,Upper Midwest,30.0,5.73,Producer Milk Components,AMS_3462,3462,Dairy FMMOS,DY-NA,Washington,DC,"Washington, DC",Washington,DC,FMMOS,FMMOS - non-mars,03/30/2021 14:13:00,2014,2014-OCT,5.74,component,lmprs,
Dec,2014,,Southwest,126.0,5.76,Producer Milk Components,AMS_3462,3462,Dairy FMMOS,DY-NA,Washington,DC,"Washington, DC",Washington,DC,FMMOS,FMMOS - non-mars,03/30/2021 14:13:00,2014,2014-OCT,5.73,component,lmprs,
Dec,2015,,Southwest,126.0,5.74,Producer Milk Components,AMS_3462,3462,Dairy FMMOS,DY-NA,Washington,DC,"Washington, DC",Washington,DC,FMMOS,FMMOS - non-mars,03/30/2021 14:12:00,2015,2015-OCT,5.74,component,lmprs,
Dec,2015,,Upper Midwest,30.0,5.74,Producer Milk Components,AMS_3462,3462,Dairy FMMOS,DY-NA,Washington,DC,"Washington, DC",Washington,DC,FMMOS,FMMOS - non-mars,03/30/2021 14:12:00,2015,2015-OCT,5.73,component,lmprs,
Dec,2015,,Pacific Northwest,124.0,5.73,Producer Milk Components,AMS_3462,3462,Dairy FMMOS,DY-NA,Washington,DC,"Washington, DC",Washington,DC,FMMOS,FMMOS - non-mars,03/30/2021 14:12:00,2015,2015-OCT,5.71,component,lmprs,
Dec,2015,,Northeast,1.0,5.75,Producer Milk Components,AMS_3462,3462,Dairy FMMOS,DY-NA,Washington,DC,"Washington, DC",Washington,DC,FMMOS,FMMOS - non-mars,03/30/2021 14:12:00,2015,2015-OCT,5.73,component,lmprs,
Dec,2015,,Central,32.0,5.76,Producer Milk Components,AMS_3462,3462,Dairy FMMOS,DY-NA,Washington,DC,"Washington, DC",Washington,DC,FMMOS,FMMOS - non-mars,03/30/2021 14:12:00,2015,2015-OCT,5.76,component,lmprs,
Dec,2015,,Mideast,33.0,5.74,Producer Milk Components,AMS_3462,3462,Dairy FMMOS,DY-NA,Washington,DC,"Washington, DC",Washington,DC,FMMOS,FMMOS - non-mars,03/30/2021 14:12:00,2015,2015-OCT,5.73,component,lmprs,
Dec,2015,,All Markets Combined,,5.74,Producer Milk Components,AMS_3462,3462,Dairy FMMOS,DY-NA,Washington,DC,"Washington, DC",Washington,DC,FMMOS,FMMOS - non-mars,03/30/2021 14:12:00,2015,2015-OCT,5.73,component,lmprs,
Dec,2016,,All Markets Combined,,5.75,Producer Milk Components,AMS_3462,3462,Dairy FMMOS,DY-NA,Washington,DC,"Washington, DC",Washington,DC,FMMOS,FMMOS - non-mars,03/30/2021 14:12:00,2016,2016-OCT,5.73,component,lmprs,
Dec,2016,,Mideast,33.0,5.78,Producer Milk Components,AMS_3462,3462,Dairy FMMOS,DY-NA,Washington,DC,"Washington, DC",Washington,DC,FMMOS,FMMOS - non-mars,03/30/2021 14:12:00,2016,2016-OCT,5.75,component,lmprs,
Dec,2016,,Central,32.0,5.76,Producer Milk Components,AMS_3462,3462,Dairy FMMOS,DY-NA,Washington,DC,"Washington, DC",Washington,DC,FMMOS,FMMOS - non-mars,03/30/2021 14:12:00,2016,2016-OCT,5.73,component,lmprs,
Dec,2016,,Northeast,1.0,5.74,Producer Milk Components,AMS_3462,3462,Dairy FMMOS,DY-NA,Washington,DC,"Washington, DC",Washington,DC,FMMOS,FMMOS - non-mars,03/30/2021 14:12:00,2016,2016-OCT,5.73,component,lmprs,
Dec,2016,,Pacific Northwest,124.0,5.73,Producer Milk Components,AMS_3462,3462,Dairy FMMOS,DY-NA,Washington,DC,"Washington, DC",Washington,DC,FMMOS,FMMOS - non-mars,03/30/2021 14:12:00,2016,2016-OCT,5.74,component,lmprs,
Dec,2016,,Upper Midwest,30.0,5.74,Producer Milk Components,AMS_3462,3462,Dairy FMMOS,DY-NA,Washington,DC,"Washington, DC",Washington,DC,FMMOS,FMMOS - non-mars,03/30/2021 14:12:00,2016,2016-OCT,5.72,component,lmprs,
Dec,2016,,Southwest,126.0,5.74,Producer Milk Components,AMS_3462,3462,Dairy FMMOS,DY-NA,Washington,DC,"Washington, DC",Washington,DC,FMMOS,FMMOS - non-mars,03/30/2021 14:12:00,2016,2016-OCT,5.71,component,lmprs,
Dec,2017,,Southwest,126.0,5.74,Producer Milk Components,AMS_3462,3462,Dairy FMMOS,DY-NA,Washington,DC,"Washington, DC",Washington,DC,FMMOS,FMMOS - non-mars,03/30/2021 14:11:00,2017,2017-OCT,5.71,component,lmprs,
Dec,2017,,Upper Midwest,30.0,5.76,Producer Milk Components,AMS_3462,3462,Dairy FMMOS,DY-NA,Washington,DC,"Washington, DC",Washington,DC,FMMOS,FMMOS - non-mars,03/30/2021 14:11:00,2017,2017-OCT,5.75,component,lmprs,
Dec,2017,,Pacific Northwest,124.0,5.74,Producer Milk Components,AMS_3462,3462,Dairy FMMOS,DY-NA,Washington,DC,"Washington, DC",Washington,DC,FMMOS,FMMOS - non-mars,03/30/2021 14:11:00,2017,2017-OCT,5.73,component,lmprs,
Dec,2017,,Northeast,1.0,5.75,Producer Milk Components,AMS_3462,3462,Dairy FMMOS,DY-NA,Washington,DC,"Washington, DC",Washington,DC,FMMOS,FMMOS - non-mars,03/30/2021 14:11:00,2017,2017-OCT,5.74,component,lmprs,
Dec,2017,,Central,32.0,5.75,Producer Milk Components,AMS_3462,3462,Dairy FMMOS,DY-NA,Washington,DC,"Washington, DC",Washington,DC,FMMOS,FMMOS - non-mars,03/30/2021 14:11:00,2017,2017-OCT,5.73,component,lmprs,
Dec,2017,,Mideast,33.0,5.75,Producer Milk Components,AMS_3462,3462,Dairy FMMOS,DY-NA,Washington,DC,"Washington, DC",Washington,DC,FMMOS,FMMOS - non-mars,03/30/2021 14:11:00,2017,2017-OCT,5.76,component,lmprs,
Dec,2017,,All Markets Combined,,5.75,Producer Milk Components,AMS_3462,3462,Dairy FMMOS,DY-NA,Washington,DC,"Washington, DC",Washington,DC,FMMOS,FMMOS - non-mars,03/30/2021 14:11:00,2017,2017-OCT,5.74,component,lmprs,
Dec,2018,,All Markets Combined,,5.76,Producer Milk Components,AMS_3462,3462,Dairy FMMOS,DY-NA,Washington,DC,"Washington, DC",Washington,DC,FMMOS,FMMOS - non-mars,03/30/2021 14:09:00,2018,2018-OCT,5.76,component,lmprs,
Dec,2018,,California,51.0,5.73,Producer Milk Components,AMS_3462,3462,Dairy FMMOS,DY-NA,Washington,DC,"Washington, DC",Washington,DC,FMMOS,FMMOS - non-mars,03/30/2021 14:09:00,2018,2018-OCT,,component,lmprs,
Dec,2018,,Mideast,33.0,5.77,Producer Milk Components,AMS_3462,3462,Dairy FMMOS,DY-NA,Washington,DC,"Washington, DC",Washington,DC,FMMOS,FMMOS - non-mars,03/30/2021 14:09:00,2018,2018-OCT,5.74,component,lmprs,
Dec,2018,,Central,32.0,5.77,Producer Milk Components,AMS_3462,3462,Dairy FMMOS,DY-NA,Washington,DC,"Washington, DC",Washington,DC,FMMOS,FMMOS - non-mars,03/30/2021 14:09:00,2018,2018-OCT,5.78,component,lmprs,
Dec,2018,,Northeast,1.0,5.75,Producer Milk Components,AMS_3462,3462,Dairy FMMOS,DY-NA,Washington,DC,"Washington, DC",Washington,DC,FMMOS,FMMOS - non-mars,03/30/2021 14:09:00,2018,2018-OCT,5.73,component,lmprs,
Dec,2018,,Pacific Northwest,124.0,5.75,Producer Milk Components,AMS_3462,3462,Dairy FMMOS,DY-NA,Washington,DC,"Washington, DC",Washington,DC,FMMOS,FMMOS - non-mars,03/30/2021 14:09:00,2018,2018-OCT,5.73,component,lmprs,
Dec,2018,,Upper Midwest,30.0,5.77,Producer Milk Components,AMS_3462,3462,Dairy FMMOS,DY-NA,Washington,DC,"Washington, DC",Washington,DC,FMMOS,FMMOS - non-mars,03/30/2021 14:09:00,2018,2018-OCT,5.78,component,lmprs,
Dec,2018,,Southwest,126.0,5.76,Producer Milk Components,AMS_3462,3462,Dairy FMMOS,DY-NA,Washington,DC,"Washington, DC",Washington,DC,FMMOS,FMMOS - non-mars,03/30/2021 14:09:00,2018,2018-OCT,5.77,component,lmprs,
Dec,2019,,Upper Midwest,30.0,5.77,Producer Milk Components,AMS_3462,3462,Dairy FMMOS,DY-NA,Washington,DC,"Washington, DC",Washington,DC,FMMOS,FMMOS - non-mars,03/30/2021 14:09:00,2019,2019-OCT,5.76,component,lmprs,
Dec,2019,,Pacific Northwest,124.0,5.76,Producer Milk Components,AMS_3462,3462,Dairy FMMOS,DY-NA,Washington,DC,"Washington, DC",Washington,DC,FMMOS,FMMOS - non-mars,03/30/2021 14:09:00,2019,2019-OCT,5.74,component,lmprs,
Dec,2019,,Southwest,126.0,5.77,Producer Milk Components,AMS_3462,3462,Dairy FMMOS,DY-NA,Washington,DC,"Washington, DC",Washington,DC,FMMOS,FMMOS - non-mars,03/30/2021 14:09:00,2019,2019-OCT,5.75,component,lmprs,
Dec,2019,,Northeast,1.0,5.75,Producer Milk Components,AMS_3462,3462,Dairy FMMOS,DY-NA,Washington,DC,"Washington, DC",Washington,DC,FMMOS,FMMOS - non-mars,03/30/2021 14:09:00,2019,2019-OCT,5.75,component,lmprs,
Dec,2019,,Mideast,33.0,5.76,Producer Milk Components,AMS_3462,3462,Dairy FMMOS,DY-NA,Washington,DC,"Washington, DC",Washington,DC,FMMOS,FMMOS - non-mars,03/30/2021 14:09:00,2019,2019-OCT,5.75,component,lmprs,
Dec,2019,,California,51.0,5.75,Producer Milk Components,AMS_3462,3462,Dairy FMMOS,DY-NA,Washington,DC,"Washington, DC",Washington,DC,FMMOS,FMMOS - non-mars,03/30/2021 14:09:00,2019,2019-OCT,5.73,component,lmprs,
Dec,2019,,Central,32.0,5.78,Producer Milk Components,AMS_3462,3462,Dairy FMMOS,DY-NA,Washington,DC,"Washington, DC",Washington,DC,FMMOS,FMMOS - non-mars,03/30/2021 14:09:00,2019,2019-OCT,5.77,component,lmprs,
Dec,2019,,All Markets Combined,,5.76,Producer Milk Components,AMS_3462,3462,Dairy FMMOS,DY-NA,Washington,DC,"Washington, DC",Washington,DC,FMMOS,FMMOS - non-mars,03/30/2021 14:09:00,2019,2019-OCT,5.75,component,lmprs,
Dec,2020,,All Markets Combined,,5.77,Producer Milk Components,AMS_3462,3462,Dairy FMMOS,DY-NA,Washington,DC,"Washington, DC",Washington,DC,FMMOS,FMMOS - non-mars,02/23/2021 09:39:00,2020,2020-OCT,5.77,component,lmprs,
Dec,2020,,Central,32.0,5.79,Producer Milk Components,AMS_3462,3462,Dairy FMMOS,DY-NA,Washington,DC,"Washington, DC",Washington,DC,FMMOS,FMMOS - non-mars,02/23/2021 09:39:00,2020,2020-OCT,5.79,component,lmprs,
Dec,2020,,California,51.0,5.75,Producer Milk Components,AMS_3462,3462,Dairy FMMOS,DY-NA,Washington,DC,"Washington, DC",Washington,DC,FMMOS,FMMOS - non-mars,02/23/2021 09:39:00,2020,2020-OCT,5.75,component,lmprs,
Dec,2020,,Mideast,33.0,5.78,Producer Milk Components,AMS_3462,3462,Dairy FMMOS,DY-NA,Washington,DC,"Washington, DC",Washington,DC,FMMOS,FMMOS - non-mars,02/23/2021 09:39:00,2020,2020-OCT,5.77,component,lmprs,
Dec,2020,,Northeast,1.0,5.77,Producer Milk Components,AMS_3462,3462,Dairy FMMOS,DY-NA,Washington,DC,"Washington, DC",Washington,DC,FMMOS,FMMOS - non-mars,02/23/2021 09:39:00,2020,2020-OCT,5.77,component,lmprs,
Dec,2020,,Southwest,126.0,5.78,Producer Milk Components,AMS_3462,3462,Dairy FMMOS,DY-NA,Washington,DC,"Washington, DC",Washington,DC,FMMOS,FMMOS - non-mars,02/23/2021 09:39:00,2020,2020-OCT,5.80,component,lmprs,
Dec,2020,,Pacific Northwest,124.0,5.77,Producer Milk Components,AMS_3462,3462,Dairy FMMOS,DY-NA,Washington,DC,"Washington, DC",Washington,DC,FMMOS,FMMOS - non-mars,02/23/2021 09:39:00,2020,2020-OCT,5.77,component,lmprs,
Dec,2020,,Upper Midwest,30.0,5.77,Producer Milk Components,AMS_3462,3462,Dairy FMMOS,DY-NA,Washington,DC,"Washington, DC",Washington,DC,FMMOS,FMMOS - non-mars,02/23/2021 09:39:00,2020,2020-OCT,5.78,component,lmprs,
Dec,2021,,Southwest,126.0,5.78,Producer Milk Components,AMS_3462,3462,Dairy FMMOS,DY-NA,Washington,DC,"Washington, DC",Washington,DC,FMMOS,FMMOS - non-mars,01/31/2022 07:17:00,2021,2021-OCT,5.77,component,lmprs,
Dec,2021,,Upper Midwest,30.0,5.80,Producer Milk Components,AMS_3462,3462,Dairy FMMOS,DY-NA,Washington,DC,"Washington, DC",Washington,DC,FMMOS,FMMOS - non-mars,01/31/2022 07:17:00,2021,2021-OCT,5.81,component,lmprs,
Dec,2021,,Northeast,1.0,5.77,Producer Milk Components,AMS_3462,3462,Dairy FMMOS,DY-NA,Washington,DC,"Washington, DC",Washington,DC,FMMOS,FMMOS - non-mars,01/31/2022 07:17:00,2021,2021-OCT,5.76,component,lmprs,
Dec,2021,,Pacific Northwest,124.0,5.77,Producer Milk Components,AMS_3462,3462,Dairy FMMOS,DY-NA,Washington,DC,"Washington, DC",Washington,DC,FMMOS,FMMOS - non-mars,01/31/2022 07:17:00,2021,2021-OCT,5.77,component,lmprs,
Dec,2021,,Mideast,33.0,5.77,Producer Milk Components,AMS_3462,3462,Dairy FMMOS,DY-NA,Washington,DC,"Washington, DC",Washington,DC,FMMOS,FMMOS - non-mars,01/31/2022 07:17:00,2021,2021-OCT,5.76,component,lmprs,
Dec,2021,,Central,32.0,5.78,Producer Milk Components,AMS_3462,3462,Dairy FMMOS,DY-NA,Washington,DC,"Washington, DC",Washington,DC,FMMOS,FMMOS - non-mars,01/31/2022 07:17:00,2021,2021-OCT,5.77,component,lmprs,
Dec,2021,,California,51.0,5.75,Producer Milk Components,AMS_3462,3462,Dairy FMMOS,DY-NA,Washington,DC,"Washington, DC",Washington,DC,FMMOS,FMMOS - non-mars,01/31/2022 07:17:00,2021,2021-OCT,5.75,component,lmprs,
Dec,2021,,All Markets Combined,,5.77,Producer Milk Components,AMS_3462,3462,Dairy FMMOS,DY-NA,Washington,DC,"Washington, DC",Washington,DC,FMMOS,FMMOS - non-mars,01/31/2022 07:17:00,2021,2021-OCT,5.77,component,lmprs,
Dec,2022,,All Markets Combined,,5.78,Producer Milk Components,AMS_3462,3462,Dairy FMMOS,DY-NA,Washington,DC,"Washington, DC",Washington,DC,FMMOS,FMMOS - non-mars,01/30/2023 07:36:00,2022,2022-OCT,5.77,component,lmprs,
Dec,2022,,California,51.0,5.75,Producer Milk Components,AMS_3462,3462,Dairy FMMOS,DY-NA,Washington,DC,"Washington, DC",Washington,DC,FMMOS,FMMOS - non-mars,01/30/2023 07:36:00,2022,2022-OCT,5.73,component,lmprs,
Dec,2022,,Central,32.0,5.79,Producer Milk Components,AMS_3462,3462,Dairy FMMOS,DY-NA,Washington,DC,"Washington, DC",Washington,DC,FMMOS,FMMOS - non-mars,01/30/2023 07:36:00,2022,2022-OCT,5.79,component,lmprs,
Dec,2022,,Mideast,33.0,5.78,Producer Milk Components,AMS_3462,3462,Dairy FMMOS,DY-NA,Washington,DC,"Washington, DC",Washington,DC,FMMOS,FMMOS - non-mars,01/30/2023 07:36:00,2022,2022-OCT,5.77,component,lmprs,
Dec,2022,,Pacific Northwest,124.0,5.78,Producer Milk Components,AMS_3462,3462,Dairy FMMOS,DY-NA,Washington,DC,"Washington, DC",Washington,DC,FMMOS,FMMOS - non-mars,01/30/2023 07:36:00,2022,2022-OCT,5.77,component,lmprs,
Dec,2022,,Northeast,1.0,5.78,Producer Milk Components,AMS_3462,3462,Dairy FMMOS,DY-NA,Washington,DC,"Washington, DC",Washington,DC,FMMOS,FMMOS - non-mars,01/30/2023 07:36:00,2022,2022-OCT,5.77,component,lmprs,
Dec,2022,,Upper Midwest,30.0,5.79,Producer Milk Components,AMS_3462,3462,Dairy FMMOS,DY-NA,Washington,DC,"Washington, DC",Washington,DC,FMMOS,FMMOS - non-mars,01/30/2023 07:36:00,2022,2022-OCT,5.77,component,lmprs,
Dec,2022,,Southwest,126.0,5.79,Producer Milk Components,AMS_3462,3462,Dairy FMMOS,DY-NA,Washington,DC,"Washington, DC",Washington,DC,FMMOS,FMMOS - non-mars,01/30/2023 07:36:00,2022,2022-OCT,5.80,component,lmprs,
Dec,2023,,Southwest,126.0,5.79,Producer Milk Components,AMS_3462,3462,Dairy FMMOS,DY-NA,Washington,DC,"Washington, DC",Washington,DC,FMMOS,FMMOS - non-mars,01/30/2024 09:42:00,2023,2023-OCT,5.78,component,lmprs,
Dec,2023,,Upper Midwest,30.0,5.78,Producer Milk Components,AMS_3462,3462,Dairy FMMOS,DY-NA,Washington,DC,"Washington, DC",Washington,DC,FMMOS,FMMOS - non-mars,01/30/2024 09:42:00,2023,2023-OCT,5.79,component,lmprs,
Dec,2023,,Northeast,1.0,5.77,Producer Milk Components,AMS_3462,3462,Dairy FMMOS,DY-NA,Washington,DC,"Washington, DC",Washington,DC,FMMOS,FMMOS - non-mars,01/30/2024 09:42:00,2023,2023-OCT,5.77,component,lmprs,
Dec,2023,,Pacific Northwest,124.0,5.78,Producer Milk Components,AMS_3462,3462,Dairy FMMOS,DY-NA,Washington,DC,"Washington, DC",Washington,DC,FMMOS,FMMOS - non-mars,01/30/2024 09:42:00,2023,2023-OCT,5.77,component,lmprs,
Dec,2023,,Mideast,33.0,5.79,Producer Milk Components,AMS_3462,3462,Dairy FMMOS,DY-NA,Washington,DC,"Washington, DC",Washington,DC,FMMOS,FMMOS - non-mars,01/30/2024 09:42:00,2023,2023-OCT,5.79,component,lmprs,
Dec,2023,,Central,32.0,5.79,Producer Milk Components,AMS_3462,3462,Dairy FMMOS,DY-NA,Washington,DC,"Washington, DC",Washington,DC,FMMOS,FMMOS - non-mars,01/30/2024 09:42:00,2023,2023-OCT,5.78,component,lmprs,
Dec,2023,,California,51.0,5.75,Producer Milk Components,AMS_3462,3462,Dairy FMMOS,DY-NA,Washington,DC,"Washington, DC",Washington,DC,FMMOS,FMMOS - non-mars,01/30/2024 09:42:00,2023,2023-OCT,5.74,component,lmprs,
Dec,2023,,All Markets Combined,,5.78,Producer Milk Components,AMS_3462,3462,Dairy FMMOS,DY-NA,Washington,DC,"Washington, DC",Washington,DC,FMMOS,FMMOS - non-mars,01/30/2024 09:42:00,2023,2023-OCT,5.77,component,lmprs,
Dec,2024,,All Markets Combined,,5.78,Producer Milk Components,AMS_3462,3462,Dairy FMMOS,DY-NA,Washington,DC,"Washington, DC",Washington,DC,FMMOS,FMMOS - non-mars,01/23/2025 09:07:00,2024,2024-OCT,5.78,component,lmprs,
Dec,2024,,California,51.0,5.77,Producer Milk Components,AMS_3462,3462,Dairy FMMOS,DY-NA,Washington,DC,"Washington, DC",Washington,DC,FMMOS,FMMOS - non-mars,01/23/2025 09:07:00,2024,2024-OCT,5.77,component,lmprs,
Dec,2024,,Central,32.0,5.80,Producer Milk Components,AMS_3462,3462,Dairy FMMOS,DY-NA,Washington,DC,"Washington, DC",Washington,DC,FMMOS,FMMOS - non-mars,01/23/2025 09:07:00,2024,2024-OCT,5.80,component,lmprs,
Dec,2024,,Mideast,33.0,5.77,Producer Milk Components,AMS_3462,3462,Dairy FMMOS,DY-NA,Washington,DC,"Washington, DC",Washington,DC,FMMOS,FMMOS - non-mars,01/23/2025 09:07:00,2024,2024-OCT,5.76,component,lmprs,
Dec,2024,,Pacific Northwest,124.0,5.78,Producer Milk Components,AMS_3462,3462,Dairy FMMOS,DY-NA,Washington,DC,"Washington, DC",Washington,DC,FMMOS,FMMOS - non-mars,01/23/2025 09:07:00,2024,2024-OCT,5.78,component,lmprs,
Dec,2024,,Northeast,1.0,5.78,Producer Milk Components,AMS_3462,3462,Dairy FMMOS,DY-NA,Washington,DC,"Washington, DC",Washington,DC,FMMOS,FMMOS - non-mars,01/23/2025 09:07:00,2024,2024-OCT,5.77,component,lmprs,
Dec,2024,,Upper Midwest,30.0,5.79,Producer Milk Components,AMS_3462,3462,Dairy FMMOS,DY-NA,Washington,DC,"Washington, DC",Washington,DC,FMMOS,FMMOS - non-mars,01/23/2025 09:07:00,2024,2024-OCT,5.79,component,lmprs,
Dec,2024,,Southwest,126.0,5.80,Producer Milk Components,AMS_3462,3462,Dairy FMMOS,DY-NA,Washington,DC,"Washington, DC",Washington,DC,FMMOS,FMMOS - non-mars,01/23/2025 09:07:00,2024,2024-OCT,5.78,component,lmprs,
Dec,2025,,Southwest,126.0,5.78,Producer Milk Components,AMS_3462,3462,Dairy FMMOS,DY-NA,Washington,DC,"Washington, DC",Washington,DC,FMMOS,FMMOS - non-mars,01/21/2026 11:39:00,2025,2025-OCT,5.76,component,lmprs,
Dec,2025,,Upper Midwest,30.0,5.79,Producer Milk Components,AMS_3462,3462,Dairy FMMOS,DY-NA,Washington,DC,"Washington, DC",Washington,DC,FMMOS,FMMOS - non-mars,01/21/2026 11:39:00,2025,2025-OCT,5.79,component,lmprs,
Dec,2025,,Northeast,1.0,5.78,Producer Milk Components,AMS_3462,3462,Dairy FMMOS,DY-NA,Washington,DC,"Washington, DC",Washington,DC,FMMOS,FMMOS - non-mars,01/21/2026 11:39:00,2025,2025-OCT,5.77,component,lmprs,
Dec,2025,,Pacific Northwest,124.0,5.78,Producer Milk Components,AMS_3462,3462,Dairy FMMOS,DY-NA,Washington,DC,"Washington, DC",Washington,DC,FMMOS,FMMOS - non-mars,01/21/2026 11:39:00,2025,2025-OCT,5.78,component,lmprs,
Dec,2025,,Mideast,33.0,5.78,Producer Milk Components,AMS_3462,3462,Dairy FMMOS,DY-NA,Washington,DC,"Washington, DC",Washington,DC,FMMOS,FMMOS - non-mars,01/21/2026 11:39:00,2025,2025-OCT,5.77,component,lmprs,
Dec,2025,,Central,32.0,5.80,Producer Milk Components,AMS_3462,3462,Dairy FMMOS,DY-NA,Washington,DC,"Washington, DC",Washington,DC,FMMOS,FMMOS - non-mars,01/21/2026 11:39:00,2025,2025-OCT,5.79,component,lmprs,
Dec,2025,,California,51.0,5.78,Producer Milk Components,AMS_3462,3462,Dairy FMMOS,DY-NA,Washington,DC,"Washington, DC",Washington,DC,FMMOS,FMMOS - non-mars,01/21/2026 11:39:00,2025,2025-OCT,5.76,component,lmprs,
Dec,2025,,All Markets Combined,,5.78,Producer Milk Components,AMS_3462,3462,Dairy FMMOS,DY-NA,Washington,DC,"Washington, DC",Washington,DC,FMMOS,FMMOS - non-mars,01/21/2026 11:39:00,2025,2025-OCT,5.77,component,lmprs,
Mar,2026,,All Markets Combined,,5.77,Producer Milk Components,AMS_3462,3462,Dairy FMMOS,DY-NA,Washington,DC,"Washington, DC",Washington,DC,FMMOS,FMMOS - non-mars,04/21/2026 05:48:00,2026,2026-OCT,,component,lmprs,
Mar,2026,,California,51.0,5.76,Producer Milk Components,AMS_3462,3462,Dairy FMMOS,DY-NA,Washington,DC,"Washington, DC",Washington,DC,FMMOS,FMMOS - non-mars,04/21/2026 05:48:00,2026,2026-OCT,,component,lmprs,
Mar,2026,,Central,32.0,5.79,Producer Milk Components,AMS_3462,3462,Dairy FMMOS,DY-NA,Washington,DC,"Washington, DC",Washington,DC,FMMOS,FMMOS - non-mars,04/21/2026 05:48:00,2026,2026-OCT,,component,lmprs,
Mar,2026,,Mideast,33.0,5.78,Producer Milk Components,AMS_3462,3462,Dairy FMMOS,DY-NA,Washington,DC,"Washington, DC",Washington,DC,FMMOS,FMMOS - non-mars,04/21/2026 05:48:00,2026,2026-OCT,,component,lmprs,
Mar,2026,,Pacific Northwest,124.0,5.76,Producer Milk Components,AMS_3462,3462,Dairy FMMOS,DY-NA,Washington,DC,"Washington, DC",Washington,DC,FMMOS,FMMOS - non-mars,04/21/2026 05:48:00,2026,2026-OCT,,component,lmprs,
Mar,2026,,Northeast,1.0,5.76,Producer Milk Components,AMS_3462,3462,Dairy FMMOS,DY-NA,Washington,DC,"Washington, DC",Washington,DC,FMMOS,FMMOS - non-mars,04/21/2026 05:48:00,2026,2026-OCT,,component,lmprs,
Mar,2026,,Upper Midwest,30.0,5.78,Producer Milk Components,AMS_3462,3462,Dairy FMMOS,DY-NA,Washington,DC,"Washington, DC",Washington,DC,FMMOS,FMMOS - non-mars,04/21/2026 05:48:00,2026,2026-OCT,,component,lmprs,
Mar,2026,,Southwest,126.0,5.77,Producer Milk Components,AMS_3462,3462,Dairy FMMOS,DY-NA,Washington,DC,"Washington, DC",Washington,DC,FMMOS,FMMOS - non-mars,04/21/2026 05:48:00,2026,2026-OCT,,component,lmprs,
Dec,2000,,All Markets Combined,,5.69,Producer Milk Components,AMS_3462,3462,Dairy FMMOS,DY-NA,Washington,DC,"Washington, DC",Washington,DC,FMMOS,FMMOS - non-mars,04/09/2021 07:48:00,2000,2000-NOV,5.69,component,lmprs,
Dec,2000,,Central,32.0,5.70,Producer Milk Components,AMS_3462,3462,Dairy FMMOS,DY-NA,Washington,DC,"Washington, DC",Washington,DC,FMMOS,FMMOS - non-mars,04/09/2021 07:48:00,2000,2000-NOV,5.71,component,lmprs,
Dec,2000,,Mideast,33.0,5.69,Producer Milk Components,AMS_3462,3462,Dairy FMMOS,DY-NA,Washington,DC,"Washington, DC",Washington,DC,FMMOS,FMMOS - non-mars,04/09/2021 07:48:00,2000,2000-NOV,5.68,component,lmprs,
Dec,2000,,Northeast,1.0,5.67,Producer Milk Components,AMS_3462,3462,Dairy FMMOS,DY-NA,Washington,DC,"Washington, DC",Washington,DC,FMMOS,FMMOS - non-mars,04/09/2021 07:48:00,2000,2000-NOV,5.66,component,lmprs,
Dec,2000,,Pacific Northwest,124.0,5.71,Producer Milk Components,AMS_3462,3462,Dairy FMMOS,DY-NA,Washington,DC,"Washington, DC",Washington,DC,FMMOS,FMMOS - non-mars,04/09/2021 07:48:00,2000,2000-NOV,5.70,component,lmprs,
Dec,2000,,Southwest,126.0,5.67,Producer Milk Components,AMS_3462,3462,Dairy FMMOS,DY-NA,Washington,DC,"Washington, DC",Washington,DC,FMMOS,FMMOS - non-mars,04/09/2021 07:48:00,2000,2000-NOV,5.68,component,lmprs,
Dec,2000,,Upper Midwest,30.0,5.70,Producer Milk Components,AMS_3462,3462,Dairy FMMOS,DY-NA,Washington,DC,"Washington, DC",Washington,DC,FMMOS,FMMOS - non-mars,04/09/2021 07:48:00,2000,2000-NOV,5.69,component,lmprs,
Dec,2000,,Western,135.0,5.75,Producer Milk Components,AMS_3462,3462,Dairy FMMOS,DY-NA,Washington,DC,"Washington, DC",Washington,DC,FMMOS,FMMOS - non-mars,04/09/2021 07:48:00,2000,2000-NOV,5.74,component,lmprs,
Dec,2001,,Western,135.0,5.71,Producer Milk Components,AMS_3462,3462,Dairy FMMOS,DY-NA,Washington,DC,"Washington, DC",Washington,DC,FMMOS,FMMOS - non-mars,04/09/2021 07:46:00,2001,2001-NOV,5.72,component,lmprs,
Dec,2001,,Upper Midwest,30.0,5.70,Producer Milk Components,AMS_3462,3462,Dairy FMMOS,DY-NA,Washington,DC,"Washington, DC",Washington,DC,FMMOS,FMMOS - non-mars,04/09/2021 07:46:00,2001,2001-NOV,5.69,component,lmprs,
Dec,2001,,Southwest,126.0,5.67,Producer Milk Components,AMS_3462,3462,Dairy FMMOS,DY-NA,Washington,DC,"Washington, DC",Washington,DC,FMMOS,FMMOS - non-mars,04/09/2021 07:46:00,2001,2001-NOV,5.66,component,lmprs,
Dec,2001,,Pacific Northwest,124.0,5.70,Producer Milk Components,AMS_3462,3462,Dairy FMMOS,DY-NA,Washington,DC,"Washington, DC",Washington,DC,FMMOS,FMMOS - non-mars,04/09/2021 07:46:00,2001,2001-NOV,5.69,component,lmprs,
Dec,2001,,Northeast,1.0,5.69,Producer Milk Components,AMS_3462,3462,Dairy FMMOS,DY-NA,Washington,DC,"Washington, DC",Washington,DC,FMMOS,FMMOS - non-mars,04/09/2021 07:46:00,2001,2001-NOV,5.70,component,lmprs,
Dec,2001,,Mideast,33.0,5.70,Producer Milk Components,AMS_3462,3462,Dairy FMMOS,DY-NA,Washington,DC,"Washington, DC",Washington,DC,FMMOS,FMMOS - non-mars,04/09/2021 07:46:00,2001,2001-NOV,5.68,component,lmprs,
Dec,2001,,Central,32.0,5.70,Producer Milk Components,AMS_3462,3462,Dairy FMMOS,DY-NA,Washington,DC,"Washington, DC",Washington,DC,FMMOS,FMMOS - non-mars,04/09/2021 07:46:00,2001,2001-NOV,5.68,component,lmprs,
Dec,2001,,All Markets Combined,,5.70,Producer Milk Components,AMS_3462,3462,Dairy FMMOS,DY-NA,Washington,DC,"Washington, DC",Washington,DC,FMMOS,FMMOS - non-mars,04/09/2021 07:46:00,2001,2001-NOV,5.69,component,lmprs,
Dec,2002,,All Markets Combined,,5.71,Producer Milk Components,AMS_3462,3462,Dairy FMMOS,DY-NA,Washington,DC,"Washington, DC",Washington,DC,FMMOS,FMMOS - non-mars,04/09/2021 07:46:00,2002,2002-NOV,5.69,component,lmprs,
Dec,2002,,Central,32.0,5.71,Producer Milk Components,AMS_3462,3462,Dairy FMMOS,DY-NA,Washington,DC,"Washington, DC",Washington,DC,FMMOS,FMMOS - non-mars,04/09/2021 07:46:00,2002,2002-NOV,5.69,component,lmprs,
Dec,2002,,Mideast,33.0,5.71,Producer Milk Components,AMS_3462,3462,Dairy FMMOS,DY-NA,Washington,DC,"Washington, DC",Washington,DC,FMMOS,FMMOS - non-mars,04/09/2021 07:46:00,2002,2002-NOV,5.68,component,lmprs,
Dec,2002,,Northeast,1.0,5.71,Producer Milk Components,AMS_3462,3462,Dairy FMMOS,DY-NA,Washington,DC,"Washington, DC",Washington,DC,FMMOS,FMMOS - non-mars,04/09/2021 07:46:00,2002,2002-NOV,5.68,component,lmprs,
Dec,2002,,Pacific Northwest,124.0,5.71,Producer Milk Components,AMS_3462,3462,Dairy FMMOS,DY-NA,Washington,DC,"Washington, DC",Washington,DC,FMMOS,FMMOS - non-mars,04/09/2021 07:46:00,2002,2002-NOV,5.69,component,lmprs,
Dec,2002,,Southwest,126.0,5.69,Producer Milk Components,AMS_3462,3462,Dairy FMMOS,DY-NA,Washington,DC,"Washington, DC",Washington,DC,FMMOS,FMMOS - non-mars,04/09/2021 07:46:00,2002,2002-NOV,5.68,component,lmprs,
Dec,2002,,Upper Midwest,30.0,5.71,Producer Milk Components,AMS_3462,3462,Dairy FMMOS,DY-NA,Washington,DC,"Washington, DC",Washington,DC,FMMOS,FMMOS - non-mars,04/09/2021 07:46:00,2002,2002-NOV,5.69,component,lmprs,
Dec,2002,,Western,135.0,5.72,Producer Milk Components,AMS_3462,3462,Dairy FMMOS,DY-NA,Washington,DC,"Washington, DC",Washington,DC,FMMOS,FMMOS - non-mars,04/09/2021 07:46:00,2002,2002-NOV,5.69,component,lmprs,
Dec,2003,,Western,135.0,5.70,Producer Milk Components,AMS_3462,3462,Dairy FMMOS,DY-NA,Washington,DC,"Washington, DC",Washington,DC,FMMOS,FMMOS - non-mars,04/09/2021 07:46:00,2003,2003-NOV,5.70,component,lmprs,
Dec,2003,,Upper Midwest,30.0,5.72,Producer Milk Components,AMS_3462,3462,Dairy FMMOS,DY-NA,Washington,DC,"Washington, DC",Washington,DC,FMMOS,FMMOS - non-mars,04/09/2021 07:46:00,2003,2003-NOV,5.70,component,lmprs,
Dec,2003,,Southwest,126.0,5.72,Producer Milk Components,AMS_3462,3462,Dairy FMMOS,DY-NA,Washington,DC,"Washington, DC",Washington,DC,FMMOS,FMMOS - non-mars,04/09/2021 07:46:00,2003,2003-NOV,5.71,component,lmprs,
Dec,2003,,Pacific Northwest,124.0,5.69,Producer Milk Components,AMS_3462,3462,Dairy FMMOS,DY-NA,Washington,DC,"Washington, DC",Washington,DC,FMMOS,FMMOS - non-mars,04/09/2021 07:46:00,2003,2003-NOV,5.67,component,lmprs,
Dec,2003,,Mideast,33.0,5.71,Producer Milk Components,AMS_3462,3462,Dairy FMMOS,DY-NA,Washington,DC,"Washington, DC",Washington,DC,FMMOS,FMMOS - non-mars,04/09/2021 07:46:00,2003,2003-NOV,5.69,component,lmprs,
Dec,2003,,Northeast,1.0,5.69,Producer Milk Components,AMS_3462,3462,Dairy FMMOS,DY-NA,Washington,DC,"Washington, DC",Washington,DC,FMMOS,FMMOS - non-mars,04/09/2021 07:46:00,2003,2003-NOV,5.67,component,lmprs,
Dec,2003,,Central,32.0,5.73,Producer Milk Components,AMS_3462,3462,Dairy FMMOS,DY-NA,Washington,DC,"Washington, DC",Washington,DC,FMMOS,FMMOS - non-mars,04/09/2021 07:46:00,2003,2003-NOV,5.72,component,lmprs,
Dec,2003,,All Markets Combined,,5.71,Producer Milk Components,AMS_3462,3462,Dairy FMMOS,DY-NA,Washington,DC,"Washington, DC",Washington,DC,FMMOS,FMMOS - non-mars,04/09/2021 07:46:00,2003,2003-NOV,5.69,component,lmprs,
Dec,2004,,All Markets Combined,,5.70,Producer Milk Components,AMS_3462,3462,Dairy FMMOS,DY-NA,Washington,DC,"Washington, DC",Washington,DC,FMMOS,FMMOS - non-mars,04/09/2021 07:44:00,2004,2004-NOV,5.68,component,lmprs,
Dec,2004,,Central,32.0,5.72,Producer Milk Components,AMS_3462,3462,Dairy FMMOS,DY-NA,Washington,DC,"Washington, DC",Washington,DC,FMMOS,FMMOS - non-mars,04/09/2021 07:44:00,2004,2004-NOV,5.71,component,lmprs,
Dec,2004,,Northeast,1.0,5.67,Producer Milk Components,AMS_3462,3462,Dairy FMMOS,DY-NA,Washington,DC,"Washington, DC",Washington,DC,FMMOS,FMMOS - non-mars,04/09/2021 07:44:00,2004,2004-NOV,5.66,component,lmprs,
Dec,2004,,Mideast,33.0,5.70,Producer Milk Components,AMS_3462,3462,Dairy FMMOS,DY-NA,Washington,DC,"Washington, DC",Washington,DC,FMMOS,FMMOS - non-mars,04/09/2021 07:44:00,2004,2004-NOV,5.68,component,lmprs,
Dec,2004,,Pacific Northwest,124.0,5.69,Producer Milk Components,AMS_3462,3462,Dairy FMMOS,DY-NA,Washington,DC,"Washington, DC",Washington,DC,FMMOS,FMMOS - non-mars,04/09/2021 07:44:00,2004,2004-NOV,5.70,component,lmprs,
Dec,2004,,Southwest,126.0,5.72,Producer Milk Components,AMS_3462,3462,Dairy FMMOS,DY-NA,Washington,DC,"Washington, DC",Washington,DC,FMMOS,FMMOS - non-mars,04/09/2021 07:44:00,2004,2004-NOV,5.72,component,lmprs,
Dec,2004,,Upper Midwest,30.0,5.70,Producer Milk Components,AMS_3462,3462,Dairy FMMOS,DY-NA,Washington,DC,"Washington, DC",Washington,DC,FMMOS,FMMOS - non-mars,04/09/2021 07:44:00,2004,2004-NOV,5.67,component,lmprs,
Dec,2004,,Western,135.0,5.70,Producer Milk Components,AMS_3462,3462,Dairy FMMOS,DY-NA,Washington,DC,"Washington, DC",Washington,DC,FMMOS,FMMOS - non-mars,04/09/2021 07:44:00,2004,2004-NOV,,component,lmprs,
Dec,2005,,Upper Midwest,30.0,5.71,Producer Milk Components,AMS_3462,3462,Dairy FMMOS,DY-NA,Washington,DC,"Washington, DC",Washington,DC,FMMOS,FMMOS - non-mars,03/30/2021 14:16:00,2005,2005-NOV,5.69,component,lmprs,
Dec,2005,,Southwest,126.0,5.72,Producer Milk Components,AMS_3462,3462,Dairy FMMOS,DY-NA,Washington,DC,"Washington, DC",Washington,DC,FMMOS,FMMOS - non-mars,03/30/2021 14:16:00,2005,2005-NOV,5.71,component,lmprs,
Dec,2005,,Pacific Northwest,124.0,5.71,Producer Milk Components,AMS_3462,3462,Dairy FMMOS,DY-NA,Washington,DC,"Washington, DC",Washington,DC,FMMOS,FMMOS - non-mars,03/30/2021 14:16:00,2005,2005-NOV,5.68,component,lmprs,
Dec,2005,,Mideast,33.0,5.71,Producer Milk Components,AMS_3462,3462,Dairy FMMOS,DY-NA,Washington,DC,"Washington, DC",Washington,DC,FMMOS,FMMOS - non-mars,03/30/2021 14:16:00,2005,2005-NOV,5.70,component,lmprs,
Dec,2005,,Northeast,1.0,5.69,Producer Milk Components,AMS_3462,3462,Dairy FMMOS,DY-NA,Washington,DC,"Washington, DC",Washington,DC,FMMOS,FMMOS - non-mars,03/30/2021 14:16:00,2005,2005-NOV,5.70,component,lmprs,
Dec,2005,,Central,32.0,5.73,Producer Milk Components,AMS_3462,3462,Dairy FMMOS,DY-NA,Washington,DC,"Washington, DC",Washington,DC,FMMOS,FMMOS - non-mars,03/30/2021 14:16:00,2005,2005-NOV,5.72,component,lmprs,
Dec,2005,,All Markets Combined,,5.71,Producer Milk Components,AMS_3462,3462,Dairy FMMOS,DY-NA,Washington,DC,"Washington, DC",Washington,DC,FMMOS,FMMOS - non-mars,03/30/2021 14:16:00,2005,2005-NOV,5.70,component,lmprs,
Dec,2006,,All Markets Combined,,5.71,Producer Milk Components,AMS_3462,3462,Dairy FMMOS,DY-NA,Washington,DC,"Washington, DC",Washington,DC,FMMOS,FMMOS - non-mars,03/30/2021 14:16:00,2006,2006-NOV,5.69,component,lmprs,
Dec,2006,,Central,32.0,5.73,Producer Milk Components,AMS_3462,3462,Dairy FMMOS,DY-NA,Washington,DC,"Washington, DC",Washington,DC,FMMOS,FMMOS - non-mars,03/30/2021 14:16:00,2006,2006-NOV,5.69,component,lmprs,
Dec,2006,,Northeast,1.0,5.70,Producer Milk Components,AMS_3462,3462,Dairy FMMOS,DY-NA,Washington,DC,"Washington, DC",Washington,DC,FMMOS,FMMOS - non-mars,03/30/2021 14:16:00,2006,2006-NOV,5.70,component,lmprs,
Dec,2006,,Mideast,33.0,5.71,Producer Milk Components,AMS_3462,3462,Dairy FMMOS,DY-NA,Washington,DC,"Washington, DC",Washington,DC,FMMOS,FMMOS - non-mars,03/30/2021 14:16:00,2006,2006-NOV,5.68,component,lmprs,
Dec,2006,,Pacific Northwest,124.0,5.70,Producer Milk Components,AMS_3462,3462,Dairy FMMOS,DY-NA,Washington,DC,"Washington, DC",Washington,DC,FMMOS,FMMOS - non-mars,03/30/2021 14:16:00,2006,2006-NOV,5.67,component,lmprs,
Dec,2006,,Southwest,126.0,5.70,Producer Milk Components,AMS_3462,3462,Dairy FMMOS,DY-NA,Washington,DC,"Washington, DC",Washington,DC,FMMOS,FMMOS - non-mars,03/30/2021 14:16:00,2006,2006-NOV,5.66,component,lmprs,
Dec,2006,,Upper Midwest,30.0,5.72,Producer Milk Components,AMS_3462,3462,Dairy FMMOS,DY-NA,Washington,DC,"Washington, DC",Washington,DC,FMMOS,FMMOS - non-mars,03/30/2021 14:16:00,2006,2006-NOV,5.72,component,lmprs,
Dec,2007,,Upper Midwest,30.0,5.71,Producer Milk Components,AMS_3462,3462,Dairy FMMOS,DY-NA,Washington,DC,"Washington, DC",Washington,DC,FMMOS,FMMOS - non-mars,03/30/2021 14:16:00,2007,2007-NOV,5.70,component,lmprs,
Dec,2007,,Southwest,126.0,5.69,Producer Milk Components,AMS_3462,3462,Dairy FMMOS,DY-NA,Washington,DC,"Washington, DC",Washington,DC,FMMOS,FMMOS - non-mars,03/30/2021 14:16:00,2007,2007-NOV,5.72,component,lmprs,
Dec,2007,,Pacific Northwest,124.0,5.71,Producer Milk Components,AMS_3462,3462,Dairy FMMOS,DY-NA,Washington,DC,"Washington, DC",Washington,DC,FMMOS,FMMOS - non-mars,03/30/2021 14:16:00,2007,2007-NOV,5.71,component,lmprs,
Dec,2007,,Mideast,33.0,5.71,Producer Milk Components,AMS_3462,3462,Dairy FMMOS,DY-NA,Washington,DC,"Washington, DC",Washington,DC,FMMOS,FMMOS - non-mars,03/30/2021 14:16:00,2007,2007-NOV,5.70,component,lmprs,
Dec,2007,,Northeast,1.0,5.71,Producer Milk Components,AMS_3462,3462,Dairy FMMOS,DY-NA,Washington,DC,"Washington, DC",Washington,DC,FMMOS,FMMOS - non-mars,03/30/2021 14:16:00,2007,2007-NOV,5.72,component,lmprs,
Dec,2007,,Central,32.0,5.71,Producer Milk Components,AMS_3462,3462,Dairy FMMOS,DY-NA,Washington,DC,"Washington, DC",Washington,DC,FMMOS,FMMOS - non-mars,03/30/2021 14:16:00,2007,2007-NOV,5.71,component,lmprs,
Dec,2007,,All Markets Combined,,5.71,Producer Milk Components,AMS_3462,3462,Dairy FMMOS,DY-NA,Washington,DC,"Washington, DC",Washington,DC,FMMOS,FMMOS - non-mars,03/30/2021 14:16:00,2007,2007-NOV,5.71,component,lmprs,
Dec,2008,,All Markets Combined,,5.71,Producer Milk Components,AMS_3462,3462,Dairy FMMOS,DY-NA,Washington,DC,"Washington, DC",Washington,DC,FMMOS,FMMOS - non-mars,03/30/2021 14:15:00,2008,2008-NOV,5.70,component,lmprs,
Dec,2008,,Central,32.0,5.72,Producer Milk Components,AMS_3462,3462,Dairy FMMOS,DY-NA,Washington,DC,"Washington, DC",Washington,DC,FMMOS,FMMOS - non-mars,03/30/2021 14:15:00,2008,2008-NOV,5.73,component,lmprs,
Dec,2008,,Northeast,1.0,5.71,Producer Milk Components,AMS_3462,3462,Dairy FMMOS,DY-NA,Washington,DC,"Washington, DC",Washington,DC,FMMOS,FMMOS - non-mars,03/30/2021 14:15:00,2008,2008-NOV,5.68,component,lmprs,
Dec,2008,,Mideast,33.0,5.70,Producer Milk Components,AMS_3462,3462,Dairy FMMOS,DY-NA,Washington,DC,"Washington, DC",Washington,DC,FMMOS,FMMOS - non-mars,03/30/2021 14:15:00,2008,2008-NOV,5.69,component,lmprs,
Dec,2008,,Pacific Northwest,124.0,5.70,Producer Milk Components,AMS_3462,3462,Dairy FMMOS,DY-NA,Washington,DC,"Washington, DC",Washington,DC,FMMOS,FMMOS - non-mars,03/30/2021 14:15:00,2008,2008-NOV,5.67,component,lmprs,
Dec,2008,,Southwest,126.0,5.73,Producer Milk Components,AMS_3462,3462,Dairy FMMOS,DY-NA,Washington,DC,"Washington, DC",Washington,DC,FMMOS,FMMOS - non-mars,03/30/2021 14:15:00,2008,2008-NOV,5.73,component,lmprs,
Dec,2008,,Upper Midwest,30.0,5.71,Producer Milk Components,AMS_3462,3462,Dairy FMMOS,DY-NA,Washington,DC,"Washington, DC",Washington,DC,FMMOS,FMMOS - non-mars,03/30/2021 14:15:00,2008,2008-NOV,5.71,component,lmprs,
Dec,2009,,Upper Midwest,30.0,5.73,Producer Milk Components,AMS_3462,3462,Dairy FMMOS,DY-NA,Washington,DC,"Washington, DC",Washington,DC,FMMOS,FMMOS - non-mars,03/30/2021 14:15:00,2009,2009-NOV,5.72,component,lmprs,
Dec,2009,,Southwest,126.0,5.74,Producer Milk Components,AMS_3462,3462,Dairy FMMOS,DY-NA,Washington,DC,"Washington, DC",Washington,DC,FMMOS,FMMOS - non-mars,03/30/2021 14:15:00,2009,2009-NOV,5.74,component,lmprs,
Dec,2009,,Pacific Northwest,124.0,5.69,Producer Milk Components,AMS_3462,3462,Dairy FMMOS,DY-NA,Washington,DC,"Washington, DC",Washington,DC,FMMOS,FMMOS - non-mars,03/30/2021 14:15:00,2009,2009-NOV,5.70,component,lmprs,
Dec,2009,,Mideast,33.0,5.69,Producer Milk Components,AMS_3462,3462,Dairy FMMOS,DY-NA,Washington,DC,"Washington, DC",Washington,DC,FMMOS,FMMOS - non-mars,03/30/2021 14:15:00,2009,2009-NOV,5.70,component,lmprs,
Dec,2009,,Northeast,1.0,5.69,Producer Milk Components,AMS_3462,3462,Dairy FMMOS,DY-NA,Washington,DC,"Washington, DC",Washington,DC,FMMOS,FMMOS - non-mars,03/30/2021 14:15:00,2009,2009-NOV,5.68,component,lmprs,
Dec,2009,,Central,32.0,5.74,Producer Milk Components,AMS_3462,3462,Dairy FMMOS,DY-NA,Washington,DC,"Washington, DC",Washington,DC,FMMOS,FMMOS - non-mars,03/30/2021 14:15:00,2009,2009-NOV,5.74,component,lmprs,
Dec,2009,,All Markets Combined,,5.71,Producer Milk Components,AMS_3462,3462,Dairy FMMOS,DY-NA,Washington,DC,"Washington, DC",Washington,DC,FMMOS,FMMOS - non-mars,03/30/2021 14:15:00,2009,2009-NOV,5.71,component,lmprs,
Dec,2010,,All Markets Combined,,5.74,Producer Milk Components,AMS_3462,3462,Dairy FMMOS,DY-NA,Washington,DC,"Washington, DC",Washington,DC,FMMOS,FMMOS - non-mars,03/30/2021 14:14:00,2010,2010-NOV,5.74,component,lmprs,
Dec,2010,,Central,32.0,5.74,Producer Milk Components,AMS_3462,3462,Dairy FMMOS,DY-NA,Washington,DC,"Washington, DC",Washington,DC,FMMOS,FMMOS - non-mars,03/30/2021 14:14:00,2010,2010-NOV,5.73,component,lmprs,
Dec,2010,,Northeast,1.0,5.72,Producer Milk Components,AMS_3462,3462,Dairy FMMOS,DY-NA,Washington,DC,"Washington, DC",Washington,DC,FMMOS,FMMOS - non-mars,03/30/2021 14:14:00,2010,2010-NOV,5.73,component,lmprs,
Dec,2010,,Mideast,33.0,5.71,Producer Milk Components,AMS_3462,3462,Dairy FMMOS,DY-NA,Washington,DC,"Washington, DC",Washington,DC,FMMOS,FMMOS - non-mars,03/30/2021 14:14:00,2010,2010-NOV,5.70,component,lmprs,
Dec,2010,,Pacific Northwest,124.0,5.71,Producer Milk Components,AMS_3462,3462,Dairy FMMOS,DY-NA,Washington,DC,"Washington, DC",Washington,DC,FMMOS,FMMOS - non-mars,03/30/2021 14:14:00,2010,2010-NOV,5.71,component,lmprs,
Dec,2010,,Southwest,126.0,5.76,Producer Milk Components,AMS_3462,3462,Dairy FMMOS,DY-NA,Washington,DC,"Washington, DC",Washington,DC,FMMOS,FMMOS - non-mars,03/30/2021 14:14:00,2010,2010-NOV,5.79,component,lmprs,
Dec,2010,,Upper Midwest,30.0,5.76,Producer Milk Components,AMS_3462,3462,Dairy FMMOS,DY-NA,Washington,DC,"Washington, DC",Washington,DC,FMMOS,FMMOS - non-mars,03/30/2021 14:14:00,2010,2010-NOV,5.75,component,lmprs,
Dec,2011,,Southwest,126.0,5.75,Producer Milk Components,AMS_3462,3462,Dairy FMMOS,DY-NA,Washington,DC,"Washington, DC",Washington,DC,FMMOS,FMMOS - non-mars,03/30/2021 14:14:00,2011,2011-NOV,5.74,component,lmprs,
Dec,2011,,Upper Midwest,30.0,5.74,Producer Milk Components,AMS_3462,3462,Dairy FMMOS,DY-NA,Washington,DC,"Washington, DC",Washington,DC,FMMOS,FMMOS - non-mars,03/30/2021 14:14:00,2011,2011-NOV,5.74,component,lmprs,
Dec,2011,,Pacific Northwest,124.0,5.73,Producer Milk Components,AMS_3462,3462,Dairy FMMOS,DY-NA,Washington,DC,"Washington, DC",Washington,DC,FMMOS,FMMOS - non-mars,03/30/2021 14:14:00,2011,2011-NOV,5.71,component,lmprs,
Dec,2011,,Northeast,1.0,5.73,Producer Milk Components,AMS_3462,3462,Dairy FMMOS,DY-NA,Washington,DC,"Washington, DC",Washington,DC,FMMOS,FMMOS - non-mars,03/30/2021 14:14:00,2011,2011-NOV,5.73,component,lmprs,
Dec,2011,,Central,32.0,5.73,Producer Milk Components,AMS_3462,3462,Dairy FMMOS,DY-NA,Washington,DC,"Washington, DC",Washington,DC,FMMOS,FMMOS - non-mars,03/30/2021 14:14:00,2011,2011-NOV,5.73,component,lmprs,
Dec,2011,,Mideast,33.0,5.71,Producer Milk Components,AMS_3462,3462,Dairy FMMOS,DY-NA,Washington,DC,"Washington, DC",Washington,DC,FMMOS,FMMOS - non-mars,03/30/2021 14:14:00,2011,2011-NOV,5.70,component,lmprs,
Dec,2011,,All Markets Combined,,5.73,Producer Milk Components,AMS_3462,3462,Dairy FMMOS,DY-NA,Washington,DC,"Washington, DC",Washington,DC,FMMOS,FMMOS - non-mars,03/30/2021 14:14:00,2011,2011-NOV,5.73,component,lmprs,
Dec,2012,,All Markets Combined,,5.75,Producer Milk Components,AMS_3462,3462,Dairy FMMOS,DY-NA,Washington,DC,"Washington, DC",Washington,DC,FMMOS,FMMOS - non-mars,03/30/2021 14:13:00,2012,2012-NOV,5.72,component,lmprs,
Dec,2012,,Mideast,33.0,5.74,Producer Milk Components,AMS_3462,3462,Dairy FMMOS,DY-NA,Washington,DC,"Washington, DC",Washington,DC,FMMOS,FMMOS - non-mars,03/30/2021 14:13:00,2012,2012-NOV,5.73,component,lmprs,
Dec,2012,,Central,32.0,5.75,Producer Milk Components,AMS_3462,3462,Dairy FMMOS,DY-NA,Washington,DC,"Washington, DC",Washington,DC,FMMOS,FMMOS - non-mars,03/30/2021 14:13:00,2012,2012-NOV,5.72,component,lmprs,
Dec,2012,,Northeast,1.0,5.75,Producer Milk Components,AMS_3462,3462,Dairy FMMOS,DY-NA,Washington,DC,"Washington, DC",Washington,DC,FMMOS,FMMOS - non-mars,03/30/2021 14:13:00,2012,2012-NOV,5.72,component,lmprs,
Dec,2012,,Pacific Northwest,124.0,5.74,Producer Milk Components,AMS_3462,3462,Dairy FMMOS,DY-NA,Washington,DC,"Washington, DC",Washington,DC,FMMOS,FMMOS - non-mars,03/30/2021 14:13:00,2012,2012-NOV,5.71,component,lmprs,
Dec,2012,,Upper Midwest,30.0,5.75,Producer Milk Components,AMS_3462,3462,Dairy FMMOS,DY-NA,Washington,DC,"Washington, DC",Washington,DC,FMMOS,FMMOS - non-mars,03/30/2021 14:13:00,2012,2012-NOV,5.72,component,lmprs,
Dec,2012,,Southwest,126.0,5.77,Producer Milk Components,AMS_3462,3462,Dairy FMMOS,DY-NA,Washington,DC,"Washington, DC",Washington,DC,FMMOS,FMMOS - non-mars,03/30/2021 14:13:00,2012,2012-NOV,5.76,component,lmprs,
Dec,2013,,Southwest,126.0,5.77,Producer Milk Components,AMS_3462,3462,Dairy FMMOS,DY-NA,Washington,DC,"Washington, DC",Washington,DC,FMMOS,FMMOS - non-mars,03/30/2021 14:13:00,2013,2013-NOV,5.76,component,lmprs,
Dec,2013,,Upper Midwest,30.0,5.74,Producer Milk Components,AMS_3462,3462,Dairy FMMOS,DY-NA,Washington,DC,"Washington, DC",Washington,DC,FMMOS,FMMOS - non-mars,03/30/2021 14:13:00,2013,2013-NOV,5.70,component,lmprs,
Dec,2013,,Pacific Northwest,124.0,5.73,Producer Milk Components,AMS_3462,3462,Dairy FMMOS,DY-NA,Washington,DC,"Washington, DC",Washington,DC,FMMOS,FMMOS - non-mars,03/30/2021 14:13:00,2013,2013-NOV,5.69,component,lmprs,
Dec,2013,,Northeast,1.0,5.73,Producer Milk Components,AMS_3462,3462,Dairy FMMOS,DY-NA,Washington,DC,"Washington, DC",Washington,DC,FMMOS,FMMOS - non-mars,03/30/2021 14:13:00,2013,2013-NOV,5.70,component,lmprs,
Dec,2013,,Central,32.0,5.75,Producer Milk Components,AMS_3462,3462,Dairy FMMOS,DY-NA,Washington,DC,"Washington, DC",Washington,DC,FMMOS,FMMOS - non-mars,03/30/2021 14:13:00,2013,2013-NOV,5.74,component,lmprs,
Dec,2013,,Mideast,33.0,5.74,Producer Milk Components,AMS_3462,3462,Dairy FMMOS,DY-NA,Washington,DC,"Washington, DC",Washington,DC,FMMOS,FMMOS - non-mars,03/30/2021 14:13:00,2013,2013-NOV,5.71,component,lmprs,
Dec,2013,,All Markets Combined,,5.74,Producer Milk Components,AMS_3462,3462,Dairy FMMOS,DY-NA,Washington,DC,"Washington, DC",Washington,DC,FMMOS,FMMOS - non-mars,03/30/2021 14:13:00,2013,2013-NOV,5.71,component,lmprs,
Dec,2014,,All Markets Combined,,5.74,Producer Milk Components,AMS_3462,3462,Dairy FMMOS,DY-NA,Washington,DC,"Washington, DC",Washington,DC,FMMOS,FMMOS - non-mars,03/30/2021 14:13:00,2014,2014-NOV,5.73,component,lmprs,
Dec,2014,,Mideast,33.0,5.72,Producer Milk Components,AMS_3462,3462,Dairy FMMOS,DY-NA,Washington,DC,"Washington, DC",Washington,DC,FMMOS,FMMOS - non-mars,03/30/2021 14:13:00,2014,2014-NOV,5.71,component,lmprs,
Dec,2014,,Central,32.0,5.74,Producer Milk Components,AMS_3462,3462,Dairy FMMOS,DY-NA,Washington,DC,"Washington, DC",Washington,DC,FMMOS,FMMOS - non-mars,03/30/2021 14:13:00,2014,2014-NOV,5.74,component,lmprs,
Dec,2014,,Northeast,1.0,5.73,Producer Milk Components,AMS_3462,3462,Dairy FMMOS,DY-NA,Washington,DC,"Washington, DC",Washington,DC,FMMOS,FMMOS - non-mars,03/30/2021 14:13:00,2014,2014-NOV,5.72,component,lmprs,
Dec,2014,,Pacific Northwest,124.0,5.72,Producer Milk Components,AMS_3462,3462,Dairy FMMOS,DY-NA,Washington,DC,"Washington, DC",Washington,DC,FMMOS,FMMOS - non-mars,03/30/2021 14:13:00,2014,2014-NOV,5.71,component,lmprs,
Dec,2014,,Upper Midwest,30.0,5.73,Producer Milk Components,AMS_3462,3462,Dairy FMMOS,DY-NA,Washington,DC,"Washington, DC",Washington,DC,FMMOS,FMMOS - non-mars,03/30/2021 14:13:00,2014,2014-NOV,5.73,component,lmprs,
Dec,2014,,Southwest,126.0,5.76,Producer Milk Components,AMS_3462,3462,Dairy FMMOS,DY-NA,Washington,DC,"Washington, DC",Washington,DC,FMMOS,FMMOS - non-mars,03/30/2021 14:13:00,2014,2014-NOV,5.77,component,lmprs,
Dec,2015,,Southwest,126.0,5.74,Producer Milk Components,AMS_3462,3462,Dairy FMMOS,DY-NA,Washington,DC,"Washington, DC",Washington,DC,FMMOS,FMMOS - non-mars,03/30/2021 14:12:00,2015,2015-NOV,5.74,component,lmprs,
Dec,2015,,Upper Midwest,30.0,5.74,Producer Milk Components,AMS_3462,3462,Dairy FMMOS,DY-NA,Washington,DC,"Washington, DC",Washington,DC,FMMOS,FMMOS - non-mars,03/30/2021 14:12:00,2015,2015-NOV,5.74,component,lmprs,
Dec,2015,,Pacific Northwest,124.0,5.73,Producer Milk Components,AMS_3462,3462,Dairy FMMOS,DY-NA,Washington,DC,"Washington, DC",Washington,DC,FMMOS,FMMOS - non-mars,03/30/2021 14:12:00,2015,2015-NOV,5.75,component,lmprs,
Dec,2015,,Northeast,1.0,5.75,Producer Milk Components,AMS_3462,3462,Dairy FMMOS,DY-NA,Washington,DC,"Washington, DC",Washington,DC,FMMOS,FMMOS - non-mars,03/30/2021 14:12:00,2015,2015-NOV,5.72,component,lmprs,
Dec,2015,,Central,32.0,5.76,Producer Milk Components,AMS_3462,3462,Dairy FMMOS,DY-NA,Washington,DC,"Washington, DC",Washington,DC,FMMOS,FMMOS - non-mars,03/30/2021 14:12:00,2015,2015-NOV,5.76,component,lmprs,
Dec,2015,,Mideast,33.0,5.74,Producer Milk Components,AMS_3462,3462,Dairy FMMOS,DY-NA,Washington,DC,"Washington, DC",Washington,DC,FMMOS,FMMOS - non-mars,03/30/2021 14:12:00,2015,2015-NOV,5.73,component,lmprs,
Dec,2015,,All Markets Combined,,5.74,Producer Milk Components,AMS_3462,3462,Dairy FMMOS,DY-NA,Washington,DC,"Washington, DC",Washington,DC,FMMOS,FMMOS - non-mars,03/30/2021 14:12:00,2015,2015-NOV,5.74,component,lmprs,
Dec,2016,,All Markets Combined,,5.75,Producer Milk Components,AMS_3462,3462,Dairy FMMOS,DY-NA,Washington,DC,"Washington, DC",Washington,DC,FMMOS,FMMOS - non-mars,03/30/2021 14:12:00,2016,2016-NOV,5.74,component,lmprs,
Dec,2016,,Mideast,33.0,5.78,Producer Milk Components,AMS_3462,3462,Dairy FMMOS,DY-NA,Washington,DC,"Washington, DC",Washington,DC,FMMOS,FMMOS - non-mars,03/30/2021 14:12:00,2016,2016-NOV,5.76,component,lmprs,
Dec,2016,,Central,32.0,5.76,Producer Milk Components,AMS_3462,3462,Dairy FMMOS,DY-NA,Washington,DC,"Washington, DC",Washington,DC,FMMOS,FMMOS - non-mars,03/30/2021 14:12:00,2016,2016-NOV,5.74,component,lmprs,
Dec,2016,,Northeast,1.0,5.74,Producer Milk Components,AMS_3462,3462,Dairy FMMOS,DY-NA,Washington,DC,"Washington, DC",Washington,DC,FMMOS,FMMOS - non-mars,03/30/2021 14:12:00,2016,2016-NOV,5.75,component,lmprs,
Dec,2016,,Pacific Northwest,124.0,5.73,Producer Milk Components,AMS_3462,3462,Dairy FMMOS,DY-NA,Washington,DC,"Washington, DC",Washington,DC,FMMOS,FMMOS - non-mars,03/30/2021 14:12:00,2016,2016-NOV,5.72,component,lmprs,
Dec,2016,,Upper Midwest,30.0,5.74,Producer Milk Components,AMS_3462,3462,Dairy FMMOS,DY-NA,Washington,DC,"Washington, DC",Washington,DC,FMMOS,FMMOS - non-mars,03/30/2021 14:12:00,2016,2016-NOV,5.72,component,lmprs,
Dec,2016,,Southwest,126.0,5.74,Producer Milk Components,AMS_3462,3462,Dairy FMMOS,DY-NA,Washington,DC,"Washington, DC",Washington,DC,FMMOS,FMMOS - non-mars,03/30/2021 14:12:00,2016,2016-NOV,5.72,component,lmprs,
Dec,2017,,Southwest,126.0,5.74,Producer Milk Components,AMS_3462,3462,Dairy FMMOS,DY-NA,Washington,DC,"Washington, DC",Washington,DC,FMMOS,FMMOS - non-mars,03/30/2021 14:11:00,2017,2017-NOV,5.72,component,lmprs,
Dec,2017,,Upper Midwest,30.0,5.76,Producer Milk Components,AMS_3462,3462,Dairy FMMOS,DY-NA,Washington,DC,"Washington, DC",Washington,DC,FMMOS,FMMOS - non-mars,03/30/2021 14:11:00,2017,2017-NOV,5.73,component,lmprs,
Dec,2017,,Pacific Northwest,124.0,5.74,Producer Milk Components,AMS_3462,3462,Dairy FMMOS,DY-NA,Washington,DC,"Washington, DC",Washington,DC,FMMOS,FMMOS - non-mars,03/30/2021 14:11:00,2017,2017-NOV,5.75,component,lmprs,
Dec,2017,,Northeast,1.0,5.75,Producer Milk Components,AMS_3462,3462,Dairy FMMOS,DY-NA,Washington,DC,"Washington, DC",Washington,DC,FMMOS,FMMOS - non-mars,03/30/2021 14:11:00,2017,2017-NOV,5.74,component,lmprs,
Dec,2017,,Central,32.0,5.75,Producer Milk Components,AMS_3462,3462,Dairy FMMOS,DY-NA,Washington,DC,"Washington, DC",Washington,DC,FMMOS,FMMOS - non-mars,03/30/2021 14:11:00,2017,2017-NOV,5.73,component,lmprs,
Dec,2017,,Mideast,33.0,5.75,Producer Milk Components,AMS_3462,3462,Dairy FMMOS,DY-NA,Washington,DC,"Washington, DC",Washington,DC,FMMOS,FMMOS - non-mars,03/30/2021 14:11:00,2017,2017-NOV,5.75,component,lmprs,
Dec,2017,,All Markets Combined,,5.75,Producer Milk Components,AMS_3462,3462,Dairy FMMOS,DY-NA,Washington,DC,"Washington, DC",Washington,DC,FMMOS,FMMOS - non-mars,03/30/2021 14:11:00,2017,2017-NOV,5.74,component,lmprs,
Dec,2018,,All Markets Combined,,5.76,Producer Milk Components,AMS_3462,3462,Dairy FMMOS,DY-NA,Washington,DC,"Washington, DC",Washington,DC,FMMOS,FMMOS - non-mars,03/30/2021 14:09:00,2018,2018-NOV,5.75,component,lmprs,
Dec,2018,,California,51.0,5.73,Producer Milk Components,AMS_3462,3462,Dairy FMMOS,DY-NA,Washington,DC,"Washington, DC",Washington,DC,FMMOS,FMMOS - non-mars,03/30/2021 14:09:00,2018,2018-NOV,5.74,component,lmprs,
Dec,2018,,Mideast,33.0,5.77,Producer Milk Components,AMS_3462,3462,Dairy FMMOS,DY-NA,Washington,DC,"Washington, DC",Washington,DC,FMMOS,FMMOS - non-mars,03/30/2021 14:09:00,2018,2018-NOV,5.75,component,lmprs,
Dec,2018,,Central,32.0,5.77,Producer Milk Components,AMS_3462,3462,Dairy FMMOS,DY-NA,Washington,DC,"Washington, DC",Washington,DC,FMMOS,FMMOS - non-mars,03/30/2021 14:09:00,2018,2018-NOV,5.77,component,lmprs,
Dec,2018,,Northeast,1.0,5.75,Producer Milk Components,AMS_3462,3462,Dairy FMMOS,DY-NA,Washington,DC,"Washington, DC",Washington,DC,FMMOS,FMMOS - non-mars,03/30/2021 14:09:00,2018,2018-NOV,5.75,component,lmprs,
Dec,2018,,Pacific Northwest,124.0,5.75,Producer Milk Components,AMS_3462,3462,Dairy FMMOS,DY-NA,Washington,DC,"Washington, DC",Washington,DC,FMMOS,FMMOS - non-mars,03/30/2021 14:09:00,2018,2018-NOV,5.74,component,lmprs,
Dec,2018,,Upper Midwest,30.0,5.77,Producer Milk Components,AMS_3462,3462,Dairy FMMOS,DY-NA,Washington,DC,"Washington, DC",Washington,DC,FMMOS,FMMOS - non-mars,03/30/2021 14:09:00,2018,2018-NOV,5.76,component,lmprs,
Dec,2018,,Southwest,126.0,5.76,Producer Milk Components,AMS_3462,3462,Dairy FMMOS,DY-NA,Washington,DC,"Washington, DC",Washington,DC,FMMOS,FMMOS - non-mars,03/30/2021 14:09:00,2018,2018-NOV,5.77,component,lmprs,
Dec,2019,,Upper Midwest,30.0,5.77,Producer Milk Components,AMS_3462,3462,Dairy FMMOS,DY-NA,Washington,DC,"Washington, DC",Washington,DC,FMMOS,FMMOS - non-mars,03/30/2021 14:09:00,2019,2019-NOV,5.74,component,lmprs,
Dec,2019,,Pacific Northwest,124.0,5.76,Producer Milk Components,AMS_3462,3462,Dairy FMMOS,DY-NA,Washington,DC,"Washington, DC",Washington,DC,FMMOS,FMMOS - non-mars,03/30/2021 14:09:00,2019,2019-NOV,5.72,component,lmprs,
Dec,2019,,Southwest,126.0,5.77,Producer Milk Components,AMS_3462,3462,Dairy FMMOS,DY-NA,Washington,DC,"Washington, DC",Washington,DC,FMMOS,FMMOS - non-mars,03/30/2021 14:09:00,2019,2019-NOV,5.76,component,lmprs,
Dec,2019,,Northeast,1.0,5.75,Producer Milk Components,AMS_3462,3462,Dairy FMMOS,DY-NA,Washington,DC,"Washington, DC",Washington,DC,FMMOS,FMMOS - non-mars,03/30/2021 14:09:00,2019,2019-NOV,5.75,component,lmprs,
Dec,2019,,Mideast,33.0,5.76,Producer Milk Components,AMS_3462,3462,Dairy FMMOS,DY-NA,Washington,DC,"Washington, DC",Washington,DC,FMMOS,FMMOS - non-mars,03/30/2021 14:09:00,2019,2019-NOV,5.76,component,lmprs,
Dec,2019,,California,51.0,5.75,Producer Milk Components,AMS_3462,3462,Dairy FMMOS,DY-NA,Washington,DC,"Washington, DC",Washington,DC,FMMOS,FMMOS - non-mars,03/30/2021 14:09:00,2019,2019-NOV,5.74,component,lmprs,
Dec,2019,,Central,32.0,5.78,Producer Milk Components,AMS_3462,3462,Dairy FMMOS,DY-NA,Washington,DC,"Washington, DC",Washington,DC,FMMOS,FMMOS - non-mars,03/30/2021 14:09:00,2019,2019-NOV,5.76,component,lmprs,
Dec,2019,,All Markets Combined,,5.76,Producer Milk Components,AMS_3462,3462,Dairy FMMOS,DY-NA,Washington,DC,"Washington, DC",Washington,DC,FMMOS,FMMOS - non-mars,03/30/2021 14:09:00,2019,2019-NOV,5.75,component,lmprs,
Dec,2020,,All Markets Combined,,5.77,Producer Milk Components,AMS_3462,3462,Dairy FMMOS,DY-NA,Washington,DC,"Washington, DC",Washington,DC,FMMOS,FMMOS - non-mars,02/23/2021 09:39:00,2020,2020-NOV,5.76,component,lmprs,
Dec,2020,,Central,32.0,5.79,Producer Milk Components,AMS_3462,3462,Dairy FMMOS,DY-NA,Washington,DC,"Washington, DC",Washington,DC,FMMOS,FMMOS - non-mars,02/23/2021 09:39:00,2020,2020-NOV,5.78,component,lmprs,
Dec,2020,,California,51.0,5.75,Producer Milk Components,AMS_3462,3462,Dairy FMMOS,DY-NA,Washington,DC,"Washington, DC",Washington,DC,FMMOS,FMMOS - non-mars,02/23/2021 09:39:00,2020,2020-NOV,5.73,component,lmprs,
Dec,2020,,Mideast,33.0,5.78,Producer Milk Components,AMS_3462,3462,Dairy FMMOS,DY-NA,Washington,DC,"Washington, DC",Washington,DC,FMMOS,FMMOS - non-mars,02/23/2021 09:39:00,2020,2020-NOV,5.77,component,lmprs,
Dec,2020,,Northeast,1.0,5.77,Producer Milk Components,AMS_3462,3462,Dairy FMMOS,DY-NA,Washington,DC,"Washington, DC",Washington,DC,FMMOS,FMMOS - non-mars,02/23/2021 09:39:00,2020,2020-NOV,5.76,component,lmprs,
Dec,2020,,Southwest,126.0,5.78,Producer Milk Components,AMS_3462,3462,Dairy FMMOS,DY-NA,Washington,DC,"Washington, DC",Washington,DC,FMMOS,FMMOS - non-mars,02/23/2021 09:39:00,2020,2020-NOV,5.77,component,lmprs,
Dec,2020,,Pacific Northwest,124.0,5.77,Producer Milk Components,AMS_3462,3462,Dairy FMMOS,DY-NA,Washington,DC,"Washington, DC",Washington,DC,FMMOS,FMMOS - non-mars,02/23/2021 09:39:00,2020,2020-NOV,5.76,component,lmprs,
Dec,2020,,Upper Midwest,30.0,5.77,Producer Milk Components,AMS_3462,3462,Dairy FMMOS,DY-NA,Washington,DC,"Washington, DC",Washington,DC,FMMOS,FMMOS - non-mars,02/23/2021 09:39:00,2020,2020-NOV,5.77,component,lmprs,
Dec,2021,,Southwest,126.0,5.78,Producer Milk Components,AMS_3462,3462,Dairy FMMOS,DY-NA,Washington,DC,"Washington, DC",Washington,DC,FMMOS,FMMOS - non-mars,01/31/2022 07:17:00,2021,2021-NOV,5.77,component,lmprs,
Dec,2021,,Upper Midwest,30.0,5.80,Producer Milk Components,AMS_3462,3462,Dairy FMMOS,DY-NA,Washington,DC,"Washington, DC",Washington,DC,FMMOS,FMMOS - non-mars,01/31/2022 07:17:00,2021,2021-NOV,5.80,component,lmprs,
Dec,2021,,Northeast,1.0,5.77,Producer Milk Components,AMS_3462,3462,Dairy FMMOS,DY-NA,Washington,DC,"Washington, DC",Washington,DC,FMMOS,FMMOS - non-mars,01/31/2022 07:17:00,2021,2021-NOV,5.77,component,lmprs,
Dec,2021,,Pacific Northwest,124.0,5.77,Producer Milk Components,AMS_3462,3462,Dairy FMMOS,DY-NA,Washington,DC,"Washington, DC",Washington,DC,FMMOS,FMMOS - non-mars,01/31/2022 07:17:00,2021,2021-NOV,5.78,component,lmprs,
Dec,2021,,Mideast,33.0,5.77,Producer Milk Components,AMS_3462,3462,Dairy FMMOS,DY-NA,Washington,DC,"Washington, DC",Washington,DC,FMMOS,FMMOS - non-mars,01/31/2022 07:17:00,2021,2021-NOV,5.77,component,lmprs,
Dec,2021,,Central,32.0,5.78,Producer Milk Components,AMS_3462,3462,Dairy FMMOS,DY-NA,Washington,DC,"Washington, DC",Washington,DC,FMMOS,FMMOS - non-mars,01/31/2022 07:17:00,2021,2021-NOV,5.77,component,lmprs,
Dec,2021,,California,51.0,5.75,Producer Milk Components,AMS_3462,3462,Dairy FMMOS,DY-NA,Washington,DC,"Washington, DC",Washington,DC,FMMOS,FMMOS - non-mars,01/31/2022 07:17:00,2021,2021-NOV,5.74,component,lmprs,
Dec,2021,,All Markets Combined,,5.77,Producer Milk Components,AMS_3462,3462,Dairy FMMOS,DY-NA,Washington,DC,"Washington, DC",Washington,DC,FMMOS,FMMOS - non-mars,01/31/2022 07:17:00,2021,2021-NOV,5.77,component,lmprs,
Dec,2022,,All Markets Combined,,5.78,Producer Milk Components,AMS_3462,3462,Dairy FMMOS,DY-NA,Washington,DC,"Washington, DC",Washington,DC,FMMOS,FMMOS - non-mars,01/30/2023 07:36:00,2022,2022-NOV,5.78,component,lmprs,
Dec,2022,,California,51.0,5.75,Producer Milk Components,AMS_3462,3462,Dairy FMMOS,DY-NA,Washington,DC,"Washington, DC",Washington,DC,FMMOS,FMMOS - non-mars,01/30/2023 07:36:00,2022,2022-NOV,5.75,component,lmprs,
Dec,2022,,Central,32.0,5.79,Producer Milk Components,AMS_3462,3462,Dairy FMMOS,DY-NA,Washington,DC,"Washington, DC",Washington,DC,FMMOS,FMMOS - non-mars,01/30/2023 07:36:00,2022,2022-NOV,5.78,component,lmprs,
Dec,2022,,Mideast,33.0,5.78,Producer Milk Components,AMS_3462,3462,Dairy FMMOS,DY-NA,Washington,DC,"Washington, DC",Washington,DC,FMMOS,FMMOS - non-mars,01/30/2023 07:36:00,2022,2022-NOV,5.77,component,lmprs,
Dec,2022,,Pacific Northwest,124.0,5.78,Producer Milk Components,AMS_3462,3462,Dairy FMMOS,DY-NA,Washington,DC,"Washington, DC",Washington,DC,FMMOS,FMMOS - non-mars,01/30/2023 07:36:00,2022,2022-NOV,5.77,component,lmprs,
Dec,2022,,Northeast,1.0,5.78,Producer Milk Components,AMS_3462,3462,Dairy FMMOS,DY-NA,Washington,DC,"Washington, DC",Washington,DC,FMMOS,FMMOS - non-mars,01/30/2023 07:36:00,2022,2022-NOV,5.79,component,lmprs,
Dec,2022,,Upper Midwest,30.0,5.79,Producer Milk Components,AMS_3462,3462,Dairy FMMOS,DY-NA,Washington,DC,"Washington, DC",Washington,DC,FMMOS,FMMOS - non-mars,01/30/2023 07:36:00,2022,2022-NOV,5.78,component,lmprs,
Dec,2022,,Southwest,126.0,5.79,Producer Milk Components,AMS_3462,3462,Dairy FMMOS,DY-NA,Washington,DC,"Washington, DC",Washington,DC,FMMOS,FMMOS - non-mars,01/30/2023 07:36:00,2022,2022-NOV,5.79,component,lmprs,
Dec,2023,,Southwest,126.0,5.79,Producer Milk Components,AMS_3462,3462,Dairy FMMOS,DY-NA,Washington,DC,"Washington, DC",Washington,DC,FMMOS,FMMOS - non-mars,01/30/2024 09:42:00,2023,2023-NOV,5.80,component,lmprs,
Dec,2023,,Upper Midwest,30.0,5.78,Producer Milk Components,AMS_3462,3462,Dairy FMMOS,DY-NA,Washington,DC,"Washington, DC",Washington,DC,FMMOS,FMMOS - non-mars,01/30/2024 09:42:00,2023,2023-NOV,5.78,component,lmprs,
Dec,2023,,Northeast,1.0,5.77,Producer Milk Components,AMS_3462,3462,Dairy FMMOS,DY-NA,Washington,DC,"Washington, DC",Washington,DC,FMMOS,FMMOS - non-mars,01/30/2024 09:42:00,2023,2023-NOV,5.79,component,lmprs,
Dec,2023,,Pacific Northwest,124.0,5.78,Producer Milk Components,AMS_3462,3462,Dairy FMMOS,DY-NA,Washington,DC,"Washington, DC",Washington,DC,FMMOS,FMMOS - non-mars,01/30/2024 09:42:00,2023,2023-NOV,5.77,component,lmprs,
Dec,2023,,Mideast,33.0,5.79,Producer Milk Components,AMS_3462,3462,Dairy FMMOS,DY-NA,Washington,DC,"Washington, DC",Washington,DC,FMMOS,FMMOS - non-mars,01/30/2024 09:42:00,2023,2023-NOV,5.77,component,lmprs,
Dec,2023,,Central,32.0,5.79,Producer Milk Components,AMS_3462,3462,Dairy FMMOS,DY-NA,Washington,DC,"Washington, DC",Washington,DC,FMMOS,FMMOS - non-mars,01/30/2024 09:42:00,2023,2023-NOV,5.78,component,lmprs,
Dec,2023,,California,51.0,5.75,Producer Milk Components,AMS_3462,3462,Dairy FMMOS,DY-NA,Washington,DC,"Washington, DC",Washington,DC,FMMOS,FMMOS - non-mars,01/30/2024 09:42:00,2023,2023-NOV,5.76,component,lmprs,
Dec,2023,,All Markets Combined,,5.78,Producer Milk Components,AMS_3462,3462,Dairy FMMOS,DY-NA,Washington,DC,"Washington, DC",Washington,DC,FMMOS,FMMOS - non-mars,01/30/2024 09:42:00,2023,2023-NOV,5.78,component,lmprs,
Dec,2024,,All Markets Combined,,5.78,Producer Milk Components,AMS_3462,3462,Dairy FMMOS,DY-NA,Washington,DC,"Washington, DC",Washington,DC,FMMOS,FMMOS - non-mars,01/23/2025 09:07:00,2024,2024-NOV,5.78,component,lmprs,
Dec,2024,,California,51.0,5.77,Producer Milk Components,AMS_3462,3462,Dairy FMMOS,DY-NA,Washington,DC,"Washington, DC",Washington,DC,FMMOS,FMMOS - non-mars,01/23/2025 09:07:00,2024,2024-NOV,5.76,component,lmprs,
Dec,2024,,Central,32.0,5.80,Producer Milk Components,AMS_3462,3462,Dairy FMMOS,DY-NA,Washington,DC,"Washington, DC",Washington,DC,FMMOS,FMMOS - non-mars,01/23/2025 09:07:00,2024,2024-NOV,5.81,component,lmprs,
Dec,2024,,Mideast,33.0,5.77,Producer Milk Components,AMS_3462,3462,Dairy FMMOS,DY-NA,Washington,DC,"Washington, DC",Washington,DC,FMMOS,FMMOS - non-mars,01/23/2025 09:07:00,2024,2024-NOV,5.77,component,lmprs,
Dec,2024,,Pacific Northwest,124.0,5.78,Producer Milk Components,AMS_3462,3462,Dairy FMMOS,DY-NA,Washington,DC,"Washington, DC",Washington,DC,FMMOS,FMMOS - non-mars,01/23/2025 09:07:00,2024,2024-NOV,5.78,component,lmprs,
Dec,2024,,Northeast,1.0,5.78,Producer Milk Components,AMS_3462,3462,Dairy FMMOS,DY-NA,Washington,DC,"Washington, DC",Washington,DC,FMMOS,FMMOS - non-mars,01/23/2025 09:07:00,2024,2024-NOV,5.79,component,lmprs,
Dec,2024,,Upper Midwest,30.0,5.79,Producer Milk Components,AMS_3462,3462,Dairy FMMOS,DY-NA,Washington,DC,"Washington, DC",Washington,DC,FMMOS,FMMOS - non-mars,01/23/2025 09:07:00,2024,2024-NOV,5.78,component,lmprs,
Dec,2024,,Southwest,126.0,5.80,Producer Milk Components,AMS_3462,3462,Dairy FMMOS,DY-NA,Washington,DC,"Washington, DC",Washington,DC,FMMOS,FMMOS - non-mars,01/23/2025 09:07:00,2024,2024-NOV,5.80,component,lmprs,
Dec,2025,,Southwest,126.0,5.78,Producer Milk Components,AMS_3462,3462,Dairy FMMOS,DY-NA,Washington,DC,"Washington, DC",Washington,DC,FMMOS,FMMOS - non-mars,01/21/2026 11:39:00,2025,2025-NOV,5.74,component,lmprs,
Dec,2025,,Upper Midwest,30.0,5.79,Producer Milk Components,AMS_3462,3462,Dairy FMMOS,DY-NA,Washington,DC,"Washington, DC",Washington,DC,FMMOS,FMMOS - non-mars,01/21/2026 11:39:00,2025,2025-NOV,5.76,component,lmprs,
Dec,2025,,Northeast,1.0,5.78,Producer Milk Components,AMS_3462,3462,Dairy FMMOS,DY-NA,Washington,DC,"Washington, DC",Washington,DC,FMMOS,FMMOS - non-mars,01/21/2026 11:39:00,2025,2025-NOV,5.77,component,lmprs,
Dec,2025,,Pacific Northwest,124.0,5.78,Producer Milk Components,AMS_3462,3462,Dairy FMMOS,DY-NA,Washington,DC,"Washington, DC",Washington,DC,FMMOS,FMMOS - non-mars,01/21/2026 11:39:00,2025,2025-NOV,5.76,component,lmprs,
Dec,2025,,Mideast,33.0,5.78,Producer Milk Components,AMS_3462,3462,Dairy FMMOS,DY-NA,Washington,DC,"Washington, DC",Washington,DC,FMMOS,FMMOS - non-mars,01/21/2026 11:39:00,2025,2025-NOV,5.77,component,lmprs,
Dec,2025,,Central,32.0,5.80,Producer Milk Components,AMS_3462,3462,Dairy FMMOS,DY-NA,Washington,DC,"Washington, DC",Washington,DC,FMMOS,FMMOS - non-mars,01/21/2026 11:39:00,2025,2025-NOV,5.78,component,lmprs,
Dec,2025,,California,51.0,5.78,Producer Milk Components,AMS_3462,3462,Dairy FMMOS,DY-NA,Washington,DC,"Washington, DC",Washington,DC,FMMOS,FMMOS - non-mars,01/21/2026 11:39:00,2025,2025-NOV,5.76,component,lmprs,
Dec,2025,,All Markets Combined,,5.78,Producer Milk Components,AMS_3462,3462,Dairy FMMOS,DY-NA,Washington,DC,"Washington, DC",Washington,DC,FMMOS,FMMOS - non-mars,01/21/2026 11:39:00,2025,2025-NOV,5.76,component,lmprs,
Mar,2026,,All Markets Combined,,5.77,Producer Milk Components,AMS_3462,3462,Dairy FMMOS,DY-NA,Washington,DC,"Washington, DC",Washington,DC,FMMOS,FMMOS - non-mars,04/21/2026 05:48:00,2026,2026-NOV,,component,lmprs,
Mar,2026,,California,51.0,5.76,Producer Milk Components,AMS_3462,3462,Dairy FMMOS,DY-NA,Washington,DC,"Washington, DC",Washington,DC,FMMOS,FMMOS - non-mars,04/21/2026 05:48:00,2026,2026-NOV,,component,lmprs,
Mar,2026,,Central,32.0,5.79,Producer Milk Components,AMS_3462,3462,Dairy FMMOS,DY-NA,Washington,DC,"Washington, DC",Washington,DC,FMMOS,FMMOS - non-mars,04/21/2026 05:48:00,2026,2026-NOV,,component,lmprs,
Mar,2026,,Mideast,33.0,5.78,Producer Milk Components,AMS_3462,3462,Dairy FMMOS,DY-NA,Washington,DC,"Washington, DC",Washington,DC,FMMOS,FMMOS - non-mars,04/21/2026 05:48:00,2026,2026-NOV,,component,lmprs,
Mar,2026,,Pacific Northwest,124.0,5.76,Producer Milk Components,AMS_3462,3462,Dairy FMMOS,DY-NA,Washington,DC,"Washington, DC",Washington,DC,FMMOS,FMMOS - non-mars,04/21/2026 05:48:00,2026,2026-NOV,,component,lmprs,
Mar,2026,,Northeast,1.0,5.76,Producer Milk Components,AMS_3462,3462,Dairy FMMOS,DY-NA,Washington,DC,"Washington, DC",Washington,DC,FMMOS,FMMOS - non-mars,04/21/2026 05:48:00,2026,2026-NOV,,component,lmprs,
Mar,2026,,Upper Midwest,30.0,5.78,Producer Milk Components,AMS_3462,3462,Dairy FMMOS,DY-NA,Washington,DC,"Washington, DC",Washington,DC,FMMOS,FMMOS - non-mars,04/21/2026 05:48:00,2026,2026-NOV,,component,lmprs,
Mar,2026,,Southwest,126.0,5.77,Producer Milk Components,AMS_3462,3462,Dairy FMMOS,DY-NA,Washington,DC,"Washington, DC",Washington,DC,FMMOS,FMMOS - non-mars,04/21/2026 05:48:00,2026,2026-NOV,,component,lmprs,
Dec,2000,,All Markets Combined,,5.69,Producer Milk Components,AMS_3462,3462,Dairy FMMOS,DY-NA,Washington,DC,"Washington, DC",Washington,DC,FMMOS,FMMOS - non-mars,04/09/2021 07:48:00,2000,2000-DEC,5.67,component,lmprs,
Dec,2000,,Central,32.0,5.70,Producer Milk Components,AMS_3462,3462,Dairy FMMOS,DY-NA,Washington,DC,"Washington, DC",Washington,DC,FMMOS,FMMOS - non-mars,04/09/2021 07:48:00,2000,2000-DEC,5.65,component,lmprs,
Dec,2000,,Mideast,33.0,5.69,Producer Milk Components,AMS_3462,3462,Dairy FMMOS,DY-NA,Washington,DC,"Washington, DC",Washington,DC,FMMOS,FMMOS - non-mars,04/09/2021 07:48:00,2000,2000-DEC,5.68,component,lmprs,
Dec,2000,,Northeast,1.0,5.67,Producer Milk Components,AMS_3462,3462,Dairy FMMOS,DY-NA,Washington,DC,"Washington, DC",Washington,DC,FMMOS,FMMOS - non-mars,04/09/2021 07:48:00,2000,2000-DEC,5.67,component,lmprs,
Dec,2000,,Pacific Northwest,124.0,5.71,Producer Milk Components,AMS_3462,3462,Dairy FMMOS,DY-NA,Washington,DC,"Washington, DC",Washington,DC,FMMOS,FMMOS - non-mars,04/09/2021 07:48:00,2000,2000-DEC,5.71,component,lmprs,
Dec,2000,,Southwest,126.0,5.67,Producer Milk Components,AMS_3462,3462,Dairy FMMOS,DY-NA,Washington,DC,"Washington, DC",Washington,DC,FMMOS,FMMOS - non-mars,04/09/2021 07:48:00,2000,2000-DEC,5.66,component,lmprs,
Dec,2000,,Upper Midwest,30.0,5.70,Producer Milk Components,AMS_3462,3462,Dairy FMMOS,DY-NA,Washington,DC,"Washington, DC",Washington,DC,FMMOS,FMMOS - non-mars,04/09/2021 07:48:00,2000,2000-DEC,5.66,component,lmprs,
Dec,2000,,Western,135.0,5.75,Producer Milk Components,AMS_3462,3462,Dairy FMMOS,DY-NA,Washington,DC,"Washington, DC",Washington,DC,FMMOS,FMMOS - non-mars,04/09/2021 07:48:00,2000,2000-DEC,5.72,component,lmprs,
Dec,2001,,Western,135.0,5.71,Producer Milk Components,AMS_3462,3462,Dairy FMMOS,DY-NA,Washington,DC,"Washington, DC",Washington,DC,FMMOS,FMMOS - non-mars,04/09/2021 07:46:00,2001,2001-DEC,5.70,component,lmprs,
Dec,2001,,Upper Midwest,30.0,5.70,Producer Milk Components,AMS_3462,3462,Dairy FMMOS,DY-NA,Washington,DC,"Washington, DC",Washington,DC,FMMOS,FMMOS - non-mars,04/09/2021 07:46:00,2001,2001-DEC,5.69,component,lmprs,
Dec,2001,,Southwest,126.0,5.67,Producer Milk Components,AMS_3462,3462,Dairy FMMOS,DY-NA,Washington,DC,"Washington, DC",Washington,DC,FMMOS,FMMOS - non-mars,04/09/2021 07:46:00,2001,2001-DEC,5.68,component,lmprs,
Dec,2001,,Pacific Northwest,124.0,5.70,Producer Milk Components,AMS_3462,3462,Dairy FMMOS,DY-NA,Washington,DC,"Washington, DC",Washington,DC,FMMOS,FMMOS - non-mars,04/09/2021 07:46:00,2001,2001-DEC,5.68,component,lmprs,
Dec,2001,,Northeast,1.0,5.69,Producer Milk Components,AMS_3462,3462,Dairy FMMOS,DY-NA,Washington,DC,"Washington, DC",Washington,DC,FMMOS,FMMOS - non-mars,04/09/2021 07:46:00,2001,2001-DEC,5.67,component,lmprs,
Dec,2001,,Mideast,33.0,5.70,Producer Milk Components,AMS_3462,3462,Dairy FMMOS,DY-NA,Washington,DC,"Washington, DC",Washington,DC,FMMOS,FMMOS - non-mars,04/09/2021 07:46:00,2001,2001-DEC,5.69,component,lmprs,
Dec,2001,,Central,32.0,5.70,Producer Milk Components,AMS_3462,3462,Dairy FMMOS,DY-NA,Washington,DC,"Washington, DC",Washington,DC,FMMOS,FMMOS - non-mars,04/09/2021 07:46:00,2001,2001-DEC,5.70,component,lmprs,
Dec,2001,,All Markets Combined,,5.70,Producer Milk Components,AMS_3462,3462,Dairy FMMOS,DY-NA,Washington,DC,"Washington, DC",Washington,DC,FMMOS,FMMOS - non-mars,04/09/2021 07:46:00,2001,2001-DEC,5.69,component,lmprs,
Dec,2002,,All Markets Combined,,5.71,Producer Milk Components,AMS_3462,3462,Dairy FMMOS,DY-NA,Washington,DC,"Washington, DC",Washington,DC,FMMOS,FMMOS - non-mars,04/09/2021 07:46:00,2002,2002-DEC,5.69,component,lmprs,
Dec,2002,,Central,32.0,5.71,Producer Milk Components,AMS_3462,3462,Dairy FMMOS,DY-NA,Washington,DC,"Washington, DC",Washington,DC,FMMOS,FMMOS - non-mars,04/09/2021 07:46:00,2002,2002-DEC,5.70,component,lmprs,
Dec,2002,,Mideast,33.0,5.71,Producer Milk Components,AMS_3462,3462,Dairy FMMOS,DY-NA,Washington,DC,"Washington, DC",Washington,DC,FMMOS,FMMOS - non-mars,04/09/2021 07:46:00,2002,2002-DEC,5.70,component,lmprs,
Dec,2002,,Northeast,1.0,5.71,Producer Milk Components,AMS_3462,3462,Dairy FMMOS,DY-NA,Washington,DC,"Washington, DC",Washington,DC,FMMOS,FMMOS - non-mars,04/09/2021 07:46:00,2002,2002-DEC,5.68,component,lmprs,
Dec,2002,,Pacific Northwest,124.0,5.71,Producer Milk Components,AMS_3462,3462,Dairy FMMOS,DY-NA,Washington,DC,"Washington, DC",Washington,DC,FMMOS,FMMOS - non-mars,04/09/2021 07:46:00,2002,2002-DEC,5.69,component,lmprs,
Dec,2002,,Southwest,126.0,5.69,Producer Milk Components,AMS_3462,3462,Dairy FMMOS,DY-NA,Washington,DC,"Washington, DC",Washington,DC,FMMOS,FMMOS - non-mars,04/09/2021 07:46:00,2002,2002-DEC,5.69,component,lmprs,
Dec,2002,,Upper Midwest,30.0,5.71,Producer Milk Components,AMS_3462,3462,Dairy FMMOS,DY-NA,Washington,DC,"Washington, DC",Washington,DC,FMMOS,FMMOS - non-mars,04/09/2021 07:46:00,2002,2002-DEC,5.68,component,lmprs,
Dec,2002,,Western,135.0,5.72,Producer Milk Components,AMS_3462,3462,Dairy FMMOS,DY-NA,Washington,DC,"Washington, DC",Washington,DC,FMMOS,FMMOS - non-mars,04/09/2021 07:46:00,2002,2002-DEC,5.69,component,lmprs,
Dec,2003,,Western,135.0,5.70,Producer Milk Components,AMS_3462,3462,Dairy FMMOS,DY-NA,Washington,DC,"Washington, DC",Washington,DC,FMMOS,FMMOS - non-mars,04/09/2021 07:46:00,2003,2003-DEC,5.70,component,lmprs,
Dec,2003,,Upper Midwest,30.0,5.72,Producer Milk Components,AMS_3462,3462,Dairy FMMOS,DY-NA,Washington,DC,"Washington, DC",Washington,DC,FMMOS,FMMOS - non-mars,04/09/2021 07:46:00,2003,2003-DEC,5.70,component,lmprs,
Dec,2003,,Southwest,126.0,5.72,Producer Milk Components,AMS_3462,3462,Dairy FMMOS,DY-NA,Washington,DC,"Washington, DC",Washington,DC,FMMOS,FMMOS - non-mars,04/09/2021 07:46:00,2003,2003-DEC,5.73,component,lmprs,
Dec,2003,,Pacific Northwest,124.0,5.69,Producer Milk Components,AMS_3462,3462,Dairy FMMOS,DY-NA,Washington,DC,"Washington, DC",Washington,DC,FMMOS,FMMOS - non-mars,04/09/2021 07:46:00,2003,2003-DEC,5.67,component,lmprs,
Dec,2003,,Mideast,33.0,5.71,Producer Milk Components,AMS_3462,3462,Dairy FMMOS,DY-NA,Washington,DC,"Washington, DC",Washington,DC,FMMOS,FMMOS - non-mars,04/09/2021 07:46:00,2003,2003-DEC,5.70,component,lmprs,
Dec,2003,,Northeast,1.0,5.69,Producer Milk Components,AMS_3462,3462,Dairy FMMOS,DY-NA,Washington,DC,"Washington, DC",Washington,DC,FMMOS,FMMOS - non-mars,04/09/2021 07:46:00,2003,2003-DEC,5.68,component,lmprs,
Dec,2003,,Central,32.0,5.73,Producer Milk Components,AMS_3462,3462,Dairy FMMOS,DY-NA,Washington,DC,"Washington, DC",Washington,DC,FMMOS,FMMOS - non-mars,04/09/2021 07:46:00,2003,2003-DEC,5.73,component,lmprs,
Dec,2003,,All Markets Combined,,5.71,Producer Milk Components,AMS_3462,3462,Dairy FMMOS,DY-NA,Washington,DC,"Washington, DC",Washington,DC,FMMOS,FMMOS - non-mars,04/09/2021 07:46:00,2003,2003-DEC,5.70,component,lmprs,
Dec,2004,,All Markets Combined,,5.70,Producer Milk Components,AMS_3462,3462,Dairy FMMOS,DY-NA,Washington,DC,"Washington, DC",Washington,DC,FMMOS,FMMOS - non-mars,04/09/2021 07:44:00,2004,2004-DEC,5.68,component,lmprs,
Dec,2004,,Central,32.0,5.72,Producer Milk Components,AMS_3462,3462,Dairy FMMOS,DY-NA,Washington,DC,"Washington, DC",Washington,DC,FMMOS,FMMOS - non-mars,04/09/2021 07:44:00,2004,2004-DEC,5.70,component,lmprs,
Dec,2004,,Northeast,1.0,5.67,Producer Milk Components,AMS_3462,3462,Dairy FMMOS,DY-NA,Washington,DC,"Washington, DC",Washington,DC,FMMOS,FMMOS - non-mars,04/09/2021 07:44:00,2004,2004-DEC,5.66,component,lmprs,
Dec,2004,,Mideast,33.0,5.70,Producer Milk Components,AMS_3462,3462,Dairy FMMOS,DY-NA,Washington,DC,"Washington, DC",Washington,DC,FMMOS,FMMOS - non-mars,04/09/2021 07:44:00,2004,2004-DEC,5.68,component,lmprs,
Dec,2004,,Pacific Northwest,124.0,5.69,Producer Milk Components,AMS_3462,3462,Dairy FMMOS,DY-NA,Washington,DC,"Washington, DC",Washington,DC,FMMOS,FMMOS - non-mars,04/09/2021 07:44:00,2004,2004-DEC,5.67,component,lmprs,
Dec,2004,,Southwest,126.0,5.72,Producer Milk Components,AMS_3462,3462,Dairy FMMOS,DY-NA,Washington,DC,"Washington, DC",Washington,DC,FMMOS,FMMOS - non-mars,04/09/2021 07:44:00,2004,2004-DEC,5.70,component,lmprs,
Dec,2004,,Upper Midwest,30.0,5.70,Producer Milk Components,AMS_3462,3462,Dairy FMMOS,DY-NA,Washington,DC,"Washington, DC",Washington,DC,FMMOS,FMMOS - non-mars,04/09/2021 07:44:00,2004,2004-DEC,5.68,component,lmprs,
Dec,2004,,Western,135.0,5.70,Producer Milk Components,AMS_3462,3462,Dairy FMMOS,DY-NA,Washington,DC,"Washington, DC",Washington,DC,FMMOS,FMMOS - non-mars,04/09/2021 07:44:00,2004,2004-DEC,,component,lmprs,
Dec,2005,,Upper Midwest,30.0,5.71,Producer Milk Components,AMS_3462,3462,Dairy FMMOS,DY-NA,Washington,DC,"Washington, DC",Washington,DC,FMMOS,FMMOS - non-mars,03/30/2021 14:16:00,2005,2005-DEC,5.67,component,lmprs,
Dec,2005,,Southwest,126.0,5.72,Producer Milk Components,AMS_3462,3462,Dairy FMMOS,DY-NA,Washington,DC,"Washington, DC",Washington,DC,FMMOS,FMMOS - non-mars,03/30/2021 14:16:00,2005,2005-DEC,5.72,component,lmprs,
Dec,2005,,Pacific Northwest,124.0,5.71,Producer Milk Components,AMS_3462,3462,Dairy FMMOS,DY-NA,Washington,DC,"Washington, DC",Washington,DC,FMMOS,FMMOS - non-mars,03/30/2021 14:16:00,2005,2005-DEC,5.69,component,lmprs,
Dec,2005,,Mideast,33.0,5.71,Producer Milk Components,AMS_3462,3462,Dairy FMMOS,DY-NA,Washington,DC,"Washington, DC",Washington,DC,FMMOS,FMMOS - non-mars,03/30/2021 14:16:00,2005,2005-DEC,5.69,component,lmprs,
Dec,2005,,Northeast,1.0,5.69,Producer Milk Components,AMS_3462,3462,Dairy FMMOS,DY-NA,Washington,DC,"Washington, DC",Washington,DC,FMMOS,FMMOS - non-mars,03/30/2021 14:16:00,2005,2005-DEC,5.70,component,lmprs,
Dec,2005,,Central,32.0,5.73,Producer Milk Components,AMS_3462,3462,Dairy FMMOS,DY-NA,Washington,DC,"Washington, DC",Washington,DC,FMMOS,FMMOS - non-mars,03/30/2021 14:16:00,2005,2005-DEC,5.70,component,lmprs,
Dec,2005,,All Markets Combined,,5.71,Producer Milk Components,AMS_3462,3462,Dairy FMMOS,DY-NA,Washington,DC,"Washington, DC",Washington,DC,FMMOS,FMMOS - non-mars,03/30/2021 14:16:00,2005,2005-DEC,5.69,component,lmprs,
Dec,2006,,All Markets Combined,,5.71,Producer Milk Components,AMS_3462,3462,Dairy FMMOS,DY-NA,Washington,DC,"Washington, DC",Washington,DC,FMMOS,FMMOS - non-mars,03/30/2021 14:16:00,2006,2006-DEC,5.69,component,lmprs,
Dec,2006,,Central,32.0,5.73,Producer Milk Components,AMS_3462,3462,Dairy FMMOS,DY-NA,Washington,DC,"Washington, DC",Washington,DC,FMMOS,FMMOS - non-mars,03/30/2021 14:16:00,2006,2006-DEC,5.71,component,lmprs,
Dec,2006,,Northeast,1.0,5.70,Producer Milk Components,AMS_3462,3462,Dairy FMMOS,DY-NA,Washington,DC,"Washington, DC",Washington,DC,FMMOS,FMMOS - non-mars,03/30/2021 14:16:00,2006,2006-DEC,5.70,component,lmprs,
Dec,2006,,Mideast,33.0,5.71,Producer Milk Components,AMS_3462,3462,Dairy FMMOS,DY-NA,Washington,DC,"Washington, DC",Washington,DC,FMMOS,FMMOS - non-mars,03/30/2021 14:16:00,2006,2006-DEC,5.68,component,lmprs,
Dec,2006,,Pacific Northwest,124.0,5.70,Producer Milk Components,AMS_3462,3462,Dairy FMMOS,DY-NA,Washington,DC,"Washington, DC",Washington,DC,FMMOS,FMMOS - non-mars,03/30/2021 14:16:00,2006,2006-DEC,5.67,component,lmprs,
Dec,2006,,Southwest,126.0,5.70,Producer Milk Components,AMS_3462,3462,Dairy FMMOS,DY-NA,Washington,DC,"Washington, DC",Washington,DC,FMMOS,FMMOS - non-mars,03/30/2021 14:16:00,2006,2006-DEC,5.68,component,lmprs,
Dec,2006,,Upper Midwest,30.0,5.72,Producer Milk Components,AMS_3462,3462,Dairy FMMOS,DY-NA,Washington,DC,"Washington, DC",Washington,DC,FMMOS,FMMOS - non-mars,03/30/2021 14:16:00,2006,2006-DEC,5.70,component,lmprs,
Dec,2007,,Upper Midwest,30.0,5.71,Producer Milk Components,AMS_3462,3462,Dairy FMMOS,DY-NA,Washington,DC,"Washington, DC",Washington,DC,FMMOS,FMMOS - non-mars,03/30/2021 14:16:00,2007,2007-DEC,5.70,component,lmprs,
Dec,2007,,Southwest,126.0,5.69,Producer Milk Components,AMS_3462,3462,Dairy FMMOS,DY-NA,Washington,DC,"Washington, DC",Washington,DC,FMMOS,FMMOS - non-mars,03/30/2021 14:16:00,2007,2007-DEC,5.70,component,lmprs,
Dec,2007,,Pacific Northwest,124.0,5.71,Producer Milk Components,AMS_3462,3462,Dairy FMMOS,DY-NA,Washington,DC,"Washington, DC",Washington,DC,FMMOS,FMMOS - non-mars,03/30/2021 14:16:00,2007,2007-DEC,5.72,component,lmprs,
Dec,2007,,Mideast,33.0,5.71,Producer Milk Components,AMS_3462,3462,Dairy FMMOS,DY-NA,Washington,DC,"Washington, DC",Washington,DC,FMMOS,FMMOS - non-mars,03/30/2021 14:16:00,2007,2007-DEC,5.71,component,lmprs,
Dec,2007,,Northeast,1.0,5.71,Producer Milk Components,AMS_3462,3462,Dairy FMMOS,DY-NA,Washington,DC,"Washington, DC",Washington,DC,FMMOS,FMMOS - non-mars,03/30/2021 14:16:00,2007,2007-DEC,5.72,component,lmprs,
Dec,2007,,Central,32.0,5.71,Producer Milk Components,AMS_3462,3462,Dairy FMMOS,DY-NA,Washington,DC,"Washington, DC",Washington,DC,FMMOS,FMMOS - non-mars,03/30/2021 14:16:00,2007,2007-DEC,5.70,component,lmprs,
Dec,2007,,All Markets Combined,,5.71,Producer Milk Components,AMS_3462,3462,Dairy FMMOS,DY-NA,Washington,DC,"Washington, DC",Washington,DC,FMMOS,FMMOS - non-mars,03/30/2021 14:16:00,2007,2007-DEC,5.71,component,lmprs,
Dec,2008,,All Markets Combined,,5.71,Producer Milk Components,AMS_3462,3462,Dairy FMMOS,DY-NA,Washington,DC,"Washington, DC",Washington,DC,FMMOS,FMMOS - non-mars,03/30/2021 14:15:00,2008,2008-DEC,5.70,component,lmprs,
Dec,2008,,Central,32.0,5.72,Producer Milk Components,AMS_3462,3462,Dairy FMMOS,DY-NA,Washington,DC,"Washington, DC",Washington,DC,FMMOS,FMMOS - non-mars,03/30/2021 14:15:00,2008,2008-DEC,5.73,component,lmprs,
Dec,2008,,Northeast,1.0,5.71,Producer Milk Components,AMS_3462,3462,Dairy FMMOS,DY-NA,Washington,DC,"Washington, DC",Washington,DC,FMMOS,FMMOS - non-mars,03/30/2021 14:15:00,2008,2008-DEC,5.69,component,lmprs,
Dec,2008,,Mideast,33.0,5.70,Producer Milk Components,AMS_3462,3462,Dairy FMMOS,DY-NA,Washington,DC,"Washington, DC",Washington,DC,FMMOS,FMMOS - non-mars,03/30/2021 14:15:00,2008,2008-DEC,5.68,component,lmprs,
Dec,2008,,Pacific Northwest,124.0,5.70,Producer Milk Components,AMS_3462,3462,Dairy FMMOS,DY-NA,Washington,DC,"Washington, DC",Washington,DC,FMMOS,FMMOS - non-mars,03/30/2021 14:15:00,2008,2008-DEC,5.69,component,lmprs,
Dec,2008,,Southwest,126.0,5.73,Producer Milk Components,AMS_3462,3462,Dairy FMMOS,DY-NA,Washington,DC,"Washington, DC",Washington,DC,FMMOS,FMMOS - non-mars,03/30/2021 14:15:00,2008,2008-DEC,5.73,component,lmprs,
Dec,2008,,Upper Midwest,30.0,5.71,Producer Milk Components,AMS_3462,3462,Dairy FMMOS,DY-NA,Washington,DC,"Washington, DC",Washington,DC,FMMOS,FMMOS - non-mars,03/30/2021 14:15:00,2008,2008-DEC,5.71,component,lmprs,
Dec,2009,,Upper Midwest,30.0,5.73,Producer Milk Components,AMS_3462,3462,Dairy FMMOS,DY-NA,Washington,DC,"Washington, DC",Washington,DC,FMMOS,FMMOS - non-mars,03/30/2021 14:15:00,2009,2009-DEC,5.72,component,lmprs,
Dec,2009,,Southwest,126.0,5.74,Producer Milk Components,AMS_3462,3462,Dairy FMMOS,DY-NA,Washington,DC,"Washington, DC",Washington,DC,FMMOS,FMMOS - non-mars,03/30/2021 14:15:00,2009,2009-DEC,5.75,component,lmprs,
Dec,2009,,Pacific Northwest,124.0,5.69,Producer Milk Components,AMS_3462,3462,Dairy FMMOS,DY-NA,Washington,DC,"Washington, DC",Washington,DC,FMMOS,FMMOS - non-mars,03/30/2021 14:15:00,2009,2009-DEC,5.72,component,lmprs,
Dec,2009,,Mideast,33.0,5.69,Producer Milk Components,AMS_3462,3462,Dairy FMMOS,DY-NA,Washington,DC,"Washington, DC",Washington,DC,FMMOS,FMMOS - non-mars,03/30/2021 14:15:00,2009,2009-DEC,5.71,component,lmprs,
Dec,2009,,Northeast,1.0,5.69,Producer Milk Components,AMS_3462,3462,Dairy FMMOS,DY-NA,Washington,DC,"Washington, DC",Washington,DC,FMMOS,FMMOS - non-mars,03/30/2021 14:15:00,2009,2009-DEC,5.69,component,lmprs,
Dec,2009,,Central,32.0,5.74,Producer Milk Components,AMS_3462,3462,Dairy FMMOS,DY-NA,Washington,DC,"Washington, DC",Washington,DC,FMMOS,FMMOS - non-mars,03/30/2021 14:15:00,2009,2009-DEC,5.74,component,lmprs,
Dec,2009,,All Markets Combined,,5.71,Producer Milk Components,AMS_3462,3462,Dairy FMMOS,DY-NA,Washington,DC,"Washington, DC",Washington,DC,FMMOS,FMMOS - non-mars,03/30/2021 14:15:00,2009,2009-DEC,5.72,component,lmprs,
Dec,2010,,All Markets Combined,,5.74,Producer Milk Components,AMS_3462,3462,Dairy FMMOS,DY-NA,Washington,DC,"Washington, DC",Washington,DC,FMMOS,FMMOS - non-mars,03/30/2021 14:14:00,2010,2010-DEC,5.73,component,lmprs,
Dec,2010,,Central,32.0,5.74,Producer Milk Components,AMS_3462,3462,Dairy FMMOS,DY-NA,Washington,DC,"Washington, DC",Washington,DC,FMMOS,FMMOS - non-mars,03/30/2021 14:14:00,2010,2010-DEC,5.72,component,lmprs,
Dec,2010,,Northeast,1.0,5.72,Producer Milk Components,AMS_3462,3462,Dairy FMMOS,DY-NA,Washington,DC,"Washington, DC",Washington,DC,FMMOS,FMMOS - non-mars,03/30/2021 14:14:00,2010,2010-DEC,5.72,component,lmprs,
Dec,2010,,Mideast,33.0,5.71,Producer Milk Components,AMS_3462,3462,Dairy FMMOS,DY-NA,Washington,DC,"Washington, DC",Washington,DC,FMMOS,FMMOS - non-mars,03/30/2021 14:14:00,2010,2010-DEC,5.70,component,lmprs,
Dec,2010,,Pacific Northwest,124.0,5.71,Producer Milk Components,AMS_3462,3462,Dairy FMMOS,DY-NA,Washington,DC,"Washington, DC",Washington,DC,FMMOS,FMMOS - non-mars,03/30/2021 14:14:00,2010,2010-DEC,5.70,component,lmprs,
Dec,2010,,Southwest,126.0,5.76,Producer Milk Components,AMS_3462,3462,Dairy FMMOS,DY-NA,Washington,DC,"Washington, DC",Washington,DC,FMMOS,FMMOS - non-mars,03/30/2021 14:14:00,2010,2010-DEC,5.75,component,lmprs,
Dec,2010,,Upper Midwest,30.0,5.76,Producer Milk Components,AMS_3462,3462,Dairy FMMOS,DY-NA,Washington,DC,"Washington, DC",Washington,DC,FMMOS,FMMOS - non-mars,03/30/2021 14:14:00,2010,2010-DEC,5.75,component,lmprs,
Dec,2011,,Southwest,126.0,5.75,Producer Milk Components,AMS_3462,3462,Dairy FMMOS,DY-NA,Washington,DC,"Washington, DC",Washington,DC,FMMOS,FMMOS - non-mars,03/30/2021 14:14:00,2011,2011-DEC,5.76,component,lmprs,
Dec,2011,,Upper Midwest,30.0,5.74,Producer Milk Components,AMS_3462,3462,Dairy FMMOS,DY-NA,Washington,DC,"Washington, DC",Washington,DC,FMMOS,FMMOS - non-mars,03/30/2021 14:14:00,2011,2011-DEC,5.75,component,lmprs,
Dec,2011,,Pacific Northwest,124.0,5.73,Producer Milk Components,AMS_3462,3462,Dairy FMMOS,DY-NA,Washington,DC,"Washington, DC",Washington,DC,FMMOS,FMMOS - non-mars,03/30/2021 14:14:00,2011,2011-DEC,5.73,component,lmprs,
Dec,2011,,Northeast,1.0,5.73,Producer Milk Components,AMS_3462,3462,Dairy FMMOS,DY-NA,Washington,DC,"Washington, DC",Washington,DC,FMMOS,FMMOS - non-mars,03/30/2021 14:14:00,2011,2011-DEC,5.73,component,lmprs,
Dec,2011,,Central,32.0,5.73,Producer Milk Components,AMS_3462,3462,Dairy FMMOS,DY-NA,Washington,DC,"Washington, DC",Washington,DC,FMMOS,FMMOS - non-mars,03/30/2021 14:14:00,2011,2011-DEC,5.74,component,lmprs,
Dec,2011,,Mideast,33.0,5.71,Producer Milk Components,AMS_3462,3462,Dairy FMMOS,DY-NA,Washington,DC,"Washington, DC",Washington,DC,FMMOS,FMMOS - non-mars,03/30/2021 14:14:00,2011,2011-DEC,5.72,component,lmprs,
Dec,2011,,All Markets Combined,,5.73,Producer Milk Components,AMS_3462,3462,Dairy FMMOS,DY-NA,Washington,DC,"Washington, DC",Washington,DC,FMMOS,FMMOS - non-mars,03/30/2021 14:14:00,2011,2011-DEC,5.74,component,lmprs,
Dec,2012,,All Markets Combined,,5.75,Producer Milk Components,AMS_3462,3462,Dairy FMMOS,DY-NA,Washington,DC,"Washington, DC",Washington,DC,FMMOS,FMMOS - non-mars,03/30/2021 14:13:00,2012,2012-DEC,5.75,component,lmprs,
Dec,2012,,Mideast,33.0,5.74,Producer Milk Components,AMS_3462,3462,Dairy FMMOS,DY-NA,Washington,DC,"Washington, DC",Washington,DC,FMMOS,FMMOS - non-mars,03/30/2021 14:13:00,2012,2012-DEC,5.75,component,lmprs,
Dec,2012,,Central,32.0,5.75,Producer Milk Components,AMS_3462,3462,Dairy FMMOS,DY-NA,Washington,DC,"Washington, DC",Washington,DC,FMMOS,FMMOS - non-mars,03/30/2021 14:13:00,2012,2012-DEC,5.75,component,lmprs,
Dec,2012,,Northeast,1.0,5.75,Producer Milk Components,AMS_3462,3462,Dairy FMMOS,DY-NA,Washington,DC,"Washington, DC",Washington,DC,FMMOS,FMMOS - non-mars,03/30/2021 14:13:00,2012,2012-DEC,5.74,component,lmprs,
Dec,2012,,Pacific Northwest,124.0,5.74,Producer Milk Components,AMS_3462,3462,Dairy FMMOS,DY-NA,Washington,DC,"Washington, DC",Washington,DC,FMMOS,FMMOS - non-mars,03/30/2021 14:13:00,2012,2012-DEC,5.72,component,lmprs,
Dec,2012,,Upper Midwest,30.0,5.75,Producer Milk Components,AMS_3462,3462,Dairy FMMOS,DY-NA,Washington,DC,"Washington, DC",Washington,DC,FMMOS,FMMOS - non-mars,03/30/2021 14:13:00,2012,2012-DEC,5.74,component,lmprs,
Dec,2012,,Southwest,126.0,5.77,Producer Milk Components,AMS_3462,3462,Dairy FMMOS,DY-NA,Washington,DC,"Washington, DC",Washington,DC,FMMOS,FMMOS - non-mars,03/30/2021 14:13:00,2012,2012-DEC,5.78,component,lmprs,
Dec,2013,,Southwest,126.0,5.77,Producer Milk Components,AMS_3462,3462,Dairy FMMOS,DY-NA,Washington,DC,"Washington, DC",Washington,DC,FMMOS,FMMOS - non-mars,03/30/2021 14:13:00,2013,2013-DEC,5.77,component,lmprs,
Dec,2013,,Upper Midwest,30.0,5.74,Producer Milk Components,AMS_3462,3462,Dairy FMMOS,DY-NA,Washington,DC,"Washington, DC",Washington,DC,FMMOS,FMMOS - non-mars,03/30/2021 14:13:00,2013,2013-DEC,5.70,component,lmprs,
Dec,2013,,Pacific Northwest,124.0,5.73,Producer Milk Components,AMS_3462,3462,Dairy FMMOS,DY-NA,Washington,DC,"Washington, DC",Washington,DC,FMMOS,FMMOS - non-mars,03/30/2021 14:13:00,2013,2013-DEC,5.70,component,lmprs,
Dec,2013,,Northeast,1.0,5.73,Producer Milk Components,AMS_3462,3462,Dairy FMMOS,DY-NA,Washington,DC,"Washington, DC",Washington,DC,FMMOS,FMMOS - non-mars,03/30/2021 14:13:00,2013,2013-DEC,5.71,component,lmprs,
Dec,2013,,Central,32.0,5.75,Producer Milk Components,AMS_3462,3462,Dairy FMMOS,DY-NA,Washington,DC,"Washington, DC",Washington,DC,FMMOS,FMMOS - non-mars,03/30/2021 14:13:00,2013,2013-DEC,5.74,component,lmprs,
Dec,2013,,Mideast,33.0,5.74,Producer Milk Components,AMS_3462,3462,Dairy FMMOS,DY-NA,Washington,DC,"Washington, DC",Washington,DC,FMMOS,FMMOS - non-mars,03/30/2021 14:13:00,2013,2013-DEC,5.70,component,lmprs,
Dec,2013,,All Markets Combined,,5.74,Producer Milk Components,AMS_3462,3462,Dairy FMMOS,DY-NA,Washington,DC,"Washington, DC",Washington,DC,FMMOS,FMMOS - non-mars,03/30/2021 14:13:00,2013,2013-DEC,5.72,component,lmprs,
Dec,2014,,All Markets Combined,,5.74,Producer Milk Components,AMS_3462,3462,Dairy FMMOS,DY-NA,Washington,DC,"Washington, DC",Washington,DC,FMMOS,FMMOS - non-mars,03/30/2021 14:13:00,2014,2014-DEC,5.74,component,lmprs,
Dec,2014,,Mideast,33.0,5.72,Producer Milk Components,AMS_3462,3462,Dairy FMMOS,DY-NA,Washington,DC,"Washington, DC",Washington,DC,FMMOS,FMMOS - non-mars,03/30/2021 14:13:00,2014,2014-DEC,5.72,component,lmprs,
Dec,2014,,Central,32.0,5.74,Producer Milk Components,AMS_3462,3462,Dairy FMMOS,DY-NA,Washington,DC,"Washington, DC",Washington,DC,FMMOS,FMMOS - non-mars,03/30/2021 14:13:00,2014,2014-DEC,5.74,component,lmprs,
Dec,2014,,Northeast,1.0,5.73,Producer Milk Components,AMS_3462,3462,Dairy FMMOS,DY-NA,Washington,DC,"Washington, DC",Washington,DC,FMMOS,FMMOS - non-mars,03/30/2021 14:13:00,2014,2014-DEC,5.74,component,lmprs,
Dec,2014,,Pacific Northwest,124.0,5.72,Producer Milk Components,AMS_3462,3462,Dairy FMMOS,DY-NA,Washington,DC,"Washington, DC",Washington,DC,FMMOS,FMMOS - non-mars,03/30/2021 14:13:00,2014,2014-DEC,5.74,component,lmprs,
Dec,2014,,Upper Midwest,30.0,5.73,Producer Milk Components,AMS_3462,3462,Dairy FMMOS,DY-NA,Washington,DC,"Washington, DC",Washington,DC,FMMOS,FMMOS - non-mars,03/30/2021 14:13:00,2014,2014-DEC,5.74,component,lmprs,
Dec,2014,,Southwest,126.0,5.76,Producer Milk Components,AMS_3462,3462,Dairy FMMOS,DY-NA,Washington,DC,"Washington, DC",Washington,DC,FMMOS,FMMOS - non-mars,03/30/2021 14:13:00,2014,2014-DEC,5.76,component,lmprs,
Dec,2015,,Southwest,126.0,5.74,Producer Milk Components,AMS_3462,3462,Dairy FMMOS,DY-NA,Washington,DC,"Washington, DC",Washington,DC,FMMOS,FMMOS - non-mars,03/30/2021 14:12:00,2015,2015-DEC,5.74,component,lmprs,
Dec,2015,,Upper Midwest,30.0,5.74,Producer Milk Components,AMS_3462,3462,Dairy FMMOS,DY-NA,Washington,DC,"Washington, DC",Washington,DC,FMMOS,FMMOS - non-mars,03/30/2021 14:12:00,2015,2015-DEC,5.74,component,lmprs,
Dec,2015,,Pacific Northwest,124.0,5.73,Producer Milk Components,AMS_3462,3462,Dairy FMMOS,DY-NA,Washington,DC,"Washington, DC",Washington,DC,FMMOS,FMMOS - non-mars,03/30/2021 14:12:00,2015,2015-DEC,5.73,component,lmprs,
Dec,2015,,Northeast,1.0,5.75,Producer Milk Components,AMS_3462,3462,Dairy FMMOS,DY-NA,Washington,DC,"Washington, DC",Washington,DC,FMMOS,FMMOS - non-mars,03/30/2021 14:12:00,2015,2015-DEC,5.74,component,lmprs,
Dec,2015,,Central,32.0,5.76,Producer Milk Components,AMS_3462,3462,Dairy FMMOS,DY-NA,Washington,DC,"Washington, DC",Washington,DC,FMMOS,FMMOS - non-mars,03/30/2021 14:12:00,2015,2015-DEC,5.75,component,lmprs,
Dec,2015,,Mideast,33.0,5.74,Producer Milk Components,AMS_3462,3462,Dairy FMMOS,DY-NA,Washington,DC,"Washington, DC",Washington,DC,FMMOS,FMMOS - non-mars,03/30/2021 14:12:00,2015,2015-DEC,5.73,component,lmprs,
Dec,2015,,All Markets Combined,,5.74,Producer Milk Components,AMS_3462,3462,Dairy FMMOS,DY-NA,Washington,DC,"Washington, DC",Washington,DC,FMMOS,FMMOS - non-mars,03/30/2021 14:12:00,2015,2015-DEC,5.74,component,lmprs,
Dec,2016,,All Markets Combined,,5.75,Producer Milk Components,AMS_3462,3462,Dairy FMMOS,DY-NA,Washington,DC,"Washington, DC",Washington,DC,FMMOS,FMMOS - non-mars,03/30/2021 14:12:00,2016,2016-DEC,5.74,component,lmprs,
Dec,2016,,Mideast,33.0,5.78,Producer Milk Components,AMS_3462,3462,Dairy FMMOS,DY-NA,Washington,DC,"Washington, DC",Washington,DC,FMMOS,FMMOS - non-mars,03/30/2021 14:12:00,2016,2016-DEC,5.76,component,lmprs,
Dec,2016,,Central,32.0,5.76,Producer Milk Components,AMS_3462,3462,Dairy FMMOS,DY-NA,Washington,DC,"Washington, DC",Washington,DC,FMMOS,FMMOS - non-mars,03/30/2021 14:12:00,2016,2016-DEC,5.75,component,lmprs,
Dec,2016,,Northeast,1.0,5.74,Producer Milk Components,AMS_3462,3462,Dairy FMMOS,DY-NA,Washington,DC,"Washington, DC",Washington,DC,FMMOS,FMMOS - non-mars,03/30/2021 14:12:00,2016,2016-DEC,5.75,component,lmprs,
Dec,2016,,Pacific Northwest,124.0,5.73,Producer Milk Components,AMS_3462,3462,Dairy FMMOS,DY-NA,Washington,DC,"Washington, DC",Washington,DC,FMMOS,FMMOS - non-mars,03/30/2021 14:12:00,2016,2016-DEC,5.73,component,lmprs,
Dec,2016,,Upper Midwest,30.0,5.74,Producer Milk Components,AMS_3462,3462,Dairy FMMOS,DY-NA,Washington,DC,"Washington, DC",Washington,DC,FMMOS,FMMOS - non-mars,03/30/2021 14:12:00,2016,2016-DEC,5.72,component,lmprs,
Dec,2016,,Southwest,126.0,5.74,Producer Milk Components,AMS_3462,3462,Dairy FMMOS,DY-NA,Washington,DC,"Washington, DC",Washington,DC,FMMOS,FMMOS - non-mars,03/30/2021 14:12:00,2016,2016-DEC,5.74,component,lmprs,
Dec,2017,,Southwest,126.0,5.74,Producer Milk Components,AMS_3462,3462,Dairy FMMOS,DY-NA,Washington,DC,"Washington, DC",Washington,DC,FMMOS,FMMOS - non-mars,03/30/2021 14:11:00,2017,2017-DEC,5.72,component,lmprs,
Dec,2017,,Upper Midwest,30.0,5.76,Producer Milk Components,AMS_3462,3462,Dairy FMMOS,DY-NA,Washington,DC,"Washington, DC",Washington,DC,FMMOS,FMMOS - non-mars,03/30/2021 14:11:00,2017,2017-DEC,5.74,component,lmprs,
Dec,2017,,Pacific Northwest,124.0,5.74,Producer Milk Components,AMS_3462,3462,Dairy FMMOS,DY-NA,Washington,DC,"Washington, DC",Washington,DC,FMMOS,FMMOS - non-mars,03/30/2021 14:11:00,2017,2017-DEC,5.77,component,lmprs,
Dec,2017,,Northeast,1.0,5.75,Producer Milk Components,AMS_3462,3462,Dairy FMMOS,DY-NA,Washington,DC,"Washington, DC",Washington,DC,FMMOS,FMMOS - non-mars,03/30/2021 14:11:00,2017,2017-DEC,5.74,component,lmprs,
Dec,2017,,Central,32.0,5.75,Producer Milk Components,AMS_3462,3462,Dairy FMMOS,DY-NA,Washington,DC,"Washington, DC",Washington,DC,FMMOS,FMMOS - non-mars,03/30/2021 14:11:00,2017,2017-DEC,5.75,component,lmprs,
Dec,2017,,Mideast,33.0,5.75,Producer Milk Components,AMS_3462,3462,Dairy FMMOS,DY-NA,Washington,DC,"Washington, DC",Washington,DC,FMMOS,FMMOS - non-mars,03/30/2021 14:11:00,2017,2017-DEC,5.75,component,lmprs,
Dec,2017,,All Markets Combined,,5.75,Producer Milk Components,AMS_3462,3462,Dairy FMMOS,DY-NA,Washington,DC,"Washington, DC",Washington,DC,FMMOS,FMMOS - non-mars,03/30/2021 14:11:00,2017,2017-DEC,5.74,component,lmprs,
Dec,2018,,All Markets Combined,,5.76,Producer Milk Components,AMS_3462,3462,Dairy FMMOS,DY-NA,Washington,DC,"Washington, DC",Washington,DC,FMMOS,FMMOS - non-mars,03/30/2021 14:09:00,2018,2018-DEC,5.75,component,lmprs,
Dec,2018,,California,51.0,5.73,Producer Milk Components,AMS_3462,3462,Dairy FMMOS,DY-NA,Washington,DC,"Washington, DC",Washington,DC,FMMOS,FMMOS - non-mars,03/30/2021 14:09:00,2018,2018-DEC,5.73,component,lmprs,
Dec,2018,,Mideast,33.0,5.77,Producer Milk Components,AMS_3462,3462,Dairy FMMOS,DY-NA,Washington,DC,"Washington, DC",Washington,DC,FMMOS,FMMOS - non-mars,03/30/2021 14:09:00,2018,2018-DEC,5.75,component,lmprs,
Dec,2018,,Central,32.0,5.77,Producer Milk Components,AMS_3462,3462,Dairy FMMOS,DY-NA,Washington,DC,"Washington, DC",Washington,DC,FMMOS,FMMOS - non-mars,03/30/2021 14:09:00,2018,2018-DEC,5.76,component,lmprs,
Dec,2018,,Northeast,1.0,5.75,Producer Milk Components,AMS_3462,3462,Dairy FMMOS,DY-NA,Washington,DC,"Washington, DC",Washington,DC,FMMOS,FMMOS - non-mars,03/30/2021 14:09:00,2018,2018-DEC,5.73,component,lmprs,
Dec,2018,,Pacific Northwest,124.0,5.75,Producer Milk Components,AMS_3462,3462,Dairy FMMOS,DY-NA,Washington,DC,"Washington, DC",Washington,DC,FMMOS,FMMOS - non-mars,03/30/2021 14:09:00,2018,2018-DEC,5.73,component,lmprs,
Dec,2018,,Upper Midwest,30.0,5.77,Producer Milk Components,AMS_3462,3462,Dairy FMMOS,DY-NA,Washington,DC,"Washington, DC",Washington,DC,FMMOS,FMMOS - non-mars,03/30/2021 14:09:00,2018,2018-DEC,5.76,component,lmprs,
Dec,2018,,Southwest,126.0,5.76,Producer Milk Components,AMS_3462,3462,Dairy FMMOS,DY-NA,Washington,DC,"Washington, DC",Washington,DC,FMMOS,FMMOS - non-mars,03/30/2021 14:09:00,2018,2018-DEC,5.75,component,lmprs,
Dec,2019,,Upper Midwest,30.0,5.77,Producer Milk Components,AMS_3462,3462,Dairy FMMOS,DY-NA,Washington,DC,"Washington, DC",Washington,DC,FMMOS,FMMOS - non-mars,03/30/2021 14:09:00,2019,2019-DEC,5.74,component,lmprs,
Dec,2019,,Pacific Northwest,124.0,5.76,Producer Milk Components,AMS_3462,3462,Dairy FMMOS,DY-NA,Washington,DC,"Washington, DC",Washington,DC,FMMOS,FMMOS - non-mars,03/30/2021 14:09:00,2019,2019-DEC,5.75,component,lmprs,
Dec,2019,,Southwest,126.0,5.77,Producer Milk Components,AMS_3462,3462,Dairy FMMOS,DY-NA,Washington,DC,"Washington, DC",Washington,DC,FMMOS,FMMOS - non-mars,03/30/2021 14:09:00,2019,2019-DEC,5.77,component,lmprs,
Dec,2019,,Northeast,1.0,5.75,Producer Milk Components,AMS_3462,3462,Dairy FMMOS,DY-NA,Washington,DC,"Washington, DC",Washington,DC,FMMOS,FMMOS - non-mars,03/30/2021 14:09:00,2019,2019-DEC,5.77,component,lmprs,
Dec,2019,,Mideast,33.0,5.76,Producer Milk Components,AMS_3462,3462,Dairy FMMOS,DY-NA,Washington,DC,"Washington, DC",Washington,DC,FMMOS,FMMOS - non-mars,03/30/2021 14:09:00,2019,2019-DEC,5.76,component,lmprs,
Dec,2019,,California,51.0,5.75,Producer Milk Components,AMS_3462,3462,Dairy FMMOS,DY-NA,Washington,DC,"Washington, DC",Washington,DC,FMMOS,FMMOS - non-mars,03/30/2021 14:09:00,2019,2019-DEC,5.74,component,lmprs,
Dec,2019,,Central,32.0,5.78,Producer Milk Components,AMS_3462,3462,Dairy FMMOS,DY-NA,Washington,DC,"Washington, DC",Washington,DC,FMMOS,FMMOS - non-mars,03/30/2021 14:09:00,2019,2019-DEC,5.78,component,lmprs,
Dec,2019,,All Markets Combined,,5.76,Producer Milk Components,AMS_3462,3462,Dairy FMMOS,DY-NA,Washington,DC,"Washington, DC",Washington,DC,FMMOS,FMMOS - non-mars,03/30/2021 14:09:00,2019,2019-DEC,5.76,component,lmprs,
Dec,2020,,All Markets Combined,,5.77,Producer Milk Components,AMS_3462,3462,Dairy FMMOS,DY-NA,Washington,DC,"Washington, DC",Washington,DC,FMMOS,FMMOS - non-mars,02/23/2021 09:39:00,2020,2020-DEC,5.76,component,lmprs,
Dec,2020,,Central,32.0,5.79,Producer Milk Components,AMS_3462,3462,Dairy FMMOS,DY-NA,Washington,DC,"Washington, DC",Washington,DC,FMMOS,FMMOS - non-mars,02/23/2021 09:39:00,2020,2020-DEC,5.79,component,lmprs,
Dec,2020,,California,51.0,5.75,Producer Milk Components,AMS_3462,3462,Dairy FMMOS,DY-NA,Washington,DC,"Washington, DC",Washington,DC,FMMOS,FMMOS - non-mars,02/23/2021 09:39:00,2020,2020-DEC,5.74,component,lmprs,
Dec,2020,,Mideast,33.0,5.78,Producer Milk Components,AMS_3462,3462,Dairy FMMOS,DY-NA,Washington,DC,"Washington, DC",Washington,DC,FMMOS,FMMOS - non-mars,02/23/2021 09:39:00,2020,2020-DEC,5.77,component,lmprs,
Dec,2020,,Northeast,1.0,5.77,Producer Milk Components,AMS_3462,3462,Dairy FMMOS,DY-NA,Washington,DC,"Washington, DC",Washington,DC,FMMOS,FMMOS - non-mars,02/23/2021 09:39:00,2020,2020-DEC,5.75,component,lmprs,
Dec,2020,,Southwest,126.0,5.78,Producer Milk Components,AMS_3462,3462,Dairy FMMOS,DY-NA,Washington,DC,"Washington, DC",Washington,DC,FMMOS,FMMOS - non-mars,02/23/2021 09:39:00,2020,2020-DEC,5.78,component,lmprs,
Dec,2020,,Pacific Northwest,124.0,5.77,Producer Milk Components,AMS_3462,3462,Dairy FMMOS,DY-NA,Washington,DC,"Washington, DC",Washington,DC,FMMOS,FMMOS - non-mars,02/23/2021 09:39:00,2020,2020-DEC,5.76,component,lmprs,
Dec,2020,,Upper Midwest,30.0,5.77,Producer Milk Components,AMS_3462,3462,Dairy FMMOS,DY-NA,Washington,DC,"Washington, DC",Washington,DC,FMMOS,FMMOS - non-mars,02/23/2021 09:39:00,2020,2020-DEC,5.77,component,lmprs,
Dec,2021,,Southwest,126.0,5.78,Producer Milk Components,AMS_3462,3462,Dairy FMMOS,DY-NA,Washington,DC,"Washington, DC",Washington,DC,FMMOS,FMMOS - non-mars,01/31/2022 07:17:00,2021,2021-DEC,5.77,component,lmprs,
Dec,2021,,Upper Midwest,30.0,5.80,Producer Milk Components,AMS_3462,3462,Dairy FMMOS,DY-NA,Washington,DC,"Washington, DC",Washington,DC,FMMOS,FMMOS - non-mars,01/31/2022 07:17:00,2021,2021-DEC,5.79,component,lmprs,
Dec,2021,,Northeast,1.0,5.77,Producer Milk Components,AMS_3462,3462,Dairy FMMOS,DY-NA,Washington,DC,"Washington, DC",Washington,DC,FMMOS,FMMOS - non-mars,01/31/2022 07:17:00,2021,2021-DEC,5.76,component,lmprs,
Dec,2021,,Pacific Northwest,124.0,5.77,Producer Milk Components,AMS_3462,3462,Dairy FMMOS,DY-NA,Washington,DC,"Washington, DC",Washington,DC,FMMOS,FMMOS - non-mars,01/31/2022 07:17:00,2021,2021-DEC,5.76,component,lmprs,
Dec,2021,,Mideast,33.0,5.77,Producer Milk Components,AMS_3462,3462,Dairy FMMOS,DY-NA,Washington,DC,"Washington, DC",Washington,DC,FMMOS,FMMOS - non-mars,01/31/2022 07:17:00,2021,2021-DEC,5.77,component,lmprs,
Dec,2021,,Central,32.0,5.78,Producer Milk Components,AMS_3462,3462,Dairy FMMOS,DY-NA,Washington,DC,"Washington, DC",Washington,DC,FMMOS,FMMOS - non-mars,01/31/2022 07:17:00,2021,2021-DEC,5.77,component,lmprs,
Dec,2021,,California,51.0,5.75,Producer Milk Components,AMS_3462,3462,Dairy FMMOS,DY-NA,Washington,DC,"Washington, DC",Washington,DC,FMMOS,FMMOS - non-mars,01/31/2022 07:17:00,2021,2021-DEC,5.74,component,lmprs,
Dec,2021,,All Markets Combined,,5.77,Producer Milk Components,AMS_3462,3462,Dairy FMMOS,DY-NA,Washington,DC,"Washington, DC",Washington,DC,FMMOS,FMMOS - non-mars,01/31/2022 07:17:00,2021,2021-DEC,5.77,component,lmprs,
Dec,2022,,All Markets Combined,,5.78,Producer Milk Components,AMS_3462,3462,Dairy FMMOS,DY-NA,Washington,DC,"Washington, DC",Washington,DC,FMMOS,FMMOS - non-mars,01/30/2023 07:36:00,2022,2022-DEC,5.76,component,lmprs,
Dec,2022,,California,51.0,5.75,Producer Milk Components,AMS_3462,3462,Dairy FMMOS,DY-NA,Washington,DC,"Washington, DC",Washington,DC,FMMOS,FMMOS - non-mars,01/30/2023 07:36:00,2022,2022-DEC,5.75,component,lmprs,
Dec,2022,,Central,32.0,5.79,Producer Milk Components,AMS_3462,3462,Dairy FMMOS,DY-NA,Washington,DC,"Washington, DC",Washington,DC,FMMOS,FMMOS - non-mars,01/30/2023 07:36:00,2022,2022-DEC,5.77,component,lmprs,
Dec,2022,,Mideast,33.0,5.78,Producer Milk Components,AMS_3462,3462,Dairy FMMOS,DY-NA,Washington,DC,"Washington, DC",Washington,DC,FMMOS,FMMOS - non-mars,01/30/2023 07:36:00,2022,2022-DEC,5.77,component,lmprs,
Dec,2022,,Pacific Northwest,124.0,5.78,Producer Milk Components,AMS_3462,3462,Dairy FMMOS,DY-NA,Washington,DC,"Washington, DC",Washington,DC,FMMOS,FMMOS - non-mars,01/30/2023 07:36:00,2022,2022-DEC,5.77,component,lmprs,
Dec,2022,,Northeast,1.0,5.78,Producer Milk Components,AMS_3462,3462,Dairy FMMOS,DY-NA,Washington,DC,"Washington, DC",Washington,DC,FMMOS,FMMOS - non-mars,01/30/2023 07:36:00,2022,2022-DEC,5.74,component,lmprs,
Dec,2022,,Upper Midwest,30.0,5.79,Producer Milk Components,AMS_3462,3462,Dairy FMMOS,DY-NA,Washington,DC,"Washington, DC",Washington,DC,FMMOS,FMMOS - non-mars,01/30/2023 07:36:00,2022,2022-DEC,5.77,component,lmprs,
Dec,2022,,Southwest,126.0,5.79,Producer Milk Components,AMS_3462,3462,Dairy FMMOS,DY-NA,Washington,DC,"Washington, DC",Washington,DC,FMMOS,FMMOS - non-mars,01/30/2023 07:36:00,2022,2022-DEC,5.78,component,lmprs,
Dec,2023,,Southwest,126.0,5.79,Producer Milk Components,AMS_3462,3462,Dairy FMMOS,DY-NA,Washington,DC,"Washington, DC",Washington,DC,FMMOS,FMMOS - non-mars,01/30/2024 09:42:00,2023,2023-DEC,5.79,component,lmprs,
Dec,2023,,Upper Midwest,30.0,5.78,Producer Milk Components,AMS_3462,3462,Dairy FMMOS,DY-NA,Washington,DC,"Washington, DC",Washington,DC,FMMOS,FMMOS - non-mars,01/30/2024 09:42:00,2023,2023-DEC,5.77,component,lmprs,
Dec,2023,,Northeast,1.0,5.77,Producer Milk Components,AMS_3462,3462,Dairy FMMOS,DY-NA,Washington,DC,"Washington, DC",Washington,DC,FMMOS,FMMOS - non-mars,01/30/2024 09:42:00,2023,2023-DEC,5.77,component,lmprs,
Dec,2023,,Pacific Northwest,124.0,5.78,Producer Milk Components,AMS_3462,3462,Dairy FMMOS,DY-NA,Washington,DC,"Washington, DC",Washington,DC,FMMOS,FMMOS - non-mars,01/30/2024 09:42:00,2023,2023-DEC,5.77,component,lmprs,
Dec,2023,,Mideast,33.0,5.79,Producer Milk Components,AMS_3462,3462,Dairy FMMOS,DY-NA,Washington,DC,"Washington, DC",Washington,DC,FMMOS,FMMOS - non-mars,01/30/2024 09:42:00,2023,2023-DEC,5.78,component,lmprs,
Dec,2023,,Central,32.0,5.79,Producer Milk Components,AMS_3462,3462,Dairy FMMOS,DY-NA,Washington,DC,"Washington, DC",Washington,DC,FMMOS,FMMOS - non-mars,01/30/2024 09:42:00,2023,2023-DEC,5.79,component,lmprs,
Dec,2023,,California,51.0,5.75,Producer Milk Components,AMS_3462,3462,Dairy FMMOS,DY-NA,Washington,DC,"Washington, DC",Washington,DC,FMMOS,FMMOS - non-mars,01/30/2024 09:42:00,2023,2023-DEC,5.75,component,lmprs,
Dec,2023,,All Markets Combined,,5.78,Producer Milk Components,AMS_3462,3462,Dairy FMMOS,DY-NA,Washington,DC,"Washington, DC",Washington,DC,FMMOS,FMMOS - non-mars,01/30/2024 09:42:00,2023,2023-DEC,5.77,component,lmprs,
Dec,2024,,All Markets Combined,,5.78,Producer Milk Components,AMS_3462,3462,Dairy FMMOS,DY-NA,Washington,DC,"Washington, DC",Washington,DC,FMMOS,FMMOS - non-mars,01/23/2025 09:07:00,2024,2024-DEC,5.79,component,lmprs,
Dec,2024,,California,51.0,5.77,Producer Milk Components,AMS_3462,3462,Dairy FMMOS,DY-NA,Washington,DC,"Washington, DC",Washington,DC,FMMOS,FMMOS - non-mars,01/23/2025 09:07:00,2024,2024-DEC,5.77,component,lmprs,
Dec,2024,,Central,32.0,5.80,Producer Milk Components,AMS_3462,3462,Dairy FMMOS,DY-NA,Washington,DC,"Washington, DC",Washington,DC,FMMOS,FMMOS - non-mars,01/23/2025 09:07:00,2024,2024-DEC,5.80,component,lmprs,
Dec,2024,,Mideast,33.0,5.77,Producer Milk Components,AMS_3462,3462,Dairy FMMOS,DY-NA,Washington,DC,"Washington, DC",Washington,DC,FMMOS,FMMOS - non-mars,01/23/2025 09:07:00,2024,2024-DEC,5.78,component,lmprs,
Dec,2024,,Pacific Northwest,124.0,5.78,Producer Milk Components,AMS_3462,3462,Dairy FMMOS,DY-NA,Washington,DC,"Washington, DC",Washington,DC,FMMOS,FMMOS - non-mars,01/23/2025 09:07:00,2024,2024-DEC,5.80,component,lmprs,
Dec,2024,,Northeast,1.0,5.78,Producer Milk Components,AMS_3462,3462,Dairy FMMOS,DY-NA,Washington,DC,"Washington, DC",Washington,DC,FMMOS,FMMOS - non-mars,01/23/2025 09:07:00,2024,2024-DEC,5.79,component,lmprs,
Dec,2024,,Upper Midwest,30.0,5.79,Producer Milk Components,AMS_3462,3462,Dairy FMMOS,DY-NA,Washington,DC,"Washington, DC",Washington,DC,FMMOS,FMMOS - non-mars,01/23/2025 09:07:00,2024,2024-DEC,5.79,component,lmprs,
Dec,2024,,Southwest,126.0,5.80,Producer Milk Components,AMS_3462,3462,Dairy FMMOS,DY-NA,Washington,DC,"Washington, DC",Washington,DC,FMMOS,FMMOS - non-mars,01/23/2025 09:07:00,2024,2024-DEC,5.80,component,lmprs,
Dec,2025,,Southwest,126.0,5.78,Producer Milk Components,AMS_3462,3462,Dairy FMMOS,DY-NA,Washington,DC,"Washington, DC",Washington,DC,FMMOS,FMMOS - non-mars,01/21/2026 11:39:00,2025,2025-DEC,5.74,component,lmprs,
Dec,2025,,Upper Midwest,30.0,5.79,Producer Milk Components,AMS_3462,3462,Dairy FMMOS,DY-NA,Washington,DC,"Washington, DC",Washington,DC,FMMOS,FMMOS - non-mars,01/21/2026 11:39:00,2025,2025-DEC,5.78,component,lmprs,
Dec,2025,,Northeast,1.0,5.78,Producer Milk Components,AMS_3462,3462,Dairy FMMOS,DY-NA,Washington,DC,"Washington, DC",Washington,DC,FMMOS,FMMOS - non-mars,01/21/2026 11:39:00,2025,2025-DEC,5.76,component,lmprs,
Dec,2025,,Pacific Northwest,124.0,5.78,Producer Milk Components,AMS_3462,3462,Dairy FMMOS,DY-NA,Washington,DC,"Washington, DC",Washington,DC,FMMOS,FMMOS - non-mars,01/21/2026 11:39:00,2025,2025-DEC,5.75,component,lmprs,
Dec,2025,,Mideast,33.0,5.78,Producer Milk Components,AMS_3462,3462,Dairy FMMOS,DY-NA,Washington,DC,"Washington, DC",Washington,DC,FMMOS,FMMOS - non-mars,01/21/2026 11:39:00,2025,2025-DEC,5.77,component,lmprs,
Dec,2025,,Central,32.0,5.80,Producer Milk Components,AMS_3462,3462,Dairy FMMOS,DY-NA,Washington,DC,"Washington, DC",Washington,DC,FMMOS,FMMOS - non-mars,01/21/2026 11:39:00,2025,2025-DEC,5.79,component,lmprs,
Dec,2025,,California,51.0,5.78,Producer Milk Components,AMS_3462,3462,Dairy FMMOS,DY-NA,Washington,DC,"Washington, DC",Washington,DC,FMMOS,FMMOS - non-mars,01/21/2026 11:39:00,2025,2025-DEC,5.76,component,lmprs,
Dec,2025,,All Markets Combined,,5.78,Producer Milk Components,AMS_3462,3462,Dairy FMMOS,DY-NA,Washington,DC,"Washington, DC",Washington,DC,FMMOS,FMMOS - non-mars,01/21/2026 11:39:00,2025,2025-DEC,5.77,component,lmprs,
Mar,2026,,All Markets Combined,,5.77,Producer Milk Components,AMS_3462,3462,Dairy FMMOS,DY-NA,Washington,DC,"Washington, DC",Washington,DC,FMMOS,FMMOS - non-mars,04/21/2026 05:48:00,2026,2026-DEC,,component,lmprs,
Mar,2026,,California,51.0,5.76,Producer Milk Components,AMS_3462,3462,Dairy FMMOS,DY-NA,Washington,DC,"Washington, DC",Washington,DC,FMMOS,FMMOS - non-mars,04/21/2026 05:48:00,2026,2026-DEC,,component,lmprs,
Mar,2026,,Central,32.0,5.79,Producer Milk Components,AMS_3462,3462,Dairy FMMOS,DY-NA,Washington,DC,"Washington, DC",Washington,DC,FMMOS,FMMOS - non-mars,04/21/2026 05:48:00,2026,2026-DEC,,component,lmprs,
Mar,2026,,Mideast,33.0,5.78,Producer Milk Components,AMS_3462,3462,Dairy FMMOS,DY-NA,Washington,DC,"Washington, DC",Washington,DC,FMMOS,FMMOS - non-mars,04/21/2026 05:48:00,2026,2026-DEC,,component,lmprs,
Mar,2026,,Pacific Northwest,124.0,5.76,Producer Milk Components,AMS_3462,3462,Dairy FMMOS,DY-NA,Washington,DC,"Washington, DC",Washington,DC,FMMOS,FMMOS - non-mars,04/21/2026 05:48:00,2026,2026-DEC,,component,lmprs,
Mar,2026,,Northeast,1.0,5.76,Producer Milk Components,AMS_3462,3462,Dairy FMMOS,DY-NA,Washington,DC,"Washington, DC",Washington,DC,FMMOS,FMMOS - non-mars,04/21/2026 05:48:00,2026,2026-DEC,,component,lmprs,
Mar,2026,,Upper Midwest,30.0,5.78,Producer Milk Components,AMS_3462,3462,Dairy FMMOS,DY-NA,Washington,DC,"Washington, DC",Washington,DC,FMMOS,FMMOS - non-mars,04/21/2026 05:48:00,2026,2026-DEC,,component,lmprs,
Mar,2026,,Southwest,126.0,5.77,Producer Milk Components,AMS_3462,3462,Dairy FMMOS,DY-NA,Washington,DC,"Washington, DC",Washington,DC,FMMOS,FMMOS - non-mars,04/21/2026 05:48:00,2026,2026-DEC,,component,lmprs,
